case_id,customer_id,action,recovered,recovered_amount,attempts
CASE_000001,UNSEEN_CUST_00468,retry,False,0.0,1
CASE_000002,UNSEEN_CUST_00049,retry,True,1420.47,1
CASE_000003,UNSEEN_CUST_01721,retry,True,38691.76,1
CASE_000004,UNSEEN_CUST_00688,retry,False,0.0,1
CASE_000005,UNSEEN_CUST_01108,retry,False,0.0,1
CASE_000006,UNSEEN_CUST_00948,retry,False,0.0,1
CASE_000007,UNSEEN_CUST_01000,retry,True,30960.84,1
CASE_000008,UNSEEN_CUST_00278,retry,False,0.0,1
CASE_000009,UNSEEN_CUST_00667,retry,True,79286.56,1
CASE_000010,UNSEEN_CUST_00539,retry,True,12025.11,1
CASE_000011,UNSEEN_CUST_00722,retry,False,0.0,1
CASE_000012,UNSEEN_CUST_01747,retry,False,0.0,1
CASE_000013,UNSEEN_CUST_00289,retry,False,0.0,1
CASE_000014,UNSEEN_CUST_01788,retry,False,0.0,1
CASE_000015,UNSEEN_CUST_00044,retry,True,38614.79,1
CASE_000016,UNSEEN_CUST_01695,retry,False,0.0,1
CASE_000017,UNSEEN_CUST_00300,retry,False,0.0,1
CASE_000018,UNSEEN_CUST_01742,retry,True,19350.02,1
CASE_000019,UNSEEN_CUST_00310,retry,False,0.0,1
CASE_000020,UNSEEN_CUST_01921,retry,False,0.0,1
CASE_000021,UNSEEN_CUST_01565,retry,True,3320.57,1
CASE_000022,UNSEEN_CUST_00646,retry,False,0.0,1
CASE_000023,UNSEEN_CUST_00296,retry,True,14255.45,1
CASE_000024,UNSEEN_CUST_00294,retry,True,28434.15,1
CASE_000025,UNSEEN_CUST_00937,retry,True,14447.0,1
CASE_000026,UNSEEN_CUST_01516,retry,False,0.0,1
CASE_000027,UNSEEN_CUST_01025,retry,False,0.0,1
CASE_000028,UNSEEN_CUST_01431,retry,False,0.0,1
CASE_000029,UNSEEN_CUST_01039,retry,True,11049.12,1
CASE_000030,UNSEEN_CUST_00219,retry,True,24457.56,1
CASE_000031,UNSEEN_CUST_01431,retry,False,0.0,1
CASE_000032,UNSEEN_CUST_00300,retry,True,5627.65,1
CASE_000033,UNSEEN_CUST_00454,retry,False,0.0,1
CASE_000034,UNSEEN_CUST_01029,retry,False,0.0,1
CASE_000035,UNSEEN_CUST_00941,retry,True,33025.51,1
CASE_000036,UNSEEN_CUST_01055,retry,False,0.0,1
CASE_000037,UNSEEN_CUST_00813,retry,True,15129.89,1
CASE_000038,UNSEEN_CUST_00647,retry,False,0.0,1
CASE_000039,UNSEEN_CUST_00908,retry,False,0.0,1
CASE_000040,UNSEEN_CUST_00413,retry,True,48376.96,1
CASE_000041,UNSEEN_CUST_01137,retry,False,0.0,1
CASE_000042,UNSEEN_CUST_00928,retry,False,0.0,1
CASE_000043,UNSEEN_CUST_01951,retry,False,0.0,1
CASE_000044,UNSEEN_CUST_00185,retry,True,29678.3,1
CASE_000045,UNSEEN_CUST_00993,retry,False,0.0,1
CASE_000046,UNSEEN_CUST_00581,retry,True,8015.78,1
CASE_000047,UNSEEN_CUST_00963,retry,False,0.0,1
CASE_000048,UNSEEN_CUST_01884,retry,False,0.0,1
CASE_000049,UNSEEN_CUST_01340,retry,True,12491.06,1
CASE_000050,UNSEEN_CUST_01418,retry,False,0.0,1
CASE_000051,UNSEEN_CUST_00977,retry,True,13861.29,1
CASE_000052,UNSEEN_CUST_01654,retry,False,0.0,1
CASE_000053,UNSEEN_CUST_01787,retry,False,0.0,1
CASE_000054,UNSEEN_CUST_01093,retry,False,0.0,1
CASE_000055,UNSEEN_CUST_00390,retry,False,0.0,1
CASE_000056,UNSEEN_CUST_00832,retry,False,0.0,1
CASE_000057,UNSEEN_CUST_00577,retry,True,5593.76,1
CASE_000058,UNSEEN_CUST_01029,retry,True,31970.28,1
CASE_000059,UNSEEN_CUST_00096,retry,True,16523.99,1
CASE_000060,UNSEEN_CUST_00342,retry,True,7296.72,1
CASE_000061,UNSEEN_CUST_01725,retry,False,0.0,1
CASE_000062,UNSEEN_CUST_00402,retry,False,0.0,1
CASE_000063,UNSEEN_CUST_01023,retry,False,0.0,1
CASE_000064,UNSEEN_CUST_00122,retry,False,0.0,1
CASE_000065,UNSEEN_CUST_01194,retry,False,0.0,1
CASE_000066,UNSEEN_CUST_01359,retry,False,0.0,1
CASE_000067,UNSEEN_CUST_01143,retry,True,47906.72,1
CASE_000068,UNSEEN_CUST_00492,retry,False,0.0,1
CASE_000069,UNSEEN_CUST_01342,retry,True,5854.75,1
CASE_000070,UNSEEN_CUST_00342,retry,False,0.0,1
CASE_000071,UNSEEN_CUST_00084,retry,False,0.0,1
CASE_000072,UNSEEN_CUST_00163,retry,False,0.0,1
CASE_000073,UNSEEN_CUST_00690,retry,False,0.0,1
CASE_000074,UNSEEN_CUST_00914,retry,True,87671.29,1
CASE_000075,UNSEEN_CUST_01447,retry,False,0.0,1
CASE_000076,UNSEEN_CUST_01028,retry,True,16650.47,1
CASE_000077,UNSEEN_CUST_00556,retry,False,0.0,1
CASE_000078,UNSEEN_CUST_00349,retry,False,0.0,1
CASE_000079,UNSEEN_CUST_00078,retry,True,18215.72,1
CASE_000080,UNSEEN_CUST_01241,retry,False,0.0,1
CASE_000081,UNSEEN_CUST_00212,retry,False,0.0,1
CASE_000082,UNSEEN_CUST_00228,retry,True,2526.88,1
CASE_000083,UNSEEN_CUST_01933,retry,False,0.0,1
CASE_000084,UNSEEN_CUST_01052,retry,True,30448.96,1
CASE_000085,UNSEEN_CUST_00198,retry,False,0.0,1
CASE_000086,UNSEEN_CUST_01583,retry,False,0.0,1
CASE_000087,UNSEEN_CUST_00603,retry,False,0.0,1
CASE_000088,UNSEEN_CUST_00025,retry,False,0.0,1
CASE_000089,UNSEEN_CUST_01664,retry,False,0.0,1
CASE_000090,UNSEEN_CUST_00351,retry,False,0.0,1
CASE_000091,UNSEEN_CUST_01084,retry,True,37061.78,1
CASE_000092,UNSEEN_CUST_00575,retry,True,3740.64,1
CASE_000093,UNSEEN_CUST_01850,retry,False,0.0,1
CASE_000094,UNSEEN_CUST_01010,retry,True,32450.61,1
CASE_000095,UNSEEN_CUST_00055,retry,False,0.0,1
CASE_000096,UNSEEN_CUST_01872,retry,False,0.0,1
CASE_000097,UNSEEN_CUST_00683,retry,True,858.15,1
CASE_000098,UNSEEN_CUST_01759,retry,True,14093.98,1
CASE_000099,UNSEEN_CUST_00676,retry,True,49823.04,1
CASE_000100,UNSEEN_CUST_00751,retry,False,0.0,1
CASE_000101,UNSEEN_CUST_01099,retry,True,35509.4,1
CASE_000102,UNSEEN_CUST_01666,retry,True,3739.51,1
CASE_000103,UNSEEN_CUST_01343,retry,True,42516.73,1
CASE_000104,UNSEEN_CUST_00608,retry,False,0.0,1
CASE_000105,UNSEEN_CUST_01140,retry,False,0.0,1
CASE_000106,UNSEEN_CUST_01919,retry,True,48680.57,1
CASE_000107,UNSEEN_CUST_00833,retry,True,40620.4,1
CASE_000108,UNSEEN_CUST_01952,retry,False,0.0,1
CASE_000109,UNSEEN_CUST_01284,retry,False,0.0,1
CASE_000110,UNSEEN_CUST_00521,retry,True,19790.09,1
CASE_000111,UNSEEN_CUST_00636,retry,False,0.0,1
CASE_000112,UNSEEN_CUST_00021,retry,False,0.0,1
CASE_000113,UNSEEN_CUST_01983,retry,False,0.0,1
CASE_000114,UNSEEN_CUST_00659,retry,True,20190.5,1
CASE_000115,UNSEEN_CUST_01798,retry,True,10972.66,1
CASE_000116,UNSEEN_CUST_00011,retry,False,0.0,1
CASE_000117,UNSEEN_CUST_01616,retry,False,0.0,1
CASE_000118,UNSEEN_CUST_00256,retry,False,0.0,1
CASE_000119,UNSEEN_CUST_00996,retry,True,6197.37,1
CASE_000120,UNSEEN_CUST_01616,retry,False,0.0,1
CASE_000121,UNSEEN_CUST_00973,retry,False,0.0,1
CASE_000122,UNSEEN_CUST_01635,retry,False,0.0,1
CASE_000123,UNSEEN_CUST_01080,retry,True,33421.96,1
CASE_000124,UNSEEN_CUST_00666,retry,False,0.0,1
CASE_000125,UNSEEN_CUST_00151,retry,True,43669.43,1
CASE_000126,UNSEEN_CUST_01527,retry,False,0.0,1
CASE_000127,UNSEEN_CUST_01966,retry,True,16514.79,1
CASE_000128,UNSEEN_CUST_01320,retry,True,13629.93,1
CASE_000129,UNSEEN_CUST_00892,retry,False,0.0,1
CASE_000130,UNSEEN_CUST_00144,retry,False,0.0,1
CASE_000131,UNSEEN_CUST_01693,retry,False,0.0,1
CASE_000132,UNSEEN_CUST_00577,retry,False,0.0,1
CASE_000133,UNSEEN_CUST_01175,retry,False,0.0,1
CASE_000134,UNSEEN_CUST_00990,retry,False,0.0,1
CASE_000135,UNSEEN_CUST_01044,retry,False,0.0,1
CASE_000136,UNSEEN_CUST_01234,retry,True,19946.97,1
CASE_000137,UNSEEN_CUST_00102,retry,True,6230.58,1
CASE_000138,UNSEEN_CUST_00892,retry,True,1893.39,1
CASE_000139,UNSEEN_CUST_00614,retry,False,0.0,1
CASE_000140,UNSEEN_CUST_00486,retry,True,42830.99,1
CASE_000141,UNSEEN_CUST_00725,retry,False,0.0,1
CASE_000142,UNSEEN_CUST_00903,retry,True,54444.82,1
CASE_000143,UNSEEN_CUST_00075,retry,False,0.0,1
CASE_000144,UNSEEN_CUST_01963,retry,True,13984.24,1
CASE_000145,UNSEEN_CUST_01448,retry,True,9538.04,1
CASE_000146,UNSEEN_CUST_01683,retry,False,0.0,1
CASE_000147,UNSEEN_CUST_01754,retry,False,0.0,1
CASE_000148,UNSEEN_CUST_00253,retry,True,21872.29,1
CASE_000149,UNSEEN_CUST_00179,retry,True,11521.67,1
CASE_000150,UNSEEN_CUST_01716,retry,False,0.0,1
CASE_000151,UNSEEN_CUST_01856,retry,True,14824.9,1
CASE_000152,UNSEEN_CUST_00239,retry,True,4987.42,1
CASE_000153,UNSEEN_CUST_00356,retry,False,0.0,1
CASE_000154,UNSEEN_CUST_00968,retry,False,0.0,1
CASE_000155,UNSEEN_CUST_00543,retry,False,0.0,1
CASE_000156,UNSEEN_CUST_01484,retry,True,49397.63,1
CASE_000157,UNSEEN_CUST_01900,retry,False,0.0,1
CASE_000158,UNSEEN_CUST_00375,retry,False,0.0,1
CASE_000159,UNSEEN_CUST_00484,retry,False,0.0,1
CASE_000160,UNSEEN_CUST_00334,retry,False,0.0,1
CASE_000161,UNSEEN_CUST_01493,retry,True,17307.39,1
CASE_000162,UNSEEN_CUST_00149,retry,False,0.0,1
CASE_000163,UNSEEN_CUST_01518,retry,False,0.0,1
CASE_000164,UNSEEN_CUST_00090,retry,False,0.0,1
CASE_000165,UNSEEN_CUST_00480,retry,False,0.0,1
CASE_000166,UNSEEN_CUST_01648,retry,False,0.0,1
CASE_000167,UNSEEN_CUST_00398,retry,True,46126.29,1
CASE_000168,UNSEEN_CUST_01603,retry,False,0.0,1
CASE_000169,UNSEEN_CUST_00939,retry,False,0.0,1
CASE_000170,UNSEEN_CUST_00941,retry,False,0.0,1
CASE_000171,UNSEEN_CUST_01784,retry,False,0.0,1
CASE_000172,UNSEEN_CUST_00838,retry,True,4133.45,1
CASE_000173,UNSEEN_CUST_00074,retry,True,4223.95,1
CASE_000174,UNSEEN_CUST_00556,retry,True,9359.3,1
CASE_000175,UNSEEN_CUST_00471,retry,False,0.0,1
CASE_000176,UNSEEN_CUST_00311,retry,False,0.0,1
CASE_000177,UNSEEN_CUST_00486,retry,False,0.0,1
CASE_000178,UNSEEN_CUST_01125,retry,False,0.0,1
CASE_000179,UNSEEN_CUST_01446,retry,True,42980.65,1
CASE_000180,UNSEEN_CUST_01906,retry,False,0.0,1
CASE_000181,UNSEEN_CUST_00526,retry,False,0.0,1
CASE_000182,UNSEEN_CUST_00004,retry,True,40534.39,1
CASE_000183,UNSEEN_CUST_00402,retry,True,43992.16,1
CASE_000184,UNSEEN_CUST_01047,retry,False,0.0,1
CASE_000185,UNSEEN_CUST_00568,retry,True,16018.4,1
CASE_000186,UNSEEN_CUST_00011,retry,True,1728.8,1
CASE_000187,UNSEEN_CUST_01621,retry,True,4723.81,1
CASE_000188,UNSEEN_CUST_01454,retry,True,46505.82,1
CASE_000189,UNSEEN_CUST_01784,retry,False,0.0,1
CASE_000190,UNSEEN_CUST_01836,retry,False,0.0,1
CASE_000191,UNSEEN_CUST_00355,retry,True,9329.76,1
CASE_000192,UNSEEN_CUST_01955,retry,True,12978.43,1
CASE_000193,UNSEEN_CUST_01590,retry,True,19958.48,1
CASE_000194,UNSEEN_CUST_00742,retry,False,0.0,1
CASE_000195,UNSEEN_CUST_01942,retry,False,0.0,1
CASE_000196,UNSEEN_CUST_01169,retry,False,0.0,1
CASE_000197,UNSEEN_CUST_01427,retry,True,1868.85,1
CASE_000198,UNSEEN_CUST_01316,retry,False,0.0,1
CASE_000199,UNSEEN_CUST_01866,retry,False,0.0,1
CASE_000200,UNSEEN_CUST_00400,retry,True,35596.74,1
CASE_000201,UNSEEN_CUST_00905,retry,False,0.0,1
CASE_000202,UNSEEN_CUST_00070,retry,False,0.0,1
CASE_000203,UNSEEN_CUST_01728,retry,False,0.0,1
CASE_000204,UNSEEN_CUST_00034,retry,False,0.0,1
CASE_000205,UNSEEN_CUST_00513,retry,False,0.0,1
CASE_000206,UNSEEN_CUST_00180,retry,False,0.0,1
CASE_000207,UNSEEN_CUST_00300,retry,False,0.0,1
CASE_000208,UNSEEN_CUST_01564,retry,False,0.0,1
CASE_000209,UNSEEN_CUST_01433,retry,False,0.0,1
CASE_000210,UNSEEN_CUST_00507,retry,False,0.0,1
CASE_000211,UNSEEN_CUST_01510,retry,True,36630.47,1
CASE_000212,UNSEEN_CUST_01470,retry,True,14893.94,1
CASE_000213,UNSEEN_CUST_00633,retry,False,0.0,1
CASE_000214,UNSEEN_CUST_01133,retry,True,6973.12,1
CASE_000215,UNSEEN_CUST_01462,retry,False,0.0,1
CASE_000216,UNSEEN_CUST_01273,retry,False,0.0,1
CASE_000217,UNSEEN_CUST_01399,retry,False,0.0,1
CASE_000218,UNSEEN_CUST_00943,retry,True,6344.03,1
CASE_000219,UNSEEN_CUST_01831,retry,True,89807.01,1
CASE_000220,UNSEEN_CUST_00556,retry,True,2293.3,1
CASE_000221,UNSEEN_CUST_01055,retry,True,17794.32,1
CASE_000222,UNSEEN_CUST_00818,retry,True,24064.36,1
CASE_000223,UNSEEN_CUST_01838,retry,True,27754.03,1
CASE_000224,UNSEEN_CUST_01943,retry,True,19379.57,1
CASE_000225,UNSEEN_CUST_00653,retry,False,0.0,1
CASE_000226,UNSEEN_CUST_00813,retry,False,0.0,1
CASE_000227,UNSEEN_CUST_00506,retry,True,9672.35,1
CASE_000228,UNSEEN_CUST_00340,retry,True,45109.76,1
CASE_000229,UNSEEN_CUST_01155,retry,False,0.0,1
CASE_000230,UNSEEN_CUST_00364,retry,False,0.0,1
CASE_000231,UNSEEN_CUST_00120,retry,False,0.0,1
CASE_000232,UNSEEN_CUST_00809,retry,True,22550.75,1
CASE_000233,UNSEEN_CUST_00539,retry,False,0.0,1
CASE_000234,UNSEEN_CUST_00151,retry,True,41459.33,1
CASE_000235,UNSEEN_CUST_00183,retry,False,0.0,1
CASE_000236,UNSEEN_CUST_00753,retry,True,1553.67,1
CASE_000237,UNSEEN_CUST_01935,retry,False,0.0,1
CASE_000238,UNSEEN_CUST_01987,retry,True,100738.62,1
CASE_000239,UNSEEN_CUST_00179,retry,True,45594.73,1
CASE_000240,UNSEEN_CUST_01840,retry,False,0.0,1
CASE_000241,UNSEEN_CUST_00624,retry,False,0.0,1
CASE_000242,UNSEEN_CUST_00016,retry,False,0.0,1
CASE_000243,UNSEEN_CUST_00748,retry,False,0.0,1
CASE_000244,UNSEEN_CUST_00457,retry,False,0.0,1
CASE_000245,UNSEEN_CUST_01376,retry,False,0.0,1
CASE_000246,UNSEEN_CUST_01433,retry,True,8184.92,1
CASE_000247,UNSEEN_CUST_01780,retry,False,0.0,1
CASE_000248,UNSEEN_CUST_01857,retry,False,0.0,1
CASE_000249,UNSEEN_CUST_00856,retry,False,0.0,1
CASE_000250,UNSEEN_CUST_01724,retry,False,0.0,1
CASE_000251,UNSEEN_CUST_01943,retry,True,14726.94,1
CASE_000252,UNSEEN_CUST_01761,retry,False,0.0,1
CASE_000253,UNSEEN_CUST_00089,retry,False,0.0,1
CASE_000254,UNSEEN_CUST_01319,retry,False,0.0,1
CASE_000255,UNSEEN_CUST_01215,retry,True,7306.05,1
CASE_000256,UNSEEN_CUST_00485,retry,False,0.0,1
CASE_000257,UNSEEN_CUST_00601,retry,True,34595.21,1
CASE_000258,UNSEEN_CUST_00813,retry,True,3360.81,1
CASE_000259,UNSEEN_CUST_00654,retry,False,0.0,1
CASE_000260,UNSEEN_CUST_01389,retry,False,0.0,1
CASE_000261,UNSEEN_CUST_00845,retry,False,0.0,1
CASE_000262,UNSEEN_CUST_00518,retry,False,0.0,1
CASE_000263,UNSEEN_CUST_01194,retry,True,44260.21,1
CASE_000264,UNSEEN_CUST_01389,retry,False,0.0,1
CASE_000265,UNSEEN_CUST_00471,retry,False,0.0,1
CASE_000266,UNSEEN_CUST_01515,retry,True,19683.03,1
CASE_000267,UNSEEN_CUST_01047,retry,False,0.0,1
CASE_000268,UNSEEN_CUST_01430,retry,True,7748.65,1
CASE_000269,UNSEEN_CUST_00851,retry,False,0.0,1
CASE_000270,UNSEEN_CUST_00219,retry,True,4262.57,1
CASE_000271,UNSEEN_CUST_00473,retry,False,0.0,1
CASE_000272,UNSEEN_CUST_00748,retry,True,29098.76,1
CASE_000273,UNSEEN_CUST_00612,retry,False,0.0,1
CASE_000274,UNSEEN_CUST_00464,retry,True,27011.77,1
CASE_000275,UNSEEN_CUST_01559,retry,True,6611.67,1
CASE_000276,UNSEEN_CUST_01720,retry,False,0.0,1
CASE_000277,UNSEEN_CUST_00374,retry,False,0.0,1
CASE_000278,UNSEEN_CUST_00399,retry,False,0.0,1
CASE_000279,UNSEEN_CUST_00536,retry,False,0.0,1
CASE_000280,UNSEEN_CUST_00496,retry,False,0.0,1
CASE_000281,UNSEEN_CUST_01931,retry,True,50097.04,1
CASE_000282,UNSEEN_CUST_00660,retry,False,0.0,1
CASE_000283,UNSEEN_CUST_00670,retry,True,22716.42,1
CASE_000284,UNSEEN_CUST_01952,retry,False,0.0,1
CASE_000285,UNSEEN_CUST_00162,retry,False,0.0,1
CASE_000286,UNSEEN_CUST_01339,retry,True,49150.95,1
CASE_000287,UNSEEN_CUST_01048,retry,True,7701.76,1
CASE_000288,UNSEEN_CUST_01265,retry,False,0.0,1
CASE_000289,UNSEEN_CUST_01677,retry,True,34652.38,1
CASE_000290,UNSEEN_CUST_00611,retry,True,26122.75,1
CASE_000291,UNSEEN_CUST_00078,retry,False,0.0,1
CASE_000292,UNSEEN_CUST_00891,retry,False,0.0,1
CASE_000293,UNSEEN_CUST_00540,retry,False,0.0,1
CASE_000294,UNSEEN_CUST_01264,retry,True,7028.8,1
CASE_000295,UNSEEN_CUST_01211,retry,False,0.0,1
CASE_000296,UNSEEN_CUST_00856,retry,False,0.0,1
CASE_000297,UNSEEN_CUST_01217,retry,False,0.0,1
CASE_000298,UNSEEN_CUST_01819,retry,False,0.0,1
CASE_000299,UNSEEN_CUST_00866,retry,False,0.0,1
CASE_000300,UNSEEN_CUST_00377,retry,False,0.0,1
CASE_000301,UNSEEN_CUST_00112,retry,False,0.0,1
CASE_000302,UNSEEN_CUST_01570,retry,False,0.0,1
CASE_000303,UNSEEN_CUST_01315,retry,True,34702.16,1
CASE_000304,UNSEEN_CUST_00698,retry,False,0.0,1
CASE_000305,UNSEEN_CUST_01684,retry,False,0.0,1
CASE_000306,UNSEEN_CUST_00463,retry,False,0.0,1
CASE_000307,UNSEEN_CUST_00004,retry,True,50551.3,1
CASE_000308,UNSEEN_CUST_01093,retry,False,0.0,1
CASE_000309,UNSEEN_CUST_01893,retry,False,0.0,1
CASE_000310,UNSEEN_CUST_00455,retry,True,3150.63,1
CASE_000311,UNSEEN_CUST_01346,retry,False,0.0,1
CASE_000312,UNSEEN_CUST_00894,retry,False,0.0,1
CASE_000313,UNSEEN_CUST_00901,retry,True,12090.64,1
CASE_000314,UNSEEN_CUST_00462,retry,True,24760.09,1
CASE_000315,UNSEEN_CUST_00766,retry,False,0.0,1
CASE_000316,UNSEEN_CUST_00408,retry,True,83221.29,1
CASE_000317,UNSEEN_CUST_01447,retry,False,0.0,1
CASE_000318,UNSEEN_CUST_00236,retry,False,0.0,1
CASE_000319,UNSEEN_CUST_00991,retry,True,25487.99,1
CASE_000320,UNSEEN_CUST_01148,retry,False,0.0,1
CASE_000321,UNSEEN_CUST_01566,retry,True,47604.9,1
CASE_000322,UNSEEN_CUST_00092,retry,True,15982.92,1
CASE_000323,UNSEEN_CUST_01486,retry,True,19222.9,1
CASE_000324,UNSEEN_CUST_01388,retry,False,0.0,1
CASE_000325,UNSEEN_CUST_01947,retry,False,0.0,1
CASE_000326,UNSEEN_CUST_01901,retry,False,0.0,1
CASE_000327,UNSEEN_CUST_01033,retry,False,0.0,1
CASE_000328,UNSEEN_CUST_00390,retry,False,0.0,1
CASE_000329,UNSEEN_CUST_01549,retry,False,0.0,1
CASE_000330,UNSEEN_CUST_00786,retry,False,0.0,1
CASE_000331,UNSEEN_CUST_00189,retry,True,43569.23,1
CASE_000332,UNSEEN_CUST_01310,retry,False,0.0,1
CASE_000333,UNSEEN_CUST_00067,retry,True,8684.62,1
CASE_000334,UNSEEN_CUST_00803,retry,True,35653.79,1
CASE_000335,UNSEEN_CUST_00385,retry,True,100721.16,1
CASE_000336,UNSEEN_CUST_00610,retry,True,30005.19,1
CASE_000337,UNSEEN_CUST_01537,retry,True,14617.05,1
CASE_000338,UNSEEN_CUST_00417,retry,True,17608.88,1
CASE_000339,UNSEEN_CUST_00199,retry,True,19228.63,1
CASE_000340,UNSEEN_CUST_01801,retry,True,23143.34,1
CASE_000341,UNSEEN_CUST_01427,retry,False,0.0,1
CASE_000342,UNSEEN_CUST_01936,retry,False,0.0,1
CASE_000343,UNSEEN_CUST_01317,retry,False,0.0,1
CASE_000344,UNSEEN_CUST_01825,retry,True,5371.45,1
CASE_000345,UNSEEN_CUST_00060,retry,False,0.0,1
CASE_000346,UNSEEN_CUST_01646,retry,False,0.0,1
CASE_000347,UNSEEN_CUST_00184,retry,False,0.0,1
CASE_000348,UNSEEN_CUST_01501,retry,False,0.0,1
CASE_000349,UNSEEN_CUST_01068,retry,False,0.0,1
CASE_000350,UNSEEN_CUST_01629,retry,True,15685.56,1
CASE_000351,UNSEEN_CUST_00199,retry,False,0.0,1
CASE_000352,UNSEEN_CUST_01969,retry,True,24940.14,1
CASE_000353,UNSEEN_CUST_00242,retry,True,22040.57,1
CASE_000354,UNSEEN_CUST_00576,retry,False,0.0,1
CASE_000355,UNSEEN_CUST_00699,retry,False,0.0,1
CASE_000356,UNSEEN_CUST_01812,retry,True,17458.64,1
CASE_000357,UNSEEN_CUST_00910,retry,False,0.0,1
CASE_000358,UNSEEN_CUST_01074,retry,False,0.0,1
CASE_000359,UNSEEN_CUST_00419,retry,True,23042.27,1
CASE_000360,UNSEEN_CUST_01417,retry,False,0.0,1
CASE_000361,UNSEEN_CUST_01603,retry,False,0.0,1
CASE_000362,UNSEEN_CUST_01803,retry,False,0.0,1
CASE_000363,UNSEEN_CUST_01242,retry,True,41905.91,1
CASE_000364,UNSEEN_CUST_00442,retry,False,0.0,1
CASE_000365,UNSEEN_CUST_01777,retry,True,47355.21,1
CASE_000366,UNSEEN_CUST_01473,retry,False,0.0,1
CASE_000367,UNSEEN_CUST_01511,retry,True,41365.5,1
CASE_000368,UNSEEN_CUST_00868,retry,True,17493.94,1
CASE_000369,UNSEEN_CUST_00083,retry,False,0.0,1
CASE_000370,UNSEEN_CUST_01832,retry,True,10871.93,1
CASE_000371,UNSEEN_CUST_00551,retry,False,0.0,1
CASE_000372,UNSEEN_CUST_01484,retry,False,0.0,1
CASE_000373,UNSEEN_CUST_01722,retry,False,0.0,1
CASE_000374,UNSEEN_CUST_00819,retry,False,0.0,1
CASE_000375,UNSEEN_CUST_00449,retry,False,0.0,1
CASE_000376,UNSEEN_CUST_00137,retry,True,49250.46,1
CASE_000377,UNSEEN_CUST_01303,retry,False,0.0,1
CASE_000378,UNSEEN_CUST_01424,retry,False,0.0,1
CASE_000379,UNSEEN_CUST_00498,retry,False,0.0,1
CASE_000380,UNSEEN_CUST_00529,retry,True,5185.76,1
CASE_000381,UNSEEN_CUST_01751,retry,True,5837.07,1
CASE_000382,UNSEEN_CUST_01120,retry,True,9312.97,1
CASE_000383,UNSEEN_CUST_00728,retry,True,16481.93,1
CASE_000384,UNSEEN_CUST_01927,retry,False,0.0,1
CASE_000385,UNSEEN_CUST_01705,retry,False,0.0,1
CASE_000386,UNSEEN_CUST_01768,retry,False,0.0,1
CASE_000387,UNSEEN_CUST_00739,retry,False,0.0,1
CASE_000388,UNSEEN_CUST_00934,retry,True,30654.04,1
CASE_000389,UNSEEN_CUST_01271,retry,False,0.0,1
CASE_000390,UNSEEN_CUST_01281,retry,False,0.0,1
CASE_000391,UNSEEN_CUST_01215,retry,False,0.0,1
CASE_000392,UNSEEN_CUST_01686,retry,False,0.0,1
CASE_000393,UNSEEN_CUST_01686,retry,False,0.0,1
CASE_000394,UNSEEN_CUST_00846,retry,False,0.0,1
CASE_000395,UNSEEN_CUST_00951,retry,True,21654.08,1
CASE_000396,UNSEEN_CUST_01900,retry,True,11741.98,1
CASE_000397,UNSEEN_CUST_01538,retry,True,10856.6,1
CASE_000398,UNSEEN_CUST_01473,retry,False,0.0,1
CASE_000399,UNSEEN_CUST_00535,retry,True,22971.32,1
CASE_000400,UNSEEN_CUST_01290,retry,False,0.0,1
CASE_000401,UNSEEN_CUST_00949,retry,True,19035.43,1
CASE_000402,UNSEEN_CUST_00109,retry,True,22503.95,1
CASE_000403,UNSEEN_CUST_01496,retry,False,0.0,1
CASE_000404,UNSEEN_CUST_01727,retry,True,15934.56,1
CASE_000405,UNSEEN_CUST_01467,retry,False,0.0,1
CASE_000406,UNSEEN_CUST_01534,retry,False,0.0,1
CASE_000407,UNSEEN_CUST_00025,retry,False,0.0,1
CASE_000408,UNSEEN_CUST_00963,retry,True,2417.65,1
CASE_000409,UNSEEN_CUST_00942,retry,True,23323.39,1
CASE_000410,UNSEEN_CUST_01124,retry,True,11979.45,1
CASE_000411,UNSEEN_CUST_01374,retry,False,0.0,1
CASE_000412,UNSEEN_CUST_00394,retry,True,23204.06,1
CASE_000413,UNSEEN_CUST_01221,retry,False,0.0,1
CASE_000414,UNSEEN_CUST_01953,retry,False,0.0,1
CASE_000415,UNSEEN_CUST_00563,retry,False,0.0,1
CASE_000416,UNSEEN_CUST_00633,retry,False,0.0,1
CASE_000417,UNSEEN_CUST_01812,retry,True,25979.78,1
CASE_000418,UNSEEN_CUST_00869,retry,False,0.0,1
CASE_000419,UNSEEN_CUST_00979,retry,False,0.0,1
CASE_000420,UNSEEN_CUST_00609,retry,True,10341.34,1
CASE_000421,UNSEEN_CUST_01448,retry,True,20172.73,1
CASE_000422,UNSEEN_CUST_00221,retry,True,94933.38,1
CASE_000423,UNSEEN_CUST_00555,retry,True,13670.37,1
CASE_000424,UNSEEN_CUST_00491,retry,False,0.0,1
CASE_000425,UNSEEN_CUST_00601,retry,True,47699.5,1
CASE_000426,UNSEEN_CUST_00864,retry,True,48733.29,1
CASE_000427,UNSEEN_CUST_01589,retry,True,46208.68,1
CASE_000428,UNSEEN_CUST_00175,retry,True,43534.16,1
CASE_000429,UNSEEN_CUST_00472,retry,True,35048.44,1
CASE_000430,UNSEEN_CUST_01627,retry,True,37730.22,1
CASE_000431,UNSEEN_CUST_01766,retry,False,0.0,1
CASE_000432,UNSEEN_CUST_01637,retry,True,4949.87,1
CASE_000433,UNSEEN_CUST_01071,retry,False,0.0,1
CASE_000434,UNSEEN_CUST_00175,retry,True,8046.87,1
CASE_000435,UNSEEN_CUST_01101,retry,False,0.0,1
CASE_000436,UNSEEN_CUST_01216,retry,False,0.0,1
CASE_000437,UNSEEN_CUST_01970,retry,False,0.0,1
CASE_000438,UNSEEN_CUST_00738,retry,False,0.0,1
CASE_000439,UNSEEN_CUST_01338,retry,False,0.0,1
CASE_000440,UNSEEN_CUST_00058,retry,True,33302.69,1
CASE_000441,UNSEEN_CUST_01644,retry,False,0.0,1
CASE_000442,UNSEEN_CUST_01766,retry,False,0.0,1
CASE_000443,UNSEEN_CUST_01321,retry,True,47529.88,1
CASE_000444,UNSEEN_CUST_00667,retry,True,13433.03,1
CASE_000445,UNSEEN_CUST_00942,retry,False,0.0,1
CASE_000446,UNSEEN_CUST_01445,retry,True,9162.51,1
CASE_000447,UNSEEN_CUST_01032,retry,True,18340.81,1
CASE_000448,UNSEEN_CUST_01036,retry,False,0.0,1
CASE_000449,UNSEEN_CUST_00836,retry,True,7455.88,1
CASE_000450,UNSEEN_CUST_01016,retry,False,0.0,1
CASE_000451,UNSEEN_CUST_00749,retry,False,0.0,1
CASE_000452,UNSEEN_CUST_00205,retry,True,17480.01,1
CASE_000453,UNSEEN_CUST_01582,retry,True,55073.72,1
CASE_000454,UNSEEN_CUST_01832,retry,False,0.0,1
CASE_000455,UNSEEN_CUST_01503,retry,False,0.0,1
CASE_000456,UNSEEN_CUST_00532,retry,True,84539.24,1
CASE_000457,UNSEEN_CUST_01512,retry,False,0.0,1
CASE_000458,UNSEEN_CUST_01404,retry,False,0.0,1
CASE_000459,UNSEEN_CUST_00068,retry,False,0.0,1
CASE_000460,UNSEEN_CUST_01098,retry,False,0.0,1
CASE_000461,UNSEEN_CUST_00226,retry,False,0.0,1
CASE_000462,UNSEEN_CUST_01859,retry,True,45709.77,1
CASE_000463,UNSEEN_CUST_00959,retry,False,0.0,1
CASE_000464,UNSEEN_CUST_01715,retry,False,0.0,1
CASE_000465,UNSEEN_CUST_00358,retry,False,0.0,1
CASE_000466,UNSEEN_CUST_01204,retry,False,0.0,1
CASE_000467,UNSEEN_CUST_01900,retry,False,0.0,1
CASE_000468,UNSEEN_CUST_01934,retry,True,33630.42,1
CASE_000469,UNSEEN_CUST_01964,retry,False,0.0,1
CASE_000470,UNSEEN_CUST_00851,retry,False,0.0,1
CASE_000471,UNSEEN_CUST_01974,retry,False,0.0,1
CASE_000472,UNSEEN_CUST_00232,retry,False,0.0,1
CASE_000473,UNSEEN_CUST_01512,retry,False,0.0,1
CASE_000474,UNSEEN_CUST_00369,retry,False,0.0,1
CASE_000475,UNSEEN_CUST_00255,retry,True,14164.43,1
CASE_000476,UNSEEN_CUST_00199,retry,True,19347.72,1
CASE_000477,UNSEEN_CUST_01222,retry,True,20096.91,1
CASE_000478,UNSEEN_CUST_01329,retry,True,27887.46,1
CASE_000479,UNSEEN_CUST_00797,retry,False,0.0,1
CASE_000480,UNSEEN_CUST_00430,retry,True,24544.03,1
CASE_000481,UNSEEN_CUST_00318,retry,False,0.0,1
CASE_000482,UNSEEN_CUST_01347,retry,True,6876.4,1
CASE_000483,UNSEEN_CUST_01077,retry,True,23891.56,1
CASE_000484,UNSEEN_CUST_01707,retry,False,0.0,1
CASE_000485,UNSEEN_CUST_00511,retry,False,0.0,1
CASE_000486,UNSEEN_CUST_01244,retry,False,0.0,1
CASE_000487,UNSEEN_CUST_00811,retry,True,12580.32,1
CASE_000488,UNSEEN_CUST_01244,retry,False,0.0,1
CASE_000489,UNSEEN_CUST_01396,retry,False,0.0,1
CASE_000490,UNSEEN_CUST_01811,retry,False,0.0,1
CASE_000491,UNSEEN_CUST_00683,retry,False,0.0,1
CASE_000492,UNSEEN_CUST_01585,retry,True,56902.5,1
CASE_000493,UNSEEN_CUST_01394,retry,False,0.0,1
CASE_000494,UNSEEN_CUST_01920,retry,False,0.0,1
CASE_000495,UNSEEN_CUST_01749,retry,False,0.0,1
CASE_000496,UNSEEN_CUST_00523,retry,True,98519.17,1
CASE_000497,UNSEEN_CUST_01561,retry,True,24905.0,1
CASE_000498,UNSEEN_CUST_00522,retry,False,0.0,1
CASE_000499,UNSEEN_CUST_00313,retry,True,45726.32,1
CASE_000500,UNSEEN_CUST_00083,retry,True,12424.7,1
CASE_000501,UNSEEN_CUST_00226,retry,False,0.0,1
CASE_000502,UNSEEN_CUST_01953,retry,True,47513.88,1
CASE_000503,UNSEEN_CUST_00925,retry,True,11637.78,1
CASE_000504,UNSEEN_CUST_01508,retry,False,0.0,1
CASE_000505,UNSEEN_CUST_01304,retry,True,42828.83,1
CASE_000506,UNSEEN_CUST_01763,retry,False,0.0,1
CASE_000507,UNSEEN_CUST_01971,retry,False,0.0,1
CASE_000508,UNSEEN_CUST_00002,retry,False,0.0,1
CASE_000509,UNSEEN_CUST_00002,retry,False,0.0,1
CASE_000510,UNSEEN_CUST_00003,retry,True,71204.62,1
CASE_000511,UNSEEN_CUST_00005,retry,False,0.0,1
CASE_000512,UNSEEN_CUST_00006,retry,True,149803.52,1
CASE_000513,UNSEEN_CUST_00006,retry,False,0.0,1
CASE_000514,UNSEEN_CUST_00006,retry,False,0.0,1
CASE_000515,UNSEEN_CUST_00007,retry,False,0.0,1
CASE_000516,UNSEEN_CUST_00008,retry,False,0.0,1
CASE_000517,UNSEEN_CUST_00009,retry,False,0.0,1
CASE_000518,UNSEEN_CUST_00010,retry,False,0.0,1
CASE_000519,UNSEEN_CUST_00011,retry,True,7097.7,1
CASE_000520,UNSEEN_CUST_00011,retry,True,1660.46,1
CASE_000521,UNSEEN_CUST_00012,retry,False,0.0,1
CASE_000522,UNSEEN_CUST_00012,retry,False,0.0,1
CASE_000523,UNSEEN_CUST_00012,retry,True,4103.13,1
CASE_000524,UNSEEN_CUST_00014,retry,False,0.0,1
CASE_000525,UNSEEN_CUST_00014,retry,False,0.0,1
CASE_000526,UNSEEN_CUST_00015,retry,True,98278.93,1
CASE_000527,UNSEEN_CUST_00016,retry,False,0.0,1
CASE_000528,UNSEEN_CUST_00016,retry,True,6112.34,1
CASE_000529,UNSEEN_CUST_00017,retry,False,0.0,1
CASE_000530,UNSEEN_CUST_00019,retry,False,0.0,1
CASE_000531,UNSEEN_CUST_00019,retry,False,0.0,1
CASE_000532,UNSEEN_CUST_00020,retry,False,0.0,1
CASE_000533,UNSEEN_CUST_00020,retry,False,0.0,1
CASE_000534,UNSEEN_CUST_00020,retry,True,3875.46,1
CASE_000535,UNSEEN_CUST_00021,retry,True,6456.98,1
CASE_000536,UNSEEN_CUST_00022,retry,True,3932.57,1
CASE_000537,UNSEEN_CUST_00022,retry,False,0.0,1
CASE_000538,UNSEEN_CUST_00023,retry,False,0.0,1
CASE_000539,UNSEEN_CUST_00023,retry,False,0.0,1
CASE_000540,UNSEEN_CUST_00024,retry,True,48233.16,1
CASE_000541,UNSEEN_CUST_00025,retry,True,17831.83,1
CASE_000542,UNSEEN_CUST_00025,retry,False,0.0,1
CASE_000543,UNSEEN_CUST_00027,retry,False,0.0,1
CASE_000544,UNSEEN_CUST_00027,retry,False,0.0,1
CASE_000545,UNSEEN_CUST_00028,retry,False,0.0,1
CASE_000546,UNSEEN_CUST_00028,retry,False,0.0,1
CASE_000547,UNSEEN_CUST_00029,retry,False,0.0,1
CASE_000548,UNSEEN_CUST_00030,retry,True,18353.55,1
CASE_000549,UNSEEN_CUST_00031,retry,False,0.0,1
CASE_000550,UNSEEN_CUST_00032,retry,False,0.0,1
CASE_000551,UNSEEN_CUST_00034,retry,True,9347.23,1
CASE_000552,UNSEEN_CUST_00035,retry,False,0.0,1
CASE_000553,UNSEEN_CUST_00035,retry,True,27890.55,1
CASE_000554,UNSEEN_CUST_00036,retry,False,0.0,1
CASE_000555,UNSEEN_CUST_00037,retry,False,0.0,1
CASE_000556,UNSEEN_CUST_00037,retry,False,0.0,1
CASE_000557,UNSEEN_CUST_00037,retry,False,0.0,1
CASE_000558,UNSEEN_CUST_00037,retry,False,0.0,1
CASE_000559,UNSEEN_CUST_00037,retry,False,0.0,1
CASE_000560,UNSEEN_CUST_00040,retry,False,0.0,1
CASE_000561,UNSEEN_CUST_00041,retry,False,0.0,1
CASE_000562,UNSEEN_CUST_00042,retry,True,39559.12,1
CASE_000563,UNSEEN_CUST_00044,retry,False,0.0,1
CASE_000564,UNSEEN_CUST_00045,retry,False,0.0,1
CASE_000565,UNSEEN_CUST_00045,retry,False,0.0,1
CASE_000566,UNSEEN_CUST_00046,retry,False,0.0,1
CASE_000567,UNSEEN_CUST_00047,retry,False,0.0,1
CASE_000568,UNSEEN_CUST_00047,retry,True,5102.47,1
CASE_000569,UNSEEN_CUST_00047,retry,False,0.0,1
CASE_000570,UNSEEN_CUST_00048,retry,False,0.0,1
CASE_000571,UNSEEN_CUST_00049,retry,True,1359.12,1
CASE_000572,UNSEEN_CUST_00049,retry,True,3582.89,1
CASE_000573,UNSEEN_CUST_00049,retry,False,0.0,1
CASE_000574,UNSEEN_CUST_00052,retry,True,39245.46,1
CASE_000575,UNSEEN_CUST_00052,retry,False,0.0,1
CASE_000576,UNSEEN_CUST_00052,retry,False,0.0,1
CASE_000577,UNSEEN_CUST_00053,retry,False,0.0,1
CASE_000578,UNSEEN_CUST_00054,retry,False,0.0,1
CASE_000579,UNSEEN_CUST_00054,retry,True,14569.66,1
CASE_000580,UNSEEN_CUST_00054,retry,True,26640.66,1
CASE_000581,UNSEEN_CUST_00055,retry,False,0.0,1
CASE_000582,UNSEEN_CUST_00057,retry,False,0.0,1
CASE_000583,UNSEEN_CUST_00057,retry,False,0.0,1
CASE_000584,UNSEEN_CUST_00057,retry,True,31535.12,1
CASE_000585,UNSEEN_CUST_00057,retry,False,0.0,1
CASE_000586,UNSEEN_CUST_00058,retry,False,0.0,1
CASE_000587,UNSEEN_CUST_00058,retry,True,6643.87,1
CASE_000588,UNSEEN_CUST_00060,retry,False,0.0,1
CASE_000589,UNSEEN_CUST_00061,retry,True,34593.96,1
CASE_000590,UNSEEN_CUST_00062,retry,True,7434.28,1
CASE_000591,UNSEEN_CUST_00062,retry,True,36271.01,1
CASE_000592,UNSEEN_CUST_00064,retry,True,23461.56,1
CASE_000593,UNSEEN_CUST_00065,retry,False,0.0,1
CASE_000594,UNSEEN_CUST_00066,retry,False,0.0,1
CASE_000595,UNSEEN_CUST_00067,retry,False,0.0,1
CASE_000596,UNSEEN_CUST_00067,retry,True,6817.56,1
CASE_000597,UNSEEN_CUST_00070,retry,False,0.0,1
CASE_000598,UNSEEN_CUST_00070,retry,True,21217.52,1
CASE_000599,UNSEEN_CUST_00071,retry,True,29081.46,1
CASE_000600,UNSEEN_CUST_00071,retry,True,33684.75,1
CASE_000601,UNSEEN_CUST_00071,retry,True,23155.24,1
CASE_000602,UNSEEN_CUST_00074,retry,False,0.0,1
CASE_000603,UNSEEN_CUST_00074,retry,False,0.0,1
CASE_000604,UNSEEN_CUST_00075,retry,True,5475.14,1
CASE_000605,UNSEEN_CUST_00076,retry,True,28111.24,1
CASE_000606,UNSEEN_CUST_00077,retry,False,0.0,1
CASE_000607,UNSEEN_CUST_00078,retry,False,0.0,1
CASE_000608,UNSEEN_CUST_00078,retry,False,0.0,1
CASE_000609,UNSEEN_CUST_00080,retry,False,0.0,1
CASE_000610,UNSEEN_CUST_00080,retry,False,0.0,1
CASE_000611,UNSEEN_CUST_00081,retry,False,0.0,1
CASE_000612,UNSEEN_CUST_00082,retry,True,21127.64,1
CASE_000613,UNSEEN_CUST_00084,retry,True,47826.65,1
CASE_000614,UNSEEN_CUST_00084,retry,False,0.0,1
CASE_000615,UNSEEN_CUST_00084,retry,False,0.0,1
CASE_000616,UNSEEN_CUST_00085,retry,False,0.0,1
CASE_000617,UNSEEN_CUST_00087,retry,False,0.0,1
CASE_000618,UNSEEN_CUST_00088,retry,True,2899.15,1
CASE_000619,UNSEEN_CUST_00089,retry,True,16670.88,1
CASE_000620,UNSEEN_CUST_00089,retry,True,85375.22,1
CASE_000621,UNSEEN_CUST_00090,retry,False,0.0,1
CASE_000622,UNSEEN_CUST_00092,retry,False,0.0,1
CASE_000623,UNSEEN_CUST_00093,retry,False,0.0,1
CASE_000624,UNSEEN_CUST_00094,retry,True,24285.44,1
CASE_000625,UNSEEN_CUST_00095,retry,True,2545.95,1
CASE_000626,UNSEEN_CUST_00096,retry,True,24749.27,1
CASE_000627,UNSEEN_CUST_00096,retry,True,16824.52,1
CASE_000628,UNSEEN_CUST_00097,retry,False,0.0,1
CASE_000629,UNSEEN_CUST_00100,retry,False,0.0,1
CASE_000630,UNSEEN_CUST_00101,retry,False,0.0,1
CASE_000631,UNSEEN_CUST_00101,retry,False,0.0,1
CASE_000632,UNSEEN_CUST_00101,retry,False,0.0,1
CASE_000633,UNSEEN_CUST_00103,retry,False,0.0,1
CASE_000634,UNSEEN_CUST_00103,retry,False,0.0,1
CASE_000635,UNSEEN_CUST_00103,retry,False,0.0,1
CASE_000636,UNSEEN_CUST_00104,retry,False,0.0,1
CASE_000637,UNSEEN_CUST_00104,retry,False,0.0,1
CASE_000638,UNSEEN_CUST_00106,retry,False,0.0,1
CASE_000639,UNSEEN_CUST_00107,retry,False,0.0,1
CASE_000640,UNSEEN_CUST_00107,retry,True,26870.45,1
CASE_000641,UNSEEN_CUST_00107,retry,False,0.0,1
CASE_000642,UNSEEN_CUST_00109,retry,False,0.0,1
CASE_000643,UNSEEN_CUST_00109,retry,False,0.0,1
CASE_000644,UNSEEN_CUST_00110,retry,True,6583.42,1
CASE_000645,UNSEEN_CUST_00110,retry,True,38647.47,1
CASE_000646,UNSEEN_CUST_00112,retry,False,0.0,1
CASE_000647,UNSEEN_CUST_00112,retry,False,0.0,1
CASE_000648,UNSEEN_CUST_00112,retry,True,1330.02,1
CASE_000649,UNSEEN_CUST_00113,retry,True,26687.84,1
CASE_000650,UNSEEN_CUST_00113,retry,False,0.0,1
CASE_000651,UNSEEN_CUST_00114,retry,True,30936.64,1
CASE_000652,UNSEEN_CUST_00116,retry,False,0.0,1
CASE_000653,UNSEEN_CUST_00116,retry,False,0.0,1
CASE_000654,UNSEEN_CUST_00118,retry,False,0.0,1
CASE_000655,UNSEEN_CUST_00119,retry,False,0.0,1
CASE_000656,UNSEEN_CUST_00119,retry,True,49698.01,1
CASE_000657,UNSEEN_CUST_00121,retry,True,12852.73,1
CASE_000658,UNSEEN_CUST_00121,retry,False,0.0,1
CASE_000659,UNSEEN_CUST_00121,retry,True,7916.55,1
CASE_000660,UNSEEN_CUST_00121,retry,False,0.0,1
CASE_000661,UNSEEN_CUST_00122,retry,True,5161.17,1
CASE_000662,UNSEEN_CUST_00122,retry,False,0.0,1
CASE_000663,UNSEEN_CUST_00122,retry,False,0.0,1
CASE_000664,UNSEEN_CUST_00123,retry,False,0.0,1
CASE_000665,UNSEEN_CUST_00123,retry,False,0.0,1
CASE_000666,UNSEEN_CUST_00123,retry,False,0.0,1
CASE_000667,UNSEEN_CUST_00124,retry,False,0.0,1
CASE_000668,UNSEEN_CUST_00124,retry,False,0.0,1
CASE_000669,UNSEEN_CUST_00125,retry,False,0.0,1
CASE_000670,UNSEEN_CUST_00128,retry,True,66558.61,1
CASE_000671,UNSEEN_CUST_00128,retry,False,0.0,1
CASE_000672,UNSEEN_CUST_00129,retry,True,42806.03,1
CASE_000673,UNSEEN_CUST_00130,retry,True,28671.71,1
CASE_000674,UNSEEN_CUST_00130,retry,False,0.0,1
CASE_000675,UNSEEN_CUST_00131,retry,True,16087.24,1
CASE_000676,UNSEEN_CUST_00131,retry,False,0.0,1
CASE_000677,UNSEEN_CUST_00132,retry,False,0.0,1
CASE_000678,UNSEEN_CUST_00132,retry,True,21696.77,1
CASE_000679,UNSEEN_CUST_00132,retry,False,0.0,1
CASE_000680,UNSEEN_CUST_00133,retry,False,0.0,1
CASE_000681,UNSEEN_CUST_00133,retry,False,0.0,1
CASE_000682,UNSEEN_CUST_00133,retry,True,42446.36,1
CASE_000683,UNSEEN_CUST_00134,retry,True,14196.0,1
CASE_000684,UNSEEN_CUST_00134,retry,False,0.0,1
CASE_000685,UNSEEN_CUST_00137,retry,True,38446.2,1
CASE_000686,UNSEEN_CUST_00138,retry,False,0.0,1
CASE_000687,UNSEEN_CUST_00139,retry,False,0.0,1
CASE_000688,UNSEEN_CUST_00140,retry,False,0.0,1
CASE_000689,UNSEEN_CUST_00140,retry,False,0.0,1
CASE_000690,UNSEEN_CUST_00141,retry,True,15690.23,1
CASE_000691,UNSEEN_CUST_00141,retry,True,44753.48,1
CASE_000692,UNSEEN_CUST_00141,retry,False,0.0,1
CASE_000693,UNSEEN_CUST_00142,retry,False,0.0,1
CASE_000694,UNSEEN_CUST_00143,retry,False,0.0,1
CASE_000695,UNSEEN_CUST_00148,retry,False,0.0,1
CASE_000696,UNSEEN_CUST_00148,retry,True,36039.48,1
CASE_000697,UNSEEN_CUST_00149,retry,False,0.0,1
CASE_000698,UNSEEN_CUST_00149,retry,False,0.0,1
CASE_000699,UNSEEN_CUST_00150,retry,True,6272.88,1
CASE_000700,UNSEEN_CUST_00150,retry,True,12995.94,1
CASE_000701,UNSEEN_CUST_00151,retry,False,0.0,1
CASE_000702,UNSEEN_CUST_00151,retry,False,0.0,1
CASE_000703,UNSEEN_CUST_00151,retry,True,27723.42,1
CASE_000704,UNSEEN_CUST_00153,retry,False,0.0,1
CASE_000705,UNSEEN_CUST_00153,retry,True,73065.49,1
CASE_000706,UNSEEN_CUST_00155,retry,True,1518.04,1
CASE_000707,UNSEEN_CUST_00155,retry,False,0.0,1
CASE_000708,UNSEEN_CUST_00156,retry,True,24922.51,1
CASE_000709,UNSEEN_CUST_00157,retry,True,32570.22,1
CASE_000710,UNSEEN_CUST_00158,retry,False,0.0,1
CASE_000711,UNSEEN_CUST_00160,retry,False,0.0,1
CASE_000712,UNSEEN_CUST_00161,retry,False,0.0,1
CASE_000713,UNSEEN_CUST_00162,retry,False,0.0,1
CASE_000714,UNSEEN_CUST_00162,retry,False,0.0,1
CASE_000715,UNSEEN_CUST_00163,retry,True,1174.37,1
CASE_000716,UNSEEN_CUST_00163,retry,True,49202.28,1
CASE_000717,UNSEEN_CUST_00163,retry,False,0.0,1
CASE_000718,UNSEEN_CUST_00165,retry,False,0.0,1
CASE_000719,UNSEEN_CUST_00165,retry,False,0.0,1
CASE_000720,UNSEEN_CUST_00165,retry,False,0.0,1
CASE_000721,UNSEEN_CUST_00166,retry,False,0.0,1
CASE_000722,UNSEEN_CUST_00167,retry,False,0.0,1
CASE_000723,UNSEEN_CUST_00168,retry,True,41029.21,1
CASE_000724,UNSEEN_CUST_00168,retry,False,0.0,1
CASE_000725,UNSEEN_CUST_00168,retry,False,0.0,1
CASE_000726,UNSEEN_CUST_00169,retry,False,0.0,1
CASE_000727,UNSEEN_CUST_00170,retry,False,0.0,1
CASE_000728,UNSEEN_CUST_00170,retry,True,34916.02,1
CASE_000729,UNSEEN_CUST_00171,retry,False,0.0,1
CASE_000730,UNSEEN_CUST_00173,retry,False,0.0,1
CASE_000731,UNSEEN_CUST_00177,retry,False,0.0,1
CASE_000732,UNSEEN_CUST_00179,retry,False,0.0,1
CASE_000733,UNSEEN_CUST_00179,retry,False,0.0,1
CASE_000734,UNSEEN_CUST_00180,retry,False,0.0,1
CASE_000735,UNSEEN_CUST_00180,retry,True,49401.26,1
CASE_000736,UNSEEN_CUST_00181,retry,True,57370.65,1
CASE_000737,UNSEEN_CUST_00181,retry,False,0.0,1
CASE_000738,UNSEEN_CUST_00182,retry,False,0.0,1
CASE_000739,UNSEEN_CUST_00182,retry,False,0.0,1
CASE_000740,UNSEEN_CUST_00183,retry,True,3032.21,1
CASE_000741,UNSEEN_CUST_00184,retry,True,60499.79,1
CASE_000742,UNSEEN_CUST_00186,retry,False,0.0,1
CASE_000743,UNSEEN_CUST_00186,retry,True,10367.98,1
CASE_000744,UNSEEN_CUST_00186,retry,True,19309.73,1
CASE_000745,UNSEEN_CUST_00187,retry,True,3198.42,1
CASE_000746,UNSEEN_CUST_00188,retry,True,32675.76,1
CASE_000747,UNSEEN_CUST_00189,retry,False,0.0,1
CASE_000748,UNSEEN_CUST_00190,retry,False,0.0,1
CASE_000749,UNSEEN_CUST_00190,retry,False,0.0,1
CASE_000750,UNSEEN_CUST_00192,retry,True,15892.94,1
CASE_000751,UNSEEN_CUST_00192,retry,False,0.0,1
CASE_000752,UNSEEN_CUST_00193,retry,False,0.0,1
CASE_000753,UNSEEN_CUST_00193,retry,False,0.0,1
CASE_000754,UNSEEN_CUST_00193,retry,False,0.0,1
CASE_000755,UNSEEN_CUST_00194,retry,False,0.0,1
CASE_000756,UNSEEN_CUST_00194,retry,True,28700.27,1
CASE_000757,UNSEEN_CUST_00194,retry,False,0.0,1
CASE_000758,UNSEEN_CUST_00195,retry,False,0.0,1
CASE_000759,UNSEEN_CUST_00195,retry,False,0.0,1
CASE_000760,UNSEEN_CUST_00195,retry,False,0.0,1
CASE_000761,UNSEEN_CUST_00198,retry,False,0.0,1
CASE_000762,UNSEEN_CUST_00198,retry,True,45841.36,1
CASE_000763,UNSEEN_CUST_00199,retry,False,0.0,1
CASE_000764,UNSEEN_CUST_00199,retry,True,11998.66,1
CASE_000765,UNSEEN_CUST_00199,retry,False,0.0,1
CASE_000766,UNSEEN_CUST_00200,retry,False,0.0,1
CASE_000767,UNSEEN_CUST_00200,retry,False,0.0,1
CASE_000768,UNSEEN_CUST_00200,retry,True,18733.16,1
CASE_000769,UNSEEN_CUST_00201,retry,False,0.0,1
CASE_000770,UNSEEN_CUST_00202,retry,False,0.0,1
CASE_000771,UNSEEN_CUST_00202,retry,True,22889.17,1
CASE_000772,UNSEEN_CUST_00202,retry,False,0.0,1
CASE_000773,UNSEEN_CUST_00204,retry,True,5491.14,1
CASE_000774,UNSEEN_CUST_00206,retry,False,0.0,1
CASE_000775,UNSEEN_CUST_00206,retry,False,0.0,1
CASE_000776,UNSEEN_CUST_00208,retry,True,3527.72,1
CASE_000777,UNSEEN_CUST_00208,retry,False,0.0,1
CASE_000778,UNSEEN_CUST_00209,retry,False,0.0,1
CASE_000779,UNSEEN_CUST_00209,retry,True,2214.37,1
CASE_000780,UNSEEN_CUST_00210,retry,True,5074.03,1
CASE_000781,UNSEEN_CUST_00210,retry,False,0.0,1
CASE_000782,UNSEEN_CUST_00210,retry,False,0.0,1
CASE_000783,UNSEEN_CUST_00210,retry,False,0.0,1
CASE_000784,UNSEEN_CUST_00211,retry,False,0.0,1
CASE_000785,UNSEEN_CUST_00212,retry,True,6325.56,1
CASE_000786,UNSEEN_CUST_00213,retry,False,0.0,1
CASE_000787,UNSEEN_CUST_00213,retry,True,4138.1,1
CASE_000788,UNSEEN_CUST_00216,retry,True,37226.99,1
CASE_000789,UNSEEN_CUST_00217,retry,False,0.0,1
CASE_000790,UNSEEN_CUST_00217,retry,False,0.0,1
CASE_000791,UNSEEN_CUST_00217,retry,True,2397.35,1
CASE_000792,UNSEEN_CUST_00217,retry,True,25875.55,1
CASE_000793,UNSEEN_CUST_00218,retry,False,0.0,1
CASE_000794,UNSEEN_CUST_00219,retry,True,3962.96,1
CASE_000795,UNSEEN_CUST_00220,retry,False,0.0,1
CASE_000796,UNSEEN_CUST_00221,retry,True,66560.79,1
CASE_000797,UNSEEN_CUST_00222,retry,False,0.0,1
CASE_000798,UNSEEN_CUST_00223,retry,False,0.0,1
CASE_000799,UNSEEN_CUST_00223,retry,True,1700.74,1
CASE_000800,UNSEEN_CUST_00224,retry,False,0.0,1
CASE_000801,UNSEEN_CUST_00226,retry,False,0.0,1
CASE_000802,UNSEEN_CUST_00227,retry,True,10528.51,1
CASE_000803,UNSEEN_CUST_00227,retry,False,0.0,1
CASE_000804,UNSEEN_CUST_00228,retry,False,0.0,1
CASE_000805,UNSEEN_CUST_00230,retry,False,0.0,1
CASE_000806,UNSEEN_CUST_00230,retry,True,9404.32,1
CASE_000807,UNSEEN_CUST_00232,retry,False,0.0,1
CASE_000808,UNSEEN_CUST_00233,retry,True,73955.95,1
CASE_000809,UNSEEN_CUST_00234,retry,False,0.0,1
CASE_000810,UNSEEN_CUST_00234,retry,True,47545.19,1
CASE_000811,UNSEEN_CUST_00236,retry,False,0.0,1
CASE_000812,UNSEEN_CUST_00236,retry,False,0.0,1
CASE_000813,UNSEEN_CUST_00237,retry,True,13543.36,1
CASE_000814,UNSEEN_CUST_00238,retry,False,0.0,1
CASE_000815,UNSEEN_CUST_00239,retry,True,4581.73,1
CASE_000816,UNSEEN_CUST_00244,retry,False,0.0,1
CASE_000817,UNSEEN_CUST_00245,retry,True,54833.84,1
CASE_000818,UNSEEN_CUST_00245,retry,False,0.0,1
CASE_000819,UNSEEN_CUST_00246,retry,True,7281.66,1
CASE_000820,UNSEEN_CUST_00247,retry,False,0.0,1
CASE_000821,UNSEEN_CUST_00247,retry,True,12808.49,1
CASE_000822,UNSEEN_CUST_00250,retry,False,0.0,1
CASE_000823,UNSEEN_CUST_00250,retry,False,0.0,1
CASE_000824,UNSEEN_CUST_00251,retry,False,0.0,1
CASE_000825,UNSEEN_CUST_00252,retry,True,49670.45,1
CASE_000826,UNSEEN_CUST_00254,retry,False,0.0,1
CASE_000827,UNSEEN_CUST_00254,retry,False,0.0,1
CASE_000828,UNSEEN_CUST_00254,retry,False,0.0,1
CASE_000829,UNSEEN_CUST_00254,retry,False,0.0,1
CASE_000830,UNSEEN_CUST_00257,retry,True,15700.87,1
CASE_000831,UNSEEN_CUST_00257,retry,False,0.0,1
CASE_000832,UNSEEN_CUST_00258,retry,False,0.0,1
CASE_000833,UNSEEN_CUST_00258,retry,False,0.0,1
CASE_000834,UNSEEN_CUST_00258,retry,False,0.0,1
CASE_000835,UNSEEN_CUST_00259,retry,False,0.0,1
CASE_000836,UNSEEN_CUST_00260,retry,False,0.0,1
CASE_000837,UNSEEN_CUST_00260,retry,True,5899.51,1
CASE_000838,UNSEEN_CUST_00260,retry,False,0.0,1
CASE_000839,UNSEEN_CUST_00261,retry,True,24953.57,1
CASE_000840,UNSEEN_CUST_00262,retry,False,0.0,1
CASE_000841,UNSEEN_CUST_00262,retry,False,0.0,1
CASE_000842,UNSEEN_CUST_00263,retry,False,0.0,1
CASE_000843,UNSEEN_CUST_00263,retry,True,19115.2,1
CASE_000844,UNSEEN_CUST_00263,retry,True,29763.06,1
CASE_000845,UNSEEN_CUST_00263,retry,False,0.0,1
CASE_000846,UNSEEN_CUST_00264,retry,False,0.0,1
CASE_000847,UNSEEN_CUST_00265,retry,False,0.0,1
CASE_000848,UNSEEN_CUST_00266,retry,False,0.0,1
CASE_000849,UNSEEN_CUST_00267,retry,False,0.0,1
CASE_000850,UNSEEN_CUST_00268,retry,True,119938.7,1
CASE_000851,UNSEEN_CUST_00271,retry,False,0.0,1
CASE_000852,UNSEEN_CUST_00272,retry,False,0.0,1
CASE_000853,UNSEEN_CUST_00273,retry,False,0.0,1
CASE_000854,UNSEEN_CUST_00273,retry,False,0.0,1
CASE_000855,UNSEEN_CUST_00274,retry,True,15508.44,1
CASE_000856,UNSEEN_CUST_00274,retry,True,14528.47,1
CASE_000857,UNSEEN_CUST_00274,retry,False,0.0,1
CASE_000858,UNSEEN_CUST_00274,retry,True,19316.18,1
CASE_000859,UNSEEN_CUST_00275,retry,False,0.0,1
CASE_000860,UNSEEN_CUST_00278,retry,False,0.0,1
CASE_000861,UNSEEN_CUST_00278,retry,False,0.0,1
CASE_000862,UNSEEN_CUST_00280,retry,True,18288.78,1
CASE_000863,UNSEEN_CUST_00280,retry,False,0.0,1
CASE_000864,UNSEEN_CUST_00281,retry,True,64673.79,1
CASE_000865,UNSEEN_CUST_00281,retry,False,0.0,1
CASE_000866,UNSEEN_CUST_00282,retry,False,0.0,1
CASE_000867,UNSEEN_CUST_00282,retry,False,0.0,1
CASE_000868,UNSEEN_CUST_00285,retry,True,60314.35,1
CASE_000869,UNSEEN_CUST_00285,retry,True,39759.82,1
CASE_000870,UNSEEN_CUST_00286,retry,True,1900.94,1
CASE_000871,UNSEEN_CUST_00286,retry,False,0.0,1
CASE_000872,UNSEEN_CUST_00287,retry,False,0.0,1
CASE_000873,UNSEEN_CUST_00287,retry,False,0.0,1
CASE_000874,UNSEEN_CUST_00287,retry,False,0.0,1
CASE_000875,UNSEEN_CUST_00288,retry,False,0.0,1
CASE_000876,UNSEEN_CUST_00288,retry,False,0.0,1
CASE_000877,UNSEEN_CUST_00289,retry,False,0.0,1
CASE_000878,UNSEEN_CUST_00289,retry,False,0.0,1
CASE_000879,UNSEEN_CUST_00290,retry,False,0.0,1
CASE_000880,UNSEEN_CUST_00291,retry,False,0.0,1
CASE_000881,UNSEEN_CUST_00291,retry,False,0.0,1
CASE_000882,UNSEEN_CUST_00291,retry,False,0.0,1
CASE_000883,UNSEEN_CUST_00291,retry,False,0.0,1
CASE_000884,UNSEEN_CUST_00292,retry,True,31444.06,1
CASE_000885,UNSEEN_CUST_00292,retry,False,0.0,1
CASE_000886,UNSEEN_CUST_00292,retry,False,0.0,1
CASE_000887,UNSEEN_CUST_00298,retry,False,0.0,1
CASE_000888,UNSEEN_CUST_00298,retry,True,34840.25,1
CASE_000889,UNSEEN_CUST_00301,retry,False,0.0,1
CASE_000890,UNSEEN_CUST_00301,retry,False,0.0,1
CASE_000891,UNSEEN_CUST_00303,retry,False,0.0,1
CASE_000892,UNSEEN_CUST_00303,retry,True,11946.34,1
CASE_000893,UNSEEN_CUST_00304,retry,True,13353.78,1
CASE_000894,UNSEEN_CUST_00304,retry,True,66760.67,1
CASE_000895,UNSEEN_CUST_00304,retry,True,24505.79,1
CASE_000896,UNSEEN_CUST_00306,retry,False,0.0,1
CASE_000897,UNSEEN_CUST_00306,retry,False,0.0,1
CASE_000898,UNSEEN_CUST_00308,retry,False,0.0,1
CASE_000899,UNSEEN_CUST_00309,retry,False,0.0,1
CASE_000900,UNSEEN_CUST_00309,retry,False,0.0,1
CASE_000901,UNSEEN_CUST_00310,retry,False,0.0,1
CASE_000902,UNSEEN_CUST_00312,retry,True,20776.32,1
CASE_000903,UNSEEN_CUST_00313,retry,False,0.0,1
CASE_000904,UNSEEN_CUST_00317,retry,False,0.0,1
CASE_000905,UNSEEN_CUST_00317,retry,True,28942.15,1
CASE_000906,UNSEEN_CUST_00318,retry,True,149287.02,1
CASE_000907,UNSEEN_CUST_00318,retry,False,0.0,1
CASE_000908,UNSEEN_CUST_00319,retry,False,0.0,1
CASE_000909,UNSEEN_CUST_00320,retry,False,0.0,1
CASE_000910,UNSEEN_CUST_00320,retry,True,61262.44,1
CASE_000911,UNSEEN_CUST_00321,retry,False,0.0,1
CASE_000912,UNSEEN_CUST_00321,retry,False,0.0,1
CASE_000913,UNSEEN_CUST_00323,retry,False,0.0,1
CASE_000914,UNSEEN_CUST_00323,retry,True,49606.63,1
CASE_000915,UNSEEN_CUST_00324,retry,True,42009.9,1
CASE_000916,UNSEEN_CUST_00324,retry,False,0.0,1
CASE_000917,UNSEEN_CUST_00324,retry,False,0.0,1
CASE_000918,UNSEEN_CUST_00325,retry,True,5471.19,1
CASE_000919,UNSEEN_CUST_00326,retry,True,60520.52,1
CASE_000920,UNSEEN_CUST_00326,retry,False,0.0,1
CASE_000921,UNSEEN_CUST_00326,retry,True,20737.17,1
CASE_000922,UNSEEN_CUST_00328,retry,False,0.0,1
CASE_000923,UNSEEN_CUST_00330,retry,True,26893.77,1
CASE_000924,UNSEEN_CUST_00330,retry,True,16949.3,1
CASE_000925,UNSEEN_CUST_00330,retry,False,0.0,1
CASE_000926,UNSEEN_CUST_00330,retry,False,0.0,1
CASE_000927,UNSEEN_CUST_00333,retry,False,0.0,1
CASE_000928,UNSEEN_CUST_00333,retry,False,0.0,1
CASE_000929,UNSEEN_CUST_00333,retry,False,0.0,1
CASE_000930,UNSEEN_CUST_00334,retry,False,0.0,1
CASE_000931,UNSEEN_CUST_00335,retry,False,0.0,1
CASE_000932,UNSEEN_CUST_00335,retry,False,0.0,1
CASE_000933,UNSEEN_CUST_00337,retry,True,27018.5,1
CASE_000934,UNSEEN_CUST_00340,retry,False,0.0,1
CASE_000935,UNSEEN_CUST_00342,retry,True,7799.83,1
CASE_000936,UNSEEN_CUST_00342,retry,True,11567.79,1
CASE_000937,UNSEEN_CUST_00342,retry,False,0.0,1
CASE_000938,UNSEEN_CUST_00342,retry,True,521.72,1
CASE_000939,UNSEEN_CUST_00342,retry,False,0.0,1
CASE_000940,UNSEEN_CUST_00343,retry,False,0.0,1
CASE_000941,UNSEEN_CUST_00344,retry,True,47491.31,1
CASE_000942,UNSEEN_CUST_00345,retry,False,0.0,1
CASE_000943,UNSEEN_CUST_00345,retry,True,24510.48,1
CASE_000944,UNSEEN_CUST_00346,retry,False,0.0,1
CASE_000945,UNSEEN_CUST_00346,retry,True,43466.16,1
CASE_000946,UNSEEN_CUST_00347,retry,False,0.0,1
CASE_000947,UNSEEN_CUST_00348,retry,False,0.0,1
CASE_000948,UNSEEN_CUST_00348,retry,True,93972.97,1
CASE_000949,UNSEEN_CUST_00349,retry,False,0.0,1
CASE_000950,UNSEEN_CUST_00349,retry,False,0.0,1
CASE_000951,UNSEEN_CUST_00351,retry,False,0.0,1
CASE_000952,UNSEEN_CUST_00351,retry,False,0.0,1
CASE_000953,UNSEEN_CUST_00353,retry,False,0.0,1
CASE_000954,UNSEEN_CUST_00353,retry,True,49105.82,1
CASE_000955,UNSEEN_CUST_00353,retry,True,35058.11,1
CASE_000956,UNSEEN_CUST_00353,retry,False,0.0,1
CASE_000957,UNSEEN_CUST_00354,retry,True,9183.03,1
CASE_000958,UNSEEN_CUST_00354,retry,False,0.0,1
CASE_000959,UNSEEN_CUST_00355,retry,False,0.0,1
CASE_000960,UNSEEN_CUST_00355,retry,False,0.0,1
CASE_000961,UNSEEN_CUST_00356,retry,False,0.0,1
CASE_000962,UNSEEN_CUST_00357,retry,False,0.0,1
CASE_000963,UNSEEN_CUST_00359,retry,False,0.0,1
CASE_000964,UNSEEN_CUST_00361,retry,False,0.0,1
CASE_000965,UNSEEN_CUST_00361,retry,False,0.0,1
CASE_000966,UNSEEN_CUST_00362,retry,False,0.0,1
CASE_000967,UNSEEN_CUST_00362,retry,False,0.0,1
CASE_000968,UNSEEN_CUST_00364,retry,True,4144.23,1
CASE_000969,UNSEEN_CUST_00365,retry,True,27042.52,1
CASE_000970,UNSEEN_CUST_00367,retry,False,0.0,1
CASE_000971,UNSEEN_CUST_00367,retry,False,0.0,1
CASE_000972,UNSEEN_CUST_00369,retry,False,0.0,1
CASE_000973,UNSEEN_CUST_00370,retry,False,0.0,1
CASE_000974,UNSEEN_CUST_00371,retry,False,0.0,1
CASE_000975,UNSEEN_CUST_00373,retry,False,0.0,1
CASE_000976,UNSEEN_CUST_00373,retry,False,0.0,1
CASE_000977,UNSEEN_CUST_00376,retry,False,0.0,1
CASE_000978,UNSEEN_CUST_00376,retry,True,25188.87,1
CASE_000979,UNSEEN_CUST_00377,retry,False,0.0,1
CASE_000980,UNSEEN_CUST_00379,retry,True,7395.89,1
CASE_000981,UNSEEN_CUST_00379,retry,False,0.0,1
CASE_000982,UNSEEN_CUST_00382,retry,False,0.0,1
CASE_000983,UNSEEN_CUST_00382,retry,False,0.0,1
CASE_000984,UNSEEN_CUST_00384,retry,False,0.0,1
CASE_000985,UNSEEN_CUST_00384,retry,False,0.0,1
CASE_000986,UNSEEN_CUST_00384,retry,False,0.0,1
CASE_000987,UNSEEN_CUST_00385,retry,True,16175.69,1
CASE_000988,UNSEEN_CUST_00386,retry,True,77689.54,1
CASE_000989,UNSEEN_CUST_00386,retry,False,0.0,1
CASE_000990,UNSEEN_CUST_00387,retry,True,45620.7,1
CASE_000991,UNSEEN_CUST_00387,retry,False,0.0,1
CASE_000992,UNSEEN_CUST_00390,retry,False,0.0,1
CASE_000993,UNSEEN_CUST_00390,retry,False,0.0,1
CASE_000994,UNSEEN_CUST_00390,retry,False,0.0,1
CASE_000995,UNSEEN_CUST_00392,retry,False,0.0,1
CASE_000996,UNSEEN_CUST_00396,retry,False,0.0,1
CASE_000997,UNSEEN_CUST_00397,retry,False,0.0,1
CASE_000998,UNSEEN_CUST_00397,retry,False,0.0,1
CASE_000999,UNSEEN_CUST_00397,retry,True,27382.85,1
CASE_001000,UNSEEN_CUST_00398,retry,False,0.0,1
CASE_001001,UNSEEN_CUST_00399,retry,True,10056.97,1
CASE_001002,UNSEEN_CUST_00402,retry,True,34494.43,1
CASE_001003,UNSEEN_CUST_00402,retry,True,16482.78,1
CASE_001004,UNSEEN_CUST_00403,retry,True,10648.44,1
CASE_001005,UNSEEN_CUST_00405,retry,False,0.0,1
CASE_001006,UNSEEN_CUST_00405,retry,True,119467.91,1
CASE_001007,UNSEEN_CUST_00406,retry,True,12808.09,1
CASE_001008,UNSEEN_CUST_00406,retry,False,0.0,1
CASE_001009,UNSEEN_CUST_00406,retry,False,0.0,1
CASE_001010,UNSEEN_CUST_00408,retry,False,0.0,1
CASE_001011,UNSEEN_CUST_00409,retry,False,0.0,1
CASE_001012,UNSEEN_CUST_00412,retry,True,5339.25,1
CASE_001013,UNSEEN_CUST_00412,retry,True,35953.47,1
CASE_001014,UNSEEN_CUST_00413,retry,False,0.0,1
CASE_001015,UNSEEN_CUST_00413,retry,True,9836.07,1
CASE_001016,UNSEEN_CUST_00416,retry,True,63693.22,1
CASE_001017,UNSEEN_CUST_00417,retry,True,18312.41,1
CASE_001018,UNSEEN_CUST_00417,retry,False,0.0,1
CASE_001019,UNSEEN_CUST_00418,retry,False,0.0,1
CASE_001020,UNSEEN_CUST_00418,retry,False,0.0,1
CASE_001021,UNSEEN_CUST_00418,retry,False,0.0,1
CASE_001022,UNSEEN_CUST_00419,retry,True,59575.83,1
CASE_001023,UNSEEN_CUST_00420,retry,False,0.0,1
CASE_001024,UNSEEN_CUST_00420,retry,False,0.0,1
CASE_001025,UNSEEN_CUST_00422,retry,False,0.0,1
CASE_001026,UNSEEN_CUST_00422,retry,False,0.0,1
CASE_001027,UNSEEN_CUST_00424,retry,False,0.0,1
CASE_001028,UNSEEN_CUST_00424,retry,True,23898.73,1
CASE_001029,UNSEEN_CUST_00424,retry,False,0.0,1
CASE_001030,UNSEEN_CUST_00424,retry,False,0.0,1
CASE_001031,UNSEEN_CUST_00425,retry,False,0.0,1
CASE_001032,UNSEEN_CUST_00425,retry,False,0.0,1
CASE_001033,UNSEEN_CUST_00425,retry,False,0.0,1
CASE_001034,UNSEEN_CUST_00426,retry,True,1852.14,1
CASE_001035,UNSEEN_CUST_00426,retry,False,0.0,1
CASE_001036,UNSEEN_CUST_00427,retry,False,0.0,1
CASE_001037,UNSEEN_CUST_00428,retry,False,0.0,1
CASE_001038,UNSEEN_CUST_00428,retry,False,0.0,1
CASE_001039,UNSEEN_CUST_00428,retry,False,0.0,1
CASE_001040,UNSEEN_CUST_00429,retry,False,0.0,1
CASE_001041,UNSEEN_CUST_00429,retry,True,35847.44,1
CASE_001042,UNSEEN_CUST_00430,retry,False,0.0,1
CASE_001043,UNSEEN_CUST_00430,retry,True,72615.15,1
CASE_001044,UNSEEN_CUST_00432,retry,True,7273.74,1
CASE_001045,UNSEEN_CUST_00432,retry,True,73333.68,1
CASE_001046,UNSEEN_CUST_00432,retry,False,0.0,1
CASE_001047,UNSEEN_CUST_00433,retry,False,0.0,1
CASE_001048,UNSEEN_CUST_00433,retry,False,0.0,1
CASE_001049,UNSEEN_CUST_00433,retry,False,0.0,1
CASE_001050,UNSEEN_CUST_00433,retry,False,0.0,1
CASE_001051,UNSEEN_CUST_00434,retry,False,0.0,1
CASE_001052,UNSEEN_CUST_00436,retry,True,41403.17,1
CASE_001053,UNSEEN_CUST_00437,retry,False,0.0,1
CASE_001054,UNSEEN_CUST_00437,retry,False,0.0,1
CASE_001055,UNSEEN_CUST_00439,retry,False,0.0,1
CASE_001056,UNSEEN_CUST_00439,retry,True,6884.92,1
CASE_001057,UNSEEN_CUST_00440,retry,True,62424.56,1
CASE_001058,UNSEEN_CUST_00440,retry,False,0.0,1
CASE_001059,UNSEEN_CUST_00441,retry,False,0.0,1
CASE_001060,UNSEEN_CUST_00442,retry,False,0.0,1
CASE_001061,UNSEEN_CUST_00442,retry,False,0.0,1
CASE_001062,UNSEEN_CUST_00442,retry,True,7168.28,1
CASE_001063,UNSEEN_CUST_00443,retry,False,0.0,1
CASE_001064,UNSEEN_CUST_00443,retry,False,0.0,1
CASE_001065,UNSEEN_CUST_00444,retry,False,0.0,1
CASE_001066,UNSEEN_CUST_00444,retry,True,49875.23,1
CASE_001067,UNSEEN_CUST_00445,retry,False,0.0,1
CASE_001068,UNSEEN_CUST_00445,retry,False,0.0,1
CASE_001069,UNSEEN_CUST_00446,retry,False,0.0,1
CASE_001070,UNSEEN_CUST_00447,retry,False,0.0,1
CASE_001071,UNSEEN_CUST_00448,retry,True,8280.34,1
CASE_001072,UNSEEN_CUST_00448,retry,True,12965.91,1
CASE_001073,UNSEEN_CUST_00449,retry,False,0.0,1
CASE_001074,UNSEEN_CUST_00450,retry,False,0.0,1
CASE_001075,UNSEEN_CUST_00451,retry,False,0.0,1
CASE_001076,UNSEEN_CUST_00453,retry,False,0.0,1
CASE_001077,UNSEEN_CUST_00454,retry,False,0.0,1
CASE_001078,UNSEEN_CUST_00454,retry,False,0.0,1
CASE_001079,UNSEEN_CUST_00454,retry,False,0.0,1
CASE_001080,UNSEEN_CUST_00455,retry,True,16671.68,1
CASE_001081,UNSEEN_CUST_00455,retry,True,17360.4,1
CASE_001082,UNSEEN_CUST_00455,retry,False,0.0,1
CASE_001083,UNSEEN_CUST_00457,retry,False,0.0,1
CASE_001084,UNSEEN_CUST_00458,retry,True,10432.69,1
CASE_001085,UNSEEN_CUST_00458,retry,True,8695.62,1
CASE_001086,UNSEEN_CUST_00459,retry,False,0.0,1
CASE_001087,UNSEEN_CUST_00459,retry,True,8294.96,1
CASE_001088,UNSEEN_CUST_00460,retry,False,0.0,1
CASE_001089,UNSEEN_CUST_00460,retry,True,2798.5,1
CASE_001090,UNSEEN_CUST_00461,retry,True,14397.16,1
CASE_001091,UNSEEN_CUST_00461,retry,False,0.0,1
CASE_001092,UNSEEN_CUST_00461,retry,False,0.0,1
CASE_001093,UNSEEN_CUST_00462,retry,True,37113.68,1
CASE_001094,UNSEEN_CUST_00463,retry,False,0.0,1
CASE_001095,UNSEEN_CUST_00463,retry,False,0.0,1
CASE_001096,UNSEEN_CUST_00463,retry,True,33457.58,1
CASE_001097,UNSEEN_CUST_00463,retry,True,28909.14,1
CASE_001098,UNSEEN_CUST_00464,retry,True,74289.32,1
CASE_001099,UNSEEN_CUST_00464,retry,False,0.0,1
CASE_001100,UNSEEN_CUST_00464,retry,False,0.0,1
CASE_001101,UNSEEN_CUST_00465,retry,True,9659.25,1
CASE_001102,UNSEEN_CUST_00465,retry,False,0.0,1
CASE_001103,UNSEEN_CUST_00465,retry,True,12091.36,1
CASE_001104,UNSEEN_CUST_00466,retry,False,0.0,1
CASE_001105,UNSEEN_CUST_00466,retry,False,0.0,1
CASE_001106,UNSEEN_CUST_00466,retry,True,63677.66,1
CASE_001107,UNSEEN_CUST_00470,retry,False,0.0,1
CASE_001108,UNSEEN_CUST_00470,retry,True,38939.84,1
CASE_001109,UNSEEN_CUST_00472,retry,False,0.0,1
CASE_001110,UNSEEN_CUST_00474,retry,True,15662.15,1
CASE_001111,UNSEEN_CUST_00475,retry,True,6630.59,1
CASE_001112,UNSEEN_CUST_00475,retry,True,4548.89,1
CASE_001113,UNSEEN_CUST_00475,retry,False,0.0,1
CASE_001114,UNSEEN_CUST_00476,retry,True,5104.37,1
CASE_001115,UNSEEN_CUST_00481,retry,False,0.0,1
CASE_001116,UNSEEN_CUST_00481,retry,False,0.0,1
CASE_001117,UNSEEN_CUST_00482,retry,False,0.0,1
CASE_001118,UNSEEN_CUST_00482,retry,False,0.0,1
CASE_001119,UNSEEN_CUST_00482,retry,True,28201.1,1
CASE_001120,UNSEEN_CUST_00482,retry,False,0.0,1
CASE_001121,UNSEEN_CUST_00482,retry,False,0.0,1
CASE_001122,UNSEEN_CUST_00483,retry,False,0.0,1
CASE_001123,UNSEEN_CUST_00483,retry,False,0.0,1
CASE_001124,UNSEEN_CUST_00483,retry,False,0.0,1
CASE_001125,UNSEEN_CUST_00484,retry,False,0.0,1
CASE_001126,UNSEEN_CUST_00486,retry,False,0.0,1
CASE_001127,UNSEEN_CUST_00487,retry,True,22657.32,1
CASE_001128,UNSEEN_CUST_00487,retry,False,0.0,1
CASE_001129,UNSEEN_CUST_00488,retry,True,672.7,1
CASE_001130,UNSEEN_CUST_00489,retry,False,0.0,1
CASE_001131,UNSEEN_CUST_00490,retry,True,54812.8,1
CASE_001132,UNSEEN_CUST_00490,retry,True,2121.42,1
CASE_001133,UNSEEN_CUST_00490,retry,False,0.0,1
CASE_001134,UNSEEN_CUST_00491,retry,True,15163.97,1
CASE_001135,UNSEEN_CUST_00491,retry,True,19282.09,1
CASE_001136,UNSEEN_CUST_00492,retry,False,0.0,1
CASE_001137,UNSEEN_CUST_00493,retry,True,30850.16,1
CASE_001138,UNSEEN_CUST_00494,retry,False,0.0,1
CASE_001139,UNSEEN_CUST_00495,retry,False,0.0,1
CASE_001140,UNSEEN_CUST_00495,retry,True,32006.35,1
CASE_001141,UNSEEN_CUST_00496,retry,True,5380.2,1
CASE_001142,UNSEEN_CUST_00496,retry,False,0.0,1
CASE_001143,UNSEEN_CUST_00496,retry,True,3655.72,1
CASE_001144,UNSEEN_CUST_00498,retry,False,0.0,1
CASE_001145,UNSEEN_CUST_00499,retry,False,0.0,1
CASE_001146,UNSEEN_CUST_00499,retry,False,0.0,1
CASE_001147,UNSEEN_CUST_00499,retry,False,0.0,1
CASE_001148,UNSEEN_CUST_00500,retry,False,0.0,1
CASE_001149,UNSEEN_CUST_00500,retry,True,7907.59,1
CASE_001150,UNSEEN_CUST_00501,retry,True,54507.84,1
CASE_001151,UNSEEN_CUST_00501,retry,True,44026.54,1
CASE_001152,UNSEEN_CUST_00501,retry,False,0.0,1
CASE_001153,UNSEEN_CUST_00502,retry,False,0.0,1
CASE_001154,UNSEEN_CUST_00502,retry,False,0.0,1
CASE_001155,UNSEEN_CUST_00504,retry,False,0.0,1
CASE_001156,UNSEEN_CUST_00505,retry,True,9282.32,1
CASE_001157,UNSEEN_CUST_00506,retry,True,10728.72,1
CASE_001158,UNSEEN_CUST_00508,retry,False,0.0,1
CASE_001159,UNSEEN_CUST_00508,retry,False,0.0,1
CASE_001160,UNSEEN_CUST_00509,retry,True,48603.41,1
CASE_001161,UNSEEN_CUST_00509,retry,True,42325.2,1
CASE_001162,UNSEEN_CUST_00510,retry,False,0.0,1
CASE_001163,UNSEEN_CUST_00511,retry,True,67296.09,1
CASE_001164,UNSEEN_CUST_00513,retry,False,0.0,1
CASE_001165,UNSEEN_CUST_00513,retry,True,34180.18,1
CASE_001166,UNSEEN_CUST_00514,retry,False,0.0,1
CASE_001167,UNSEEN_CUST_00514,retry,True,11687.53,1
CASE_001168,UNSEEN_CUST_00514,retry,False,0.0,1
CASE_001169,UNSEEN_CUST_00515,retry,False,0.0,1
CASE_001170,UNSEEN_CUST_00516,retry,False,0.0,1
CASE_001171,UNSEEN_CUST_00517,retry,False,0.0,1
CASE_001172,UNSEEN_CUST_00517,retry,False,0.0,1
CASE_001173,UNSEEN_CUST_00518,retry,True,6469.95,1
CASE_001174,UNSEEN_CUST_00519,retry,False,0.0,1
CASE_001175,UNSEEN_CUST_00519,retry,True,46721.63,1
CASE_001176,UNSEEN_CUST_00520,retry,True,10789.72,1
CASE_001177,UNSEEN_CUST_00520,retry,False,0.0,1
CASE_001178,UNSEEN_CUST_00521,retry,False,0.0,1
CASE_001179,UNSEEN_CUST_00521,retry,False,0.0,1
CASE_001180,UNSEEN_CUST_00522,retry,True,71593.54,1
CASE_001181,UNSEEN_CUST_00523,retry,False,0.0,1
CASE_001182,UNSEEN_CUST_00523,retry,True,57887.35,1
CASE_001183,UNSEEN_CUST_00523,retry,False,0.0,1
CASE_001184,UNSEEN_CUST_00523,retry,False,0.0,1
CASE_001185,UNSEEN_CUST_00523,retry,False,0.0,1
CASE_001186,UNSEEN_CUST_00524,retry,False,0.0,1
CASE_001187,UNSEEN_CUST_00524,retry,True,4344.65,1
CASE_001188,UNSEEN_CUST_00524,retry,True,3850.07,1
CASE_001189,UNSEEN_CUST_00525,retry,False,0.0,1
CASE_001190,UNSEEN_CUST_00525,retry,False,0.0,1
CASE_001191,UNSEEN_CUST_00525,retry,False,0.0,1
CASE_001192,UNSEEN_CUST_00526,retry,False,0.0,1
CASE_001193,UNSEEN_CUST_00526,retry,False,0.0,1
CASE_001194,UNSEEN_CUST_00527,retry,False,0.0,1
CASE_001195,UNSEEN_CUST_00527,retry,False,0.0,1
CASE_001196,UNSEEN_CUST_00528,retry,False,0.0,1
CASE_001197,UNSEEN_CUST_00528,retry,True,13832.55,1
CASE_001198,UNSEEN_CUST_00530,retry,False,0.0,1
CASE_001199,UNSEEN_CUST_00530,retry,False,0.0,1
CASE_001200,UNSEEN_CUST_00530,retry,False,0.0,1
CASE_001201,UNSEEN_CUST_00531,retry,False,0.0,1
CASE_001202,UNSEEN_CUST_00531,retry,False,0.0,1
CASE_001203,UNSEEN_CUST_00531,retry,False,0.0,1
CASE_001204,UNSEEN_CUST_00532,retry,True,42293.99,1
CASE_001205,UNSEEN_CUST_00532,retry,True,25106.09,1
CASE_001206,UNSEEN_CUST_00534,retry,False,0.0,1
CASE_001207,UNSEEN_CUST_00537,retry,False,0.0,1
CASE_001208,UNSEEN_CUST_00538,retry,True,24628.91,1
CASE_001209,UNSEEN_CUST_00539,retry,False,0.0,1
CASE_001210,UNSEEN_CUST_00540,retry,False,0.0,1
CASE_001211,UNSEEN_CUST_00540,retry,True,17494.84,1
CASE_001212,UNSEEN_CUST_00540,retry,True,15435.82,1
CASE_001213,UNSEEN_CUST_00542,retry,True,2381.3,1
CASE_001214,UNSEEN_CUST_00542,retry,False,0.0,1
CASE_001215,UNSEEN_CUST_00543,retry,True,639.41,1
CASE_001216,UNSEEN_CUST_00543,retry,True,8694.04,1
CASE_001217,UNSEEN_CUST_00544,retry,False,0.0,1
CASE_001218,UNSEEN_CUST_00544,retry,False,0.0,1
CASE_001219,UNSEEN_CUST_00546,retry,False,0.0,1
CASE_001220,UNSEEN_CUST_00547,retry,True,4595.18,1
CASE_001221,UNSEEN_CUST_00548,retry,False,0.0,1
CASE_001222,UNSEEN_CUST_00548,retry,False,0.0,1
CASE_001223,UNSEEN_CUST_00550,retry,True,8858.93,1
CASE_001224,UNSEEN_CUST_00551,retry,True,2578.63,1
CASE_001225,UNSEEN_CUST_00551,retry,True,60093.27,1
CASE_001226,UNSEEN_CUST_00552,retry,False,0.0,1
CASE_001227,UNSEEN_CUST_00552,retry,False,0.0,1
CASE_001228,UNSEEN_CUST_00552,retry,False,0.0,1
CASE_001229,UNSEEN_CUST_00553,retry,False,0.0,1
CASE_001230,UNSEEN_CUST_00553,retry,False,0.0,1
CASE_001231,UNSEEN_CUST_00553,retry,True,52759.9,1
CASE_001232,UNSEEN_CUST_00554,retry,False,0.0,1
CASE_001233,UNSEEN_CUST_00555,retry,True,6182.41,1
CASE_001234,UNSEEN_CUST_00556,retry,False,0.0,1
CASE_001235,UNSEEN_CUST_00556,retry,False,0.0,1
CASE_001236,UNSEEN_CUST_00556,retry,False,0.0,1
CASE_001237,UNSEEN_CUST_00557,retry,False,0.0,1
CASE_001238,UNSEEN_CUST_00557,retry,False,0.0,1
CASE_001239,UNSEEN_CUST_00558,retry,True,35496.47,1
CASE_001240,UNSEEN_CUST_00558,retry,False,0.0,1
CASE_001241,UNSEEN_CUST_00558,retry,False,0.0,1
CASE_001242,UNSEEN_CUST_00560,retry,True,39089.67,1
CASE_001243,UNSEEN_CUST_00560,retry,True,31134.45,1
CASE_001244,UNSEEN_CUST_00560,retry,True,5017.38,1
CASE_001245,UNSEEN_CUST_00561,retry,False,0.0,1
CASE_001246,UNSEEN_CUST_00561,retry,True,26626.72,1
CASE_001247,UNSEEN_CUST_00563,retry,False,0.0,1
CASE_001248,UNSEEN_CUST_00563,retry,False,0.0,1
CASE_001249,UNSEEN_CUST_00564,retry,False,0.0,1
CASE_001250,UNSEEN_CUST_00564,retry,True,20478.59,1
CASE_001251,UNSEEN_CUST_00565,retry,False,0.0,1
CASE_001252,UNSEEN_CUST_00565,retry,False,0.0,1
CASE_001253,UNSEEN_CUST_00565,retry,False,0.0,1
CASE_001254,UNSEEN_CUST_00566,retry,True,37270.76,1
CASE_001255,UNSEEN_CUST_00567,retry,True,57660.13,1
CASE_001256,UNSEEN_CUST_00567,retry,True,15801.58,1
CASE_001257,UNSEEN_CUST_00568,retry,False,0.0,1
CASE_001258,UNSEEN_CUST_00568,retry,False,0.0,1
CASE_001259,UNSEEN_CUST_00569,retry,False,0.0,1
CASE_001260,UNSEEN_CUST_00571,retry,True,46285.19,1
CASE_001261,UNSEEN_CUST_00571,retry,True,11435.89,1
CASE_001262,UNSEEN_CUST_00572,retry,False,0.0,1
CASE_001263,UNSEEN_CUST_00573,retry,False,0.0,1
CASE_001264,UNSEEN_CUST_00574,retry,True,47007.32,1
CASE_001265,UNSEEN_CUST_00574,retry,False,0.0,1
CASE_001266,UNSEEN_CUST_00576,retry,True,24102.65,1
CASE_001267,UNSEEN_CUST_00576,retry,False,0.0,1
CASE_001268,UNSEEN_CUST_00576,retry,False,0.0,1
CASE_001269,UNSEEN_CUST_00577,retry,False,0.0,1
CASE_001270,UNSEEN_CUST_00577,retry,False,0.0,1
CASE_001271,UNSEEN_CUST_00577,retry,False,0.0,1
CASE_001272,UNSEEN_CUST_00579,retry,False,0.0,1
CASE_001273,UNSEEN_CUST_00579,retry,True,85303.63,1
CASE_001274,UNSEEN_CUST_00580,retry,False,0.0,1
CASE_001275,UNSEEN_CUST_00580,retry,False,0.0,1
CASE_001276,UNSEEN_CUST_00581,retry,True,600.13,1
CASE_001277,UNSEEN_CUST_00581,retry,False,0.0,1
CASE_001278,UNSEEN_CUST_00583,retry,False,0.0,1
CASE_001279,UNSEEN_CUST_00583,retry,False,0.0,1
CASE_001280,UNSEEN_CUST_00584,retry,False,0.0,1
CASE_001281,UNSEEN_CUST_00585,retry,False,0.0,1
CASE_001282,UNSEEN_CUST_00586,retry,True,24679.39,1
CASE_001283,UNSEEN_CUST_00587,retry,False,0.0,1
CASE_001284,UNSEEN_CUST_00588,retry,False,0.0,1
CASE_001285,UNSEEN_CUST_00589,retry,True,45554.27,1
CASE_001286,UNSEEN_CUST_00589,retry,True,19846.03,1
CASE_001287,UNSEEN_CUST_00591,retry,False,0.0,1
CASE_001288,UNSEEN_CUST_00593,retry,False,0.0,1
CASE_001289,UNSEEN_CUST_00594,retry,False,0.0,1
CASE_001290,UNSEEN_CUST_00595,retry,True,9135.77,1
CASE_001291,UNSEEN_CUST_00595,retry,False,0.0,1
CASE_001292,UNSEEN_CUST_00595,retry,True,22062.51,1
CASE_001293,UNSEEN_CUST_00595,retry,False,0.0,1
CASE_001294,UNSEEN_CUST_00596,retry,False,0.0,1
CASE_001295,UNSEEN_CUST_00596,retry,False,0.0,1
CASE_001296,UNSEEN_CUST_00596,retry,True,41321.01,1
CASE_001297,UNSEEN_CUST_00596,retry,False,0.0,1
CASE_001298,UNSEEN_CUST_00598,retry,True,3495.75,1
CASE_001299,UNSEEN_CUST_00599,retry,True,41549.73,1
CASE_001300,UNSEEN_CUST_00601,retry,False,0.0,1
CASE_001301,UNSEEN_CUST_00601,retry,False,0.0,1
CASE_001302,UNSEEN_CUST_00603,retry,False,0.0,1
CASE_001303,UNSEEN_CUST_00604,retry,False,0.0,1
CASE_001304,UNSEEN_CUST_00604,retry,False,0.0,1
CASE_001305,UNSEEN_CUST_00604,retry,True,7143.47,1
CASE_001306,UNSEEN_CUST_00605,retry,True,94100.36,1
CASE_001307,UNSEEN_CUST_00606,retry,False,0.0,1
CASE_001308,UNSEEN_CUST_00607,retry,False,0.0,1
CASE_001309,UNSEEN_CUST_00607,retry,True,30566.26,1
CASE_001310,UNSEEN_CUST_00607,retry,True,10690.83,1
CASE_001311,UNSEEN_CUST_00607,retry,False,0.0,1
CASE_001312,UNSEEN_CUST_00608,retry,False,0.0,1
CASE_001313,UNSEEN_CUST_00609,retry,True,23879.94,1
CASE_001314,UNSEEN_CUST_00611,retry,True,4570.36,1
CASE_001315,UNSEEN_CUST_00611,retry,False,0.0,1
CASE_001316,UNSEEN_CUST_00611,retry,True,24057.79,1
CASE_001317,UNSEEN_CUST_00611,retry,False,0.0,1
CASE_001318,UNSEEN_CUST_00611,retry,True,14644.92,1
CASE_001319,UNSEEN_CUST_00612,retry,False,0.0,1
CASE_001320,UNSEEN_CUST_00614,retry,False,0.0,1
CASE_001321,UNSEEN_CUST_00615,retry,True,3898.76,1
CASE_001322,UNSEEN_CUST_00616,retry,False,0.0,1
CASE_001323,UNSEEN_CUST_00617,retry,True,33270.14,1
CASE_001324,UNSEEN_CUST_00617,retry,False,0.0,1
CASE_001325,UNSEEN_CUST_00618,retry,True,41343.72,1
CASE_001326,UNSEEN_CUST_00618,retry,True,15858.99,1
CASE_001327,UNSEEN_CUST_00618,retry,False,0.0,1
CASE_001328,UNSEEN_CUST_00619,retry,False,0.0,1
CASE_001329,UNSEEN_CUST_00620,retry,True,10948.09,1
CASE_001330,UNSEEN_CUST_00620,retry,False,0.0,1
CASE_001331,UNSEEN_CUST_00620,retry,False,0.0,1
CASE_001332,UNSEEN_CUST_00621,retry,False,0.0,1
CASE_001333,UNSEEN_CUST_00621,retry,True,116829.33,1
CASE_001334,UNSEEN_CUST_00622,retry,False,0.0,1
CASE_001335,UNSEEN_CUST_00622,retry,False,0.0,1
CASE_001336,UNSEEN_CUST_00622,retry,True,75042.47,1
CASE_001337,UNSEEN_CUST_00624,retry,False,0.0,1
CASE_001338,UNSEEN_CUST_00625,retry,True,9869.97,1
CASE_001339,UNSEEN_CUST_00627,retry,True,41458.73,1
CASE_001340,UNSEEN_CUST_00629,retry,False,0.0,1
CASE_001341,UNSEEN_CUST_00629,retry,False,0.0,1
CASE_001342,UNSEEN_CUST_00632,retry,False,0.0,1
CASE_001343,UNSEEN_CUST_00633,retry,True,10605.23,1
CASE_001344,UNSEEN_CUST_00634,retry,False,0.0,1
CASE_001345,UNSEEN_CUST_00634,retry,False,0.0,1
CASE_001346,UNSEEN_CUST_00634,retry,True,35536.09,1
CASE_001347,UNSEEN_CUST_00634,retry,False,0.0,1
CASE_001348,UNSEEN_CUST_00636,retry,False,0.0,1
CASE_001349,UNSEEN_CUST_00636,retry,False,0.0,1
CASE_001350,UNSEEN_CUST_00636,retry,False,0.0,1
CASE_001351,UNSEEN_CUST_00636,retry,True,31325.41,1
CASE_001352,UNSEEN_CUST_00636,retry,True,16004.05,1
CASE_001353,UNSEEN_CUST_00638,retry,False,0.0,1
CASE_001354,UNSEEN_CUST_00639,retry,False,0.0,1
CASE_001355,UNSEEN_CUST_00640,retry,True,23827.63,1
CASE_001356,UNSEEN_CUST_00640,retry,False,0.0,1
CASE_001357,UNSEEN_CUST_00642,retry,False,0.0,1
CASE_001358,UNSEEN_CUST_00642,retry,False,0.0,1
CASE_001359,UNSEEN_CUST_00643,retry,True,47716.94,1
CASE_001360,UNSEEN_CUST_00643,retry,True,7204.12,1
CASE_001361,UNSEEN_CUST_00644,retry,False,0.0,1
CASE_001362,UNSEEN_CUST_00645,retry,True,31118.42,1
CASE_001363,UNSEEN_CUST_00645,retry,False,0.0,1
CASE_001364,UNSEEN_CUST_00646,retry,True,40441.07,1
CASE_001365,UNSEEN_CUST_00646,retry,True,44284.27,1
CASE_001366,UNSEEN_CUST_00646,retry,False,0.0,1
CASE_001367,UNSEEN_CUST_00647,retry,True,13715.05,1
CASE_001368,UNSEEN_CUST_00650,retry,False,0.0,1
CASE_001369,UNSEEN_CUST_00652,retry,True,10566.17,1
CASE_001370,UNSEEN_CUST_00653,retry,True,21336.38,1
CASE_001371,UNSEEN_CUST_00653,retry,True,7161.36,1
CASE_001372,UNSEEN_CUST_00654,retry,False,0.0,1
CASE_001373,UNSEEN_CUST_00654,retry,True,11462.53,1
CASE_001374,UNSEEN_CUST_00654,retry,False,0.0,1
CASE_001375,UNSEEN_CUST_00654,retry,False,0.0,1
CASE_001376,UNSEEN_CUST_00654,retry,False,0.0,1
CASE_001377,UNSEEN_CUST_00657,retry,False,0.0,1
CASE_001378,UNSEEN_CUST_00657,retry,False,0.0,1
CASE_001379,UNSEEN_CUST_00657,retry,False,0.0,1
CASE_001380,UNSEEN_CUST_00657,retry,False,0.0,1
CASE_001381,UNSEEN_CUST_00659,retry,False,0.0,1
CASE_001382,UNSEEN_CUST_00660,retry,False,0.0,1
CASE_001383,UNSEEN_CUST_00662,retry,False,0.0,1
CASE_001384,UNSEEN_CUST_00662,retry,False,0.0,1
CASE_001385,UNSEEN_CUST_00663,retry,False,0.0,1
CASE_001386,UNSEEN_CUST_00664,retry,True,16777.49,1
CASE_001387,UNSEEN_CUST_00665,retry,False,0.0,1
CASE_001388,UNSEEN_CUST_00665,retry,True,12247.74,1
CASE_001389,UNSEEN_CUST_00666,retry,False,0.0,1
CASE_001390,UNSEEN_CUST_00666,retry,True,5469.45,1
CASE_001391,UNSEEN_CUST_00667,retry,True,81621.33,1
CASE_001392,UNSEEN_CUST_00667,retry,False,0.0,1
CASE_001393,UNSEEN_CUST_00667,retry,False,0.0,1
CASE_001394,UNSEEN_CUST_00669,retry,False,0.0,1
CASE_001395,UNSEEN_CUST_00669,retry,False,0.0,1
CASE_001396,UNSEEN_CUST_00670,retry,False,0.0,1
CASE_001397,UNSEEN_CUST_00670,retry,True,61276.49,1
CASE_001398,UNSEEN_CUST_00670,retry,True,23749.75,1
CASE_001399,UNSEEN_CUST_00670,retry,False,0.0,1
CASE_001400,UNSEEN_CUST_00672,retry,False,0.0,1
CASE_001401,UNSEEN_CUST_00672,retry,False,0.0,1
CASE_001402,UNSEEN_CUST_00674,retry,False,0.0,1
CASE_001403,UNSEEN_CUST_00674,retry,True,58508.03,1
CASE_001404,UNSEEN_CUST_00675,retry,False,0.0,1
CASE_001405,UNSEEN_CUST_00675,retry,True,25444.39,1
CASE_001406,UNSEEN_CUST_00675,retry,False,0.0,1
CASE_001407,UNSEEN_CUST_00676,retry,False,0.0,1
CASE_001408,UNSEEN_CUST_00676,retry,False,0.0,1
CASE_001409,UNSEEN_CUST_00677,retry,False,0.0,1
CASE_001410,UNSEEN_CUST_00677,retry,False,0.0,1
CASE_001411,UNSEEN_CUST_00679,retry,False,0.0,1
CASE_001412,UNSEEN_CUST_00679,retry,False,0.0,1
CASE_001413,UNSEEN_CUST_00679,retry,False,0.0,1
CASE_001414,UNSEEN_CUST_00680,retry,True,4183.79,1
CASE_001415,UNSEEN_CUST_00680,retry,False,0.0,1
CASE_001416,UNSEEN_CUST_00681,retry,False,0.0,1
CASE_001417,UNSEEN_CUST_00681,retry,False,0.0,1
CASE_001418,UNSEEN_CUST_00683,retry,True,819.23,1
CASE_001419,UNSEEN_CUST_00683,retry,False,0.0,1
CASE_001420,UNSEEN_CUST_00683,retry,False,0.0,1
CASE_001421,UNSEEN_CUST_00684,retry,True,91425.29,1
CASE_001422,UNSEEN_CUST_00686,retry,True,3880.35,1
CASE_001423,UNSEEN_CUST_00687,retry,True,8068.48,1
CASE_001424,UNSEEN_CUST_00687,retry,False,0.0,1
CASE_001425,UNSEEN_CUST_00687,retry,True,86509.99,1
CASE_001426,UNSEEN_CUST_00690,retry,False,0.0,1
CASE_001427,UNSEEN_CUST_00690,retry,True,20831.19,1
CASE_001428,UNSEEN_CUST_00690,retry,True,36086.5,1
CASE_001429,UNSEEN_CUST_00690,retry,False,0.0,1
CASE_001430,UNSEEN_CUST_00690,retry,False,0.0,1
CASE_001431,UNSEEN_CUST_00691,retry,False,0.0,1
CASE_001432,UNSEEN_CUST_00692,retry,False,0.0,1
CASE_001433,UNSEEN_CUST_00693,retry,True,5762.31,1
CASE_001434,UNSEEN_CUST_00695,retry,False,0.0,1
CASE_001435,UNSEEN_CUST_00696,retry,False,0.0,1
CASE_001436,UNSEEN_CUST_00697,retry,False,0.0,1
CASE_001437,UNSEEN_CUST_00697,retry,False,0.0,1
CASE_001438,UNSEEN_CUST_00697,retry,False,0.0,1
CASE_001439,UNSEEN_CUST_00698,retry,True,6374.94,1
CASE_001440,UNSEEN_CUST_00698,retry,False,0.0,1
CASE_001441,UNSEEN_CUST_00698,retry,True,6117.71,1
CASE_001442,UNSEEN_CUST_00699,retry,True,75122.3,1
CASE_001443,UNSEEN_CUST_00700,retry,False,0.0,1
CASE_001444,UNSEEN_CUST_00701,retry,False,0.0,1
CASE_001445,UNSEEN_CUST_00702,retry,False,0.0,1
CASE_001446,UNSEEN_CUST_00702,retry,True,2834.55,1
CASE_001447,UNSEEN_CUST_00702,retry,True,5904.82,1
CASE_001448,UNSEEN_CUST_00703,retry,False,0.0,1
CASE_001449,UNSEEN_CUST_00703,retry,False,0.0,1
CASE_001450,UNSEEN_CUST_00704,retry,True,80853.13,1
CASE_001451,UNSEEN_CUST_00704,retry,True,71422.02,1
CASE_001452,UNSEEN_CUST_00705,retry,False,0.0,1
CASE_001453,UNSEEN_CUST_00707,retry,True,6380.3,1
CASE_001454,UNSEEN_CUST_00708,retry,False,0.0,1
CASE_001455,UNSEEN_CUST_00708,retry,False,0.0,1
CASE_001456,UNSEEN_CUST_00708,retry,True,14313.45,1
CASE_001457,UNSEEN_CUST_00709,retry,True,137231.68,1
CASE_001458,UNSEEN_CUST_00712,retry,True,18962.97,1
CASE_001459,UNSEEN_CUST_00713,retry,False,0.0,1
CASE_001460,UNSEEN_CUST_00715,retry,True,3792.24,1
CASE_001461,UNSEEN_CUST_00715,retry,False,0.0,1
CASE_001462,UNSEEN_CUST_00717,retry,False,0.0,1
CASE_001463,UNSEEN_CUST_00717,retry,False,0.0,1
CASE_001464,UNSEEN_CUST_00718,retry,True,39361.38,1
CASE_001465,UNSEEN_CUST_00718,retry,True,6511.07,1
CASE_001466,UNSEEN_CUST_00718,retry,False,0.0,1
CASE_001467,UNSEEN_CUST_00719,retry,True,962.75,1
CASE_001468,UNSEEN_CUST_00719,retry,False,0.0,1
CASE_001469,UNSEEN_CUST_00719,retry,False,0.0,1
CASE_001470,UNSEEN_CUST_00719,retry,False,0.0,1
CASE_001471,UNSEEN_CUST_00720,retry,False,0.0,1
CASE_001472,UNSEEN_CUST_00720,retry,False,0.0,1
CASE_001473,UNSEEN_CUST_00721,retry,False,0.0,1
CASE_001474,UNSEEN_CUST_00721,retry,False,0.0,1
CASE_001475,UNSEEN_CUST_00721,retry,True,68367.17,1
CASE_001476,UNSEEN_CUST_00722,retry,False,0.0,1
CASE_001477,UNSEEN_CUST_00722,retry,True,22115.92,1
CASE_001478,UNSEEN_CUST_00724,retry,False,0.0,1
CASE_001479,UNSEEN_CUST_00724,retry,False,0.0,1
CASE_001480,UNSEEN_CUST_00725,retry,False,0.0,1
CASE_001481,UNSEEN_CUST_00725,retry,True,42971.13,1
CASE_001482,UNSEEN_CUST_00726,retry,True,27091.56,1
CASE_001483,UNSEEN_CUST_00726,retry,False,0.0,1
CASE_001484,UNSEEN_CUST_00729,retry,True,97520.59,1
CASE_001485,UNSEEN_CUST_00729,retry,False,0.0,1
CASE_001486,UNSEEN_CUST_00730,retry,False,0.0,1
CASE_001487,UNSEEN_CUST_00730,retry,True,28512.03,1
CASE_001488,UNSEEN_CUST_00732,retry,True,39853.07,1
CASE_001489,UNSEEN_CUST_00732,retry,False,0.0,1
CASE_001490,UNSEEN_CUST_00732,retry,True,13013.79,1
CASE_001491,UNSEEN_CUST_00733,retry,True,70804.37,1
CASE_001492,UNSEEN_CUST_00733,retry,True,9837.83,1
CASE_001493,UNSEEN_CUST_00734,retry,True,4159.71,1
CASE_001494,UNSEEN_CUST_00734,retry,True,15681.99,1
CASE_001495,UNSEEN_CUST_00735,retry,False,0.0,1
CASE_001496,UNSEEN_CUST_00736,retry,True,19761.5,1
CASE_001497,UNSEEN_CUST_00737,retry,False,0.0,1
CASE_001498,UNSEEN_CUST_00738,retry,False,0.0,1
CASE_001499,UNSEEN_CUST_00739,retry,False,0.0,1
CASE_001500,UNSEEN_CUST_00739,retry,False,0.0,1
CASE_001501,UNSEEN_CUST_00739,retry,True,28187.15,1
CASE_001502,UNSEEN_CUST_00740,retry,True,40865.89,1
CASE_001503,UNSEEN_CUST_00740,retry,False,0.0,1
CASE_001504,UNSEEN_CUST_00741,retry,True,8908.2,1
CASE_001505,UNSEEN_CUST_00743,retry,False,0.0,1
CASE_001506,UNSEEN_CUST_00743,retry,False,0.0,1
CASE_001507,UNSEEN_CUST_00743,retry,False,0.0,1
CASE_001508,UNSEEN_CUST_00744,retry,False,0.0,1
CASE_001509,UNSEEN_CUST_00746,retry,False,0.0,1
CASE_001510,UNSEEN_CUST_00747,retry,True,8752.01,1
CASE_001511,UNSEEN_CUST_00747,retry,False,0.0,1
CASE_001512,UNSEEN_CUST_00749,retry,False,0.0,1
CASE_001513,UNSEEN_CUST_00749,retry,False,0.0,1
CASE_001514,UNSEEN_CUST_00749,retry,False,0.0,1
CASE_001515,UNSEEN_CUST_00749,retry,False,0.0,1
CASE_001516,UNSEEN_CUST_00749,retry,False,0.0,1
CASE_001517,UNSEEN_CUST_00749,retry,False,0.0,1
CASE_001518,UNSEEN_CUST_00750,retry,False,0.0,1
CASE_001519,UNSEEN_CUST_00750,retry,True,66670.51,1
CASE_001520,UNSEEN_CUST_00750,retry,True,3766.49,1
CASE_001521,UNSEEN_CUST_00751,retry,True,51282.72,1
CASE_001522,UNSEEN_CUST_00752,retry,True,4212.16,1
CASE_001523,UNSEEN_CUST_00752,retry,False,0.0,1
CASE_001524,UNSEEN_CUST_00754,retry,False,0.0,1
CASE_001525,UNSEEN_CUST_00754,retry,True,42545.5,1
CASE_001526,UNSEEN_CUST_00755,retry,True,1149.98,1
CASE_001527,UNSEEN_CUST_00756,retry,False,0.0,1
CASE_001528,UNSEEN_CUST_00756,retry,True,82736.99,1
CASE_001529,UNSEEN_CUST_00757,retry,False,0.0,1
CASE_001530,UNSEEN_CUST_00757,retry,False,0.0,1
CASE_001531,UNSEEN_CUST_00758,retry,True,4246.6,1
CASE_001532,UNSEEN_CUST_00758,retry,False,0.0,1
CASE_001533,UNSEEN_CUST_00759,retry,True,12340.54,1
CASE_001534,UNSEEN_CUST_00760,retry,False,0.0,1
CASE_001535,UNSEEN_CUST_00760,retry,True,34046.16,1
CASE_001536,UNSEEN_CUST_00761,retry,False,0.0,1
CASE_001537,UNSEEN_CUST_00762,retry,False,0.0,1
CASE_001538,UNSEEN_CUST_00765,retry,False,0.0,1
CASE_001539,UNSEEN_CUST_00766,retry,False,0.0,1
CASE_001540,UNSEEN_CUST_00767,retry,False,0.0,1
CASE_001541,UNSEEN_CUST_00768,retry,False,0.0,1
CASE_001542,UNSEEN_CUST_00769,retry,False,0.0,1
CASE_001543,UNSEEN_CUST_00769,retry,True,7930.39,1
CASE_001544,UNSEEN_CUST_00769,retry,True,63352.62,1
CASE_001545,UNSEEN_CUST_00770,retry,True,39257.7,1
CASE_001546,UNSEEN_CUST_00771,retry,False,0.0,1
CASE_001547,UNSEEN_CUST_00772,retry,True,48416.17,1
CASE_001548,UNSEEN_CUST_00772,retry,True,22899.53,1
CASE_001549,UNSEEN_CUST_00773,retry,False,0.0,1
CASE_001550,UNSEEN_CUST_00774,retry,False,0.0,1
CASE_001551,UNSEEN_CUST_00774,retry,False,0.0,1
CASE_001552,UNSEEN_CUST_00775,retry,False,0.0,1
CASE_001553,UNSEEN_CUST_00777,retry,False,0.0,1
CASE_001554,UNSEEN_CUST_00777,retry,True,2911.14,1
CASE_001555,UNSEEN_CUST_00778,retry,True,4344.05,1
CASE_001556,UNSEEN_CUST_00779,retry,True,40238.43,1
CASE_001557,UNSEEN_CUST_00780,retry,False,0.0,1
CASE_001558,UNSEEN_CUST_00783,retry,False,0.0,1
CASE_001559,UNSEEN_CUST_00783,retry,False,0.0,1
CASE_001560,UNSEEN_CUST_00784,retry,False,0.0,1
CASE_001561,UNSEEN_CUST_00785,retry,True,5599.23,1
CASE_001562,UNSEEN_CUST_00785,retry,False,0.0,1
CASE_001563,UNSEEN_CUST_00786,retry,False,0.0,1
CASE_001564,UNSEEN_CUST_00786,retry,False,0.0,1
CASE_001565,UNSEEN_CUST_00786,retry,False,0.0,1
CASE_001566,UNSEEN_CUST_00786,retry,False,0.0,1
CASE_001567,UNSEEN_CUST_00787,retry,False,0.0,1
CASE_001568,UNSEEN_CUST_00787,retry,True,87312.94,1
CASE_001569,UNSEEN_CUST_00788,retry,True,15382.25,1
CASE_001570,UNSEEN_CUST_00792,retry,True,4139.72,1
CASE_001571,UNSEEN_CUST_00793,retry,True,7731.05,1
CASE_001572,UNSEEN_CUST_00796,retry,False,0.0,1
CASE_001573,UNSEEN_CUST_00797,retry,False,0.0,1
CASE_001574,UNSEEN_CUST_00799,retry,True,2064.32,1
CASE_001575,UNSEEN_CUST_00800,retry,False,0.0,1
CASE_001576,UNSEEN_CUST_00800,retry,False,0.0,1
CASE_001577,UNSEEN_CUST_00801,retry,False,0.0,1
CASE_001578,UNSEEN_CUST_00801,retry,False,0.0,1
CASE_001579,UNSEEN_CUST_00802,retry,True,79105.65,1
CASE_001580,UNSEEN_CUST_00803,retry,False,0.0,1
CASE_001581,UNSEEN_CUST_00803,retry,False,0.0,1
CASE_001582,UNSEEN_CUST_00803,retry,True,31292.11,1
CASE_001583,UNSEEN_CUST_00805,retry,False,0.0,1
CASE_001584,UNSEEN_CUST_00805,retry,False,0.0,1
CASE_001585,UNSEEN_CUST_00807,retry,True,7325.96,1
CASE_001586,UNSEEN_CUST_00807,retry,False,0.0,1
CASE_001587,UNSEEN_CUST_00809,retry,False,0.0,1
CASE_001588,UNSEEN_CUST_00810,retry,False,0.0,1
CASE_001589,UNSEEN_CUST_00811,retry,True,2150.66,1
CASE_001590,UNSEEN_CUST_00812,retry,False,0.0,1
CASE_001591,UNSEEN_CUST_00813,retry,False,0.0,1
CASE_001592,UNSEEN_CUST_00813,retry,False,0.0,1
CASE_001593,UNSEEN_CUST_00813,retry,False,0.0,1
CASE_001594,UNSEEN_CUST_00813,retry,True,43834.0,1
CASE_001595,UNSEEN_CUST_00814,retry,False,0.0,1
CASE_001596,UNSEEN_CUST_00814,retry,False,0.0,1
CASE_001597,UNSEEN_CUST_00815,retry,True,6550.57,1
CASE_001598,UNSEEN_CUST_00815,retry,True,68195.41,1
CASE_001599,UNSEEN_CUST_00819,retry,False,0.0,1
CASE_001600,UNSEEN_CUST_00820,retry,False,0.0,1
CASE_001601,UNSEEN_CUST_00821,retry,False,0.0,1
CASE_001602,UNSEEN_CUST_00821,retry,True,36297.96,1
CASE_001603,UNSEEN_CUST_00822,retry,False,0.0,1
CASE_001604,UNSEEN_CUST_00822,retry,False,0.0,1
CASE_001605,UNSEEN_CUST_00822,retry,True,15476.97,1
CASE_001606,UNSEEN_CUST_00823,retry,False,0.0,1
CASE_001607,UNSEEN_CUST_00824,retry,False,0.0,1
CASE_001608,UNSEEN_CUST_00824,retry,True,3648.38,1
CASE_001609,UNSEEN_CUST_00824,retry,True,9317.69,1
CASE_001610,UNSEEN_CUST_00824,retry,False,0.0,1
CASE_001611,UNSEEN_CUST_00825,retry,False,0.0,1
CASE_001612,UNSEEN_CUST_00827,retry,True,37063.97,1
CASE_001613,UNSEEN_CUST_00827,retry,True,26113.85,1
CASE_001614,UNSEEN_CUST_00827,retry,False,0.0,1
CASE_001615,UNSEEN_CUST_00829,retry,False,0.0,1
CASE_001616,UNSEEN_CUST_00829,retry,True,29412.67,1
CASE_001617,UNSEEN_CUST_00830,retry,False,0.0,1
CASE_001618,UNSEEN_CUST_00831,retry,False,0.0,1
CASE_001619,UNSEEN_CUST_00832,retry,False,0.0,1
CASE_001620,UNSEEN_CUST_00832,retry,False,0.0,1
CASE_001621,UNSEEN_CUST_00833,retry,False,0.0,1
CASE_001622,UNSEEN_CUST_00835,retry,False,0.0,1
CASE_001623,UNSEEN_CUST_00836,retry,False,0.0,1
CASE_001624,UNSEEN_CUST_00836,retry,False,0.0,1
CASE_001625,UNSEEN_CUST_00839,retry,False,0.0,1
CASE_001626,UNSEEN_CUST_00839,retry,True,41123.24,1
CASE_001627,UNSEEN_CUST_00839,retry,True,10037.83,1
CASE_001628,UNSEEN_CUST_00840,retry,True,11986.52,1
CASE_001629,UNSEEN_CUST_00840,retry,False,0.0,1
CASE_001630,UNSEEN_CUST_00840,retry,True,34365.51,1
CASE_001631,UNSEEN_CUST_00840,retry,False,0.0,1
CASE_001632,UNSEEN_CUST_00841,retry,False,0.0,1
CASE_001633,UNSEEN_CUST_00841,retry,True,14919.68,1
CASE_001634,UNSEEN_CUST_00842,retry,False,0.0,1
CASE_001635,UNSEEN_CUST_00842,retry,False,0.0,1
CASE_001636,UNSEEN_CUST_00844,retry,False,0.0,1
CASE_001637,UNSEEN_CUST_00844,retry,False,0.0,1
CASE_001638,UNSEEN_CUST_00845,retry,False,0.0,1
CASE_001639,UNSEEN_CUST_00845,retry,False,0.0,1
CASE_001640,UNSEEN_CUST_00845,retry,False,0.0,1
CASE_001641,UNSEEN_CUST_00847,retry,False,0.0,1
CASE_001642,UNSEEN_CUST_00848,retry,False,0.0,1
CASE_001643,UNSEEN_CUST_00849,retry,True,19957.04,1
CASE_001644,UNSEEN_CUST_00849,retry,True,46688.01,1
CASE_001645,UNSEEN_CUST_00849,retry,False,0.0,1
CASE_001646,UNSEEN_CUST_00849,retry,True,21260.95,1
CASE_001647,UNSEEN_CUST_00851,retry,False,0.0,1
CASE_001648,UNSEEN_CUST_00852,retry,False,0.0,1
CASE_001649,UNSEEN_CUST_00852,retry,True,2868.04,1
CASE_001650,UNSEEN_CUST_00853,retry,True,45732.31,1
CASE_001651,UNSEEN_CUST_00855,retry,False,0.0,1
CASE_001652,UNSEEN_CUST_00856,retry,True,5456.97,1
CASE_001653,UNSEEN_CUST_00856,retry,True,17314.55,1
CASE_001654,UNSEEN_CUST_00856,retry,False,0.0,1
CASE_001655,UNSEEN_CUST_00858,retry,False,0.0,1
CASE_001656,UNSEEN_CUST_00858,retry,True,8274.59,1
CASE_001657,UNSEEN_CUST_00860,retry,True,11246.57,1
CASE_001658,UNSEEN_CUST_00861,retry,True,18446.71,1
CASE_001659,UNSEEN_CUST_00861,retry,False,0.0,1
CASE_001660,UNSEEN_CUST_00861,retry,True,38546.35,1
CASE_001661,UNSEEN_CUST_00862,retry,False,0.0,1
CASE_001662,UNSEEN_CUST_00863,retry,False,0.0,1
CASE_001663,UNSEEN_CUST_00864,retry,True,14858.26,1
CASE_001664,UNSEEN_CUST_00864,retry,False,0.0,1
CASE_001665,UNSEEN_CUST_00865,retry,True,9779.18,1
CASE_001666,UNSEEN_CUST_00865,retry,False,0.0,1
CASE_001667,UNSEEN_CUST_00865,retry,False,0.0,1
CASE_001668,UNSEEN_CUST_00866,retry,True,24279.07,1
CASE_001669,UNSEEN_CUST_00867,retry,True,25904.13,1
CASE_001670,UNSEEN_CUST_00868,retry,False,0.0,1
CASE_001671,UNSEEN_CUST_00868,retry,False,0.0,1
CASE_001672,UNSEEN_CUST_00868,retry,False,0.0,1
CASE_001673,UNSEEN_CUST_00868,retry,False,0.0,1
CASE_001674,UNSEEN_CUST_00870,retry,False,0.0,1
CASE_001675,UNSEEN_CUST_00870,retry,False,0.0,1
CASE_001676,UNSEEN_CUST_00871,retry,False,0.0,1
CASE_001677,UNSEEN_CUST_00872,retry,True,7173.25,1
CASE_001678,UNSEEN_CUST_00873,retry,True,48394.42,1
CASE_001679,UNSEEN_CUST_00874,retry,True,2020.77,1
CASE_001680,UNSEEN_CUST_00874,retry,False,0.0,1
CASE_001681,UNSEEN_CUST_00875,retry,False,0.0,1
CASE_001682,UNSEEN_CUST_00876,retry,False,0.0,1
CASE_001683,UNSEEN_CUST_00876,retry,False,0.0,1
CASE_001684,UNSEEN_CUST_00877,retry,False,0.0,1
CASE_001685,UNSEEN_CUST_00877,retry,False,0.0,1
CASE_001686,UNSEEN_CUST_00878,retry,False,0.0,1
CASE_001687,UNSEEN_CUST_00883,retry,True,7918.68,1
CASE_001688,UNSEEN_CUST_00884,retry,True,17983.32,1
CASE_001689,UNSEEN_CUST_00884,retry,True,26326.66,1
CASE_001690,UNSEEN_CUST_00886,retry,False,0.0,1
CASE_001691,UNSEEN_CUST_00887,retry,False,0.0,1
CASE_001692,UNSEEN_CUST_00888,retry,True,10411.24,1
CASE_001693,UNSEEN_CUST_00888,retry,True,6102.03,1
CASE_001694,UNSEEN_CUST_00888,retry,True,5134.14,1
CASE_001695,UNSEEN_CUST_00889,retry,True,22024.78,1
CASE_001696,UNSEEN_CUST_00891,retry,True,2248.1,1
CASE_001697,UNSEEN_CUST_00891,retry,False,0.0,1
CASE_001698,UNSEEN_CUST_00891,retry,False,0.0,1
CASE_001699,UNSEEN_CUST_00892,retry,False,0.0,1
CASE_001700,UNSEEN_CUST_00892,retry,False,0.0,1
CASE_001701,UNSEEN_CUST_00893,retry,False,0.0,1
CASE_001702,UNSEEN_CUST_00893,retry,True,17265.23,1
CASE_001703,UNSEEN_CUST_00898,retry,False,0.0,1
CASE_001704,UNSEEN_CUST_00899,retry,False,0.0,1
CASE_001705,UNSEEN_CUST_00899,retry,False,0.0,1
CASE_001706,UNSEEN_CUST_00900,retry,True,13244.4,1
CASE_001707,UNSEEN_CUST_00901,retry,True,72804.18,1
CASE_001708,UNSEEN_CUST_00901,retry,False,0.0,1
CASE_001709,UNSEEN_CUST_00901,retry,True,39422.14,1
CASE_001710,UNSEEN_CUST_00901,retry,True,1049.77,1
CASE_001711,UNSEEN_CUST_00901,retry,False,0.0,1
CASE_001712,UNSEEN_CUST_00903,retry,False,0.0,1
CASE_001713,UNSEEN_CUST_00903,retry,False,0.0,1
CASE_001714,UNSEEN_CUST_00903,retry,False,0.0,1
CASE_001715,UNSEEN_CUST_00904,retry,True,5550.7,1
CASE_001716,UNSEEN_CUST_00904,retry,False,0.0,1
CASE_001717,UNSEEN_CUST_00905,retry,False,0.0,1
CASE_001718,UNSEEN_CUST_00905,retry,True,18825.55,1
CASE_001719,UNSEEN_CUST_00905,retry,True,86679.69,1
CASE_001720,UNSEEN_CUST_00907,retry,False,0.0,1
CASE_001721,UNSEEN_CUST_00907,retry,True,35008.81,1
CASE_001722,UNSEEN_CUST_00908,retry,True,15690.16,1
CASE_001723,UNSEEN_CUST_00908,retry,True,48038.75,1
CASE_001724,UNSEEN_CUST_00908,retry,False,0.0,1
CASE_001725,UNSEEN_CUST_00909,retry,True,10087.64,1
CASE_001726,UNSEEN_CUST_00909,retry,False,0.0,1
CASE_001727,UNSEEN_CUST_00909,retry,True,21158.35,1
CASE_001728,UNSEEN_CUST_00909,retry,False,0.0,1
CASE_001729,UNSEEN_CUST_00910,retry,False,0.0,1
CASE_001730,UNSEEN_CUST_00911,retry,False,0.0,1
CASE_001731,UNSEEN_CUST_00911,retry,False,0.0,1
CASE_001732,UNSEEN_CUST_00911,retry,False,0.0,1
CASE_001733,UNSEEN_CUST_00912,retry,False,0.0,1
CASE_001734,UNSEEN_CUST_00912,retry,False,0.0,1
CASE_001735,UNSEEN_CUST_00913,retry,False,0.0,1
CASE_001736,UNSEEN_CUST_00913,retry,False,0.0,1
CASE_001737,UNSEEN_CUST_00913,retry,False,0.0,1
CASE_001738,UNSEEN_CUST_00915,retry,True,6808.22,1
CASE_001739,UNSEEN_CUST_00916,retry,False,0.0,1
CASE_001740,UNSEEN_CUST_00916,retry,False,0.0,1
CASE_001741,UNSEEN_CUST_00917,retry,True,1458.13,1
CASE_001742,UNSEEN_CUST_00917,retry,False,0.0,1
CASE_001743,UNSEEN_CUST_00918,retry,False,0.0,1
CASE_001744,UNSEEN_CUST_00919,retry,False,0.0,1
CASE_001745,UNSEEN_CUST_00919,retry,True,4249.57,1
CASE_001746,UNSEEN_CUST_00919,retry,False,0.0,1
CASE_001747,UNSEEN_CUST_00920,retry,True,12289.8,1
CASE_001748,UNSEEN_CUST_00921,retry,True,26753.84,1
CASE_001749,UNSEEN_CUST_00922,retry,False,0.0,1
CASE_001750,UNSEEN_CUST_00923,retry,True,20146.44,1
CASE_001751,UNSEEN_CUST_00925,retry,False,0.0,1
CASE_001752,UNSEEN_CUST_00925,retry,False,0.0,1
CASE_001753,UNSEEN_CUST_00928,retry,False,0.0,1
CASE_001754,UNSEEN_CUST_00929,retry,False,0.0,1
CASE_001755,UNSEEN_CUST_00929,retry,False,0.0,1
CASE_001756,UNSEEN_CUST_00929,retry,False,0.0,1
CASE_001757,UNSEEN_CUST_00931,retry,True,1274.35,1
CASE_001758,UNSEEN_CUST_00932,retry,False,0.0,1
CASE_001759,UNSEEN_CUST_00935,retry,True,35418.62,1
CASE_001760,UNSEEN_CUST_00935,retry,True,35663.92,1
CASE_001761,UNSEEN_CUST_00937,retry,True,10952.34,1
CASE_001762,UNSEEN_CUST_00937,retry,False,0.0,1
CASE_001763,UNSEEN_CUST_00937,retry,False,0.0,1
CASE_001764,UNSEEN_CUST_00938,retry,True,19206.94,1
CASE_001765,UNSEEN_CUST_00938,retry,True,15597.77,1
CASE_001766,UNSEEN_CUST_00939,retry,True,3873.49,1
CASE_001767,UNSEEN_CUST_00940,retry,False,0.0,1
CASE_001768,UNSEEN_CUST_00940,retry,True,14906.97,1
CASE_001769,UNSEEN_CUST_00941,retry,True,5132.01,1
CASE_001770,UNSEEN_CUST_00941,retry,False,0.0,1
CASE_001771,UNSEEN_CUST_00941,retry,False,0.0,1
CASE_001772,UNSEEN_CUST_00941,retry,True,33043.6,1
CASE_001773,UNSEEN_CUST_00941,retry,True,21151.66,1
CASE_001774,UNSEEN_CUST_00942,retry,False,0.0,1
CASE_001775,UNSEEN_CUST_00943,retry,False,0.0,1
CASE_001776,UNSEEN_CUST_00943,retry,False,0.0,1
CASE_001777,UNSEEN_CUST_00944,retry,True,6262.35,1
CASE_001778,UNSEEN_CUST_00945,retry,False,0.0,1
CASE_001779,UNSEEN_CUST_00945,retry,False,0.0,1
CASE_001780,UNSEEN_CUST_00946,retry,True,19469.11,1
CASE_001781,UNSEEN_CUST_00946,retry,False,0.0,1
CASE_001782,UNSEEN_CUST_00948,retry,False,0.0,1
CASE_001783,UNSEEN_CUST_00949,retry,False,0.0,1
CASE_001784,UNSEEN_CUST_00949,retry,True,2006.66,1
CASE_001785,UNSEEN_CUST_00950,retry,False,0.0,1
CASE_001786,UNSEEN_CUST_00952,retry,True,5099.71,1
CASE_001787,UNSEEN_CUST_00952,retry,False,0.0,1
CASE_001788,UNSEEN_CUST_00952,retry,False,0.0,1
CASE_001789,UNSEEN_CUST_00953,retry,False,0.0,1
CASE_001790,UNSEEN_CUST_00953,retry,True,35122.62,1
CASE_001791,UNSEEN_CUST_00954,retry,False,0.0,1
CASE_001792,UNSEEN_CUST_00955,retry,True,4773.93,1
CASE_001793,UNSEEN_CUST_00955,retry,False,0.0,1
CASE_001794,UNSEEN_CUST_00955,retry,False,0.0,1
CASE_001795,UNSEEN_CUST_00956,retry,True,20423.56,1
CASE_001796,UNSEEN_CUST_00956,retry,False,0.0,1
CASE_001797,UNSEEN_CUST_00958,retry,False,0.0,1
CASE_001798,UNSEEN_CUST_00959,retry,False,0.0,1
CASE_001799,UNSEEN_CUST_00959,retry,False,0.0,1
CASE_001800,UNSEEN_CUST_00959,retry,False,0.0,1
CASE_001801,UNSEEN_CUST_00961,retry,False,0.0,1
CASE_001802,UNSEEN_CUST_00961,retry,False,0.0,1
CASE_001803,UNSEEN_CUST_00961,retry,True,18808.12,1
CASE_001804,UNSEEN_CUST_00961,retry,True,40697.96,1
CASE_001805,UNSEEN_CUST_00962,retry,False,0.0,1
CASE_001806,UNSEEN_CUST_00962,retry,True,5768.19,1
CASE_001807,UNSEEN_CUST_00962,retry,True,19747.43,1
CASE_001808,UNSEEN_CUST_00963,retry,True,13232.95,1
CASE_001809,UNSEEN_CUST_00963,retry,True,2759.21,1
CASE_001810,UNSEEN_CUST_00964,retry,False,0.0,1
CASE_001811,UNSEEN_CUST_00965,retry,True,37449.88,1
CASE_001812,UNSEEN_CUST_00966,retry,False,0.0,1
CASE_001813,UNSEEN_CUST_00966,retry,True,44759.76,1
CASE_001814,UNSEEN_CUST_00968,retry,False,0.0,1
CASE_001815,UNSEEN_CUST_00969,retry,False,0.0,1
CASE_001816,UNSEEN_CUST_00970,retry,True,5049.22,1
CASE_001817,UNSEEN_CUST_00971,retry,True,17587.07,1
CASE_001818,UNSEEN_CUST_00971,retry,False,0.0,1
CASE_001819,UNSEEN_CUST_00972,retry,True,99887.8,1
CASE_001820,UNSEEN_CUST_00972,retry,False,0.0,1
CASE_001821,UNSEEN_CUST_00974,retry,False,0.0,1
CASE_001822,UNSEEN_CUST_00974,retry,True,95866.33,1
CASE_001823,UNSEEN_CUST_00974,retry,True,86810.75,1
CASE_001824,UNSEEN_CUST_00975,retry,True,34296.54,1
CASE_001825,UNSEEN_CUST_00977,retry,False,0.0,1
CASE_001826,UNSEEN_CUST_00979,retry,False,0.0,1
CASE_001827,UNSEEN_CUST_00979,retry,False,0.0,1
CASE_001828,UNSEEN_CUST_00979,retry,True,22754.93,1
CASE_001829,UNSEEN_CUST_00979,retry,False,0.0,1
CASE_001830,UNSEEN_CUST_00980,retry,False,0.0,1
CASE_001831,UNSEEN_CUST_00981,retry,True,11431.42,1
CASE_001832,UNSEEN_CUST_00981,retry,True,39580.99,1
CASE_001833,UNSEEN_CUST_00982,retry,False,0.0,1
CASE_001834,UNSEEN_CUST_00982,retry,True,10948.75,1
CASE_001835,UNSEEN_CUST_00982,retry,False,0.0,1
CASE_001836,UNSEEN_CUST_00982,retry,False,0.0,1
CASE_001837,UNSEEN_CUST_00983,retry,False,0.0,1
CASE_001838,UNSEEN_CUST_00984,retry,True,4115.41,1
CASE_001839,UNSEEN_CUST_00985,retry,False,0.0,1
CASE_001840,UNSEEN_CUST_00987,retry,True,1272.12,1
CASE_001841,UNSEEN_CUST_00987,retry,False,0.0,1
CASE_001842,UNSEEN_CUST_00988,retry,False,0.0,1
CASE_001843,UNSEEN_CUST_00989,retry,False,0.0,1
CASE_001844,UNSEEN_CUST_00991,retry,False,0.0,1
CASE_001845,UNSEEN_CUST_00992,retry,True,7499.18,1
CASE_001846,UNSEEN_CUST_00992,retry,False,0.0,1
CASE_001847,UNSEEN_CUST_00994,retry,True,34900.75,1
CASE_001848,UNSEEN_CUST_00996,retry,True,6166.76,1
CASE_001849,UNSEEN_CUST_00997,retry,False,0.0,1
CASE_001850,UNSEEN_CUST_00998,retry,False,0.0,1
CASE_001851,UNSEEN_CUST_00998,retry,False,0.0,1
CASE_001852,UNSEEN_CUST_00998,retry,True,24939.27,1
CASE_001853,UNSEEN_CUST_00998,retry,True,33052.22,1
CASE_001854,UNSEEN_CUST_00999,retry,False,0.0,1
CASE_001855,UNSEEN_CUST_01000,retry,True,42633.41,1
CASE_001856,UNSEEN_CUST_01001,retry,False,0.0,1
CASE_001857,UNSEEN_CUST_01002,retry,True,3561.95,1
CASE_001858,UNSEEN_CUST_01006,retry,False,0.0,1
CASE_001859,UNSEEN_CUST_01006,retry,True,51527.32,1
CASE_001860,UNSEEN_CUST_01007,retry,True,66251.16,1
CASE_001861,UNSEEN_CUST_01008,retry,False,0.0,1
CASE_001862,UNSEEN_CUST_01008,retry,False,0.0,1
CASE_001863,UNSEEN_CUST_01009,retry,False,0.0,1
CASE_001864,UNSEEN_CUST_01009,retry,True,8202.74,1
CASE_001865,UNSEEN_CUST_01010,retry,False,0.0,1
CASE_001866,UNSEEN_CUST_01011,retry,True,8932.61,1
CASE_001867,UNSEEN_CUST_01012,retry,False,0.0,1
CASE_001868,UNSEEN_CUST_01012,retry,False,0.0,1
CASE_001869,UNSEEN_CUST_01013,retry,False,0.0,1
CASE_001870,UNSEEN_CUST_01014,retry,True,15146.52,1
CASE_001871,UNSEEN_CUST_01014,retry,True,12684.75,1
CASE_001872,UNSEEN_CUST_01015,retry,True,27017.21,1
CASE_001873,UNSEEN_CUST_01015,retry,False,0.0,1
CASE_001874,UNSEEN_CUST_01017,retry,False,0.0,1
CASE_001875,UNSEEN_CUST_01019,retry,False,0.0,1
CASE_001876,UNSEEN_CUST_01020,retry,True,7815.87,1
CASE_001877,UNSEEN_CUST_01020,retry,False,0.0,1
CASE_001878,UNSEEN_CUST_01020,retry,False,0.0,1
CASE_001879,UNSEEN_CUST_01021,retry,True,11447.95,1
CASE_001880,UNSEEN_CUST_01022,retry,True,37556.78,1
CASE_001881,UNSEEN_CUST_01023,retry,False,0.0,1
CASE_001882,UNSEEN_CUST_01023,retry,True,16045.28,1
CASE_001883,UNSEEN_CUST_01025,retry,True,23433.89,1
CASE_001884,UNSEEN_CUST_01027,retry,True,4724.24,1
CASE_001885,UNSEEN_CUST_01027,retry,False,0.0,1
CASE_001886,UNSEEN_CUST_01028,retry,True,13855.65,1
CASE_001887,UNSEEN_CUST_01028,retry,False,0.0,1
CASE_001888,UNSEEN_CUST_01028,retry,True,1022.21,1
CASE_001889,UNSEEN_CUST_01028,retry,True,18388.33,1
CASE_001890,UNSEEN_CUST_01029,retry,False,0.0,1
CASE_001891,UNSEEN_CUST_01029,retry,False,0.0,1
CASE_001892,UNSEEN_CUST_01030,retry,True,42597.93,1
CASE_001893,UNSEEN_CUST_01032,retry,False,0.0,1
CASE_001894,UNSEEN_CUST_01032,retry,True,20175.57,1
CASE_001895,UNSEEN_CUST_01032,retry,False,0.0,1
CASE_001896,UNSEEN_CUST_01033,retry,True,9404.75,1
CASE_001897,UNSEEN_CUST_01033,retry,False,0.0,1
CASE_001898,UNSEEN_CUST_01033,retry,False,0.0,1
CASE_001899,UNSEEN_CUST_01034,retry,False,0.0,1
CASE_001900,UNSEEN_CUST_01035,retry,False,0.0,1
CASE_001901,UNSEEN_CUST_01036,retry,False,0.0,1
CASE_001902,UNSEEN_CUST_01037,retry,False,0.0,1
CASE_001903,UNSEEN_CUST_01037,retry,False,0.0,1
CASE_001904,UNSEEN_CUST_01038,retry,True,51685.75,1
CASE_001905,UNSEEN_CUST_01038,retry,False,0.0,1
CASE_001906,UNSEEN_CUST_01038,retry,True,93934.06,1
CASE_001907,UNSEEN_CUST_01039,retry,False,0.0,1
CASE_001908,UNSEEN_CUST_01040,retry,False,0.0,1
CASE_001909,UNSEEN_CUST_01040,retry,False,0.0,1
CASE_001910,UNSEEN_CUST_01042,retry,False,0.0,1
CASE_001911,UNSEEN_CUST_01043,retry,False,0.0,1
CASE_001912,UNSEEN_CUST_01043,retry,True,48207.5,1
CASE_001913,UNSEEN_CUST_01044,retry,True,18983.9,1
CASE_001914,UNSEEN_CUST_01044,retry,False,0.0,1
CASE_001915,UNSEEN_CUST_01044,retry,True,19665.51,1
CASE_001916,UNSEEN_CUST_01045,retry,False,0.0,1
CASE_001917,UNSEEN_CUST_01046,retry,False,0.0,1
CASE_001918,UNSEEN_CUST_01047,retry,True,45259.12,1
CASE_001919,UNSEEN_CUST_01048,retry,False,0.0,1
CASE_001920,UNSEEN_CUST_01049,retry,False,0.0,1
CASE_001921,UNSEEN_CUST_01050,retry,False,0.0,1
CASE_001922,UNSEEN_CUST_01051,retry,False,0.0,1
CASE_001923,UNSEEN_CUST_01051,retry,True,57779.71,1
CASE_001924,UNSEEN_CUST_01052,retry,False,0.0,1
CASE_001925,UNSEEN_CUST_01053,retry,False,0.0,1
CASE_001926,UNSEEN_CUST_01054,retry,False,0.0,1
CASE_001927,UNSEEN_CUST_01054,retry,False,0.0,1
CASE_001928,UNSEEN_CUST_01054,retry,False,0.0,1
CASE_001929,UNSEEN_CUST_01054,retry,False,0.0,1
CASE_001930,UNSEEN_CUST_01055,retry,False,0.0,1
CASE_001931,UNSEEN_CUST_01055,retry,False,0.0,1
CASE_001932,UNSEEN_CUST_01055,retry,False,0.0,1
CASE_001933,UNSEEN_CUST_01056,retry,False,0.0,1
CASE_001934,UNSEEN_CUST_01058,retry,False,0.0,1
CASE_001935,UNSEEN_CUST_01058,retry,False,0.0,1
CASE_001936,UNSEEN_CUST_01059,retry,False,0.0,1
CASE_001937,UNSEEN_CUST_01061,retry,False,0.0,1
CASE_001938,UNSEEN_CUST_01061,retry,True,26756.4,1
CASE_001939,UNSEEN_CUST_01061,retry,False,0.0,1
CASE_001940,UNSEEN_CUST_01062,retry,False,0.0,1
CASE_001941,UNSEEN_CUST_01064,retry,False,0.0,1
CASE_001942,UNSEEN_CUST_01064,retry,False,0.0,1
CASE_001943,UNSEEN_CUST_01065,retry,False,0.0,1
CASE_001944,UNSEEN_CUST_01065,retry,False,0.0,1
CASE_001945,UNSEEN_CUST_01065,retry,True,1602.35,1
CASE_001946,UNSEEN_CUST_01065,retry,False,0.0,1
CASE_001947,UNSEEN_CUST_01067,retry,True,88740.42,1
CASE_001948,UNSEEN_CUST_01067,retry,True,29395.86,1
CASE_001949,UNSEEN_CUST_01068,retry,True,4714.44,1
CASE_001950,UNSEEN_CUST_01068,retry,True,1433.33,1
CASE_001951,UNSEEN_CUST_01069,retry,False,0.0,1
CASE_001952,UNSEEN_CUST_01070,retry,False,0.0,1
CASE_001953,UNSEEN_CUST_01071,retry,True,24878.25,1
CASE_001954,UNSEEN_CUST_01071,retry,False,0.0,1
CASE_001955,UNSEEN_CUST_01072,retry,False,0.0,1
CASE_001956,UNSEEN_CUST_01072,retry,True,21634.64,1
CASE_001957,UNSEEN_CUST_01072,retry,True,3153.49,1
CASE_001958,UNSEEN_CUST_01072,retry,True,10574.66,1
CASE_001959,UNSEEN_CUST_01072,retry,True,17055.19,1
CASE_001960,UNSEEN_CUST_01073,retry,True,13676.85,1
CASE_001961,UNSEEN_CUST_01073,retry,False,0.0,1
CASE_001962,UNSEEN_CUST_01074,retry,True,32290.58,1
CASE_001963,UNSEEN_CUST_01074,retry,True,1106.2,1
CASE_001964,UNSEEN_CUST_01076,retry,True,5601.74,1
CASE_001965,UNSEEN_CUST_01076,retry,True,44211.13,1
CASE_001966,UNSEEN_CUST_01077,retry,True,49338.77,1
CASE_001967,UNSEEN_CUST_01078,retry,False,0.0,1
CASE_001968,UNSEEN_CUST_01079,retry,False,0.0,1
CASE_001969,UNSEEN_CUST_01080,retry,True,32921.02,1
CASE_001970,UNSEEN_CUST_01080,retry,False,0.0,1
CASE_001971,UNSEEN_CUST_01081,retry,False,0.0,1
CASE_001972,UNSEEN_CUST_01081,retry,False,0.0,1
CASE_001973,UNSEEN_CUST_01082,retry,False,0.0,1
CASE_001974,UNSEEN_CUST_01083,retry,False,0.0,1
CASE_001975,UNSEEN_CUST_01084,retry,False,0.0,1
CASE_001976,UNSEEN_CUST_01084,retry,False,0.0,1
CASE_001977,UNSEEN_CUST_01084,retry,False,0.0,1
CASE_001978,UNSEEN_CUST_01085,retry,False,0.0,1
CASE_001979,UNSEEN_CUST_01086,retry,True,65326.54,1
CASE_001980,UNSEEN_CUST_01086,retry,False,0.0,1
CASE_001981,UNSEEN_CUST_01086,retry,False,0.0,1
CASE_001982,UNSEEN_CUST_01086,retry,True,66699.95,1
CASE_001983,UNSEEN_CUST_01087,retry,True,23593.52,1
CASE_001984,UNSEEN_CUST_01087,retry,True,39030.99,1
CASE_001985,UNSEEN_CUST_01088,retry,False,0.0,1
CASE_001986,UNSEEN_CUST_01089,retry,False,0.0,1
CASE_001987,UNSEEN_CUST_01089,retry,False,0.0,1
CASE_001988,UNSEEN_CUST_01089,retry,True,23755.3,1
CASE_001989,UNSEEN_CUST_01089,retry,False,0.0,1
CASE_001990,UNSEEN_CUST_01090,retry,False,0.0,1
CASE_001991,UNSEEN_CUST_01090,retry,False,0.0,1
CASE_001992,UNSEEN_CUST_01090,retry,False,0.0,1
CASE_001993,UNSEEN_CUST_01090,retry,False,0.0,1
CASE_001994,UNSEEN_CUST_01090,retry,False,0.0,1
CASE_001995,UNSEEN_CUST_01091,retry,False,0.0,1
CASE_001996,UNSEEN_CUST_01092,retry,True,38291.37,1
CASE_001997,UNSEEN_CUST_01093,retry,True,9363.22,1
CASE_001998,UNSEEN_CUST_01095,retry,True,141956.28,1
CASE_001999,UNSEEN_CUST_01095,retry,True,38556.43,1
CASE_002000,UNSEEN_CUST_01095,retry,False,0.0,1
CASE_002001,UNSEEN_CUST_01097,retry,False,0.0,1
CASE_002002,UNSEEN_CUST_01097,retry,False,0.0,1
CASE_002003,UNSEEN_CUST_01097,retry,True,7451.14,1
CASE_002004,UNSEEN_CUST_01097,retry,False,0.0,1
CASE_002005,UNSEEN_CUST_01097,retry,False,0.0,1
CASE_002006,UNSEEN_CUST_01098,retry,True,37197.46,1
CASE_002007,UNSEEN_CUST_01098,retry,False,0.0,1
CASE_002008,UNSEEN_CUST_01099,retry,False,0.0,1
CASE_002009,UNSEEN_CUST_01100,retry,False,0.0,1
CASE_002010,UNSEEN_CUST_01101,retry,True,11084.57,1
CASE_002011,UNSEEN_CUST_01101,retry,True,21035.32,1
CASE_002012,UNSEEN_CUST_01104,retry,True,8235.86,1
CASE_002013,UNSEEN_CUST_01105,retry,True,27813.73,1
CASE_002014,UNSEEN_CUST_01105,retry,False,0.0,1
CASE_002015,UNSEEN_CUST_01106,retry,True,25293.43,1
CASE_002016,UNSEEN_CUST_01106,retry,False,0.0,1
CASE_002017,UNSEEN_CUST_01107,retry,False,0.0,1
CASE_002018,UNSEEN_CUST_01107,retry,True,8927.03,1
CASE_002019,UNSEEN_CUST_01108,retry,False,0.0,1
CASE_002020,UNSEEN_CUST_01108,retry,True,18618.94,1
CASE_002021,UNSEEN_CUST_01109,retry,True,40469.12,1
CASE_002022,UNSEEN_CUST_01110,retry,False,0.0,1
CASE_002023,UNSEEN_CUST_01111,retry,False,0.0,1
CASE_002024,UNSEEN_CUST_01113,retry,True,12521.61,1
CASE_002025,UNSEEN_CUST_01113,retry,False,0.0,1
CASE_002026,UNSEEN_CUST_01113,retry,True,68224.4,1
CASE_002027,UNSEEN_CUST_01114,retry,False,0.0,1
CASE_002028,UNSEEN_CUST_01114,retry,False,0.0,1
CASE_002029,UNSEEN_CUST_01116,retry,True,12369.78,1
CASE_002030,UNSEEN_CUST_01117,retry,False,0.0,1
CASE_002031,UNSEEN_CUST_01117,retry,False,0.0,1
CASE_002032,UNSEEN_CUST_01118,retry,True,47151.08,1
CASE_002033,UNSEEN_CUST_01118,retry,True,45665.28,1
CASE_002034,UNSEEN_CUST_01120,retry,True,4972.19,1
CASE_002035,UNSEEN_CUST_01120,retry,True,14177.63,1
CASE_002036,UNSEEN_CUST_01121,retry,False,0.0,1
CASE_002037,UNSEEN_CUST_01122,retry,False,0.0,1
CASE_002038,UNSEEN_CUST_01123,retry,False,0.0,1
CASE_002039,UNSEEN_CUST_01124,retry,False,0.0,1
CASE_002040,UNSEEN_CUST_01126,retry,False,0.0,1
CASE_002041,UNSEEN_CUST_01126,retry,True,40310.9,1
CASE_002042,UNSEEN_CUST_01129,retry,True,60246.85,1
CASE_002043,UNSEEN_CUST_01129,retry,True,9422.49,1
CASE_002044,UNSEEN_CUST_01130,retry,False,0.0,1
CASE_002045,UNSEEN_CUST_01132,retry,True,69907.33,1
CASE_002046,UNSEEN_CUST_01133,retry,True,39729.66,1
CASE_002047,UNSEEN_CUST_01133,retry,False,0.0,1
CASE_002048,UNSEEN_CUST_01134,retry,True,16174.15,1
CASE_002049,UNSEEN_CUST_01134,retry,False,0.0,1
CASE_002050,UNSEEN_CUST_01134,retry,False,0.0,1
CASE_002051,UNSEEN_CUST_01136,retry,False,0.0,1
CASE_002052,UNSEEN_CUST_01137,retry,False,0.0,1
CASE_002053,UNSEEN_CUST_01137,retry,False,0.0,1
CASE_002054,UNSEEN_CUST_01138,retry,True,43604.74,1
CASE_002055,UNSEEN_CUST_01138,retry,False,0.0,1
CASE_002056,UNSEEN_CUST_01138,retry,False,0.0,1
CASE_002057,UNSEEN_CUST_01138,retry,True,46825.38,1
CASE_002058,UNSEEN_CUST_01139,retry,True,17171.78,1
CASE_002059,UNSEEN_CUST_01140,retry,False,0.0,1
CASE_002060,UNSEEN_CUST_01141,retry,False,0.0,1
CASE_002061,UNSEEN_CUST_01142,retry,False,0.0,1
CASE_002062,UNSEEN_CUST_01142,retry,True,20870.13,1
CASE_002063,UNSEEN_CUST_01143,retry,True,13264.4,1
CASE_002064,UNSEEN_CUST_01147,retry,False,0.0,1
CASE_002065,UNSEEN_CUST_01147,retry,False,0.0,1
CASE_002066,UNSEEN_CUST_01147,retry,False,0.0,1
CASE_002067,UNSEEN_CUST_01148,retry,True,65693.73,1
CASE_002068,UNSEEN_CUST_01150,retry,False,0.0,1
CASE_002069,UNSEEN_CUST_01150,retry,False,0.0,1
CASE_002070,UNSEEN_CUST_01151,retry,False,0.0,1
CASE_002071,UNSEEN_CUST_01152,retry,False,0.0,1
CASE_002072,UNSEEN_CUST_01152,retry,False,0.0,1
CASE_002073,UNSEEN_CUST_01153,retry,False,0.0,1
CASE_002074,UNSEEN_CUST_01153,retry,False,0.0,1
CASE_002075,UNSEEN_CUST_01154,retry,False,0.0,1
CASE_002076,UNSEEN_CUST_01154,retry,True,31149.37,1
CASE_002077,UNSEEN_CUST_01156,retry,True,30305.43,1
CASE_002078,UNSEEN_CUST_01157,retry,False,0.0,1
CASE_002079,UNSEEN_CUST_01157,retry,False,0.0,1
CASE_002080,UNSEEN_CUST_01158,retry,False,0.0,1
CASE_002081,UNSEEN_CUST_01158,retry,False,0.0,1
CASE_002082,UNSEEN_CUST_01158,retry,False,0.0,1
CASE_002083,UNSEEN_CUST_01159,retry,False,0.0,1
CASE_002084,UNSEEN_CUST_01159,retry,False,0.0,1
CASE_002085,UNSEEN_CUST_01161,retry,False,0.0,1
CASE_002086,UNSEEN_CUST_01162,retry,False,0.0,1
CASE_002087,UNSEEN_CUST_01162,retry,True,23149.69,1
CASE_002088,UNSEEN_CUST_01163,retry,True,32846.05,1
CASE_002089,UNSEEN_CUST_01163,retry,False,0.0,1
CASE_002090,UNSEEN_CUST_01163,retry,False,0.0,1
CASE_002091,UNSEEN_CUST_01163,retry,True,16941.75,1
CASE_002092,UNSEEN_CUST_01163,retry,False,0.0,1
CASE_002093,UNSEEN_CUST_01164,retry,False,0.0,1
CASE_002094,UNSEEN_CUST_01165,retry,False,0.0,1
CASE_002095,UNSEEN_CUST_01165,retry,False,0.0,1
CASE_002096,UNSEEN_CUST_01166,retry,True,34651.08,1
CASE_002097,UNSEEN_CUST_01166,retry,True,37267.46,1
CASE_002098,UNSEEN_CUST_01166,retry,False,0.0,1
CASE_002099,UNSEEN_CUST_01168,retry,False,0.0,1
CASE_002100,UNSEEN_CUST_01170,retry,True,7594.03,1
CASE_002101,UNSEEN_CUST_01171,retry,False,0.0,1
CASE_002102,UNSEEN_CUST_01171,retry,True,17177.06,1
CASE_002103,UNSEEN_CUST_01173,retry,False,0.0,1
CASE_002104,UNSEEN_CUST_01174,retry,False,0.0,1
CASE_002105,UNSEEN_CUST_01174,retry,False,0.0,1
CASE_002106,UNSEEN_CUST_01175,retry,True,7749.51,1
CASE_002107,UNSEEN_CUST_01175,retry,False,0.0,1
CASE_002108,UNSEEN_CUST_01176,retry,False,0.0,1
CASE_002109,UNSEEN_CUST_01177,retry,True,88178.99,1
CASE_002110,UNSEEN_CUST_01177,retry,False,0.0,1
CASE_002111,UNSEEN_CUST_01179,retry,True,23487.34,1
CASE_002112,UNSEEN_CUST_01179,retry,False,0.0,1
CASE_002113,UNSEEN_CUST_01180,retry,True,14111.41,1
CASE_002114,UNSEEN_CUST_01180,retry,True,28149.01,1
CASE_002115,UNSEEN_CUST_01182,retry,False,0.0,1
CASE_002116,UNSEEN_CUST_01182,retry,False,0.0,1
CASE_002117,UNSEEN_CUST_01183,retry,False,0.0,1
CASE_002118,UNSEEN_CUST_01183,retry,False,0.0,1
CASE_002119,UNSEEN_CUST_01184,retry,True,14191.18,1
CASE_002120,UNSEEN_CUST_01184,retry,True,18899.44,1
CASE_002121,UNSEEN_CUST_01184,retry,False,0.0,1
CASE_002122,UNSEEN_CUST_01188,retry,False,0.0,1
CASE_002123,UNSEEN_CUST_01190,retry,True,27673.97,1
CASE_002124,UNSEEN_CUST_01191,retry,True,42374.88,1
CASE_002125,UNSEEN_CUST_01191,retry,False,0.0,1
CASE_002126,UNSEEN_CUST_01192,retry,False,0.0,1
CASE_002127,UNSEEN_CUST_01192,retry,True,9350.89,1
CASE_002128,UNSEEN_CUST_01193,retry,False,0.0,1
CASE_002129,UNSEEN_CUST_01193,retry,False,0.0,1
CASE_002130,UNSEEN_CUST_01195,retry,False,0.0,1
CASE_002131,UNSEEN_CUST_01197,retry,False,0.0,1
CASE_002132,UNSEEN_CUST_01198,retry,False,0.0,1
CASE_002133,UNSEEN_CUST_01198,retry,False,0.0,1
CASE_002134,UNSEEN_CUST_01198,retry,True,12046.88,1
CASE_002135,UNSEEN_CUST_01199,retry,False,0.0,1
CASE_002136,UNSEEN_CUST_01201,retry,False,0.0,1
CASE_002137,UNSEEN_CUST_01201,retry,False,0.0,1
CASE_002138,UNSEEN_CUST_01202,retry,False,0.0,1
CASE_002139,UNSEEN_CUST_01203,retry,True,21292.49,1
CASE_002140,UNSEEN_CUST_01205,retry,True,23060.03,1
CASE_002141,UNSEEN_CUST_01205,retry,False,0.0,1
CASE_002142,UNSEEN_CUST_01205,retry,True,2987.24,1
CASE_002143,UNSEEN_CUST_01206,retry,False,0.0,1
CASE_002144,UNSEEN_CUST_01206,retry,False,0.0,1
CASE_002145,UNSEEN_CUST_01207,retry,True,23729.03,1
CASE_002146,UNSEEN_CUST_01207,retry,False,0.0,1
CASE_002147,UNSEEN_CUST_01207,retry,False,0.0,1
CASE_002148,UNSEEN_CUST_01210,retry,False,0.0,1
CASE_002149,UNSEEN_CUST_01211,retry,True,4808.11,1
CASE_002150,UNSEEN_CUST_01211,retry,False,0.0,1
CASE_002151,UNSEEN_CUST_01212,retry,False,0.0,1
CASE_002152,UNSEEN_CUST_01212,retry,False,0.0,1
CASE_002153,UNSEEN_CUST_01213,retry,False,0.0,1
CASE_002154,UNSEEN_CUST_01214,retry,False,0.0,1
CASE_002155,UNSEEN_CUST_01215,retry,False,0.0,1
CASE_002156,UNSEEN_CUST_01216,retry,False,0.0,1
CASE_002157,UNSEEN_CUST_01217,retry,False,0.0,1
CASE_002158,UNSEEN_CUST_01217,retry,True,5301.37,1
CASE_002159,UNSEEN_CUST_01217,retry,False,0.0,1
CASE_002160,UNSEEN_CUST_01218,retry,True,10892.39,1
CASE_002161,UNSEEN_CUST_01218,retry,False,0.0,1
CASE_002162,UNSEEN_CUST_01218,retry,False,0.0,1
CASE_002163,UNSEEN_CUST_01219,retry,True,32214.11,1
CASE_002164,UNSEEN_CUST_01220,retry,True,54107.89,1
CASE_002165,UNSEEN_CUST_01221,retry,True,24920.86,1
CASE_002166,UNSEEN_CUST_01221,retry,False,0.0,1
CASE_002167,UNSEEN_CUST_01222,retry,False,0.0,1
CASE_002168,UNSEEN_CUST_01224,retry,False,0.0,1
CASE_002169,UNSEEN_CUST_01224,retry,True,46058.13,1
CASE_002170,UNSEEN_CUST_01226,retry,True,20728.49,1
CASE_002171,UNSEEN_CUST_01229,retry,True,31367.05,1
CASE_002172,UNSEEN_CUST_01230,retry,True,1909.64,1
CASE_002173,UNSEEN_CUST_01231,retry,False,0.0,1
CASE_002174,UNSEEN_CUST_01233,retry,False,0.0,1
CASE_002175,UNSEEN_CUST_01236,retry,True,1178.35,1
CASE_002176,UNSEEN_CUST_01237,retry,False,0.0,1
CASE_002177,UNSEEN_CUST_01237,retry,False,0.0,1
CASE_002178,UNSEEN_CUST_01238,retry,False,0.0,1
CASE_002179,UNSEEN_CUST_01238,retry,True,27738.64,1
CASE_002180,UNSEEN_CUST_01239,retry,True,24372.16,1
CASE_002181,UNSEEN_CUST_01239,retry,False,0.0,1
CASE_002182,UNSEEN_CUST_01239,retry,False,0.0,1
CASE_002183,UNSEEN_CUST_01240,retry,False,0.0,1
CASE_002184,UNSEEN_CUST_01240,retry,True,32064.51,1
CASE_002185,UNSEEN_CUST_01241,retry,True,26977.65,1
CASE_002186,UNSEEN_CUST_01241,retry,False,0.0,1
CASE_002187,UNSEEN_CUST_01241,retry,True,27693.57,1
CASE_002188,UNSEEN_CUST_01241,retry,True,45646.66,1
CASE_002189,UNSEEN_CUST_01242,retry,False,0.0,1
CASE_002190,UNSEEN_CUST_01242,retry,False,0.0,1
CASE_002191,UNSEEN_CUST_01242,retry,False,0.0,1
CASE_002192,UNSEEN_CUST_01244,retry,False,0.0,1
CASE_002193,UNSEEN_CUST_01246,retry,False,0.0,1
CASE_002194,UNSEEN_CUST_01248,retry,False,0.0,1
CASE_002195,UNSEEN_CUST_01248,retry,False,0.0,1
CASE_002196,UNSEEN_CUST_01248,retry,True,24927.83,1
CASE_002197,UNSEEN_CUST_01250,retry,True,34676.48,1
CASE_002198,UNSEEN_CUST_01250,retry,True,26722.1,1
CASE_002199,UNSEEN_CUST_01251,retry,False,0.0,1
CASE_002200,UNSEEN_CUST_01253,retry,True,4736.88,1
CASE_002201,UNSEEN_CUST_01254,retry,False,0.0,1
CASE_002202,UNSEEN_CUST_01256,retry,False,0.0,1
CASE_002203,UNSEEN_CUST_01256,retry,False,0.0,1
CASE_002204,UNSEEN_CUST_01256,retry,True,10486.14,1
CASE_002205,UNSEEN_CUST_01257,retry,False,0.0,1
CASE_002206,UNSEEN_CUST_01259,retry,False,0.0,1
CASE_002207,UNSEEN_CUST_01260,retry,True,14149.94,1
CASE_002208,UNSEEN_CUST_01261,retry,False,0.0,1
CASE_002209,UNSEEN_CUST_01261,retry,False,0.0,1
CASE_002210,UNSEEN_CUST_01261,retry,False,0.0,1
CASE_002211,UNSEEN_CUST_01262,retry,False,0.0,1
CASE_002212,UNSEEN_CUST_01264,retry,False,0.0,1
CASE_002213,UNSEEN_CUST_01264,retry,False,0.0,1
CASE_002214,UNSEEN_CUST_01264,retry,True,9974.16,1
CASE_002215,UNSEEN_CUST_01265,retry,False,0.0,1
CASE_002216,UNSEEN_CUST_01266,retry,False,0.0,1
CASE_002217,UNSEEN_CUST_01266,retry,False,0.0,1
CASE_002218,UNSEEN_CUST_01268,retry,False,0.0,1
CASE_002219,UNSEEN_CUST_01269,retry,False,0.0,1
CASE_002220,UNSEEN_CUST_01270,retry,True,71551.75,1
CASE_002221,UNSEEN_CUST_01270,retry,False,0.0,1
CASE_002222,UNSEEN_CUST_01271,retry,False,0.0,1
CASE_002223,UNSEEN_CUST_01271,retry,False,0.0,1
CASE_002224,UNSEEN_CUST_01272,retry,False,0.0,1
CASE_002225,UNSEEN_CUST_01272,retry,False,0.0,1
CASE_002226,UNSEEN_CUST_01272,retry,True,31566.17,1
CASE_002227,UNSEEN_CUST_01273,retry,False,0.0,1
CASE_002228,UNSEEN_CUST_01273,retry,True,2019.6,1
CASE_002229,UNSEEN_CUST_01274,retry,False,0.0,1
CASE_002230,UNSEEN_CUST_01274,retry,False,0.0,1
CASE_002231,UNSEEN_CUST_01275,retry,False,0.0,1
CASE_002232,UNSEEN_CUST_01276,retry,True,21358.4,1
CASE_002233,UNSEEN_CUST_01276,retry,True,8956.66,1
CASE_002234,UNSEEN_CUST_01277,retry,False,0.0,1
CASE_002235,UNSEEN_CUST_01277,retry,False,0.0,1
CASE_002236,UNSEEN_CUST_01279,retry,False,0.0,1
CASE_002237,UNSEEN_CUST_01280,retry,True,9881.67,1
CASE_002238,UNSEEN_CUST_01280,retry,True,11858.24,1
CASE_002239,UNSEEN_CUST_01280,retry,True,30259.59,1
CASE_002240,UNSEEN_CUST_01280,retry,False,0.0,1
CASE_002241,UNSEEN_CUST_01282,retry,False,0.0,1
CASE_002242,UNSEEN_CUST_01282,retry,False,0.0,1
CASE_002243,UNSEEN_CUST_01282,retry,True,46467.02,1
CASE_002244,UNSEEN_CUST_01283,retry,False,0.0,1
CASE_002245,UNSEEN_CUST_01283,retry,True,10936.02,1
CASE_002246,UNSEEN_CUST_01284,retry,True,28431.44,1
CASE_002247,UNSEEN_CUST_01284,retry,False,0.0,1
CASE_002248,UNSEEN_CUST_01285,retry,False,0.0,1
CASE_002249,UNSEEN_CUST_01285,retry,False,0.0,1
CASE_002250,UNSEEN_CUST_01285,retry,False,0.0,1
CASE_002251,UNSEEN_CUST_01286,retry,True,10727.15,1
CASE_002252,UNSEEN_CUST_01287,retry,False,0.0,1
CASE_002253,UNSEEN_CUST_01287,retry,False,0.0,1
CASE_002254,UNSEEN_CUST_01287,retry,False,0.0,1
CASE_002255,UNSEEN_CUST_01287,retry,False,0.0,1
CASE_002256,UNSEEN_CUST_01288,retry,False,0.0,1
CASE_002257,UNSEEN_CUST_01289,retry,False,0.0,1
CASE_002258,UNSEEN_CUST_01290,retry,False,0.0,1
CASE_002259,UNSEEN_CUST_01290,retry,True,37764.28,1
CASE_002260,UNSEEN_CUST_01291,retry,False,0.0,1
CASE_002261,UNSEEN_CUST_01291,retry,False,0.0,1
CASE_002262,UNSEEN_CUST_01292,retry,True,27107.75,1
CASE_002263,UNSEEN_CUST_01293,retry,False,0.0,1
CASE_002264,UNSEEN_CUST_01293,retry,False,0.0,1
CASE_002265,UNSEEN_CUST_01293,retry,False,0.0,1
CASE_002266,UNSEEN_CUST_01295,retry,False,0.0,1
CASE_002267,UNSEEN_CUST_01296,retry,False,0.0,1
CASE_002268,UNSEEN_CUST_01296,retry,True,41701.53,1
CASE_002269,UNSEEN_CUST_01296,retry,False,0.0,1
CASE_002270,UNSEEN_CUST_01298,retry,True,44820.87,1
CASE_002271,UNSEEN_CUST_01298,retry,False,0.0,1
CASE_002272,UNSEEN_CUST_01299,retry,False,0.0,1
CASE_002273,UNSEEN_CUST_01299,retry,False,0.0,1
CASE_002274,UNSEEN_CUST_01300,retry,False,0.0,1
CASE_002275,UNSEEN_CUST_01300,retry,True,32004.4,1
CASE_002276,UNSEEN_CUST_01300,retry,False,0.0,1
CASE_002277,UNSEEN_CUST_01301,retry,True,14051.41,1
CASE_002278,UNSEEN_CUST_01302,retry,False,0.0,1
CASE_002279,UNSEEN_CUST_01306,retry,False,0.0,1
CASE_002280,UNSEEN_CUST_01307,retry,False,0.0,1
CASE_002281,UNSEEN_CUST_01307,retry,False,0.0,1
CASE_002282,UNSEEN_CUST_01308,retry,False,0.0,1
CASE_002283,UNSEEN_CUST_01308,retry,False,0.0,1
CASE_002284,UNSEEN_CUST_01309,retry,False,0.0,1
CASE_002285,UNSEEN_CUST_01309,retry,False,0.0,1
CASE_002286,UNSEEN_CUST_01310,retry,False,0.0,1
CASE_002287,UNSEEN_CUST_01312,retry,True,12807.08,1
CASE_002288,UNSEEN_CUST_01313,retry,False,0.0,1
CASE_002289,UNSEEN_CUST_01313,retry,False,0.0,1
CASE_002290,UNSEEN_CUST_01314,retry,False,0.0,1
CASE_002291,UNSEEN_CUST_01315,retry,False,0.0,1
CASE_002292,UNSEEN_CUST_01315,retry,False,0.0,1
CASE_002293,UNSEEN_CUST_01315,retry,True,39136.42,1
CASE_002294,UNSEEN_CUST_01316,retry,False,0.0,1
CASE_002295,UNSEEN_CUST_01317,retry,True,21983.08,1
CASE_002296,UNSEEN_CUST_01320,retry,True,17117.3,1
CASE_002297,UNSEEN_CUST_01320,retry,True,38115.65,1
CASE_002298,UNSEEN_CUST_01321,retry,False,0.0,1
CASE_002299,UNSEEN_CUST_01323,retry,False,0.0,1
CASE_002300,UNSEEN_CUST_01323,retry,False,0.0,1
CASE_002301,UNSEEN_CUST_01323,retry,False,0.0,1
CASE_002302,UNSEEN_CUST_01324,retry,True,43754.67,1
CASE_002303,UNSEEN_CUST_01326,retry,True,29064.81,1
CASE_002304,UNSEEN_CUST_01327,retry,False,0.0,1
CASE_002305,UNSEEN_CUST_01328,retry,False,0.0,1
CASE_002306,UNSEEN_CUST_01328,retry,False,0.0,1
CASE_002307,UNSEEN_CUST_01329,retry,True,29403.69,1
CASE_002308,UNSEEN_CUST_01330,retry,False,0.0,1
CASE_002309,UNSEEN_CUST_01330,retry,True,14483.64,1
CASE_002310,UNSEEN_CUST_01331,retry,True,18194.45,1
CASE_002311,UNSEEN_CUST_01331,retry,False,0.0,1
CASE_002312,UNSEEN_CUST_01331,retry,False,0.0,1
CASE_002313,UNSEEN_CUST_01332,retry,False,0.0,1
CASE_002314,UNSEEN_CUST_01332,retry,False,0.0,1
CASE_002315,UNSEEN_CUST_01334,retry,True,4428.47,1
CASE_002316,UNSEEN_CUST_01334,retry,False,0.0,1
CASE_002317,UNSEEN_CUST_01335,retry,True,19041.97,1
CASE_002318,UNSEEN_CUST_01335,retry,False,0.0,1
CASE_002319,UNSEEN_CUST_01335,retry,False,0.0,1
CASE_002320,UNSEEN_CUST_01335,retry,True,10340.64,1
CASE_002321,UNSEEN_CUST_01335,retry,False,0.0,1
CASE_002322,UNSEEN_CUST_01335,retry,False,0.0,1
CASE_002323,UNSEEN_CUST_01337,retry,True,22759.41,1
CASE_002324,UNSEEN_CUST_01337,retry,True,12388.87,1
CASE_002325,UNSEEN_CUST_01337,retry,False,0.0,1
CASE_002326,UNSEEN_CUST_01338,retry,True,48223.04,1
CASE_002327,UNSEEN_CUST_01339,retry,True,10477.87,1
CASE_002328,UNSEEN_CUST_01340,retry,False,0.0,1
CASE_002329,UNSEEN_CUST_01342,retry,True,14629.55,1
CASE_002330,UNSEEN_CUST_01342,retry,False,0.0,1
CASE_002331,UNSEEN_CUST_01342,retry,True,5837.48,1
CASE_002332,UNSEEN_CUST_01343,retry,True,37062.96,1
CASE_002333,UNSEEN_CUST_01343,retry,False,0.0,1
CASE_002334,UNSEEN_CUST_01343,retry,False,0.0,1
CASE_002335,UNSEEN_CUST_01344,retry,False,0.0,1
CASE_002336,UNSEEN_CUST_01344,retry,False,0.0,1
CASE_002337,UNSEEN_CUST_01344,retry,True,15166.63,1
CASE_002338,UNSEEN_CUST_01344,retry,False,0.0,1
CASE_002339,UNSEEN_CUST_01348,retry,False,0.0,1
CASE_002340,UNSEEN_CUST_01348,retry,False,0.0,1
CASE_002341,UNSEEN_CUST_01348,retry,False,0.0,1
CASE_002342,UNSEEN_CUST_01348,retry,False,0.0,1
CASE_002343,UNSEEN_CUST_01349,retry,False,0.0,1
CASE_002344,UNSEEN_CUST_01349,retry,True,9548.04,1
CASE_002345,UNSEEN_CUST_01349,retry,True,3614.09,1
CASE_002346,UNSEEN_CUST_01350,retry,True,12938.07,1
CASE_002347,UNSEEN_CUST_01350,retry,True,29884.21,1
CASE_002348,UNSEEN_CUST_01351,retry,True,48161.34,1
CASE_002349,UNSEEN_CUST_01352,retry,False,0.0,1
CASE_002350,UNSEEN_CUST_01352,retry,True,67003.68,1
CASE_002351,UNSEEN_CUST_01354,retry,False,0.0,1
CASE_002352,UNSEEN_CUST_01354,retry,True,7372.0,1
CASE_002353,UNSEEN_CUST_01355,retry,True,25817.01,1
CASE_002354,UNSEEN_CUST_01355,retry,False,0.0,1
CASE_002355,UNSEEN_CUST_01357,retry,True,83365.29,1
CASE_002356,UNSEEN_CUST_01357,retry,False,0.0,1
CASE_002357,UNSEEN_CUST_01357,retry,False,0.0,1
CASE_002358,UNSEEN_CUST_01359,retry,True,3595.02,1
CASE_002359,UNSEEN_CUST_01359,retry,False,0.0,1
CASE_002360,UNSEEN_CUST_01359,retry,False,0.0,1
CASE_002361,UNSEEN_CUST_01360,retry,False,0.0,1
CASE_002362,UNSEEN_CUST_01360,retry,False,0.0,1
CASE_002363,UNSEEN_CUST_01362,retry,False,0.0,1
CASE_002364,UNSEEN_CUST_01362,retry,False,0.0,1
CASE_002365,UNSEEN_CUST_01362,retry,False,0.0,1
CASE_002366,UNSEEN_CUST_01363,retry,True,1821.39,1
CASE_002367,UNSEEN_CUST_01365,retry,False,0.0,1
CASE_002368,UNSEEN_CUST_01365,retry,True,42362.41,1
CASE_002369,UNSEEN_CUST_01365,retry,False,0.0,1
CASE_002370,UNSEEN_CUST_01366,retry,False,0.0,1
CASE_002371,UNSEEN_CUST_01367,retry,False,0.0,1
CASE_002372,UNSEEN_CUST_01368,retry,False,0.0,1
CASE_002373,UNSEEN_CUST_01368,retry,False,0.0,1
CASE_002374,UNSEEN_CUST_01368,retry,False,0.0,1
CASE_002375,UNSEEN_CUST_01370,retry,False,0.0,1
CASE_002376,UNSEEN_CUST_01370,retry,False,0.0,1
CASE_002377,UNSEEN_CUST_01370,retry,False,0.0,1
CASE_002378,UNSEEN_CUST_01371,retry,False,0.0,1
CASE_002379,UNSEEN_CUST_01371,retry,False,0.0,1
CASE_002380,UNSEEN_CUST_01372,retry,True,7950.33,1
CASE_002381,UNSEEN_CUST_01372,retry,True,11336.5,1
CASE_002382,UNSEEN_CUST_01373,retry,False,0.0,1
CASE_002383,UNSEEN_CUST_01374,retry,True,1648.23,1
CASE_002384,UNSEEN_CUST_01375,retry,True,6536.0,1
CASE_002385,UNSEEN_CUST_01377,retry,True,12091.81,1
CASE_002386,UNSEEN_CUST_01377,retry,True,33968.8,1
CASE_002387,UNSEEN_CUST_01378,retry,False,0.0,1
CASE_002388,UNSEEN_CUST_01378,retry,True,46631.22,1
CASE_002389,UNSEEN_CUST_01379,retry,True,6044.7,1
CASE_002390,UNSEEN_CUST_01379,retry,False,0.0,1
CASE_002391,UNSEEN_CUST_01379,retry,True,18734.97,1
CASE_002392,UNSEEN_CUST_01379,retry,False,0.0,1
CASE_002393,UNSEEN_CUST_01379,retry,False,0.0,1
CASE_002394,UNSEEN_CUST_01381,retry,True,908.32,1
CASE_002395,UNSEEN_CUST_01381,retry,False,0.0,1
CASE_002396,UNSEEN_CUST_01382,retry,True,2442.5,1
CASE_002397,UNSEEN_CUST_01383,retry,True,12053.96,1
CASE_002398,UNSEEN_CUST_01383,retry,True,50339.94,1
CASE_002399,UNSEEN_CUST_01383,retry,True,2696.2,1
CASE_002400,UNSEEN_CUST_01383,retry,True,24994.73,1
CASE_002401,UNSEEN_CUST_01383,retry,False,0.0,1
CASE_002402,UNSEEN_CUST_01385,retry,True,14441.05,1
CASE_002403,UNSEEN_CUST_01386,retry,False,0.0,1
CASE_002404,UNSEEN_CUST_01386,retry,False,0.0,1
CASE_002405,UNSEEN_CUST_01386,retry,True,4321.78,1
CASE_002406,UNSEEN_CUST_01386,retry,True,48381.79,1
CASE_002407,UNSEEN_CUST_01387,retry,False,0.0,1
CASE_002408,UNSEEN_CUST_01391,retry,True,18241.82,1
CASE_002409,UNSEEN_CUST_01391,retry,False,0.0,1
CASE_002410,UNSEEN_CUST_01391,retry,True,2892.63,1
CASE_002411,UNSEEN_CUST_01392,retry,False,0.0,1
CASE_002412,UNSEEN_CUST_01392,retry,False,0.0,1
CASE_002413,UNSEEN_CUST_01392,retry,False,0.0,1
CASE_002414,UNSEEN_CUST_01392,retry,False,0.0,1
CASE_002415,UNSEEN_CUST_01394,retry,False,0.0,1
CASE_002416,UNSEEN_CUST_01395,retry,False,0.0,1
CASE_002417,UNSEEN_CUST_01396,retry,False,0.0,1
CASE_002418,UNSEEN_CUST_01399,retry,False,0.0,1
CASE_002419,UNSEEN_CUST_01399,retry,False,0.0,1
CASE_002420,UNSEEN_CUST_01399,retry,False,0.0,1
CASE_002421,UNSEEN_CUST_01399,retry,False,0.0,1
CASE_002422,UNSEEN_CUST_01405,retry,False,0.0,1
CASE_002423,UNSEEN_CUST_01406,retry,True,11918.04,1
CASE_002424,UNSEEN_CUST_01407,retry,False,0.0,1
CASE_002425,UNSEEN_CUST_01407,retry,False,0.0,1
CASE_002426,UNSEEN_CUST_01410,retry,False,0.0,1
CASE_002427,UNSEEN_CUST_01410,retry,False,0.0,1
CASE_002428,UNSEEN_CUST_01411,retry,False,0.0,1
CASE_002429,UNSEEN_CUST_01412,retry,True,2807.97,1
CASE_002430,UNSEEN_CUST_01412,retry,False,0.0,1
CASE_002431,UNSEEN_CUST_01414,retry,True,21449.23,1
CASE_002432,UNSEEN_CUST_01416,retry,False,0.0,1
CASE_002433,UNSEEN_CUST_01417,retry,False,0.0,1
CASE_002434,UNSEEN_CUST_01417,retry,False,0.0,1
CASE_002435,UNSEEN_CUST_01418,retry,False,0.0,1
CASE_002436,UNSEEN_CUST_01418,retry,False,0.0,1
CASE_002437,UNSEEN_CUST_01418,retry,True,8907.59,1
CASE_002438,UNSEEN_CUST_01419,retry,False,0.0,1
CASE_002439,UNSEEN_CUST_01421,retry,False,0.0,1
CASE_002440,UNSEEN_CUST_01423,retry,False,0.0,1
CASE_002441,UNSEEN_CUST_01425,retry,False,0.0,1
CASE_002442,UNSEEN_CUST_01426,retry,False,0.0,1
CASE_002443,UNSEEN_CUST_01426,retry,True,19631.31,1
CASE_002444,UNSEEN_CUST_01427,retry,True,18020.03,1
CASE_002445,UNSEEN_CUST_01427,retry,False,0.0,1
CASE_002446,UNSEEN_CUST_01427,retry,False,0.0,1
CASE_002447,UNSEEN_CUST_01427,retry,False,0.0,1
CASE_002448,UNSEEN_CUST_01428,retry,True,14091.49,1
CASE_002449,UNSEEN_CUST_01430,retry,True,8971.87,1
CASE_002450,UNSEEN_CUST_01430,retry,False,0.0,1
CASE_002451,UNSEEN_CUST_01431,retry,False,0.0,1
CASE_002452,UNSEEN_CUST_01431,retry,True,33601.87,1
CASE_002453,UNSEEN_CUST_01431,retry,True,38630.05,1
CASE_002454,UNSEEN_CUST_01433,retry,False,0.0,1
CASE_002455,UNSEEN_CUST_01433,retry,False,0.0,1
CASE_002456,UNSEEN_CUST_01433,retry,True,2264.7,1
CASE_002457,UNSEEN_CUST_01433,retry,False,0.0,1
CASE_002458,UNSEEN_CUST_01434,retry,True,1458.3,1
CASE_002459,UNSEEN_CUST_01435,retry,True,10103.93,1
CASE_002460,UNSEEN_CUST_01436,retry,False,0.0,1
CASE_002461,UNSEEN_CUST_01437,retry,True,33903.14,1
CASE_002462,UNSEEN_CUST_01438,retry,False,0.0,1
CASE_002463,UNSEEN_CUST_01439,retry,False,0.0,1
CASE_002464,UNSEEN_CUST_01439,retry,False,0.0,1
CASE_002465,UNSEEN_CUST_01440,retry,False,0.0,1
CASE_002466,UNSEEN_CUST_01441,retry,False,0.0,1
CASE_002467,UNSEEN_CUST_01443,retry,True,66563.08,1
CASE_002468,UNSEEN_CUST_01443,retry,False,0.0,1
CASE_002469,UNSEEN_CUST_01443,retry,False,0.0,1
CASE_002470,UNSEEN_CUST_01447,retry,True,35953.11,1
CASE_002471,UNSEEN_CUST_01447,retry,False,0.0,1
CASE_002472,UNSEEN_CUST_01447,retry,True,34745.78,1
CASE_002473,UNSEEN_CUST_01448,retry,False,0.0,1
CASE_002474,UNSEEN_CUST_01448,retry,True,30060.58,1
CASE_002475,UNSEEN_CUST_01449,retry,True,10016.93,1
CASE_002476,UNSEEN_CUST_01450,retry,True,5737.73,1
CASE_002477,UNSEEN_CUST_01450,retry,True,4625.75,1
CASE_002478,UNSEEN_CUST_01455,retry,False,0.0,1
CASE_002479,UNSEEN_CUST_01456,retry,False,0.0,1
CASE_002480,UNSEEN_CUST_01456,retry,True,1806.4,1
CASE_002481,UNSEEN_CUST_01456,retry,False,0.0,1
CASE_002482,UNSEEN_CUST_01457,retry,False,0.0,1
CASE_002483,UNSEEN_CUST_01458,retry,False,0.0,1
CASE_002484,UNSEEN_CUST_01459,retry,False,0.0,1
CASE_002485,UNSEEN_CUST_01460,retry,True,14948.36,1
CASE_002486,UNSEEN_CUST_01460,retry,False,0.0,1
CASE_002487,UNSEEN_CUST_01460,retry,True,9144.94,1
CASE_002488,UNSEEN_CUST_01460,retry,True,42698.9,1
CASE_002489,UNSEEN_CUST_01461,retry,False,0.0,1
CASE_002490,UNSEEN_CUST_01462,retry,False,0.0,1
CASE_002491,UNSEEN_CUST_01462,retry,True,16031.57,1
CASE_002492,UNSEEN_CUST_01463,retry,True,13115.48,1
CASE_002493,UNSEEN_CUST_01464,retry,False,0.0,1
CASE_002494,UNSEEN_CUST_01464,retry,True,101892.35,1
CASE_002495,UNSEEN_CUST_01464,retry,True,55744.44,1
CASE_002496,UNSEEN_CUST_01465,retry,False,0.0,1
CASE_002497,UNSEEN_CUST_01465,retry,True,5804.21,1
CASE_002498,UNSEEN_CUST_01466,retry,True,17647.22,1
CASE_002499,UNSEEN_CUST_01467,retry,False,0.0,1
CASE_002500,UNSEEN_CUST_01468,retry,False,0.0,1
CASE_002501,UNSEEN_CUST_01469,retry,True,5392.15,1
CASE_002502,UNSEEN_CUST_01472,retry,False,0.0,1
CASE_002503,UNSEEN_CUST_01472,retry,False,0.0,1
CASE_002504,UNSEEN_CUST_01473,retry,True,68221.21,1
CASE_002505,UNSEEN_CUST_01473,retry,False,0.0,1
CASE_002506,UNSEEN_CUST_01475,retry,False,0.0,1
CASE_002507,UNSEEN_CUST_01477,retry,True,10449.73,1
CASE_002508,UNSEEN_CUST_01477,retry,True,42725.09,1
CASE_002509,UNSEEN_CUST_01480,retry,True,29812.14,1
CASE_002510,UNSEEN_CUST_01481,retry,False,0.0,1
CASE_002511,UNSEEN_CUST_01482,retry,True,33798.57,1
CASE_002512,UNSEEN_CUST_01482,retry,True,64759.93,1
CASE_002513,UNSEEN_CUST_01486,retry,False,0.0,1
CASE_002514,UNSEEN_CUST_01486,retry,False,0.0,1
CASE_002515,UNSEEN_CUST_01486,retry,False,0.0,1
CASE_002516,UNSEEN_CUST_01487,retry,False,0.0,1
CASE_002517,UNSEEN_CUST_01487,retry,False,0.0,1
CASE_002518,UNSEEN_CUST_01489,retry,False,0.0,1
CASE_002519,UNSEEN_CUST_01489,retry,True,25102.34,1
CASE_002520,UNSEEN_CUST_01489,retry,True,27709.97,1
CASE_002521,UNSEEN_CUST_01490,retry,True,27139.36,1
CASE_002522,UNSEEN_CUST_01491,retry,False,0.0,1
CASE_002523,UNSEEN_CUST_01491,retry,False,0.0,1
CASE_002524,UNSEEN_CUST_01491,retry,True,16317.8,1
CASE_002525,UNSEEN_CUST_01491,retry,False,0.0,1
CASE_002526,UNSEEN_CUST_01492,retry,False,0.0,1
CASE_002527,UNSEEN_CUST_01492,retry,False,0.0,1
CASE_002528,UNSEEN_CUST_01492,retry,False,0.0,1
CASE_002529,UNSEEN_CUST_01493,retry,False,0.0,1
CASE_002530,UNSEEN_CUST_01493,retry,True,7832.79,1
CASE_002531,UNSEEN_CUST_01493,retry,True,13630.86,1
CASE_002532,UNSEEN_CUST_01494,retry,False,0.0,1
CASE_002533,UNSEEN_CUST_01495,retry,False,0.0,1
CASE_002534,UNSEEN_CUST_01495,retry,False,0.0,1
CASE_002535,UNSEEN_CUST_01495,retry,False,0.0,1
CASE_002536,UNSEEN_CUST_01496,retry,True,7079.61,1
CASE_002537,UNSEEN_CUST_01499,retry,False,0.0,1
CASE_002538,UNSEEN_CUST_01499,retry,True,39403.56,1
CASE_002539,UNSEEN_CUST_01499,retry,False,0.0,1
CASE_002540,UNSEEN_CUST_01499,retry,False,0.0,1
CASE_002541,UNSEEN_CUST_01500,retry,False,0.0,1
CASE_002542,UNSEEN_CUST_01500,retry,False,0.0,1
CASE_002543,UNSEEN_CUST_01501,retry,False,0.0,1
CASE_002544,UNSEEN_CUST_01502,retry,False,0.0,1
CASE_002545,UNSEEN_CUST_01502,retry,False,0.0,1
CASE_002546,UNSEEN_CUST_01504,retry,True,53184.48,1
CASE_002547,UNSEEN_CUST_01505,retry,False,0.0,1
CASE_002548,UNSEEN_CUST_01505,retry,True,25203.17,1
CASE_002549,UNSEEN_CUST_01506,retry,False,0.0,1
CASE_002550,UNSEEN_CUST_01507,retry,True,3659.03,1
CASE_002551,UNSEEN_CUST_01508,retry,True,30531.52,1
CASE_002552,UNSEEN_CUST_01508,retry,False,0.0,1
CASE_002553,UNSEEN_CUST_01509,retry,False,0.0,1
CASE_002554,UNSEEN_CUST_01510,retry,False,0.0,1
CASE_002555,UNSEEN_CUST_01510,retry,False,0.0,1
CASE_002556,UNSEEN_CUST_01511,retry,False,0.0,1
CASE_002557,UNSEEN_CUST_01511,retry,False,0.0,1
CASE_002558,UNSEEN_CUST_01511,retry,False,0.0,1
CASE_002559,UNSEEN_CUST_01513,retry,False,0.0,1
CASE_002560,UNSEEN_CUST_01515,retry,True,15542.17,1
CASE_002561,UNSEEN_CUST_01515,retry,False,0.0,1
CASE_002562,UNSEEN_CUST_01515,retry,True,16390.49,1
CASE_002563,UNSEEN_CUST_01515,retry,True,7376.91,1
CASE_002564,UNSEEN_CUST_01516,retry,True,47341.32,1
CASE_002565,UNSEEN_CUST_01516,retry,True,46736.77,1
CASE_002566,UNSEEN_CUST_01517,retry,False,0.0,1
CASE_002567,UNSEEN_CUST_01517,retry,False,0.0,1
CASE_002568,UNSEEN_CUST_01519,retry,True,8774.68,1
CASE_002569,UNSEEN_CUST_01519,retry,False,0.0,1
CASE_002570,UNSEEN_CUST_01521,retry,False,0.0,1
CASE_002571,UNSEEN_CUST_01521,retry,True,1969.2,1
CASE_002572,UNSEEN_CUST_01522,retry,False,0.0,1
CASE_002573,UNSEEN_CUST_01522,retry,False,0.0,1
CASE_002574,UNSEEN_CUST_01523,retry,False,0.0,1
CASE_002575,UNSEEN_CUST_01523,retry,True,15356.62,1
CASE_002576,UNSEEN_CUST_01523,retry,True,35630.79,1
CASE_002577,UNSEEN_CUST_01527,retry,True,4234.98,1
CASE_002578,UNSEEN_CUST_01527,retry,True,2487.94,1
CASE_002579,UNSEEN_CUST_01529,retry,False,0.0,1
CASE_002580,UNSEEN_CUST_01530,retry,False,0.0,1
CASE_002581,UNSEEN_CUST_01530,retry,False,0.0,1
CASE_002582,UNSEEN_CUST_01531,retry,False,0.0,1
CASE_002583,UNSEEN_CUST_01532,retry,True,12640.01,1
CASE_002584,UNSEEN_CUST_01532,retry,False,0.0,1
CASE_002585,UNSEEN_CUST_01535,retry,True,6400.08,1
CASE_002586,UNSEEN_CUST_01536,retry,False,0.0,1
CASE_002587,UNSEEN_CUST_01537,retry,True,9838.8,1
CASE_002588,UNSEEN_CUST_01537,retry,False,0.0,1
CASE_002589,UNSEEN_CUST_01537,retry,False,0.0,1
CASE_002590,UNSEEN_CUST_01538,retry,False,0.0,1
CASE_002591,UNSEEN_CUST_01538,retry,False,0.0,1
CASE_002592,UNSEEN_CUST_01539,retry,False,0.0,1
CASE_002593,UNSEEN_CUST_01539,retry,False,0.0,1
CASE_002594,UNSEEN_CUST_01540,retry,True,32778.37,1
CASE_002595,UNSEEN_CUST_01541,retry,False,0.0,1
CASE_002596,UNSEEN_CUST_01541,retry,True,16701.67,1
CASE_002597,UNSEEN_CUST_01542,retry,False,0.0,1
CASE_002598,UNSEEN_CUST_01542,retry,False,0.0,1
CASE_002599,UNSEEN_CUST_01543,retry,False,0.0,1
CASE_002600,UNSEEN_CUST_01543,retry,False,0.0,1
CASE_002601,UNSEEN_CUST_01543,retry,False,0.0,1
CASE_002602,UNSEEN_CUST_01544,retry,True,22984.39,1
CASE_002603,UNSEEN_CUST_01544,retry,False,0.0,1
CASE_002604,UNSEEN_CUST_01546,retry,False,0.0,1
CASE_002605,UNSEEN_CUST_01548,retry,False,0.0,1
CASE_002606,UNSEEN_CUST_01548,retry,True,15024.12,1
CASE_002607,UNSEEN_CUST_01548,retry,False,0.0,1
CASE_002608,UNSEEN_CUST_01549,retry,False,0.0,1
CASE_002609,UNSEEN_CUST_01550,retry,False,0.0,1
CASE_002610,UNSEEN_CUST_01551,retry,False,0.0,1
CASE_002611,UNSEEN_CUST_01552,retry,False,0.0,1
CASE_002612,UNSEEN_CUST_01553,retry,False,0.0,1
CASE_002613,UNSEEN_CUST_01553,retry,False,0.0,1
CASE_002614,UNSEEN_CUST_01553,retry,False,0.0,1
CASE_002615,UNSEEN_CUST_01556,retry,False,0.0,1
CASE_002616,UNSEEN_CUST_01556,retry,False,0.0,1
CASE_002617,UNSEEN_CUST_01556,retry,False,0.0,1
CASE_002618,UNSEEN_CUST_01557,retry,False,0.0,1
CASE_002619,UNSEEN_CUST_01560,retry,False,0.0,1
CASE_002620,UNSEEN_CUST_01560,retry,False,0.0,1
CASE_002621,UNSEEN_CUST_01560,retry,False,0.0,1
CASE_002622,UNSEEN_CUST_01561,retry,False,0.0,1
CASE_002623,UNSEEN_CUST_01562,retry,False,0.0,1
CASE_002624,UNSEEN_CUST_01562,retry,True,73051.73,1
CASE_002625,UNSEEN_CUST_01564,retry,True,32100.11,1
CASE_002626,UNSEEN_CUST_01565,retry,True,10552.68,1
CASE_002627,UNSEEN_CUST_01565,retry,False,0.0,1
CASE_002628,UNSEEN_CUST_01565,retry,False,0.0,1
CASE_002629,UNSEEN_CUST_01567,retry,True,2608.75,1
CASE_002630,UNSEEN_CUST_01567,retry,False,0.0,1
CASE_002631,UNSEEN_CUST_01568,retry,True,41633.69,1
CASE_002632,UNSEEN_CUST_01568,retry,False,0.0,1
CASE_002633,UNSEEN_CUST_01568,retry,False,0.0,1
CASE_002634,UNSEEN_CUST_01568,retry,True,35490.34,1
CASE_002635,UNSEEN_CUST_01569,retry,True,7454.93,1
CASE_002636,UNSEEN_CUST_01570,retry,False,0.0,1
CASE_002637,UNSEEN_CUST_01570,retry,False,0.0,1
CASE_002638,UNSEEN_CUST_01570,retry,False,0.0,1
CASE_002639,UNSEEN_CUST_01572,retry,False,0.0,1
CASE_002640,UNSEEN_CUST_01573,retry,False,0.0,1
CASE_002641,UNSEEN_CUST_01573,retry,False,0.0,1
CASE_002642,UNSEEN_CUST_01573,retry,False,0.0,1
CASE_002643,UNSEEN_CUST_01573,retry,False,0.0,1
CASE_002644,UNSEEN_CUST_01574,retry,True,30802.93,1
CASE_002645,UNSEEN_CUST_01575,retry,False,0.0,1
CASE_002646,UNSEEN_CUST_01578,retry,True,43804.96,1
CASE_002647,UNSEEN_CUST_01579,retry,False,0.0,1
CASE_002648,UNSEEN_CUST_01579,retry,False,0.0,1
CASE_002649,UNSEEN_CUST_01580,retry,True,1497.01,1
CASE_002650,UNSEEN_CUST_01581,retry,True,12594.85,1
CASE_002651,UNSEEN_CUST_01581,retry,False,0.0,1
CASE_002652,UNSEEN_CUST_01581,retry,False,0.0,1
CASE_002653,UNSEEN_CUST_01583,retry,False,0.0,1
CASE_002654,UNSEEN_CUST_01583,retry,False,0.0,1
CASE_002655,UNSEEN_CUST_01585,retry,False,0.0,1
CASE_002656,UNSEEN_CUST_01585,retry,False,0.0,1
CASE_002657,UNSEEN_CUST_01586,retry,False,0.0,1
CASE_002658,UNSEEN_CUST_01586,retry,False,0.0,1
CASE_002659,UNSEEN_CUST_01586,retry,True,28559.69,1
CASE_002660,UNSEEN_CUST_01587,retry,False,0.0,1
CASE_002661,UNSEEN_CUST_01588,retry,False,0.0,1
CASE_002662,UNSEEN_CUST_01589,retry,False,0.0,1
CASE_002663,UNSEEN_CUST_01590,retry,False,0.0,1
CASE_002664,UNSEEN_CUST_01590,retry,False,0.0,1
CASE_002665,UNSEEN_CUST_01591,retry,False,0.0,1
CASE_002666,UNSEEN_CUST_01592,retry,False,0.0,1
CASE_002667,UNSEEN_CUST_01593,retry,False,0.0,1
CASE_002668,UNSEEN_CUST_01593,retry,False,0.0,1
CASE_002669,UNSEEN_CUST_01594,retry,False,0.0,1
CASE_002670,UNSEEN_CUST_01594,retry,True,16002.67,1
CASE_002671,UNSEEN_CUST_01594,retry,False,0.0,1
CASE_002672,UNSEEN_CUST_01597,retry,False,0.0,1
CASE_002673,UNSEEN_CUST_01597,retry,False,0.0,1
CASE_002674,UNSEEN_CUST_01600,retry,False,0.0,1
CASE_002675,UNSEEN_CUST_01601,retry,True,13769.13,1
CASE_002676,UNSEEN_CUST_01601,retry,False,0.0,1
CASE_002677,UNSEEN_CUST_01602,retry,True,32337.37,1
CASE_002678,UNSEEN_CUST_01602,retry,False,0.0,1
CASE_002679,UNSEEN_CUST_01602,retry,True,18368.22,1
CASE_002680,UNSEEN_CUST_01603,retry,False,0.0,1
CASE_002681,UNSEEN_CUST_01603,retry,False,0.0,1
CASE_002682,UNSEEN_CUST_01603,retry,False,0.0,1
CASE_002683,UNSEEN_CUST_01603,retry,False,0.0,1
CASE_002684,UNSEEN_CUST_01604,retry,True,54378.26,1
CASE_002685,UNSEEN_CUST_01605,retry,False,0.0,1
CASE_002686,UNSEEN_CUST_01605,retry,True,47490.82,1
CASE_002687,UNSEEN_CUST_01605,retry,True,88632.41,1
CASE_002688,UNSEEN_CUST_01606,retry,False,0.0,1
CASE_002689,UNSEEN_CUST_01606,retry,False,0.0,1
CASE_002690,UNSEEN_CUST_01607,retry,False,0.0,1
CASE_002691,UNSEEN_CUST_01608,retry,False,0.0,1
CASE_002692,UNSEEN_CUST_01608,retry,False,0.0,1
CASE_002693,UNSEEN_CUST_01609,retry,False,0.0,1
CASE_002694,UNSEEN_CUST_01609,retry,False,0.0,1
CASE_002695,UNSEEN_CUST_01611,retry,True,24081.47,1
CASE_002696,UNSEEN_CUST_01611,retry,True,48776.11,1
CASE_002697,UNSEEN_CUST_01612,retry,True,58256.77,1
CASE_002698,UNSEEN_CUST_01613,retry,True,1441.77,1
CASE_002699,UNSEEN_CUST_01616,retry,False,0.0,1
CASE_002700,UNSEEN_CUST_01616,retry,False,0.0,1
CASE_002701,UNSEEN_CUST_01616,retry,False,0.0,1
CASE_002702,UNSEEN_CUST_01617,retry,False,0.0,1
CASE_002703,UNSEEN_CUST_01617,retry,False,0.0,1
CASE_002704,UNSEEN_CUST_01619,retry,False,0.0,1
CASE_002705,UNSEEN_CUST_01619,retry,False,0.0,1
CASE_002706,UNSEEN_CUST_01620,retry,False,0.0,1
CASE_002707,UNSEEN_CUST_01620,retry,False,0.0,1
CASE_002708,UNSEEN_CUST_01621,retry,True,13076.45,1
CASE_002709,UNSEEN_CUST_01622,retry,False,0.0,1
CASE_002710,UNSEEN_CUST_01623,retry,True,29315.34,1
CASE_002711,UNSEEN_CUST_01624,retry,True,64248.1,1
CASE_002712,UNSEEN_CUST_01624,retry,True,43508.18,1
CASE_002713,UNSEEN_CUST_01624,retry,True,34382.39,1
CASE_002714,UNSEEN_CUST_01624,retry,False,0.0,1
CASE_002715,UNSEEN_CUST_01625,retry,False,0.0,1
CASE_002716,UNSEEN_CUST_01625,retry,True,12187.33,1
CASE_002717,UNSEEN_CUST_01626,retry,False,0.0,1
CASE_002718,UNSEEN_CUST_01628,retry,False,0.0,1
CASE_002719,UNSEEN_CUST_01629,retry,False,0.0,1
CASE_002720,UNSEEN_CUST_01629,retry,False,0.0,1
CASE_002721,UNSEEN_CUST_01630,retry,False,0.0,1
CASE_002722,UNSEEN_CUST_01632,retry,True,42086.96,1
CASE_002723,UNSEEN_CUST_01633,retry,False,0.0,1
CASE_002724,UNSEEN_CUST_01633,retry,False,0.0,1
CASE_002725,UNSEEN_CUST_01633,retry,False,0.0,1
CASE_002726,UNSEEN_CUST_01635,retry,False,0.0,1
CASE_002727,UNSEEN_CUST_01635,retry,False,0.0,1
CASE_002728,UNSEEN_CUST_01635,retry,False,0.0,1
CASE_002729,UNSEEN_CUST_01635,retry,False,0.0,1
CASE_002730,UNSEEN_CUST_01635,retry,False,0.0,1
CASE_002731,UNSEEN_CUST_01636,retry,False,0.0,1
CASE_002732,UNSEEN_CUST_01636,retry,False,0.0,1
CASE_002733,UNSEEN_CUST_01637,retry,False,0.0,1
CASE_002734,UNSEEN_CUST_01638,retry,True,14452.57,1
CASE_002735,UNSEEN_CUST_01638,retry,False,0.0,1
CASE_002736,UNSEEN_CUST_01638,retry,False,0.0,1
CASE_002737,UNSEEN_CUST_01638,retry,False,0.0,1
CASE_002738,UNSEEN_CUST_01639,retry,False,0.0,1
CASE_002739,UNSEEN_CUST_01639,retry,True,70501.31,1
CASE_002740,UNSEEN_CUST_01639,retry,True,35963.34,1
CASE_002741,UNSEEN_CUST_01640,retry,False,0.0,1
CASE_002742,UNSEEN_CUST_01642,retry,False,0.0,1
CASE_002743,UNSEEN_CUST_01642,retry,False,0.0,1
CASE_002744,UNSEEN_CUST_01643,retry,False,0.0,1
CASE_002745,UNSEEN_CUST_01643,retry,False,0.0,1
CASE_002746,UNSEEN_CUST_01644,retry,False,0.0,1
CASE_002747,UNSEEN_CUST_01644,retry,True,85117.09,1
CASE_002748,UNSEEN_CUST_01645,retry,True,30383.97,1
CASE_002749,UNSEEN_CUST_01645,retry,True,6713.94,1
CASE_002750,UNSEEN_CUST_01646,retry,True,2906.98,1
CASE_002751,UNSEEN_CUST_01648,retry,True,49352.17,1
CASE_002752,UNSEEN_CUST_01650,retry,True,45991.09,1
CASE_002753,UNSEEN_CUST_01651,retry,False,0.0,1
CASE_002754,UNSEEN_CUST_01652,retry,False,0.0,1
CASE_002755,UNSEEN_CUST_01653,retry,True,8521.46,1
CASE_002756,UNSEEN_CUST_01653,retry,False,0.0,1
CASE_002757,UNSEEN_CUST_01654,retry,True,12506.46,1
CASE_002758,UNSEEN_CUST_01654,retry,True,2275.15,1
CASE_002759,UNSEEN_CUST_01655,retry,False,0.0,1
CASE_002760,UNSEEN_CUST_01655,retry,False,0.0,1
CASE_002761,UNSEEN_CUST_01656,retry,True,4678.09,1
CASE_002762,UNSEEN_CUST_01656,retry,False,0.0,1
CASE_002763,UNSEEN_CUST_01657,retry,False,0.0,1
CASE_002764,UNSEEN_CUST_01658,retry,True,48751.41,1
CASE_002765,UNSEEN_CUST_01659,retry,True,28464.52,1
CASE_002766,UNSEEN_CUST_01661,retry,True,22401.58,1
CASE_002767,UNSEEN_CUST_01661,retry,False,0.0,1
CASE_002768,UNSEEN_CUST_01661,retry,True,19501.07,1
CASE_002769,UNSEEN_CUST_01662,retry,False,0.0,1
CASE_002770,UNSEEN_CUST_01662,retry,False,0.0,1
CASE_002771,UNSEEN_CUST_01662,retry,False,0.0,1
CASE_002772,UNSEEN_CUST_01663,retry,True,94527.28,1
CASE_002773,UNSEEN_CUST_01663,retry,True,27795.69,1
CASE_002774,UNSEEN_CUST_01664,retry,False,0.0,1
CASE_002775,UNSEEN_CUST_01664,retry,False,0.0,1
CASE_002776,UNSEEN_CUST_01664,retry,False,0.0,1
CASE_002777,UNSEEN_CUST_01665,retry,False,0.0,1
CASE_002778,UNSEEN_CUST_01666,retry,False,0.0,1
CASE_002779,UNSEEN_CUST_01666,retry,False,0.0,1
CASE_002780,UNSEEN_CUST_01667,retry,False,0.0,1
CASE_002781,UNSEEN_CUST_01667,retry,False,0.0,1
CASE_002782,UNSEEN_CUST_01669,retry,False,0.0,1
CASE_002783,UNSEEN_CUST_01669,retry,False,0.0,1
CASE_002784,UNSEEN_CUST_01669,retry,True,4308.73,1
CASE_002785,UNSEEN_CUST_01670,retry,False,0.0,1
CASE_002786,UNSEEN_CUST_01670,retry,True,23986.62,1
CASE_002787,UNSEEN_CUST_01671,retry,False,0.0,1
CASE_002788,UNSEEN_CUST_01672,retry,True,99086.12,1
CASE_002789,UNSEEN_CUST_01672,retry,True,33047.81,1
CASE_002790,UNSEEN_CUST_01674,retry,False,0.0,1
CASE_002791,UNSEEN_CUST_01675,retry,False,0.0,1
CASE_002792,UNSEEN_CUST_01676,retry,False,0.0,1
CASE_002793,UNSEEN_CUST_01676,retry,False,0.0,1
CASE_002794,UNSEEN_CUST_01676,retry,True,10559.35,1
CASE_002795,UNSEEN_CUST_01677,retry,True,33748.92,1
CASE_002796,UNSEEN_CUST_01678,retry,True,74693.34,1
CASE_002797,UNSEEN_CUST_01678,retry,False,0.0,1
CASE_002798,UNSEEN_CUST_01679,retry,False,0.0,1
CASE_002799,UNSEEN_CUST_01679,retry,False,0.0,1
CASE_002800,UNSEEN_CUST_01681,retry,False,0.0,1
CASE_002801,UNSEEN_CUST_01684,retry,False,0.0,1
CASE_002802,UNSEEN_CUST_01684,retry,True,8577.96,1
CASE_002803,UNSEEN_CUST_01685,retry,False,0.0,1
CASE_002804,UNSEEN_CUST_01685,retry,True,38845.85,1
CASE_002805,UNSEEN_CUST_01686,retry,False,0.0,1
CASE_002806,UNSEEN_CUST_01686,retry,False,0.0,1
CASE_002807,UNSEEN_CUST_01686,retry,False,0.0,1
CASE_002808,UNSEEN_CUST_01687,retry,False,0.0,1
CASE_002809,UNSEEN_CUST_01688,retry,False,0.0,1
CASE_002810,UNSEEN_CUST_01690,retry,False,0.0,1
CASE_002811,UNSEEN_CUST_01690,retry,False,0.0,1
CASE_002812,UNSEEN_CUST_01690,retry,False,0.0,1
CASE_002813,UNSEEN_CUST_01692,retry,False,0.0,1
CASE_002814,UNSEEN_CUST_01693,retry,False,0.0,1
CASE_002815,UNSEEN_CUST_01694,retry,True,49084.37,1
CASE_002816,UNSEEN_CUST_01696,retry,True,21906.56,1
CASE_002817,UNSEEN_CUST_01697,retry,False,0.0,1
CASE_002818,UNSEEN_CUST_01697,retry,False,0.0,1
CASE_002819,UNSEEN_CUST_01697,retry,True,47682.0,1
CASE_002820,UNSEEN_CUST_01698,retry,False,0.0,1
CASE_002821,UNSEEN_CUST_01701,retry,True,67518.21,1
CASE_002822,UNSEEN_CUST_01701,retry,False,0.0,1
CASE_002823,UNSEEN_CUST_01701,retry,True,55437.21,1
CASE_002824,UNSEEN_CUST_01702,retry,False,0.0,1
CASE_002825,UNSEEN_CUST_01703,retry,True,8858.23,1
CASE_002826,UNSEEN_CUST_01703,retry,False,0.0,1
CASE_002827,UNSEEN_CUST_01704,retry,False,0.0,1
CASE_002828,UNSEEN_CUST_01704,retry,False,0.0,1
CASE_002829,UNSEEN_CUST_01704,retry,False,0.0,1
CASE_002830,UNSEEN_CUST_01705,retry,False,0.0,1
CASE_002831,UNSEEN_CUST_01706,retry,False,0.0,1
CASE_002832,UNSEEN_CUST_01706,retry,False,0.0,1
CASE_002833,UNSEEN_CUST_01708,retry,False,0.0,1
CASE_002834,UNSEEN_CUST_01709,retry,True,76132.57,1
CASE_002835,UNSEEN_CUST_01709,retry,True,40251.03,1
CASE_002836,UNSEEN_CUST_01709,retry,False,0.0,1
CASE_002837,UNSEEN_CUST_01713,retry,False,0.0,1
CASE_002838,UNSEEN_CUST_01713,retry,True,91365.86,1
CASE_002839,UNSEEN_CUST_01714,retry,False,0.0,1
CASE_002840,UNSEEN_CUST_01714,retry,True,8011.83,1
CASE_002841,UNSEEN_CUST_01715,retry,False,0.0,1
CASE_002842,UNSEEN_CUST_01715,retry,True,13708.01,1
CASE_002843,UNSEEN_CUST_01717,retry,False,0.0,1
CASE_002844,UNSEEN_CUST_01718,retry,False,0.0,1
CASE_002845,UNSEEN_CUST_01718,retry,False,0.0,1
CASE_002846,UNSEEN_CUST_01721,retry,False,0.0,1
CASE_002847,UNSEEN_CUST_01721,retry,False,0.0,1
CASE_002848,UNSEEN_CUST_01721,retry,False,0.0,1
CASE_002849,UNSEEN_CUST_01721,retry,False,0.0,1
CASE_002850,UNSEEN_CUST_01722,retry,True,45950.96,1
CASE_002851,UNSEEN_CUST_01722,retry,False,0.0,1
CASE_002852,UNSEEN_CUST_01722,retry,False,0.0,1
CASE_002853,UNSEEN_CUST_01723,retry,False,0.0,1
CASE_002854,UNSEEN_CUST_01723,retry,False,0.0,1
CASE_002855,UNSEEN_CUST_01724,retry,False,0.0,1
CASE_002856,UNSEEN_CUST_01724,retry,False,0.0,1
CASE_002857,UNSEEN_CUST_01724,retry,True,32436.54,1
CASE_002858,UNSEEN_CUST_01726,retry,False,0.0,1
CASE_002859,UNSEEN_CUST_01726,retry,False,0.0,1
CASE_002860,UNSEEN_CUST_01727,retry,False,0.0,1
CASE_002861,UNSEEN_CUST_01727,retry,False,0.0,1
CASE_002862,UNSEEN_CUST_01727,retry,False,0.0,1
CASE_002863,UNSEEN_CUST_01727,retry,True,8876.42,1
CASE_002864,UNSEEN_CUST_01727,retry,False,0.0,1
CASE_002865,UNSEEN_CUST_01728,retry,False,0.0,1
CASE_002866,UNSEEN_CUST_01730,retry,True,34409.17,1
CASE_002867,UNSEEN_CUST_01732,retry,False,0.0,1
CASE_002868,UNSEEN_CUST_01732,retry,False,0.0,1
CASE_002869,UNSEEN_CUST_01734,retry,False,0.0,1
CASE_002870,UNSEEN_CUST_01735,retry,True,42491.42,1
CASE_002871,UNSEEN_CUST_01736,retry,True,41134.6,1
CASE_002872,UNSEEN_CUST_01738,retry,False,0.0,1
CASE_002873,UNSEEN_CUST_01738,retry,False,0.0,1
CASE_002874,UNSEEN_CUST_01738,retry,False,0.0,1
CASE_002875,UNSEEN_CUST_01738,retry,False,0.0,1
CASE_002876,UNSEEN_CUST_01739,retry,False,0.0,1
CASE_002877,UNSEEN_CUST_01739,retry,True,7340.16,1
CASE_002878,UNSEEN_CUST_01740,retry,True,33504.52,1
CASE_002879,UNSEEN_CUST_01740,retry,True,16599.06,1
CASE_002880,UNSEEN_CUST_01741,retry,False,0.0,1
CASE_002881,UNSEEN_CUST_01741,retry,False,0.0,1
CASE_002882,UNSEEN_CUST_01742,retry,True,20418.99,1
CASE_002883,UNSEEN_CUST_01742,retry,True,17791.12,1
CASE_002884,UNSEEN_CUST_01742,retry,True,1331.28,1
CASE_002885,UNSEEN_CUST_01743,retry,False,0.0,1
CASE_002886,UNSEEN_CUST_01744,retry,True,29829.03,1
CASE_002887,UNSEEN_CUST_01744,retry,False,0.0,1
CASE_002888,UNSEEN_CUST_01744,retry,True,24190.6,1
CASE_002889,UNSEEN_CUST_01745,retry,True,52731.04,1
CASE_002890,UNSEEN_CUST_01746,retry,False,0.0,1
CASE_002891,UNSEEN_CUST_01746,retry,True,49125.57,1
CASE_002892,UNSEEN_CUST_01746,retry,True,65510.19,1
CASE_002893,UNSEEN_CUST_01746,retry,False,0.0,1
CASE_002894,UNSEEN_CUST_01750,retry,True,6721.38,1
CASE_002895,UNSEEN_CUST_01750,retry,False,0.0,1
CASE_002896,UNSEEN_CUST_01751,retry,False,0.0,1
CASE_002897,UNSEEN_CUST_01752,retry,False,0.0,1
CASE_002898,UNSEEN_CUST_01753,retry,True,10395.73,1
CASE_002899,UNSEEN_CUST_01754,retry,False,0.0,1
CASE_002900,UNSEEN_CUST_01754,retry,False,0.0,1
CASE_002901,UNSEEN_CUST_01754,retry,True,93478.26,1
CASE_002902,UNSEEN_CUST_01755,retry,True,11722.74,1
CASE_002903,UNSEEN_CUST_01755,retry,False,0.0,1
CASE_002904,UNSEEN_CUST_01756,retry,False,0.0,1
CASE_002905,UNSEEN_CUST_01757,retry,True,3606.0,1
CASE_002906,UNSEEN_CUST_01758,retry,False,0.0,1
CASE_002907,UNSEEN_CUST_01758,retry,True,9498.96,1
CASE_002908,UNSEEN_CUST_01759,retry,False,0.0,1
CASE_002909,UNSEEN_CUST_01759,retry,False,0.0,1
CASE_002910,UNSEEN_CUST_01760,retry,False,0.0,1
CASE_002911,UNSEEN_CUST_01761,retry,True,30025.8,1
CASE_002912,UNSEEN_CUST_01762,retry,True,57379.49,1
CASE_002913,UNSEEN_CUST_01762,retry,True,16422.96,1
CASE_002914,UNSEEN_CUST_01763,retry,False,0.0,1
CASE_002915,UNSEEN_CUST_01764,retry,False,0.0,1
CASE_002916,UNSEEN_CUST_01765,retry,False,0.0,1
CASE_002917,UNSEEN_CUST_01765,retry,False,0.0,1
CASE_002918,UNSEEN_CUST_01767,retry,True,3923.45,1
CASE_002919,UNSEEN_CUST_01767,retry,True,19803.46,1
CASE_002920,UNSEEN_CUST_01767,retry,True,27445.99,1
CASE_002921,UNSEEN_CUST_01769,retry,False,0.0,1
CASE_002922,UNSEEN_CUST_01769,retry,False,0.0,1
CASE_002923,UNSEEN_CUST_01770,retry,False,0.0,1
CASE_002924,UNSEEN_CUST_01770,retry,True,25948.01,1
CASE_002925,UNSEEN_CUST_01771,retry,True,30337.74,1
CASE_002926,UNSEEN_CUST_01773,retry,False,0.0,1
CASE_002927,UNSEEN_CUST_01774,retry,True,93959.1,1
CASE_002928,UNSEEN_CUST_01775,retry,False,0.0,1
CASE_002929,UNSEEN_CUST_01775,retry,True,3516.31,1
CASE_002930,UNSEEN_CUST_01776,retry,False,0.0,1
CASE_002931,UNSEEN_CUST_01777,retry,True,67576.6,1
CASE_002932,UNSEEN_CUST_01777,retry,True,96830.91,1
CASE_002933,UNSEEN_CUST_01778,retry,True,1168.61,1
CASE_002934,UNSEEN_CUST_01778,retry,False,0.0,1
CASE_002935,UNSEEN_CUST_01779,retry,False,0.0,1
CASE_002936,UNSEEN_CUST_01781,retry,False,0.0,1
CASE_002937,UNSEEN_CUST_01781,retry,False,0.0,1
CASE_002938,UNSEEN_CUST_01782,retry,False,0.0,1
CASE_002939,UNSEEN_CUST_01783,retry,True,1701.09,1
CASE_002940,UNSEEN_CUST_01785,retry,False,0.0,1
CASE_002941,UNSEEN_CUST_01785,retry,True,12923.27,1
CASE_002942,UNSEEN_CUST_01785,retry,False,0.0,1
CASE_002943,UNSEEN_CUST_01788,retry,True,20425.96,1
CASE_002944,UNSEEN_CUST_01788,retry,False,0.0,1
CASE_002945,UNSEEN_CUST_01788,retry,False,0.0,1
CASE_002946,UNSEEN_CUST_01790,retry,False,0.0,1
CASE_002947,UNSEEN_CUST_01791,retry,True,14568.97,1
CASE_002948,UNSEEN_CUST_01791,retry,False,0.0,1
CASE_002949,UNSEEN_CUST_01791,retry,False,0.0,1
CASE_002950,UNSEEN_CUST_01791,retry,False,0.0,1
CASE_002951,UNSEEN_CUST_01792,retry,False,0.0,1
CASE_002952,UNSEEN_CUST_01793,retry,True,12794.14,1
CASE_002953,UNSEEN_CUST_01793,retry,False,0.0,1
CASE_002954,UNSEEN_CUST_01794,retry,False,0.0,1
CASE_002955,UNSEEN_CUST_01795,retry,False,0.0,1
CASE_002956,UNSEEN_CUST_01795,retry,True,3861.03,1
CASE_002957,UNSEEN_CUST_01796,retry,False,0.0,1
CASE_002958,UNSEEN_CUST_01796,retry,False,0.0,1
CASE_002959,UNSEEN_CUST_01798,retry,False,0.0,1
CASE_002960,UNSEEN_CUST_01798,retry,True,18957.95,1
CASE_002961,UNSEEN_CUST_01799,retry,True,30188.54,1
CASE_002962,UNSEEN_CUST_01800,retry,True,1992.18,1
CASE_002963,UNSEEN_CUST_01800,retry,False,0.0,1
CASE_002964,UNSEEN_CUST_01800,retry,False,0.0,1
CASE_002965,UNSEEN_CUST_01801,retry,False,0.0,1
CASE_002966,UNSEEN_CUST_01803,retry,True,26078.29,1
CASE_002967,UNSEEN_CUST_01804,retry,False,0.0,1
CASE_002968,UNSEEN_CUST_01804,retry,False,0.0,1
CASE_002969,UNSEEN_CUST_01804,retry,False,0.0,1
CASE_002970,UNSEEN_CUST_01805,retry,False,0.0,1
CASE_002971,UNSEEN_CUST_01806,retry,False,0.0,1
CASE_002972,UNSEEN_CUST_01807,retry,False,0.0,1
CASE_002973,UNSEEN_CUST_01809,retry,False,0.0,1
CASE_002974,UNSEEN_CUST_01809,retry,False,0.0,1
CASE_002975,UNSEEN_CUST_01809,retry,True,14814.16,1
CASE_002976,UNSEEN_CUST_01810,retry,False,0.0,1
CASE_002977,UNSEEN_CUST_01810,retry,True,41010.06,1
CASE_002978,UNSEEN_CUST_01810,retry,False,0.0,1
CASE_002979,UNSEEN_CUST_01810,retry,False,0.0,1
CASE_002980,UNSEEN_CUST_01813,retry,False,0.0,1
CASE_002981,UNSEEN_CUST_01813,retry,True,2046.16,1
CASE_002982,UNSEEN_CUST_01815,retry,True,30090.54,1
CASE_002983,UNSEEN_CUST_01815,retry,False,0.0,1
CASE_002984,UNSEEN_CUST_01818,retry,False,0.0,1
CASE_002985,UNSEEN_CUST_01818,retry,True,47339.39,1
CASE_002986,UNSEEN_CUST_01818,retry,False,0.0,1
CASE_002987,UNSEEN_CUST_01819,retry,True,47452.7,1
CASE_002988,UNSEEN_CUST_01819,retry,False,0.0,1
CASE_002989,UNSEEN_CUST_01819,retry,False,0.0,1
CASE_002990,UNSEEN_CUST_01820,retry,False,0.0,1
CASE_002991,UNSEEN_CUST_01821,retry,False,0.0,1
CASE_002992,UNSEEN_CUST_01821,retry,True,8315.95,1
CASE_002993,UNSEEN_CUST_01821,retry,False,0.0,1
CASE_002994,UNSEEN_CUST_01822,retry,False,0.0,1
CASE_002995,UNSEEN_CUST_01823,retry,False,0.0,1
CASE_002996,UNSEEN_CUST_01826,retry,False,0.0,1
CASE_002997,UNSEEN_CUST_01826,retry,False,0.0,1
CASE_002998,UNSEEN_CUST_01827,retry,True,20433.98,1
CASE_002999,UNSEEN_CUST_01828,retry,True,8215.2,1
CASE_003000,UNSEEN_CUST_01828,retry,False,0.0,1
CASE_003001,UNSEEN_CUST_01829,retry,True,32919.44,1
CASE_003002,UNSEEN_CUST_01830,retry,False,0.0,1
CASE_003003,UNSEEN_CUST_01831,retry,False,0.0,1
CASE_003004,UNSEEN_CUST_01831,retry,False,0.0,1
CASE_003005,UNSEEN_CUST_01831,retry,False,0.0,1
CASE_003006,UNSEEN_CUST_01831,retry,False,0.0,1
CASE_003007,UNSEEN_CUST_01831,retry,True,22313.91,1
CASE_003008,UNSEEN_CUST_01832,retry,True,48369.02,1
CASE_003009,UNSEEN_CUST_01833,retry,False,0.0,1
CASE_003010,UNSEEN_CUST_01834,retry,False,0.0,1
CASE_003011,UNSEEN_CUST_01834,retry,False,0.0,1
CASE_003012,UNSEEN_CUST_01834,retry,True,3050.91,1
CASE_003013,UNSEEN_CUST_01835,retry,False,0.0,1
CASE_003014,UNSEEN_CUST_01836,retry,False,0.0,1
CASE_003015,UNSEEN_CUST_01836,retry,False,0.0,1
CASE_003016,UNSEEN_CUST_01838,retry,True,38650.94,1
CASE_003017,UNSEEN_CUST_01838,retry,False,0.0,1
CASE_003018,UNSEEN_CUST_01839,retry,True,17423.8,1
CASE_003019,UNSEEN_CUST_01840,retry,False,0.0,1
CASE_003020,UNSEEN_CUST_01841,retry,False,0.0,1
CASE_003021,UNSEEN_CUST_01842,retry,True,5348.62,1
CASE_003022,UNSEEN_CUST_01842,retry,False,0.0,1
CASE_003023,UNSEEN_CUST_01843,retry,True,34460.99,1
CASE_003024,UNSEEN_CUST_01844,retry,True,2366.35,1
CASE_003025,UNSEEN_CUST_01844,retry,True,16300.27,1
CASE_003026,UNSEEN_CUST_01845,retry,True,13909.0,1
CASE_003027,UNSEEN_CUST_01845,retry,True,16749.71,1
CASE_003028,UNSEEN_CUST_01845,retry,False,0.0,1
CASE_003029,UNSEEN_CUST_01846,retry,False,0.0,1
CASE_003030,UNSEEN_CUST_01847,retry,True,12987.76,1
CASE_003031,UNSEEN_CUST_01849,retry,False,0.0,1
CASE_003032,UNSEEN_CUST_01850,retry,False,0.0,1
CASE_003033,UNSEEN_CUST_01850,retry,False,0.0,1
CASE_003034,UNSEEN_CUST_01850,retry,False,0.0,1
CASE_003035,UNSEEN_CUST_01851,retry,False,0.0,1
CASE_003036,UNSEEN_CUST_01853,retry,False,0.0,1
CASE_003037,UNSEEN_CUST_01853,retry,False,0.0,1
CASE_003038,UNSEEN_CUST_01855,retry,False,0.0,1
CASE_003039,UNSEEN_CUST_01856,retry,False,0.0,1
CASE_003040,UNSEEN_CUST_01856,retry,False,0.0,1
CASE_003041,UNSEEN_CUST_01857,retry,False,0.0,1
CASE_003042,UNSEEN_CUST_01857,retry,True,23259.76,1
CASE_003043,UNSEEN_CUST_01857,retry,False,0.0,1
CASE_003044,UNSEEN_CUST_01857,retry,True,35051.35,1
CASE_003045,UNSEEN_CUST_01858,retry,True,10749.14,1
CASE_003046,UNSEEN_CUST_01859,retry,True,42356.65,1
CASE_003047,UNSEEN_CUST_01860,retry,True,36757.09,1
CASE_003048,UNSEEN_CUST_01862,retry,True,60309.92,1
CASE_003049,UNSEEN_CUST_01862,retry,False,0.0,1
CASE_003050,UNSEEN_CUST_01863,retry,False,0.0,1
CASE_003051,UNSEEN_CUST_01864,retry,True,25874.13,1
CASE_003052,UNSEEN_CUST_01865,retry,False,0.0,1
CASE_003053,UNSEEN_CUST_01868,retry,False,0.0,1
CASE_003054,UNSEEN_CUST_01868,retry,False,0.0,1
CASE_003055,UNSEEN_CUST_01871,retry,False,0.0,1
CASE_003056,UNSEEN_CUST_01872,retry,True,10555.28,1
CASE_003057,UNSEEN_CUST_01872,retry,False,0.0,1
CASE_003058,UNSEEN_CUST_01873,retry,False,0.0,1
CASE_003059,UNSEEN_CUST_01874,retry,False,0.0,1
CASE_003060,UNSEEN_CUST_01874,retry,False,0.0,1
CASE_003061,UNSEEN_CUST_01874,retry,False,0.0,1
CASE_003062,UNSEEN_CUST_01875,retry,True,35918.75,1
CASE_003063,UNSEEN_CUST_01877,retry,False,0.0,1
CASE_003064,UNSEEN_CUST_01877,retry,False,0.0,1
CASE_003065,UNSEEN_CUST_01877,retry,False,0.0,1
CASE_003066,UNSEEN_CUST_01879,retry,False,0.0,1
CASE_003067,UNSEEN_CUST_01879,retry,True,13842.24,1
CASE_003068,UNSEEN_CUST_01879,retry,False,0.0,1
CASE_003069,UNSEEN_CUST_01880,retry,True,4607.42,1
CASE_003070,UNSEEN_CUST_01880,retry,True,4521.92,1
CASE_003071,UNSEEN_CUST_01881,retry,False,0.0,1
CASE_003072,UNSEEN_CUST_01881,retry,False,0.0,1
CASE_003073,UNSEEN_CUST_01881,retry,False,0.0,1
CASE_003074,UNSEEN_CUST_01881,retry,True,29563.87,1
CASE_003075,UNSEEN_CUST_01882,retry,True,7291.52,1
CASE_003076,UNSEEN_CUST_01883,retry,True,24444.3,1
CASE_003077,UNSEEN_CUST_01884,retry,True,37076.11,1
CASE_003078,UNSEEN_CUST_01884,retry,False,0.0,1
CASE_003079,UNSEEN_CUST_01885,retry,False,0.0,1
CASE_003080,UNSEEN_CUST_01885,retry,False,0.0,1
CASE_003081,UNSEEN_CUST_01885,retry,False,0.0,1
CASE_003082,UNSEEN_CUST_01885,retry,True,26644.02,1
CASE_003083,UNSEEN_CUST_01886,retry,False,0.0,1
CASE_003084,UNSEEN_CUST_01886,retry,False,0.0,1
CASE_003085,UNSEEN_CUST_01886,retry,False,0.0,1
CASE_003086,UNSEEN_CUST_01886,retry,True,34620.61,1
CASE_003087,UNSEEN_CUST_01887,retry,False,0.0,1
CASE_003088,UNSEEN_CUST_01888,retry,False,0.0,1
CASE_003089,UNSEEN_CUST_01888,retry,True,11334.2,1
CASE_003090,UNSEEN_CUST_01888,retry,False,0.0,1
CASE_003091,UNSEEN_CUST_01888,retry,True,17230.04,1
CASE_003092,UNSEEN_CUST_01888,retry,False,0.0,1
CASE_003093,UNSEEN_CUST_01888,retry,False,0.0,1
CASE_003094,UNSEEN_CUST_01889,retry,False,0.0,1
CASE_003095,UNSEEN_CUST_01890,retry,True,18415.59,1
CASE_003096,UNSEEN_CUST_01890,retry,False,0.0,1
CASE_003097,UNSEEN_CUST_01891,retry,False,0.0,1
CASE_003098,UNSEEN_CUST_01892,retry,False,0.0,1
CASE_003099,UNSEEN_CUST_01892,retry,False,0.0,1
CASE_003100,UNSEEN_CUST_01892,retry,False,0.0,1
CASE_003101,UNSEEN_CUST_01893,retry,True,7071.73,1
CASE_003102,UNSEEN_CUST_01894,retry,False,0.0,1
CASE_003103,UNSEEN_CUST_01894,retry,False,0.0,1
CASE_003104,UNSEEN_CUST_01894,retry,False,0.0,1
CASE_003105,UNSEEN_CUST_01895,retry,True,37527.17,1
CASE_003106,UNSEEN_CUST_01895,retry,False,0.0,1
CASE_003107,UNSEEN_CUST_01895,retry,True,38380.27,1
CASE_003108,UNSEEN_CUST_01895,retry,False,0.0,1
CASE_003109,UNSEEN_CUST_01896,retry,False,0.0,1
CASE_003110,UNSEEN_CUST_01897,retry,True,4095.48,1
CASE_003111,UNSEEN_CUST_01897,retry,True,11869.93,1
CASE_003112,UNSEEN_CUST_01897,retry,False,0.0,1
CASE_003113,UNSEEN_CUST_01897,retry,False,0.0,1
CASE_003114,UNSEEN_CUST_01898,retry,False,0.0,1
CASE_003115,UNSEEN_CUST_01899,retry,True,12062.3,1
CASE_003116,UNSEEN_CUST_01899,retry,False,0.0,1
CASE_003117,UNSEEN_CUST_01900,retry,True,45421.68,1
CASE_003118,UNSEEN_CUST_01900,retry,False,0.0,1
CASE_003119,UNSEEN_CUST_01900,retry,False,0.0,1
CASE_003120,UNSEEN_CUST_01900,retry,True,6094.47,1
CASE_003121,UNSEEN_CUST_01900,retry,False,0.0,1
CASE_003122,UNSEEN_CUST_01902,retry,True,42881.34,1
CASE_003123,UNSEEN_CUST_01903,retry,True,2824.43,1
CASE_003124,UNSEEN_CUST_01904,retry,False,0.0,1
CASE_003125,UNSEEN_CUST_01905,retry,False,0.0,1
CASE_003126,UNSEEN_CUST_01905,retry,False,0.0,1
CASE_003127,UNSEEN_CUST_01906,retry,False,0.0,1
CASE_003128,UNSEEN_CUST_01906,retry,False,0.0,1
CASE_003129,UNSEEN_CUST_01906,retry,False,0.0,1
CASE_003130,UNSEEN_CUST_01906,retry,False,0.0,1
CASE_003131,UNSEEN_CUST_01907,retry,False,0.0,1
CASE_003132,UNSEEN_CUST_01908,retry,True,42328.01,1
CASE_003133,UNSEEN_CUST_01909,retry,False,0.0,1
CASE_003134,UNSEEN_CUST_01910,retry,False,0.0,1
CASE_003135,UNSEEN_CUST_01911,retry,False,0.0,1
CASE_003136,UNSEEN_CUST_01912,retry,False,0.0,1
CASE_003137,UNSEEN_CUST_01913,retry,True,37438.51,1
CASE_003138,UNSEEN_CUST_01913,retry,True,10843.73,1
CASE_003139,UNSEEN_CUST_01916,retry,False,0.0,1
CASE_003140,UNSEEN_CUST_01916,retry,False,0.0,1
CASE_003141,UNSEEN_CUST_01916,retry,False,0.0,1
CASE_003142,UNSEEN_CUST_01917,retry,True,21931.24,1
CASE_003143,UNSEEN_CUST_01918,retry,False,0.0,1
CASE_003144,UNSEEN_CUST_01918,retry,True,11689.0,1
CASE_003145,UNSEEN_CUST_01919,retry,False,0.0,1
CASE_003146,UNSEEN_CUST_01920,retry,True,36034.65,1
CASE_003147,UNSEEN_CUST_01920,retry,False,0.0,1
CASE_003148,UNSEEN_CUST_01921,retry,False,0.0,1
CASE_003149,UNSEEN_CUST_01921,retry,False,0.0,1
CASE_003150,UNSEEN_CUST_01924,retry,True,28097.94,1
CASE_003151,UNSEEN_CUST_01924,retry,True,5297.98,1
CASE_003152,UNSEEN_CUST_01925,retry,False,0.0,1
CASE_003153,UNSEEN_CUST_01925,retry,True,14366.33,1
CASE_003154,UNSEEN_CUST_01926,retry,True,15354.47,1
CASE_003155,UNSEEN_CUST_01926,retry,False,0.0,1
CASE_003156,UNSEEN_CUST_01927,retry,False,0.0,1
CASE_003157,UNSEEN_CUST_01927,retry,False,0.0,1
CASE_003158,UNSEEN_CUST_01928,retry,True,17874.57,1
CASE_003159,UNSEEN_CUST_01928,retry,False,0.0,1
CASE_003160,UNSEEN_CUST_01929,retry,False,0.0,1
CASE_003161,UNSEEN_CUST_01930,retry,True,6943.08,1
CASE_003162,UNSEEN_CUST_01930,retry,False,0.0,1
CASE_003163,UNSEEN_CUST_01931,retry,False,0.0,1
CASE_003164,UNSEEN_CUST_01933,retry,False,0.0,1
CASE_003165,UNSEEN_CUST_01933,retry,True,2976.67,1
CASE_003166,UNSEEN_CUST_01933,retry,False,0.0,1
CASE_003167,UNSEEN_CUST_01933,retry,False,0.0,1
CASE_003168,UNSEEN_CUST_01934,retry,False,0.0,1
CASE_003169,UNSEEN_CUST_01935,retry,True,5239.15,1
CASE_003170,UNSEEN_CUST_01938,retry,False,0.0,1
CASE_003171,UNSEEN_CUST_01939,retry,False,0.0,1
CASE_003172,UNSEEN_CUST_01939,retry,False,0.0,1
CASE_003173,UNSEEN_CUST_01940,retry,False,0.0,1
CASE_003174,UNSEEN_CUST_01941,retry,False,0.0,1
CASE_003175,UNSEEN_CUST_01941,retry,False,0.0,1
CASE_003176,UNSEEN_CUST_01942,retry,False,0.0,1
CASE_003177,UNSEEN_CUST_01942,retry,True,24386.63,1
CASE_003178,UNSEEN_CUST_01942,retry,False,0.0,1
CASE_003179,UNSEEN_CUST_01943,retry,False,0.0,1
CASE_003180,UNSEEN_CUST_01944,retry,False,0.0,1
CASE_003181,UNSEEN_CUST_01944,retry,False,0.0,1
CASE_003182,UNSEEN_CUST_01945,retry,True,14221.11,1
CASE_003183,UNSEEN_CUST_01948,retry,False,0.0,1
CASE_003184,UNSEEN_CUST_01948,retry,False,0.0,1
CASE_003185,UNSEEN_CUST_01949,retry,False,0.0,1
CASE_003186,UNSEEN_CUST_01950,retry,True,21704.99,1
CASE_003187,UNSEEN_CUST_01950,retry,False,0.0,1
CASE_003188,UNSEEN_CUST_01950,retry,True,44171.78,1
CASE_003189,UNSEEN_CUST_01951,retry,True,31119.86,1
CASE_003190,UNSEEN_CUST_01951,retry,False,0.0,1
CASE_003191,UNSEEN_CUST_01952,retry,False,0.0,1
CASE_003192,UNSEEN_CUST_01952,retry,False,0.0,1
CASE_003193,UNSEEN_CUST_01952,retry,False,0.0,1
CASE_003194,UNSEEN_CUST_01952,retry,False,0.0,1
CASE_003195,UNSEEN_CUST_01953,retry,False,0.0,1
CASE_003196,UNSEEN_CUST_01954,retry,False,0.0,1
CASE_003197,UNSEEN_CUST_01954,retry,False,0.0,1
CASE_003198,UNSEEN_CUST_01954,retry,True,21711.14,1
CASE_003199,UNSEEN_CUST_01954,retry,True,66060.24,1
CASE_003200,UNSEEN_CUST_01955,retry,False,0.0,1
CASE_003201,UNSEEN_CUST_01957,retry,False,0.0,1
CASE_003202,UNSEEN_CUST_01957,retry,False,0.0,1
CASE_003203,UNSEEN_CUST_01959,retry,False,0.0,1
CASE_003204,UNSEEN_CUST_01959,retry,False,0.0,1
CASE_003205,UNSEEN_CUST_01959,retry,False,0.0,1
CASE_003206,UNSEEN_CUST_01960,retry,True,17552.95,1
CASE_003207,UNSEEN_CUST_01960,retry,False,0.0,1
CASE_003208,UNSEEN_CUST_01961,retry,True,4398.12,1
CASE_003209,UNSEEN_CUST_01962,retry,True,106767.96,1
CASE_003210,UNSEEN_CUST_01963,retry,True,2673.72,1
CASE_003211,UNSEEN_CUST_01964,retry,False,0.0,1
CASE_003212,UNSEEN_CUST_01965,retry,True,18916.38,1
CASE_003213,UNSEEN_CUST_01965,retry,True,49267.46,1
CASE_003214,UNSEEN_CUST_01966,retry,True,15193.34,1
CASE_003215,UNSEEN_CUST_01966,retry,False,0.0,1
CASE_003216,UNSEEN_CUST_01967,retry,False,0.0,1
CASE_003217,UNSEEN_CUST_01968,retry,True,23051.24,1
CASE_003218,UNSEEN_CUST_01968,retry,False,0.0,1
CASE_003219,UNSEEN_CUST_01969,retry,False,0.0,1
CASE_003220,UNSEEN_CUST_01971,retry,False,0.0,1
CASE_003221,UNSEEN_CUST_01971,retry,True,48708.07,1
CASE_003222,UNSEEN_CUST_01971,retry,False,0.0,1
CASE_003223,UNSEEN_CUST_01971,retry,False,0.0,1
CASE_003224,UNSEEN_CUST_01971,retry,False,0.0,1
CASE_003225,UNSEEN_CUST_01972,retry,True,26330.22,1
CASE_003226,UNSEEN_CUST_01974,retry,False,0.0,1
CASE_003227,UNSEEN_CUST_01975,retry,False,0.0,1
CASE_003228,UNSEEN_CUST_01976,retry,True,2767.25,1
CASE_003229,UNSEEN_CUST_01979,retry,True,23089.63,1
CASE_003230,UNSEEN_CUST_01980,retry,True,13928.09,1
CASE_003231,UNSEEN_CUST_01980,retry,True,45091.67,1
CASE_003232,UNSEEN_CUST_01981,retry,True,14095.76,1
CASE_003233,UNSEEN_CUST_01982,retry,True,34974.18,1
CASE_003234,UNSEEN_CUST_01982,retry,True,8096.95,1
CASE_003235,UNSEEN_CUST_01983,retry,False,0.0,1
CASE_003236,UNSEEN_CUST_01983,retry,False,0.0,1
CASE_003237,UNSEEN_CUST_01984,retry,False,0.0,1
CASE_003238,UNSEEN_CUST_01984,retry,True,3783.46,1
CASE_003239,UNSEEN_CUST_01985,retry,False,0.0,1
CASE_003240,UNSEEN_CUST_01985,retry,False,0.0,1
CASE_003241,UNSEEN_CUST_01986,retry,False,0.0,1
CASE_003242,UNSEEN_CUST_01987,retry,False,0.0,1
CASE_003243,UNSEEN_CUST_01987,retry,False,0.0,1
CASE_003244,UNSEEN_CUST_01988,retry,False,0.0,1
CASE_003245,UNSEEN_CUST_01989,retry,False,0.0,1
CASE_003246,UNSEEN_CUST_01989,retry,False,0.0,1
CASE_003247,UNSEEN_CUST_01992,retry,False,0.0,1
CASE_003248,UNSEEN_CUST_01992,retry,False,0.0,1
CASE_003249,UNSEEN_CUST_01992,retry,False,0.0,1
CASE_003250,UNSEEN_CUST_01992,retry,True,48069.09,1
CASE_003251,UNSEEN_CUST_01993,retry,False,0.0,1
CASE_003252,UNSEEN_CUST_01993,retry,False,0.0,1
CASE_003253,UNSEEN_CUST_01993,retry,False,0.0,1
CASE_003254,UNSEEN_CUST_01994,retry,True,24258.89,1
CASE_003255,UNSEEN_CUST_01995,retry,False,0.0,1
CASE_003256,UNSEEN_CUST_01995,retry,False,0.0,1
CASE_003257,UNSEEN_CUST_01996,retry,False,0.0,1
CASE_003258,UNSEEN_CUST_01997,retry,False,0.0,1
CASE_003259,UNSEEN_CUST_01997,retry,True,21769.91,1
CASE_003260,UNSEEN_CUST_01997,retry,False,0.0,1
CASE_003261,UNSEEN_CUST_01999,retry,False,0.0,1
CASE_003262,UNSEEN_CUST_01999,retry,True,68013.43,1
