case_id,customer_id,event_ids,surfaces,event_types,recovery_amount,failure_categories,dedup_status,dedup_score,case_created_at
CASE_000001,UNSEEN_CUST_00468,UNSEEN_PAY_003377|UNSEEN_CHK_002628,payment|checkout,payment_failed|checkout_abandoned,14079.3,temporary_bank_failure,matched,0.9985471105334309,2026-06-20 19:36:41.963990
CASE_000002,UNSEEN_CUST_00049,UNSEEN_PAY_006628|UNSEEN_CHK_001988,payment|checkout,payment_failed|checkout_abandoned,1420.47,temporary_bank_failure,matched,0.9982331728230797,2026-07-01 11:12:42.118071
CASE_000003,UNSEEN_CUST_01721,UNSEEN_PAY_001083|UNSEEN_CHK_002392,payment|checkout,payment_failed|checkout_abandoned,38691.76,timeout,matched,0.9974761631704298,2026-07-13 17:52:41.856478
CASE_000004,UNSEEN_CUST_00688,UNSEEN_PAY_001850|UNSEEN_CHK_002479,payment|checkout,payment_failed|checkout_abandoned,19769.85,unknown_failure,matched,0.9965171776720613,2026-06-10 07:31:41.889985
CASE_000005,UNSEEN_CUST_01108,UNSEEN_PAY_006369|UNSEEN_CHK_000148,payment|checkout,payment_failed|checkout_abandoned,18857.78,expired_instrument,matched,0.9958060139281153,2026-08-07 19:52:42.107065
CASE_000006,UNSEEN_CUST_00948,UNSEEN_PAY_000177|UNSEEN_CHK_000370,payment|checkout,payment_failed|checkout_abandoned,34095.39,unknown_failure,matched,0.994714555252191,2026-08-19 08:48:41.804579
CASE_000007,UNSEEN_CUST_01000,UNSEEN_PAY_003628|UNSEEN_CHK_003166,payment|checkout,payment_failed|checkout_abandoned,30960.84,temporary_bank_failure,matched,0.9943417071371449,2026-06-15 13:20:41.978068
CASE_000008,UNSEEN_CUST_00278,UNSEEN_PAY_005949|UNSEEN_CHK_001300,payment|checkout,payment_failed|checkout_abandoned,39798.8,risk_decline,matched,0.9936843210236377,2026-07-01 09:44:42.083070
CASE_000009,UNSEEN_CUST_00667,UNSEEN_PAY_000931|UNSEEN_CHK_002883,payment|checkout,payment_failed|checkout_abandoned,79286.56,timeout,matched,0.9935260049118035,2026-08-04 08:57:41.849478
CASE_000010,UNSEEN_CUST_00539,UNSEEN_PAY_000425|UNSEEN_CHK_001379,payment|checkout,payment_failed|checkout_abandoned,12025.11,temporary_bank_failure,matched,0.9934679370916357,2026-06-06 17:04:41.818991
CASE_000011,UNSEEN_CUST_00722,UNSEEN_PAY_005594|UNSEEN_CHK_002082,payment|checkout,payment_failed|checkout_abandoned,23385.63,temporary_bank_failure,matched,0.9933521490191484,2026-08-23 12:59:42.064990
CASE_000012,UNSEEN_CUST_01747,UNSEEN_PAY_003160|UNSEEN_CHK_001463,payment|checkout,payment_failed|checkout_abandoned,33828.26,timeout,matched,0.9930907780785783,2026-06-15 13:38:41.950990
CASE_000013,UNSEEN_CUST_00289,UNSEEN_PAY_004285|UNSEEN_CHK_002610,payment|checkout,payment_failed|checkout_abandoned,4184.13,authentication_failed,matched,0.9926875300241627,2026-06-21 23:20:42.008077
CASE_000014,UNSEEN_CUST_01788,UNSEEN_PAY_003435|UNSEEN_CHK_003064,payment|checkout,payment_failed|checkout_abandoned,41078.76,unknown_failure,matched,0.9914694081970017,2026-07-14 07:25:41.966990
CASE_000015,UNSEEN_CUST_00044,UNSEEN_PAY_004623|UNSEEN_CHK_002316,payment|checkout,payment_failed|checkout_abandoned,38614.79,insufficient_funds,matched,0.991072842886826,2026-08-23 04:56:42.022987
CASE_000016,UNSEEN_CUST_01695,UNSEEN_PAY_001047|UNSEEN_CHK_001456,payment|checkout,payment_failed|checkout_abandoned,13461.33,risk_decline,matched,0.9908330677577922,2026-05-31 06:52:41.854479
CASE_000017,UNSEEN_CUST_00300,UNSEEN_PAY_004971|UNSEEN_CHK_002587,payment|checkout,payment_failed|checkout_abandoned,9821.7,insufficient_funds,matched,0.9904717360538399,2026-07-12 05:58:42.037077
CASE_000018,UNSEEN_CUST_01742,UNSEEN_PAY_002610|UNSEEN_CHK_000971,payment|checkout,payment_failed|checkout_abandoned,19350.02,timeout,matched,0.9901179904034553,2026-08-21 13:03:41.922985
CASE_000019,UNSEEN_CUST_00310,UNSEEN_PAY_000224|UNSEEN_CHK_000890,payment|checkout,payment_failed|checkout_abandoned,26401.7,expired_instrument,matched,0.9898081941693149,2026-08-08 03:18:41.807579
CASE_000020,UNSEEN_CUST_01921,UNSEEN_PAY_005126|UNSEEN_CHK_001338,payment|checkout,payment_failed|checkout_abandoned,48406.48,insufficient_funds,matched,0.9897790066307008,2026-07-15 21:04:42.044069
CASE_000021,UNSEEN_CUST_01565,UNSEEN_PAY_001061|UNSEEN_CHK_000831,payment|checkout,payment_failed|checkout_abandoned,3320.57,temporary_bank_failure,matched,0.9897063037704704,2026-08-06 13:24:41.854479
CASE_000022,UNSEEN_CUST_00646,UNSEEN_PAY_001393|UNSEEN_CHK_000607,payment|checkout,payment_failed|checkout_abandoned,37316.65,timeout,matched,0.9893829210434365,2026-08-19 04:10:41.869990
CASE_000023,UNSEEN_CUST_00296,UNSEEN_PAY_002123|UNSEEN_CHK_000205,payment|checkout,payment_failed|checkout_abandoned,14255.45,temporary_bank_failure,matched,0.9893707455355281,2026-08-14 12:34:41.901985
CASE_000024,UNSEEN_CUST_00294,UNSEEN_PAY_004161|UNSEEN_CHK_000342,payment|checkout,payment_failed|checkout_abandoned,28434.15,timeout,matched,0.9891959272564856,2026-06-28 22:10:42.002075
CASE_000025,UNSEEN_CUST_00937,UNSEEN_PAY_002872|UNSEEN_CHK_001499,payment|checkout,payment_failed|checkout_abandoned,14447.0,temporary_bank_failure,matched,0.9890136860401622,2026-08-14 11:11:41.935989
CASE_000026,UNSEEN_CUST_01516,UNSEEN_PAY_005151|UNSEEN_CHK_002402,payment|checkout,payment_failed|checkout_abandoned,47996.5,authentication_failed,matched,0.9889174841452559,2026-08-23 18:43:42.045075
CASE_000027,UNSEEN_CUST_01025,UNSEEN_PAY_002648|UNSEEN_CHK_002849,payment|checkout,payment_failed|checkout_abandoned,49479.07,temporary_bank_failure,matched,0.9888265172301922,2026-07-18 19:29:41.924991
CASE_000028,UNSEEN_CUST_01431,UNSEEN_PAY_000772|UNSEEN_CHK_000005,payment|checkout,payment_failed|checkout_abandoned,31053.39,temporary_bank_failure,matched,0.9887893546673434,2026-08-10 12:40:41.839479
CASE_000029,UNSEEN_CUST_01039,UNSEEN_PAY_006303|UNSEEN_CHK_001598,payment|checkout,payment_failed|checkout_abandoned,11049.12,temporary_bank_failure,matched,0.988758561767815,2026-07-26 06:56:42.103066
CASE_000030,UNSEEN_CUST_00219,UNSEEN_PAY_005452|UNSEEN_CHK_001415,payment|checkout,payment_failed|checkout_abandoned,24457.56,temporary_bank_failure,matched,0.9887289097249821,2026-08-17 00:48:42.059075
CASE_000031,UNSEEN_CUST_01431,UNSEEN_PAY_002173|UNSEEN_CHK_000366,payment|checkout,payment_failed|checkout_abandoned,34733.4,expired_instrument,matched,0.9884013994214983,2026-08-05 04:59:41.903985
CASE_000032,UNSEEN_CUST_00300,UNSEEN_PAY_000445|UNSEEN_CHK_000987,payment|checkout,payment_failed|checkout_abandoned,5627.65,temporary_bank_failure,matched,0.9881185555052089,2026-07-29 04:40:41.818991
CASE_000033,UNSEEN_CUST_00454,UNSEEN_PAY_006933|UNSEEN_CHK_002667,payment|checkout,payment_failed|checkout_abandoned,6683.25,authentication_failed,matched,0.9876368408583649,2026-07-19 15:05:42.132076
CASE_000034,UNSEEN_CUST_01029,UNSEEN_PAY_005995|UNSEEN_CHK_000667,payment|checkout,payment_failed|checkout_abandoned,23079.27,unknown_failure,matched,0.9874950673627603,2026-06-16 10:19:42.085032
CASE_000035,UNSEEN_CUST_00941,UNSEEN_PAY_000421|UNSEEN_CHK_001364,payment|checkout,payment_failed|checkout_abandoned,33025.51,temporary_bank_failure,matched,0.9866596281682452,2026-07-26 14:01:41.817991
CASE_000036,UNSEEN_CUST_01055,UNSEEN_PAY_006074|UNSEEN_CHK_001740,payment|checkout,payment_failed|checkout_abandoned,12418.3,expired_instrument,matched,0.9863351823071149,2026-07-14 02:01:42.089987
CASE_000037,UNSEEN_CUST_00813,UNSEEN_PAY_001298|UNSEEN_CHK_003162,payment|checkout,payment_failed|checkout_abandoned,15129.89,temporary_bank_failure,matched,0.9861014031386437,2026-07-25 05:56:41.865990
CASE_000038,UNSEEN_CUST_00647,UNSEEN_PAY_004312|UNSEEN_CHK_002562,payment|checkout,payment_failed|checkout_abandoned,4444.56,insufficient_funds,matched,0.9859590150656081,2026-06-02 19:26:42.009066
CASE_000039,UNSEEN_CUST_00908,UNSEEN_PAY_005649|UNSEEN_CHK_000035,payment|checkout,payment_failed|checkout_abandoned,38416.29,expired_instrument,matched,0.9858243844386501,2026-08-07 15:45:42.068066
CASE_000040,UNSEEN_CUST_00413,UNSEEN_PAY_001026|UNSEEN_CHK_000814,payment|checkout,payment_failed|checkout_abandoned,48376.96,temporary_bank_failure,matched,0.9854039994796421,2026-07-02 06:29:41.853480
CASE_000041,UNSEEN_CUST_01137,UNSEEN_PAY_003722|UNSEEN_CHK_000307,payment|checkout,payment_failed|checkout_abandoned,39711.46,insufficient_funds,matched,0.9853915799396726,2026-06-25 04:11:41.982986
CASE_000042,UNSEEN_CUST_00928,UNSEEN_PAY_001886|UNSEEN_CHK_001901,payment|checkout,payment_failed|checkout_abandoned,49013.71,expired_instrument,matched,0.9850900123432584,2026-07-25 17:34:41.891985
CASE_000043,UNSEEN_CUST_01951,UNSEEN_PAY_004650|UNSEEN_CHK_001153,payment|checkout,payment_failed|checkout_abandoned,43429.88,insufficient_funds,matched,0.9843292636313985,2026-06-08 02:08:42.024080
CASE_000044,UNSEEN_CUST_00185,UNSEEN_PAY_004092|UNSEEN_CHK_001755,payment|checkout,payment_failed|checkout_abandoned,29678.3,expired_instrument,matched,0.9837629017759701,2026-07-17 18:46:41.999067
CASE_000045,UNSEEN_CUST_00993,UNSEEN_PAY_000943|UNSEEN_CHK_000273,payment|checkout,payment_failed|checkout_abandoned,14986.84,insufficient_funds,matched,0.9835185202484313,2026-06-08 02:05:41.849478
CASE_000046,UNSEEN_CUST_00581,UNSEEN_PAY_003071|UNSEEN_CHK_001168,payment|checkout,payment_failed|checkout_abandoned,8015.78,timeout,matched,0.9833815687445404,2026-07-27 17:24:41.945990
CASE_000047,UNSEEN_CUST_00963,UNSEEN_PAY_000528|UNSEEN_CHK_002093,payment|checkout,payment_failed|checkout_abandoned,19249.67,blocked_instrument,matched,0.9831246479376876,2026-08-09 00:26:41.826478
CASE_000048,UNSEEN_CUST_01884,UNSEEN_PAY_006265|UNSEEN_CHK_001840,payment|checkout,payment_failed|checkout_abandoned,39389.96,insufficient_funds,matched,0.9828766585867735,2026-07-08 19:29:42.101073
CASE_000049,UNSEEN_CUST_01340,UNSEEN_PAY_005640|UNSEEN_CHK_000360,payment|checkout,payment_failed|checkout_abandoned,12491.06,temporary_bank_failure,matched,0.9826958823172556,2026-06-07 17:27:42.067066
CASE_000050,UNSEEN_CUST_01418,UNSEEN_PAY_004892|UNSEEN_CHK_001242,payment|checkout,payment_failed|checkout_abandoned,13298.06,risk_decline,matched,0.9824077517906957,2026-07-19 07:07:42.034073
CASE_000051,UNSEEN_CUST_00977,UNSEEN_PAY_000541|UNSEEN_CHK_000345,payment|checkout,payment_failed|checkout_abandoned,13861.29,temporary_bank_failure,matched,0.9823642286059473,2026-05-28 18:59:41.827478
CASE_000052,UNSEEN_CUST_01654,UNSEEN_PAY_006665|UNSEEN_CHK_002721,payment|checkout,payment_failed|checkout_abandoned,21142.8,expired_instrument,matched,0.9822379249673647,2026-06-03 11:56:42.120065
CASE_000053,UNSEEN_CUST_01787,UNSEEN_PAY_004796|UNSEEN_CHK_001442,payment|checkout,payment_failed|checkout_abandoned,97127.01,temporary_bank_failure,matched,0.9822059010670667,2026-06-30 05:39:42.030078
CASE_000054,UNSEEN_CUST_01093,UNSEEN_PAY_005847|UNSEEN_CHK_000030,payment|checkout,payment_failed|checkout_abandoned,2100.1,authentication_failed,matched,0.9820127216164309,2026-06-18 05:19:42.078066
CASE_000055,UNSEEN_CUST_00390,UNSEEN_PAY_000417|UNSEEN_CHK_000502,payment|checkout,payment_failed|checkout_abandoned,11807.01,expired_instrument,matched,0.9819831926118466,2026-08-19 09:20:41.817991
CASE_000056,UNSEEN_CUST_00832,UNSEEN_PAY_005507|UNSEEN_CHK_002445,payment|checkout,payment_failed|checkout_abandoned,19126.64,limit_exceeded,matched,0.981822917610667,2026-08-18 13:58:42.061077
CASE_000057,UNSEEN_CUST_00577,UNSEEN_PAY_002780|UNSEEN_CHK_003453,payment|checkout,payment_failed|checkout_abandoned,5593.76,authentication_failed,matched,0.9816791488293305,2026-07-16 00:34:41.930990
CASE_000058,UNSEEN_CUST_01029,UNSEEN_PAY_001128|UNSEEN_CHK_003106,payment|checkout,payment_failed|checkout_abandoned,31970.28,temporary_bank_failure,matched,0.9813548124487285,2026-06-07 13:24:41.858483
CASE_000059,UNSEEN_CUST_00096,UNSEEN_PAY_005328|UNSEEN_CHK_002646,payment|checkout,payment_failed|checkout_abandoned,16523.99,insufficient_funds,matched,0.9810962150922521,2026-07-04 14:58:42.054066
CASE_000060,UNSEEN_CUST_00342,UNSEEN_PAY_004695|UNSEEN_CHK_002271,payment|checkout,payment_failed|checkout_abandoned,7296.72,timeout,matched,0.9807619313883499,2026-07-06 13:22:42.025997
CASE_000061,UNSEEN_CUST_01725,UNSEEN_PAY_001750|UNSEEN_CHK_000869,payment|checkout,payment_failed|checkout_abandoned,11486.97,insufficient_funds,matched,0.9804258194284481,2026-07-08 07:57:41.885985
CASE_000062,UNSEEN_CUST_00402,UNSEEN_PAY_006753|UNSEEN_CHK_000469,payment|checkout,payment_failed|checkout_abandoned,30125.09,authentication_failed,matched,0.9804137874221566,2026-08-04 08:38:42.124067
CASE_000063,UNSEEN_CUST_01023,UNSEEN_PAY_005742|UNSEEN_CHK_002888,payment|checkout,payment_failed|checkout_abandoned,22649.18,insufficient_funds,matched,0.9803872727891743,2026-06-01 00:46:42.072070
CASE_000064,UNSEEN_CUST_00122,UNSEEN_PAY_001928|UNSEEN_CHK_002976,payment|checkout,payment_failed|checkout_abandoned,17448.19,insufficient_funds,matched,0.9801541963505799,2026-08-13 06:07:41.893985
CASE_000065,UNSEEN_CUST_01194,UNSEEN_PAY_001287|UNSEEN_CHK_000557,payment|checkout,payment_failed|checkout_abandoned,12043.76,risk_decline,matched,0.9801391444384663,2026-06-30 17:26:41.865990
CASE_000066,UNSEEN_CUST_01359,UNSEEN_PAY_006853|UNSEEN_CHK_003497,payment|checkout,payment_failed|checkout_abandoned,29683.98,authentication_failed,matched,0.9801038438915537,2026-07-21 23:56:42.128065
CASE_000067,UNSEEN_CUST_01143,UNSEEN_PAY_002020|UNSEEN_CHK_002571,payment|checkout,payment_failed|checkout_abandoned,47906.72,unknown_failure,matched,0.9800476425854243,2026-06-25 06:44:41.897985
CASE_000068,UNSEEN_CUST_00492,UNSEEN_PAY_002346|UNSEEN_CHK_000973,payment|checkout,payment_failed|checkout_abandoned,3767.24,blocked_instrument,matched,0.9799367293945818,2026-08-13 11:15:41.910985
CASE_000069,UNSEEN_CUST_01342,UNSEEN_PAY_004910|UNSEEN_CHK_001786,payment|checkout,payment_failed|checkout_abandoned,5854.75,temporary_bank_failure,matched,0.9798229263039033,2026-07-21 08:21:42.035074
CASE_000070,UNSEEN_CUST_00342,UNSEEN_PAY_001985|UNSEEN_CHK_003082,payment|checkout,payment_failed|checkout_abandoned,18831.22,blocked_instrument,matched,0.9798158206307279,2026-05-29 08:52:41.895985
CASE_000071,UNSEEN_CUST_00084,UNSEEN_PAY_004086|UNSEEN_CHK_000812,payment|checkout,payment_failed|checkout_abandoned,45863.13,insufficient_funds,matched,0.9796743607919187,2026-06-07 05:03:41.998077
CASE_000072,UNSEEN_CUST_00163,UNSEEN_PAY_000595|UNSEEN_CHK_002439,payment|checkout,payment_failed|checkout_abandoned,47708.96,blocked_instrument,matched,0.9796390922515743,2026-08-26 05:37:41.830479
CASE_000073,UNSEEN_CUST_00690,UNSEEN_PAY_003924|UNSEEN_CHK_000639,payment|checkout,payment_failed|checkout_abandoned,37043.56,expired_instrument,matched,0.9795448304644586,2026-06-22 04:18:41.991079
CASE_000074,UNSEEN_CUST_00914,UNSEEN_PAY_001339|UNSEEN_CHK_000112,payment|checkout,payment_failed|checkout_abandoned,87671.29,timeout,matched,0.9794367794494386,2026-07-01 17:45:41.867990
CASE_000075,UNSEEN_CUST_01447,UNSEEN_PAY_002498|UNSEEN_CHK_000180,payment|checkout,payment_failed|checkout_abandoned,34003.16,expired_instrument,matched,0.9789763745487183,2026-07-05 14:59:41.917985
CASE_000076,UNSEEN_CUST_01028,UNSEEN_PAY_006724|UNSEEN_CHK_002051,payment|checkout,payment_failed|checkout_abandoned,16650.47,temporary_bank_failure,matched,0.9787904145248352,2026-07-06 02:39:42.122986
CASE_000077,UNSEEN_CUST_00556,UNSEEN_PAY_005031|UNSEEN_CHK_002840,payment|checkout,payment_failed|checkout_abandoned,1757.79,risk_decline,matched,0.9787267819250309,2026-07-28 15:54:42.039988
CASE_000078,UNSEEN_CUST_00349,UNSEEN_PAY_001340|UNSEEN_CHK_003108,payment|checkout,payment_failed|checkout_abandoned,35850.99,insufficient_funds,matched,0.9782221990243506,2026-06-24 10:29:41.867990
CASE_000079,UNSEEN_CUST_00078,UNSEEN_PAY_003836|UNSEEN_CHK_003187,payment|checkout,payment_failed|checkout_abandoned,18215.72,timeout,matched,0.9781936255546796,2026-07-02 23:46:41.988078
CASE_000080,UNSEEN_CUST_01241,UNSEEN_PAY_005380|UNSEEN_CHK_001812,payment|checkout,payment_failed|checkout_abandoned,39108.39,timeout,matched,0.9781610927987576,2026-08-22 00:57:42.056078
CASE_000081,UNSEEN_CUST_00212,UNSEEN_PAY_006917|UNSEEN_CHK_002107,payment|checkout,payment_failed|checkout_abandoned,45675.89,risk_decline,matched,0.9778923689281152,2026-07-12 07:59:42.131073
CASE_000082,UNSEEN_CUST_00228,UNSEEN_PAY_002562|UNSEEN_CHK_001030,payment|checkout,payment_failed|checkout_abandoned,2526.88,temporary_bank_failure,matched,0.9778415894524295,2026-06-16 02:22:41.920985
CASE_000083,UNSEEN_CUST_01933,UNSEEN_PAY_004087|UNSEEN_CHK_003255,payment|checkout,payment_failed|checkout_abandoned,39153.65,limit_exceeded,matched,0.9776900301759861,2026-08-14 12:40:41.998077
CASE_000084,UNSEEN_CUST_01052,UNSEEN_PAY_002623|UNSEEN_CHK_003392,payment|checkout,payment_failed|checkout_abandoned,30448.96,timeout,matched,0.9776199544709865,2026-06-25 06:59:41.923996
CASE_000085,UNSEEN_CUST_00198,UNSEEN_PAY_004666|UNSEEN_CHK_002128,payment|checkout,payment_failed|checkout_abandoned,2636.29,limit_exceeded,matched,0.9771266754922006,2026-06-03 18:06:42.024080
CASE_000086,UNSEEN_CUST_01583,UNSEEN_PAY_001285|UNSEEN_CHK_000296,payment|checkout,payment_failed|checkout_abandoned,16269.93,expired_instrument,matched,0.9770978931685632,2026-06-13 18:32:41.865990
CASE_000087,UNSEEN_CUST_00603,UNSEEN_PAY_000457|UNSEEN_CHK_000637,payment|checkout,payment_failed|checkout_abandoned,49340.27,insufficient_funds,matched,0.9767428334344792,2026-06-21 02:47:41.819991
CASE_000088,UNSEEN_CUST_00025,UNSEEN_PAY_004519|UNSEEN_CHK_000880,payment|checkout,payment_failed|checkout_abandoned,11277.23,unknown_failure,matched,0.9767153047433732,2026-07-15 23:50:42.018069
CASE_000089,UNSEEN_CUST_01664,UNSEEN_PAY_006973|UNSEEN_CHK_001056,payment|checkout,payment_failed|checkout_abandoned,33835.06,unknown_failure,matched,0.9767048717776441,2026-06-16 17:25:42.134070
CASE_000090,UNSEEN_CUST_00351,UNSEEN_PAY_006884|UNSEEN_CHK_002315,payment|checkout,payment_failed|checkout_abandoned,31382.01,limit_exceeded,matched,0.9766216360902313,2026-07-17 09:37:42.130071
CASE_000091,UNSEEN_CUST_01084,UNSEEN_PAY_000711|UNSEEN_CHK_000714,payment|checkout,payment_failed|checkout_abandoned,37061.78,timeout,matched,0.9765746626308828,2026-05-30 22:31:41.836478
CASE_000092,UNSEEN_CUST_00575,UNSEEN_PAY_001458|UNSEEN_CHK_003205,payment|checkout,payment_failed|checkout_abandoned,3740.64,temporary_bank_failure,matched,0.976538560246375,2026-07-15 18:46:41.872985
CASE_000093,UNSEEN_CUST_01850,UNSEEN_PAY_006965|UNSEEN_CHK_001996,payment|checkout,payment_failed|checkout_abandoned,40502.52,risk_decline,matched,0.9762762045423348,2026-08-07 09:35:42.134070
CASE_000094,UNSEEN_CUST_01010,UNSEEN_PAY_005074|UNSEEN_CHK_002931,payment|checkout,payment_failed|checkout_abandoned,32450.61,timeout,matched,0.9762208923037194,2026-07-06 23:03:42.042074
CASE_000095,UNSEEN_CUST_00055,UNSEEN_PAY_003528|UNSEEN_CHK_003094,payment|checkout,payment_failed|checkout_abandoned,43509.08,insufficient_funds,matched,0.976157276953582,2026-06-18 15:09:41.971990
CASE_000096,UNSEEN_CUST_01872,UNSEEN_PAY_001788|UNSEEN_CHK_000915,payment|checkout,payment_failed|checkout_abandoned,42260.69,insufficient_funds,matched,0.9758142080605983,2026-06-19 16:15:41.887985
CASE_000097,UNSEEN_CUST_00683,UNSEEN_PAY_001797|UNSEEN_CHK_003465,payment|checkout,payment_failed|checkout_abandoned,858.15,unknown_failure,matched,0.9756766008273612,2026-07-19 00:39:41.887985
CASE_000098,UNSEEN_CUST_01759,UNSEEN_PAY_006891|UNSEEN_CHK_001418,payment|checkout,payment_failed|checkout_abandoned,14093.98,temporary_bank_failure,matched,0.9756372902157912,2026-06-07 21:29:42.130071
CASE_000099,UNSEEN_CUST_00676,UNSEEN_PAY_002104|UNSEEN_CHK_003362,payment|checkout,payment_failed|checkout_abandoned,49823.04,temporary_bank_failure,matched,0.97542331954587,2026-07-20 18:38:41.900985
CASE_000100,UNSEEN_CUST_00751,UNSEEN_PAY_006474|UNSEEN_CHK_001800,payment|checkout,payment_failed|checkout_abandoned,83082.04,insufficient_funds,matched,0.9752055848786465,2026-06-24 22:10:42.112079
CASE_000101,UNSEEN_CUST_01099,UNSEEN_PAY_004032|UNSEEN_CHK_002303,payment|checkout,payment_failed|checkout_abandoned,35509.4,temporary_bank_failure,matched,0.9749184629046581,2026-08-01 11:42:41.996072
CASE_000102,UNSEEN_CUST_01666,UNSEEN_PAY_000777|UNSEEN_CHK_003253,payment|checkout,payment_failed|checkout_abandoned,3739.51,insufficient_funds,matched,0.9748365969813633,2026-08-11 11:57:41.840478
CASE_000103,UNSEEN_CUST_01343,UNSEEN_PAY_006406|UNSEEN_CHK_002317,payment|checkout,payment_failed|checkout_abandoned,42516.73,authentication_failed,matched,0.9745660087478767,2026-08-22 10:56:42.109079
CASE_000104,UNSEEN_CUST_00608,UNSEEN_PAY_000948|UNSEEN_CHK_002297,payment|checkout,payment_failed|checkout_abandoned,30849.62,insufficient_funds,matched,0.9744171963148259,2026-07-29 23:02:41.849478
CASE_000105,UNSEEN_CUST_01140,UNSEEN_PAY_000917|UNSEEN_CHK_001479,payment|checkout,payment_failed|checkout_abandoned,45878.97,blocked_instrument,matched,0.9744064606289112,2026-08-07 07:46:41.848479
CASE_000106,UNSEEN_CUST_01919,UNSEEN_PAY_001962|UNSEEN_CHK_003292,payment|checkout,payment_failed|checkout_abandoned,48680.57,insufficient_funds,matched,0.9743699427261796,2026-08-01 16:37:41.894985
CASE_000107,UNSEEN_CUST_00833,UNSEEN_PAY_000346|UNSEEN_CHK_000312,payment|checkout,payment_failed|checkout_abandoned,40620.4,temporary_bank_failure,matched,0.974362465931185,2026-07-05 04:14:41.814992
CASE_000108,UNSEEN_CUST_01952,UNSEEN_PAY_000669|UNSEEN_CHK_003272,payment|checkout,payment_failed|checkout_abandoned,33249.39,expired_instrument,matched,0.9743146292809182,2026-06-09 04:30:41.834479
CASE_000109,UNSEEN_CUST_01284,UNSEEN_PAY_001558|UNSEEN_CHK_001185,payment|checkout,payment_failed|checkout_abandoned,30164.41,authentication_failed,matched,0.9743071014815141,2026-08-11 23:30:41.877985
CASE_000110,UNSEEN_CUST_00521,UNSEEN_PAY_003278|UNSEEN_CHK_000114,payment|checkout,payment_failed|checkout_abandoned,19790.09,limit_exceeded,matched,0.9742163273245459,2026-05-29 14:09:41.957990
CASE_000111,UNSEEN_CUST_00636,UNSEEN_PAY_001880|UNSEEN_CHK_002629,payment|checkout,payment_failed|checkout_abandoned,31678.33,authentication_failed,matched,0.9741683280722885,2026-08-01 12:08:41.891985
CASE_000112,UNSEEN_CUST_00021,UNSEEN_PAY_006274|UNSEEN_CHK_000621,payment|checkout,payment_failed|checkout_abandoned,16246.96,authentication_failed,matched,0.9740815197974815,2026-07-06 08:53:42.102072
CASE_000113,UNSEEN_CUST_01983,UNSEEN_PAY_002059|UNSEEN_CHK_000779,payment|checkout,payment_failed|checkout_abandoned,5915.6,blocked_instrument,matched,0.9740473399899323,2026-06-05 06:59:41.898985
CASE_000114,UNSEEN_CUST_00659,UNSEEN_PAY_002880|UNSEEN_CHK_001161,payment|checkout,payment_failed|checkout_abandoned,20190.5,insufficient_funds,matched,0.974014649353794,2026-05-30 18:53:41.935989
CASE_000115,UNSEEN_CUST_01798,UNSEEN_PAY_000973|UNSEEN_CHK_003333,payment|checkout,payment_failed|checkout_abandoned,10972.66,temporary_bank_failure,matched,0.9737257257786373,2026-08-22 23:49:41.850479
CASE_000116,UNSEEN_CUST_00011,UNSEEN_PAY_000468|UNSEEN_CHK_003444,payment|checkout,payment_failed|checkout_abandoned,4495.17,insufficient_funds,matched,0.9735629093745806,2026-07-15 20:22:41.821991
CASE_000117,UNSEEN_CUST_01616,UNSEEN_PAY_004467|UNSEEN_CHK_000759,payment|checkout,payment_failed|checkout_abandoned,41475.16,expired_instrument,matched,0.9735083425034807,2026-06-04 23:47:42.016071
CASE_000118,UNSEEN_CUST_00256,UNSEEN_PAY_001647|UNSEEN_CHK_001231,payment|checkout,payment_failed|checkout_abandoned,64743.64,expired_instrument,matched,0.9734266142246216,2026-07-03 17:28:41.881985
CASE_000119,UNSEEN_CUST_00996,UNSEEN_PAY_001165|UNSEEN_CHK_001861,payment|checkout,payment_failed|checkout_abandoned,6197.37,temporary_bank_failure,matched,0.9728955495099803,2026-06-25 00:22:41.859983
CASE_000120,UNSEEN_CUST_01616,UNSEEN_PAY_004544|UNSEEN_CHK_002691,payment|checkout,payment_failed|checkout_abandoned,32073.08,insufficient_funds,matched,0.9727612235695619,2026-07-26 23:02:42.019070
CASE_000121,UNSEEN_CUST_00973,UNSEEN_PAY_001312|UNSEEN_CHK_003278,payment|checkout,payment_failed|checkout_abandoned,11236.48,authentication_failed,matched,0.9726692186718814,2026-07-31 11:02:41.866990
CASE_000122,UNSEEN_CUST_01635,UNSEEN_PAY_001594|UNSEEN_CHK_003370,payment|checkout,payment_failed|checkout_abandoned,28043.69,insufficient_funds,matched,0.972369864070432,2026-07-07 12:10:41.878985
CASE_000123,UNSEEN_CUST_01080,UNSEEN_PAY_004742|UNSEEN_CHK_000686,payment|checkout,payment_failed|checkout_abandoned,33421.96,unknown_failure,matched,0.9722631051892562,2026-07-16 14:00:42.028074
CASE_000124,UNSEEN_CUST_00666,UNSEEN_PAY_004554|UNSEEN_CHK_002450,payment|checkout,payment_failed|checkout_abandoned,5617.07,timeout,matched,0.9718401571756569,2026-08-02 23:55:42.019070
CASE_000125,UNSEEN_CUST_00151,UNSEEN_PAY_001293|UNSEEN_CHK_001400,payment|checkout,payment_failed|checkout_abandoned,43669.43,temporary_bank_failure,matched,0.9717258447283501,2026-07-04 22:02:41.865990
CASE_000126,UNSEEN_CUST_01527,UNSEEN_PAY_004382|UNSEEN_CHK_001726,payment|checkout,payment_failed|checkout_abandoned,2525.09,blocked_instrument,matched,0.9716215626637731,2026-08-26 00:33:42.012074
CASE_000127,UNSEEN_CUST_01966,UNSEEN_PAY_002191|UNSEEN_CHK_002132,payment|checkout,payment_failed|checkout_abandoned,16514.79,temporary_bank_failure,matched,0.9714868611711078,2026-08-26 16:14:41.904985
CASE_000128,UNSEEN_CUST_01320,UNSEEN_PAY_004053|UNSEEN_CHK_003177,payment|checkout,payment_failed|checkout_abandoned,13629.93,temporary_bank_failure,matched,0.9713564315199467,2026-06-04 21:38:41.997028
CASE_000129,UNSEEN_CUST_00892,UNSEEN_PAY_002242|UNSEEN_CHK_001356,payment|checkout,payment_failed|checkout_abandoned,8827.14,insufficient_funds,matched,0.9710178192861258,2026-06-13 22:52:41.906985
CASE_000130,UNSEEN_CUST_00144,UNSEEN_PAY_003296|UNSEEN_CHK_000964,payment|checkout,payment_failed|checkout_abandoned,12192.06,temporary_bank_failure,matched,0.9708464990056369,2026-08-14 16:26:41.958990
CASE_000131,UNSEEN_CUST_01693,UNSEEN_PAY_000839|UNSEEN_CHK_002202,payment|checkout,payment_failed|checkout_abandoned,17968.55,authentication_failed,matched,0.970688964576688,2026-07-26 04:31:41.844480
CASE_000132,UNSEEN_CUST_00577,UNSEEN_PAY_003190|UNSEEN_CHK_000065,payment|checkout,payment_failed|checkout_abandoned,12043.24,insufficient_funds,matched,0.9703990297553742,2026-08-17 00:41:41.952989
CASE_000133,UNSEEN_CUST_01175,UNSEEN_PAY_003664|UNSEEN_CHK_002755,payment|checkout,payment_failed|checkout_abandoned,24820.57,expired_instrument,matched,0.9703890808443696,2026-07-23 06:56:41.980067
CASE_000134,UNSEEN_CUST_00990,UNSEEN_PAY_005878|UNSEEN_CHK_003354,payment|checkout,payment_failed|checkout_abandoned,31399.5,insufficient_funds,matched,0.9703515953014114,2026-07-22 19:25:42.079077
CASE_000135,UNSEEN_CUST_01044,UNSEEN_PAY_000663|UNSEEN_CHK_002053,payment|checkout,payment_failed|checkout_abandoned,33437.54,unknown_failure,matched,0.97034395273496,2026-07-05 01:25:41.834479
CASE_000136,UNSEEN_CUST_01234,UNSEEN_PAY_006344|UNSEEN_CHK_003141,payment|checkout,payment_failed|checkout_abandoned,19946.97,temporary_bank_failure,matched,0.9703401882591691,2026-07-17 05:56:42.105065
CASE_000137,UNSEEN_CUST_00102,UNSEEN_PAY_003052|UNSEEN_CHK_001635,payment|checkout,payment_failed|checkout_abandoned,6230.58,temporary_bank_failure,matched,0.9703028476749623,2026-08-08 07:40:41.944990
CASE_000138,UNSEEN_CUST_00892,UNSEEN_PAY_004596|UNSEEN_CHK_002310,payment|checkout,payment_failed|checkout_abandoned,1893.39,temporary_bank_failure,matched,0.9701580322419927,2026-06-19 22:26:42.021069
CASE_000139,UNSEEN_CUST_00614,UNSEEN_PAY_004619|UNSEEN_CHK_001958,payment|checkout,payment_failed|checkout_abandoned,13851.08,insufficient_funds,matched,0.9700845140675753,2026-07-17 00:31:42.022064
CASE_000140,UNSEEN_CUST_00486,UNSEEN_PAY_006452|UNSEEN_CHK_000147,payment|checkout,payment_failed|checkout_abandoned,42830.99,timeout,matched,0.9700072695935557,2026-06-13 08:18:42.111073
CASE_000141,UNSEEN_CUST_00725,UNSEEN_PAY_000629|UNSEEN_CHK_003130,payment|checkout,payment_failed|checkout_abandoned,43894.7,insufficient_funds,matched,0.9699577106626136,2026-06-05 00:10:41.832480
CASE_000142,UNSEEN_CUST_00903,UNSEEN_PAY_005203|UNSEEN_CHK_003067,payment|checkout,payment_failed|checkout_abandoned,54444.82,temporary_bank_failure,matched,0.9698481873737279,2026-06-18 10:24:42.047986
CASE_000143,UNSEEN_CUST_00075,UNSEEN_PAY_001804|UNSEEN_CHK_002586,payment|checkout,payment_failed|checkout_abandoned,19374.18,insufficient_funds,matched,0.9696718381543545,2026-07-11 22:19:41.887985
CASE_000144,UNSEEN_CUST_01963,UNSEEN_PAY_000184|UNSEEN_CHK_001429,payment|checkout,payment_failed|checkout_abandoned,13984.24,timeout,matched,0.9694365991048971,2026-08-15 19:23:41.805579
CASE_000145,UNSEEN_CUST_01448,UNSEEN_PAY_001519|UNSEEN_CHK_001235,payment|checkout,payment_failed|checkout_abandoned,9538.04,insufficient_funds,matched,0.9693922196454058,2026-08-05 22:29:41.875985
CASE_000146,UNSEEN_CUST_01683,UNSEEN_PAY_001685|UNSEEN_CHK_002603,payment|checkout,payment_failed|checkout_abandoned,28451.38,authentication_failed,matched,0.9693819401534984,2026-08-13 06:36:41.882985
CASE_000147,UNSEEN_CUST_01754,UNSEEN_PAY_004481|UNSEEN_CHK_000155,payment|checkout,payment_failed|checkout_abandoned,61345.92,insufficient_funds,matched,0.9693000479901516,2026-07-19 23:23:42.016071
CASE_000148,UNSEEN_CUST_00253,UNSEEN_PAY_001249|UNSEEN_CHK_001701,payment|checkout,payment_failed|checkout_abandoned,21872.29,temporary_bank_failure,matched,0.9692011228718062,2026-08-20 12:33:41.863990
CASE_000149,UNSEEN_CUST_00179,UNSEEN_PAY_001153|UNSEEN_CHK_000381,payment|checkout,payment_failed|checkout_abandoned,11521.67,timeout,matched,0.9691357459465512,2026-06-15 21:52:41.859983
CASE_000150,UNSEEN_CUST_01716,UNSEEN_PAY_000311|UNSEEN_CHK_003030,payment|checkout,payment_failed|checkout_abandoned,1766.55,authentication_failed,matched,0.9691321124979951,2026-06-22 15:23:41.812993
CASE_000151,UNSEEN_CUST_01856,UNSEEN_PAY_002977|UNSEEN_CHK_000590,payment|checkout,payment_failed|checkout_abandoned,14824.9,temporary_bank_failure,matched,0.9691223343458941,2026-08-21 23:51:41.940990
CASE_000152,UNSEEN_CUST_00239,UNSEEN_PAY_002063|UNSEEN_CHK_000407,payment|checkout,payment_failed|checkout_abandoned,4987.42,temporary_bank_failure,matched,0.9690738564895947,2026-06-23 01:08:41.898985
CASE_000153,UNSEEN_CUST_00356,UNSEEN_PAY_000828|UNSEEN_CHK_000643,payment|checkout,payment_failed|checkout_abandoned,15026.72,expired_instrument,matched,0.9689705212522168,2026-07-12 23:56:41.843482
CASE_000154,UNSEEN_CUST_00968,UNSEEN_PAY_006777|UNSEEN_CHK_001050,payment|checkout,payment_failed|checkout_abandoned,25810.34,authentication_failed,matched,0.9687462634484216,2026-08-24 04:34:42.125065
CASE_000155,UNSEEN_CUST_00543,UNSEEN_PAY_004171|UNSEEN_CHK_001834,payment|checkout,payment_failed|checkout_abandoned,9273.6,blocked_instrument,matched,0.9687096704623879,2026-08-12 01:38:42.002075
CASE_000156,UNSEEN_CUST_01484,UNSEEN_PAY_000871|UNSEEN_CHK_002098,payment|checkout,payment_failed|checkout_abandoned,49397.63,temporary_bank_failure,matched,0.9685865030366841,2026-06-10 19:21:41.846480
CASE_000157,UNSEEN_CUST_01900,UNSEEN_PAY_001724|UNSEEN_CHK_000427,payment|checkout,payment_failed|checkout_abandoned,8224.12,blocked_instrument,matched,0.9685235759097766,2026-07-02 14:39:41.884985
CASE_000158,UNSEEN_CUST_00375,UNSEEN_PAY_004357|UNSEEN_CHK_002415,payment|checkout,payment_failed|checkout_abandoned,38616.29,risk_decline,matched,0.9685116950932134,2026-06-01 14:05:42.010987
CASE_000159,UNSEEN_CUST_00484,UNSEEN_PAY_005293|UNSEEN_CHK_001240,payment|checkout,payment_failed|checkout_abandoned,13423.97,unknown_failure,matched,0.9683450087583794,2026-07-13 23:04:42.051996
CASE_000160,UNSEEN_CUST_00334,UNSEEN_PAY_006478|UNSEEN_CHK_000001,payment|checkout,payment_failed|checkout_abandoned,41991.62,unknown_failure,matched,0.9683402725485598,2026-08-03 23:06:42.112079
CASE_000161,UNSEEN_CUST_01493,UNSEEN_PAY_000516|UNSEEN_CHK_000341,payment|checkout,payment_failed|checkout_abandoned,17307.39,temporary_bank_failure,matched,0.9682929478871936,2026-08-03 02:07:41.825479
CASE_000162,UNSEEN_CUST_00149,UNSEEN_PAY_005390|UNSEEN_CHK_002355,payment|checkout,payment_failed|checkout_abandoned,33356.8,expired_instrument,matched,0.9682090408352519,2026-07-14 07:53:42.056078
CASE_000163,UNSEEN_CUST_01518,UNSEEN_PAY_003583|UNSEEN_CHK_000396,payment|checkout,payment_failed|checkout_abandoned,36840.4,insufficient_funds,matched,0.9681535277093143,2026-07-06 11:27:41.975073
CASE_000164,UNSEEN_CUST_00090,UNSEEN_PAY_004994|UNSEEN_CHK_003408,payment|checkout,payment_failed|checkout_abandoned,34647.9,unknown_failure,matched,0.9680897928397776,2026-05-31 12:32:42.038065
CASE_000165,UNSEEN_CUST_00480,UNSEEN_PAY_001460|UNSEEN_CHK_000217,payment|checkout,payment_failed|checkout_abandoned,14286.52,limit_exceeded,matched,0.9680430838145173,2026-06-06 00:59:41.872985
CASE_000166,UNSEEN_CUST_01648,UNSEEN_PAY_001795|UNSEEN_CHK_000587,payment|checkout,payment_failed|checkout_abandoned,22100.82,timeout,matched,0.967947171945053,2026-06-25 10:10:41.887985
CASE_000167,UNSEEN_CUST_00398,UNSEEN_PAY_000493|UNSEEN_CHK_001042,payment|checkout,payment_failed|checkout_abandoned,46126.29,temporary_bank_failure,matched,0.9679202211291362,2026-08-01 10:15:41.824479
CASE_000168,UNSEEN_CUST_01603,UNSEEN_PAY_003702|UNSEEN_CHK_002081,payment|checkout,payment_failed|checkout_abandoned,29680.59,insufficient_funds,matched,0.9678556968263321,2026-07-19 13:24:41.982066
CASE_000169,UNSEEN_CUST_00939,UNSEEN_PAY_006727|UNSEEN_CHK_000233,payment|checkout,payment_failed|checkout_abandoned,17576.14,temporary_bank_failure,matched,0.9678293454775748,2026-08-20 04:48:42.122986
CASE_000170,UNSEEN_CUST_00941,UNSEEN_PAY_002933|UNSEEN_CHK_002227,payment|checkout,payment_failed|checkout_abandoned,20856.09,insufficient_funds,matched,0.9678187134629102,2026-08-18 12:35:41.938990
CASE_000171,UNSEEN_CUST_01784,UNSEEN_PAY_002115|UNSEEN_CHK_002639,payment|checkout,payment_failed|checkout_abandoned,37413.28,unknown_failure,matched,0.967737807419065,2026-07-08 02:08:41.901985
CASE_000172,UNSEEN_CUST_00838,UNSEEN_PAY_001785|UNSEEN_CHK_002567,payment|checkout,payment_failed|checkout_abandoned,4133.45,blocked_instrument,matched,0.9675474717783503,2026-08-21 21:40:41.886985
CASE_000173,UNSEEN_CUST_00074,UNSEEN_PAY_001489|UNSEEN_CHK_000700,payment|checkout,payment_failed|checkout_abandoned,4223.95,temporary_bank_failure,matched,0.9675414073977622,2026-08-24 16:20:41.874986
CASE_000174,UNSEEN_CUST_00556,UNSEEN_PAY_002730|UNSEEN_CHK_002953,payment|checkout,payment_failed|checkout_abandoned,9359.3,temporary_bank_failure,matched,0.9671754921130141,2026-08-24 00:25:41.928990
CASE_000175,UNSEEN_CUST_00471,UNSEEN_PAY_001756|UNSEEN_CHK_001588,payment|checkout,payment_failed|checkout_abandoned,21478.98,timeout,matched,0.9670946990965119,2026-07-11 16:44:41.885985
CASE_000176,UNSEEN_CUST_00311,UNSEEN_PAY_006129|UNSEEN_CHK_001972,payment|checkout,payment_failed|checkout_abandoned,25809.85,risk_decline,matched,0.9668085456392295,2026-07-11 21:52:42.093071
CASE_000177,UNSEEN_CUST_00486,UNSEEN_PAY_001521|UNSEEN_CHK_000702,payment|checkout,payment_failed|checkout_abandoned,31580.19,insufficient_funds,matched,0.9666170018293114,2026-06-09 19:27:41.875985
CASE_000178,UNSEEN_CUST_01125,UNSEEN_PAY_005326|UNSEEN_CHK_002294,payment|checkout,payment_failed|checkout_abandoned,40573.52,insufficient_funds,matched,0.9665822016154598,2026-07-20 16:26:42.054066
CASE_000179,UNSEEN_CUST_01446,UNSEEN_PAY_003553|UNSEEN_CHK_002106,payment|checkout,payment_failed|checkout_abandoned,42980.65,authentication_failed,matched,0.9663948495815364,2026-08-21 14:54:41.974067
CASE_000180,UNSEEN_CUST_01906,UNSEEN_PAY_002212|UNSEEN_CHK_002385,payment|checkout,payment_failed|checkout_abandoned,16405.89,expired_instrument,matched,0.9663661374055295,2026-08-19 12:51:41.905985
CASE_000181,UNSEEN_CUST_00526,UNSEEN_PAY_000849|UNSEEN_CHK_001806,payment|checkout,payment_failed|checkout_abandoned,17494.77,expired_instrument,matched,0.9662707092843557,2026-07-19 14:45:41.844480
CASE_000182,UNSEEN_CUST_00004,UNSEEN_PAY_006698|UNSEEN_CHK_002282,payment|checkout,payment_failed|checkout_abandoned,40534.39,temporary_bank_failure,matched,0.9661119897203339,2026-08-07 10:31:42.121071
CASE_000183,UNSEEN_CUST_00402,UNSEEN_PAY_003314|UNSEEN_CHK_002640,payment|checkout,payment_failed|checkout_abandoned,43992.16,insufficient_funds,matched,0.9661084803393251,2026-07-24 09:35:41.959990
CASE_000184,UNSEEN_CUST_01047,UNSEEN_PAY_000710|UNSEEN_CHK_000798,payment|checkout,payment_failed|checkout_abandoned,3940.58,insufficient_funds,matched,0.965982337061493,2026-06-10 10:57:41.836478
CASE_000185,UNSEEN_CUST_00568,UNSEEN_PAY_005190|UNSEEN_CHK_001127,payment|checkout,payment_failed|checkout_abandoned,16018.4,temporary_bank_failure,matched,0.9659498937333179,2026-06-24 23:27:42.046986
CASE_000186,UNSEEN_CUST_00011,UNSEEN_PAY_006017|UNSEEN_CHK_000012,payment|checkout,payment_failed|checkout_abandoned,1728.8,insufficient_funds,matched,0.9656154558074965,2026-06-06 17:54:42.086072
CASE_000187,UNSEEN_CUST_01621,UNSEEN_PAY_006216|UNSEEN_CHK_000507,payment|checkout,payment_failed|checkout_abandoned,4723.81,authentication_failed,matched,0.9655881910529376,2026-06-03 18:32:42.098073
CASE_000188,UNSEEN_CUST_01454,UNSEEN_PAY_006036|UNSEEN_CHK_001989,payment|checkout,payment_failed|checkout_abandoned,46505.82,unknown_failure,matched,0.9654993633054959,2026-06-29 10:01:42.088067
CASE_000189,UNSEEN_CUST_01784,UNSEEN_PAY_000330|UNSEEN_CHK_000651,payment|checkout,payment_failed|checkout_abandoned,28644.06,insufficient_funds,matched,0.9654736636496362,2026-07-27 13:16:41.813992
CASE_000190,UNSEEN_CUST_01836,UNSEEN_PAY_001757|UNSEEN_CHK_001255,payment|checkout,payment_failed|checkout_abandoned,20158.37,timeout,matched,0.9651852388803702,2026-07-19 04:21:41.885985
CASE_000191,UNSEEN_CUST_00355,UNSEEN_PAY_006447|UNSEEN_CHK_000789,payment|checkout,payment_failed|checkout_abandoned,9329.76,authentication_failed,matched,0.9650240949392053,2026-08-02 21:13:42.111073
CASE_000192,UNSEEN_CUST_01955,UNSEEN_PAY_004205|UNSEEN_CHK_001502,payment|checkout,payment_failed|checkout_abandoned,12978.43,timeout,matched,0.9649558821401698,2026-08-16 12:05:42.004073
CASE_000193,UNSEEN_CUST_01590,UNSEEN_PAY_000296|UNSEEN_CHK_003445,payment|checkout,payment_failed|checkout_abandoned,19958.48,timeout,matched,0.964738794403849,2026-08-07 15:59:41.811992
CASE_000194,UNSEEN_CUST_00742,UNSEEN_PAY_000998|UNSEEN_CHK_002528,payment|checkout,payment_failed|checkout_abandoned,20956.19,limit_exceeded,matched,0.9647253573340915,2026-08-05 02:53:41.851478
CASE_000195,UNSEEN_CUST_01942,UNSEEN_PAY_002749|UNSEEN_CHK_000797,payment|checkout,payment_failed|checkout_abandoned,23527.37,insufficient_funds,matched,0.9645966136697623,2026-06-22 08:27:41.929989
CASE_000196,UNSEEN_CUST_01169,UNSEEN_PAY_002349|UNSEEN_CHK_002185,payment|checkout,payment_failed|checkout_abandoned,26300.69,insufficient_funds,matched,0.9645453826496568,2026-07-14 06:20:41.911985
CASE_000197,UNSEEN_CUST_01427,UNSEEN_PAY_004916|UNSEEN_CHK_002825,payment|checkout,payment_failed|checkout_abandoned,1868.85,unknown_failure,matched,0.9644457821655028,2026-08-15 09:22:42.035074
CASE_000198,UNSEEN_CUST_01316,UNSEEN_PAY_001023|UNSEEN_CHK_001251,payment|checkout,payment_failed|checkout_abandoned,25561.25,unknown_failure,matched,0.9644143973353764,2026-08-21 18:48:41.853480
CASE_000199,UNSEEN_CUST_01866,UNSEEN_PAY_002250|UNSEEN_CHK_001599,payment|checkout,payment_failed|checkout_abandoned,23202.96,expired_instrument,matched,0.9642285265902857,2026-07-25 18:23:41.906985
CASE_000200,UNSEEN_CUST_00400,UNSEEN_PAY_003676|UNSEEN_CHK_000010,payment|checkout,payment_failed|checkout_abandoned,35596.74,timeout,matched,0.9642275032301648,2026-07-08 16:26:41.980067
CASE_000201,UNSEEN_CUST_00905,UNSEEN_PAY_005711|UNSEEN_CHK_003036,payment|checkout,payment_failed|checkout_abandoned,84200.55,temporary_bank_failure,matched,0.9641834876177571,2026-08-24 22:08:42.070069
CASE_000202,UNSEEN_CUST_00070,UNSEEN_PAY_003625|UNSEEN_CHK_002760,payment|checkout,payment_failed|checkout_abandoned,4739.82,insufficient_funds,matched,0.964100690180921,2026-06-08 07:50:41.978068
CASE_000203,UNSEEN_CUST_01728,UNSEEN_PAY_005669|UNSEEN_CHK_000786,payment|checkout,payment_failed|checkout_abandoned,84878.78,limit_exceeded,matched,0.9640636993656653,2026-08-04 18:31:42.069066
CASE_000204,UNSEEN_CUST_00034,UNSEEN_PAY_003197|UNSEEN_CHK_000456,payment|checkout,payment_failed|checkout_abandoned,7578.05,insufficient_funds,matched,0.96405653682529,2026-08-20 09:28:41.952989
CASE_000205,UNSEEN_CUST_00513,UNSEEN_PAY_000275|UNSEEN_CHK_001594,payment|checkout,payment_failed|checkout_abandoned,41852.43,expired_instrument,matched,0.964049103600436,2026-07-10 03:30:41.809992
CASE_000206,UNSEEN_CUST_00180,UNSEEN_PAY_001673|UNSEEN_CHK_001218,payment|checkout,payment_failed|checkout_abandoned,23696.08,insufficient_funds,matched,0.9640328114279755,2026-07-31 15:37:41.882985
CASE_000207,UNSEEN_CUST_00300,UNSEEN_PAY_000153|UNSEEN_CHK_001835,payment|checkout,payment_failed|checkout_abandoned,14021.91,blocked_instrument,matched,0.9636868871644448,2026-06-18 05:01:41.803579
CASE_000208,UNSEEN_CUST_01564,UNSEEN_PAY_004543|UNSEEN_CHK_001283,payment|checkout,payment_failed|checkout_abandoned,5626.82,insufficient_funds,matched,0.9636367640455297,2026-07-09 12:21:42.019070
CASE_000209,UNSEEN_CUST_01433,UNSEEN_PAY_005117|UNSEEN_CHK_001306,payment|checkout,payment_failed|checkout_abandoned,19860.71,authentication_failed,matched,0.9635293034449536,2026-07-27 13:29:42.044069
CASE_000210,UNSEEN_CUST_00507,UNSEEN_PAY_006505|UNSEEN_CHK_002196,payment|checkout,payment_failed|checkout_abandoned,27905.75,authentication_failed,matched,0.9634694412840046,2026-07-05 13:44:42.113071
CASE_000211,UNSEEN_CUST_01510,UNSEEN_PAY_002787|UNSEEN_CHK_000524,payment|checkout,payment_failed|checkout_abandoned,36630.47,timeout,matched,0.9634019910352107,2026-08-16 15:14:41.931989
CASE_000212,UNSEEN_CUST_01470,UNSEEN_PAY_005392|UNSEEN_CHK_001006,payment|checkout,payment_failed|checkout_abandoned,14893.94,insufficient_funds,matched,0.9633664004733917,2026-06-20 15:29:42.056078
CASE_000213,UNSEEN_CUST_00633,UNSEEN_PAY_003605|UNSEEN_CHK_001843,payment|checkout,payment_failed|checkout_abandoned,7000.2,insufficient_funds,matched,0.9633109768292334,2026-06-23 05:31:41.976066
CASE_000214,UNSEEN_CUST_01133,UNSEEN_PAY_002495|UNSEEN_CHK_003027,payment|checkout,payment_failed|checkout_abandoned,6973.12,blocked_instrument,matched,0.9632747719496836,2026-06-11 10:16:41.917985
CASE_000215,UNSEEN_CUST_01462,UNSEEN_PAY_006024|UNSEEN_CHK_003462,payment|checkout,payment_failed|checkout_abandoned,24435.86,insufficient_funds,matched,0.9631592340109985,2026-05-29 23:17:42.087074
CASE_000216,UNSEEN_CUST_01273,UNSEEN_PAY_006076|UNSEEN_CHK_003495,payment|checkout,payment_failed|checkout_abandoned,9099.63,insufficient_funds,matched,0.9631042168747521,2026-07-01 09:47:42.089987
CASE_000217,UNSEEN_CUST_01399,UNSEEN_PAY_006710|UNSEEN_CHK_002827,payment|checkout,payment_failed|checkout_abandoned,14203.9,insufficient_funds,matched,0.9631024636426146,2026-06-05 07:00:42.122074
CASE_000218,UNSEEN_CUST_00943,UNSEEN_PAY_003329|UNSEEN_CHK_001829,payment|checkout,payment_failed|checkout_abandoned,6344.03,authentication_failed,matched,0.963073073775222,2026-06-28 19:54:41.960990
CASE_000219,UNSEEN_CUST_01831,UNSEEN_PAY_001235|UNSEEN_CHK_001088,payment|checkout,payment_failed|checkout_abandoned,89807.01,temporary_bank_failure,matched,0.9630362364437549,2026-05-31 19:28:41.862990
CASE_000220,UNSEEN_CUST_00556,UNSEEN_PAY_000234|UNSEEN_CHK_000261,payment|checkout,payment_failed|checkout_abandoned,2293.3,timeout,matched,0.9628618390771182,2026-05-29 20:20:41.807579
CASE_000221,UNSEEN_CUST_01055,UNSEEN_PAY_003214|UNSEEN_CHK_001170,payment|checkout,payment_failed|checkout_abandoned,17794.32,temporary_bank_failure,matched,0.9626538393524825,2026-06-08 00:36:41.953986
CASE_000222,UNSEEN_CUST_00818,UNSEEN_PAY_003612|UNSEEN_CHK_001209,payment|checkout,payment_failed|checkout_abandoned,24064.36,temporary_bank_failure,matched,0.9626420925662127,2026-06-19 00:08:41.977071
CASE_000223,UNSEEN_CUST_01838,UNSEEN_PAY_000565|UNSEEN_CHK_002608,payment|checkout,payment_failed|checkout_abandoned,27754.03,timeout,matched,0.962587037309937,2026-05-29 13:59:41.828478
CASE_000224,UNSEEN_CUST_01943,UNSEEN_PAY_001567|UNSEEN_CHK_001258,payment|checkout,payment_failed|checkout_abandoned,19379.57,temporary_bank_failure,matched,0.9625281830298608,2026-08-13 11:19:41.877985
CASE_000225,UNSEEN_CUST_00653,UNSEEN_PAY_004507|UNSEEN_CHK_002807,payment|checkout,payment_failed|checkout_abandoned,14128.33,limit_exceeded,matched,0.9623210148608428,2026-08-01 19:36:42.017071
CASE_000226,UNSEEN_CUST_00813,UNSEEN_PAY_004463|UNSEEN_CHK_001326,payment|checkout,payment_failed|checkout_abandoned,40707.7,insufficient_funds,matched,0.9623074401976367,2026-07-02 15:08:42.015073
CASE_000227,UNSEEN_CUST_00506,UNSEEN_PAY_000844|UNSEEN_CHK_002165,payment|checkout,payment_failed|checkout_abandoned,9672.35,timeout,matched,0.962272640855405,2026-07-15 14:36:41.844480
CASE_000228,UNSEEN_CUST_00340,UNSEEN_PAY_001983|UNSEEN_CHK_001953,payment|checkout,payment_failed|checkout_abandoned,45109.76,insufficient_funds,matched,0.9622320767045633,2026-06-03 18:42:41.895985
CASE_000229,UNSEEN_CUST_01155,UNSEEN_PAY_002536|UNSEEN_CHK_002887,payment|checkout,payment_failed|checkout_abandoned,27058.71,temporary_bank_failure,matched,0.9622199315242055,2026-06-21 13:24:41.919985
CASE_000230,UNSEEN_CUST_00364,UNSEEN_PAY_006015|UNSEEN_CHK_002740,payment|checkout,payment_failed|checkout_abandoned,46212.2,unknown_failure,matched,0.9621120529018552,2026-06-02 07:30:42.086072
CASE_000231,UNSEEN_CUST_00120,UNSEEN_PAY_001991|UNSEEN_CHK_000948,payment|checkout,payment_failed|checkout_abandoned,32090.62,authentication_failed,matched,0.9619591334027063,2026-06-19 23:08:41.895985
CASE_000232,UNSEEN_CUST_00809,UNSEEN_PAY_003648|UNSEEN_CHK_001179,payment|checkout,payment_failed|checkout_abandoned,22550.75,temporary_bank_failure,matched,0.9619542482573258,2026-06-18 02:47:41.979070
CASE_000233,UNSEEN_CUST_00539,UNSEEN_PAY_003608|UNSEEN_CHK_001092,payment|checkout,payment_failed|checkout_abandoned,928.56,limit_exceeded,matched,0.961851612532667,2026-06-17 01:32:41.977071
CASE_000234,UNSEEN_CUST_00151,UNSEEN_PAY_000182|UNSEEN_CHK_001164,payment|checkout,payment_failed|checkout_abandoned,41459.33,unknown_failure,matched,0.9617909352370142,2026-07-15 02:25:41.805579
CASE_000235,UNSEEN_CUST_00183,UNSEEN_PAY_003005|UNSEEN_CHK_000255,payment|checkout,payment_failed|checkout_abandoned,3204.07,timeout,matched,0.9616929448760136,2026-06-19 18:49:41.942990
CASE_000236,UNSEEN_CUST_00753,UNSEEN_PAY_005604|UNSEEN_CHK_003328,payment|checkout,payment_failed|checkout_abandoned,1553.67,temporary_bank_failure,matched,0.9616034614815243,2026-07-27 04:16:42.066067
CASE_000237,UNSEEN_CUST_01935,UNSEEN_PAY_006809|UNSEEN_CHK_000966,payment|checkout,payment_failed|checkout_abandoned,31459.75,insufficient_funds,matched,0.9615067864493518,2026-08-22 02:38:42.126065
CASE_000238,UNSEEN_CUST_01987,UNSEEN_PAY_001959|UNSEEN_CHK_002244,payment|checkout,payment_failed|checkout_abandoned,100738.62,insufficient_funds,matched,0.9614808660273488,2026-08-20 07:37:41.894985
CASE_000239,UNSEEN_CUST_00179,UNSEEN_PAY_004687|UNSEEN_CHK_000048,payment|checkout,payment_failed|checkout_abandoned,45594.73,temporary_bank_failure,matched,0.9614754032733364,2026-06-24 21:39:42.025070
CASE_000240,UNSEEN_CUST_01840,UNSEEN_PAY_006069|UNSEEN_CHK_002360,payment|checkout,payment_failed|checkout_abandoned,91719.88,limit_exceeded,matched,0.9614095187312597,2026-06-09 12:41:42.089987
CASE_000241,UNSEEN_CUST_00624,UNSEEN_PAY_005477|UNSEEN_CHK_002161,payment|checkout,payment_failed|checkout_abandoned,3243.53,risk_decline,matched,0.961370757922524,2026-08-05 13:25:42.060071
CASE_000242,UNSEEN_CUST_00016,UNSEEN_PAY_004657|UNSEEN_CHK_001617,payment|checkout,payment_failed|checkout_abandoned,5155.31,unknown_failure,matched,0.9613301280082521,2026-07-19 04:21:42.024080
CASE_000243,UNSEEN_CUST_00748,UNSEEN_PAY_005275|UNSEEN_CHK_000800,payment|checkout,payment_failed|checkout_abandoned,10053.35,authentication_failed,matched,0.9613213699358367,2026-07-30 16:38:42.051996
CASE_000244,UNSEEN_CUST_00457,UNSEEN_PAY_000647|UNSEEN_CHK_000900,payment|checkout,payment_failed|checkout_abandoned,20029.58,blocked_instrument,matched,0.9612999385020665,2026-06-29 21:53:41.833480
CASE_000245,UNSEEN_CUST_01376,UNSEEN_PAY_002141|UNSEEN_CHK_000187,payment|checkout,payment_failed|checkout_abandoned,27822.61,risk_decline,matched,0.9612898720980286,2026-07-05 04:06:41.902985
CASE_000246,UNSEEN_CUST_01433,UNSEEN_PAY_003000|UNSEEN_CHK_002103,payment|checkout,payment_failed|checkout_abandoned,8184.92,temporary_bank_failure,matched,0.9612252464830986,2026-06-01 09:18:41.942990
CASE_000247,UNSEEN_CUST_01780,UNSEEN_PAY_001131|UNSEEN_CHK_002209,payment|checkout,payment_failed|checkout_abandoned,20820.54,insufficient_funds,matched,0.9611989266368691,2026-08-15 11:15:41.858483
CASE_000248,UNSEEN_CUST_01857,UNSEEN_PAY_006445|UNSEEN_CHK_001248,payment|checkout,payment_failed|checkout_abandoned,23541.35,limit_exceeded,matched,0.9611483257709897,2026-06-23 18:39:42.111073
CASE_000249,UNSEEN_CUST_00856,UNSEEN_PAY_004565|UNSEEN_CHK_001392,payment|checkout,payment_failed|checkout_abandoned,21830.4,risk_decline,matched,0.9611439094107299,2026-06-13 06:41:42.020071
CASE_000250,UNSEEN_CUST_01724,UNSEEN_PAY_002081|UNSEEN_CHK_000955,payment|checkout,payment_failed|checkout_abandoned,32501.71,insufficient_funds,matched,0.9611238104429309,2026-08-06 15:59:41.899985
CASE_000251,UNSEEN_CUST_01943,UNSEEN_PAY_000712|UNSEEN_CHK_001825,payment|checkout,payment_failed|checkout_abandoned,14726.94,temporary_bank_failure,matched,0.9611105531766952,2026-06-15 18:21:41.836478
CASE_000252,UNSEEN_CUST_01761,UNSEEN_PAY_004814|UNSEEN_CHK_000023,payment|checkout,payment_failed|checkout_abandoned,42236.71,insufficient_funds,matched,0.9610648811188183,2026-08-20 09:01:42.031066
CASE_000253,UNSEEN_CUST_00089,UNSEEN_PAY_000646|UNSEEN_CHK_002985,payment|checkout,payment_failed|checkout_abandoned,33584.89,insufficient_funds,matched,0.9609153260588319,2026-06-20 03:49:41.833480
CASE_000254,UNSEEN_CUST_01319,UNSEEN_PAY_006806|UNSEEN_CHK_002442,payment|checkout,payment_failed|checkout_abandoned,45312.9,risk_decline,matched,0.960887219754198,2026-06-20 05:25:42.126065
CASE_000255,UNSEEN_CUST_01215,UNSEEN_PAY_000520|UNSEEN_CHK_002961,payment|checkout,payment_failed|checkout_abandoned,7306.05,temporary_bank_failure,matched,0.9607440009763597,2026-08-22 21:14:41.826478
CASE_000256,UNSEEN_CUST_00485,UNSEEN_PAY_002038|UNSEEN_CHK_001955,payment|checkout,payment_failed|checkout_abandoned,47228.72,limit_exceeded,matched,0.9607115882031103,2026-08-15 02:05:41.897985
CASE_000257,UNSEEN_CUST_00601,UNSEEN_PAY_005914|UNSEEN_CHK_000046,payment|checkout,payment_failed|checkout_abandoned,34595.21,insufficient_funds,matched,0.9606837632531595,2026-07-26 15:29:42.081065
CASE_000258,UNSEEN_CUST_00813,UNSEEN_PAY_006110|UNSEEN_CHK_002712,payment|checkout,payment_failed|checkout_abandoned,3360.81,unknown_failure,matched,0.9606249559877926,2026-06-25 12:59:42.092071
CASE_000259,UNSEEN_CUST_00654,UNSEEN_PAY_003335|UNSEEN_CHK_002624,payment|checkout,payment_failed|checkout_abandoned,45507.81,temporary_bank_failure,matched,0.9603845123873609,2026-07-07 07:12:41.960990
CASE_000260,UNSEEN_CUST_01389,UNSEEN_PAY_004694|UNSEEN_CHK_000340,payment|checkout,payment_failed|checkout_abandoned,4857.99,authentication_failed,matched,0.9603650086421203,2026-08-10 13:15:42.025997
CASE_000261,UNSEEN_CUST_00845,UNSEEN_PAY_001051|UNSEEN_CHK_002593,payment|checkout,payment_failed|checkout_abandoned,33402.04,blocked_instrument,matched,0.9603012191271351,2026-06-30 08:05:41.854479
CASE_000262,UNSEEN_CUST_00518,UNSEEN_PAY_003692|UNSEEN_CHK_001084,payment|checkout,payment_failed|checkout_abandoned,18412.54,risk_decline,matched,0.9601703298705966,2026-06-29 07:09:41.981072
CASE_000263,UNSEEN_CUST_01194,UNSEEN_PAY_006257|UNSEEN_CHK_000876,payment|checkout,payment_failed|checkout_abandoned,44260.21,temporary_bank_failure,matched,0.9601012950207171,2026-07-16 02:44:42.101073
CASE_000264,UNSEEN_CUST_01389,UNSEEN_PAY_006430|UNSEEN_CHK_000096,payment|checkout,payment_failed|checkout_abandoned,35099.68,limit_exceeded,matched,0.9600978001952027,2026-07-04 21:03:42.110068
CASE_000265,UNSEEN_CUST_00471,UNSEEN_PAY_001432|UNSEEN_CHK_002453,payment|checkout,payment_failed|checkout_abandoned,11730.73,risk_decline,matched,0.9600612770901725,2026-06-02 08:21:41.871990
CASE_000266,UNSEEN_CUST_01515,UNSEEN_PAY_003205|UNSEEN_CHK_001512,payment|checkout,payment_failed|checkout_abandoned,19683.03,timeout,matched,0.9600522895441742,2026-06-22 23:53:41.953986
CASE_000267,UNSEEN_CUST_01047,UNSEEN_PAY_004391|UNSEEN_CHK_000058,payment|checkout,payment_failed|checkout_abandoned,40951.55,insufficient_funds,matched,0.960042708327822,2026-06-18 04:07:42.012074
CASE_000268,UNSEEN_CUST_01430,UNSEEN_PAY_005927|UNSEEN_CHK_000777,payment|checkout,payment_failed|checkout_abandoned,7748.65,timeout,matched,0.9600110019164629,2026-06-14 15:58:42.082071
CASE_000269,UNSEEN_CUST_00851,UNSEEN_PAY_006563|UNSEEN_CHK_002843,payment|checkout,payment_failed|checkout_abandoned,9490.79,unknown_failure,matched,0.9600068651350999,2026-06-13 11:00:42.116078
CASE_000270,UNSEEN_CUST_00219,UNSEEN_PAY_004468|UNSEEN_CHK_000840,payment|checkout,payment_failed|checkout_abandoned,4262.57,temporary_bank_failure,matched,0.9598398025656405,2026-06-15 01:44:42.016071
CASE_000271,UNSEEN_CUST_00473,UNSEEN_PAY_003526|UNSEEN_CHK_001510,payment|checkout,payment_failed|checkout_abandoned,7402.75,unknown_failure,matched,0.9597440984769174,2026-06-15 23:34:41.971990
CASE_000272,UNSEEN_CUST_00748,UNSEEN_PAY_005868|UNSEEN_CHK_000656,payment|checkout,payment_failed|checkout_abandoned,29098.76,timeout,matched,0.9597178421195802,2026-06-06 18:38:42.079077
CASE_000273,UNSEEN_CUST_00612,UNSEEN_PAY_001216|UNSEEN_CHK_002125,payment|checkout,payment_failed|checkout_abandoned,17981.54,insufficient_funds,matched,0.9595978391048696,2026-07-12 08:37:41.862990
CASE_000274,UNSEEN_CUST_00464,UNSEEN_PAY_001553|UNSEEN_CHK_000688,payment|checkout,payment_failed|checkout_abandoned,27011.77,timeout,matched,0.9595062484695458,2026-07-05 12:39:41.877985
CASE_000275,UNSEEN_CUST_01559,UNSEEN_PAY_001484|UNSEEN_CHK_001731,payment|checkout,payment_failed|checkout_abandoned,6611.67,temporary_bank_failure,matched,0.9594844948401842,2026-08-13 15:33:41.874986
CASE_000276,UNSEEN_CUST_01720,UNSEEN_PAY_003575|UNSEEN_CHK_000305,payment|checkout,payment_failed|checkout_abandoned,11397.9,limit_exceeded,matched,0.9592879243837316,2026-07-18 18:54:41.975073
CASE_000277,UNSEEN_CUST_00374,UNSEEN_PAY_004599|UNSEEN_CHK_000259,payment|checkout,payment_failed|checkout_abandoned,19656.8,insufficient_funds,matched,0.9590931269473046,2026-07-24 13:12:42.021069
CASE_000278,UNSEEN_CUST_00399,UNSEEN_PAY_003030|UNSEEN_CHK_000075,payment|checkout,payment_failed|checkout_abandoned,3411.13,expired_instrument,matched,0.9590808055786011,2026-07-27 10:58:41.943990
CASE_000279,UNSEEN_CUST_00536,UNSEEN_PAY_002547|UNSEEN_CHK_001029,payment|checkout,payment_failed|checkout_abandoned,12902.07,blocked_instrument,matched,0.959035563673116,2026-06-17 06:40:41.919985
CASE_000280,UNSEEN_CUST_00496,UNSEEN_PAY_003964|UNSEEN_CHK_003447,payment|checkout,payment_failed|checkout_abandoned,5899.36,authentication_failed,matched,0.9589202595234436,2026-07-02 19:49:41.992989
CASE_000281,UNSEEN_CUST_01931,UNSEEN_PAY_003672|UNSEEN_CHK_000281,payment|checkout,payment_failed|checkout_abandoned,50097.04,authentication_failed,matched,0.9588169604875302,2026-06-15 21:07:41.980067
CASE_000282,UNSEEN_CUST_00660,UNSEEN_PAY_004035|UNSEEN_CHK_002201,payment|checkout,payment_failed|checkout_abandoned,43020.53,timeout,matched,0.9587724251137254,2026-06-13 21:55:41.996072
CASE_000283,UNSEEN_CUST_00670,UNSEEN_PAY_004338|UNSEEN_CHK_002991,payment|checkout,payment_failed|checkout_abandoned,22716.42,temporary_bank_failure,matched,0.9587262004018826,2026-06-13 10:39:42.009986
CASE_000284,UNSEEN_CUST_01952,UNSEEN_PAY_006006|UNSEEN_CHK_000858,payment|checkout,payment_failed|checkout_abandoned,6622.2,risk_decline,matched,0.9586960526713177,2026-06-20 13:37:42.086072
CASE_000285,UNSEEN_CUST_00162,UNSEEN_PAY_000077|UNSEEN_CHK_000661,payment|checkout,payment_failed|checkout_abandoned,26219.27,unknown_failure,matched,0.958517280420088,2026-07-09 09:52:41.799580
CASE_000286,UNSEEN_CUST_01339,UNSEEN_PAY_004824|UNSEEN_CHK_000448,payment|checkout,payment_failed|checkout_abandoned,49150.95,insufficient_funds,matched,0.9580416545017612,2026-06-19 02:49:42.031066
CASE_000287,UNSEEN_CUST_01048,UNSEEN_PAY_000058|UNSEEN_CHK_002748,payment|checkout,payment_failed|checkout_abandoned,7701.76,insufficient_funds,matched,0.9579135389544439,2026-08-04 12:43:41.798581
CASE_000288,UNSEEN_CUST_01265,UNSEEN_PAY_006716|UNSEEN_CHK_002566,payment|checkout,payment_failed|checkout_abandoned,1859.28,blocked_instrument,matched,0.9578925892460164,2026-08-02 02:47:42.122074
CASE_000289,UNSEEN_CUST_01677,UNSEEN_PAY_001853|UNSEEN_CHK_000874,payment|checkout,payment_failed|checkout_abandoned,34652.38,temporary_bank_failure,matched,0.9578030301718574,2026-08-03 01:40:41.889985
CASE_000290,UNSEEN_CUST_00611,UNSEEN_PAY_002044|UNSEEN_CHK_003479,payment|checkout,payment_failed|checkout_abandoned,26122.75,temporary_bank_failure,matched,0.9577547247556675,2026-08-17 14:53:41.897985
CASE_000291,UNSEEN_CUST_00078,UNSEEN_PAY_002092|UNSEEN_CHK_001021,payment|checkout,payment_failed|checkout_abandoned,16201.64,insufficient_funds,matched,0.9576205728418714,2026-06-08 18:54:41.900985
CASE_000292,UNSEEN_CUST_00891,UNSEEN_PAY_001602|UNSEEN_CHK_000816,payment|checkout,payment_failed|checkout_abandoned,2397.21,unknown_failure,matched,0.9572430033246984,2026-06-10 05:08:41.879985
CASE_000293,UNSEEN_CUST_00540,UNSEEN_PAY_004804|UNSEEN_CHK_001034,payment|checkout,payment_failed|checkout_abandoned,29735.53,timeout,matched,0.9569317060357685,2026-08-20 21:45:42.030078
CASE_000294,UNSEEN_CUST_01264,UNSEEN_PAY_002306|UNSEEN_CHK_001904,payment|checkout,payment_failed|checkout_abandoned,7028.8,timeout,matched,0.9568038799099577,2026-07-27 21:39:41.909985
CASE_000295,UNSEEN_CUST_01211,UNSEEN_PAY_005528|UNSEEN_CHK_002672,payment|checkout,payment_failed|checkout_abandoned,20481.9,insufficient_funds,matched,0.9567081016246864,2026-08-15 10:02:42.062076
CASE_000296,UNSEEN_CUST_00856,UNSEEN_PAY_002386|UNSEEN_CHK_000832,payment|checkout,payment_failed|checkout_abandoned,19063.56,insufficient_funds,matched,0.9566796617910469,2026-06-23 04:09:41.912985
CASE_000297,UNSEEN_CUST_01217,UNSEEN_PAY_003250|UNSEEN_CHK_001331,payment|checkout,payment_failed|checkout_abandoned,5340.06,limit_exceeded,matched,0.956397343850069,2026-06-19 10:11:41.955987
CASE_000298,UNSEEN_CUST_01819,UNSEEN_PAY_004775|UNSEEN_CHK_000972,payment|checkout,payment_failed|checkout_abandoned,14288.82,authentication_failed,matched,0.956355807080874,2026-06-15 01:42:42.029071
CASE_000299,UNSEEN_CUST_00866,UNSEEN_PAY_003893|UNSEEN_CHK_001785,payment|checkout,payment_failed|checkout_abandoned,33026.21,risk_decline,matched,0.9563475418463093,2026-07-18 07:34:41.989986
CASE_000300,UNSEEN_CUST_00377,UNSEEN_PAY_005862|UNSEEN_CHK_002910,payment|checkout,payment_failed|checkout_abandoned,49461.53,insufficient_funds,matched,0.9562623796267073,2026-06-11 09:23:42.079077
CASE_000301,UNSEEN_CUST_00112,UNSEEN_PAY_001070|UNSEEN_CHK_003357,payment|checkout,payment_failed|checkout_abandoned,2255.62,insufficient_funds,matched,0.9561349922021933,2026-08-06 21:09:41.855491
CASE_000302,UNSEEN_CUST_01570,UNSEEN_PAY_004982|UNSEEN_CHK_001963,payment|checkout,payment_failed|checkout_abandoned,71069.47,unknown_failure,matched,0.9560800297073959,2026-06-03 21:55:42.038065
CASE_000303,UNSEEN_CUST_01315,UNSEEN_PAY_006057|UNSEEN_CHK_000671,payment|checkout,payment_failed|checkout_abandoned,34702.16,timeout,matched,0.9560635886129918,2026-08-04 09:33:42.089077
CASE_000304,UNSEEN_CUST_00698,UNSEEN_PAY_003491|UNSEEN_CHK_003088,payment|checkout,payment_failed|checkout_abandoned,13279.74,risk_decline,matched,0.9558405234841445,2026-07-08 16:24:41.969990
CASE_000305,UNSEEN_CUST_01684,UNSEEN_PAY_005602|UNSEEN_CHK_001547,payment|checkout,payment_failed|checkout_abandoned,28397.66,blocked_instrument,matched,0.9558293433723452,2026-07-19 16:19:42.064990
CASE_000306,UNSEEN_CUST_00463,UNSEEN_PAY_005909|UNSEEN_CHK_003038,payment|checkout,payment_failed|checkout_abandoned,24726.0,expired_instrument,matched,0.9556833158079215,2026-06-23 09:32:42.081065
CASE_000307,UNSEEN_CUST_00004,UNSEEN_PAY_000677|UNSEEN_CHK_002659,payment|checkout,payment_failed|checkout_abandoned,50551.3,temporary_bank_failure,matched,0.9553308871933615,2026-07-05 10:07:41.834479
CASE_000308,UNSEEN_CUST_01093,UNSEEN_PAY_003793|UNSEEN_CHK_003238,payment|checkout,payment_failed|checkout_abandoned,16487.6,insufficient_funds,matched,0.9552627294316807,2026-08-12 06:54:41.986072
CASE_000309,UNSEEN_CUST_01893,UNSEEN_PAY_004029|UNSEEN_CHK_000850,payment|checkout,payment_failed|checkout_abandoned,7853.32,limit_exceeded,matched,0.9551507628479279,2026-07-30 17:19:41.996072
CASE_000310,UNSEEN_CUST_00455,UNSEEN_PAY_002575|UNSEEN_CHK_002340,payment|checkout,payment_failed|checkout_abandoned,3150.63,temporary_bank_failure,matched,0.9551425667247502,2026-08-24 03:34:41.921999
CASE_000311,UNSEEN_CUST_01346,UNSEEN_PAY_002438|UNSEEN_CHK_000449,payment|checkout,payment_failed|checkout_abandoned,2428.78,insufficient_funds,matched,0.9550949493618652,2026-08-15 22:34:41.914985
CASE_000312,UNSEEN_CUST_00894,UNSEEN_PAY_000645|UNSEEN_CHK_002405,payment|checkout,payment_failed|checkout_abandoned,36539.42,timeout,matched,0.9550907064510359,2026-07-14 05:45:41.833480
CASE_000313,UNSEEN_CUST_00901,UNSEEN_PAY_004769|UNSEEN_CHK_002042,payment|checkout,payment_failed|checkout_abandoned,12090.64,temporary_bank_failure,matched,0.9550151283233237,2026-06-18 16:32:42.029071
CASE_000314,UNSEEN_CUST_00462,UNSEEN_PAY_000340|UNSEEN_CHK_002480,payment|checkout,payment_failed|checkout_abandoned,24760.09,temporary_bank_failure,matched,0.9547871983143481,2026-08-08 19:55:41.814992
CASE_000315,UNSEEN_CUST_00766,UNSEEN_PAY_001574|UNSEEN_CHK_000762,payment|checkout,payment_failed|checkout_abandoned,27538.12,risk_decline,matched,0.9547388186105499,2026-07-06 14:41:41.878985
CASE_000316,UNSEEN_CUST_00408,UNSEEN_PAY_003391|UNSEEN_CHK_000664,payment|checkout,payment_failed|checkout_abandoned,83221.29,authentication_failed,matched,0.9546965223682546,2026-07-05 06:50:41.964990
CASE_000317,UNSEEN_CUST_01447,UNSEEN_PAY_005896|UNSEEN_CHK_000744,payment|checkout,payment_failed|checkout_abandoned,42670.21,limit_exceeded,matched,0.9546370713510277,2026-07-12 03:36:42.080084
CASE_000318,UNSEEN_CUST_00236,UNSEEN_PAY_003134|UNSEEN_CHK_002891,payment|checkout,payment_failed|checkout_abandoned,20496.07,authentication_failed,matched,0.9546287403444227,2026-06-23 15:55:41.949990
CASE_000319,UNSEEN_CUST_00991,UNSEEN_PAY_004155|UNSEEN_CHK_002943,payment|checkout,payment_failed|checkout_abandoned,25487.99,authentication_failed,matched,0.9546101647612595,2026-07-25 07:16:42.001072
CASE_000320,UNSEEN_CUST_01148,UNSEEN_PAY_003506|UNSEEN_CHK_002250,payment|checkout,payment_failed|checkout_abandoned,7964.81,insufficient_funds,matched,0.9545408155791957,2026-06-26 20:31:41.970990
CASE_000321,UNSEEN_CUST_01566,UNSEEN_PAY_002467|UNSEEN_CHK_000045,payment|checkout,payment_failed|checkout_abandoned,47604.9,insufficient_funds,matched,0.9543358264240306,2026-07-10 11:16:41.916985
CASE_000322,UNSEEN_CUST_00092,UNSEEN_PAY_002072|UNSEEN_CHK_001918,payment|checkout,payment_failed|checkout_abandoned,15982.92,authentication_failed,matched,0.9542558431125227,2026-08-04 17:59:41.899985
CASE_000323,UNSEEN_CUST_01486,UNSEEN_PAY_006995|UNSEEN_CHK_000742,payment|checkout,payment_failed|checkout_abandoned,19222.9,insufficient_funds,matched,0.9541920414944907,2026-07-09 16:01:42.135072
CASE_000324,UNSEEN_CUST_01388,UNSEEN_PAY_004610|UNSEEN_CHK_002002,payment|checkout,payment_failed|checkout_abandoned,44133.8,authentication_failed,matched,0.9541499208719344,2026-07-19 06:41:42.022064
CASE_000325,UNSEEN_CUST_01947,UNSEEN_PAY_001094|UNSEEN_CHK_001091,payment|checkout,payment_failed|checkout_abandoned,2273.47,limit_exceeded,matched,0.9540830536580647,2026-07-23 03:18:41.857487
CASE_000326,UNSEEN_CUST_01901,UNSEEN_PAY_001609|UNSEEN_CHK_002728,payment|checkout,payment_failed|checkout_abandoned,4158.02,authentication_failed,matched,0.9539936142148854,2026-07-22 14:37:41.879985
CASE_000327,UNSEEN_CUST_01033,UNSEEN_PAY_002728|UNSEEN_CHK_002159,payment|checkout,payment_failed|checkout_abandoned,34744.12,insufficient_funds,matched,0.9539874715171629,2026-06-22 20:33:41.928990
CASE_000328,UNSEEN_CUST_00390,UNSEEN_PAY_000989|UNSEEN_CHK_001148,payment|checkout,payment_failed|checkout_abandoned,39053.27,unknown_failure,matched,0.9538260549842135,2026-08-06 05:12:41.851478
CASE_000329,UNSEEN_CUST_01549,UNSEEN_PAY_002058|UNSEEN_CHK_000099,payment|checkout,payment_failed|checkout_abandoned,8520.59,limit_exceeded,matched,0.9538217019661261,2026-06-19 02:24:41.898985
CASE_000330,UNSEEN_CUST_00786,UNSEEN_PAY_004111|UNSEEN_CHK_002546,payment|checkout,payment_failed|checkout_abandoned,13357.6,insufficient_funds,matched,0.9537610382437298,2026-06-22 03:00:42.000077
CASE_000331,UNSEEN_CUST_00189,UNSEEN_PAY_005701|UNSEEN_CHK_001820,payment|checkout,payment_failed|checkout_abandoned,43569.23,timeout,matched,0.9536864850236942,2026-07-20 11:29:42.070069
CASE_000332,UNSEEN_CUST_01310,UNSEEN_PAY_004863|UNSEEN_CHK_002881,payment|checkout,payment_failed|checkout_abandoned,22977.38,unknown_failure,matched,0.9536265560109792,2026-05-30 21:30:42.033072
CASE_000333,UNSEEN_CUST_00067,UNSEEN_PAY_003091|UNSEEN_CHK_001857,payment|checkout,payment_failed|checkout_abandoned,8684.62,insufficient_funds,matched,0.9535896555571164,2026-05-28 23:13:41.946989
CASE_000334,UNSEEN_CUST_00803,UNSEEN_PAY_000855|UNSEEN_CHK_001839,payment|checkout,payment_failed|checkout_abandoned,35653.79,temporary_bank_failure,matched,0.9534326795583614,2026-05-30 17:52:41.845481
CASE_000335,UNSEEN_CUST_00385,UNSEEN_PAY_004115|UNSEEN_CHK_002056,payment|checkout,payment_failed|checkout_abandoned,100721.16,timeout,matched,0.9533374784404787,2026-06-28 23:03:42.000077
CASE_000336,UNSEEN_CUST_00610,UNSEEN_PAY_006244|UNSEEN_CHK_000672,payment|checkout,payment_failed|checkout_abandoned,30005.19,temporary_bank_failure,matched,0.953266469067518,2026-08-08 14:56:42.100066
CASE_000337,UNSEEN_CUST_01537,UNSEEN_PAY_004516|UNSEEN_CHK_002427,payment|checkout,payment_failed|checkout_abandoned,14617.05,temporary_bank_failure,matched,0.9531173697839168,2026-07-04 04:25:42.018069
CASE_000338,UNSEEN_CUST_00417,UNSEEN_PAY_000046|UNSEEN_CHK_001747,payment|checkout,payment_failed|checkout_abandoned,17608.88,temporary_bank_failure,matched,0.9530984480557536,2026-07-05 06:27:41.797581
CASE_000339,UNSEEN_CUST_00199,UNSEEN_PAY_002751|UNSEEN_CHK_001767,payment|checkout,payment_failed|checkout_abandoned,19228.63,temporary_bank_failure,matched,0.9530751038078809,2026-08-23 17:08:41.929989
CASE_000340,UNSEEN_CUST_01801,UNSEEN_PAY_002961|UNSEEN_CHK_000453,payment|checkout,payment_failed|checkout_abandoned,23143.34,temporary_bank_failure,matched,0.9529942938707685,2026-07-23 23:22:41.940990
CASE_000341,UNSEEN_CUST_01427,UNSEEN_PAY_005096|UNSEEN_CHK_003500,payment|checkout,payment_failed|checkout_abandoned,13910.69,risk_decline,matched,0.9529733755518637,2026-06-26 23:50:42.043078
CASE_000342,UNSEEN_CUST_01936,UNSEEN_PAY_005755|UNSEEN_CHK_002946,payment|checkout,payment_failed|checkout_abandoned,9073.89,insufficient_funds,matched,0.9529403431163481,2026-06-16 17:02:42.072070
CASE_000343,UNSEEN_CUST_01317,UNSEEN_PAY_001912|UNSEEN_CHK_003049,payment|checkout,payment_failed|checkout_abandoned,11961.86,timeout,matched,0.9524310006043281,2026-07-31 23:51:41.892985
CASE_000344,UNSEEN_CUST_01825,UNSEEN_PAY_001917|UNSEEN_CHK_002104,payment|checkout,payment_failed|checkout_abandoned,5371.45,temporary_bank_failure,matched,0.9523930171968877,2026-06-04 11:24:41.892985
CASE_000345,UNSEEN_CUST_00060,UNSEEN_PAY_004729|UNSEEN_CHK_001501,payment|checkout,payment_failed|checkout_abandoned,16223.74,insufficient_funds,matched,0.9523928254383871,2026-08-15 16:17:42.027025
CASE_000346,UNSEEN_CUST_01646,UNSEEN_PAY_002135|UNSEEN_CHK_002775,payment|checkout,payment_failed|checkout_abandoned,561.85,risk_decline,matched,0.9523656224971078,2026-08-19 18:04:41.901985
CASE_000347,UNSEEN_CUST_00184,UNSEEN_PAY_002528|UNSEEN_CHK_001351,payment|checkout,payment_failed|checkout_abandoned,3640.71,insufficient_funds,matched,0.9523024515364678,2026-07-24 05:06:41.918985
CASE_000348,UNSEEN_CUST_01501,UNSEEN_PAY_001367|UNSEEN_CHK_003430,payment|checkout,payment_failed|checkout_abandoned,8774.69,insufficient_funds,matched,0.9519883326679093,2026-08-16 06:47:41.868990
CASE_000349,UNSEEN_CUST_01068,UNSEEN_PAY_001317|UNSEEN_CHK_002444,payment|checkout,payment_failed|checkout_abandoned,14833.83,unknown_failure,matched,0.9519352823916682,2026-07-20 16:10:41.866990
CASE_000350,UNSEEN_CUST_01629,UNSEEN_PAY_005404|UNSEEN_CHK_000806,payment|checkout,payment_failed|checkout_abandoned,15685.56,insufficient_funds,matched,0.9519076908953203,2026-06-21 11:41:42.057072
CASE_000351,UNSEEN_CUST_00199,UNSEEN_PAY_001955|UNSEEN_CHK_001690,payment|checkout,payment_failed|checkout_abandoned,9733.55,timeout,matched,0.9515704159553526,2026-07-24 02:32:41.894985
CASE_000352,UNSEEN_CUST_01969,UNSEEN_PAY_002057|UNSEEN_CHK_003473,payment|checkout,payment_failed|checkout_abandoned,24940.14,timeout,matched,0.9514903003752184,2026-07-12 05:18:41.898985
CASE_000353,UNSEEN_CUST_00242,UNSEEN_PAY_002732|UNSEEN_CHK_001075,payment|checkout,payment_failed|checkout_abandoned,22040.57,authentication_failed,matched,0.95144675162918,2026-07-26 14:28:41.928990
CASE_000354,UNSEEN_CUST_00576,UNSEEN_PAY_003432|UNSEEN_CHK_001063,payment|checkout,payment_failed|checkout_abandoned,36996.66,authentication_failed,matched,0.9512934221629736,2026-08-03 04:47:41.966990
CASE_000355,UNSEEN_CUST_00699,UNSEEN_PAY_006730|UNSEEN_CHK_000024,payment|checkout,payment_failed|checkout_abandoned,65870.01,insufficient_funds,matched,0.951273156403043,2026-06-12 05:28:42.122986
CASE_000356,UNSEEN_CUST_01812,UNSEEN_PAY_003854|UNSEEN_CHK_001832,payment|checkout,payment_failed|checkout_abandoned,17458.64,temporary_bank_failure,matched,0.9512683182144263,2026-05-30 22:03:41.988078
CASE_000357,UNSEEN_CUST_00910,UNSEEN_PAY_005227|UNSEEN_CHK_002708,payment|checkout,payment_failed|checkout_abandoned,6188.99,authentication_failed,matched,0.951117406789225,2026-06-21 18:15:42.048986
CASE_000358,UNSEEN_CUST_01074,UNSEEN_PAY_002512|UNSEEN_CHK_002925,payment|checkout,payment_failed|checkout_abandoned,1062.9,expired_instrument,matched,0.9509918618872893,2026-08-23 09:37:41.918985
CASE_000359,UNSEEN_CUST_00419,UNSEEN_PAY_004801|UNSEEN_CHK_001005,payment|checkout,payment_failed|checkout_abandoned,23042.27,unknown_failure,matched,0.9508098986244747,2026-06-19 15:51:42.030078
CASE_000360,UNSEEN_CUST_01417,UNSEEN_PAY_003680|UNSEEN_CHK_000461,payment|checkout,payment_failed|checkout_abandoned,25079.38,unknown_failure,matched,0.9507537121465257,2026-07-01 03:18:41.980067
CASE_000361,UNSEEN_CUST_01603,UNSEEN_PAY_004686|UNSEEN_CHK_001025,payment|checkout,payment_failed|checkout_abandoned,39595.35,expired_instrument,matched,0.9505625397510904,2026-07-12 02:42:42.025070
CASE_000362,UNSEEN_CUST_01803,UNSEEN_PAY_003457|UNSEEN_CHK_001542,payment|checkout,payment_failed|checkout_abandoned,51216.31,timeout,matched,0.9504885508585492,2026-08-16 12:04:41.967990
CASE_000363,UNSEEN_CUST_01242,UNSEEN_PAY_000504|UNSEEN_CHK_000420,payment|checkout,payment_failed|checkout_abandoned,41905.91,temporary_bank_failure,matched,0.9501574098445249,2026-08-07 01:41:41.825479
CASE_000364,UNSEEN_CUST_00442,UNSEEN_PAY_000668|UNSEEN_CHK_003182,payment|checkout,payment_failed|checkout_abandoned,1590.84,insufficient_funds,matched,0.9501235196499962,2026-06-13 22:45:41.834479
CASE_000365,UNSEEN_CUST_01777,UNSEEN_PAY_002162|UNSEEN_CHK_001038,payment|checkout,payment_failed|checkout_abandoned,47355.21,unknown_failure,matched,0.9499898057679399,2026-06-29 18:21:41.903985
CASE_000366,UNSEEN_CUST_01473,UNSEEN_PAY_000268|UNSEEN_CHK_001267,payment|checkout,payment_failed|checkout_abandoned,6872.69,insufficient_funds,matched,0.9499436921916876,2026-07-13 01:28:41.809992
CASE_000367,UNSEEN_CUST_01511,UNSEEN_PAY_000373|UNSEEN_CHK_000793,payment|checkout,payment_failed|checkout_abandoned,41365.5,temporary_bank_failure,matched,0.9495880625158646,2026-08-02 10:35:41.815991
CASE_000368,UNSEEN_CUST_00868,UNSEEN_PAY_006907|UNSEEN_CHK_000523,payment|checkout,payment_failed|checkout_abandoned,17493.94,temporary_bank_failure,matched,0.9490932510851695,2026-06-19 21:06:42.131073
CASE_000369,UNSEEN_CUST_00083,UNSEEN_PAY_005673|UNSEEN_CHK_000169,payment|checkout,payment_failed|checkout_abandoned,21208.74,insufficient_funds,matched,0.9490399162483643,2026-07-30 22:17:42.069066
CASE_000370,UNSEEN_CUST_01832,UNSEEN_PAY_006616|UNSEEN_CHK_002897,payment|checkout,payment_failed|checkout_abandoned,10871.93,temporary_bank_failure,matched,0.9490203487329296,2026-08-23 22:20:42.118071
CASE_000371,UNSEEN_CUST_00551,UNSEEN_PAY_005996|UNSEEN_CHK_002305,payment|checkout,payment_failed|checkout_abandoned,16375.62,expired_instrument,matched,0.9490052804107569,2026-06-14 23:26:42.085032
CASE_000372,UNSEEN_CUST_01484,UNSEEN_PAY_000690|UNSEEN_CHK_000294,payment|checkout,payment_failed|checkout_abandoned,40591.56,authentication_failed,matched,0.948739335632005,2026-06-30 00:45:41.835479
CASE_000373,UNSEEN_CUST_01722,UNSEEN_PAY_000898|UNSEEN_CHK_000703,payment|checkout,payment_failed|checkout_abandoned,27989.99,limit_exceeded,matched,0.9487153861870699,2026-05-31 22:18:41.847480
CASE_000374,UNSEEN_CUST_00819,UNSEEN_PAY_001369|UNSEEN_CHK_001162,payment|checkout,payment_failed|checkout_abandoned,22551.66,insufficient_funds,matched,0.9484803845925311,2026-07-27 07:24:41.868990
CASE_000375,UNSEEN_CUST_00449,UNSEEN_PAY_003925|UNSEEN_CHK_002164,payment|checkout,payment_failed|checkout_abandoned,15284.71,insufficient_funds,matched,0.9483777457268663,2026-06-28 06:03:41.992078
CASE_000376,UNSEEN_CUST_00137,UNSEEN_PAY_002552|UNSEEN_CHK_000731,payment|checkout,payment_failed|checkout_abandoned,49250.46,timeout,matched,0.9482762675380765,2026-06-13 04:42:41.919985
CASE_000377,UNSEEN_CUST_01303,UNSEEN_PAY_003585|UNSEEN_CHK_001291,payment|checkout,payment_failed|checkout_abandoned,31583.82,expired_instrument,matched,0.9481681712345118,2026-06-08 19:41:41.976066
CASE_000378,UNSEEN_CUST_01424,UNSEEN_PAY_003768|UNSEEN_CHK_002044,payment|checkout,payment_failed|checkout_abandoned,33812.55,unknown_failure,matched,0.9480864427557223,2026-08-21 11:07:41.985074
CASE_000379,UNSEEN_CUST_00498,UNSEEN_PAY_001121|UNSEEN_CHK_003323,payment|checkout,payment_failed|checkout_abandoned,25858.61,timeout,matched,0.9479271200406966,2026-06-13 14:02:41.858483
CASE_000380,UNSEEN_CUST_00529,UNSEEN_PAY_005623|UNSEEN_CHK_002886,payment|checkout,payment_failed|checkout_abandoned,5185.76,timeout,matched,0.9478553834603478,2026-07-21 17:09:42.066067
CASE_000381,UNSEEN_CUST_01751,UNSEEN_PAY_001663|UNSEEN_CHK_002534,payment|checkout,payment_failed|checkout_abandoned,5837.07,temporary_bank_failure,matched,0.947497996997352,2026-08-07 19:01:41.881985
CASE_000382,UNSEEN_CUST_01120,UNSEEN_PAY_006455|UNSEEN_CHK_001769,payment|checkout,payment_failed|checkout_abandoned,9312.97,insufficient_funds,matched,0.9474639529005725,2026-07-17 13:18:42.111073
CASE_000383,UNSEEN_CUST_00728,UNSEEN_PAY_000165|UNSEEN_CHK_002497,payment|checkout,payment_failed|checkout_abandoned,16481.93,temporary_bank_failure,matched,0.9474299990959797,2026-06-28 22:31:41.804579
CASE_000384,UNSEEN_CUST_01927,UNSEEN_PAY_000139|UNSEEN_CHK_002644,payment|checkout,payment_failed|checkout_abandoned,28424.21,blocked_instrument,matched,0.9473553255990033,2026-06-08 22:11:41.802579
CASE_000385,UNSEEN_CUST_01705,UNSEEN_PAY_000539|UNSEEN_CHK_000113,payment|checkout,payment_failed|checkout_abandoned,43681.66,insufficient_funds,matched,0.9473220451990352,2026-08-02 11:23:41.827478
CASE_000386,UNSEEN_CUST_01768,UNSEEN_PAY_003651|UNSEEN_CHK_000844,payment|checkout,payment_failed|checkout_abandoned,21974.48,insufficient_funds,matched,0.9471384250174646,2026-08-01 19:36:41.979070
CASE_000387,UNSEEN_CUST_00739,UNSEEN_PAY_005889|UNSEEN_CHK_002137,payment|checkout,payment_failed|checkout_abandoned,33699.06,insufficient_funds,matched,0.9471295445629642,2026-06-18 06:01:42.080084
CASE_000388,UNSEEN_CUST_00934,UNSEEN_PAY_006002|UNSEEN_CHK_003225,payment|checkout,payment_failed|checkout_abandoned,30654.04,temporary_bank_failure,matched,0.9468409057990398,2026-05-31 10:35:42.085032
CASE_000389,UNSEEN_CUST_01271,UNSEEN_PAY_006437|UNSEEN_CHK_000825,payment|checkout,payment_failed|checkout_abandoned,28244.75,authentication_failed,matched,0.9468250102526428,2026-07-18 02:01:42.110068
CASE_000390,UNSEEN_CUST_01281,UNSEEN_PAY_005940|UNSEEN_CHK_000990,payment|checkout,payment_failed|checkout_abandoned,49824.26,authentication_failed,matched,0.94670896656457,2026-06-05 13:11:42.082071
CASE_000391,UNSEEN_CUST_01215,UNSEEN_PAY_006510|UNSEEN_CHK_001603,payment|checkout,payment_failed|checkout_abandoned,33085.7,authentication_failed,matched,0.9466563785697277,2026-06-06 08:58:42.113071
CASE_000392,UNSEEN_CUST_01686,UNSEEN_PAY_002634|UNSEEN_CHK_000309,payment|checkout,payment_failed|checkout_abandoned,30001.68,authentication_failed,matched,0.9465201748702072,2026-07-19 04:51:41.923996
CASE_000393,UNSEEN_CUST_01686,UNSEEN_PAY_003265|UNSEEN_CHK_002839,payment|checkout,payment_failed|checkout_abandoned,23210.16,risk_decline,matched,0.9464283141520782,2026-06-16 02:05:41.956992
CASE_000394,UNSEEN_CUST_00846,UNSEEN_PAY_002125|UNSEEN_CHK_003342,payment|checkout,payment_failed|checkout_abandoned,42548.5,insufficient_funds,matched,0.9463193610428884,2026-08-25 08:20:41.901985
CASE_000395,UNSEEN_CUST_00951,UNSEEN_PAY_001939|UNSEEN_CHK_002078,payment|checkout,payment_failed|checkout_abandoned,21654.08,timeout,matched,0.9460357073073014,2026-06-15 12:16:41.893985
CASE_000396,UNSEEN_CUST_01900,UNSEEN_PAY_006954|UNSEEN_CHK_003492,payment|checkout,payment_failed|checkout_abandoned,11741.98,timeout,matched,0.9459538146225954,2026-06-13 09:06:42.133072
CASE_000397,UNSEEN_CUST_01538,UNSEEN_PAY_002056|UNSEEN_CHK_000193,payment|checkout,payment_failed|checkout_abandoned,10856.6,limit_exceeded,matched,0.9455753131223812,2026-05-28 20:29:41.898985
CASE_000398,UNSEEN_CUST_01473,UNSEEN_PAY_004434|UNSEEN_CHK_002055,payment|checkout,payment_failed|checkout_abandoned,67815.62,limit_exceeded,matched,0.9454975149284683,2026-07-12 07:12:42.014079
CASE_000399,UNSEEN_CUST_00535,UNSEEN_PAY_000489|UNSEEN_CHK_002581,payment|checkout,payment_failed|checkout_abandoned,22971.32,temporary_bank_failure,matched,0.9453917846737199,2026-08-01 14:08:41.824479
CASE_000400,UNSEEN_CUST_01290,UNSEEN_PAY_000223|UNSEEN_CHK_003236,payment|checkout,payment_failed|checkout_abandoned,36048.98,risk_decline,matched,0.944877134911692,2026-08-16 08:49:41.807579
CASE_000401,UNSEEN_CUST_00949,UNSEEN_PAY_002712|UNSEEN_CHK_000938,payment|checkout,payment_failed|checkout_abandoned,19035.43,timeout,matched,0.9448568955071908,2026-06-13 14:48:41.927989
CASE_000402,UNSEEN_CUST_00109,UNSEEN_PAY_004436|UNSEEN_CHK_000361,payment|checkout,payment_failed|checkout_abandoned,22503.95,temporary_bank_failure,matched,0.9448150151911603,2026-07-30 15:47:42.014079
CASE_000403,UNSEEN_CUST_01496,UNSEEN_PAY_006565|UNSEEN_CHK_003200,payment|checkout,payment_failed|checkout_abandoned,6858.06,limit_exceeded,matched,0.9446070341564038,2026-07-15 23:43:42.116078
CASE_000404,UNSEEN_CUST_01727,UNSEEN_PAY_004598|UNSEEN_CHK_003037,payment|checkout,payment_failed|checkout_abandoned,15934.56,temporary_bank_failure,matched,0.9445058957804087,2026-07-16 01:07:42.021069
CASE_000405,UNSEEN_CUST_01467,UNSEEN_PAY_006861|UNSEEN_CHK_002511,payment|checkout,payment_failed|checkout_abandoned,47543.06,risk_decline,matched,0.9443945918593469,2026-05-31 19:01:42.129078
CASE_000406,UNSEEN_CUST_01534,UNSEEN_PAY_004279|UNSEEN_CHK_003270,payment|checkout,payment_failed|checkout_abandoned,47254.47,insufficient_funds,matched,0.9435313863781918,2026-06-24 08:05:42.006989
CASE_000407,UNSEEN_CUST_00025,UNSEEN_PAY_001040|UNSEEN_CHK_002757,payment|checkout,payment_failed|checkout_abandoned,18927.27,expired_instrument,matched,0.9431471456263898,2026-08-10 23:01:41.853480
CASE_000408,UNSEEN_CUST_00963,UNSEEN_PAY_005794|UNSEEN_CHK_001652,payment|checkout,payment_failed|checkout_abandoned,2417.65,expired_instrument,matched,0.9429888815355592,2026-08-16 18:39:42.075065
CASE_000409,UNSEEN_CUST_00942,UNSEEN_PAY_001122|UNSEEN_CHK_002966,payment|checkout,payment_failed|checkout_abandoned,23323.39,limit_exceeded,matched,0.9423528387168418,2026-07-07 19:46:41.858483
CASE_000410,UNSEEN_CUST_01124,UNSEEN_PAY_006305|UNSEEN_CHK_000462,payment|checkout,payment_failed|checkout_abandoned,11979.45,insufficient_funds,matched,0.9423437845643998,2026-07-05 05:04:42.103066
CASE_000411,UNSEEN_CUST_01374,UNSEEN_PAY_004077|UNSEEN_CHK_002153,payment|checkout,payment_failed|checkout_abandoned,47811.4,temporary_bank_failure,matched,0.9421956723013061,2026-07-13 10:04:41.998077
CASE_000412,UNSEEN_CUST_00394,UNSEEN_PAY_006077|UNSEEN_CHK_000596,payment|checkout,payment_failed|checkout_abandoned,23204.06,temporary_bank_failure,matched,0.9421704547010786,2026-06-23 17:51:42.089987
CASE_000413,UNSEEN_CUST_01221,UNSEEN_PAY_001228|UNSEEN_CHK_002290,payment|checkout,payment_failed|checkout_abandoned,55462.51,limit_exceeded,matched,0.941965372194659,2026-07-02 19:32:41.862990
CASE_000414,UNSEEN_CUST_01953,UNSEEN_PAY_001604|UNSEEN_CHK_000276,payment|checkout,payment_failed|checkout_abandoned,51119.03,risk_decline,matched,0.9419569443555994,2026-06-24 16:16:41.879985
CASE_000415,UNSEEN_CUST_00563,UNSEEN_PAY_006559|UNSEEN_CHK_003222,payment|checkout,payment_failed|checkout_abandoned,46055.35,temporary_bank_failure,matched,0.941841126432048,2026-06-14 15:29:42.116078
CASE_000416,UNSEEN_CUST_00633,UNSEEN_PAY_003751|UNSEEN_CHK_000687,payment|checkout,payment_failed|checkout_abandoned,15134.85,unknown_failure,matched,0.9418318566090843,2026-06-20 04:08:41.983985
CASE_000417,UNSEEN_CUST_01812,UNSEEN_PAY_006162|UNSEEN_CHK_002799,payment|checkout,payment_failed|checkout_abandoned,25979.78,temporary_bank_failure,matched,0.9416594890761628,2026-08-07 04:06:42.095071
CASE_000418,UNSEEN_CUST_00869,UNSEEN_PAY_005895|UNSEEN_CHK_000767,payment|checkout,payment_failed|checkout_abandoned,21959.99,authentication_failed,matched,0.9413913331067597,2026-08-17 06:52:42.080084
CASE_000419,UNSEEN_CUST_00979,UNSEEN_PAY_002487|UNSEEN_CHK_002648,payment|checkout,payment_failed|checkout_abandoned,38709.4,expired_instrument,matched,0.9413627683313212,2026-07-10 10:37:41.916985
CASE_000420,UNSEEN_CUST_00609,UNSEEN_PAY_003407|UNSEEN_CHK_002188,payment|checkout,payment_failed|checkout_abandoned,10341.34,temporary_bank_failure,matched,0.9413394041133291,2026-06-12 00:55:41.964990
CASE_000421,UNSEEN_CUST_01448,UNSEEN_PAY_003312|UNSEEN_CHK_003060,payment|checkout,payment_failed|checkout_abandoned,20172.73,insufficient_funds,matched,0.9412520139261711,2026-08-08 07:40:41.959990
CASE_000422,UNSEEN_CUST_00221,UNSEEN_PAY_000980|UNSEEN_CHK_001288,payment|checkout,payment_failed|checkout_abandoned,94933.38,temporary_bank_failure,matched,0.940870753258759,2026-07-12 03:49:41.851478
CASE_000423,UNSEEN_CUST_00555,UNSEEN_PAY_001342|UNSEEN_CHK_000718,payment|checkout,payment_failed|checkout_abandoned,13670.37,temporary_bank_failure,matched,0.9405880949089162,2026-06-02 08:27:41.867990
CASE_000424,UNSEEN_CUST_00491,UNSEEN_PAY_000659|UNSEEN_CHK_000909,payment|checkout,payment_failed|checkout_abandoned,31166.37,risk_decline,matched,0.9404444261555004,2026-06-25 03:10:41.833480
CASE_000425,UNSEEN_CUST_00601,UNSEEN_PAY_001764|UNSEEN_CHK_002254,payment|checkout,payment_failed|checkout_abandoned,47699.5,timeout,matched,0.9402528398271122,2026-06-09 03:34:41.886985
CASE_000426,UNSEEN_CUST_00864,UNSEEN_PAY_005091|UNSEEN_CHK_000363,payment|checkout,payment_failed|checkout_abandoned,48733.29,expired_instrument,matched,0.9401937720601257,2026-06-21 10:08:42.043078
CASE_000427,UNSEEN_CUST_01589,UNSEEN_PAY_006761|UNSEEN_CHK_001604,payment|checkout,payment_failed|checkout_abandoned,46208.68,temporary_bank_failure,matched,0.9400420224079112,2026-06-23 20:32:42.124067
CASE_000428,UNSEEN_CUST_00175,UNSEEN_PAY_001430|UNSEEN_CHK_000391,payment|checkout,payment_failed|checkout_abandoned,43534.16,insufficient_funds,matched,0.9400016584677412,2026-06-19 00:11:41.871990
CASE_000429,UNSEEN_CUST_00472,UNSEEN_PAY_000815|UNSEEN_CHK_001529,payment|checkout,payment_failed|checkout_abandoned,35048.44,timeout,matched,0.9397216319280781,2026-06-05 21:22:41.843482
CASE_000430,UNSEEN_CUST_01627,UNSEEN_PAY_002175|UNSEEN_CHK_002620,payment|checkout,payment_failed|checkout_abandoned,37730.22,temporary_bank_failure,matched,0.9397211620640784,2026-08-24 17:08:41.903985
CASE_000431,UNSEEN_CUST_01766,UNSEEN_PAY_002446|UNSEEN_CHK_003164,payment|checkout,payment_failed|checkout_abandoned,1321.32,authentication_failed,matched,0.939492426765154,2026-06-12 07:25:41.915985
CASE_000432,UNSEEN_CUST_01637,UNSEEN_PAY_002704|UNSEEN_CHK_001041,payment|checkout,payment_failed|checkout_abandoned,4949.87,insufficient_funds,matched,0.9394309945962667,2026-08-02 18:33:41.927989
CASE_000433,UNSEEN_CUST_01071,UNSEEN_PAY_006168|UNSEEN_CHK_000914,payment|checkout,payment_failed|checkout_abandoned,9632.51,unknown_failure,matched,0.9392115116182362,2026-06-22 13:01:42.096069
CASE_000434,UNSEEN_CUST_00175,UNSEEN_PAY_005121|UNSEEN_CHK_003460,payment|checkout,payment_failed|checkout_abandoned,8046.87,timeout,matched,0.9391533436810421,2026-05-29 03:53:42.044069
CASE_000435,UNSEEN_CUST_01101,UNSEEN_PAY_002233|UNSEEN_CHK_000316,payment|checkout,payment_failed|checkout_abandoned,37624.63,insufficient_funds,matched,0.9386956577527954,2026-08-06 20:39:41.906985
CASE_000436,UNSEEN_CUST_01216,UNSEEN_PAY_005778|UNSEEN_CHK_001465,payment|checkout,payment_failed|checkout_abandoned,30829.05,risk_decline,matched,0.9384595130242417,2026-06-08 22:59:42.074070
CASE_000437,UNSEEN_CUST_01970,UNSEEN_PAY_004143|UNSEEN_CHK_002032,payment|checkout,payment_failed|checkout_abandoned,23902.73,limit_exceeded,matched,0.9383742593884092,2026-07-04 21:01:42.001072
CASE_000438,UNSEEN_CUST_00738,UNSEEN_PAY_006480|UNSEEN_CHK_003048,payment|checkout,payment_failed|checkout_abandoned,42710.59,insufficient_funds,matched,0.9383276329516091,2026-07-22 10:54:42.112079
CASE_000439,UNSEEN_CUST_01338,UNSEEN_PAY_005641|UNSEEN_CHK_000644,payment|checkout,payment_failed|checkout_abandoned,40784.5,timeout,matched,0.9382648092072016,2026-06-10 11:12:42.067066
CASE_000440,UNSEEN_CUST_00058,UNSEEN_PAY_006888|UNSEEN_CHK_001968,payment|checkout,payment_failed|checkout_abandoned,33302.69,temporary_bank_failure,matched,0.9381527637523843,2026-08-02 01:44:42.130071
CASE_000441,UNSEEN_CUST_01644,UNSEEN_PAY_000713|UNSEEN_CHK_000982,payment|checkout,payment_failed|checkout_abandoned,30449.05,limit_exceeded,matched,0.9381329430274143,2026-08-14 03:17:41.836478
CASE_000442,UNSEEN_CUST_01766,UNSEEN_PAY_003632|UNSEEN_CHK_002724,payment|checkout,payment_failed|checkout_abandoned,16568.42,expired_instrument,matched,0.9381133492377534,2026-08-02 15:38:41.978068
CASE_000443,UNSEEN_CUST_01321,UNSEEN_PAY_006250|UNSEEN_CHK_001256,payment|checkout,payment_failed|checkout_abandoned,47529.88,temporary_bank_failure,matched,0.9380571089643447,2026-06-02 23:57:42.100066
CASE_000444,UNSEEN_CUST_00667,UNSEEN_PAY_002807|UNSEEN_CHK_001385,payment|checkout,payment_failed|checkout_abandoned,13433.03,timeout,matched,0.9378919757658714,2026-07-09 00:11:41.932990
CASE_000445,UNSEEN_CUST_00942,UNSEEN_PAY_003144|UNSEEN_CHK_001200,payment|checkout,payment_failed|checkout_abandoned,48256.97,limit_exceeded,matched,0.9377965068511807,2026-08-09 03:51:41.949990
CASE_000446,UNSEEN_CUST_01445,UNSEEN_PAY_000977|UNSEEN_CHK_001981,payment|checkout,payment_failed|checkout_abandoned,9162.51,insufficient_funds,matched,0.9377413503505043,2026-07-06 00:05:41.851478
CASE_000447,UNSEEN_CUST_01032,UNSEEN_PAY_001329|UNSEEN_CHK_001564,payment|checkout,payment_failed|checkout_abandoned,18340.81,temporary_bank_failure,matched,0.9376560590835411,2026-06-17 23:03:41.866990
CASE_000448,UNSEEN_CUST_01036,UNSEEN_PAY_005718|UNSEEN_CHK_003262,payment|checkout,payment_failed|checkout_abandoned,10734.83,timeout,matched,0.9369328063157238,2026-06-29 17:09:42.071070
CASE_000449,UNSEEN_CUST_00836,UNSEEN_PAY_005098|UNSEEN_CHK_001525,payment|checkout,payment_failed|checkout_abandoned,7455.88,temporary_bank_failure,matched,0.936815618455948,2026-06-28 17:55:42.043078
CASE_000450,UNSEEN_CUST_01016,UNSEEN_PAY_004413|UNSEEN_CHK_000597,payment|checkout,payment_failed|checkout_abandoned,16726.33,risk_decline,matched,0.9367180821096639,2026-07-21 09:06:42.013073
CASE_000451,UNSEEN_CUST_00749,UNSEEN_PAY_003289|UNSEEN_CHK_000881,payment|checkout,payment_failed|checkout_abandoned,4351.81,temporary_bank_failure,matched,0.9366183323720474,2026-07-08 23:13:41.958990
CASE_000452,UNSEEN_CUST_00205,UNSEEN_PAY_004449|UNSEEN_CHK_002619,payment|checkout,payment_failed|checkout_abandoned,17480.01,timeout,matched,0.9365120347947932,2026-05-30 15:43:42.015073
CASE_000453,UNSEEN_CUST_01582,UNSEEN_PAY_004894|UNSEEN_CHK_000290,payment|checkout,payment_failed|checkout_abandoned,55073.72,temporary_bank_failure,matched,0.9364299377069296,2026-08-21 18:49:42.034073
CASE_000454,UNSEEN_CUST_01832,UNSEEN_PAY_005875|UNSEEN_CHK_000015,payment|checkout,payment_failed|checkout_abandoned,39898.62,expired_instrument,matched,0.9363172961871864,2026-07-06 01:05:42.079077
CASE_000455,UNSEEN_CUST_01503,UNSEEN_PAY_006597|UNSEEN_CHK_003075,payment|checkout,payment_failed|checkout_abandoned,15957.22,risk_decline,matched,0.9362825305549602,2026-06-23 20:18:42.117069
CASE_000456,UNSEEN_CUST_00532,UNSEEN_PAY_004966|UNSEEN_CHK_001982,payment|checkout,payment_failed|checkout_abandoned,84539.24,temporary_bank_failure,matched,0.9358263746975829,2026-08-21 10:30:42.037077
CASE_000457,UNSEEN_CUST_01512,UNSEEN_PAY_001864|UNSEEN_CHK_000337,payment|checkout,payment_failed|checkout_abandoned,3985.09,expired_instrument,matched,0.9357217584100289,2026-08-03 04:21:41.890985
CASE_000458,UNSEEN_CUST_01404,UNSEEN_PAY_001897|UNSEEN_CHK_002772,payment|checkout,payment_failed|checkout_abandoned,26497.05,timeout,matched,0.9354640013385138,2026-06-26 03:15:41.891985
CASE_000459,UNSEEN_CUST_00068,UNSEEN_PAY_006977|UNSEEN_CHK_002313,payment|checkout,payment_failed|checkout_abandoned,33698.6,insufficient_funds,matched,0.9352010798997914,2026-05-31 21:55:42.134070
CASE_000460,UNSEEN_CUST_01098,UNSEEN_PAY_004458|UNSEEN_CHK_000054,payment|checkout,payment_failed|checkout_abandoned,13364.13,insufficient_funds,matched,0.9349988582621291,2026-06-15 18:59:42.015073
CASE_000461,UNSEEN_CUST_00226,UNSEEN_PAY_004225|UNSEEN_CHK_000069,payment|checkout,payment_failed|checkout_abandoned,19122.47,insufficient_funds,matched,0.9346192314010109,2026-07-17 08:13:42.004988
CASE_000462,UNSEEN_CUST_01859,UNSEEN_PAY_004333|UNSEEN_CHK_000866,payment|checkout,payment_failed|checkout_abandoned,45709.77,insufficient_funds,matched,0.9338547519490911,2026-06-18 11:59:42.009986
CASE_000463,UNSEEN_CUST_00959,UNSEEN_PAY_001883|UNSEEN_CHK_001065,payment|checkout,payment_failed|checkout_abandoned,97110.08,expired_instrument,matched,0.933566713843369,2026-07-13 03:58:41.891985
CASE_000464,UNSEEN_CUST_01715,UNSEEN_PAY_005944|UNSEEN_CHK_000239,payment|checkout,payment_failed|checkout_abandoned,37958.22,expired_instrument,matched,0.9332853516313462,2026-08-14 14:14:42.082071
CASE_000465,UNSEEN_CUST_00358,UNSEEN_PAY_001932|UNSEEN_CHK_002596,payment|checkout,payment_failed|checkout_abandoned,37326.67,blocked_instrument,matched,0.9328394292576565,2026-05-30 09:55:41.893985
CASE_000466,UNSEEN_CUST_01204,UNSEEN_PAY_000809|UNSEEN_CHK_003089,payment|checkout,payment_failed|checkout_abandoned,38972.1,blocked_instrument,matched,0.9328268449309463,2026-06-15 06:28:41.842479
CASE_000467,UNSEEN_CUST_01900,UNSEEN_PAY_005387|UNSEEN_CHK_000463,payment|checkout,payment_failed|checkout_abandoned,28034.22,authentication_failed,matched,0.9327637377937867,2026-07-22 13:32:42.056078
CASE_000468,UNSEEN_CUST_01934,UNSEEN_PAY_006922|UNSEEN_CHK_001142,payment|checkout,payment_failed|checkout_abandoned,33630.42,temporary_bank_failure,matched,0.9327566570186555,2026-07-30 12:05:42.132076
CASE_000469,UNSEEN_CUST_01964,UNSEEN_PAY_004788|UNSEEN_CHK_001354,payment|checkout,payment_failed|checkout_abandoned,18375.7,expired_instrument,matched,0.9326987180533712,2026-07-14 21:20:42.030078
CASE_000470,UNSEEN_CUST_00851,UNSEEN_PAY_001374|UNSEEN_CHK_001497,payment|checkout,payment_failed|checkout_abandoned,18432.42,unknown_failure,matched,0.9326976200990791,2026-06-23 05:30:41.868990
CASE_000471,UNSEEN_CUST_01974,UNSEEN_PAY_005660|UNSEEN_CHK_001569,payment|checkout,payment_failed|checkout_abandoned,32096.95,blocked_instrument,matched,0.9325951994227211,2026-05-27 23:50:42.068066
CASE_000472,UNSEEN_CUST_00232,UNSEEN_PAY_003477|UNSEEN_CHK_000097,payment|checkout,payment_failed|checkout_abandoned,45418.64,expired_instrument,matched,0.9322922830313232,2026-07-23 10:01:41.968991
CASE_000473,UNSEEN_CUST_01512,UNSEEN_PAY_004144|UNSEEN_CHK_001746,payment|checkout,payment_failed|checkout_abandoned,5458.13,authentication_failed,matched,0.9318083314859362,2026-06-19 19:49:42.001072
CASE_000474,UNSEEN_CUST_00369,UNSEEN_PAY_001033|UNSEEN_CHK_001894,payment|checkout,payment_failed|checkout_abandoned,42852.2,insufficient_funds,matched,0.9317911267618051,2026-08-16 20:15:41.853480
CASE_000475,UNSEEN_CUST_00255,UNSEEN_PAY_001525|UNSEEN_CHK_002972,payment|checkout,payment_failed|checkout_abandoned,14164.43,temporary_bank_failure,matched,0.9314002271495883,2026-06-06 13:08:41.876985
CASE_000476,UNSEEN_CUST_00199,UNSEEN_PAY_003269|UNSEEN_CHK_003452,payment|checkout,payment_failed|checkout_abandoned,19347.72,timeout,matched,0.9312120273947869,2026-05-29 22:34:41.956992
CASE_000477,UNSEEN_CUST_01222,UNSEEN_PAY_002515|UNSEEN_CHK_002778,payment|checkout,payment_failed|checkout_abandoned,20096.91,unknown_failure,matched,0.931023918602412,2026-05-30 22:39:41.918985
CASE_000478,UNSEEN_CUST_01329,UNSEEN_PAY_001405|UNSEEN_CHK_000163,payment|checkout,payment_failed|checkout_abandoned,27887.46,unknown_failure,matched,0.9308023092338515,2026-07-03 22:47:41.870990
CASE_000479,UNSEEN_CUST_00797,UNSEEN_PAY_005229|UNSEEN_CHK_000534,payment|checkout,payment_failed|checkout_abandoned,20391.74,risk_decline,matched,0.9307609766939402,2026-07-11 13:18:42.048986
CASE_000480,UNSEEN_CUST_00430,UNSEEN_PAY_001517|UNSEEN_CHK_001532,payment|checkout,payment_failed|checkout_abandoned,24544.03,insufficient_funds,matched,0.9306113457687628,2026-06-23 13:09:41.875985
CASE_000481,UNSEEN_CUST_00318,UNSEEN_PAY_006671|UNSEEN_CHK_002673,payment|checkout,payment_failed|checkout_abandoned,70513.74,insufficient_funds,matched,0.9304235791492552,2026-07-17 00:18:42.120065
CASE_000482,UNSEEN_CUST_01347,UNSEEN_PAY_005639|UNSEEN_CHK_001936,payment|checkout,payment_failed|checkout_abandoned,6876.4,temporary_bank_failure,matched,0.930382047453771,2026-07-08 11:55:42.067066
CASE_000483,UNSEEN_CUST_01077,UNSEEN_PAY_001152|UNSEEN_CHK_001253,payment|checkout,payment_failed|checkout_abandoned,23891.56,insufficient_funds,matched,0.9298163014702914,2026-08-13 20:55:41.859983
CASE_000484,UNSEEN_CUST_01707,UNSEEN_PAY_003498|UNSEEN_CHK_003078,payment|checkout,payment_failed|checkout_abandoned,18160.28,risk_decline,matched,0.9294749157073693,2026-08-03 07:10:41.970990
CASE_000485,UNSEEN_CUST_00511,UNSEEN_PAY_004506|UNSEEN_CHK_001795,payment|checkout,payment_failed|checkout_abandoned,26567.54,insufficient_funds,matched,0.9291507372446894,2026-06-04 14:10:42.017071
CASE_000486,UNSEEN_CUST_01244,UNSEEN_PAY_001145|UNSEEN_CHK_001922,payment|checkout,payment_failed|checkout_abandoned,32866.51,temporary_bank_failure,matched,0.9289803326141615,2026-08-18 03:02:41.859983
CASE_000487,UNSEEN_CUST_00811,UNSEEN_PAY_005849|UNSEEN_CHK_002119,payment|checkout,payment_failed|checkout_abandoned,12580.32,timeout,matched,0.9284942513385986,2026-06-24 03:06:42.078066
CASE_000488,UNSEEN_CUST_01244,UNSEEN_PAY_000568|UNSEEN_CHK_002100,payment|checkout,payment_failed|checkout_abandoned,10764.9,risk_decline,matched,0.9284216760025639,2026-06-21 13:19:41.828478
CASE_000489,UNSEEN_CUST_01396,UNSEEN_PAY_006405|UNSEEN_CHK_001460,payment|checkout,payment_failed|checkout_abandoned,42452.96,insufficient_funds,matched,0.9278762239952697,2026-07-24 13:53:42.109079
CASE_000490,UNSEEN_CUST_01811,UNSEEN_PAY_002483|UNSEEN_CHK_000161,payment|checkout,payment_failed|checkout_abandoned,19664.22,insufficient_funds,matched,0.9276374357420059,2026-08-15 19:15:41.916985
CASE_000491,UNSEEN_CUST_00683,UNSEEN_PAY_004515|UNSEEN_CHK_001328,payment|checkout,payment_failed|checkout_abandoned,15017.67,unknown_failure,matched,0.9275470495756,2026-08-15 02:12:42.018069
CASE_000492,UNSEEN_CUST_01585,UNSEEN_PAY_006704|UNSEEN_CHK_002142,payment|checkout,payment_failed|checkout_abandoned,56902.5,timeout,matched,0.9267120205614867,2026-07-31 14:37:42.122074
CASE_000493,UNSEEN_CUST_01394,UNSEEN_PAY_001913|UNSEEN_CHK_002012,payment|checkout,payment_failed|checkout_abandoned,31528.62,insufficient_funds,matched,0.9255124042853764,2026-07-27 17:22:41.892985
CASE_000494,UNSEEN_CUST_01920,UNSEEN_PAY_000655|UNSEEN_CHK_001678,payment|checkout,payment_failed|checkout_abandoned,40086.87,limit_exceeded,matched,0.9253946917864462,2026-08-16 04:47:41.833480
CASE_000495,UNSEEN_CUST_01749,UNSEEN_PAY_005533|UNSEEN_CHK_002160,payment|checkout,payment_failed|checkout_abandoned,31736.34,limit_exceeded,matched,0.9252690433112325,2026-07-15 20:17:42.062076
CASE_000496,UNSEEN_CUST_00523,UNSEEN_PAY_003499|UNSEEN_CHK_002834,payment|checkout,payment_failed|checkout_abandoned,98519.17,temporary_bank_failure,matched,0.9238821329279254,2026-08-19 14:55:41.970990
CASE_000497,UNSEEN_CUST_01561,UNSEEN_PAY_004988|UNSEEN_CHK_000497,payment|checkout,payment_failed|checkout_abandoned,24905.0,temporary_bank_failure,matched,0.9237257824176315,2026-06-16 05:28:42.038065
CASE_000498,UNSEEN_CUST_00522,UNSEEN_PAY_005499|UNSEEN_CHK_003385,payment|checkout,payment_failed|checkout_abandoned,42217.53,temporary_bank_failure,matched,0.9237125531740016,2026-07-11 09:58:42.061077
CASE_000499,UNSEEN_CUST_00313,UNSEEN_PAY_000803|UNSEEN_CHK_001457,payment|checkout,payment_failed|checkout_abandoned,45726.32,limit_exceeded,matched,0.9234517523678558,2026-06-20 12:56:41.842479
CASE_000500,UNSEEN_CUST_00083,UNSEEN_PAY_002330|UNSEEN_CHK_001833,payment|checkout,payment_failed|checkout_abandoned,12424.7,temporary_bank_failure,matched,0.9223385295240751,2026-07-12 15:43:41.910985
CASE_000501,UNSEEN_CUST_00226,UNSEEN_PAY_001656|UNSEEN_CHK_002731,payment|checkout,payment_failed|checkout_abandoned,12568.24,unknown_failure,matched,0.9221011639922005,2026-07-19 06:19:41.881985
CASE_000502,UNSEEN_CUST_01953,UNSEEN_PAY_000718|UNSEEN_CHK_000149,payment|checkout,payment_failed|checkout_abandoned,47513.88,temporary_bank_failure,matched,0.9206887419002616,2026-06-25 22:30:41.836478
CASE_000503,UNSEEN_CUST_00925,UNSEEN_PAY_002236|UNSEEN_CHK_001234,payment|checkout,payment_failed|checkout_abandoned,11637.78,timeout,matched,0.9194394964789963,2026-07-10 15:24:41.906985
CASE_000504,UNSEEN_CUST_01508,UNSEEN_PAY_001166|UNSEEN_CHK_003374,payment|checkout,payment_failed|checkout_abandoned,28543.29,insufficient_funds,matched,0.9190286631288824,2026-06-21 10:50:41.859983
CASE_000505,UNSEEN_CUST_01304,UNSEEN_PAY_004395|UNSEEN_CHK_001285,payment|checkout,payment_failed|checkout_abandoned,42828.83,timeout,matched,0.917746043183217,2026-07-13 21:53:42.012074
CASE_000506,UNSEEN_CUST_01763,UNSEEN_PAY_002505|UNSEEN_CHK_002325,payment|checkout,payment_failed|checkout_abandoned,29546.52,risk_decline,matched,0.9166195150336938,2026-08-01 09:53:41.917985
CASE_000507,UNSEEN_CUST_01971,UNSEEN_PAY_003740|UNSEEN_CHK_000248,payment|checkout,payment_failed|checkout_abandoned,24280.93,insufficient_funds,matched,0.804173886815817,2026-06-11 01:51:41.983985
CASE_000508,UNSEEN_CUST_00002,UNSEEN_CHK_000791,checkout,checkout_abandoned,32705.05,,independent,,2026-06-04 17:20:42.528902
CASE_000509,UNSEEN_CUST_00002,UNSEEN_CHK_002105,checkout,checkout_abandoned,38873.87,,independent,,2026-07-31 22:07:42.835458
CASE_000510,UNSEEN_CUST_00003,UNSEEN_INV_000003,invoice,invoice_overdue,71204.62,temporary_bank_failure,independent,,2026-04-17 20:09:43.403540
CASE_000511,UNSEEN_CUST_00005,UNSEEN_CHK_000109,checkout,checkout_abandoned,29097.4,,independent,,2026-08-09 14:40:42.318725
CASE_000512,UNSEEN_CUST_00006,UNSEEN_INV_000006,invoice,invoice_overdue,149803.52,insufficient_funds,independent,,2026-05-03 20:09:43.403540
CASE_000513,UNSEEN_CUST_00006,UNSEEN_CHK_003266,checkout,checkout_abandoned,48681.66,,independent,,2026-06-03 14:40:43.262538
CASE_000514,UNSEEN_CUST_00006,UNSEEN_PAY_000202,payment,payment_failed,40601.37,authentication_failed,independent,,2026-07-23 12:02:41.806579
CASE_000515,UNSEEN_CUST_00007,UNSEEN_INV_000007,invoice,invoice_overdue,16551.45,temporary_bank_failure,independent,,2026-03-30 20:09:43.403540
CASE_000516,UNSEEN_CUST_00008,UNSEEN_INV_000008,invoice,invoice_overdue,14733.6,blocked_instrument,independent,,2026-05-04 20:09:43.403540
CASE_000517,UNSEEN_CUST_00009,UNSEEN_CHK_000864,checkout,checkout_abandoned,15268.75,,independent,,2026-06-28 12:40:42.550980
CASE_000518,UNSEEN_CUST_00010,UNSEEN_CHK_000344,checkout,checkout_abandoned,86076.86,,independent,,2026-07-22 03:52:42.397199
CASE_000519,UNSEEN_CUST_00011,UNSEEN_SUB_000011,subscription,subscription_failed,7097.7,insufficient_funds,independent,,2026-05-22 20:09:42.170987
CASE_000520,UNSEEN_CUST_00011,UNSEEN_CHK_002842,checkout,checkout_abandoned,1660.46,,independent,,2026-06-06 15:01:42.086072
CASE_000521,UNSEEN_CUST_00012,UNSEEN_PAY_000065,payment,payment_failed,11111.72,expired_instrument,independent,,2026-06-15 08:18:41.799580
CASE_000522,UNSEEN_CUST_00012,UNSEEN_INV_000012,invoice,invoice_overdue,10217.97,insufficient_funds,independent,,2026-06-27 20:09:43.404538
CASE_000523,UNSEEN_CUST_00012,UNSEEN_SUB_000012,subscription,subscription_failed,4103.13,temporary_bank_failure,independent,,2026-08-07 20:09:42.170987
CASE_000524,UNSEEN_CUST_00014,UNSEEN_PAY_005707,payment,payment_failed,5298.11,unknown_failure,independent,,2026-07-08 04:48:42.070069
CASE_000525,UNSEEN_CUST_00014,UNSEEN_PAY_005818,payment,payment_failed,17895.7,authentication_failed,independent,,2026-08-10 18:48:42.076991
CASE_000526,UNSEEN_CUST_00015,UNSEEN_CHK_002387,checkout,checkout_abandoned,98278.93,,independent,,2026-07-04 03:55:42.908543
CASE_000527,UNSEEN_CUST_00016,UNSEEN_CHK_002022,checkout,checkout_abandoned,15558.09,,independent,,2026-06-09 17:07:42.817458
CASE_000528,UNSEEN_CUST_00016,UNSEEN_SUB_000016,subscription,subscription_failed,6112.34,temporary_bank_failure,independent,,2026-07-15 20:09:42.170987
CASE_000529,UNSEEN_CUST_00017,UNSEEN_SUB_000017,subscription,subscription_failed,4186.96,limit_exceeded,independent,,2026-07-30 20:09:42.170987
CASE_000530,UNSEEN_CUST_00019,UNSEEN_PAY_002542,payment,payment_failed,14397.04,temporary_bank_failure,independent,,2026-06-17 19:54:41.919985
CASE_000531,UNSEEN_CUST_00019,UNSEEN_CHK_001915,checkout,checkout_abandoned,2318.72,,independent,,2026-06-19 20:46:42.795814
CASE_000532,UNSEEN_CUST_00020,UNSEEN_CHK_000073,checkout,checkout_abandoned,41891.53,,independent,,2026-07-02 08:13:42.311724
CASE_000533,UNSEEN_CUST_00020,UNSEEN_INV_000020,invoice,invoice_overdue,70214.89,unknown_failure,independent,,2026-07-10 20:09:43.405538
CASE_000534,UNSEEN_CUST_00020,UNSEEN_CHK_002584,checkout,checkout_abandoned,3875.46,,independent,,2026-08-26 11:14:42.986539
CASE_000535,UNSEEN_CUST_00021,UNSEEN_SUB_000021,subscription,subscription_failed,6456.98,insufficient_funds,independent,,2026-07-26 20:09:42.170987
CASE_000536,UNSEEN_CUST_00022,UNSEEN_CHK_000543,checkout,checkout_abandoned,3932.57,,independent,,2026-05-30 01:07:42.460556
CASE_000537,UNSEEN_CUST_00022,UNSEEN_PAY_004250,payment,payment_failed,18234.19,risk_decline,independent,,2026-07-25 02:17:42.005987
CASE_000538,UNSEEN_CUST_00023,UNSEEN_CHK_000436,checkout,checkout_abandoned,1948.52,,independent,,2026-06-04 18:54:42.425201
CASE_000539,UNSEEN_CUST_00023,UNSEEN_CHK_000529,checkout,checkout_abandoned,21851.82,,independent,,2026-07-26 02:10:42.456556
CASE_000540,UNSEEN_CUST_00024,UNSEEN_PAY_005221,payment,payment_failed,48233.16,timeout,independent,,2026-06-11 02:19:42.047986
CASE_000541,UNSEEN_CUST_00025,UNSEEN_PAY_006787,payment,payment_failed,17831.83,unknown_failure,independent,,2026-06-21 14:41:42.125065
CASE_000542,UNSEEN_CUST_00025,UNSEEN_CHK_000440,checkout,checkout_abandoned,12660.18,,independent,,2026-08-04 12:13:42.425201
CASE_000543,UNSEEN_CUST_00027,UNSEEN_SUB_000027,subscription,subscription_failed,11793.77,unknown_failure,independent,,2026-03-12 20:09:42.170987
CASE_000544,UNSEEN_CUST_00027,UNSEEN_CHK_003111,checkout,checkout_abandoned,38800.26,,independent,,2026-06-30 05:33:43.198550
CASE_000545,UNSEEN_CUST_00028,UNSEEN_PAY_004872,payment,payment_failed,2295.98,timeout,independent,,2026-07-25 17:51:42.033072
CASE_000546,UNSEEN_CUST_00028,UNSEEN_PAY_002893,payment,payment_failed,3611.94,insufficient_funds,independent,,2026-08-05 21:14:41.936990
CASE_000547,UNSEEN_CUST_00029,UNSEEN_PAY_004045,payment,payment_failed,23531.88,authentication_failed,independent,,2026-07-08 16:58:41.997028
CASE_000548,UNSEEN_CUST_00030,UNSEEN_PAY_000414,payment,payment_failed,18353.55,temporary_bank_failure,independent,,2026-08-17 04:49:41.817991
CASE_000549,UNSEEN_CUST_00031,UNSEEN_PAY_000536,payment,payment_failed,15161.96,authentication_failed,independent,,2026-07-23 23:10:41.826478
CASE_000550,UNSEEN_CUST_00032,UNSEEN_CHK_000539,checkout,checkout_abandoned,19705.26,,independent,,2026-08-23 11:11:42.459558
CASE_000551,UNSEEN_CUST_00034,UNSEEN_INV_000034,invoice,invoice_overdue,9347.23,timeout,independent,,2026-04-25 20:09:43.407537
CASE_000552,UNSEEN_CUST_00035,UNSEEN_PAY_002572,payment,payment_failed,49119.81,insufficient_funds,independent,,2026-06-21 18:28:41.921999
CASE_000553,UNSEEN_CUST_00035,UNSEEN_CHK_001791,checkout,checkout_abandoned,27890.55,,independent,,2026-07-03 01:54:42.766814
CASE_000554,UNSEEN_CUST_00036,UNSEEN_PAY_004517,payment,payment_failed,3563.53,unknown_failure,independent,,2026-06-18 03:51:42.018069
CASE_000555,UNSEEN_CUST_00037,UNSEEN_PAY_003710,payment,payment_failed,1398.54,expired_instrument,independent,,2026-06-04 04:31:41.982066
CASE_000556,UNSEEN_CUST_00037,UNSEEN_PAY_004584,payment,payment_failed,2753.56,blocked_instrument,independent,,2026-06-06 04:18:42.021069
CASE_000557,UNSEEN_CUST_00037,UNSEEN_PAY_004192,payment,payment_failed,635.62,blocked_instrument,independent,,2026-06-08 09:41:42.003073
CASE_000558,UNSEEN_CUST_00037,UNSEEN_CHK_002229,checkout,checkout_abandoned,18603.41,,independent,,2026-06-10 20:12:42.863458
CASE_000559,UNSEEN_CUST_00037,UNSEEN_CHK_003073,checkout,checkout_abandoned,5704.4,,independent,,2026-06-19 02:58:43.179546
CASE_000560,UNSEEN_CUST_00040,UNSEEN_PAY_006156,payment,payment_failed,20491.96,limit_exceeded,independent,,2026-07-23 00:03:42.095071
CASE_000561,UNSEEN_CUST_00041,UNSEEN_CHK_001632,checkout,checkout_abandoned,46125.18,,independent,,2026-06-03 15:05:42.737814
CASE_000562,UNSEEN_CUST_00042,UNSEEN_CHK_002936,checkout,checkout_abandoned,39559.12,,independent,,2026-08-08 19:14:43.125536
CASE_000563,UNSEEN_CUST_00044,UNSEEN_PAY_006130,payment,payment_failed,39077.37,risk_decline,independent,,2026-08-08 05:54:42.093071
CASE_000564,UNSEEN_CUST_00045,UNSEEN_INV_000045,invoice,invoice_overdue,69139.53,timeout,independent,,2026-04-01 20:09:43.409543
CASE_000565,UNSEEN_CUST_00045,UNSEEN_CHK_001762,checkout,checkout_abandoned,24935.6,,independent,,2026-07-17 15:50:42.761814
CASE_000566,UNSEEN_CUST_00046,UNSEEN_CHK_000575,checkout,checkout_abandoned,20597.71,,independent,,2026-08-14 21:31:42.470557
CASE_000567,UNSEEN_CUST_00047,UNSEEN_PAY_006186,payment,payment_failed,12546.85,authentication_failed,independent,,2026-06-29 19:21:42.097065
CASE_000568,UNSEEN_CUST_00047,UNSEEN_PAY_005683,payment,payment_failed,5102.47,timeout,independent,,2026-07-20 06:04:42.069066
CASE_000569,UNSEEN_CUST_00047,UNSEEN_PAY_003276,payment,payment_failed,3171.23,risk_decline,independent,,2026-07-24 08:23:41.957990
CASE_000570,UNSEEN_CUST_00048,UNSEEN_CHK_001376,checkout,checkout_abandoned,37018.57,,independent,,2026-06-14 19:01:42.688187
CASE_000571,UNSEEN_CUST_00049,UNSEEN_CHK_001079,checkout,checkout_abandoned,1359.12,,independent,,2026-07-01 10:35:42.118071
CASE_000572,UNSEEN_CUST_00049,UNSEEN_CHK_000799,checkout,checkout_abandoned,3582.89,,independent,,2026-08-09 04:56:42.531902
CASE_000573,UNSEEN_CUST_00049,UNSEEN_INV_000049,invoice,invoice_overdue,23092.48,expired_instrument,independent,,2026-08-14 20:09:43.410540
CASE_000574,UNSEEN_CUST_00052,UNSEEN_CHK_001449,checkout,checkout_abandoned,39245.46,,independent,,2026-06-22 09:02:42.699187
CASE_000575,UNSEEN_CUST_00052,UNSEEN_PAY_005335,payment,payment_failed,9086.52,authentication_failed,independent,,2026-07-06 15:35:42.054066
CASE_000576,UNSEEN_CUST_00052,UNSEEN_CHK_002973,checkout,checkout_abandoned,40671.92,,independent,,2026-07-20 01:48:43.133537
CASE_000577,UNSEEN_CUST_00053,UNSEEN_PAY_003782,payment,payment_failed,78931.89,limit_exceeded,independent,,2026-07-14 01:18:41.985074
CASE_000578,UNSEEN_CUST_00054,UNSEEN_SUB_000054,subscription,subscription_failed,12767.57,blocked_instrument,independent,,2026-05-15 20:09:42.172986
CASE_000579,UNSEEN_CUST_00054,UNSEEN_PAY_003822,payment,payment_failed,14569.66,limit_exceeded,independent,,2026-05-28 01:30:41.987068
CASE_000580,UNSEEN_CUST_00054,UNSEEN_PAY_003117,payment,payment_failed,26640.66,insufficient_funds,independent,,2026-06-19 23:21:41.948990
CASE_000581,UNSEEN_CUST_00055,UNSEEN_PAY_000016,payment,payment_failed,32036.27,insufficient_funds,independent,,2026-08-10 02:45:41.796577
CASE_000582,UNSEEN_CUST_00057,UNSEEN_PAY_003141,payment,payment_failed,9832.63,insufficient_funds,independent,,2026-06-16 01:41:41.949990
CASE_000583,UNSEEN_CUST_00057,UNSEEN_CHK_000854,checkout,checkout_abandoned,18619.06,,independent,,2026-07-03 06:31:42.548984
CASE_000584,UNSEEN_CUST_00057,UNSEEN_CHK_000225,checkout,checkout_abandoned,31535.12,,independent,,2026-07-28 05:03:42.349839
CASE_000585,UNSEEN_CUST_00057,UNSEEN_CHK_001543,checkout,checkout_abandoned,47108.99,,independent,,2026-08-09 04:22:42.721814
CASE_000586,UNSEEN_CUST_00058,UNSEEN_CHK_001397,checkout,checkout_abandoned,46344.99,,independent,,2026-06-18 15:49:42.692187
CASE_000587,UNSEEN_CUST_00058,UNSEEN_CHK_003198,checkout,checkout_abandoned,6643.87,,independent,,2026-08-22 00:47:43.233536
CASE_000588,UNSEEN_CUST_00060,UNSEEN_INV_000060,invoice,invoice_overdue,42058.65,unknown_failure,independent,,2026-08-06 20:09:43.411540
CASE_000589,UNSEEN_CUST_00061,UNSEEN_INV_000061,invoice,invoice_overdue,34593.96,expired_instrument,independent,,2026-07-26 20:09:43.412540
CASE_000590,UNSEEN_CUST_00062,UNSEEN_CHK_000066,checkout,checkout_abandoned,7434.28,,independent,,2026-06-14 03:49:42.307723
CASE_000591,UNSEEN_CUST_00062,UNSEEN_PAY_004245,payment,payment_failed,36271.01,temporary_bank_failure,independent,,2026-07-09 20:48:42.004988
CASE_000592,UNSEEN_CUST_00064,UNSEEN_PAY_003821,payment,payment_failed,23461.56,timeout,independent,,2026-08-09 20:40:41.987068
CASE_000593,UNSEEN_CUST_00065,UNSEEN_CHK_002895,checkout,checkout_abandoned,19673.91,,independent,,2026-08-07 05:19:43.116536
CASE_000594,UNSEEN_CUST_00066,UNSEEN_SUB_000066,subscription,subscription_failed,6713.93,expired_instrument,independent,,2026-06-18 20:09:42.172986
CASE_000595,UNSEEN_CUST_00067,UNSEEN_INV_000067,invoice,invoice_overdue,4111.63,temporary_bank_failure,independent,,2026-03-31 20:09:43.412540
CASE_000596,UNSEEN_CUST_00067,UNSEEN_CHK_002826,checkout,checkout_abandoned,6817.56,,independent,,2026-06-11 10:09:43.094544
CASE_000597,UNSEEN_CUST_00070,UNSEEN_CHK_000291,checkout,checkout_abandoned,4471.99,,independent,,2026-06-08 07:56:41.978068
CASE_000598,UNSEEN_CUST_00070,UNSEEN_INV_000070,invoice,invoice_overdue,21217.52,temporary_bank_failure,independent,,2026-07-22 20:09:43.413545
CASE_000599,UNSEEN_CUST_00071,UNSEEN_INV_000071,invoice,invoice_overdue,29081.46,unknown_failure,independent,,2026-04-24 20:09:43.413545
CASE_000600,UNSEEN_CUST_00071,UNSEEN_CHK_003178,checkout,checkout_abandoned,33684.75,,independent,,2026-06-09 12:40:43.227537
CASE_000601,UNSEEN_CUST_00071,UNSEEN_PAY_000407,payment,payment_failed,23155.24,temporary_bank_failure,independent,,2026-07-19 01:18:41.817991
CASE_000602,UNSEEN_CUST_00074,UNSEEN_INV_000074,invoice,invoice_overdue,25114.9,insufficient_funds,independent,,2026-06-27 20:09:43.414540
CASE_000603,UNSEEN_CUST_00074,UNSEEN_PAY_000286,payment,payment_failed,11996.28,temporary_bank_failure,independent,,2026-07-15 12:08:41.810992
CASE_000604,UNSEEN_CUST_00075,UNSEEN_INV_000075,invoice,invoice_overdue,5475.14,timeout,independent,,2026-03-31 20:09:43.414540
CASE_000605,UNSEEN_CUST_00076,UNSEEN_CHK_002844,checkout,checkout_abandoned,28111.24,,independent,,2026-08-22 12:21:43.106537
CASE_000606,UNSEEN_CUST_00077,UNSEEN_PAY_003271,payment,payment_failed,17683.16,authentication_failed,independent,,2026-06-03 12:21:41.957990
CASE_000607,UNSEEN_CUST_00078,UNSEEN_CHK_000132,checkout,checkout_abandoned,19049.68,,independent,,2026-07-03 02:05:41.988078
CASE_000608,UNSEEN_CUST_00078,UNSEEN_PAY_003552,payment,payment_failed,19303.36,expired_instrument,independent,,2026-08-14 06:08:41.974067
CASE_000609,UNSEEN_CUST_00080,UNSEEN_INV_000080,invoice,invoice_overdue,122474.33,limit_exceeded,independent,,2026-06-17 20:09:43.415545
CASE_000610,UNSEEN_CUST_00080,UNSEEN_CHK_002543,checkout,checkout_abandoned,94238.34,,independent,,2026-07-28 15:35:42.964546
CASE_000611,UNSEEN_CUST_00081,UNSEEN_CHK_003024,checkout,checkout_abandoned,16710.37,,independent,,2026-08-23 19:42:43.150537
CASE_000612,UNSEEN_CUST_00082,UNSEEN_CHK_000286,checkout,checkout_abandoned,21127.64,,independent,,2026-06-16 19:11:42.371052
CASE_000613,UNSEEN_CUST_00084,UNSEEN_INV_000084,invoice,invoice_overdue,47826.65,temporary_bank_failure,independent,,2026-03-06 20:09:43.415545
CASE_000614,UNSEEN_CUST_00084,UNSEEN_SUB_000084,subscription,subscription_failed,2449.5,authentication_failed,independent,,2026-04-29 20:09:42.173986
CASE_000615,UNSEEN_CUST_00084,UNSEEN_PAY_006251,payment,payment_failed,1990.16,insufficient_funds,independent,,2026-08-06 11:57:42.100066
CASE_000616,UNSEEN_CUST_00085,UNSEEN_PAY_000654,payment,payment_failed,13125.29,unknown_failure,independent,,2026-06-11 22:51:41.833480
CASE_000617,UNSEEN_CUST_00087,UNSEEN_CHK_003345,checkout,checkout_abandoned,28325.53,,independent,,2026-06-22 14:49:43.291536
CASE_000618,UNSEEN_CUST_00088,UNSEEN_CHK_000382,checkout,checkout_abandoned,2899.15,,independent,,2026-08-05 23:03:42.410199
CASE_000619,UNSEEN_CUST_00089,UNSEEN_SUB_000089,subscription,subscription_failed,16670.88,authentication_failed,independent,,2026-04-11 20:09:42.173986
CASE_000620,UNSEEN_CUST_00089,UNSEEN_PAY_004154,payment,payment_failed,85375.22,authentication_failed,independent,,2026-08-17 00:57:42.001072
CASE_000621,UNSEEN_CUST_00090,UNSEEN_CHK_000548,checkout,checkout_abandoned,34756.97,,independent,,2026-05-31 11:07:42.038065
CASE_000622,UNSEEN_CUST_00092,UNSEEN_CHK_000267,checkout,checkout_abandoned,16164.95,,independent,,2026-06-16 07:17:42.365052
CASE_000623,UNSEEN_CUST_00093,UNSEEN_SUB_000093,subscription,subscription_failed,3388.01,insufficient_funds,independent,,2026-08-14 20:09:42.173986
CASE_000624,UNSEEN_CUST_00094,UNSEEN_PAY_004682,payment,payment_failed,24285.44,timeout,independent,,2026-08-14 11:42:42.025070
CASE_000625,UNSEEN_CUST_00095,UNSEEN_SUB_000095,subscription,subscription_failed,2545.95,temporary_bank_failure,independent,,2026-03-28 20:09:42.173986
CASE_000626,UNSEEN_CUST_00096,UNSEEN_CHK_001493,checkout,checkout_abandoned,24749.27,,independent,,2026-06-13 06:55:42.707187
CASE_000627,UNSEEN_CUST_00096,UNSEEN_CHK_002062,checkout,checkout_abandoned,16824.52,,independent,,2026-07-04 18:08:42.054066
CASE_000628,UNSEEN_CUST_00097,UNSEEN_INV_000097,invoice,invoice_overdue,58380.66,temporary_bank_failure,independent,,2026-03-09 20:09:43.417539
CASE_000629,UNSEEN_CUST_00100,UNSEEN_INV_000100,invoice,invoice_overdue,24377.03,risk_decline,independent,,2026-07-24 20:09:43.418539
CASE_000630,UNSEEN_CUST_00101,UNSEEN_SUB_000101,subscription,subscription_failed,13191.5,limit_exceeded,independent,,2026-04-10 20:09:42.174986
CASE_000631,UNSEEN_CUST_00101,UNSEEN_PAY_005724,payment,payment_failed,36272.95,insufficient_funds,independent,,2026-07-08 06:43:42.071070
CASE_000632,UNSEEN_CUST_00101,UNSEEN_CHK_001422,checkout,checkout_abandoned,13683.19,,independent,,2026-08-20 07:09:42.696187
CASE_000633,UNSEEN_CUST_00103,UNSEEN_CHK_001413,checkout,checkout_abandoned,44646.55,,independent,,2026-07-21 06:56:42.694187
CASE_000634,UNSEEN_CUST_00103,UNSEEN_INV_000103,invoice,invoice_overdue,75256.65,insufficient_funds,independent,,2026-08-08 20:09:43.418539
CASE_000635,UNSEEN_CUST_00103,UNSEEN_CHK_001629,checkout,checkout_abandoned,30094.87,,independent,,2026-08-13 12:45:42.737814
CASE_000636,UNSEEN_CUST_00104,UNSEEN_INV_000104,invoice,invoice_overdue,31395.07,authentication_failed,independent,,2026-06-14 20:09:43.418539
CASE_000637,UNSEEN_CUST_00104,UNSEEN_PAY_003485,payment,payment_failed,19307.39,insufficient_funds,independent,,2026-06-18 22:16:41.969990
CASE_000638,UNSEEN_CUST_00106,UNSEEN_CHK_002064,checkout,checkout_abandoned,17699.78,,independent,,2026-08-12 14:26:42.826458
CASE_000639,UNSEEN_CUST_00107,UNSEEN_PAY_002746,payment,payment_failed,6946.39,insufficient_funds,independent,,2026-06-10 21:09:41.929989
CASE_000640,UNSEEN_CUST_00107,UNSEEN_PAY_002789,payment,payment_failed,26870.45,temporary_bank_failure,independent,,2026-06-22 08:42:41.931989
CASE_000641,UNSEEN_CUST_00107,UNSEEN_CHK_001451,checkout,checkout_abandoned,18479.65,,independent,,2026-08-25 11:49:42.699187
CASE_000642,UNSEEN_CUST_00109,UNSEEN_PAY_006327,payment,payment_failed,6943.9,temporary_bank_failure,independent,,2026-05-30 11:05:42.104073
CASE_000643,UNSEEN_CUST_00109,UNSEEN_SUB_000109,subscription,subscription_failed,3160.51,timeout,independent,,2026-07-20 20:09:42.174986
CASE_000644,UNSEEN_CUST_00110,UNSEEN_PAY_005010,payment,payment_failed,6583.42,timeout,independent,,2026-05-31 20:38:42.039074
CASE_000645,UNSEEN_CUST_00110,UNSEEN_PAY_001654,payment,payment_failed,38647.47,timeout,independent,,2026-06-16 04:51:41.881985
CASE_000646,UNSEEN_CUST_00112,UNSEEN_SUB_000112,subscription,subscription_failed,1132.91,timeout,independent,,2026-04-02 20:09:42.174986
CASE_000647,UNSEEN_CUST_00112,UNSEEN_PAY_003943,payment,payment_failed,16877.98,authentication_failed,independent,,2026-08-21 15:38:41.992078
CASE_000648,UNSEEN_CUST_00112,UNSEEN_INV_000112,invoice,invoice_overdue,1330.02,temporary_bank_failure,independent,,2026-08-24 20:09:43.420541
CASE_000649,UNSEEN_CUST_00113,UNSEEN_CHK_002438,checkout,checkout_abandoned,26687.84,,independent,,2026-07-21 02:47:42.928541
CASE_000650,UNSEEN_CUST_00113,UNSEEN_PAY_000775,payment,payment_failed,42922.42,unknown_failure,independent,,2026-08-14 18:10:41.840478
CASE_000651,UNSEEN_CUST_00114,UNSEEN_INV_000114,invoice,invoice_overdue,30936.64,temporary_bank_failure,independent,,2026-05-29 20:09:43.420541
CASE_000652,UNSEEN_CUST_00116,UNSEEN_PAY_006786,payment,payment_failed,18506.66,authentication_failed,independent,,2026-07-02 21:04:42.125065
CASE_000653,UNSEEN_CUST_00116,UNSEEN_CHK_002236,checkout,checkout_abandoned,35557.08,,independent,,2026-07-25 16:04:42.863458
CASE_000654,UNSEEN_CUST_00118,UNSEEN_INV_000118,invoice,invoice_overdue,8770.75,insufficient_funds,independent,,2026-06-30 20:09:43.421539
CASE_000655,UNSEEN_CUST_00119,UNSEEN_PAY_001097,payment,payment_failed,33672.65,authentication_failed,independent,,2026-07-01 16:24:41.857487
CASE_000656,UNSEEN_CUST_00119,UNSEEN_PAY_001382,payment,payment_failed,49698.01,temporary_bank_failure,independent,,2026-08-16 00:03:41.869990
CASE_000657,UNSEEN_CUST_00121,UNSEEN_SUB_000121,subscription,subscription_failed,12852.73,authentication_failed,independent,,2026-04-24 20:09:42.175985
CASE_000658,UNSEEN_CUST_00121,UNSEEN_INV_000121,invoice,invoice_overdue,40545.26,insufficient_funds,independent,,2026-05-23 20:09:43.421539
CASE_000659,UNSEEN_CUST_00121,UNSEEN_PAY_003802,payment,payment_failed,7916.55,temporary_bank_failure,independent,,2026-08-09 01:55:41.986072
CASE_000660,UNSEEN_CUST_00121,UNSEEN_PAY_005178,payment,payment_failed,26542.95,expired_instrument,independent,,2026-08-18 21:41:42.046986
CASE_000661,UNSEEN_CUST_00122,UNSEEN_CHK_000387,checkout,checkout_abandoned,5161.17,,independent,,2026-05-29 01:41:42.411199
CASE_000662,UNSEEN_CUST_00122,UNSEEN_SUB_000122,subscription,subscription_failed,5746.57,expired_instrument,independent,,2026-06-07 20:09:42.175985
CASE_000663,UNSEEN_CUST_00122,UNSEEN_INV_000122,invoice,invoice_overdue,18137.76,risk_decline,independent,,2026-07-19 20:09:43.421539
CASE_000664,UNSEEN_CUST_00123,UNSEEN_PAY_002793,payment,payment_failed,46979.84,insufficient_funds,independent,,2026-07-01 00:48:41.931989
CASE_000665,UNSEEN_CUST_00123,UNSEEN_CHK_003235,checkout,checkout_abandoned,15806.87,,independent,,2026-07-17 07:18:43.249541
CASE_000666,UNSEEN_CUST_00123,UNSEEN_PAY_006624,payment,payment_failed,15020.67,authentication_failed,independent,,2026-08-01 01:19:42.118071
CASE_000667,UNSEEN_CUST_00124,UNSEEN_SUB_000124,subscription,subscription_failed,3104.67,limit_exceeded,independent,,2026-03-30 20:09:42.175985
CASE_000668,UNSEEN_CUST_00124,UNSEEN_CHK_000029,checkout,checkout_abandoned,6952.4,,independent,,2026-07-16 03:47:42.294724
CASE_000669,UNSEEN_CUST_00125,UNSEEN_PAY_006318,payment,payment_failed,808.56,unknown_failure,independent,,2026-08-20 18:26:42.104073
CASE_000670,UNSEEN_CUST_00128,UNSEEN_INV_000128,invoice,invoice_overdue,66558.61,authentication_failed,independent,,2026-04-22 20:09:43.423548
CASE_000671,UNSEEN_CUST_00128,UNSEEN_CHK_002582,checkout,checkout_abandoned,43776.72,,independent,,2026-07-10 22:17:42.986539
CASE_000672,UNSEEN_CUST_00129,UNSEEN_PAY_003580,payment,payment_failed,42806.03,insufficient_funds,independent,,2026-08-08 07:00:41.975073
CASE_000673,UNSEEN_CUST_00130,UNSEEN_CHK_002072,checkout,checkout_abandoned,28671.71,,independent,,2026-06-12 16:52:42.826458
CASE_000674,UNSEEN_CUST_00130,UNSEEN_CHK_002089,checkout,checkout_abandoned,44392.05,,independent,,2026-06-29 22:04:42.830458
CASE_000675,UNSEEN_CUST_00131,UNSEEN_INV_000131,invoice,invoice_overdue,16087.24,temporary_bank_failure,independent,,2026-03-22 20:09:43.423548
CASE_000676,UNSEEN_CUST_00131,UNSEEN_CHK_003379,checkout,checkout_abandoned,32445.92,,independent,,2026-07-10 06:04:43.306537
CASE_000677,UNSEEN_CUST_00132,UNSEEN_SUB_000132,subscription,subscription_failed,3317.74,unknown_failure,independent,,2026-05-10 20:09:42.175985
CASE_000678,UNSEEN_CUST_00132,UNSEEN_CHK_003499,checkout,checkout_abandoned,21696.77,,independent,,2026-07-16 13:13:43.356536
CASE_000679,UNSEEN_CUST_00132,UNSEEN_PAY_006887,payment,payment_failed,25438.24,expired_instrument,independent,,2026-07-18 19:29:42.130071
CASE_000680,UNSEEN_CUST_00133,UNSEEN_PAY_003354,payment,payment_failed,96054.75,insufficient_funds,independent,,2026-06-14 23:02:41.961989
CASE_000681,UNSEEN_CUST_00133,UNSEEN_PAY_002439,payment,payment_failed,7702.95,risk_decline,independent,,2026-06-28 13:17:41.914985
CASE_000682,UNSEEN_CUST_00133,UNSEEN_CHK_000926,checkout,checkout_abandoned,42446.36,,independent,,2026-07-12 13:07:42.567981
CASE_000683,UNSEEN_CUST_00134,UNSEEN_CHK_001809,checkout,checkout_abandoned,14196.0,,independent,,2026-06-11 19:17:42.772814
CASE_000684,UNSEEN_CUST_00134,UNSEEN_PAY_002578,payment,payment_failed,38126.46,insufficient_funds,independent,,2026-06-23 17:49:41.921999
CASE_000685,UNSEEN_CUST_00137,UNSEEN_CHK_000717,checkout,checkout_abandoned,38446.2,,independent,,2026-07-09 03:53:42.509905
CASE_000686,UNSEEN_CUST_00138,UNSEEN_CHK_000741,checkout,checkout_abandoned,46138.44,,independent,,2026-06-08 09:36:42.513902
CASE_000687,UNSEEN_CUST_00139,UNSEEN_PAY_006985,payment,payment_failed,30232.49,insufficient_funds,independent,,2026-08-08 23:56:42.134070
CASE_000688,UNSEEN_CUST_00140,UNSEEN_SUB_000140,subscription,subscription_failed,4773.86,temporary_bank_failure,independent,,2026-03-24 20:09:42.175985
CASE_000689,UNSEEN_CUST_00140,UNSEEN_INV_000140,invoice,invoice_overdue,62316.99,insufficient_funds,independent,,2026-07-17 20:09:43.425543
CASE_000690,UNSEEN_CUST_00141,UNSEEN_PAY_002088,payment,payment_failed,15690.23,temporary_bank_failure,independent,,2026-06-18 13:57:41.899985
CASE_000691,UNSEEN_CUST_00141,UNSEEN_PAY_006692,payment,payment_failed,44753.48,unknown_failure,independent,,2026-08-14 23:17:42.121071
CASE_000692,UNSEEN_CUST_00141,UNSEEN_CHK_001124,checkout,checkout_abandoned,31332.52,,independent,,2026-08-21 10:41:42.622900
CASE_000693,UNSEEN_CUST_00142,UNSEEN_SUB_000142,subscription,subscription_failed,24347.0,insufficient_funds,independent,,2026-03-20 20:09:42.176985
CASE_000694,UNSEEN_CUST_00143,UNSEEN_SUB_000143,subscription,subscription_failed,12942.51,insufficient_funds,independent,,2026-06-22 20:09:42.176985
CASE_000695,UNSEEN_CUST_00148,UNSEEN_CHK_000373,checkout,checkout_abandoned,86780.76,,independent,,2026-06-05 03:49:42.408202
CASE_000696,UNSEEN_CUST_00148,UNSEEN_CHK_002643,checkout,checkout_abandoned,36039.48,,independent,,2026-06-28 17:07:43.016539
CASE_000697,UNSEEN_CUST_00149,UNSEEN_CHK_003099,checkout,checkout_abandoned,16811.6,,independent,,2026-08-10 02:00:43.193539
CASE_000698,UNSEEN_CUST_00149,UNSEEN_CHK_000846,checkout,checkout_abandoned,18989.59,,independent,,2026-08-19 04:44:42.546984
CASE_000699,UNSEEN_CUST_00150,UNSEEN_SUB_000150,subscription,subscription_failed,6272.88,authentication_failed,independent,,2026-05-04 20:09:42.176985
CASE_000700,UNSEEN_CUST_00150,UNSEEN_CHK_000268,checkout,checkout_abandoned,12995.94,,independent,,2026-05-28 16:16:42.365052
CASE_000701,UNSEEN_CUST_00151,UNSEEN_CHK_001523,checkout,checkout_abandoned,45106.86,,independent,,2026-07-04 19:54:41.865990
CASE_000702,UNSEEN_CUST_00151,UNSEEN_PAY_006379,payment,payment_failed,16427.59,blocked_instrument,independent,,2026-07-08 13:34:42.107065
CASE_000703,UNSEEN_CUST_00151,UNSEEN_CHK_002257,checkout,checkout_abandoned,27723.42,,independent,,2026-08-19 13:20:42.867458
CASE_000704,UNSEEN_CUST_00153,UNSEEN_PAY_003849,payment,payment_failed,27287.37,timeout,independent,,2026-06-01 15:56:41.988078
CASE_000705,UNSEEN_CUST_00153,UNSEEN_CHK_000203,checkout,checkout_abandoned,73065.49,,independent,,2026-07-10 14:16:42.346841
CASE_000706,UNSEEN_CUST_00155,UNSEEN_SUB_000155,subscription,subscription_failed,1518.04,authentication_failed,independent,,2026-05-31 20:09:42.176985
CASE_000707,UNSEEN_CUST_00155,UNSEEN_PAY_003533,payment,payment_failed,16055.74,risk_decline,independent,,2026-06-10 13:18:41.972987
CASE_000708,UNSEEN_CUST_00156,UNSEEN_INV_000156,invoice,invoice_overdue,24922.51,unknown_failure,independent,,2026-06-24 20:09:43.427545
CASE_000709,UNSEEN_CUST_00157,UNSEEN_CHK_000247,checkout,checkout_abandoned,32570.22,,independent,,2026-06-16 12:10:42.358049
CASE_000710,UNSEEN_CUST_00158,UNSEEN_CHK_003176,checkout,checkout_abandoned,37208.88,,independent,,2026-07-08 18:26:43.225538
CASE_000711,UNSEEN_CUST_00160,UNSEEN_SUB_000160,subscription,subscription_failed,2444.23,expired_instrument,independent,,2026-04-10 20:09:42.176985
CASE_000712,UNSEEN_CUST_00161,UNSEEN_PAY_001103,payment,payment_failed,27121.55,expired_instrument,independent,,2026-06-29 23:37:41.857487
CASE_000713,UNSEEN_CUST_00162,UNSEEN_CHK_001212,checkout,checkout_abandoned,91477.04,,independent,,2026-07-04 16:05:42.648188
CASE_000714,UNSEEN_CUST_00162,UNSEEN_CHK_003004,checkout,checkout_abandoned,26672.34,,independent,,2026-07-09 14:55:41.799580
CASE_000715,UNSEEN_CUST_00163,UNSEEN_CHK_001120,checkout,checkout_abandoned,1174.37,,independent,,2026-06-22 05:32:42.622900
CASE_000716,UNSEEN_CUST_00163,UNSEEN_CHK_000237,checkout,checkout_abandoned,49202.28,,independent,,2026-07-11 17:09:42.353839
CASE_000717,UNSEEN_CUST_00163,UNSEEN_CHK_000839,checkout,checkout_abandoned,28606.34,,independent,,2026-08-07 00:58:42.543983
CASE_000718,UNSEEN_CUST_00165,UNSEEN_PAY_000456,payment,payment_failed,18341.27,blocked_instrument,independent,,2026-06-07 22:49:41.819991
CASE_000719,UNSEEN_CUST_00165,UNSEEN_CHK_000404,checkout,checkout_abandoned,25174.76,,independent,,2026-07-21 11:58:42.416199
CASE_000720,UNSEEN_CUST_00165,UNSEEN_CHK_000262,checkout,checkout_abandoned,30324.36,,independent,,2026-07-26 02:37:42.365052
CASE_000721,UNSEEN_CUST_00166,UNSEEN_PAY_006606,payment,payment_failed,10202.89,insufficient_funds,independent,,2026-08-22 08:13:42.118071
CASE_000722,UNSEEN_CUST_00167,UNSEEN_SUB_000167,subscription,subscription_failed,11853.43,timeout,independent,,2026-08-23 20:09:42.177985
CASE_000723,UNSEEN_CUST_00168,UNSEEN_INV_000168,invoice,invoice_overdue,41029.21,authentication_failed,independent,,2026-05-31 20:09:43.429542
CASE_000724,UNSEEN_CUST_00168,UNSEEN_PAY_002729,payment,payment_failed,8193.36,risk_decline,independent,,2026-06-14 02:00:41.928990
CASE_000725,UNSEEN_CUST_00168,UNSEEN_CHK_003044,checkout,checkout_abandoned,45342.19,,independent,,2026-07-02 17:14:43.164538
CASE_000726,UNSEEN_CUST_00169,UNSEEN_CHK_001052,checkout,checkout_abandoned,47461.0,,independent,,2026-06-03 14:42:42.604898
CASE_000727,UNSEEN_CUST_00170,UNSEEN_INV_000170,invoice,invoice_overdue,6770.71,unknown_failure,independent,,2026-04-21 20:09:43.429542
CASE_000728,UNSEEN_CUST_00170,UNSEEN_CHK_000845,checkout,checkout_abandoned,34916.02,,independent,,2026-07-28 22:59:42.546984
CASE_000729,UNSEEN_CUST_00171,UNSEEN_CHK_003411,checkout,checkout_abandoned,4175.59,,independent,,2026-06-29 19:48:43.316543
CASE_000730,UNSEEN_CUST_00173,UNSEEN_CHK_000008,checkout,checkout_abandoned,44702.77,,independent,,2026-07-10 18:29:42.282727
CASE_000731,UNSEEN_CUST_00177,UNSEEN_SUB_000177,subscription,subscription_failed,16847.93,temporary_bank_failure,independent,,2026-07-14 20:09:42.177985
CASE_000732,UNSEEN_CUST_00179,UNSEEN_SUB_000179,subscription,subscription_failed,5828.57,expired_instrument,independent,,2026-04-21 20:09:42.177985
CASE_000733,UNSEEN_CUST_00179,UNSEEN_CHK_002921,checkout,checkout_abandoned,44306.22,,independent,,2026-06-24 23:51:42.025070
CASE_000734,UNSEEN_CUST_00180,UNSEEN_INV_000180,invoice,invoice_overdue,60485.23,insufficient_funds,independent,,2026-07-20 20:09:43.430546
CASE_000735,UNSEEN_CUST_00180,UNSEEN_PAY_000776,payment,payment_failed,49401.26,temporary_bank_failure,independent,,2026-08-08 06:03:41.840478
CASE_000736,UNSEEN_CUST_00181,UNSEEN_CHK_001782,checkout,checkout_abandoned,57370.65,,independent,,2026-07-21 07:17:42.764814
CASE_000737,UNSEEN_CUST_00181,UNSEEN_CHK_002463,checkout,checkout_abandoned,89657.63,,independent,,2026-08-16 10:26:42.943544
CASE_000738,UNSEEN_CUST_00182,UNSEEN_INV_000182,invoice,invoice_overdue,73020.3,authentication_failed,independent,,2026-04-18 20:09:43.431543
CASE_000739,UNSEEN_CUST_00182,UNSEEN_CHK_002158,checkout,checkout_abandoned,13815.01,,independent,,2026-07-31 03:17:42.847458
CASE_000740,UNSEEN_CUST_00183,UNSEEN_CHK_001759,checkout,checkout_abandoned,3032.21,,independent,,2026-06-19 16:07:41.942990
CASE_000741,UNSEEN_CUST_00184,UNSEEN_INV_000184,invoice,invoice_overdue,60499.79,timeout,independent,,2026-04-08 20:09:43.431543
CASE_000742,UNSEEN_CUST_00186,UNSEEN_CHK_000314,checkout,checkout_abandoned,48147.0,,independent,,2026-06-05 05:55:42.385050
CASE_000743,UNSEEN_CUST_00186,UNSEEN_SUB_000186,subscription,subscription_failed,10367.98,timeout,independent,,2026-06-27 20:09:42.177985
CASE_000744,UNSEEN_CUST_00186,UNSEEN_INV_000186,invoice,invoice_overdue,19309.73,insufficient_funds,independent,,2026-07-17 20:09:43.431543
CASE_000745,UNSEEN_CUST_00187,UNSEEN_INV_000187,invoice,invoice_overdue,3198.42,temporary_bank_failure,independent,,2026-05-14 20:09:43.432539
CASE_000746,UNSEEN_CUST_00188,UNSEEN_PAY_003418,payment,payment_failed,32675.76,temporary_bank_failure,independent,,2026-07-25 23:32:41.965990
CASE_000747,UNSEEN_CUST_00189,UNSEEN_PAY_005857,payment,payment_failed,42561.33,insufficient_funds,independent,,2026-07-24 09:05:42.079077
CASE_000748,UNSEEN_CUST_00190,UNSEEN_PAY_004586,payment,payment_failed,15254.1,insufficient_funds,independent,,2026-06-10 07:27:42.021069
CASE_000749,UNSEEN_CUST_00190,UNSEEN_CHK_001309,checkout,checkout_abandoned,26902.2,,independent,,2026-06-16 14:37:42.676187
CASE_000750,UNSEEN_CUST_00192,UNSEEN_CHK_001874,checkout,checkout_abandoned,15892.94,,independent,,2026-06-21 22:26:42.788813
CASE_000751,UNSEEN_CUST_00192,UNSEEN_CHK_002606,checkout,checkout_abandoned,37791.93,,independent,,2026-07-22 05:09:42.997539
CASE_000752,UNSEEN_CUST_00193,UNSEEN_INV_000193,invoice,invoice_overdue,116464.98,insufficient_funds,independent,,2026-03-10 20:09:43.433540
CASE_000753,UNSEEN_CUST_00193,UNSEEN_PAY_004332,payment,payment_failed,9851.32,risk_decline,independent,,2026-06-04 14:12:42.009986
CASE_000754,UNSEEN_CUST_00193,UNSEEN_PAY_006991,payment,payment_failed,60050.24,insufficient_funds,independent,,2026-08-22 17:02:42.135072
CASE_000755,UNSEEN_CUST_00194,UNSEEN_CHK_001191,checkout,checkout_abandoned,18539.24,,independent,,2026-07-18 12:27:42.641187
CASE_000756,UNSEEN_CUST_00194,UNSEEN_CHK_000442,checkout,checkout_abandoned,28700.27,,independent,,2026-08-05 03:42:42.425201
CASE_000757,UNSEEN_CUST_00194,UNSEEN_CHK_002213,checkout,checkout_abandoned,28709.79,,independent,,2026-08-08 00:11:42.860458
CASE_000758,UNSEEN_CUST_00195,UNSEEN_INV_000195,invoice,invoice_overdue,52248.27,insufficient_funds,independent,,2026-05-09 20:09:43.433540
CASE_000759,UNSEEN_CUST_00195,UNSEEN_SUB_000195,subscription,subscription_failed,3674.01,insufficient_funds,independent,,2026-06-16 20:09:42.178985
CASE_000760,UNSEEN_CUST_00195,UNSEEN_PAY_006494,payment,payment_failed,7501.28,limit_exceeded,independent,,2026-08-21 17:44:42.113071
CASE_000761,UNSEEN_CUST_00198,UNSEEN_INV_000198,invoice,invoice_overdue,12191.08,risk_decline,independent,,2026-03-07 20:09:43.433540
CASE_000762,UNSEEN_CUST_00198,UNSEEN_CHK_003202,checkout,checkout_abandoned,45841.36,,independent,,2026-07-28 22:49:43.237575
CASE_000763,UNSEEN_CUST_00199,UNSEEN_PAY_002981,payment,payment_failed,11279.04,temporary_bank_failure,independent,,2026-07-08 14:15:41.940990
CASE_000764,UNSEEN_CUST_00199,UNSEEN_CHK_002569,checkout,checkout_abandoned,11998.66,,independent,,2026-08-07 04:37:42.975549
CASE_000765,UNSEEN_CUST_00199,UNSEEN_CHK_001541,checkout,checkout_abandoned,19280.54,,independent,,2026-08-23 19:17:41.929989
CASE_000766,UNSEEN_CUST_00200,UNSEEN_PAY_004484,payment,payment_failed,10097.43,expired_instrument,independent,,2026-06-01 03:36:42.016071
CASE_000767,UNSEEN_CUST_00200,UNSEEN_CHK_002091,checkout,checkout_abandoned,19128.83,,independent,,2026-07-01 05:46:42.830458
CASE_000768,UNSEEN_CUST_00200,UNSEEN_INV_000200,invoice,invoice_overdue,18733.16,temporary_bank_failure,independent,,2026-08-04 20:09:43.434540
CASE_000769,UNSEEN_CUST_00201,UNSEEN_CHK_000354,checkout,checkout_abandoned,10012.49,,independent,,2026-08-20 02:53:42.399199
CASE_000770,UNSEEN_CUST_00202,UNSEEN_INV_000202,invoice,invoice_overdue,30348.03,insufficient_funds,independent,,2026-04-12 20:09:43.434540
CASE_000771,UNSEEN_CUST_00202,UNSEEN_SUB_000202,subscription,subscription_failed,22889.17,temporary_bank_failure,independent,,2026-07-12 20:09:42.178985
CASE_000772,UNSEEN_CUST_00202,UNSEEN_CHK_002471,checkout,checkout_abandoned,47477.88,,independent,,2026-07-14 04:01:42.944539
CASE_000773,UNSEEN_CUST_00204,UNSEEN_SUB_000204,subscription,subscription_failed,5491.14,temporary_bank_failure,independent,,2026-06-28 20:09:42.178985
CASE_000774,UNSEEN_CUST_00206,UNSEEN_PAY_001943,payment,payment_failed,18698.53,authentication_failed,independent,,2026-05-27 22:56:41.893985
CASE_000775,UNSEEN_CUST_00206,UNSEEN_CHK_000137,checkout,checkout_abandoned,62259.98,,independent,,2026-06-13 06:03:42.327928
CASE_000776,UNSEEN_CUST_00208,UNSEEN_SUB_000208,subscription,subscription_failed,3527.72,insufficient_funds,independent,,2026-04-12 20:09:42.178985
CASE_000777,UNSEEN_CUST_00208,UNSEEN_PAY_006233,payment,payment_failed,5543.72,blocked_instrument,independent,,2026-06-14 01:02:42.099066
CASE_000778,UNSEEN_CUST_00209,UNSEEN_PAY_002105,payment,payment_failed,31071.57,authentication_failed,independent,,2026-07-28 21:58:41.900985
CASE_000779,UNSEEN_CUST_00209,UNSEEN_CHK_000416,checkout,checkout_abandoned,2214.37,,independent,,2026-07-30 01:30:42.419199
CASE_000780,UNSEEN_CUST_00210,UNSEEN_INV_000210,invoice,invoice_overdue,5074.03,temporary_bank_failure,independent,,2026-04-29 20:09:43.435541
CASE_000781,UNSEEN_CUST_00210,UNSEEN_CHK_002329,checkout,checkout_abandoned,15867.62,,independent,,2026-07-02 01:38:42.892547
CASE_000782,UNSEEN_CUST_00210,UNSEEN_SUB_000210,subscription,subscription_failed,1654.26,insufficient_funds,independent,,2026-07-13 20:09:42.178985
CASE_000783,UNSEEN_CUST_00210,UNSEEN_CHK_002077,checkout,checkout_abandoned,16678.03,,independent,,2026-08-10 12:30:42.827458
CASE_000784,UNSEEN_CUST_00211,UNSEEN_CHK_003090,checkout,checkout_abandoned,21522.34,,independent,,2026-07-01 15:17:43.190547
CASE_000785,UNSEEN_CUST_00212,UNSEEN_CHK_002057,checkout,checkout_abandoned,6325.56,,independent,,2026-08-19 07:40:42.825458
CASE_000786,UNSEEN_CUST_00213,UNSEEN_PAY_004820,payment,payment_failed,12630.6,expired_instrument,independent,,2026-08-02 09:35:42.031066
CASE_000787,UNSEEN_CUST_00213,UNSEEN_PAY_004688,payment,payment_failed,4138.1,insufficient_funds,independent,,2026-08-08 15:15:42.025070
CASE_000788,UNSEEN_CUST_00216,UNSEEN_CHK_001412,checkout,checkout_abandoned,37226.99,,independent,,2026-07-10 08:30:42.694187
CASE_000789,UNSEEN_CUST_00217,UNSEEN_SUB_000217,subscription,subscription_failed,14466.99,risk_decline,independent,,2026-04-05 20:09:42.179985
CASE_000790,UNSEEN_CUST_00217,UNSEEN_INV_000217,invoice,invoice_overdue,31145.54,blocked_instrument,independent,,2026-05-27 20:09:43.436539
CASE_000791,UNSEEN_CUST_00217,UNSEEN_PAY_003729,payment,payment_failed,2397.35,insufficient_funds,independent,,2026-06-08 12:01:41.982986
CASE_000792,UNSEEN_CUST_00217,UNSEEN_PAY_004031,payment,payment_failed,25875.55,timeout,independent,,2026-06-21 02:44:41.996072
CASE_000793,UNSEEN_CUST_00218,UNSEEN_CHK_001199,checkout,checkout_abandoned,13199.29,,independent,,2026-06-10 05:13:42.643187
CASE_000794,UNSEEN_CUST_00219,UNSEEN_CHK_001214,checkout,checkout_abandoned,3962.96,,independent,,2026-06-15 00:37:42.016071
CASE_000795,UNSEEN_CUST_00220,UNSEEN_CHK_001299,checkout,checkout_abandoned,7056.53,,independent,,2026-07-02 13:31:42.674187
CASE_000796,UNSEEN_CUST_00221,UNSEEN_CHK_002517,checkout,checkout_abandoned,66560.79,,independent,,2026-07-16 03:38:42.960539
CASE_000797,UNSEEN_CUST_00222,UNSEEN_CHK_000206,checkout,checkout_abandoned,98065.97,,independent,,2026-08-14 18:33:42.347839
CASE_000798,UNSEEN_CUST_00223,UNSEEN_INV_000223,invoice,invoice_overdue,71176.9,unknown_failure,independent,,2026-05-19 20:09:43.437543
CASE_000799,UNSEEN_CUST_00223,UNSEEN_SUB_000223,subscription,subscription_failed,1700.74,authentication_failed,independent,,2026-08-01 20:09:42.179985
CASE_000800,UNSEEN_CUST_00224,UNSEEN_CHK_000093,checkout,checkout_abandoned,12905.76,,independent,,2026-07-08 17:02:42.314725
CASE_000801,UNSEEN_CUST_00226,UNSEEN_CHK_003051,checkout,checkout_abandoned,17462.1,,independent,,2026-07-17 07:55:42.004988
CASE_000802,UNSEEN_CUST_00227,UNSEEN_INV_000227,invoice,invoice_overdue,10528.51,temporary_bank_failure,independent,,2026-05-23 20:09:43.438540
CASE_000803,UNSEEN_CUST_00227,UNSEEN_SUB_000227,subscription,subscription_failed,4597.34,limit_exceeded,independent,,2026-06-05 20:09:42.179985
CASE_000804,UNSEEN_CUST_00228,UNSEEN_SUB_000228,subscription,subscription_failed,7873.21,insufficient_funds,independent,,2026-08-19 20:09:42.179985
CASE_000805,UNSEEN_CUST_00230,UNSEEN_PAY_001245,payment,payment_failed,20453.86,blocked_instrument,independent,,2026-07-26 14:45:41.863990
CASE_000806,UNSEEN_CUST_00230,UNSEEN_CHK_001145,checkout,checkout_abandoned,9404.32,,independent,,2026-08-08 08:50:42.627980
CASE_000807,UNSEEN_CUST_00232,UNSEEN_PAY_006221,payment,payment_failed,4965.88,insufficient_funds,independent,,2026-08-17 12:18:42.099066
CASE_000808,UNSEEN_CUST_00233,UNSEEN_INV_000233,invoice,invoice_overdue,73955.95,timeout,independent,,2026-03-23 20:09:43.439545
CASE_000809,UNSEEN_CUST_00234,UNSEEN_SUB_000234,subscription,subscription_failed,8638.81,blocked_instrument,independent,,2026-02-27 20:09:42.179985
CASE_000810,UNSEEN_CUST_00234,UNSEEN_INV_000234,invoice,invoice_overdue,47545.19,temporary_bank_failure,independent,,2026-04-25 20:09:43.440544
CASE_000811,UNSEEN_CUST_00236,UNSEEN_PAY_000533,payment,payment_failed,17254.08,insufficient_funds,independent,,2026-06-04 08:07:41.826478
CASE_000812,UNSEEN_CUST_00236,UNSEEN_CHK_001333,checkout,checkout_abandoned,22352.44,,independent,,2026-06-21 04:44:42.680187
CASE_000813,UNSEEN_CUST_00237,UNSEEN_SUB_000237,subscription,subscription_failed,13543.36,timeout,independent,,2026-06-04 20:09:42.179985
CASE_000814,UNSEEN_CUST_00238,UNSEEN_CHK_001188,checkout,checkout_abandoned,54314.48,,independent,,2026-08-03 17:25:42.641187
CASE_000815,UNSEEN_CUST_00239,UNSEEN_CHK_001035,checkout,checkout_abandoned,4581.73,,independent,,2026-06-23 03:18:41.898985
CASE_000816,UNSEEN_CUST_00244,UNSEEN_PAY_002935,payment,payment_failed,49031.27,insufficient_funds,independent,,2026-06-30 16:09:41.938990
CASE_000817,UNSEEN_CUST_00245,UNSEEN_INV_000245,invoice,invoice_overdue,54833.84,temporary_bank_failure,independent,,2026-06-28 20:09:43.441540
CASE_000818,UNSEEN_CUST_00245,UNSEEN_CHK_002776,checkout,checkout_abandoned,1771.81,,independent,,2026-07-24 00:56:43.083538
CASE_000819,UNSEEN_CUST_00246,UNSEEN_PAY_000357,payment,payment_failed,7281.66,insufficient_funds,independent,,2026-08-23 10:35:41.815991
CASE_000820,UNSEEN_CUST_00247,UNSEEN_SUB_000247,subscription,subscription_failed,19675.93,insufficient_funds,independent,,2026-03-08 20:09:42.180985
CASE_000821,UNSEEN_CUST_00247,UNSEEN_PAY_005155,payment,payment_failed,12808.49,timeout,independent,,2026-06-14 02:23:42.045075
CASE_000822,UNSEEN_CUST_00250,UNSEEN_CHK_002086,checkout,checkout_abandoned,46073.76,,independent,,2026-07-04 13:16:42.830458
CASE_000823,UNSEEN_CUST_00250,UNSEEN_CHK_001173,checkout,checkout_abandoned,16827.85,,independent,,2026-07-24 23:44:42.637898
CASE_000824,UNSEEN_CUST_00251,UNSEEN_PAY_001187,payment,payment_failed,38328.42,insufficient_funds,independent,,2026-07-03 18:26:41.860992
CASE_000825,UNSEEN_CUST_00252,UNSEEN_PAY_000733,payment,payment_failed,49670.45,temporary_bank_failure,independent,,2026-06-17 22:38:41.837480
CASE_000826,UNSEEN_CUST_00254,UNSEEN_INV_000254,invoice,invoice_overdue,56094.31,unknown_failure,independent,,2026-04-26 20:09:43.441540
CASE_000827,UNSEEN_CUST_00254,UNSEEN_CHK_003153,checkout,checkout_abandoned,19509.95,,independent,,2026-08-04 21:35:43.216540
CASE_000828,UNSEEN_CUST_00254,UNSEEN_PAY_005903,payment,payment_failed,15158.8,temporary_bank_failure,independent,,2026-08-14 17:45:42.081065
CASE_000829,UNSEEN_CUST_00254,UNSEEN_CHK_003163,checkout,checkout_abandoned,42899.59,,independent,,2026-08-18 15:12:43.220536
CASE_000830,UNSEEN_CUST_00257,UNSEEN_CHK_001729,checkout,checkout_abandoned,15700.87,,independent,,2026-05-29 00:44:42.753814
CASE_000831,UNSEEN_CUST_00257,UNSEEN_SUB_000257,subscription,subscription_failed,3542.46,insufficient_funds,independent,,2026-06-01 20:09:42.180985
CASE_000832,UNSEEN_CUST_00258,UNSEEN_SUB_000258,subscription,subscription_failed,11214.59,limit_exceeded,independent,,2026-04-29 20:09:42.180985
CASE_000833,UNSEEN_CUST_00258,UNSEEN_CHK_003109,checkout,checkout_abandoned,9715.99,,independent,,2026-07-09 17:55:43.197539
CASE_000834,UNSEEN_CUST_00258,UNSEEN_INV_000258,invoice,invoice_overdue,67548.52,timeout,independent,,2026-08-12 20:09:43.441540
CASE_000835,UNSEEN_CUST_00259,UNSEEN_CHK_001085,checkout,checkout_abandoned,2890.73,,independent,,2026-06-28 07:23:42.614985
CASE_000836,UNSEEN_CUST_00260,UNSEEN_INV_000260,invoice,invoice_overdue,36351.3,temporary_bank_failure,independent,,2026-04-01 20:09:43.441540
CASE_000837,UNSEEN_CUST_00260,UNSEEN_SUB_000260,subscription,subscription_failed,5899.51,temporary_bank_failure,independent,,2026-06-04 20:09:42.180985
CASE_000838,UNSEEN_CUST_00260,UNSEEN_PAY_005911,payment,payment_failed,28898.08,unknown_failure,independent,,2026-07-30 14:57:42.081065
CASE_000839,UNSEEN_CUST_00261,UNSEEN_INV_000261,invoice,invoice_overdue,24953.57,temporary_bank_failure,independent,,2026-05-31 20:09:43.442538
CASE_000840,UNSEEN_CUST_00262,UNSEEN_CHK_001152,checkout,checkout_abandoned,39536.22,,independent,,2026-06-03 09:37:42.630978
CASE_000841,UNSEEN_CUST_00262,UNSEEN_INV_000262,invoice,invoice_overdue,48118.8,insufficient_funds,independent,,2026-07-20 20:09:43.442538
CASE_000842,UNSEEN_CUST_00263,UNSEEN_PAY_003018,payment,payment_failed,29175.71,limit_exceeded,independent,,2026-06-27 12:59:41.943990
CASE_000843,UNSEEN_CUST_00263,UNSEEN_CHK_002186,checkout,checkout_abandoned,19115.2,,independent,,2026-07-14 08:09:42.854458
CASE_000844,UNSEEN_CUST_00263,UNSEEN_PAY_004789,payment,payment_failed,29763.06,timeout,independent,,2026-07-27 17:37:42.030078
CASE_000845,UNSEEN_CUST_00263,UNSEEN_PAY_005286,payment,payment_failed,48048.11,unknown_failure,independent,,2026-08-14 07:56:42.051996
CASE_000846,UNSEEN_CUST_00264,UNSEEN_PAY_005159,payment,payment_failed,28102.49,expired_instrument,independent,,2026-08-17 17:28:42.046071
CASE_000847,UNSEEN_CUST_00265,UNSEEN_PAY_004625,payment,payment_failed,40349.99,insufficient_funds,independent,,2026-06-18 08:20:42.022987
CASE_000848,UNSEEN_CUST_00266,UNSEEN_CHK_001779,checkout,checkout_abandoned,38886.71,,independent,,2026-06-19 20:48:42.764814
CASE_000849,UNSEEN_CUST_00267,UNSEEN_PAY_002808,payment,payment_failed,28466.25,temporary_bank_failure,independent,,2026-06-16 07:03:41.932990
CASE_000850,UNSEEN_CUST_00268,UNSEEN_INV_000268,invoice,invoice_overdue,119938.7,insufficient_funds,independent,,2026-04-07 20:09:43.442538
CASE_000851,UNSEEN_CUST_00271,UNSEEN_PAY_005543,payment,payment_failed,40853.01,authentication_failed,independent,,2026-07-06 18:43:42.063071
CASE_000852,UNSEEN_CUST_00272,UNSEEN_CHK_001399,checkout,checkout_abandoned,4474.1,,independent,,2026-07-25 14:12:42.692187
CASE_000853,UNSEEN_CUST_00273,UNSEEN_INV_000273,invoice,invoice_overdue,31188.9,risk_decline,independent,,2026-03-28 20:09:43.442538
CASE_000854,UNSEEN_CUST_00273,UNSEEN_PAY_002773,payment,payment_failed,25723.27,insufficient_funds,independent,,2026-07-12 06:50:41.930990
CASE_000855,UNSEEN_CUST_00274,UNSEEN_PAY_005105,payment,payment_failed,15508.44,temporary_bank_failure,independent,,2026-07-10 12:12:42.043078
CASE_000856,UNSEEN_CUST_00274,UNSEEN_INV_000274,invoice,invoice_overdue,14528.47,insufficient_funds,independent,,2026-07-11 20:09:43.442538
CASE_000857,UNSEEN_CUST_00274,UNSEEN_CHK_000175,checkout,checkout_abandoned,8422.36,,independent,,2026-07-21 06:21:42.338836
CASE_000858,UNSEEN_CUST_00274,UNSEEN_PAY_006729,payment,payment_failed,19316.18,authentication_failed,independent,,2026-08-01 07:59:42.122986
CASE_000859,UNSEEN_CUST_00275,UNSEEN_CHK_001801,checkout,checkout_abandoned,23192.94,,independent,,2026-08-20 16:18:42.770814
CASE_000860,UNSEEN_CUST_00278,UNSEEN_CHK_003478,checkout,checkout_abandoned,19123.55,,independent,,2026-06-10 16:37:43.345541
CASE_000861,UNSEEN_CUST_00278,UNSEEN_PAY_006120,payment,payment_failed,31002.35,insufficient_funds,independent,,2026-08-21 12:31:42.093071
CASE_000862,UNSEEN_CUST_00280,UNSEEN_CHK_002149,checkout,checkout_abandoned,18288.78,,independent,,2026-07-27 19:55:42.845458
CASE_000863,UNSEEN_CUST_00280,UNSEEN_CHK_000220,checkout,checkout_abandoned,19834.58,,independent,,2026-08-24 13:28:42.349839
CASE_000864,UNSEEN_CUST_00281,UNSEEN_INV_000281,invoice,invoice_overdue,64673.79,timeout,independent,,2026-06-10 20:09:43.443488
CASE_000865,UNSEEN_CUST_00281,UNSEEN_SUB_000281,subscription,subscription_failed,7952.26,insufficient_funds,independent,,2026-07-29 20:09:42.181985
CASE_000866,UNSEEN_CUST_00282,UNSEEN_CHK_002742,checkout,checkout_abandoned,4696.61,,independent,,2026-08-01 11:54:43.067543
CASE_000867,UNSEEN_CUST_00282,UNSEEN_PAY_002526,payment,payment_failed,9296.32,insufficient_funds,independent,,2026-08-12 16:26:41.918985
CASE_000868,UNSEEN_CUST_00285,UNSEEN_INV_000285,invoice,invoice_overdue,60314.35,unknown_failure,independent,,2026-05-22 20:09:43.444549
CASE_000869,UNSEEN_CUST_00285,UNSEEN_PAY_005854,payment,payment_failed,39759.82,temporary_bank_failure,independent,,2026-08-06 05:28:42.078066
CASE_000870,UNSEEN_CUST_00286,UNSEEN_SUB_000286,subscription,subscription_failed,1900.94,insufficient_funds,independent,,2026-06-19 20:09:42.181985
CASE_000871,UNSEEN_CUST_00286,UNSEEN_CHK_001938,checkout,checkout_abandoned,39530.63,,independent,,2026-08-11 22:21:42.799458
CASE_000872,UNSEEN_CUST_00287,UNSEEN_CHK_003423,checkout,checkout_abandoned,21792.62,,independent,,2026-06-09 10:07:43.318540
CASE_000873,UNSEEN_CUST_00287,UNSEEN_CHK_003232,checkout,checkout_abandoned,21508.47,,independent,,2026-07-25 09:30:43.248542
CASE_000874,UNSEEN_CUST_00287,UNSEEN_CHK_001728,checkout,checkout_abandoned,37933.0,,independent,,2026-08-02 13:59:42.753814
CASE_000875,UNSEEN_CUST_00288,UNSEEN_CHK_001286,checkout,checkout_abandoned,29713.98,,independent,,2026-06-22 04:42:42.671187
CASE_000876,UNSEEN_CUST_00288,UNSEEN_CHK_002026,checkout,checkout_abandoned,72415.38,,independent,,2026-07-09 02:00:42.817458
CASE_000877,UNSEEN_CUST_00289,UNSEEN_CHK_000067,checkout,checkout_abandoned,4292.85,,independent,,2026-06-21 22:10:42.008077
CASE_000878,UNSEEN_CUST_00289,UNSEEN_PAY_004397,payment,payment_failed,13599.21,insufficient_funds,independent,,2026-07-09 03:42:42.012074
CASE_000879,UNSEEN_CUST_00290,UNSEEN_PAY_004444,payment,payment_failed,18179.93,risk_decline,independent,,2026-06-21 23:37:42.014079
CASE_000880,UNSEEN_CUST_00291,UNSEEN_SUB_000291,subscription,subscription_failed,6784.88,limit_exceeded,independent,,2026-04-11 20:09:42.182985
CASE_000881,UNSEEN_CUST_00291,UNSEEN_CHK_000271,checkout,checkout_abandoned,24898.75,,independent,,2026-08-03 22:41:42.365052
CASE_000882,UNSEEN_CUST_00291,UNSEEN_PAY_003568,payment,payment_failed,35542.39,insufficient_funds,independent,,2026-08-04 04:20:41.975073
CASE_000883,UNSEEN_CUST_00291,UNSEEN_PAY_004524,payment,payment_failed,23473.16,limit_exceeded,independent,,2026-08-18 09:33:42.018069
CASE_000884,UNSEEN_CUST_00292,UNSEEN_CHK_000392,checkout,checkout_abandoned,31444.06,,independent,,2026-06-06 09:48:42.413199
CASE_000885,UNSEEN_CUST_00292,UNSEEN_CHK_000300,checkout,checkout_abandoned,45834.43,,independent,,2026-07-27 08:29:42.379050
CASE_000886,UNSEEN_CUST_00292,UNSEEN_SUB_000292,subscription,subscription_failed,5309.84,insufficient_funds,independent,,2026-08-20 20:09:42.182985
CASE_000887,UNSEEN_CUST_00298,UNSEEN_INV_000298,invoice,invoice_overdue,18876.67,insufficient_funds,independent,,2026-04-16 20:09:43.446539
CASE_000888,UNSEEN_CUST_00298,UNSEEN_PAY_005129,payment,payment_failed,34840.25,insufficient_funds,independent,,2026-06-30 12:27:42.044069
CASE_000889,UNSEEN_CUST_00301,UNSEEN_CHK_000055,checkout,checkout_abandoned,42530.53,,independent,,2026-06-04 09:31:42.303724
CASE_000890,UNSEEN_CUST_00301,UNSEEN_SUB_000301,subscription,subscription_failed,1280.65,insufficient_funds,independent,,2026-08-26 20:09:42.182985
CASE_000891,UNSEEN_CUST_00303,UNSEEN_CHK_000165,checkout,checkout_abandoned,44714.01,,independent,,2026-06-20 18:30:42.336836
CASE_000892,UNSEEN_CUST_00303,UNSEEN_CHK_001615,checkout,checkout_abandoned,11946.34,,independent,,2026-08-19 06:17:42.734814
CASE_000893,UNSEEN_CUST_00304,UNSEEN_SUB_000304,subscription,subscription_failed,13353.78,unknown_failure,independent,,2026-04-25 20:09:42.182985
CASE_000894,UNSEEN_CUST_00304,UNSEEN_INV_000304,invoice,invoice_overdue,66760.67,timeout,independent,,2026-04-28 20:09:43.447553
CASE_000895,UNSEEN_CUST_00304,UNSEEN_PAY_003584,payment,payment_failed,24505.79,temporary_bank_failure,independent,,2026-05-29 23:59:41.975073
CASE_000896,UNSEEN_CUST_00306,UNSEEN_PAY_006485,payment,payment_failed,5993.45,expired_instrument,independent,,2026-08-09 16:30:42.112079
CASE_000897,UNSEEN_CUST_00306,UNSEEN_PAY_002077,payment,payment_failed,14615.59,insufficient_funds,independent,,2026-08-16 07:45:41.899985
CASE_000898,UNSEEN_CUST_00308,UNSEEN_CHK_000981,checkout,checkout_abandoned,45939.52,,independent,,2026-07-10 13:31:42.581900
CASE_000899,UNSEEN_CUST_00309,UNSEEN_CHK_001192,checkout,checkout_abandoned,4239.05,,independent,,2026-08-11 14:18:42.641187
CASE_000900,UNSEEN_CUST_00309,UNSEEN_SUB_000309,subscription,subscription_failed,7163.21,limit_exceeded,independent,,2026-08-26 20:09:42.182985
CASE_000901,UNSEEN_CUST_00310,UNSEEN_PAY_003364,payment,payment_failed,42216.57,authentication_failed,independent,,2026-07-04 16:14:41.962990
CASE_000902,UNSEEN_CUST_00312,UNSEEN_INV_000312,invoice,invoice_overdue,20776.32,temporary_bank_failure,independent,,2026-08-12 20:09:43.448549
CASE_000903,UNSEEN_CUST_00313,UNSEEN_CHK_001496,checkout,checkout_abandoned,23580.93,,independent,,2026-07-13 03:02:42.707187
CASE_000904,UNSEEN_CUST_00317,UNSEEN_CHK_002661,checkout,checkout_abandoned,6100.11,,independent,,2026-07-31 16:30:43.031540
CASE_000905,UNSEEN_CUST_00317,UNSEEN_PAY_005629,payment,payment_failed,28942.15,temporary_bank_failure,independent,,2026-08-09 09:43:42.067066
CASE_000906,UNSEEN_CUST_00318,UNSEEN_INV_000318,invoice,invoice_overdue,149287.02,temporary_bank_failure,independent,,2026-06-18 20:09:43.449549
CASE_000907,UNSEEN_CUST_00318,UNSEEN_CHK_003126,checkout,checkout_abandoned,57119.98,,independent,,2026-08-20 02:31:43.203540
CASE_000908,UNSEEN_CUST_00319,UNSEEN_INV_000319,invoice,invoice_overdue,54818.15,expired_instrument,independent,,2026-03-21 20:09:43.449549
CASE_000909,UNSEEN_CUST_00320,UNSEEN_SUB_000320,subscription,subscription_failed,12347.54,authentication_failed,independent,,2026-04-03 20:09:42.183985
CASE_000910,UNSEEN_CUST_00320,UNSEEN_CHK_002181,checkout,checkout_abandoned,61262.44,,independent,,2026-06-13 18:04:42.853458
CASE_000911,UNSEEN_CUST_00321,UNSEEN_CHK_002178,checkout,checkout_abandoned,32288.66,,independent,,2026-06-02 02:54:42.853458
CASE_000912,UNSEEN_CUST_00321,UNSEEN_CHK_002637,checkout,checkout_abandoned,39530.99,,independent,,2026-07-03 05:07:43.012537
CASE_000913,UNSEEN_CUST_00323,UNSEEN_INV_000323,invoice,invoice_overdue,47798.74,risk_decline,independent,,2026-04-29 20:09:43.450549
CASE_000914,UNSEEN_CUST_00323,UNSEEN_CHK_000820,checkout,checkout_abandoned,49606.63,,independent,,2026-05-28 21:30:42.538903
CASE_000915,UNSEEN_CUST_00324,UNSEEN_CHK_000531,checkout,checkout_abandoned,42009.9,,independent,,2026-08-12 07:07:42.457558
CASE_000916,UNSEEN_CUST_00324,UNSEEN_PAY_004428,payment,payment_failed,17870.28,blocked_instrument,independent,,2026-08-18 17:57:42.014079
CASE_000917,UNSEEN_CUST_00324,UNSEEN_CHK_001083,checkout,checkout_abandoned,12931.0,,independent,,2026-08-24 18:22:42.613986
CASE_000918,UNSEEN_CUST_00325,UNSEEN_SUB_000325,subscription,subscription_failed,5471.19,timeout,independent,,2026-08-05 20:09:42.183985
CASE_000919,UNSEEN_CUST_00326,UNSEEN_INV_000326,invoice,invoice_overdue,60520.52,temporary_bank_failure,independent,,2026-03-03 20:09:43.450549
CASE_000920,UNSEEN_CUST_00326,UNSEEN_SUB_000326,subscription,subscription_failed,5824.59,risk_decline,independent,,2026-03-24 20:09:42.183985
CASE_000921,UNSEEN_CUST_00326,UNSEEN_PAY_002750,payment,payment_failed,20737.17,temporary_bank_failure,independent,,2026-07-04 21:53:41.929989
CASE_000922,UNSEEN_CUST_00328,UNSEEN_PAY_004931,payment,payment_failed,29135.77,expired_instrument,independent,,2026-07-02 17:13:42.036080
CASE_000923,UNSEEN_CUST_00330,UNSEEN_PAY_002354,payment,payment_failed,26893.77,temporary_bank_failure,independent,,2026-06-27 14:02:41.911985
CASE_000924,UNSEEN_CUST_00330,UNSEEN_CHK_003488,checkout,checkout_abandoned,16949.3,,independent,,2026-07-13 02:14:43.348540
CASE_000925,UNSEEN_CUST_00330,UNSEEN_PAY_000426,payment,payment_failed,41945.79,unknown_failure,independent,,2026-07-27 22:20:41.818991
CASE_000926,UNSEEN_CUST_00330,UNSEEN_CHK_000517,checkout,checkout_abandoned,4972.59,,independent,,2026-08-12 12:42:42.452556
CASE_000927,UNSEEN_CUST_00333,UNSEEN_SUB_000333,subscription,subscription_failed,4228.7,risk_decline,independent,,2026-03-26 20:09:42.183985
CASE_000928,UNSEEN_CUST_00333,UNSEEN_INV_000333,invoice,invoice_overdue,7792.94,insufficient_funds,independent,,2026-06-09 20:09:43.452550
CASE_000929,UNSEEN_CUST_00333,UNSEEN_PAY_005760,payment,payment_failed,41850.55,authentication_failed,independent,,2026-07-18 17:07:42.072990
CASE_000930,UNSEEN_CUST_00334,UNSEEN_CHK_001560,checkout,checkout_abandoned,9583.7,,independent,,2026-08-25 07:28:42.723814
CASE_000931,UNSEEN_CUST_00335,UNSEEN_SUB_000335,subscription,subscription_failed,11621.04,temporary_bank_failure,independent,,2026-04-26 20:09:42.183985
CASE_000932,UNSEEN_CUST_00335,UNSEEN_CHK_002519,checkout,checkout_abandoned,42342.86,,independent,,2026-08-16 11:31:42.960539
CASE_000933,UNSEEN_CUST_00337,UNSEEN_PAY_000350,payment,payment_failed,27018.5,timeout,independent,,2026-07-01 01:00:41.814992
CASE_000934,UNSEEN_CUST_00340,UNSEEN_CHK_000241,checkout,checkout_abandoned,45437.53,,independent,,2026-06-03 17:38:41.895985
CASE_000935,UNSEEN_CUST_00342,UNSEEN_CHK_001535,checkout,checkout_abandoned,7799.83,,independent,,2026-06-09 15:04:42.718810
CASE_000936,UNSEEN_CUST_00342,UNSEEN_PAY_000383,payment,payment_failed,11567.79,authentication_failed,independent,,2026-06-20 07:39:41.816991
CASE_000937,UNSEEN_CUST_00342,UNSEEN_CHK_001819,checkout,checkout_abandoned,18077.85,,independent,,2026-06-23 01:35:42.774814
CASE_000938,UNSEEN_CUST_00342,UNSEEN_PAY_005166,payment,payment_failed,521.72,temporary_bank_failure,independent,,2026-08-08 12:47:42.046071
CASE_000939,UNSEEN_CUST_00342,UNSEEN_PAY_004591,payment,payment_failed,2851.8,limit_exceeded,independent,,2026-08-22 18:24:42.021069
CASE_000940,UNSEEN_CUST_00343,UNSEEN_CHK_000562,checkout,checkout_abandoned,43708.14,,independent,,2026-07-19 06:35:42.466556
CASE_000941,UNSEEN_CUST_00344,UNSEEN_PAY_002476,payment,payment_failed,47491.31,timeout,independent,,2026-08-10 06:30:41.916985
CASE_000942,UNSEEN_CUST_00345,UNSEEN_INV_000345,invoice,invoice_overdue,24768.6,insufficient_funds,independent,,2026-03-01 20:09:43.453543
CASE_000943,UNSEEN_CUST_00345,UNSEEN_CHK_001694,checkout,checkout_abandoned,24510.48,,independent,,2026-07-19 06:58:42.748814
CASE_000944,UNSEEN_CUST_00346,UNSEEN_SUB_000346,subscription,subscription_failed,9168.14,insufficient_funds,independent,,2026-05-05 20:09:42.184985
CASE_000945,UNSEEN_CUST_00346,UNSEEN_PAY_001694,payment,payment_failed,43466.16,temporary_bank_failure,independent,,2026-07-23 11:16:41.883985
CASE_000946,UNSEEN_CUST_00347,UNSEEN_PAY_006879,payment,payment_failed,19397.37,risk_decline,independent,,2026-06-03 11:16:42.129078
CASE_000947,UNSEEN_CUST_00348,UNSEEN_INV_000348,invoice,invoice_overdue,53066.23,blocked_instrument,independent,,2026-05-03 20:09:43.454541
CASE_000948,UNSEEN_CUST_00348,UNSEEN_PAY_006694,payment,payment_failed,93972.97,temporary_bank_failure,independent,,2026-07-05 22:38:42.121071
CASE_000949,UNSEEN_CUST_00349,UNSEEN_PAY_006522,payment,payment_failed,29494.84,insufficient_funds,independent,,2026-06-04 18:50:42.114077
CASE_000950,UNSEEN_CUST_00349,UNSEEN_CHK_000582,checkout,checkout_abandoned,26099.54,,independent,,2026-07-05 21:18:42.470557
CASE_000951,UNSEEN_CUST_00351,UNSEEN_CHK_000007,checkout,checkout_abandoned,29933.8,,independent,,2026-06-16 10:43:42.282727
CASE_000952,UNSEEN_CUST_00351,UNSEEN_CHK_002501,checkout,checkout_abandoned,13699.15,,independent,,2026-07-06 18:50:42.957551
CASE_000953,UNSEEN_CUST_00353,UNSEEN_CHK_003393,checkout,checkout_abandoned,35600.5,,independent,,2026-05-31 17:18:43.311543
CASE_000954,UNSEEN_CUST_00353,UNSEEN_INV_000353,invoice,invoice_overdue,49105.82,temporary_bank_failure,independent,,2026-06-03 20:09:43.455544
CASE_000955,UNSEEN_CUST_00353,UNSEEN_CHK_003485,checkout,checkout_abandoned,35058.11,,independent,,2026-07-13 04:41:43.348540
CASE_000956,UNSEEN_CUST_00353,UNSEEN_PAY_002262,payment,payment_failed,11373.33,authentication_failed,independent,,2026-08-19 19:41:41.907985
CASE_000957,UNSEEN_CUST_00354,UNSEEN_SUB_000354,subscription,subscription_failed,9183.03,timeout,independent,,2026-03-18 20:09:42.184985
CASE_000958,UNSEEN_CUST_00354,UNSEEN_PAY_006536,payment,payment_failed,13939.78,insufficient_funds,independent,,2026-08-16 15:21:42.115072
CASE_000959,UNSEEN_CUST_00355,UNSEEN_PAY_002167,payment,payment_failed,10191.79,insufficient_funds,independent,,2026-06-25 05:38:41.903985
CASE_000960,UNSEEN_CUST_00355,UNSEEN_PAY_004292,payment,payment_failed,5058.3,insufficient_funds,independent,,2026-08-24 08:06:42.008077
CASE_000961,UNSEEN_CUST_00356,UNSEEN_CHK_000322,checkout,checkout_abandoned,20624.34,,independent,,2026-08-02 23:41:42.388050
CASE_000962,UNSEEN_CUST_00357,UNSEEN_SUB_000357,subscription,subscription_failed,10538.93,authentication_failed,independent,,2026-06-14 20:09:42.184985
CASE_000963,UNSEEN_CUST_00359,UNSEEN_PAY_006012,payment,payment_failed,17276.02,timeout,independent,,2026-06-25 09:49:42.086072
CASE_000964,UNSEEN_CUST_00361,UNSEEN_CHK_001488,checkout,checkout_abandoned,11427.77,,independent,,2026-06-06 02:26:42.707187
CASE_000965,UNSEEN_CUST_00361,UNSEEN_PAY_000561,payment,payment_failed,1303.27,risk_decline,independent,,2026-07-31 01:48:41.828478
CASE_000966,UNSEEN_CUST_00362,UNSEEN_INV_000362,invoice,invoice_overdue,69253.09,insufficient_funds,independent,,2026-03-26 20:09:43.457548
CASE_000967,UNSEEN_CUST_00362,UNSEEN_CHK_002157,checkout,checkout_abandoned,6067.39,,independent,,2026-06-14 15:35:42.847458
CASE_000968,UNSEEN_CUST_00364,UNSEEN_PAY_004371,payment,payment_failed,4144.23,timeout,independent,,2026-06-10 21:33:42.010987
CASE_000969,UNSEEN_CUST_00365,UNSEEN_CHK_002779,checkout,checkout_abandoned,27042.52,,independent,,2026-06-10 22:51:43.084539
CASE_000970,UNSEEN_CUST_00367,UNSEEN_PAY_003873,payment,payment_failed,83765.18,expired_instrument,independent,,2026-06-06 03:00:41.989077
CASE_000971,UNSEEN_CUST_00367,UNSEEN_CHK_002354,checkout,checkout_abandoned,34409.05,,independent,,2026-07-09 03:44:42.898543
CASE_000972,UNSEEN_CUST_00369,UNSEEN_CHK_001664,checkout,checkout_abandoned,36437.06,,independent,,2026-08-02 18:06:42.744814
CASE_000973,UNSEEN_CUST_00370,UNSEEN_PAY_002482,payment,payment_failed,8012.35,expired_instrument,independent,,2026-08-01 18:48:41.916985
CASE_000974,UNSEEN_CUST_00371,UNSEEN_PAY_000116,payment,payment_failed,28125.62,blocked_instrument,independent,,2026-05-30 09:33:41.801579
CASE_000975,UNSEEN_CUST_00373,UNSEEN_PAY_005388,payment,payment_failed,25811.67,limit_exceeded,independent,,2026-06-23 18:59:42.056078
CASE_000976,UNSEEN_CUST_00373,UNSEEN_INV_000373,invoice,invoice_overdue,31334.19,insufficient_funds,independent,,2026-07-20 20:09:43.459550
CASE_000977,UNSEEN_CUST_00376,UNSEEN_PAY_000054,payment,payment_failed,6884.88,limit_exceeded,independent,,2026-06-13 23:27:41.798581
CASE_000978,UNSEEN_CUST_00376,UNSEEN_PAY_004358,payment,payment_failed,25188.87,temporary_bank_failure,independent,,2026-08-01 01:00:42.010987
CASE_000979,UNSEEN_CUST_00377,UNSEEN_PAY_004345,payment,payment_failed,33354.88,expired_instrument,independent,,2026-06-18 02:10:42.009986
CASE_000980,UNSEEN_CUST_00379,UNSEEN_PAY_005978,payment,payment_failed,7395.89,unknown_failure,independent,,2026-06-26 06:42:42.084067
CASE_000981,UNSEEN_CUST_00379,UNSEEN_PAY_003375,payment,payment_failed,6791.45,blocked_instrument,independent,,2026-07-24 18:24:41.963990
CASE_000982,UNSEEN_CUST_00382,UNSEEN_INV_000382,invoice,invoice_overdue,54783.46,unknown_failure,independent,,2026-04-20 20:09:43.460551
CASE_000983,UNSEEN_CUST_00382,UNSEEN_CHK_000763,checkout,checkout_abandoned,15829.55,,independent,,2026-08-04 21:22:42.520902
CASE_000984,UNSEEN_CUST_00384,UNSEEN_SUB_000384,subscription,subscription_failed,7707.6,limit_exceeded,independent,,2026-03-14 20:09:42.185985
CASE_000985,UNSEEN_CUST_00384,UNSEEN_CHK_002833,checkout,checkout_abandoned,12190.75,,independent,,2026-07-17 06:12:43.096544
CASE_000986,UNSEEN_CUST_00384,UNSEEN_INV_000384,invoice,invoice_overdue,46086.28,insufficient_funds,independent,,2026-07-25 20:09:43.460551
CASE_000987,UNSEEN_CUST_00385,UNSEEN_SUB_000385,subscription,subscription_failed,16175.69,insufficient_funds,independent,,2026-07-10 20:09:42.185985
CASE_000988,UNSEEN_CUST_00386,UNSEEN_PAY_005741,payment,payment_failed,77689.54,temporary_bank_failure,independent,,2026-06-17 19:52:42.072070
CASE_000989,UNSEEN_CUST_00386,UNSEEN_INV_000386,invoice,invoice_overdue,54813.84,insufficient_funds,independent,,2026-08-15 20:09:43.461552
CASE_000990,UNSEEN_CUST_00387,UNSEEN_INV_000387,invoice,invoice_overdue,45620.7,temporary_bank_failure,independent,,2026-06-01 20:09:43.461552
CASE_000991,UNSEEN_CUST_00387,UNSEEN_CHK_000190,checkout,checkout_abandoned,66009.28,,independent,,2026-08-21 19:51:42.343836
CASE_000992,UNSEEN_CUST_00390,UNSEEN_SUB_000390,subscription,subscription_failed,5698.79,insufficient_funds,independent,,2026-05-06 20:09:42.185985
CASE_000993,UNSEEN_CUST_00390,UNSEEN_PAY_004803,payment,payment_failed,36515.69,limit_exceeded,independent,,2026-05-28 17:59:42.030078
CASE_000994,UNSEEN_CUST_00390,UNSEEN_CHK_002677,checkout,checkout_abandoned,36756.81,,independent,,2026-08-06 04:15:41.851478
CASE_000995,UNSEEN_CUST_00392,UNSEEN_PAY_002826,payment,payment_failed,11357.6,limit_exceeded,independent,,2026-07-21 15:57:41.932990
CASE_000996,UNSEEN_CUST_00396,UNSEEN_PAY_000676,payment,payment_failed,83111.79,insufficient_funds,independent,,2026-06-06 00:22:41.834479
CASE_000997,UNSEEN_CUST_00397,UNSEEN_CHK_002513,checkout,checkout_abandoned,41934.82,,independent,,2026-06-19 00:49:42.959537
CASE_000998,UNSEEN_CUST_00397,UNSEEN_SUB_000397,subscription,subscription_failed,9843.5,expired_instrument,independent,,2026-07-13 20:09:42.186985
CASE_000999,UNSEEN_CUST_00397,UNSEEN_INV_000397,invoice,invoice_overdue,27382.85,temporary_bank_failure,independent,,2026-08-08 20:09:43.462549
CASE_001000,UNSEEN_CUST_00398,UNSEEN_PAY_005754,payment,payment_failed,25186.94,timeout,independent,,2026-05-29 01:23:42.072070
CASE_001001,UNSEEN_CUST_00399,UNSEEN_SUB_000399,subscription,subscription_failed,10056.97,authentication_failed,independent,,2026-03-31 20:09:42.186985
CASE_001002,UNSEEN_CUST_00402,UNSEEN_CHK_002823,checkout,checkout_abandoned,34494.43,,independent,,2026-06-07 07:05:43.092544
CASE_001003,UNSEEN_CUST_00402,UNSEEN_CHK_000733,checkout,checkout_abandoned,16482.78,,independent,,2026-06-11 03:54:42.512902
CASE_001004,UNSEEN_CUST_00403,UNSEEN_CHK_001789,checkout,checkout_abandoned,10648.44,,independent,,2026-07-21 02:31:42.766814
CASE_001005,UNSEEN_CUST_00405,UNSEEN_PAY_002143,payment,payment_failed,60432.62,timeout,independent,,2026-06-24 08:13:41.902985
CASE_001006,UNSEEN_CUST_00405,UNSEEN_INV_000405,invoice,invoice_overdue,119467.91,insufficient_funds,independent,,2026-08-18 20:09:43.464539
CASE_001007,UNSEEN_CUST_00406,UNSEEN_CHK_003209,checkout,checkout_abandoned,12808.09,,independent,,2026-05-29 18:37:43.240538
CASE_001008,UNSEEN_CUST_00406,UNSEEN_CHK_001781,checkout,checkout_abandoned,46758.21,,independent,,2026-06-22 07:46:42.764814
CASE_001009,UNSEEN_CUST_00406,UNSEEN_PAY_001418,payment,payment_failed,2649.04,insufficient_funds,independent,,2026-08-19 09:32:41.870990
CASE_001010,UNSEEN_CUST_00408,UNSEEN_SUB_000408,subscription,subscription_failed,15167.32,authentication_failed,independent,,2026-05-09 20:09:42.186985
CASE_001011,UNSEEN_CUST_00409,UNSEEN_INV_000409,invoice,invoice_overdue,33314.68,unknown_failure,independent,,2026-08-11 20:09:43.464539
CASE_001012,UNSEEN_CUST_00412,UNSEEN_SUB_000412,subscription,subscription_failed,5339.25,expired_instrument,independent,,2026-06-12 20:09:42.186985
CASE_001013,UNSEEN_CUST_00412,UNSEEN_PAY_001437,payment,payment_failed,35953.47,insufficient_funds,independent,,2026-08-03 18:23:41.871990
CASE_001014,UNSEEN_CUST_00413,UNSEEN_CHK_000818,checkout,checkout_abandoned,44698.58,,independent,,2026-07-02 09:19:41.853480
CASE_001015,UNSEEN_CUST_00413,UNSEEN_PAY_006392,payment,payment_failed,9836.07,temporary_bank_failure,independent,,2026-07-21 09:18:42.108068
CASE_001016,UNSEEN_CUST_00416,UNSEEN_CHK_003026,checkout,checkout_abandoned,63693.22,,independent,,2026-07-28 02:54:43.151538
CASE_001017,UNSEEN_CUST_00417,UNSEEN_PAY_004557,payment,payment_failed,18312.41,unknown_failure,independent,,2026-08-07 09:34:42.020071
CASE_001018,UNSEEN_CUST_00417,UNSEEN_PAY_004201,payment,payment_failed,8770.95,insufficient_funds,independent,,2026-08-23 03:17:42.003073
CASE_001019,UNSEEN_CUST_00418,UNSEEN_INV_000418,invoice,invoice_overdue,47052.3,temporary_bank_failure,independent,,2026-03-12 20:09:43.466541
CASE_001020,UNSEEN_CUST_00418,UNSEEN_SUB_000418,subscription,subscription_failed,1393.89,limit_exceeded,independent,,2026-04-10 20:09:42.187986
CASE_001021,UNSEEN_CUST_00418,UNSEEN_CHK_001116,checkout,checkout_abandoned,43922.91,,independent,,2026-06-16 05:48:42.621945
CASE_001022,UNSEEN_CUST_00419,UNSEEN_INV_000419,invoice,invoice_overdue,59575.83,timeout,independent,,2026-06-11 20:09:43.466541
CASE_001023,UNSEEN_CUST_00420,UNSEEN_CHK_000795,checkout,checkout_abandoned,18135.1,,independent,,2026-05-29 19:13:42.529902
CASE_001024,UNSEEN_CUST_00420,UNSEEN_INV_000420,invoice,invoice_overdue,62154.86,expired_instrument,independent,,2026-06-02 20:09:43.466541
CASE_001025,UNSEEN_CUST_00422,UNSEEN_CHK_001158,checkout,checkout_abandoned,22480.14,,independent,,2026-06-06 03:34:42.632988
CASE_001026,UNSEEN_CUST_00422,UNSEEN_CHK_003312,checkout,checkout_abandoned,58371.87,,independent,,2026-08-22 15:01:43.278536
CASE_001027,UNSEEN_CUST_00424,UNSEEN_INV_000424,invoice,invoice_overdue,30042.91,expired_instrument,independent,,2026-03-25 20:09:43.467540
CASE_001028,UNSEEN_CUST_00424,UNSEEN_PAY_006114,payment,payment_failed,23898.73,timeout,independent,,2026-07-06 01:58:42.092071
CASE_001029,UNSEEN_CUST_00424,UNSEEN_PAY_000679,payment,payment_failed,24073.51,risk_decline,independent,,2026-07-07 22:37:41.834479
CASE_001030,UNSEEN_CUST_00424,UNSEEN_SUB_000424,subscription,subscription_failed,13266.35,unknown_failure,independent,,2026-08-05 20:09:42.187986
CASE_001031,UNSEEN_CUST_00425,UNSEEN_INV_000425,invoice,invoice_overdue,3047.7,timeout,independent,,2026-06-07 20:09:43.467540
CASE_001032,UNSEEN_CUST_00425,UNSEEN_SUB_000425,subscription,subscription_failed,1374.29,blocked_instrument,independent,,2026-07-01 20:09:42.187986
CASE_001033,UNSEEN_CUST_00425,UNSEEN_PAY_005422,payment,payment_failed,17872.24,insufficient_funds,independent,,2026-08-07 05:25:42.058071
CASE_001034,UNSEEN_CUST_00426,UNSEEN_SUB_000426,subscription,subscription_failed,1852.14,insufficient_funds,independent,,2026-03-28 20:09:42.187986
CASE_001035,UNSEEN_CUST_00426,UNSEEN_PAY_002638,payment,payment_failed,15932.24,authentication_failed,independent,,2026-07-31 05:13:41.924991
CASE_001036,UNSEEN_CUST_00427,UNSEEN_SUB_000427,subscription,subscription_failed,3198.37,blocked_instrument,independent,,2026-04-19 20:09:42.187986
CASE_001037,UNSEEN_CUST_00428,UNSEEN_CHK_000018,checkout,checkout_abandoned,21998.86,,independent,,2026-06-30 20:25:42.288725
CASE_001038,UNSEEN_CUST_00428,UNSEEN_PAY_002655,payment,payment_failed,21615.24,insufficient_funds,independent,,2026-07-15 15:08:41.925990
CASE_001039,UNSEEN_CUST_00428,UNSEEN_CHK_002099,checkout,checkout_abandoned,46605.04,,independent,,2026-07-25 18:34:42.832458
CASE_001040,UNSEEN_CUST_00429,UNSEEN_SUB_000429,subscription,subscription_failed,13346.67,unknown_failure,independent,,2026-04-21 20:09:42.187986
CASE_001041,UNSEEN_CUST_00429,UNSEEN_CHK_002021,checkout,checkout_abandoned,35847.44,,independent,,2026-08-14 17:33:42.816458
CASE_001042,UNSEEN_CUST_00430,UNSEEN_CHK_002306,checkout,checkout_abandoned,94179.25,,independent,,2026-05-30 04:40:42.877545
CASE_001043,UNSEEN_CUST_00430,UNSEEN_PAY_001346,payment,payment_failed,72615.15,authentication_failed,independent,,2026-07-25 06:48:41.867990
CASE_001044,UNSEEN_CUST_00432,UNSEEN_CHK_001138,checkout,checkout_abandoned,7273.74,,independent,,2026-06-01 12:39:42.624984
CASE_001045,UNSEEN_CUST_00432,UNSEEN_CHK_002368,checkout,checkout_abandoned,73333.68,,independent,,2026-07-19 23:26:42.903543
CASE_001046,UNSEEN_CUST_00432,UNSEEN_CHK_000729,checkout,checkout_abandoned,49568.47,,independent,,2026-08-03 22:38:42.511898
CASE_001047,UNSEEN_CUST_00433,UNSEEN_PAY_002948,payment,payment_failed,25042.04,authentication_failed,independent,,2026-06-30 20:41:41.939987
CASE_001048,UNSEEN_CUST_00433,UNSEEN_INV_000433,invoice,invoice_overdue,54724.7,risk_decline,independent,,2026-07-22 20:09:43.468543
CASE_001049,UNSEEN_CUST_00433,UNSEEN_CHK_002793,checkout,checkout_abandoned,42648.33,,independent,,2026-08-10 23:21:43.086540
CASE_001050,UNSEEN_CUST_00433,UNSEEN_PAY_006865,payment,payment_failed,22144.92,insufficient_funds,independent,,2026-08-21 10:32:42.129078
CASE_001051,UNSEEN_CUST_00434,UNSEEN_PAY_000104,payment,payment_failed,49078.5,risk_decline,independent,,2026-06-16 04:31:41.801579
CASE_001052,UNSEEN_CUST_00436,UNSEEN_PAY_000868,payment,payment_failed,41403.17,temporary_bank_failure,independent,,2026-08-25 22:01:41.845481
CASE_001053,UNSEEN_CUST_00437,UNSEEN_SUB_000437,subscription,subscription_failed,6867.27,unknown_failure,independent,,2026-06-16 20:09:42.188985
CASE_001054,UNSEEN_CUST_00437,UNSEEN_CHK_002027,checkout,checkout_abandoned,11075.19,,independent,,2026-07-27 14:05:42.817458
CASE_001055,UNSEEN_CUST_00439,UNSEEN_CHK_000947,checkout,checkout_abandoned,21320.2,,independent,,2026-06-16 11:17:42.569978
CASE_001056,UNSEEN_CUST_00439,UNSEEN_SUB_000439,subscription,subscription_failed,6884.92,temporary_bank_failure,independent,,2026-07-20 20:09:42.188985
CASE_001057,UNSEEN_CUST_00440,UNSEEN_INV_000440,invoice,invoice_overdue,62424.56,limit_exceeded,independent,,2026-03-05 20:09:43.469542
CASE_001058,UNSEEN_CUST_00440,UNSEEN_CHK_000970,checkout,checkout_abandoned,28578.62,,independent,,2026-08-12 02:37:42.576900
CASE_001059,UNSEEN_CUST_00441,UNSEEN_CHK_000852,checkout,checkout_abandoned,14636.07,,independent,,2026-07-28 14:55:42.548984
CASE_001060,UNSEEN_CUST_00442,UNSEEN_CHK_000144,checkout,checkout_abandoned,1531.31,,independent,,2026-06-13 20:13:41.834479
CASE_001061,UNSEEN_CUST_00442,UNSEEN_PAY_006762,payment,payment_failed,23426.96,risk_decline,independent,,2026-07-31 13:42:42.124067
CASE_001062,UNSEEN_CUST_00442,UNSEEN_SUB_000442,subscription,subscription_failed,7168.28,unknown_failure,independent,,2026-08-20 20:09:42.188985
CASE_001063,UNSEEN_CUST_00443,UNSEEN_SUB_000443,subscription,subscription_failed,23028.07,limit_exceeded,independent,,2026-05-08 20:09:42.188985
CASE_001064,UNSEEN_CUST_00443,UNSEEN_PAY_005589,payment,payment_failed,53972.4,risk_decline,independent,,2026-07-14 08:49:42.064990
CASE_001065,UNSEEN_CUST_00444,UNSEEN_PAY_004392,payment,payment_failed,19296.56,insufficient_funds,independent,,2026-06-06 06:18:42.012074
CASE_001066,UNSEEN_CUST_00444,UNSEEN_PAY_002074,payment,payment_failed,49875.23,timeout,independent,,2026-08-02 11:19:41.899985
CASE_001067,UNSEEN_CUST_00445,UNSEEN_CHK_003397,checkout,checkout_abandoned,23359.96,,independent,,2026-07-04 08:56:43.312540
CASE_001068,UNSEEN_CUST_00445,UNSEEN_SUB_000445,subscription,subscription_failed,20225.43,risk_decline,independent,,2026-08-25 20:09:42.188985
CASE_001069,UNSEEN_CUST_00446,UNSEEN_PAY_005831,payment,payment_failed,36135.43,unknown_failure,independent,,2026-06-01 11:43:42.076991
CASE_001070,UNSEEN_CUST_00447,UNSEEN_CHK_000505,checkout,checkout_abandoned,38675.44,,independent,,2026-06-07 18:34:42.449634
CASE_001071,UNSEEN_CUST_00448,UNSEEN_SUB_000448,subscription,subscription_failed,8280.34,temporary_bank_failure,independent,,2026-02-28 20:09:42.188985
CASE_001072,UNSEEN_CUST_00448,UNSEEN_PAY_005793,payment,payment_failed,12965.91,insufficient_funds,independent,,2026-07-27 11:35:42.075065
CASE_001073,UNSEEN_CUST_00449,UNSEEN_PAY_001812,payment,payment_failed,19986.92,limit_exceeded,independent,,2026-08-21 20:04:41.888985
CASE_001074,UNSEEN_CUST_00450,UNSEEN_SUB_000450,subscription,subscription_failed,10927.32,insufficient_funds,independent,,2026-04-14 20:09:42.188985
CASE_001075,UNSEEN_CUST_00451,UNSEEN_PAY_001700,payment,payment_failed,48993.76,unknown_failure,independent,,2026-07-03 02:14:41.883985
CASE_001076,UNSEEN_CUST_00453,UNSEEN_CHK_000378,checkout,checkout_abandoned,9376.48,,independent,,2026-07-16 23:39:42.409200
CASE_001077,UNSEEN_CUST_00454,UNSEEN_INV_000454,invoice,invoice_overdue,13150.72,authentication_failed,independent,,2026-03-06 20:09:43.471542
CASE_001078,UNSEEN_CUST_00454,UNSEEN_PAY_000348,payment,payment_failed,33701.69,risk_decline,independent,,2026-07-26 05:24:41.814992
CASE_001079,UNSEEN_CUST_00454,UNSEEN_CHK_001312,checkout,checkout_abandoned,34383.8,,independent,,2026-08-22 01:20:42.676187
CASE_001080,UNSEEN_CUST_00455,UNSEEN_CHK_003412,checkout,checkout_abandoned,16671.68,,independent,,2026-08-18 03:24:43.316543
CASE_001081,UNSEEN_CUST_00455,UNSEEN_CHK_003405,checkout,checkout_abandoned,17360.4,,independent,,2026-08-21 21:20:43.314543
CASE_001082,UNSEEN_CUST_00455,UNSEEN_CHK_000432,checkout,checkout_abandoned,3011.89,,independent,,2026-08-24 06:21:41.921999
CASE_001083,UNSEEN_CUST_00457,UNSEEN_PAY_001209,payment,payment_failed,17664.98,limit_exceeded,independent,,2026-06-09 13:46:41.861991
CASE_001084,UNSEEN_CUST_00458,UNSEEN_CHK_001327,checkout,checkout_abandoned,10432.69,,independent,,2026-08-15 20:51:42.678187
CASE_001085,UNSEEN_CUST_00458,UNSEEN_SUB_000458,subscription,subscription_failed,8695.62,temporary_bank_failure,independent,,2026-08-19 20:09:42.188985
CASE_001086,UNSEEN_CUST_00459,UNSEEN_CHK_001024,checkout,checkout_abandoned,7972.16,,independent,,2026-06-29 09:21:42.591986
CASE_001087,UNSEEN_CUST_00459,UNSEEN_PAY_005827,payment,payment_failed,8294.96,temporary_bank_failure,independent,,2026-08-25 03:29:42.076991
CASE_001088,UNSEEN_CUST_00460,UNSEEN_CHK_002934,checkout,checkout_abandoned,34203.37,,independent,,2026-06-30 14:11:43.125536
CASE_001089,UNSEEN_CUST_00460,UNSEEN_CHK_001343,checkout,checkout_abandoned,2798.5,,independent,,2026-08-14 20:32:42.683187
CASE_001090,UNSEEN_CUST_00461,UNSEEN_CHK_001739,checkout,checkout_abandoned,14397.16,,independent,,2026-05-29 18:50:42.754814
CASE_001091,UNSEEN_CUST_00461,UNSEEN_PAY_006906,payment,payment_failed,16180.91,limit_exceeded,independent,,2026-06-12 02:28:42.131073
CASE_001092,UNSEEN_CUST_00461,UNSEEN_CHK_000520,checkout,checkout_abandoned,9967.35,,independent,,2026-08-20 15:34:42.452556
CASE_001093,UNSEEN_CUST_00462,UNSEEN_CHK_000755,checkout,checkout_abandoned,37113.68,,independent,,2026-06-25 19:03:42.515902
CASE_001094,UNSEEN_CUST_00463,UNSEEN_PAY_003231,payment,payment_failed,26066.57,expired_instrument,independent,,2026-07-10 07:30:41.954986
CASE_001095,UNSEEN_CUST_00463,UNSEEN_PAY_006034,payment,payment_failed,28003.87,limit_exceeded,independent,,2026-07-24 21:34:42.087074
CASE_001096,UNSEEN_CUST_00463,UNSEEN_CHK_001697,checkout,checkout_abandoned,33457.58,,independent,,2026-07-31 11:39:42.749814
CASE_001097,UNSEEN_CUST_00463,UNSEEN_CHK_000258,checkout,checkout_abandoned,28909.14,,independent,,2026-08-09 15:41:42.362053
CASE_001098,UNSEEN_CUST_00464,UNSEEN_INV_000464,invoice,invoice_overdue,74289.32,temporary_bank_failure,independent,,2026-05-22 20:09:43.473541
CASE_001099,UNSEEN_CUST_00464,UNSEEN_PAY_003326,payment,payment_failed,47818.77,unknown_failure,independent,,2026-07-09 23:59:41.960990
CASE_001100,UNSEEN_CUST_00464,UNSEEN_PAY_000858,payment,payment_failed,21137.63,temporary_bank_failure,independent,,2026-08-03 20:47:41.845481
CASE_001101,UNSEEN_CUST_00465,UNSEEN_SUB_000465,subscription,subscription_failed,9659.25,insufficient_funds,independent,,2026-03-12 20:09:42.190298
CASE_001102,UNSEEN_CUST_00465,UNSEEN_PAY_004518,payment,payment_failed,29735.82,risk_decline,independent,,2026-06-20 17:23:42.018069
CASE_001103,UNSEEN_CUST_00465,UNSEEN_INV_000465,invoice,invoice_overdue,12091.36,timeout,independent,,2026-08-10 20:09:43.473541
CASE_001104,UNSEEN_CUST_00466,UNSEEN_PAY_005569,payment,payment_failed,72417.83,blocked_instrument,independent,,2026-07-25 06:47:42.064071
CASE_001105,UNSEEN_CUST_00466,UNSEEN_PAY_000193,payment,payment_failed,7847.82,risk_decline,independent,,2026-08-10 22:00:41.805579
CASE_001106,UNSEEN_CUST_00466,UNSEEN_CHK_002687,checkout,checkout_abandoned,63677.66,,independent,,2026-08-19 05:15:43.044545
CASE_001107,UNSEEN_CUST_00470,UNSEEN_INV_000470,invoice,invoice_overdue,22181.74,expired_instrument,independent,,2026-04-11 20:09:43.474543
CASE_001108,UNSEEN_CUST_00470,UNSEEN_PAY_000771,payment,payment_failed,38939.84,authentication_failed,independent,,2026-07-23 21:40:41.839479
CASE_001109,UNSEEN_CUST_00472,UNSEEN_CHK_002960,checkout,checkout_abandoned,48289.87,,independent,,2026-06-28 08:33:43.129543
CASE_001110,UNSEEN_CUST_00474,UNSEEN_CHK_002234,checkout,checkout_abandoned,15662.15,,independent,,2026-07-25 11:29:42.863458
CASE_001111,UNSEEN_CUST_00475,UNSEEN_PAY_005212,payment,payment_failed,6630.59,unknown_failure,independent,,2026-06-21 20:06:42.047986
CASE_001112,UNSEEN_CUST_00475,UNSEEN_CHK_000443,checkout,checkout_abandoned,4548.89,,independent,,2026-07-19 20:47:42.425201
CASE_001113,UNSEEN_CUST_00475,UNSEEN_CHK_000758,checkout,checkout_abandoned,15418.27,,independent,,2026-08-02 14:14:42.516902
CASE_001114,UNSEEN_CUST_00476,UNSEEN_SUB_000476,subscription,subscription_failed,5104.37,temporary_bank_failure,independent,,2026-05-09 20:09:42.190298
CASE_001115,UNSEEN_CUST_00481,UNSEEN_CHK_002117,checkout,checkout_abandoned,6008.47,,independent,,2026-06-12 18:31:42.837458
CASE_001116,UNSEEN_CUST_00481,UNSEEN_INV_000481,invoice,invoice_overdue,48266.01,insufficient_funds,independent,,2026-07-25 20:09:43.476543
CASE_001117,UNSEEN_CUST_00482,UNSEEN_SUB_000482,subscription,subscription_failed,12748.89,limit_exceeded,independent,,2026-04-19 20:09:42.190298
CASE_001118,UNSEEN_CUST_00482,UNSEEN_INV_000482,invoice,invoice_overdue,60555.93,insufficient_funds,independent,,2026-04-22 20:09:43.476543
CASE_001119,UNSEEN_CUST_00482,UNSEEN_PAY_002953,payment,payment_failed,28201.1,temporary_bank_failure,independent,,2026-06-14 20:39:41.939987
CASE_001120,UNSEEN_CUST_00482,UNSEEN_CHK_003260,checkout,checkout_abandoned,19541.88,,independent,,2026-06-17 06:46:43.259537
CASE_001121,UNSEEN_CUST_00482,UNSEEN_PAY_000281,payment,payment_failed,32711.17,risk_decline,independent,,2026-08-02 07:00:41.810992
CASE_001122,UNSEEN_CUST_00483,UNSEEN_CHK_000471,checkout,checkout_abandoned,1645.06,,independent,,2026-06-16 17:56:42.441643
CASE_001123,UNSEEN_CUST_00483,UNSEEN_CHK_001909,checkout,checkout_abandoned,32111.5,,independent,,2026-07-29 12:41:42.795814
CASE_001124,UNSEEN_CUST_00483,UNSEEN_PAY_006179,payment,payment_failed,5200.53,temporary_bank_failure,independent,,2026-08-05 11:25:42.096069
CASE_001125,UNSEEN_CUST_00484,UNSEEN_PAY_004379,payment,payment_failed,20888.33,risk_decline,independent,,2026-05-29 13:24:42.012074
CASE_001126,UNSEEN_CUST_00486,UNSEEN_CHK_002281,checkout,checkout_abandoned,2371.73,,independent,,2026-07-30 05:36:42.869458
CASE_001127,UNSEEN_CUST_00487,UNSEEN_CHK_001078,checkout,checkout_abandoned,22657.32,,independent,,2026-06-30 08:42:42.611980
CASE_001128,UNSEEN_CUST_00487,UNSEEN_CHK_002732,checkout,checkout_abandoned,97749.04,,independent,,2026-07-07 15:54:43.066552
CASE_001129,UNSEEN_CUST_00488,UNSEEN_SUB_000488,subscription,subscription_failed,672.7,timeout,independent,,2026-06-09 20:09:42.191302
CASE_001130,UNSEEN_CUST_00489,UNSEEN_CHK_000722,checkout,checkout_abandoned,44133.48,,independent,,2026-07-27 16:26:42.511898
CASE_001131,UNSEEN_CUST_00490,UNSEEN_INV_000490,invoice,invoice_overdue,54812.8,insufficient_funds,independent,,2026-04-22 20:09:43.477542
CASE_001132,UNSEEN_CUST_00490,UNSEEN_SUB_000490,subscription,subscription_failed,2121.42,temporary_bank_failure,independent,,2026-04-27 20:09:42.191302
CASE_001133,UNSEEN_CUST_00490,UNSEEN_PAY_005157,payment,payment_failed,47008.91,limit_exceeded,independent,,2026-07-29 09:07:42.045075
CASE_001134,UNSEEN_CUST_00491,UNSEEN_CHK_003190,checkout,checkout_abandoned,15163.97,,independent,,2026-06-25 10:31:43.232537
CASE_001135,UNSEEN_CUST_00491,UNSEEN_PAY_006519,payment,payment_failed,19282.09,unknown_failure,independent,,2026-08-08 21:54:42.114077
CASE_001136,UNSEEN_CUST_00492,UNSEEN_PAY_000418,payment,payment_failed,30323.22,unknown_failure,independent,,2026-06-30 07:44:41.817991
CASE_001137,UNSEEN_CUST_00493,UNSEEN_CHK_001178,checkout,checkout_abandoned,30850.16,,independent,,2026-06-22 06:28:42.637898
CASE_001138,UNSEEN_CUST_00494,UNSEEN_CHK_002378,checkout,checkout_abandoned,8150.77,,independent,,2026-08-07 08:57:42.905544
CASE_001139,UNSEEN_CUST_00495,UNSEEN_CHK_002038,checkout,checkout_abandoned,35222.53,,independent,,2026-06-02 13:36:42.818458
CASE_001140,UNSEEN_CUST_00495,UNSEEN_PAY_005246,payment,payment_failed,32006.35,authentication_failed,independent,,2026-08-14 02:57:42.048986
CASE_001141,UNSEEN_CUST_00496,UNSEEN_INV_000496,invoice,invoice_overdue,5380.2,temporary_bank_failure,independent,,2026-05-22 20:09:43.478540
CASE_001142,UNSEEN_CUST_00496,UNSEEN_PAY_006634,payment,payment_failed,19513.07,risk_decline,independent,,2026-06-13 06:08:42.119073
CASE_001143,UNSEEN_CUST_00496,UNSEEN_CHK_000540,checkout,checkout_abandoned,3655.72,,independent,,2026-08-25 11:03:42.459558
CASE_001144,UNSEEN_CUST_00498,UNSEEN_PAY_004905,payment,payment_failed,35971.99,insufficient_funds,independent,,2026-08-19 07:29:42.035074
CASE_001145,UNSEEN_CUST_00499,UNSEEN_PAY_006403,payment,payment_failed,15517.36,risk_decline,independent,,2026-07-25 17:41:42.108068
CASE_001146,UNSEEN_CUST_00499,UNSEEN_CHK_000107,checkout,checkout_abandoned,6723.63,,independent,,2026-08-09 05:06:42.318725
CASE_001147,UNSEEN_CUST_00499,UNSEEN_CHK_001296,checkout,checkout_abandoned,9322.94,,independent,,2026-08-11 23:51:42.674187
CASE_001148,UNSEEN_CUST_00500,UNSEEN_CHK_003440,checkout,checkout_abandoned,26979.18,,independent,,2026-07-18 13:33:43.324536
CASE_001149,UNSEEN_CUST_00500,UNSEEN_SUB_000500,subscription,subscription_failed,7907.59,insufficient_funds,independent,,2026-08-03 20:09:42.191302
CASE_001150,UNSEEN_CUST_00501,UNSEEN_INV_000501,invoice,invoice_overdue,54507.84,timeout,independent,,2026-04-19 20:09:43.479542
CASE_001151,UNSEEN_CUST_00501,UNSEEN_PAY_006507,payment,payment_failed,44026.54,insufficient_funds,independent,,2026-06-12 11:20:42.113071
CASE_001152,UNSEEN_CUST_00501,UNSEEN_CHK_001074,checkout,checkout_abandoned,3303.84,,independent,,2026-07-30 17:57:42.609898
CASE_001153,UNSEEN_CUST_00502,UNSEEN_PAY_004958,payment,payment_failed,9595.73,risk_decline,independent,,2026-07-23 23:38:42.037077
CASE_001154,UNSEEN_CUST_00502,UNSEEN_PAY_002405,payment,payment_failed,4756.73,insufficient_funds,independent,,2026-08-08 11:18:41.913985
CASE_001155,UNSEEN_CUST_00504,UNSEEN_SUB_000504,subscription,subscription_failed,9618.33,authentication_failed,independent,,2026-08-13 20:09:42.191302
CASE_001156,UNSEEN_CUST_00505,UNSEEN_SUB_000505,subscription,subscription_failed,9282.32,temporary_bank_failure,independent,,2026-03-31 20:09:42.191302
CASE_001157,UNSEEN_CUST_00506,UNSEEN_SUB_000506,subscription,subscription_failed,10728.72,insufficient_funds,independent,,2026-07-30 20:09:42.191302
CASE_001158,UNSEEN_CUST_00508,UNSEEN_SUB_000508,subscription,subscription_failed,8952.32,insufficient_funds,independent,,2026-04-13 20:09:42.192301
CASE_001159,UNSEEN_CUST_00508,UNSEEN_CHK_003133,checkout,checkout_abandoned,60931.49,,independent,,2026-07-29 19:30:43.210540
CASE_001160,UNSEEN_CUST_00509,UNSEEN_CHK_001621,checkout,checkout_abandoned,48603.41,,independent,,2026-06-07 07:45:42.736814
CASE_001161,UNSEEN_CUST_00509,UNSEEN_PAY_001257,payment,payment_failed,42325.2,temporary_bank_failure,independent,,2026-08-14 08:23:41.863990
CASE_001162,UNSEEN_CUST_00510,UNSEEN_SUB_000510,subscription,subscription_failed,10144.95,blocked_instrument,independent,,2026-03-10 20:09:42.192301
CASE_001163,UNSEEN_CUST_00511,UNSEEN_INV_000511,invoice,invoice_overdue,67296.09,authentication_failed,independent,,2026-03-24 20:09:43.480540
CASE_001164,UNSEEN_CUST_00513,UNSEEN_SUB_000513,subscription,subscription_failed,11654.63,authentication_failed,independent,,2026-03-16 20:09:42.192301
CASE_001165,UNSEEN_CUST_00513,UNSEEN_PAY_006688,payment,payment_failed,34180.18,timeout,independent,,2026-07-03 03:15:42.121071
CASE_001166,UNSEEN_CUST_00514,UNSEEN_CHK_001817,checkout,checkout_abandoned,21630.96,,independent,,2026-06-15 08:12:42.774814
CASE_001167,UNSEEN_CUST_00514,UNSEEN_CHK_002977,checkout,checkout_abandoned,11687.53,,independent,,2026-07-19 14:59:43.135537
CASE_001168,UNSEEN_CUST_00514,UNSEEN_SUB_000514,subscription,subscription_failed,6346.46,expired_instrument,independent,,2026-08-20 20:09:42.192301
CASE_001169,UNSEEN_CUST_00515,UNSEEN_PAY_001221,payment,payment_failed,22961.88,blocked_instrument,independent,,2026-06-24 06:46:41.862990
CASE_001170,UNSEEN_CUST_00516,UNSEEN_PAY_004059,payment,payment_failed,10221.95,insufficient_funds,independent,,2026-08-13 17:38:41.997028
CASE_001171,UNSEEN_CUST_00517,UNSEEN_INV_000517,invoice,invoice_overdue,42066.7,insufficient_funds,independent,,2026-04-19 20:09:43.481540
CASE_001172,UNSEEN_CUST_00517,UNSEEN_PAY_000612,payment,payment_failed,34514.56,expired_instrument,independent,,2026-07-19 20:57:41.831480
CASE_001173,UNSEEN_CUST_00518,UNSEEN_SUB_000518,subscription,subscription_failed,6469.95,temporary_bank_failure,independent,,2026-07-03 20:09:42.192301
CASE_001174,UNSEEN_CUST_00519,UNSEEN_PAY_001247,payment,payment_failed,15305.37,insufficient_funds,independent,,2026-05-30 11:14:41.863990
CASE_001175,UNSEEN_CUST_00519,UNSEEN_CHK_002695,checkout,checkout_abandoned,46721.63,,independent,,2026-06-30 01:54:43.048537
CASE_001176,UNSEEN_CUST_00520,UNSEEN_SUB_000520,subscription,subscription_failed,10789.72,temporary_bank_failure,independent,,2026-05-21 20:09:42.192301
CASE_001177,UNSEEN_CUST_00520,UNSEEN_INV_000520,invoice,invoice_overdue,69660.14,expired_instrument,independent,,2026-07-17 20:09:43.482541
CASE_001178,UNSEEN_CUST_00521,UNSEEN_CHK_001793,checkout,checkout_abandoned,20561.42,,independent,,2026-05-29 11:35:41.957990
CASE_001179,UNSEEN_CUST_00521,UNSEEN_PAY_005523,payment,payment_failed,14423.54,timeout,independent,,2026-08-15 22:30:42.062076
CASE_001180,UNSEEN_CUST_00522,UNSEEN_INV_000522,invoice,invoice_overdue,71593.54,insufficient_funds,independent,,2026-04-20 20:09:43.482541
CASE_001181,UNSEEN_CUST_00523,UNSEEN_CHK_002594,checkout,checkout_abandoned,59745.51,,independent,,2026-06-01 14:57:42.994538
CASE_001182,UNSEEN_CUST_00523,UNSEEN_CHK_000879,checkout,checkout_abandoned,57887.35,,independent,,2026-06-02 06:34:42.556985
CASE_001183,UNSEEN_CUST_00523,UNSEEN_PAY_001808,payment,payment_failed,50888.35,insufficient_funds,independent,,2026-06-13 03:28:41.888985
CASE_001184,UNSEEN_CUST_00523,UNSEEN_CHK_000748,checkout,checkout_abandoned,12408.15,,independent,,2026-06-24 23:06:42.515902
CASE_001185,UNSEEN_CUST_00523,UNSEEN_CHK_003483,checkout,checkout_abandoned,45106.02,,independent,,2026-06-30 22:06:43.347539
CASE_001186,UNSEEN_CUST_00524,UNSEEN_INV_000524,invoice,invoice_overdue,7563.14,insufficient_funds,independent,,2026-03-28 20:09:43.483540
CASE_001187,UNSEEN_CUST_00524,UNSEEN_CHK_002867,checkout,checkout_abandoned,4344.65,,independent,,2026-06-04 04:32:43.108546
CASE_001188,UNSEEN_CUST_00524,UNSEEN_PAY_005078,payment,payment_failed,3850.07,temporary_bank_failure,independent,,2026-07-20 23:55:42.042074
CASE_001189,UNSEEN_CUST_00525,UNSEEN_PAY_001129,payment,payment_failed,64360.16,insufficient_funds,independent,,2026-06-26 20:12:41.858483
CASE_001190,UNSEEN_CUST_00525,UNSEEN_CHK_002470,checkout,checkout_abandoned,56278.97,,independent,,2026-07-23 18:33:42.944539
CASE_001191,UNSEEN_CUST_00525,UNSEEN_CHK_000323,checkout,checkout_abandoned,97350.16,,independent,,2026-07-26 03:04:42.388050
CASE_001192,UNSEEN_CUST_00526,UNSEEN_INV_000526,invoice,invoice_overdue,17931.9,expired_instrument,independent,,2026-03-05 20:09:43.483540
CASE_001193,UNSEEN_CUST_00526,UNSEEN_CHK_000632,checkout,checkout_abandoned,18013.08,,independent,,2026-06-28 08:23:42.484555
CASE_001194,UNSEEN_CUST_00527,UNSEEN_PAY_001140,payment,payment_failed,12167.8,expired_instrument,independent,,2026-05-29 21:42:41.859479
CASE_001195,UNSEEN_CUST_00527,UNSEEN_PAY_002753,payment,payment_failed,88874.78,authentication_failed,independent,,2026-08-17 19:22:41.929989
CASE_001196,UNSEEN_CUST_00528,UNSEEN_CHK_003406,checkout,checkout_abandoned,5176.36,,independent,,2026-05-28 07:22:43.314543
CASE_001197,UNSEEN_CUST_00528,UNSEEN_CHK_001398,checkout,checkout_abandoned,13832.55,,independent,,2026-07-16 07:09:42.692187
CASE_001198,UNSEEN_CUST_00530,UNSEEN_INV_000530,invoice,invoice_overdue,23500.97,unknown_failure,independent,,2026-03-28 20:09:43.483540
CASE_001199,UNSEEN_CUST_00530,UNSEEN_PAY_001921,payment,payment_failed,23419.85,insufficient_funds,independent,,2026-06-18 12:22:41.892985
CASE_001200,UNSEEN_CUST_00530,UNSEEN_CHK_002148,checkout,checkout_abandoned,26117.61,,independent,,2026-06-28 10:52:42.845458
CASE_001201,UNSEEN_CUST_00531,UNSEEN_CHK_001137,checkout,checkout_abandoned,38278.16,,independent,,2026-06-12 16:58:42.624984
CASE_001202,UNSEEN_CUST_00531,UNSEEN_CHK_002558,checkout,checkout_abandoned,47851.35,,independent,,2026-07-30 12:40:42.968547
CASE_001203,UNSEEN_CUST_00531,UNSEEN_CHK_002907,checkout,checkout_abandoned,42536.83,,independent,,2026-08-03 15:47:43.118538
CASE_001204,UNSEEN_CUST_00532,UNSEEN_INV_000532,invoice,invoice_overdue,42293.99,insufficient_funds,independent,,2026-03-20 20:09:43.484539
CASE_001205,UNSEEN_CUST_00532,UNSEEN_CHK_002065,checkout,checkout_abandoned,25106.09,,independent,,2026-08-08 20:38:42.826458
CASE_001206,UNSEEN_CUST_00534,UNSEEN_PAY_002462,payment,payment_failed,92795.92,blocked_instrument,independent,,2026-07-04 08:54:41.915985
CASE_001207,UNSEEN_CUST_00537,UNSEEN_CHK_001660,checkout,checkout_abandoned,22277.78,,independent,,2026-06-06 03:52:42.744814
CASE_001208,UNSEEN_CUST_00538,UNSEEN_INV_000538,invoice,invoice_overdue,24628.91,insufficient_funds,independent,,2026-04-02 20:09:43.485542
CASE_001209,UNSEEN_CUST_00539,UNSEEN_PAY_001012,payment,payment_failed,2954.86,blocked_instrument,independent,,2026-07-22 13:01:41.852484
CASE_001210,UNSEEN_CUST_00540,UNSEEN_CHK_003377,checkout,checkout_abandoned,39827.85,,independent,,2026-06-07 04:56:43.305537
CASE_001211,UNSEEN_CUST_00540,UNSEEN_CHK_000952,checkout,checkout_abandoned,17494.84,,independent,,2026-06-10 19:17:42.571984
CASE_001212,UNSEEN_CUST_00540,UNSEEN_CHK_002243,checkout,checkout_abandoned,15435.82,,independent,,2026-07-27 20:46:42.863458
CASE_001213,UNSEEN_CUST_00542,UNSEEN_CHK_000240,checkout,checkout_abandoned,2381.3,,independent,,2026-06-27 01:24:42.354839
CASE_001214,UNSEEN_CUST_00542,UNSEEN_CHK_000430,checkout,checkout_abandoned,18019.58,,independent,,2026-07-02 00:29:42.423197
CASE_001215,UNSEEN_CUST_00543,UNSEEN_CHK_003339,checkout,checkout_abandoned,639.41,,independent,,2026-07-30 22:06:43.288536
CASE_001216,UNSEEN_CUST_00543,UNSEEN_PAY_004051,payment,payment_failed,8694.04,insufficient_funds,independent,,2026-08-21 21:32:41.997028
CASE_001217,UNSEEN_CUST_00544,UNSEEN_SUB_000544,subscription,subscription_failed,6042.05,unknown_failure,independent,,2026-03-02 20:09:42.193301
CASE_001218,UNSEEN_CUST_00544,UNSEEN_PAY_006545,payment,payment_failed,79434.23,insufficient_funds,independent,,2026-07-30 04:15:42.115072
CASE_001219,UNSEEN_CUST_00546,UNSEEN_CHK_000468,checkout,checkout_abandoned,35745.62,,independent,,2026-05-31 14:12:42.440551
CASE_001220,UNSEEN_CUST_00547,UNSEEN_PAY_005107,payment,payment_failed,4595.18,timeout,independent,,2026-08-03 17:08:42.043078
CASE_001221,UNSEEN_CUST_00548,UNSEEN_CHK_001471,checkout,checkout_abandoned,16897.92,,independent,,2026-06-27 07:15:42.705187
CASE_001222,UNSEEN_CUST_00548,UNSEEN_PAY_001017,payment,payment_failed,36362.46,insufficient_funds,independent,,2026-07-13 14:53:41.852484
CASE_001223,UNSEEN_CUST_00550,UNSEEN_PAY_003301,payment,payment_failed,8858.93,temporary_bank_failure,independent,,2026-07-28 22:15:41.958990
CASE_001224,UNSEEN_CUST_00551,UNSEEN_SUB_000551,subscription,subscription_failed,2578.63,limit_exceeded,independent,,2026-03-26 20:09:42.193301
CASE_001225,UNSEEN_CUST_00551,UNSEEN_INV_000551,invoice,invoice_overdue,60093.27,temporary_bank_failure,independent,,2026-07-10 20:09:43.487537
CASE_001226,UNSEEN_CUST_00552,UNSEEN_SUB_000552,subscription,subscription_failed,14374.08,expired_instrument,independent,,2026-03-29 20:09:42.193301
CASE_001227,UNSEEN_CUST_00552,UNSEEN_CHK_001718,checkout,checkout_abandoned,12209.59,,independent,,2026-06-16 16:23:42.751814
CASE_001228,UNSEEN_CUST_00552,UNSEEN_INV_000552,invoice,invoice_overdue,14560.49,timeout,independent,,2026-08-17 20:09:43.487537
CASE_001229,UNSEEN_CUST_00553,UNSEEN_PAY_004762,payment,payment_failed,2959.54,expired_instrument,independent,,2026-06-01 19:05:42.029071
CASE_001230,UNSEEN_CUST_00553,UNSEEN_SUB_000553,subscription,subscription_failed,11233.26,authentication_failed,independent,,2026-06-01 20:09:42.193301
CASE_001231,UNSEEN_CUST_00553,UNSEEN_INV_000553,invoice,invoice_overdue,52759.9,temporary_bank_failure,independent,,2026-08-18 20:09:43.487537
CASE_001232,UNSEEN_CUST_00554,UNSEEN_INV_000554,invoice,invoice_overdue,8424.52,insufficient_funds,independent,,2026-08-02 20:09:43.488542
CASE_001233,UNSEEN_CUST_00555,UNSEEN_CHK_002716,checkout,checkout_abandoned,6182.41,,independent,,2026-08-08 19:54:43.056542
CASE_001234,UNSEEN_CUST_00556,UNSEEN_INV_000556,invoice,invoice_overdue,13307.1,insufficient_funds,independent,,2026-03-27 20:09:43.488542
CASE_001235,UNSEEN_CUST_00556,UNSEEN_CHK_001027,checkout,checkout_abandoned,2124.44,,independent,,2026-05-29 23:16:41.807579
CASE_001236,UNSEEN_CUST_00556,UNSEEN_SUB_000556,subscription,subscription_failed,7586.63,insufficient_funds,independent,,2026-07-15 20:09:42.193301
CASE_001237,UNSEEN_CUST_00557,UNSEEN_PAY_006598,payment,payment_failed,21639.37,authentication_failed,independent,,2026-07-12 22:48:42.117069
CASE_001238,UNSEEN_CUST_00557,UNSEEN_PAY_004883,payment,payment_failed,46078.01,insufficient_funds,independent,,2026-07-31 08:31:42.034073
CASE_001239,UNSEEN_CUST_00558,UNSEEN_INV_000558,invoice,invoice_overdue,35496.47,insufficient_funds,independent,,2026-04-21 20:09:43.488542
CASE_001240,UNSEEN_CUST_00558,UNSEEN_PAY_002938,payment,payment_failed,27091.33,unknown_failure,independent,,2026-07-10 09:21:41.938990
CASE_001241,UNSEEN_CUST_00558,UNSEEN_PAY_003547,payment,payment_failed,34539.74,unknown_failure,independent,,2026-08-25 18:37:41.972987
CASE_001242,UNSEEN_CUST_00560,UNSEEN_PAY_001178,payment,payment_failed,39089.67,temporary_bank_failure,independent,,2026-06-10 07:01:41.860992
CASE_001243,UNSEEN_CUST_00560,UNSEEN_CHK_001571,checkout,checkout_abandoned,31134.45,,independent,,2026-07-09 09:53:42.727814
CASE_001244,UNSEEN_CUST_00560,UNSEEN_CHK_003307,checkout,checkout_abandoned,5017.38,,independent,,2026-08-05 16:28:43.277540
CASE_001245,UNSEEN_CUST_00561,UNSEEN_CHK_000552,checkout,checkout_abandoned,16618.27,,independent,,2026-07-27 19:14:42.462559
CASE_001246,UNSEEN_CUST_00561,UNSEEN_PAY_003839,payment,payment_failed,26626.72,unknown_failure,independent,,2026-08-21 03:26:41.988078
CASE_001247,UNSEEN_CUST_00563,UNSEEN_PAY_002447,payment,payment_failed,2107.82,insufficient_funds,independent,,2026-06-22 10:48:41.915985
CASE_001248,UNSEEN_CUST_00563,UNSEEN_INV_000563,invoice,invoice_overdue,10728.82,timeout,independent,,2026-08-07 20:09:43.489537
CASE_001249,UNSEEN_CUST_00564,UNSEEN_PAY_006007,payment,payment_failed,35188.61,blocked_instrument,independent,,2026-06-09 06:58:42.086072
CASE_001250,UNSEEN_CUST_00564,UNSEEN_PAY_001305,payment,payment_failed,20478.59,temporary_bank_failure,independent,,2026-07-19 21:14:41.865990
CASE_001251,UNSEEN_CUST_00565,UNSEEN_INV_000565,invoice,invoice_overdue,9242.12,insufficient_funds,independent,,2026-03-18 20:09:43.489537
CASE_001252,UNSEEN_CUST_00565,UNSEEN_PAY_003056,payment,payment_failed,6759.42,expired_instrument,independent,,2026-07-23 08:23:41.945990
CASE_001253,UNSEEN_CUST_00565,UNSEEN_CHK_001896,checkout,checkout_abandoned,40552.43,,independent,,2026-08-14 18:35:42.792814
CASE_001254,UNSEEN_CUST_00566,UNSEEN_INV_000566,invoice,invoice_overdue,37270.76,timeout,independent,,2026-05-02 20:09:43.489537
CASE_001255,UNSEEN_CUST_00567,UNSEEN_INV_000567,invoice,invoice_overdue,57660.13,insufficient_funds,independent,,2026-08-11 20:09:43.490510
CASE_001256,UNSEEN_CUST_00567,UNSEEN_CHK_000753,checkout,checkout_abandoned,15801.58,,independent,,2026-08-12 02:49:42.515902
CASE_001257,UNSEEN_CUST_00568,UNSEEN_PAY_005580,payment,payment_failed,42279.75,risk_decline,independent,,2026-05-31 15:47:42.064990
CASE_001258,UNSEEN_CUST_00568,UNSEEN_CHK_001303,checkout,checkout_abandoned,35560.75,,independent,,2026-08-25 01:42:42.675187
CASE_001259,UNSEEN_CUST_00569,UNSEEN_INV_000569,invoice,invoice_overdue,58824.74,authentication_failed,independent,,2026-03-03 20:09:43.490510
CASE_001260,UNSEEN_CUST_00571,UNSEEN_CHK_001001,checkout,checkout_abandoned,46285.19,,independent,,2026-07-06 12:44:42.585900
CASE_001261,UNSEEN_CUST_00571,UNSEEN_SUB_000571,subscription,subscription_failed,11435.89,temporary_bank_failure,independent,,2026-08-13 20:09:42.194301
CASE_001262,UNSEEN_CUST_00572,UNSEEN_CHK_002928,checkout,checkout_abandoned,17611.32,,independent,,2026-08-19 09:44:43.123537
CASE_001263,UNSEEN_CUST_00573,UNSEEN_CHK_002625,checkout,checkout_abandoned,5167.67,,independent,,2026-06-29 04:38:43.009537
CASE_001264,UNSEEN_CUST_00574,UNSEEN_INV_000574,invoice,invoice_overdue,47007.32,timeout,independent,,2026-07-14 20:09:43.490510
CASE_001265,UNSEEN_CUST_00574,UNSEEN_CHK_003034,checkout,checkout_abandoned,46250.41,,independent,,2026-07-27 18:18:43.156538
CASE_001266,UNSEEN_CUST_00576,UNSEEN_INV_000576,invoice,invoice_overdue,24102.65,temporary_bank_failure,independent,,2026-03-26 20:09:43.491546
CASE_001267,UNSEEN_CUST_00576,UNSEEN_CHK_001611,checkout,checkout_abandoned,34071.8,,independent,,2026-08-02 10:29:42.734814
CASE_001268,UNSEEN_CUST_00576,UNSEEN_CHK_003489,checkout,checkout_abandoned,35214.24,,independent,,2026-08-06 06:20:43.348540
CASE_001269,UNSEEN_CUST_00577,UNSEEN_CHK_002926,checkout,checkout_abandoned,7596.05,,independent,,2026-06-26 18:04:43.122536
CASE_001270,UNSEEN_CUST_00577,UNSEEN_CHK_002327,checkout,checkout_abandoned,5534.2,,independent,,2026-07-15 23:12:41.930990
CASE_001271,UNSEEN_CUST_00577,UNSEEN_CHK_000774,checkout,checkout_abandoned,5438.96,,independent,,2026-07-16 03:10:41.930990
CASE_001272,UNSEEN_CUST_00579,UNSEEN_SUB_000579,subscription,subscription_failed,5578.8,risk_decline,independent,,2026-04-11 20:09:42.194301
CASE_001273,UNSEEN_CUST_00579,UNSEEN_PAY_001578,payment,payment_failed,85303.63,temporary_bank_failure,independent,,2026-06-12 14:03:41.878985
CASE_001274,UNSEEN_CUST_00580,UNSEEN_PAY_002255,payment,payment_failed,43189.91,insufficient_funds,independent,,2026-06-14 23:40:41.907985
CASE_001275,UNSEEN_CUST_00580,UNSEEN_CHK_002187,checkout,checkout_abandoned,31743.17,,independent,,2026-06-20 18:25:42.854458
CASE_001276,UNSEEN_CUST_00581,UNSEEN_PAY_006484,payment,payment_failed,600.13,timeout,independent,,2026-07-22 12:41:42.112079
CASE_001277,UNSEEN_CUST_00581,UNSEEN_CHK_000760,checkout,checkout_abandoned,7583.78,,independent,,2026-07-27 18:24:41.945990
CASE_001278,UNSEEN_CUST_00583,UNSEEN_CHK_001917,checkout,checkout_abandoned,12409.62,,independent,,2026-06-26 23:54:42.795814
CASE_001279,UNSEEN_CUST_00583,UNSEEN_PAY_001429,payment,payment_failed,39377.06,authentication_failed,independent,,2026-08-01 13:01:41.871990
CASE_001280,UNSEEN_CUST_00584,UNSEEN_PAY_005630,payment,payment_failed,8992.0,expired_instrument,independent,,2026-08-05 07:03:42.067066
CASE_001281,UNSEEN_CUST_00585,UNSEEN_PAY_004265,payment,payment_failed,23746.31,insufficient_funds,independent,,2026-07-09 21:06:42.006989
CASE_001282,UNSEEN_CUST_00586,UNSEEN_INV_000586,invoice,invoice_overdue,24679.39,insufficient_funds,independent,,2026-03-28 20:09:43.492550
CASE_001283,UNSEEN_CUST_00587,UNSEEN_CHK_003396,checkout,checkout_abandoned,34389.11,,independent,,2026-07-10 17:55:43.312540
CASE_001284,UNSEEN_CUST_00588,UNSEEN_SUB_000588,subscription,subscription_failed,3243.8,unknown_failure,independent,,2026-04-02 20:09:42.195301
CASE_001285,UNSEEN_CUST_00589,UNSEEN_PAY_004720,payment,payment_failed,45554.27,temporary_bank_failure,independent,,2026-05-27 22:47:42.027025
CASE_001286,UNSEEN_CUST_00589,UNSEEN_PAY_003981,payment,payment_failed,19846.03,temporary_bank_failure,independent,,2026-06-16 02:35:41.993986
CASE_001287,UNSEEN_CUST_00591,UNSEEN_CHK_000433,checkout,checkout_abandoned,49224.11,,independent,,2026-08-20 13:26:42.425201
CASE_001288,UNSEEN_CUST_00593,UNSEEN_INV_000593,invoice,invoice_overdue,18775.66,expired_instrument,independent,,2026-06-18 20:09:43.494548
CASE_001289,UNSEEN_CUST_00594,UNSEEN_CHK_000861,checkout,checkout_abandoned,6948.66,,independent,,2026-07-02 20:11:42.550980
CASE_001290,UNSEEN_CUST_00595,UNSEEN_INV_000595,invoice,invoice_overdue,9135.77,temporary_bank_failure,independent,,2026-07-21 20:09:43.494548
CASE_001291,UNSEEN_CUST_00595,UNSEEN_PAY_006100,payment,payment_failed,40502.33,insufficient_funds,independent,,2026-07-26 23:55:42.092071
CASE_001292,UNSEEN_CUST_00595,UNSEEN_PAY_000854,payment,payment_failed,22062.51,temporary_bank_failure,independent,,2026-08-06 23:03:41.845481
CASE_001293,UNSEEN_CUST_00595,UNSEEN_PAY_005750,payment,payment_failed,20330.28,blocked_instrument,independent,,2026-08-19 08:43:42.072070
CASE_001294,UNSEEN_CUST_00596,UNSEEN_SUB_000596,subscription,subscription_failed,5765.65,insufficient_funds,independent,,2026-04-20 20:09:42.195301
CASE_001295,UNSEEN_CUST_00596,UNSEEN_PAY_006064,payment,payment_failed,5073.09,insufficient_funds,independent,,2026-06-16 14:04:42.089077
CASE_001296,UNSEEN_CUST_00596,UNSEEN_PAY_006185,payment,payment_failed,41321.01,temporary_bank_failure,independent,,2026-06-21 03:15:42.097065
CASE_001297,UNSEEN_CUST_00596,UNSEEN_CHK_003468,checkout,checkout_abandoned,41979.53,,independent,,2026-07-25 10:08:43.342540
CASE_001298,UNSEEN_CUST_00598,UNSEEN_SUB_000598,subscription,subscription_failed,3495.75,insufficient_funds,independent,,2026-05-19 20:09:42.195301
CASE_001299,UNSEEN_CUST_00599,UNSEEN_PAY_003358,payment,payment_failed,41549.73,timeout,independent,,2026-07-04 22:00:41.962990
CASE_001300,UNSEEN_CUST_00601,UNSEEN_CHK_002548,checkout,checkout_abandoned,22020.67,,independent,,2026-07-15 20:14:42.966539
CASE_001301,UNSEEN_CUST_00601,UNSEEN_CHK_001521,checkout,checkout_abandoned,11320.36,,independent,,2026-07-25 10:35:42.714187
CASE_001302,UNSEEN_CUST_00603,UNSEEN_CHK_001641,checkout,checkout_abandoned,37304.71,,independent,,2026-08-07 17:14:42.738814
CASE_001303,UNSEEN_CUST_00604,UNSEEN_PAY_003266,payment,payment_failed,20374.01,limit_exceeded,independent,,2026-06-13 08:40:41.956992
CASE_001304,UNSEEN_CUST_00604,UNSEEN_CHK_002592,checkout,checkout_abandoned,40089.52,,independent,,2026-06-27 23:39:42.992544
CASE_001305,UNSEEN_CUST_00604,UNSEEN_CHK_002845,checkout,checkout_abandoned,7143.47,,independent,,2026-07-23 14:16:43.106537
CASE_001306,UNSEEN_CUST_00605,UNSEEN_CHK_003179,checkout,checkout_abandoned,94100.36,,independent,,2026-06-06 17:37:43.227537
CASE_001307,UNSEEN_CUST_00606,UNSEEN_PAY_006269,payment,payment_failed,36880.14,authentication_failed,independent,,2026-07-28 00:01:42.101073
CASE_001308,UNSEEN_CUST_00607,UNSEEN_SUB_000607,subscription,subscription_failed,2275.08,unknown_failure,independent,,2026-03-23 20:09:42.195301
CASE_001309,UNSEEN_CUST_00607,UNSEEN_PAY_000955,payment,payment_failed,30566.26,insufficient_funds,independent,,2026-07-15 08:04:41.850479
CASE_001310,UNSEEN_CUST_00607,UNSEEN_PAY_006550,payment,payment_failed,10690.83,temporary_bank_failure,independent,,2026-08-19 22:16:42.115072
CASE_001311,UNSEEN_CUST_00607,UNSEEN_CHK_003119,checkout,checkout_abandoned,11932.44,,independent,,2026-08-26 07:02:43.199540
CASE_001312,UNSEEN_CUST_00608,UNSEEN_SUB_000608,subscription,subscription_failed,11532.34,insufficient_funds,independent,,2026-05-30 20:09:42.195301
CASE_001313,UNSEEN_CUST_00609,UNSEEN_PAY_006295,payment,payment_failed,23879.94,temporary_bank_failure,independent,,2026-06-14 20:34:42.103066
CASE_001314,UNSEEN_CUST_00611,UNSEEN_SUB_000611,subscription,subscription_failed,4570.36,timeout,independent,,2026-07-15 20:09:42.195301
CASE_001315,UNSEEN_CUST_00611,UNSEEN_PAY_001497,payment,payment_failed,40827.8,insufficient_funds,independent,,2026-08-06 03:36:41.874986
CASE_001316,UNSEEN_CUST_00611,UNSEEN_CHK_002968,checkout,checkout_abandoned,24057.79,,independent,,2026-08-17 12:34:41.897985
CASE_001317,UNSEEN_CUST_00611,UNSEEN_CHK_000122,checkout,checkout_abandoned,23767.65,,independent,,2026-08-17 14:07:41.897985
CASE_001318,UNSEEN_CUST_00611,UNSEEN_PAY_004555,payment,payment_failed,14644.92,temporary_bank_failure,independent,,2026-08-24 07:14:42.019070
CASE_001319,UNSEEN_CUST_00612,UNSEEN_CHK_003286,checkout,checkout_abandoned,6618.08,,independent,,2026-06-29 22:17:43.271537
CASE_001320,UNSEEN_CUST_00614,UNSEEN_CHK_001725,checkout,checkout_abandoned,13088.86,,independent,,2026-07-17 02:42:42.022064
CASE_001321,UNSEEN_CUST_00615,UNSEEN_SUB_000615,subscription,subscription_failed,3898.76,authentication_failed,independent,,2026-08-08 20:09:42.196301
CASE_001322,UNSEEN_CUST_00616,UNSEEN_INV_000616,invoice,invoice_overdue,5483.62,authentication_failed,independent,,2026-08-17 20:09:43.497549
CASE_001323,UNSEEN_CUST_00617,UNSEEN_CHK_000932,checkout,checkout_abandoned,33270.14,,independent,,2026-06-26 10:52:42.567981
CASE_001324,UNSEEN_CUST_00617,UNSEEN_INV_000617,invoice,invoice_overdue,17209.98,blocked_instrument,independent,,2026-07-30 20:09:43.497549
CASE_001325,UNSEEN_CUST_00618,UNSEEN_PAY_000782,payment,payment_failed,41343.72,temporary_bank_failure,independent,,2026-07-01 02:01:41.840478
CASE_001326,UNSEEN_CUST_00618,UNSEEN_PAY_005195,payment,payment_failed,15858.99,timeout,independent,,2026-07-05 18:38:42.046986
CASE_001327,UNSEEN_CUST_00618,UNSEEN_PAY_006175,payment,payment_failed,42772.31,insufficient_funds,independent,,2026-07-24 23:12:42.096069
CASE_001328,UNSEEN_CUST_00619,UNSEEN_CHK_003208,checkout,checkout_abandoned,14111.14,,independent,,2026-08-25 15:53:43.240538
CASE_001329,UNSEEN_CUST_00620,UNSEEN_SUB_000620,subscription,subscription_failed,10948.09,timeout,independent,,2026-04-29 20:09:42.196301
CASE_001330,UNSEEN_CUST_00620,UNSEEN_PAY_001869,payment,payment_failed,42811.61,insufficient_funds,independent,,2026-07-29 06:28:41.890985
CASE_001331,UNSEEN_CUST_00620,UNSEEN_CHK_001061,checkout,checkout_abandoned,26055.07,,independent,,2026-08-19 01:39:42.606986
CASE_001332,UNSEEN_CUST_00621,UNSEEN_SUB_000621,subscription,subscription_failed,24002.27,expired_instrument,independent,,2026-03-27 20:09:42.196301
CASE_001333,UNSEEN_CUST_00621,UNSEEN_INV_000621,invoice,invoice_overdue,116829.33,timeout,independent,,2026-06-04 20:09:43.498549
CASE_001334,UNSEEN_CUST_00622,UNSEEN_INV_000622,invoice,invoice_overdue,149770.58,expired_instrument,independent,,2026-03-11 20:09:43.498549
CASE_001335,UNSEEN_CUST_00622,UNSEEN_PAY_004102,payment,payment_failed,8896.95,insufficient_funds,independent,,2026-07-14 15:43:41.999067
CASE_001336,UNSEEN_CUST_00622,UNSEEN_PAY_002941,payment,payment_failed,75042.47,timeout,independent,,2026-08-04 05:11:41.938990
CASE_001337,UNSEEN_CUST_00624,UNSEEN_SUB_000624,subscription,subscription_failed,11542.35,insufficient_funds,independent,,2026-08-23 20:09:42.196301
CASE_001338,UNSEEN_CUST_00625,UNSEEN_CHK_001969,checkout,checkout_abandoned,9869.97,,independent,,2026-08-11 15:23:42.806464
CASE_001339,UNSEEN_CUST_00627,UNSEEN_PAY_005958,payment,payment_failed,41458.73,temporary_bank_failure,independent,,2026-07-20 17:35:42.083070
CASE_001340,UNSEEN_CUST_00629,UNSEEN_CHK_000288,checkout,checkout_abandoned,36336.65,,independent,,2026-06-05 15:50:42.371052
CASE_001341,UNSEEN_CUST_00629,UNSEEN_CHK_002914,checkout,checkout_abandoned,28441.46,,independent,,2026-07-03 19:54:43.119538
CASE_001342,UNSEEN_CUST_00632,UNSEEN_CHK_001658,checkout,checkout_abandoned,49800.79,,independent,,2026-07-04 23:31:42.743814
CASE_001343,UNSEEN_CUST_00633,UNSEEN_PAY_003903,payment,payment_failed,10605.23,insufficient_funds,independent,,2026-08-23 15:41:41.991079
CASE_001344,UNSEEN_CUST_00634,UNSEEN_INV_000634,invoice,invoice_overdue,25480.72,expired_instrument,independent,,2026-03-15 20:09:43.500550
CASE_001345,UNSEEN_CUST_00634,UNSEEN_CHK_000386,checkout,checkout_abandoned,38629.94,,independent,,2026-06-03 07:56:42.411199
CASE_001346,UNSEEN_CUST_00634,UNSEEN_CHK_002001,checkout,checkout_abandoned,35536.09,,independent,,2026-07-26 20:57:42.813458
CASE_001347,UNSEEN_CUST_00634,UNSEEN_PAY_000071,payment,payment_failed,6314.9,limit_exceeded,independent,,2026-08-03 23:42:41.799580
CASE_001348,UNSEEN_CUST_00636,UNSEEN_INV_000636,invoice,invoice_overdue,20310.32,unknown_failure,independent,,2026-04-30 20:09:43.500550
CASE_001349,UNSEEN_CUST_00636,UNSEEN_SUB_000636,subscription,subscription_failed,10392.4,temporary_bank_failure,independent,,2026-06-22 20:09:42.196301
CASE_001350,UNSEEN_CUST_00636,UNSEEN_CHK_000727,checkout,checkout_abandoned,48989.27,,independent,,2026-07-31 14:45:42.511898
CASE_001351,UNSEEN_CUST_00636,UNSEEN_CHK_001144,checkout,checkout_abandoned,31325.41,,independent,,2026-08-01 14:02:41.891985
CASE_001352,UNSEEN_CUST_00636,UNSEEN_PAY_004353,payment,payment_failed,16004.05,temporary_bank_failure,independent,,2026-08-16 13:28:42.010987
CASE_001353,UNSEEN_CUST_00638,UNSEEN_PAY_003942,payment,payment_failed,15772.32,risk_decline,independent,,2026-07-09 08:53:41.992078
CASE_001354,UNSEEN_CUST_00639,UNSEEN_CHK_001089,checkout,checkout_abandoned,5453.28,,independent,,2026-07-09 10:29:42.616986
CASE_001355,UNSEEN_CUST_00640,UNSEEN_INV_000640,invoice,invoice_overdue,23827.63,temporary_bank_failure,independent,,2026-05-07 20:09:43.501543
CASE_001356,UNSEEN_CUST_00640,UNSEEN_CHK_001348,checkout,checkout_abandoned,1216.8,,independent,,2026-07-07 17:36:42.683187
CASE_001357,UNSEEN_CUST_00642,UNSEEN_SUB_000642,subscription,subscription_failed,13827.29,expired_instrument,independent,,2026-03-07 20:09:42.197301
CASE_001358,UNSEEN_CUST_00642,UNSEEN_PAY_006602,payment,payment_failed,33913.51,limit_exceeded,independent,,2026-07-08 04:58:42.117069
CASE_001359,UNSEEN_CUST_00643,UNSEEN_PAY_001996,payment,payment_failed,47716.94,timeout,independent,,2026-07-07 16:00:41.896985
CASE_001360,UNSEEN_CUST_00643,UNSEEN_PAY_006421,payment,payment_failed,7204.12,temporary_bank_failure,independent,,2026-07-20 09:21:42.109079
CASE_001361,UNSEEN_CUST_00644,UNSEEN_CHK_002621,checkout,checkout_abandoned,41902.67,,independent,,2026-06-25 04:32:43.006546
CASE_001362,UNSEEN_CUST_00645,UNSEEN_CHK_002491,checkout,checkout_abandoned,31118.42,,independent,,2026-07-17 09:36:42.956542
CASE_001363,UNSEEN_CUST_00645,UNSEEN_PAY_005853,payment,payment_failed,28416.09,temporary_bank_failure,independent,,2026-07-19 04:15:42.078066
CASE_001364,UNSEEN_CUST_00646,UNSEEN_INV_000646,invoice,invoice_overdue,40441.07,timeout,independent,,2026-03-10 20:09:43.502539
CASE_001365,UNSEEN_CUST_00646,UNSEEN_CHK_001317,checkout,checkout_abandoned,44284.27,,independent,,2026-05-28 00:45:42.677187
CASE_001366,UNSEEN_CUST_00646,UNSEEN_CHK_000493,checkout,checkout_abandoned,36495.89,,independent,,2026-08-19 03:33:41.869990
CASE_001367,UNSEEN_CUST_00647,UNSEEN_CHK_002536,checkout,checkout_abandoned,13715.05,,independent,,2026-08-20 13:03:42.964546
CASE_001368,UNSEEN_CUST_00650,UNSEEN_CHK_002358,checkout,checkout_abandoned,43318.19,,independent,,2026-07-05 21:03:42.900540
CASE_001369,UNSEEN_CUST_00652,UNSEEN_CHK_001194,checkout,checkout_abandoned,10566.17,,independent,,2026-07-11 09:48:42.641187
CASE_001370,UNSEEN_CUST_00653,UNSEEN_INV_000653,invoice,invoice_overdue,21336.38,temporary_bank_failure,independent,,2026-06-15 20:09:43.503542
CASE_001371,UNSEEN_CUST_00653,UNSEEN_SUB_000653,subscription,subscription_failed,7161.36,temporary_bank_failure,independent,,2026-06-23 20:09:42.197301
CASE_001372,UNSEEN_CUST_00654,UNSEEN_CHK_000389,checkout,checkout_abandoned,9423.82,,independent,,2026-05-31 08:44:42.411199
CASE_001373,UNSEEN_CUST_00654,UNSEEN_CHK_003320,checkout,checkout_abandoned,11462.53,,independent,,2026-06-02 19:35:43.279537
CASE_001374,UNSEEN_CUST_00654,UNSEEN_CHK_001624,checkout,checkout_abandoned,25699.53,,independent,,2026-07-04 08:57:42.736814
CASE_001375,UNSEEN_CUST_00654,UNSEEN_SUB_000654,subscription,subscription_failed,9080.07,insufficient_funds,independent,,2026-07-06 20:09:42.197301
CASE_001376,UNSEEN_CUST_00654,UNSEEN_PAY_001946,payment,payment_failed,20055.39,temporary_bank_failure,independent,,2026-08-19 20:24:41.893985
CASE_001377,UNSEEN_CUST_00657,UNSEEN_SUB_000657,subscription,subscription_failed,9836.07,insufficient_funds,independent,,2026-04-22 20:09:42.197301
CASE_001378,UNSEEN_CUST_00657,UNSEEN_PAY_003444,payment,payment_failed,34462.24,temporary_bank_failure,independent,,2026-06-01 05:34:41.967990
CASE_001379,UNSEEN_CUST_00657,UNSEEN_CHK_003336,checkout,checkout_abandoned,27275.39,,independent,,2026-06-01 17:14:43.287539
CASE_001380,UNSEEN_CUST_00657,UNSEEN_PAY_004178,payment,payment_failed,8269.92,limit_exceeded,independent,,2026-06-22 11:13:42.002075
CASE_001381,UNSEEN_CUST_00659,UNSEEN_PAY_001727,payment,payment_failed,725.18,insufficient_funds,independent,,2026-07-11 08:39:41.884985
CASE_001382,UNSEEN_CUST_00660,UNSEEN_CHK_001197,checkout,checkout_abandoned,41102.18,,independent,,2026-06-14 00:49:41.996072
CASE_001383,UNSEEN_CUST_00662,UNSEEN_CHK_001058,checkout,checkout_abandoned,32397.85,,independent,,2026-06-17 21:48:42.606986
CASE_001384,UNSEEN_CUST_00662,UNSEEN_PAY_000946,payment,payment_failed,21614.25,limit_exceeded,independent,,2026-06-29 00:30:41.849478
CASE_001385,UNSEEN_CUST_00663,UNSEEN_PAY_006472,payment,payment_failed,25955.92,expired_instrument,independent,,2026-08-14 04:31:42.112079
CASE_001386,UNSEEN_CUST_00664,UNSEEN_SUB_000664,subscription,subscription_failed,16777.49,timeout,independent,,2026-07-12 20:09:42.197301
CASE_001387,UNSEEN_CUST_00665,UNSEEN_PAY_003656,payment,payment_failed,17815.63,risk_decline,independent,,2026-06-15 17:55:41.979070
CASE_001388,UNSEEN_CUST_00665,UNSEEN_SUB_000665,subscription,subscription_failed,12247.74,temporary_bank_failure,independent,,2026-07-17 20:09:42.197301
CASE_001389,UNSEEN_CUST_00666,UNSEEN_SUB_000666,subscription,subscription_failed,2849.36,unknown_failure,independent,,2026-05-26 20:09:42.198301
CASE_001390,UNSEEN_CUST_00666,UNSEEN_CHK_002223,checkout,checkout_abandoned,5469.45,,independent,,2026-08-03 01:46:42.019070
CASE_001391,UNSEEN_CUST_00667,UNSEEN_PAY_001225,payment,payment_failed,81621.33,insufficient_funds,independent,,2026-06-26 22:28:41.862990
CASE_001392,UNSEEN_CUST_00667,UNSEEN_CHK_001002,checkout,checkout_abandoned,79875.2,,independent,,2026-08-04 09:06:41.849478
CASE_001393,UNSEEN_CUST_00667,UNSEEN_CHK_001257,checkout,checkout_abandoned,25089.08,,independent,,2026-08-15 16:36:42.665187
CASE_001394,UNSEEN_CUST_00669,UNSEEN_INV_000669,invoice,invoice_overdue,6593.58,temporary_bank_failure,independent,,2026-06-07 20:09:43.505541
CASE_001395,UNSEEN_CUST_00669,UNSEEN_CHK_003015,checkout,checkout_abandoned,47413.38,,independent,,2026-08-08 14:24:43.148540
CASE_001396,UNSEEN_CUST_00670,UNSEEN_SUB_000670,subscription,subscription_failed,5121.15,blocked_instrument,independent,,2026-03-17 20:09:42.198301
CASE_001397,UNSEEN_CUST_00670,UNSEEN_INV_000670,invoice,invoice_overdue,61276.49,temporary_bank_failure,independent,,2026-05-10 20:09:43.506543
CASE_001398,UNSEEN_CUST_00670,UNSEEN_CHK_001567,checkout,checkout_abandoned,23749.75,,independent,,2026-06-13 09:35:42.009986
CASE_001399,UNSEEN_CUST_00670,UNSEEN_CHK_001172,checkout,checkout_abandoned,4009.9,,independent,,2026-06-22 17:30:42.637898
CASE_001400,UNSEEN_CUST_00672,UNSEEN_PAY_001144,payment,payment_failed,46475.02,insufficient_funds,independent,,2026-06-20 23:36:41.859983
CASE_001401,UNSEEN_CUST_00672,UNSEEN_CHK_001971,checkout,checkout_abandoned,4585.58,,independent,,2026-08-04 12:27:42.806464
CASE_001402,UNSEEN_CUST_00674,UNSEEN_SUB_000674,subscription,subscription_failed,12832.82,insufficient_funds,independent,,2026-06-14 20:09:42.198301
CASE_001403,UNSEEN_CUST_00674,UNSEEN_INV_000674,invoice,invoice_overdue,58508.03,temporary_bank_failure,independent,,2026-07-05 20:09:43.506543
CASE_001404,UNSEEN_CUST_00675,UNSEEN_CHK_001509,checkout,checkout_abandoned,41485.56,,independent,,2026-06-14 00:47:42.711187
CASE_001405,UNSEEN_CUST_00675,UNSEEN_CHK_000737,checkout,checkout_abandoned,25444.39,,independent,,2026-07-18 08:38:42.512902
CASE_001406,UNSEEN_CUST_00675,UNSEEN_CHK_002911,checkout,checkout_abandoned,32912.73,,independent,,2026-08-13 13:21:43.119538
CASE_001407,UNSEEN_CUST_00676,UNSEEN_SUB_000676,subscription,subscription_failed,6279.54,unknown_failure,independent,,2026-07-07 20:09:42.198301
CASE_001408,UNSEEN_CUST_00676,UNSEEN_CHK_003129,checkout,checkout_abandoned,43146.44,,independent,,2026-07-18 12:36:43.204541
CASE_001409,UNSEEN_CUST_00677,UNSEEN_PAY_000261,payment,payment_failed,10048.83,insufficient_funds,independent,,2026-06-15 10:47:41.808988
CASE_001410,UNSEEN_CUST_00677,UNSEEN_PAY_006935,payment,payment_failed,31517.93,blocked_instrument,independent,,2026-07-29 22:35:42.132076
CASE_001411,UNSEEN_CUST_00679,UNSEEN_CHK_002861,checkout,checkout_abandoned,6018.91,,independent,,2026-06-10 06:53:43.108546
CASE_001412,UNSEEN_CUST_00679,UNSEEN_PAY_003015,payment,payment_failed,3252.73,insufficient_funds,independent,,2026-08-10 17:54:41.942990
CASE_001413,UNSEEN_CUST_00679,UNSEEN_PAY_003726,payment,payment_failed,5284.02,temporary_bank_failure,independent,,2026-08-12 06:10:41.982986
CASE_001414,UNSEEN_CUST_00680,UNSEEN_SUB_000680,subscription,subscription_failed,4183.79,timeout,independent,,2026-03-06 20:09:42.198301
CASE_001415,UNSEEN_CUST_00680,UNSEEN_CHK_001289,checkout,checkout_abandoned,45185.51,,independent,,2026-07-15 00:30:42.672187
CASE_001416,UNSEEN_CUST_00681,UNSEEN_PAY_003384,payment,payment_failed,22907.34,insufficient_funds,independent,,2026-07-06 04:12:41.963990
CASE_001417,UNSEEN_CUST_00681,UNSEEN_CHK_001349,checkout,checkout_abandoned,49994.06,,independent,,2026-08-07 19:57:42.683187
CASE_001418,UNSEEN_CUST_00683,UNSEEN_CHK_002291,checkout,checkout_abandoned,819.23,,independent,,2026-07-18 23:22:41.887985
CASE_001419,UNSEEN_CUST_00683,UNSEEN_CHK_002570,checkout,checkout_abandoned,825.26,,independent,,2026-07-19 02:26:41.887985
CASE_001420,UNSEEN_CUST_00683,UNSEEN_CHK_001342,checkout,checkout_abandoned,823.95,,independent,,2026-07-19 03:25:41.887985
CASE_001421,UNSEEN_CUST_00684,UNSEEN_CHK_001815,checkout,checkout_abandoned,91425.29,,independent,,2026-08-14 13:31:42.773814
CASE_001422,UNSEEN_CUST_00686,UNSEEN_CHK_002545,checkout,checkout_abandoned,3880.35,,independent,,2026-07-16 13:00:42.965546
CASE_001423,UNSEEN_CUST_00687,UNSEEN_SUB_000687,subscription,subscription_failed,8068.48,timeout,independent,,2026-06-18 20:09:42.198301
CASE_001424,UNSEEN_CUST_00687,UNSEEN_INV_000687,invoice,invoice_overdue,85555.9,risk_decline,independent,,2026-07-01 20:09:43.508543
CASE_001425,UNSEEN_CUST_00687,UNSEEN_CHK_000691,checkout,checkout_abandoned,86509.99,,independent,,2026-08-18 22:22:42.504555
CASE_001426,UNSEEN_CUST_00690,UNSEEN_SUB_000690,subscription,subscription_failed,8526.42,authentication_failed,independent,,2026-03-17 20:09:42.198301
CASE_001427,UNSEEN_CUST_00690,UNSEEN_CHK_001014,checkout,checkout_abandoned,20831.19,,independent,,2026-06-01 06:03:42.590985
CASE_001428,UNSEEN_CUST_00690,UNSEEN_CHK_001151,checkout,checkout_abandoned,36086.5,,independent,,2026-06-22 02:40:41.991079
CASE_001429,UNSEEN_CUST_00690,UNSEEN_CHK_001616,checkout,checkout_abandoned,39002.6,,independent,,2026-06-22 04:58:41.991079
CASE_001430,UNSEEN_CUST_00690,UNSEEN_INV_000690,invoice,invoice_overdue,52158.06,blocked_instrument,independent,,2026-07-05 20:09:43.509543
CASE_001431,UNSEEN_CUST_00691,UNSEEN_SUB_000691,subscription,subscription_failed,5392.66,temporary_bank_failure,independent,,2026-06-05 20:09:42.198301
CASE_001432,UNSEEN_CUST_00692,UNSEEN_CHK_003168,checkout,checkout_abandoned,25494.36,,independent,,2026-07-07 21:17:43.223540
CASE_001433,UNSEEN_CUST_00693,UNSEEN_PAY_001005,payment,payment_failed,5762.31,timeout,independent,,2026-08-16 13:41:41.852484
CASE_001434,UNSEEN_CUST_00695,UNSEEN_SUB_000695,subscription,subscription_failed,19484.96,authentication_failed,independent,,2026-05-31 20:09:42.199301
CASE_001435,UNSEEN_CUST_00696,UNSEEN_CHK_000438,checkout,checkout_abandoned,16050.88,,independent,,2026-06-23 04:03:42.425201
CASE_001436,UNSEEN_CUST_00697,UNSEEN_SUB_000697,subscription,subscription_failed,1986.59,insufficient_funds,independent,,2026-06-17 20:09:42.199301
CASE_001437,UNSEEN_CUST_00697,UNSEEN_INV_000697,invoice,invoice_overdue,63909.73,expired_instrument,independent,,2026-07-19 20:09:43.510539
CASE_001438,UNSEEN_CUST_00697,UNSEEN_CHK_001028,checkout,checkout_abandoned,5444.67,,independent,,2026-08-21 20:15:42.594981
CASE_001439,UNSEEN_CUST_00698,UNSEEN_SUB_000698,subscription,subscription_failed,6374.94,unknown_failure,independent,,2026-06-10 20:09:42.199301
CASE_001440,UNSEEN_CUST_00698,UNSEEN_CHK_001304,checkout,checkout_abandoned,11532.12,,independent,,2026-06-17 23:35:42.675187
CASE_001441,UNSEEN_CUST_00698,UNSEEN_INV_000698,invoice,invoice_overdue,6117.71,temporary_bank_failure,independent,,2026-06-29 20:09:43.510539
CASE_001442,UNSEEN_CUST_00699,UNSEEN_INV_000699,invoice,invoice_overdue,75122.3,temporary_bank_failure,independent,,2026-03-07 20:09:43.510539
CASE_001443,UNSEEN_CUST_00700,UNSEEN_INV_000700,invoice,invoice_overdue,65426.18,blocked_instrument,independent,,2026-05-27 20:09:43.511542
CASE_001444,UNSEEN_CUST_00701,UNSEEN_PAY_006846,payment,payment_failed,28330.76,risk_decline,independent,,2026-07-31 18:15:42.128065
CASE_001445,UNSEEN_CUST_00702,UNSEEN_CHK_002292,checkout,checkout_abandoned,5878.93,,independent,,2026-06-11 16:16:42.872458
CASE_001446,UNSEEN_CUST_00702,UNSEEN_SUB_000702,subscription,subscription_failed,2834.55,unknown_failure,independent,,2026-06-11 20:09:42.199301
CASE_001447,UNSEEN_CUST_00702,UNSEEN_PAY_002510,payment,payment_failed,5904.82,temporary_bank_failure,independent,,2026-08-05 04:03:41.917985
CASE_001448,UNSEEN_CUST_00703,UNSEEN_SUB_000703,subscription,subscription_failed,2567.57,expired_instrument,independent,,2026-03-09 20:09:42.199301
CASE_001449,UNSEEN_CUST_00703,UNSEEN_PAY_006468,payment,payment_failed,25697.59,timeout,independent,,2026-07-09 10:01:42.112079
CASE_001450,UNSEEN_CUST_00704,UNSEEN_PAY_004282,payment,payment_failed,80853.13,temporary_bank_failure,independent,,2026-08-07 04:45:42.006989
CASE_001451,UNSEEN_CUST_00704,UNSEEN_INV_000704,invoice,invoice_overdue,71422.02,expired_instrument,independent,,2026-08-08 20:09:43.511542
CASE_001452,UNSEEN_CUST_00705,UNSEEN_CHK_002230,checkout,checkout_abandoned,12381.88,,independent,,2026-07-22 04:18:42.863458
CASE_001453,UNSEEN_CUST_00707,UNSEEN_SUB_000707,subscription,subscription_failed,6380.3,temporary_bank_failure,independent,,2026-03-06 20:09:42.199301
CASE_001454,UNSEEN_CUST_00708,UNSEEN_SUB_000708,subscription,subscription_failed,6384.13,insufficient_funds,independent,,2026-06-05 20:09:42.199301
CASE_001455,UNSEEN_CUST_00708,UNSEEN_CHK_002435,checkout,checkout_abandoned,8710.9,,independent,,2026-06-27 23:41:42.928541
CASE_001456,UNSEEN_CUST_00708,UNSEEN_PAY_006290,payment,payment_failed,14313.45,unknown_failure,independent,,2026-07-10 20:31:42.102072
CASE_001457,UNSEEN_CUST_00709,UNSEEN_INV_000709,invoice,invoice_overdue,137231.68,temporary_bank_failure,independent,,2026-08-04 20:09:43.512541
CASE_001458,UNSEEN_CUST_00712,UNSEEN_CHK_002092,checkout,checkout_abandoned,18962.97,,independent,,2026-08-07 01:53:42.830458
CASE_001459,UNSEEN_CUST_00713,UNSEEN_PAY_004821,payment,payment_failed,17612.87,insufficient_funds,independent,,2026-08-19 07:13:42.031066
CASE_001460,UNSEEN_CUST_00715,UNSEEN_CHK_001008,checkout,checkout_abandoned,3792.24,,independent,,2026-05-30 09:02:42.589900
CASE_001461,UNSEEN_CUST_00715,UNSEEN_INV_000715,invoice,invoice_overdue,45040.29,expired_instrument,independent,,2026-06-09 20:09:43.513536
CASE_001462,UNSEEN_CUST_00717,UNSEEN_PAY_002461,payment,payment_failed,21574.82,limit_exceeded,independent,,2026-07-20 22:06:41.915985
CASE_001463,UNSEEN_CUST_00717,UNSEEN_SUB_000717,subscription,subscription_failed,5066.15,unknown_failure,independent,,2026-08-03 20:09:42.199301
CASE_001464,UNSEEN_CUST_00718,UNSEEN_INV_000718,invoice,invoice_overdue,39361.38,insufficient_funds,independent,,2026-05-15 20:09:43.513536
CASE_001465,UNSEEN_CUST_00718,UNSEEN_PAY_000215,payment,payment_failed,6511.07,insufficient_funds,independent,,2026-06-04 22:05:41.806579
CASE_001466,UNSEEN_CUST_00718,UNSEEN_CHK_002031,checkout,checkout_abandoned,15518.0,,independent,,2026-06-07 07:46:42.817458
CASE_001467,UNSEEN_CUST_00719,UNSEEN_SUB_000719,subscription,subscription_failed,962.75,unknown_failure,independent,,2026-04-17 20:09:42.200301
CASE_001468,UNSEEN_CUST_00719,UNSEEN_INV_000719,invoice,invoice_overdue,12706.89,temporary_bank_failure,independent,,2026-05-11 20:09:43.513536
CASE_001469,UNSEEN_CUST_00719,UNSEEN_CHK_002417,checkout,checkout_abandoned,1592.22,,independent,,2026-06-21 13:14:42.923560
CASE_001470,UNSEEN_CUST_00719,UNSEEN_CHK_000098,checkout,checkout_abandoned,18276.11,,independent,,2026-08-15 03:22:42.316724
CASE_001471,UNSEEN_CUST_00720,UNSEEN_CHK_002289,checkout,checkout_abandoned,34825.84,,independent,,2026-05-27 20:54:42.870458
CASE_001472,UNSEEN_CUST_00720,UNSEEN_CHK_002547,checkout,checkout_abandoned,20168.35,,independent,,2026-06-02 08:38:42.966539
CASE_001473,UNSEEN_CUST_00721,UNSEEN_PAY_000990,payment,payment_failed,18799.46,risk_decline,independent,,2026-08-03 05:36:41.851478
CASE_001474,UNSEEN_CUST_00721,UNSEEN_CHK_002162,checkout,checkout_abandoned,41598.11,,independent,,2026-08-14 19:19:42.850458
CASE_001475,UNSEEN_CUST_00721,UNSEEN_INV_000721,invoice,invoice_overdue,68367.17,temporary_bank_failure,independent,,2026-08-23 20:09:43.514541
CASE_001476,UNSEEN_CUST_00722,UNSEEN_INV_000722,invoice,invoice_overdue,40422.82,timeout,independent,,2026-06-11 20:09:43.514541
CASE_001477,UNSEEN_CUST_00722,UNSEEN_CHK_000949,checkout,checkout_abandoned,22115.92,,independent,,2026-08-23 10:21:42.064990
CASE_001478,UNSEEN_CUST_00724,UNSEEN_PAY_002755,payment,payment_failed,22676.93,risk_decline,independent,,2026-05-31 05:23:41.929989
CASE_001479,UNSEEN_CUST_00724,UNSEEN_CHK_001430,checkout,checkout_abandoned,27305.93,,independent,,2026-07-12 22:00:42.697187
CASE_001480,UNSEEN_CUST_00725,UNSEEN_INV_000725,invoice,invoice_overdue,21495.41,insufficient_funds,independent,,2026-04-23 20:09:43.514541
CASE_001481,UNSEEN_CUST_00725,UNSEEN_CHK_001792,checkout,checkout_abandoned,42971.13,,independent,,2026-06-05 03:45:41.832480
CASE_001482,UNSEEN_CUST_00726,UNSEEN_CHK_002951,checkout,checkout_abandoned,27091.56,,independent,,2026-06-08 00:23:43.127537
CASE_001483,UNSEEN_CUST_00726,UNSEEN_CHK_001401,checkout,checkout_abandoned,47085.75,,independent,,2026-08-16 03:03:42.693187
CASE_001484,UNSEEN_CUST_00729,UNSEEN_CHK_002524,checkout,checkout_abandoned,97520.59,,independent,,2026-07-06 13:37:42.960539
CASE_001485,UNSEEN_CUST_00729,UNSEEN_CHK_002641,checkout,checkout_abandoned,71238.56,,independent,,2026-08-01 18:39:43.015538
CASE_001486,UNSEEN_CUST_00730,UNSEEN_SUB_000730,subscription,subscription_failed,9918.13,blocked_instrument,independent,,2026-06-20 20:09:42.200301
CASE_001487,UNSEEN_CUST_00730,UNSEEN_CHK_001390,checkout,checkout_abandoned,28512.03,,independent,,2026-08-02 13:25:42.691187
CASE_001488,UNSEEN_CUST_00732,UNSEEN_PAY_003686,payment,payment_failed,39853.07,temporary_bank_failure,independent,,2026-06-09 16:45:41.981072
CASE_001489,UNSEEN_CUST_00732,UNSEEN_CHK_000293,checkout,checkout_abandoned,19266.56,,independent,,2026-07-26 07:36:42.376050
CASE_001490,UNSEEN_CUST_00732,UNSEEN_PAY_002371,payment,payment_failed,13013.79,temporary_bank_failure,independent,,2026-08-16 18:55:41.911985
CASE_001491,UNSEEN_CUST_00733,UNSEEN_INV_000733,invoice,invoice_overdue,70804.37,temporary_bank_failure,independent,,2026-03-04 20:09:43.516540
CASE_001492,UNSEEN_CUST_00733,UNSEEN_SUB_000733,subscription,subscription_failed,9837.83,temporary_bank_failure,independent,,2026-04-29 20:09:42.200301
CASE_001493,UNSEEN_CUST_00734,UNSEEN_SUB_000734,subscription,subscription_failed,4159.71,timeout,independent,,2026-06-17 20:09:42.200301
CASE_001494,UNSEEN_CUST_00734,UNSEEN_PAY_005218,payment,payment_failed,15681.99,insufficient_funds,independent,,2026-07-03 23:16:42.047986
CASE_001495,UNSEEN_CUST_00735,UNSEEN_PAY_005320,payment,payment_failed,39377.64,insufficient_funds,independent,,2026-07-28 04:38:42.053073
CASE_001496,UNSEEN_CUST_00736,UNSEEN_PAY_000661,payment,payment_failed,19761.5,timeout,independent,,2026-06-19 04:33:41.833480
CASE_001497,UNSEEN_CUST_00737,UNSEEN_CHK_000390,checkout,checkout_abandoned,28753.87,,independent,,2026-06-04 01:23:42.411199
CASE_001498,UNSEEN_CUST_00738,UNSEEN_CHK_002251,checkout,checkout_abandoned,49360.22,,independent,,2026-06-17 18:43:42.866458
CASE_001499,UNSEEN_CUST_00739,UNSEEN_CHK_003124,checkout,checkout_abandoned,32645.41,,independent,,2026-06-18 10:15:42.080084
CASE_001500,UNSEEN_CUST_00739,UNSEEN_PAY_006801,payment,payment_failed,4905.35,unknown_failure,independent,,2026-07-18 16:31:42.126065
CASE_001501,UNSEEN_CUST_00739,UNSEEN_PAY_000274,payment,payment_failed,28187.15,unknown_failure,independent,,2026-08-13 12:56:41.809992
CASE_001502,UNSEEN_CUST_00740,UNSEEN_CHK_000070,checkout,checkout_abandoned,40865.89,,independent,,2026-07-23 09:25:42.309724
CASE_001503,UNSEEN_CUST_00740,UNSEEN_CHK_001631,checkout,checkout_abandoned,37636.04,,independent,,2026-08-23 06:37:42.737814
CASE_001504,UNSEEN_CUST_00741,UNSEEN_SUB_000741,subscription,subscription_failed,8908.2,timeout,independent,,2026-03-21 20:09:42.200301
CASE_001505,UNSEEN_CUST_00743,UNSEEN_CHK_001628,checkout,checkout_abandoned,27562.12,,independent,,2026-07-02 21:44:42.737814
CASE_001506,UNSEEN_CUST_00743,UNSEEN_PAY_005269,payment,payment_failed,35746.44,insufficient_funds,independent,,2026-08-01 20:47:42.050993
CASE_001507,UNSEEN_CUST_00743,UNSEEN_CHK_001232,checkout,checkout_abandoned,38841.43,,independent,,2026-08-10 10:48:42.653187
CASE_001508,UNSEEN_CUST_00744,UNSEEN_PAY_001768,payment,payment_failed,25311.36,unknown_failure,independent,,2026-07-30 07:47:41.886985
CASE_001509,UNSEEN_CUST_00746,UNSEEN_CHK_000224,checkout,checkout_abandoned,18372.78,,independent,,2026-06-27 00:49:42.349839
CASE_001510,UNSEEN_CUST_00747,UNSEEN_SUB_000747,subscription,subscription_failed,8752.01,temporary_bank_failure,independent,,2026-06-22 20:09:42.200301
CASE_001511,UNSEEN_CUST_00747,UNSEEN_PAY_003980,payment,payment_failed,40793.07,risk_decline,independent,,2026-08-20 05:07:41.993986
CASE_001512,UNSEEN_CUST_00749,UNSEEN_INV_000749,invoice,invoice_overdue,12329.55,expired_instrument,independent,,2026-03-20 20:09:43.518540
CASE_001513,UNSEEN_CUST_00749,UNSEEN_PAY_000006,payment,payment_failed,9473.12,authentication_failed,independent,,2026-06-06 22:33:41.796074
CASE_001514,UNSEEN_CUST_00749,UNSEEN_CHK_002255,checkout,checkout_abandoned,10405.4,,independent,,2026-07-19 22:55:42.867458
CASE_001515,UNSEEN_CUST_00749,UNSEEN_CHK_002337,checkout,checkout_abandoned,13120.74,,independent,,2026-07-26 21:18:42.893539
CASE_001516,UNSEEN_CUST_00749,UNSEEN_CHK_001858,checkout,checkout_abandoned,4367.07,,independent,,2026-08-09 06:37:42.786814
CASE_001517,UNSEEN_CUST_00749,UNSEEN_CHK_001414,checkout,checkout_abandoned,7052.0,,independent,,2026-08-22 17:40:42.694187
CASE_001518,UNSEEN_CUST_00750,UNSEEN_PAY_002711,payment,payment_failed,35794.87,insufficient_funds,independent,,2026-06-27 10:05:41.927989
CASE_001519,UNSEEN_CUST_00750,UNSEEN_INV_000750,invoice,invoice_overdue,66670.51,insufficient_funds,independent,,2026-07-08 20:09:43.518540
CASE_001520,UNSEEN_CUST_00750,UNSEEN_SUB_000750,subscription,subscription_failed,3766.49,temporary_bank_failure,independent,,2026-08-19 20:09:42.201301
CASE_001521,UNSEEN_CUST_00751,UNSEEN_CHK_001210,checkout,checkout_abandoned,51282.72,,independent,,2026-08-07 17:47:42.648188
CASE_001522,UNSEEN_CUST_00752,UNSEEN_PAY_002722,payment,payment_failed,4212.16,temporary_bank_failure,independent,,2026-06-28 16:44:41.928990
CASE_001523,UNSEEN_CUST_00752,UNSEEN_CHK_000124,checkout,checkout_abandoned,45639.17,,independent,,2026-08-04 13:49:42.325836
CASE_001524,UNSEEN_CUST_00754,UNSEEN_SUB_000754,subscription,subscription_failed,13561.15,blocked_instrument,independent,,2026-05-12 20:09:42.201301
CASE_001525,UNSEEN_CUST_00754,UNSEEN_PAY_000510,payment,payment_failed,42545.5,timeout,independent,,2026-08-03 17:32:41.825479
CASE_001526,UNSEEN_CUST_00755,UNSEEN_SUB_000755,subscription,subscription_failed,1149.98,timeout,independent,,2026-06-24 20:09:42.201301
CASE_001527,UNSEEN_CUST_00756,UNSEEN_SUB_000756,subscription,subscription_failed,18674.73,insufficient_funds,independent,,2026-04-10 20:09:42.201301
CASE_001528,UNSEEN_CUST_00756,UNSEEN_CHK_000574,checkout,checkout_abandoned,82736.99,,independent,,2026-07-17 08:52:42.470557
CASE_001529,UNSEEN_CUST_00757,UNSEEN_PAY_005285,payment,payment_failed,15741.05,temporary_bank_failure,independent,,2026-07-15 01:00:42.051996
CASE_001530,UNSEEN_CUST_00757,UNSEEN_PAY_002225,payment,payment_failed,5173.57,insufficient_funds,independent,,2026-08-19 14:03:41.905985
CASE_001531,UNSEEN_CUST_00758,UNSEEN_SUB_000758,subscription,subscription_failed,4246.6,temporary_bank_failure,independent,,2026-07-10 20:09:42.201301
CASE_001532,UNSEEN_CUST_00758,UNSEEN_CHK_002115,checkout,checkout_abandoned,1506.62,,independent,,2026-07-24 03:01:42.837458
CASE_001533,UNSEEN_CUST_00759,UNSEEN_CHK_003057,checkout,checkout_abandoned,12340.54,,independent,,2026-07-09 06:30:43.170536
CASE_001534,UNSEEN_CUST_00760,UNSEEN_CHK_002235,checkout,checkout_abandoned,23616.56,,independent,,2026-06-02 14:37:42.863458
CASE_001535,UNSEEN_CUST_00760,UNSEEN_PAY_006021,payment,payment_failed,34046.16,authentication_failed,independent,,2026-06-17 09:06:42.087074
CASE_001536,UNSEEN_CUST_00761,UNSEEN_SUB_000761,subscription,subscription_failed,6842.91,risk_decline,independent,,2026-06-15 20:09:42.201301
CASE_001537,UNSEEN_CUST_00762,UNSEEN_PAY_006779,payment,payment_failed,16010.58,insufficient_funds,independent,,2026-07-04 13:57:42.125065
CASE_001538,UNSEEN_CUST_00765,UNSEEN_INV_000765,invoice,invoice_overdue,37191.63,authentication_failed,independent,,2026-03-27 20:09:43.520547
CASE_001539,UNSEEN_CUST_00766,UNSEEN_INV_000766,invoice,invoice_overdue,26057.7,risk_decline,independent,,2026-07-22 20:09:43.520547
CASE_001540,UNSEEN_CUST_00767,UNSEEN_PAY_005353,payment,payment_failed,32703.81,risk_decline,independent,,2026-07-17 15:33:42.055072
CASE_001541,UNSEEN_CUST_00768,UNSEEN_CHK_001093,checkout,checkout_abandoned,2738.42,,independent,,2026-06-17 22:59:42.619986
CASE_001542,UNSEEN_CUST_00769,UNSEEN_SUB_000769,subscription,subscription_failed,13386.87,expired_instrument,independent,,2026-06-16 20:09:42.201301
CASE_001543,UNSEEN_CUST_00769,UNSEEN_PAY_005709,payment,payment_failed,7930.39,timeout,independent,,2026-07-17 18:47:42.070069
CASE_001544,UNSEEN_CUST_00769,UNSEEN_INV_000769,invoice,invoice_overdue,63352.62,unknown_failure,independent,,2026-08-04 20:09:43.521540
CASE_001545,UNSEEN_CUST_00770,UNSEEN_CHK_000238,checkout,checkout_abandoned,39257.7,,independent,,2026-07-11 02:46:42.353839
CASE_001546,UNSEEN_CUST_00771,UNSEEN_CHK_001121,checkout,checkout_abandoned,19132.84,,independent,,2026-08-10 10:27:42.622900
CASE_001547,UNSEEN_CUST_00772,UNSEEN_CHK_003189,checkout,checkout_abandoned,48416.17,,independent,,2026-07-03 03:32:43.232537
CASE_001548,UNSEEN_CUST_00772,UNSEEN_CHK_002357,checkout,checkout_abandoned,22899.53,,independent,,2026-08-13 12:56:42.900540
CASE_001549,UNSEEN_CUST_00773,UNSEEN_CHK_001911,checkout,checkout_abandoned,1536.59,,independent,,2026-08-16 23:33:42.795814
CASE_001550,UNSEEN_CUST_00774,UNSEEN_CHK_003069,checkout,checkout_abandoned,13214.0,,independent,,2026-06-22 04:36:43.178538
CASE_001551,UNSEEN_CUST_00774,UNSEEN_PAY_006784,payment,payment_failed,3350.76,insufficient_funds,independent,,2026-08-12 13:05:42.125065
CASE_001552,UNSEEN_CUST_00775,UNSEEN_SUB_000775,subscription,subscription_failed,12602.47,risk_decline,independent,,2026-07-27 20:09:42.201301
CASE_001553,UNSEEN_CUST_00777,UNSEEN_CHK_002496,checkout,checkout_abandoned,23010.87,,independent,,2026-07-30 13:59:42.956542
CASE_001554,UNSEEN_CUST_00777,UNSEEN_PAY_005561,payment,payment_failed,2911.14,temporary_bank_failure,independent,,2026-08-03 22:21:42.064071
CASE_001555,UNSEEN_CUST_00778,UNSEEN_PAY_002924,payment,payment_failed,4344.05,timeout,independent,,2026-07-21 07:33:41.937990
CASE_001556,UNSEEN_CUST_00779,UNSEEN_PAY_003274,payment,payment_failed,40238.43,authentication_failed,independent,,2026-07-18 21:16:41.957990
CASE_001557,UNSEEN_CUST_00780,UNSEEN_CHK_002197,checkout,checkout_abandoned,50412.44,,independent,,2026-07-19 06:26:42.856458
CASE_001558,UNSEEN_CUST_00783,UNSEEN_CHK_002061,checkout,checkout_abandoned,36600.2,,independent,,2026-06-27 09:13:42.825458
CASE_001559,UNSEEN_CUST_00783,UNSEEN_PAY_004063,payment,payment_failed,9762.64,expired_instrument,independent,,2026-07-18 03:06:41.997028
CASE_001560,UNSEEN_CUST_00784,UNSEEN_INV_000784,invoice,invoice_overdue,11803.58,insufficient_funds,independent,,2026-07-31 20:09:43.523545
CASE_001561,UNSEEN_CUST_00785,UNSEEN_SUB_000785,subscription,subscription_failed,5599.23,unknown_failure,independent,,2026-05-12 20:09:42.202301
CASE_001562,UNSEEN_CUST_00785,UNSEEN_INV_000785,invoice,invoice_overdue,55422.43,insufficient_funds,independent,,2026-07-27 20:09:43.524542
CASE_001563,UNSEEN_CUST_00786,UNSEEN_CHK_002116,checkout,checkout_abandoned,72372.74,,independent,,2026-06-13 04:23:42.837458
CASE_001564,UNSEEN_CUST_00786,UNSEEN_PAY_003696,payment,payment_failed,22616.14,expired_instrument,independent,,2026-07-24 11:42:41.981072
CASE_001565,UNSEEN_CUST_00786,UNSEEN_CHK_000623,checkout,checkout_abandoned,68838.71,,independent,,2026-07-25 21:20:42.484555
CASE_001566,UNSEEN_CUST_00786,UNSEEN_PAY_003255,payment,payment_failed,94585.32,risk_decline,independent,,2026-07-29 06:17:41.956992
CASE_001567,UNSEEN_CUST_00787,UNSEEN_INV_000787,invoice,invoice_overdue,56450.11,limit_exceeded,independent,,2026-05-02 20:09:43.524542
CASE_001568,UNSEEN_CUST_00787,UNSEEN_PAY_003734,payment,payment_failed,87312.94,authentication_failed,independent,,2026-07-11 19:44:41.982986
CASE_001569,UNSEEN_CUST_00788,UNSEEN_CHK_002636,checkout,checkout_abandoned,15382.25,,independent,,2026-07-09 12:02:43.012537
CASE_001570,UNSEEN_CUST_00792,UNSEEN_SUB_000792,subscription,subscription_failed,4139.72,temporary_bank_failure,independent,,2026-05-23 20:09:42.202301
CASE_001571,UNSEEN_CUST_00793,UNSEEN_CHK_000358,checkout,checkout_abandoned,7731.05,,independent,,2026-08-18 14:44:42.399199
CASE_001572,UNSEEN_CUST_00796,UNSEEN_INV_000796,invoice,invoice_overdue,146439.26,insufficient_funds,independent,,2026-05-17 20:09:43.525543
CASE_001573,UNSEEN_CUST_00797,UNSEEN_CHK_001370,checkout,checkout_abandoned,17314.11,,independent,,2026-06-22 13:45:42.688187
CASE_001574,UNSEEN_CUST_00799,UNSEEN_PAY_002323,payment,payment_failed,2064.32,limit_exceeded,independent,,2026-06-06 08:29:41.909985
CASE_001575,UNSEEN_CUST_00800,UNSEEN_CHK_000956,checkout,checkout_abandoned,4514.28,,independent,,2026-08-11 11:02:42.573900
CASE_001576,UNSEEN_CUST_00800,UNSEEN_PAY_006811,payment,payment_failed,31644.29,blocked_instrument,independent,,2026-08-22 16:41:42.126065
CASE_001577,UNSEEN_CUST_00801,UNSEEN_CHK_000936,checkout,checkout_abandoned,38964.16,,independent,,2026-07-23 12:15:42.567981
CASE_001578,UNSEEN_CUST_00801,UNSEEN_CHK_002135,checkout,checkout_abandoned,14627.33,,independent,,2026-08-11 07:24:42.842458
CASE_001579,UNSEEN_CUST_00802,UNSEEN_CHK_000978,checkout,checkout_abandoned,79105.65,,independent,,2026-06-05 06:15:42.580900
CASE_001580,UNSEEN_CUST_00803,UNSEEN_INV_000803,invoice,invoice_overdue,55909.8,blocked_instrument,independent,,2026-03-16 20:09:43.526546
CASE_001581,UNSEEN_CUST_00803,UNSEEN_CHK_000636,checkout,checkout_abandoned,34218.36,,independent,,2026-05-30 21:47:41.845481
CASE_001582,UNSEEN_CUST_00803,UNSEEN_PAY_005912,payment,payment_failed,31292.11,unknown_failure,independent,,2026-06-08 08:14:42.081065
CASE_001583,UNSEEN_CUST_00805,UNSEEN_PAY_001956,payment,payment_failed,16682.3,unknown_failure,independent,,2026-06-30 03:51:41.894985
CASE_001584,UNSEEN_CUST_00805,UNSEEN_PAY_001072,payment,payment_failed,47471.93,limit_exceeded,independent,,2026-07-03 19:07:41.855491
CASE_001585,UNSEEN_CUST_00807,UNSEEN_CHK_000040,checkout,checkout_abandoned,7325.96,,independent,,2026-06-16 04:15:42.298724
CASE_001586,UNSEEN_CUST_00807,UNSEEN_PAY_000455,payment,payment_failed,1025.02,limit_exceeded,independent,,2026-07-30 17:01:41.819991
CASE_001587,UNSEEN_CUST_00809,UNSEEN_CHK_000618,checkout,checkout_abandoned,1773.9,,independent,,2026-06-05 03:23:42.482555
CASE_001588,UNSEEN_CUST_00810,UNSEEN_INV_000810,invoice,invoice_overdue,42134.92,limit_exceeded,independent,,2026-05-19 20:09:43.527543
CASE_001589,UNSEEN_CUST_00811,UNSEEN_SUB_000811,subscription,subscription_failed,2150.66,limit_exceeded,independent,,2026-04-10 20:09:42.203301
CASE_001590,UNSEEN_CUST_00812,UNSEEN_PAY_004351,payment,payment_failed,8173.42,insufficient_funds,independent,,2026-07-24 19:46:42.010987
CASE_001591,UNSEEN_CUST_00813,UNSEEN_CHK_000236,checkout,checkout_abandoned,38755.01,,independent,,2026-07-02 18:56:42.015073
CASE_001592,UNSEEN_CUST_00813,UNSEEN_PAY_005270,payment,payment_failed,24848.46,limit_exceeded,independent,,2026-07-15 13:14:42.050993
CASE_001593,UNSEEN_CUST_00813,UNSEEN_CHK_000119,checkout,checkout_abandoned,14418.43,,independent,,2026-08-18 05:44:42.323832
CASE_001594,UNSEEN_CUST_00813,UNSEEN_PAY_000731,payment,payment_failed,43834.0,timeout,independent,,2026-08-24 06:01:41.837480
CASE_001595,UNSEEN_CUST_00814,UNSEEN_INV_000814,invoice,invoice_overdue,17718.39,blocked_instrument,independent,,2026-04-30 20:09:43.528540
CASE_001596,UNSEEN_CUST_00814,UNSEEN_CHK_002838,checkout,checkout_abandoned,36830.44,,independent,,2026-07-17 11:27:43.098539
CASE_001597,UNSEEN_CUST_00815,UNSEEN_SUB_000815,subscription,subscription_failed,6550.57,timeout,independent,,2026-07-08 20:09:42.203301
CASE_001598,UNSEEN_CUST_00815,UNSEEN_INV_000815,invoice,invoice_overdue,68195.41,timeout,independent,,2026-08-10 20:09:43.528540
CASE_001599,UNSEEN_CUST_00819,UNSEEN_PAY_004589,payment,payment_failed,25080.41,limit_exceeded,independent,,2026-06-21 16:41:42.021069
CASE_001600,UNSEEN_CUST_00820,UNSEEN_INV_000820,invoice,invoice_overdue,45676.57,timeout,independent,,2026-06-03 20:09:43.529538
CASE_001601,UNSEEN_CUST_00821,UNSEEN_INV_000821,invoice,invoice_overdue,8949.35,blocked_instrument,independent,,2026-07-07 20:09:43.529538
CASE_001602,UNSEEN_CUST_00821,UNSEEN_CHK_003217,checkout,checkout_abandoned,36297.96,,independent,,2026-07-28 00:29:43.243536
CASE_001603,UNSEEN_CUST_00822,UNSEEN_CHK_003302,checkout,checkout_abandoned,28273.66,,independent,,2026-07-17 21:10:43.276537
CASE_001604,UNSEEN_CUST_00822,UNSEEN_CHK_000486,checkout,checkout_abandoned,14091.94,,independent,,2026-08-07 10:17:42.443645
CASE_001605,UNSEEN_CUST_00822,UNSEEN_PAY_002163,payment,payment_failed,15476.97,limit_exceeded,independent,,2026-08-15 21:52:41.903985
CASE_001606,UNSEEN_CUST_00823,UNSEEN_INV_000823,invoice,invoice_overdue,65416.18,timeout,independent,,2026-03-28 20:09:43.529538
CASE_001607,UNSEEN_CUST_00824,UNSEEN_INV_000824,invoice,invoice_overdue,15747.12,insufficient_funds,independent,,2026-06-07 20:09:43.530540
CASE_001608,UNSEEN_CUST_00824,UNSEEN_PAY_005103,payment,payment_failed,3648.38,timeout,independent,,2026-07-01 23:25:42.043078
CASE_001609,UNSEEN_CUST_00824,UNSEEN_PAY_004101,payment,payment_failed,9317.69,unknown_failure,independent,,2026-07-24 12:36:41.999067
CASE_001610,UNSEEN_CUST_00824,UNSEEN_CHK_001073,checkout,checkout_abandoned,14888.12,,independent,,2026-08-12 11:10:42.609898
CASE_001611,UNSEEN_CUST_00825,UNSEEN_CHK_002551,checkout,checkout_abandoned,44303.73,,independent,,2026-07-24 18:47:42.966539
CASE_001612,UNSEEN_CUST_00827,UNSEEN_PAY_003800,payment,payment_failed,37063.97,temporary_bank_failure,independent,,2026-06-04 22:22:41.986072
CASE_001613,UNSEEN_CUST_00827,UNSEEN_PAY_001361,payment,payment_failed,26113.85,temporary_bank_failure,independent,,2026-07-25 11:27:41.868990
CASE_001614,UNSEEN_CUST_00827,UNSEEN_CHK_003077,checkout,checkout_abandoned,2209.53,,independent,,2026-08-25 02:44:43.181544
CASE_001615,UNSEEN_CUST_00829,UNSEEN_INV_000829,invoice,invoice_overdue,43402.35,risk_decline,independent,,2026-07-13 20:09:43.530540
CASE_001616,UNSEEN_CUST_00829,UNSEEN_CHK_002863,checkout,checkout_abandoned,29412.67,,independent,,2026-08-21 17:43:43.108546
CASE_001617,UNSEEN_CUST_00830,UNSEEN_CHK_003211,checkout,checkout_abandoned,27472.71,,independent,,2026-07-18 09:05:43.240538
CASE_001618,UNSEEN_CUST_00831,UNSEEN_CHK_002658,checkout,checkout_abandoned,2628.39,,independent,,2026-07-29 12:00:43.028545
CASE_001619,UNSEEN_CUST_00832,UNSEEN_PAY_006654,payment,payment_failed,12583.95,risk_decline,independent,,2026-07-18 02:46:42.120065
CASE_001620,UNSEEN_CUST_00832,UNSEEN_CHK_003259,checkout,checkout_abandoned,17704.89,,independent,,2026-08-26 09:57:43.259537
CASE_001621,UNSEEN_CUST_00833,UNSEEN_CHK_002552,checkout,checkout_abandoned,40694.25,,independent,,2026-07-05 03:29:41.814992
CASE_001622,UNSEEN_CUST_00835,UNSEEN_CHK_000857,checkout,checkout_abandoned,38760.77,,independent,,2026-08-21 11:47:42.548984
CASE_001623,UNSEEN_CUST_00836,UNSEEN_INV_000836,invoice,invoice_overdue,68939.38,risk_decline,independent,,2026-06-23 20:09:43.531544
CASE_001624,UNSEEN_CUST_00836,UNSEEN_SUB_000836,subscription,subscription_failed,10591.04,blocked_instrument,independent,,2026-07-25 20:09:42.203301
CASE_001625,UNSEEN_CUST_00839,UNSEEN_PAY_000484,payment,payment_failed,79196.67,expired_instrument,independent,,2026-06-02 08:12:41.823475
CASE_001626,UNSEEN_CUST_00839,UNSEEN_PAY_000092,payment,payment_failed,41123.24,unknown_failure,independent,,2026-06-08 02:36:41.800579
CASE_001627,UNSEEN_CUST_00839,UNSEEN_CHK_000598,checkout,checkout_abandoned,10037.83,,independent,,2026-06-13 03:01:42.478555
CASE_001628,UNSEEN_CUST_00840,UNSEEN_PAY_005531,payment,payment_failed,11986.52,insufficient_funds,independent,,2026-06-21 10:00:42.062076
CASE_001629,UNSEEN_CUST_00840,UNSEEN_CHK_003298,checkout,checkout_abandoned,13261.92,,independent,,2026-07-31 08:47:43.275538
CASE_001630,UNSEEN_CUST_00840,UNSEEN_PAY_006001,payment,payment_failed,34365.51,temporary_bank_failure,independent,,2026-08-01 11:35:42.085032
CASE_001631,UNSEEN_CUST_00840,UNSEEN_CHK_003353,checkout,checkout_abandoned,11384.12,,independent,,2026-08-10 10:15:43.293545
CASE_001632,UNSEEN_CUST_00841,UNSEEN_INV_000841,invoice,invoice_overdue,22848.6,authentication_failed,independent,,2026-03-19 20:09:43.532546
CASE_001633,UNSEEN_CUST_00841,UNSEEN_SUB_000841,subscription,subscription_failed,14919.68,timeout,independent,,2026-05-04 20:09:42.203301
CASE_001634,UNSEEN_CUST_00842,UNSEEN_SUB_000842,subscription,subscription_failed,10147.01,expired_instrument,independent,,2026-07-20 20:09:42.203301
CASE_001635,UNSEEN_CUST_00842,UNSEEN_INV_000842,invoice,invoice_overdue,67552.81,limit_exceeded,independent,,2026-08-02 20:09:43.532546
CASE_001636,UNSEEN_CUST_00844,UNSEEN_INV_000844,invoice,invoice_overdue,14426.21,expired_instrument,independent,,2026-04-13 20:09:43.533540
CASE_001637,UNSEEN_CUST_00844,UNSEEN_CHK_001797,checkout,checkout_abandoned,21462.42,,independent,,2026-07-12 05:49:42.769814
CASE_001638,UNSEEN_CUST_00845,UNSEEN_CHK_001893,checkout,checkout_abandoned,32884.57,,independent,,2026-06-30 06:56:41.854479
CASE_001639,UNSEEN_CUST_00845,UNSEEN_CHK_001777,checkout,checkout_abandoned,24246.06,,independent,,2026-07-12 07:29:42.764814
CASE_001640,UNSEEN_CUST_00845,UNSEEN_PAY_002641,payment,payment_failed,30671.17,insufficient_funds,independent,,2026-08-13 21:46:41.924991
CASE_001641,UNSEEN_CUST_00847,UNSEEN_INV_000847,invoice,invoice_overdue,69968.91,timeout,independent,,2026-04-16 20:09:43.533540
CASE_001642,UNSEEN_CUST_00848,UNSEEN_CHK_002877,checkout,checkout_abandoned,49381.92,,independent,,2026-08-07 06:15:43.109546
CASE_001643,UNSEEN_CUST_00849,UNSEEN_PAY_003263,payment,payment_failed,19957.04,timeout,independent,,2026-06-15 23:28:41.956992
CASE_001644,UNSEEN_CUST_00849,UNSEEN_PAY_001296,payment,payment_failed,46688.01,temporary_bank_failure,independent,,2026-07-09 12:07:41.865990
CASE_001645,UNSEEN_CUST_00849,UNSEEN_INV_000849,invoice,invoice_overdue,55836.47,unknown_failure,independent,,2026-07-13 20:09:43.534540
CASE_001646,UNSEEN_CUST_00849,UNSEEN_CHK_001111,checkout,checkout_abandoned,21260.95,,independent,,2026-07-30 22:33:42.621945
CASE_001647,UNSEEN_CUST_00851,UNSEEN_PAY_003039,payment,payment_failed,28344.25,limit_exceeded,independent,,2026-06-02 04:03:41.944990
CASE_001648,UNSEEN_CUST_00852,UNSEEN_CHK_003461,checkout,checkout_abandoned,32486.65,,independent,,2026-07-02 01:07:43.337542
CASE_001649,UNSEEN_CUST_00852,UNSEEN_CHK_001775,checkout,checkout_abandoned,2868.04,,independent,,2026-08-07 12:14:42.764814
CASE_001650,UNSEEN_CUST_00853,UNSEEN_CHK_002699,checkout,checkout_abandoned,45732.31,,independent,,2026-08-26 08:24:43.048537
CASE_001651,UNSEEN_CUST_00855,UNSEEN_PAY_001480,payment,payment_failed,3055.99,expired_instrument,independent,,2026-07-27 22:19:41.874986
CASE_001652,UNSEEN_CUST_00856,UNSEEN_SUB_000856,subscription,subscription_failed,5456.97,temporary_bank_failure,independent,,2026-05-28 20:09:42.204301
CASE_001653,UNSEEN_CUST_00856,UNSEEN_PAY_006840,payment,payment_failed,17314.55,temporary_bank_failure,independent,,2026-06-04 12:36:42.128065
CASE_001654,UNSEEN_CUST_00856,UNSEEN_CHK_001684,checkout,checkout_abandoned,19666.61,,independent,,2026-06-13 05:19:42.020071
CASE_001655,UNSEEN_CUST_00858,UNSEEN_PAY_006236,payment,payment_failed,4550.46,unknown_failure,independent,,2026-07-18 05:52:42.099066
CASE_001656,UNSEEN_CUST_00858,UNSEEN_INV_000858,invoice,invoice_overdue,8274.59,timeout,independent,,2026-08-20 20:09:43.535542
CASE_001657,UNSEEN_CUST_00860,UNSEEN_PAY_003293,payment,payment_failed,11246.57,temporary_bank_failure,independent,,2026-07-27 16:30:41.958990
CASE_001658,UNSEEN_CUST_00861,UNSEEN_CHK_003063,checkout,checkout_abandoned,18446.71,,independent,,2026-06-09 13:52:43.173545
CASE_001659,UNSEEN_CUST_00861,UNSEEN_CHK_001865,checkout,checkout_abandoned,14145.99,,independent,,2026-06-14 08:00:42.788813
CASE_001660,UNSEEN_CUST_00861,UNSEEN_PAY_004064,payment,payment_failed,38546.35,temporary_bank_failure,independent,,2026-07-30 23:25:41.997028
CASE_001661,UNSEEN_CUST_00862,UNSEEN_CHK_001585,checkout,checkout_abandoned,16328.45,,independent,,2026-07-05 22:06:42.727814
CASE_001662,UNSEEN_CUST_00863,UNSEEN_PAY_000298,payment,payment_failed,38599.23,unknown_failure,independent,,2026-06-16 22:40:41.811992
CASE_001663,UNSEEN_CUST_00864,UNSEEN_SUB_000864,subscription,subscription_failed,14858.26,timeout,independent,,2026-06-03 20:09:42.204301
CASE_001664,UNSEEN_CUST_00864,UNSEEN_PAY_001364,payment,payment_failed,46741.13,blocked_instrument,independent,,2026-07-27 16:53:41.868990
CASE_001665,UNSEEN_CUST_00865,UNSEEN_CHK_000384,checkout,checkout_abandoned,9779.18,,independent,,2026-06-20 12:14:42.411199
CASE_001666,UNSEEN_CUST_00865,UNSEEN_SUB_000865,subscription,subscription_failed,24924.22,risk_decline,independent,,2026-06-21 20:09:42.204301
CASE_001667,UNSEEN_CUST_00865,UNSEEN_PAY_005532,payment,payment_failed,61470.46,insufficient_funds,independent,,2026-07-21 06:36:42.062076
CASE_001668,UNSEEN_CUST_00866,UNSEEN_INV_000866,invoice,invoice_overdue,24279.07,temporary_bank_failure,independent,,2026-03-07 20:09:43.536539
CASE_001669,UNSEEN_CUST_00867,UNSEEN_CHK_002331,checkout,checkout_abandoned,25904.13,,independent,,2026-08-03 06:52:42.892547
CASE_001670,UNSEEN_CUST_00868,UNSEEN_SUB_000868,subscription,subscription_failed,1321.14,insufficient_funds,independent,,2026-03-25 20:09:42.204301
CASE_001671,UNSEEN_CUST_00868,UNSEEN_CHK_001202,checkout,checkout_abandoned,18065.54,,independent,,2026-06-20 01:30:42.131073
CASE_001672,UNSEEN_CUST_00868,UNSEEN_CHK_003268,checkout,checkout_abandoned,2887.54,,independent,,2026-07-18 14:28:43.262538
CASE_001673,UNSEEN_CUST_00868,UNSEEN_PAY_002848,payment,payment_failed,3333.32,authentication_failed,independent,,2026-07-26 10:04:41.934990
CASE_001674,UNSEEN_CUST_00870,UNSEEN_CHK_002025,checkout,checkout_abandoned,28219.17,,independent,,2026-05-31 12:09:42.817458
CASE_001675,UNSEEN_CUST_00870,UNSEEN_CHK_000450,checkout,checkout_abandoned,13827.71,,independent,,2026-06-01 23:51:42.428199
CASE_001676,UNSEEN_CUST_00871,UNSEEN_CHK_002917,checkout,checkout_abandoned,98554.34,,independent,,2026-06-26 14:31:43.120538
CASE_001677,UNSEEN_CUST_00872,UNSEEN_SUB_000872,subscription,subscription_failed,7173.25,temporary_bank_failure,independent,,2026-04-01 20:09:42.204301
CASE_001678,UNSEEN_CUST_00873,UNSEEN_INV_000873,invoice,invoice_overdue,48394.42,expired_instrument,independent,,2026-06-23 20:09:43.537541
CASE_001679,UNSEEN_CUST_00874,UNSEEN_SUB_000874,subscription,subscription_failed,2020.77,temporary_bank_failure,independent,,2026-04-06 20:09:42.205301
CASE_001680,UNSEEN_CUST_00874,UNSEEN_CHK_000764,checkout,checkout_abandoned,10857.7,,independent,,2026-07-08 18:33:42.520902
CASE_001681,UNSEEN_CUST_00875,UNSEEN_SUB_000875,subscription,subscription_failed,13607.97,insufficient_funds,independent,,2026-08-22 20:09:42.205301
CASE_001682,UNSEEN_CUST_00876,UNSEEN_SUB_000876,subscription,subscription_failed,3802.79,risk_decline,independent,,2026-05-11 20:09:42.205301
CASE_001683,UNSEEN_CUST_00876,UNSEEN_PAY_005885,payment,payment_failed,12568.6,insufficient_funds,independent,,2026-05-31 17:05:42.080084
CASE_001684,UNSEEN_CUST_00877,UNSEEN_INV_000877,invoice,invoice_overdue,67011.13,authentication_failed,independent,,2026-04-10 20:09:43.538540
CASE_001685,UNSEEN_CUST_00877,UNSEEN_PAY_005134,payment,payment_failed,39070.98,risk_decline,independent,,2026-06-23 00:19:42.044069
CASE_001686,UNSEEN_CUST_00878,UNSEEN_PAY_003546,payment,payment_failed,15356.52,expired_instrument,independent,,2026-05-28 22:04:41.972987
CASE_001687,UNSEEN_CUST_00883,UNSEEN_CHK_002531,checkout,checkout_abandoned,7918.68,,independent,,2026-06-20 01:07:42.962538
CASE_001688,UNSEEN_CUST_00884,UNSEEN_PAY_000685,payment,payment_failed,17983.32,temporary_bank_failure,independent,,2026-06-24 20:52:41.835479
CASE_001689,UNSEEN_CUST_00884,UNSEEN_CHK_000568,checkout,checkout_abandoned,26326.66,,independent,,2026-07-21 09:23:42.467558
CASE_001690,UNSEEN_CUST_00886,UNSEEN_PAY_002269,payment,payment_failed,45129.61,insufficient_funds,independent,,2026-08-21 09:24:41.907985
CASE_001691,UNSEEN_CUST_00887,UNSEEN_PAY_004239,payment,payment_failed,18465.05,expired_instrument,independent,,2026-06-06 05:52:42.004988
CASE_001692,UNSEEN_CUST_00888,UNSEEN_CHK_001805,checkout,checkout_abandoned,10411.24,,independent,,2026-07-04 17:55:42.771814
CASE_001693,UNSEEN_CUST_00888,UNSEEN_CHK_002598,checkout,checkout_abandoned,6102.03,,independent,,2026-07-21 20:12:42.995538
CASE_001694,UNSEEN_CUST_00888,UNSEEN_PAY_003502,payment,payment_failed,5134.14,timeout,independent,,2026-08-05 16:46:41.970990
CASE_001695,UNSEEN_CUST_00889,UNSEEN_CHK_001709,checkout,checkout_abandoned,22024.78,,independent,,2026-08-23 15:54:42.750814
CASE_001696,UNSEEN_CUST_00891,UNSEEN_CHK_003066,checkout,checkout_abandoned,2248.1,,independent,,2026-06-10 02:11:41.879985
CASE_001697,UNSEEN_CUST_00891,UNSEEN_INV_000891,invoice,invoice_overdue,42067.32,unknown_failure,independent,,2026-07-10 20:09:43.540541
CASE_001698,UNSEEN_CUST_00891,UNSEEN_PAY_004435,payment,payment_failed,25044.42,limit_exceeded,independent,,2026-08-07 07:07:42.014079
CASE_001699,UNSEEN_CUST_00892,UNSEEN_CHK_000399,checkout,checkout_abandoned,8498.8,,independent,,2026-06-13 20:31:41.906985
CASE_001700,UNSEEN_CUST_00892,UNSEEN_PAY_000758,payment,payment_failed,3383.64,unknown_failure,independent,,2026-07-05 07:02:41.838479
CASE_001701,UNSEEN_CUST_00893,UNSEEN_INV_000893,invoice,invoice_overdue,67070.42,blocked_instrument,independent,,2026-04-12 20:09:43.541539
CASE_001702,UNSEEN_CUST_00893,UNSEEN_PAY_002932,payment,payment_failed,17265.23,insufficient_funds,independent,,2026-07-20 13:55:41.937990
CASE_001703,UNSEEN_CUST_00898,UNSEEN_INV_000898,invoice,invoice_overdue,65790.09,authentication_failed,independent,,2026-03-22 20:09:43.541539
CASE_001704,UNSEEN_CUST_00899,UNSEEN_CHK_003204,checkout,checkout_abandoned,1438.29,,independent,,2026-07-02 23:13:43.237575
CASE_001705,UNSEEN_CUST_00899,UNSEEN_INV_000899,invoice,invoice_overdue,4762.0,insufficient_funds,independent,,2026-08-05 20:09:43.542540
CASE_001706,UNSEEN_CUST_00900,UNSEEN_PAY_000944,payment,payment_failed,13244.4,temporary_bank_failure,independent,,2026-07-11 00:10:41.849478
CASE_001707,UNSEEN_CUST_00901,UNSEEN_INV_000901,invoice,invoice_overdue,72804.18,temporary_bank_failure,independent,,2026-04-29 20:09:43.542540
CASE_001708,UNSEEN_CUST_00901,UNSEEN_CHK_001995,checkout,checkout_abandoned,5038.58,,independent,,2026-07-04 14:24:42.811458
CASE_001709,UNSEEN_CUST_00901,UNSEEN_PAY_005795,payment,payment_failed,39422.14,temporary_bank_failure,independent,,2026-07-20 11:37:42.075065
CASE_001710,UNSEEN_CUST_00901,UNSEEN_SUB_000901,subscription,subscription_failed,1049.77,timeout,independent,,2026-08-16 20:09:42.205301
CASE_001711,UNSEEN_CUST_00901,UNSEEN_CHK_000594,checkout,checkout_abandoned,23738.17,,independent,,2026-08-24 19:03:42.475555
CASE_001712,UNSEEN_CUST_00903,UNSEEN_INV_000903,invoice,invoice_overdue,20241.14,risk_decline,independent,,2026-05-19 20:09:43.542540
CASE_001713,UNSEEN_CUST_00903,UNSEEN_SUB_000903,subscription,subscription_failed,14379.56,timeout,independent,,2026-06-09 20:09:42.206302
CASE_001714,UNSEEN_CUST_00903,UNSEEN_PAY_005411,payment,payment_failed,27511.21,blocked_instrument,independent,,2026-07-28 14:43:42.057072
CASE_001715,UNSEEN_CUST_00904,UNSEEN_PAY_002317,payment,payment_failed,5550.7,temporary_bank_failure,independent,,2026-06-07 08:57:41.909985
CASE_001716,UNSEEN_CUST_00904,UNSEEN_CHK_000385,checkout,checkout_abandoned,21829.26,,independent,,2026-07-23 06:27:42.411199
CASE_001717,UNSEEN_CUST_00905,UNSEEN_SUB_000905,subscription,subscription_failed,14276.27,unknown_failure,independent,,2026-05-18 20:09:42.206302
CASE_001718,UNSEEN_CUST_00905,UNSEEN_CHK_002456,checkout,checkout_abandoned,18825.55,,independent,,2026-08-10 11:45:42.941547
CASE_001719,UNSEEN_CUST_00905,UNSEEN_CHK_003125,checkout,checkout_abandoned,86679.69,,independent,,2026-08-24 20:11:42.070069
CASE_001720,UNSEEN_CUST_00907,UNSEEN_INV_000907,invoice,invoice_overdue,53023.52,risk_decline,independent,,2026-04-17 20:09:43.543542
CASE_001721,UNSEEN_CUST_00907,UNSEEN_PAY_004380,payment,payment_failed,35008.81,temporary_bank_failure,independent,,2026-07-08 04:50:42.012074
CASE_001722,UNSEEN_CUST_00908,UNSEEN_PAY_003758,payment,payment_failed,15690.16,temporary_bank_failure,independent,,2026-06-13 06:21:41.983985
CASE_001723,UNSEEN_CUST_00908,UNSEEN_PAY_004438,payment,payment_failed,48038.75,temporary_bank_failure,independent,,2026-06-24 12:17:42.014079
CASE_001724,UNSEEN_CUST_00908,UNSEEN_CHK_000192,checkout,checkout_abandoned,36547.0,,independent,,2026-08-07 14:04:42.068066
CASE_001725,UNSEEN_CUST_00909,UNSEEN_SUB_000909,subscription,subscription_failed,10087.64,timeout,independent,,2026-03-20 20:09:42.206302
CASE_001726,UNSEEN_CUST_00909,UNSEEN_CHK_000677,checkout,checkout_abandoned,17816.43,,independent,,2026-07-14 00:01:42.500555
CASE_001727,UNSEEN_CUST_00909,UNSEEN_CHK_000968,checkout,checkout_abandoned,21158.35,,independent,,2026-07-26 16:58:42.576900
CASE_001728,UNSEEN_CUST_00909,UNSEEN_CHK_002579,checkout,checkout_abandoned,12174.93,,independent,,2026-07-30 20:36:42.983545
CASE_001729,UNSEEN_CUST_00910,UNSEEN_PAY_002210,payment,payment_failed,15428.62,insufficient_funds,independent,,2026-08-22 00:08:41.905985
CASE_001730,UNSEEN_CUST_00911,UNSEEN_INV_000911,invoice,invoice_overdue,12005.95,risk_decline,independent,,2026-06-10 20:09:43.544539
CASE_001731,UNSEEN_CUST_00911,UNSEEN_CHK_001081,checkout,checkout_abandoned,34146.53,,independent,,2026-07-27 11:52:42.612987
CASE_001732,UNSEEN_CUST_00911,UNSEEN_CHK_003170,checkout,checkout_abandoned,46323.05,,independent,,2026-08-01 05:58:43.224536
CASE_001733,UNSEEN_CUST_00912,UNSEEN_SUB_000912,subscription,subscription_failed,13124.56,limit_exceeded,independent,,2026-05-27 20:09:42.206302
CASE_001734,UNSEEN_CUST_00912,UNSEEN_CHK_002600,checkout,checkout_abandoned,2550.23,,independent,,2026-08-07 02:32:42.996544
CASE_001735,UNSEEN_CUST_00913,UNSEEN_PAY_001728,payment,payment_failed,41346.96,insufficient_funds,independent,,2026-06-18 16:45:41.884985
CASE_001736,UNSEEN_CUST_00913,UNSEEN_PAY_000187,payment,payment_failed,8660.95,temporary_bank_failure,independent,,2026-06-21 10:52:41.805579
CASE_001737,UNSEEN_CUST_00913,UNSEEN_INV_000913,invoice,invoice_overdue,52851.51,insufficient_funds,independent,,2026-07-24 20:09:43.544539
CASE_001738,UNSEEN_CUST_00915,UNSEEN_PAY_000816,payment,payment_failed,6808.22,unknown_failure,independent,,2026-08-09 22:04:41.843482
CASE_001739,UNSEEN_CUST_00916,UNSEEN_SUB_000916,subscription,subscription_failed,1203.82,insufficient_funds,independent,,2026-05-04 20:09:42.206302
CASE_001740,UNSEEN_CUST_00916,UNSEEN_PAY_000125,payment,payment_failed,22086.81,authentication_failed,independent,,2026-08-22 11:50:41.802579
CASE_001741,UNSEEN_CUST_00917,UNSEEN_SUB_000917,subscription,subscription_failed,1458.13,unknown_failure,independent,,2026-04-14 20:09:42.206302
CASE_001742,UNSEEN_CUST_00917,UNSEEN_CHK_002938,checkout,checkout_abandoned,20752.2,,independent,,2026-08-25 04:58:43.125536
CASE_001743,UNSEEN_CUST_00918,UNSEEN_CHK_003053,checkout,checkout_abandoned,25705.3,,independent,,2026-05-31 05:49:43.170536
CASE_001744,UNSEEN_CUST_00919,UNSEEN_SUB_000919,subscription,subscription_failed,5966.16,insufficient_funds,independent,,2026-06-16 20:09:42.206302
CASE_001745,UNSEEN_CUST_00919,UNSEEN_CHK_001656,checkout,checkout_abandoned,4249.57,,independent,,2026-06-22 21:28:42.743814
CASE_001746,UNSEEN_CUST_00919,UNSEEN_INV_000919,invoice,invoice_overdue,5866.72,expired_instrument,independent,,2026-06-23 20:09:43.545542
CASE_001747,UNSEEN_CUST_00920,UNSEEN_INV_000920,invoice,invoice_overdue,12289.8,temporary_bank_failure,independent,,2026-04-15 20:09:43.545542
CASE_001748,UNSEEN_CUST_00921,UNSEEN_PAY_004876,payment,payment_failed,26753.84,blocked_instrument,independent,,2026-08-19 16:48:42.033072
CASE_001749,UNSEEN_CUST_00922,UNSEEN_CHK_001682,checkout,checkout_abandoned,36479.67,,independent,,2026-06-29 11:44:42.746814
CASE_001750,UNSEEN_CUST_00923,UNSEEN_PAY_005628,payment,payment_failed,20146.44,temporary_bank_failure,independent,,2026-06-20 09:04:42.067066
CASE_001751,UNSEEN_CUST_00925,UNSEEN_PAY_005253,payment,payment_failed,31717.55,insufficient_funds,independent,,2026-06-24 12:46:42.050071
CASE_001752,UNSEEN_CUST_00925,UNSEEN_CHK_002753,checkout,checkout_abandoned,26784.81,,independent,,2026-07-20 13:58:43.071545
CASE_001753,UNSEEN_CUST_00928,UNSEEN_SUB_000928,subscription,subscription_failed,10997.38,blocked_instrument,independent,,2026-07-04 20:09:42.207301
CASE_001754,UNSEEN_CUST_00929,UNSEEN_SUB_000929,subscription,subscription_failed,7465.12,unknown_failure,independent,,2026-03-11 20:09:42.207301
CASE_001755,UNSEEN_CUST_00929,UNSEEN_CHK_001062,checkout,checkout_abandoned,13389.49,,independent,,2026-06-15 09:37:42.606986
CASE_001756,UNSEEN_CUST_00929,UNSEEN_PAY_006211,payment,payment_failed,13276.29,blocked_instrument,independent,,2026-07-16 06:58:42.098073
CASE_001757,UNSEEN_CUST_00931,UNSEEN_CHK_000695,checkout,checkout_abandoned,1274.35,,independent,,2026-07-20 01:56:42.504555
CASE_001758,UNSEEN_CUST_00932,UNSEEN_CHK_001136,checkout,checkout_abandoned,68525.33,,independent,,2026-07-30 16:48:42.624984
CASE_001759,UNSEEN_CUST_00935,UNSEEN_PAY_004528,payment,payment_failed,35418.62,authentication_failed,independent,,2026-05-28 19:13:42.018069
CASE_001760,UNSEEN_CUST_00935,UNSEEN_PAY_001043,payment,payment_failed,35663.92,temporary_bank_failure,independent,,2026-06-21 03:03:41.853480
CASE_001761,UNSEEN_CUST_00937,UNSEEN_INV_000937,invoice,invoice_overdue,10952.34,timeout,independent,,2026-07-08 20:09:43.547540
CASE_001762,UNSEEN_CUST_00937,UNSEEN_CHK_003431,checkout,checkout_abandoned,14653.45,,independent,,2026-08-14 08:19:41.935989
CASE_001763,UNSEEN_CUST_00937,UNSEEN_CHK_000675,checkout,checkout_abandoned,13673.09,,independent,,2026-08-14 10:00:41.935989
CASE_001764,UNSEEN_CUST_00938,UNSEEN_CHK_000693,checkout,checkout_abandoned,19206.94,,independent,,2026-05-28 21:18:42.504555
CASE_001765,UNSEEN_CUST_00938,UNSEEN_PAY_004287,payment,payment_failed,15597.77,temporary_bank_failure,independent,,2026-06-14 12:22:42.008077
CASE_001766,UNSEEN_CUST_00939,UNSEEN_SUB_000939,subscription,subscription_failed,3873.49,timeout,independent,,2026-08-21 20:09:42.207301
CASE_001767,UNSEEN_CUST_00940,UNSEEN_CHK_002577,checkout,checkout_abandoned,39028.11,,independent,,2026-07-13 12:18:42.982537
CASE_001768,UNSEEN_CUST_00940,UNSEEN_INV_000940,invoice,invoice_overdue,14906.97,timeout,independent,,2026-07-26 20:09:43.548542
CASE_001769,UNSEEN_CUST_00941,UNSEEN_SUB_000941,subscription,subscription_failed,5132.01,authentication_failed,independent,,2026-05-10 20:09:42.207301
CASE_001770,UNSEEN_CUST_00941,UNSEEN_CHK_000542,checkout,checkout_abandoned,35277.24,,independent,,2026-06-23 10:33:42.459558
CASE_001771,UNSEEN_CUST_00941,UNSEEN_CHK_002489,checkout,checkout_abandoned,44319.0,,independent,,2026-06-30 10:28:42.955542
CASE_001772,UNSEEN_CUST_00941,UNSEEN_CHK_003493,checkout,checkout_abandoned,33043.6,,independent,,2026-07-26 16:01:41.817991
CASE_001773,UNSEEN_CUST_00941,UNSEEN_CHK_000128,checkout,checkout_abandoned,21151.66,,independent,,2026-08-10 01:49:42.325836
CASE_001774,UNSEEN_CUST_00942,UNSEEN_INV_000942,invoice,invoice_overdue,17922.71,unknown_failure,independent,,2026-03-22 20:09:43.548542
CASE_001775,UNSEEN_CUST_00943,UNSEEN_INV_000943,invoice,invoice_overdue,18789.57,timeout,independent,,2026-06-29 20:09:43.548542
CASE_001776,UNSEEN_CUST_00943,UNSEEN_CHK_002352,checkout,checkout_abandoned,16363.24,,independent,,2026-07-17 11:18:42.897539
CASE_001777,UNSEEN_CUST_00944,UNSEEN_INV_000944,invoice,invoice_overdue,6262.35,timeout,independent,,2026-06-09 20:09:43.549542
CASE_001778,UNSEEN_CUST_00945,UNSEEN_CHK_002461,checkout,checkout_abandoned,34971.21,,independent,,2026-06-03 10:09:42.942539
CASE_001779,UNSEEN_CUST_00945,UNSEEN_SUB_000945,subscription,subscription_failed,12041.47,authentication_failed,independent,,2026-07-25 20:09:42.207301
CASE_001780,UNSEEN_CUST_00946,UNSEEN_PAY_005609,payment,payment_failed,19469.11,timeout,independent,,2026-07-04 13:23:42.066067
CASE_001781,UNSEEN_CUST_00946,UNSEEN_PAY_005605,payment,payment_failed,19049.66,blocked_instrument,independent,,2026-08-17 13:59:42.066067
CASE_001782,UNSEEN_CUST_00948,UNSEEN_CHK_000330,checkout,checkout_abandoned,34901.24,,independent,,2026-08-19 11:50:41.804579
CASE_001783,UNSEEN_CUST_00949,UNSEEN_CHK_000769,checkout,checkout_abandoned,17568.43,,independent,,2026-06-05 07:10:42.521902
CASE_001784,UNSEEN_CUST_00949,UNSEEN_PAY_002080,payment,payment_failed,2006.66,temporary_bank_failure,independent,,2026-06-14 19:42:41.899985
CASE_001785,UNSEEN_CUST_00950,UNSEEN_INV_000950,invoice,invoice_overdue,18807.17,expired_instrument,independent,,2026-07-25 20:09:43.550539
CASE_001786,UNSEEN_CUST_00952,UNSEEN_CHK_002150,checkout,checkout_abandoned,5099.71,,independent,,2026-06-30 22:18:42.845458
CASE_001787,UNSEEN_CUST_00952,UNSEEN_CHK_003128,checkout,checkout_abandoned,4414.55,,independent,,2026-07-06 05:27:43.204541
CASE_001788,UNSEEN_CUST_00952,UNSEEN_CHK_000076,checkout,checkout_abandoned,17292.39,,independent,,2026-07-21 14:10:42.313725
CASE_001789,UNSEEN_CUST_00953,UNSEEN_PAY_000087,payment,payment_failed,14800.81,blocked_instrument,independent,,2026-05-30 10:31:41.800579
CASE_001790,UNSEEN_CUST_00953,UNSEEN_PAY_005808,payment,payment_failed,35122.62,temporary_bank_failure,independent,,2026-07-29 07:26:42.076086
CASE_001791,UNSEEN_CUST_00954,UNSEEN_CHK_000019,checkout,checkout_abandoned,36615.82,,independent,,2026-08-26 15:06:42.288725
CASE_001792,UNSEEN_CUST_00955,UNSEEN_SUB_000955,subscription,subscription_failed,4773.93,temporary_bank_failure,independent,,2026-06-01 20:09:42.207301
CASE_001793,UNSEEN_CUST_00955,UNSEEN_CHK_002494,checkout,checkout_abandoned,10254.47,,independent,,2026-08-07 17:29:42.956542
CASE_001794,UNSEEN_CUST_00955,UNSEEN_CHK_000313,checkout,checkout_abandoned,11914.38,,independent,,2026-08-10 14:51:42.385050
CASE_001795,UNSEEN_CUST_00956,UNSEEN_CHK_000663,checkout,checkout_abandoned,20423.56,,independent,,2026-06-08 13:29:42.495555
CASE_001796,UNSEEN_CUST_00956,UNSEEN_SUB_000956,subscription,subscription_failed,6277.68,expired_instrument,independent,,2026-07-13 20:09:42.208301
CASE_001797,UNSEEN_CUST_00958,UNSEEN_CHK_000738,checkout,checkout_abandoned,12044.31,,independent,,2026-07-13 09:53:42.512902
CASE_001798,UNSEEN_CUST_00959,UNSEEN_PAY_000353,payment,payment_failed,97762.53,timeout,independent,,2026-06-05 22:59:41.814992
CASE_001799,UNSEEN_CUST_00959,UNSEEN_INV_000959,invoice,invoice_overdue,79378.09,blocked_instrument,independent,,2026-08-02 20:09:43.551542
CASE_001800,UNSEEN_CUST_00959,UNSEEN_CHK_002112,checkout,checkout_abandoned,95328.1,,independent,,2026-08-04 09:43:42.837458
CASE_001801,UNSEEN_CUST_00961,UNSEEN_SUB_000961,subscription,subscription_failed,6143.79,blocked_instrument,independent,,2026-04-28 20:09:42.208301
CASE_001802,UNSEEN_CUST_00961,UNSEEN_INV_000961,invoice,invoice_overdue,34490.59,insufficient_funds,independent,,2026-07-07 20:09:43.551542
CASE_001803,UNSEEN_CUST_00961,UNSEEN_CHK_002902,checkout,checkout_abandoned,18808.12,,independent,,2026-07-25 23:58:43.118538
CASE_001804,UNSEEN_CUST_00961,UNSEEN_CHK_000338,checkout,checkout_abandoned,40697.96,,independent,,2026-07-26 23:39:42.393201
CASE_001805,UNSEEN_CUST_00962,UNSEEN_SUB_000962,subscription,subscription_failed,3920.95,insufficient_funds,independent,,2026-03-06 20:09:42.208301
CASE_001806,UNSEEN_CUST_00962,UNSEEN_INV_000962,invoice,invoice_overdue,5768.19,temporary_bank_failure,independent,,2026-04-29 20:09:43.551542
CASE_001807,UNSEEN_CUST_00962,UNSEEN_PAY_006594,payment,payment_failed,19747.43,timeout,independent,,2026-06-05 18:39:42.117069
CASE_001808,UNSEEN_CUST_00963,UNSEEN_PAY_001672,payment,payment_failed,13232.95,temporary_bank_failure,independent,,2026-07-08 12:42:41.882985
CASE_001809,UNSEEN_CUST_00963,UNSEEN_SUB_000963,subscription,subscription_failed,2759.21,temporary_bank_failure,independent,,2026-07-17 20:09:42.208301
CASE_001810,UNSEEN_CUST_00964,UNSEEN_CHK_001004,checkout,checkout_abandoned,33436.05,,independent,,2026-08-18 16:54:42.587900
CASE_001811,UNSEEN_CUST_00965,UNSEEN_PAY_002679,payment,payment_failed,37449.88,temporary_bank_failure,independent,,2026-06-29 08:43:41.926990
CASE_001812,UNSEEN_CUST_00966,UNSEEN_INV_000966,invoice,invoice_overdue,60050.58,insufficient_funds,independent,,2026-05-11 20:09:43.552542
CASE_001813,UNSEEN_CUST_00966,UNSEEN_CHK_000260,checkout,checkout_abandoned,44759.76,,independent,,2026-08-18 12:55:42.363052
CASE_001814,UNSEEN_CUST_00968,UNSEEN_SUB_000968,subscription,subscription_failed,11175.31,risk_decline,independent,,2026-05-12 20:09:42.208301
CASE_001815,UNSEEN_CUST_00969,UNSEEN_INV_000969,invoice,invoice_overdue,29420.27,expired_instrument,independent,,2026-05-02 20:09:43.553539
CASE_001816,UNSEEN_CUST_00970,UNSEEN_SUB_000970,subscription,subscription_failed,5049.22,temporary_bank_failure,independent,,2026-03-06 20:09:42.208301
CASE_001817,UNSEEN_CUST_00971,UNSEEN_PAY_002944,payment,payment_failed,17587.07,temporary_bank_failure,independent,,2026-05-27 22:26:41.938990
CASE_001818,UNSEEN_CUST_00971,UNSEEN_PAY_002344,payment,payment_failed,14467.66,timeout,independent,,2026-07-12 20:59:41.910985
CASE_001819,UNSEEN_CUST_00972,UNSEEN_PAY_004952,payment,payment_failed,99887.8,temporary_bank_failure,independent,,2026-06-23 18:52:42.037077
CASE_001820,UNSEEN_CUST_00972,UNSEEN_PAY_004080,payment,payment_failed,97090.49,expired_instrument,independent,,2026-07-12 17:41:41.998077
CASE_001821,UNSEEN_CUST_00974,UNSEEN_CHK_001673,checkout,checkout_abandoned,6638.65,,independent,,2026-06-03 12:21:42.745814
CASE_001822,UNSEEN_CUST_00974,UNSEEN_CHK_000466,checkout,checkout_abandoned,95866.33,,independent,,2026-06-17 19:57:42.439197
CASE_001823,UNSEEN_CUST_00974,UNSEEN_CHK_002689,checkout,checkout_abandoned,86810.75,,independent,,2026-07-29 01:18:43.045538
CASE_001824,UNSEEN_CUST_00975,UNSEEN_INV_000975,invoice,invoice_overdue,34296.54,insufficient_funds,independent,,2026-02-27 20:09:43.553539
CASE_001825,UNSEEN_CUST_00977,UNSEEN_PAY_001486,payment,payment_failed,3186.26,authentication_failed,independent,,2026-05-28 10:09:41.874986
CASE_001826,UNSEEN_CUST_00979,UNSEEN_PAY_003076,payment,payment_failed,34737.42,expired_instrument,independent,,2026-06-02 20:34:41.946989
CASE_001827,UNSEEN_CUST_00979,UNSEEN_PAY_005806,payment,payment_failed,26090.34,risk_decline,independent,,2026-06-05 05:08:42.076086
CASE_001828,UNSEEN_CUST_00979,UNSEEN_PAY_000974,payment,payment_failed,22754.93,temporary_bank_failure,independent,,2026-06-09 01:31:41.850479
CASE_001829,UNSEEN_CUST_00979,UNSEEN_PAY_005871,payment,payment_failed,25060.3,insufficient_funds,independent,,2026-06-15 11:10:42.079077
CASE_001830,UNSEEN_CUST_00980,UNSEEN_INV_000980,invoice,invoice_overdue,34878.3,unknown_failure,independent,,2026-06-25 20:09:43.554542
CASE_001831,UNSEEN_CUST_00981,UNSEEN_CHK_000773,checkout,checkout_abandoned,11431.42,,independent,,2026-06-01 00:46:42.522898
CASE_001832,UNSEEN_CUST_00981,UNSEEN_CHK_003455,checkout,checkout_abandoned,39580.99,,independent,,2026-06-26 17:09:43.334540
CASE_001833,UNSEEN_CUST_00982,UNSEEN_INV_000982,invoice,invoice_overdue,47795.07,authentication_failed,independent,,2026-07-03 20:09:43.555546
CASE_001834,UNSEEN_CUST_00982,UNSEEN_CHK_001647,checkout,checkout_abandoned,10948.75,,independent,,2026-08-06 02:47:42.739814
CASE_001835,UNSEEN_CUST_00982,UNSEEN_PAY_001273,payment,payment_failed,5928.85,insufficient_funds,independent,,2026-08-15 07:41:41.864990
CASE_001836,UNSEEN_CUST_00982,UNSEEN_CHK_000371,checkout,checkout_abandoned,25015.38,,independent,,2026-08-18 10:02:42.407197
CASE_001837,UNSEEN_CUST_00983,UNSEEN_INV_000983,invoice,invoice_overdue,51324.91,blocked_instrument,independent,,2026-05-12 20:09:43.555546
CASE_001838,UNSEEN_CUST_00984,UNSEEN_SUB_000984,subscription,subscription_failed,4115.41,timeout,independent,,2026-04-28 20:09:42.208301
CASE_001839,UNSEEN_CUST_00985,UNSEEN_INV_000985,invoice,invoice_overdue,123851.25,blocked_instrument,independent,,2026-05-29 20:09:43.555546
CASE_001840,UNSEEN_CUST_00987,UNSEEN_SUB_000987,subscription,subscription_failed,1272.12,timeout,independent,,2026-06-04 20:09:42.209301
CASE_001841,UNSEEN_CUST_00987,UNSEEN_INV_000987,invoice,invoice_overdue,24089.74,unknown_failure,independent,,2026-08-18 20:09:43.556541
CASE_001842,UNSEEN_CUST_00988,UNSEEN_SUB_000988,subscription,subscription_failed,12754.43,risk_decline,independent,,2026-02-27 20:09:42.209301
CASE_001843,UNSEEN_CUST_00989,UNSEEN_SUB_000989,subscription,subscription_failed,4360.88,authentication_failed,independent,,2026-05-21 20:09:42.209301
CASE_001844,UNSEEN_CUST_00991,UNSEEN_SUB_000991,subscription,subscription_failed,11784.02,insufficient_funds,independent,,2026-03-07 20:09:42.209301
CASE_001845,UNSEEN_CUST_00992,UNSEEN_SUB_000992,subscription,subscription_failed,7499.18,temporary_bank_failure,independent,,2026-03-24 20:09:42.209301
CASE_001846,UNSEEN_CUST_00992,UNSEEN_INV_000992,invoice,invoice_overdue,64072.19,unknown_failure,independent,,2026-06-11 20:09:43.557542
CASE_001847,UNSEEN_CUST_00994,UNSEEN_INV_000994,invoice,invoice_overdue,34900.75,unknown_failure,independent,,2026-08-04 20:09:43.557542
CASE_001848,UNSEEN_CUST_00996,UNSEEN_CHK_000280,checkout,checkout_abandoned,6166.76,,independent,,2026-06-25 02:01:41.859983
CASE_001849,UNSEEN_CUST_00997,UNSEEN_PAY_004254,payment,payment_failed,16836.1,unknown_failure,independent,,2026-07-31 11:15:42.005987
CASE_001850,UNSEEN_CUST_00998,UNSEEN_INV_000998,invoice,invoice_overdue,65358.12,limit_exceeded,independent,,2026-03-20 20:09:43.558539
CASE_001851,UNSEEN_CUST_00998,UNSEEN_SUB_000998,subscription,subscription_failed,11138.35,unknown_failure,independent,,2026-05-05 20:09:42.209301
CASE_001852,UNSEEN_CUST_00998,UNSEEN_CHK_003494,checkout,checkout_abandoned,24939.27,,independent,,2026-08-02 21:34:43.352541
CASE_001853,UNSEEN_CUST_00998,UNSEEN_CHK_000470,checkout,checkout_abandoned,33052.22,,independent,,2026-08-18 10:20:42.441643
CASE_001854,UNSEEN_CUST_00999,UNSEEN_PAY_001134,payment,payment_failed,64369.7,risk_decline,independent,,2026-08-12 15:03:41.859479
CASE_001855,UNSEEN_CUST_01000,UNSEEN_INV_001000,invoice,invoice_overdue,42633.41,insufficient_funds,independent,,2026-07-05 20:09:43.558539
CASE_001856,UNSEEN_CUST_01001,UNSEEN_PAY_006927,payment,payment_failed,6721.99,blocked_instrument,independent,,2026-06-14 22:27:42.132076
CASE_001857,UNSEEN_CUST_01002,UNSEEN_CHK_001581,checkout,checkout_abandoned,3561.95,,independent,,2026-06-17 14:49:42.727814
CASE_001858,UNSEEN_CUST_01006,UNSEEN_CHK_001873,checkout,checkout_abandoned,62570.26,,independent,,2026-06-29 04:33:42.788813
CASE_001859,UNSEEN_CUST_01006,UNSEEN_PAY_003947,payment,payment_failed,51527.32,timeout,independent,,2026-08-16 01:51:41.992989
CASE_001860,UNSEEN_CUST_01007,UNSEEN_PAY_000519,payment,payment_failed,66251.16,timeout,independent,,2026-06-10 01:34:41.826478
CASE_001861,UNSEEN_CUST_01008,UNSEEN_INV_001008,invoice,invoice_overdue,37168.19,expired_instrument,independent,,2026-05-18 20:09:43.559539
CASE_001862,UNSEEN_CUST_01008,UNSEEN_PAY_001719,payment,payment_failed,39287.22,insufficient_funds,independent,,2026-06-01 07:37:41.884985
CASE_001863,UNSEEN_CUST_01009,UNSEEN_PAY_006810,payment,payment_failed,44309.93,timeout,independent,,2026-06-13 05:37:42.126065
CASE_001864,UNSEEN_CUST_01009,UNSEEN_SUB_001009,subscription,subscription_failed,8202.74,timeout,independent,,2026-06-16 20:09:42.209301
CASE_001865,UNSEEN_CUST_01010,UNSEEN_PAY_000178,payment,payment_failed,3627.41,limit_exceeded,independent,,2026-08-10 14:09:41.804579
CASE_001866,UNSEEN_CUST_01011,UNSEEN_SUB_001011,subscription,subscription_failed,8932.61,temporary_bank_failure,independent,,2026-08-04 20:09:42.209301
CASE_001867,UNSEEN_CUST_01012,UNSEEN_CHK_002898,checkout,checkout_abandoned,16726.13,,independent,,2026-06-10 12:35:43.117536
CASE_001868,UNSEEN_CUST_01012,UNSEEN_PAY_000878,payment,payment_failed,16170.36,temporary_bank_failure,independent,,2026-08-12 13:34:41.846480
CASE_001869,UNSEEN_CUST_01013,UNSEEN_CHK_000928,checkout,checkout_abandoned,9259.47,,independent,,2026-06-04 18:01:42.567981
CASE_001870,UNSEEN_CUST_01014,UNSEEN_CHK_003009,checkout,checkout_abandoned,15146.52,,independent,,2026-06-03 07:12:43.147537
CASE_001871,UNSEEN_CUST_01014,UNSEEN_SUB_001014,subscription,subscription_failed,12684.75,timeout,independent,,2026-08-09 20:09:42.210301
CASE_001872,UNSEEN_CUST_01015,UNSEEN_PAY_001401,payment,payment_failed,27017.21,temporary_bank_failure,independent,,2026-07-31 06:51:41.869990
CASE_001873,UNSEEN_CUST_01015,UNSEEN_PAY_001922,payment,payment_failed,26770.88,insufficient_funds,independent,,2026-08-20 16:48:41.892985
CASE_001874,UNSEEN_CUST_01017,UNSEEN_PAY_000111,payment,payment_failed,13756.51,expired_instrument,independent,,2026-08-05 23:04:41.801579
CASE_001875,UNSEEN_CUST_01019,UNSEEN_PAY_003051,payment,payment_failed,49639.31,authentication_failed,independent,,2026-07-12 23:32:41.944990
CASE_001876,UNSEEN_CUST_01020,UNSEEN_SUB_001020,subscription,subscription_failed,7815.87,temporary_bank_failure,independent,,2026-05-11 20:09:42.210301
CASE_001877,UNSEEN_CUST_01020,UNSEEN_PAY_002068,payment,payment_failed,5420.32,blocked_instrument,independent,,2026-06-01 10:23:41.898985
CASE_001878,UNSEEN_CUST_01020,UNSEEN_PAY_003086,payment,payment_failed,10263.19,authentication_failed,independent,,2026-08-02 16:44:41.946989
CASE_001879,UNSEEN_CUST_01021,UNSEEN_PAY_005187,payment,payment_failed,11447.95,insufficient_funds,independent,,2026-08-11 22:45:42.046986
CASE_001880,UNSEEN_CUST_01022,UNSEEN_PAY_003098,payment,payment_failed,37556.78,temporary_bank_failure,independent,,2026-06-21 13:50:41.947990
CASE_001881,UNSEEN_CUST_01023,UNSEEN_CHK_000257,checkout,checkout_abandoned,22467.68,,independent,,2026-05-31 22:23:42.072070
CASE_001882,UNSEEN_CUST_01023,UNSEEN_INV_001023,invoice,invoice_overdue,16045.28,temporary_bank_failure,independent,,2026-07-23 20:09:43.561540
CASE_001883,UNSEEN_CUST_01025,UNSEEN_CHK_000204,checkout,checkout_abandoned,23433.89,,independent,,2026-07-10 08:14:42.346841
CASE_001884,UNSEEN_CUST_01027,UNSEEN_INV_001027,invoice,invoice_overdue,4724.24,temporary_bank_failure,independent,,2026-07-23 20:09:43.562540
CASE_001885,UNSEEN_CUST_01027,UNSEEN_PAY_005256,payment,payment_failed,18450.99,insufficient_funds,independent,,2026-08-17 10:58:42.050071
CASE_001886,UNSEEN_CUST_01028,UNSEEN_INV_001028,invoice,invoice_overdue,13855.65,temporary_bank_failure,independent,,2026-04-23 20:09:43.562540
CASE_001887,UNSEEN_CUST_01028,UNSEEN_PAY_003227,payment,payment_failed,8833.77,insufficient_funds,independent,,2026-05-29 18:40:41.954986
CASE_001888,UNSEEN_CUST_01028,UNSEEN_PAY_005137,payment,payment_failed,1022.21,temporary_bank_failure,independent,,2026-06-27 21:30:42.045075
CASE_001889,UNSEEN_CUST_01028,UNSEEN_PAY_001752,payment,payment_failed,18388.33,unknown_failure,independent,,2026-08-10 02:29:41.885985
CASE_001890,UNSEEN_CUST_01029,UNSEEN_CHK_002170,checkout,checkout_abandoned,46540.29,,independent,,2026-06-15 10:58:42.852458
CASE_001891,UNSEEN_CUST_01029,UNSEEN_PAY_006467,payment,payment_failed,29458.92,risk_decline,independent,,2026-08-17 23:15:42.111073
CASE_001892,UNSEEN_CUST_01030,UNSEEN_CHK_003134,checkout,checkout_abandoned,42597.93,,independent,,2026-07-14 22:50:43.210540
CASE_001893,UNSEEN_CUST_01032,UNSEEN_INV_001032,invoice,invoice_overdue,54130.88,expired_instrument,independent,,2026-06-19 20:09:43.563550
CASE_001894,UNSEEN_CUST_01032,UNSEEN_PAY_001596,payment,payment_failed,20175.57,temporary_bank_failure,independent,,2026-06-23 16:54:41.879985
CASE_001895,UNSEEN_CUST_01032,UNSEEN_PAY_006932,payment,payment_failed,5837.55,timeout,independent,,2026-07-16 10:42:42.132076
CASE_001896,UNSEEN_CUST_01033,UNSEEN_CHK_001626,checkout,checkout_abandoned,9404.75,,independent,,2026-06-22 03:26:42.737814
CASE_001897,UNSEEN_CUST_01033,UNSEEN_CHK_001864,checkout,checkout_abandoned,29257.56,,independent,,2026-07-18 10:21:42.788813
CASE_001898,UNSEEN_CUST_01033,UNSEEN_PAY_000367,payment,payment_failed,39937.58,insufficient_funds,independent,,2026-08-05 06:54:41.815991
CASE_001899,UNSEEN_CUST_01034,UNSEEN_CHK_002298,checkout,checkout_abandoned,30673.28,,independent,,2026-05-28 19:18:42.875458
CASE_001900,UNSEEN_CUST_01035,UNSEEN_SUB_001035,subscription,subscription_failed,7388.38,risk_decline,independent,,2026-03-26 20:09:42.210301
CASE_001901,UNSEEN_CUST_01036,UNSEEN_INV_001036,invoice,invoice_overdue,58324.72,insufficient_funds,independent,,2026-05-08 20:09:43.563550
CASE_001902,UNSEEN_CUST_01037,UNSEEN_CHK_002550,checkout,checkout_abandoned,38378.57,,independent,,2026-06-13 23:09:42.966539
CASE_001903,UNSEEN_CUST_01037,UNSEEN_CHK_003135,checkout,checkout_abandoned,43596.72,,independent,,2026-08-01 14:21:43.210540
CASE_001904,UNSEEN_CUST_01038,UNSEEN_INV_001038,invoice,invoice_overdue,51685.75,timeout,independent,,2026-03-23 20:09:43.564541
CASE_001905,UNSEEN_CUST_01038,UNSEEN_CHK_001440,checkout,checkout_abandoned,32178.24,,independent,,2026-06-23 01:51:42.698187
CASE_001906,UNSEEN_CUST_01038,UNSEEN_CHK_000804,checkout,checkout_abandoned,93934.06,,independent,,2026-08-26 06:04:42.532902
CASE_001907,UNSEEN_CUST_01039,UNSEEN_CHK_002916,checkout,checkout_abandoned,11280.55,,independent,,2026-07-26 04:34:42.103066
CASE_001908,UNSEEN_CUST_01040,UNSEEN_CHK_001100,checkout,checkout_abandoned,9183.18,,independent,,2026-08-01 03:29:42.620947
CASE_001909,UNSEEN_CUST_01040,UNSEEN_INV_001040,invoice,invoice_overdue,6835.35,expired_instrument,independent,,2026-08-07 20:09:43.564541
CASE_001910,UNSEEN_CUST_01042,UNSEEN_CHK_001467,checkout,checkout_abandoned,39004.67,,independent,,2026-07-13 03:56:42.705187
CASE_001911,UNSEEN_CUST_01043,UNSEEN_CHK_002487,checkout,checkout_abandoned,30664.18,,independent,,2026-08-16 13:07:42.954545
CASE_001912,UNSEEN_CUST_01043,UNSEEN_PAY_001158,payment,payment_failed,48207.5,timeout,independent,,2026-08-20 08:28:41.859983
CASE_001913,UNSEEN_CUST_01044,UNSEEN_CHK_002193,checkout,checkout_abandoned,18983.9,,independent,,2026-05-29 23:30:42.855458
CASE_001914,UNSEEN_CUST_01044,UNSEEN_CHK_002751,checkout,checkout_abandoned,34773.36,,independent,,2026-07-05 02:00:41.834479
CASE_001915,UNSEEN_CUST_01044,UNSEEN_INV_001044,invoice,invoice_overdue,19665.51,temporary_bank_failure,independent,,2026-08-09 20:09:43.565542
CASE_001916,UNSEEN_CUST_01045,UNSEEN_SUB_001045,subscription,subscription_failed,3779.5,risk_decline,independent,,2026-05-13 20:09:42.211302
CASE_001917,UNSEEN_CUST_01046,UNSEEN_CHK_003458,checkout,checkout_abandoned,12941.7,,independent,,2026-06-09 16:22:43.335542
CASE_001918,UNSEEN_CUST_01047,UNSEEN_CHK_002529,checkout,checkout_abandoned,45259.12,,independent,,2026-08-19 08:34:42.962538
CASE_001919,UNSEEN_CUST_01048,UNSEEN_INV_001048,invoice,invoice_overdue,48141.77,risk_decline,independent,,2026-03-24 20:09:43.565542
CASE_001920,UNSEEN_CUST_01049,UNSEEN_INV_001049,invoice,invoice_overdue,43508.05,insufficient_funds,independent,,2026-08-02 20:09:43.566540
CASE_001921,UNSEEN_CUST_01050,UNSEEN_CHK_000503,checkout,checkout_abandoned,7115.37,,independent,,2026-06-14 10:35:42.449634
CASE_001922,UNSEEN_CUST_01051,UNSEEN_PAY_001350,payment,payment_failed,27589.18,blocked_instrument,independent,,2026-07-29 01:30:41.867990
CASE_001923,UNSEEN_CUST_01051,UNSEEN_INV_001051,invoice,invoice_overdue,57779.71,insufficient_funds,independent,,2026-07-30 20:09:43.566540
CASE_001924,UNSEEN_CUST_01052,UNSEEN_CHK_003199,checkout,checkout_abandoned,28617.74,,independent,,2026-06-25 07:32:41.923996
CASE_001925,UNSEEN_CUST_01053,UNSEEN_CHK_001095,checkout,checkout_abandoned,29261.0,,independent,,2026-05-28 23:34:42.619986
CASE_001926,UNSEEN_CUST_01054,UNSEEN_PAY_003203,payment,payment_failed,16739.7,authentication_failed,independent,,2026-06-25 18:22:41.953986
CASE_001927,UNSEEN_CUST_01054,UNSEEN_SUB_001054,subscription,subscription_failed,6873.37,insufficient_funds,independent,,2026-07-14 20:09:42.211302
CASE_001928,UNSEEN_CUST_01054,UNSEEN_CHK_000860,checkout,checkout_abandoned,36327.4,,independent,,2026-07-26 13:31:42.550980
CASE_001929,UNSEEN_CUST_01054,UNSEEN_CHK_002764,checkout,checkout_abandoned,22324.32,,independent,,2026-07-29 13:51:43.077537
CASE_001930,UNSEEN_CUST_01055,UNSEEN_CHK_001230,checkout,checkout_abandoned,17126.81,,independent,,2026-06-07 23:30:41.953986
CASE_001931,UNSEEN_CUST_01055,UNSEEN_PAY_006128,payment,payment_failed,15280.82,risk_decline,independent,,2026-07-13 01:03:42.093071
CASE_001932,UNSEEN_CUST_01055,UNSEEN_PAY_003209,payment,payment_failed,2419.57,authentication_failed,independent,,2026-07-13 08:49:41.953986
CASE_001933,UNSEEN_CUST_01056,UNSEEN_SUB_001056,subscription,subscription_failed,5049.86,expired_instrument,independent,,2026-06-24 20:09:42.211302
CASE_001934,UNSEEN_CUST_01058,UNSEEN_INV_001058,invoice,invoice_overdue,25014.74,risk_decline,independent,,2026-05-27 20:09:43.567542
CASE_001935,UNSEEN_CUST_01058,UNSEEN_CHK_000977,checkout,checkout_abandoned,19185.05,,independent,,2026-06-12 02:28:42.580900
CASE_001936,UNSEEN_CUST_01059,UNSEEN_PAY_005761,payment,payment_failed,15231.35,authentication_failed,independent,,2026-08-24 20:58:42.072990
CASE_001937,UNSEEN_CUST_01061,UNSEEN_CHK_001130,checkout,checkout_abandoned,43193.32,,independent,,2026-07-11 08:31:42.624984
CASE_001938,UNSEEN_CUST_01061,UNSEEN_PAY_003383,payment,payment_failed,26756.4,unknown_failure,independent,,2026-07-12 12:59:41.963990
CASE_001939,UNSEEN_CUST_01061,UNSEEN_CHK_001853,checkout,checkout_abandoned,47859.08,,independent,,2026-07-27 01:30:42.785814
CASE_001940,UNSEEN_CUST_01062,UNSEEN_INV_001062,invoice,invoice_overdue,38378.79,insufficient_funds,independent,,2026-08-04 20:09:43.568539
CASE_001941,UNSEEN_CUST_01064,UNSEEN_PAY_005261,payment,payment_failed,21830.44,blocked_instrument,independent,,2026-06-18 09:34:42.050071
CASE_001942,UNSEEN_CUST_01064,UNSEEN_PAY_006502,payment,payment_failed,38130.26,risk_decline,independent,,2026-07-02 00:45:42.113071
CASE_001943,UNSEEN_CUST_01065,UNSEEN_INV_001065,invoice,invoice_overdue,53249.26,insufficient_funds,independent,,2026-04-21 20:09:43.568539
CASE_001944,UNSEEN_CUST_01065,UNSEEN_PAY_000070,payment,payment_failed,45425.81,unknown_failure,independent,,2026-05-29 17:57:41.799580
CASE_001945,UNSEEN_CUST_01065,UNSEEN_CHK_001735,checkout,checkout_abandoned,1602.35,,independent,,2026-08-10 16:58:42.754814
CASE_001946,UNSEEN_CUST_01065,UNSEEN_SUB_001065,subscription,subscription_failed,5644.48,insufficient_funds,independent,,2026-08-15 20:09:42.211302
CASE_001947,UNSEEN_CUST_01067,UNSEEN_INV_001067,invoice,invoice_overdue,88740.42,insufficient_funds,independent,,2026-05-18 20:09:43.568539
CASE_001948,UNSEEN_CUST_01067,UNSEEN_CHK_002707,checkout,checkout_abandoned,29395.86,,independent,,2026-07-07 13:52:43.050537
CASE_001949,UNSEEN_CUST_01068,UNSEEN_SUB_001068,subscription,subscription_failed,4714.44,temporary_bank_failure,independent,,2026-05-23 20:09:42.211302
CASE_001950,UNSEEN_CUST_01068,UNSEEN_CHK_002351,checkout,checkout_abandoned,1433.33,,independent,,2026-07-30 00:08:42.897539
CASE_001951,UNSEEN_CUST_01069,UNSEEN_CHK_000270,checkout,checkout_abandoned,36522.91,,independent,,2026-07-13 12:52:42.365052
CASE_001952,UNSEEN_CUST_01070,UNSEEN_PAY_006792,payment,payment_failed,23552.57,expired_instrument,independent,,2026-07-10 18:04:42.126065
CASE_001953,UNSEEN_CUST_01071,UNSEEN_PAY_003933,payment,payment_failed,24878.25,temporary_bank_failure,independent,,2026-08-05 20:44:41.992078
CASE_001954,UNSEEN_CUST_01071,UNSEEN_CHK_000134,checkout,checkout_abandoned,17042.13,,independent,,2026-08-20 00:41:42.327928
CASE_001955,UNSEEN_CUST_01072,UNSEEN_CHK_000162,checkout,checkout_abandoned,16643.29,,independent,,2026-06-13 14:06:42.335836
CASE_001956,UNSEEN_CUST_01072,UNSEEN_INV_001072,invoice,invoice_overdue,21634.64,timeout,independent,,2026-06-22 20:09:43.569540
CASE_001957,UNSEEN_CUST_01072,UNSEEN_PAY_005811,payment,payment_failed,3153.49,insufficient_funds,independent,,2026-07-09 20:23:42.076086
CASE_001958,UNSEEN_CUST_01072,UNSEEN_PAY_006975,payment,payment_failed,10574.66,temporary_bank_failure,independent,,2026-07-24 20:50:42.134070
CASE_001959,UNSEEN_CUST_01072,UNSEEN_CHK_003319,checkout,checkout_abandoned,17055.19,,independent,,2026-08-12 17:28:43.279537
CASE_001960,UNSEEN_CUST_01073,UNSEEN_PAY_000760,payment,payment_failed,13676.85,temporary_bank_failure,independent,,2026-06-18 13:56:41.838479
CASE_001961,UNSEEN_CUST_01073,UNSEEN_PAY_000437,payment,payment_failed,10173.75,insufficient_funds,independent,,2026-06-23 23:35:41.818991
CASE_001962,UNSEEN_CUST_01074,UNSEEN_CHK_003028,checkout,checkout_abandoned,32290.58,,independent,,2026-07-04 22:46:43.152537
CASE_001963,UNSEEN_CUST_01074,UNSEEN_CHK_000317,checkout,checkout_abandoned,1106.2,,independent,,2026-08-23 14:55:41.918985
CASE_001964,UNSEEN_CUST_01076,UNSEEN_SUB_001076,subscription,subscription_failed,5601.74,temporary_bank_failure,independent,,2026-04-10 20:09:42.212301
CASE_001965,UNSEEN_CUST_01076,UNSEEN_CHK_001790,checkout,checkout_abandoned,44211.13,,independent,,2026-06-07 23:38:42.766814
CASE_001966,UNSEEN_CUST_01077,UNSEEN_CHK_002824,checkout,checkout_abandoned,49338.77,,independent,,2026-07-09 18:41:43.093546
CASE_001967,UNSEEN_CUST_01078,UNSEEN_PAY_000694,payment,payment_failed,3065.2,risk_decline,independent,,2026-05-28 06:39:41.835479
CASE_001968,UNSEEN_CUST_01079,UNSEEN_PAY_000035,payment,payment_failed,17009.76,insufficient_funds,independent,,2026-07-13 09:14:41.797581
CASE_001969,UNSEEN_CUST_01080,UNSEEN_CHK_002019,checkout,checkout_abandoned,32921.02,,independent,,2026-07-16 12:03:42.028074
CASE_001970,UNSEEN_CUST_01080,UNSEEN_CHK_001816,checkout,checkout_abandoned,31981.57,,independent,,2026-07-16 15:36:42.028074
CASE_001971,UNSEEN_CUST_01081,UNSEEN_CHK_002299,checkout,checkout_abandoned,16071.4,,independent,,2026-07-13 08:10:42.875458
CASE_001972,UNSEEN_CUST_01081,UNSEEN_CHK_000872,checkout,checkout_abandoned,31678.71,,independent,,2026-07-14 10:51:42.553979
CASE_001973,UNSEEN_CUST_01082,UNSEEN_CHK_003244,checkout,checkout_abandoned,19943.57,,independent,,2026-06-08 01:05:43.253543
CASE_001974,UNSEEN_CUST_01083,UNSEEN_SUB_001083,subscription,subscription_failed,8240.15,limit_exceeded,independent,,2026-04-23 20:09:42.212301
CASE_001975,UNSEEN_CUST_01084,UNSEEN_INV_001084,invoice,invoice_overdue,31960.48,insufficient_funds,independent,,2026-03-06 20:09:43.571541
CASE_001976,UNSEEN_CUST_01084,UNSEEN_CHK_000146,checkout,checkout_abandoned,35565.02,,independent,,2026-05-30 20:13:41.836478
CASE_001977,UNSEEN_CUST_01084,UNSEEN_CHK_001920,checkout,checkout_abandoned,46311.38,,independent,,2026-08-03 16:01:42.796454
CASE_001978,UNSEEN_CUST_01085,UNSEEN_CHK_002075,checkout,checkout_abandoned,26166.89,,independent,,2026-07-12 10:03:42.827458
CASE_001979,UNSEEN_CUST_01086,UNSEEN_INV_001086,invoice,invoice_overdue,65326.54,temporary_bank_failure,independent,,2026-04-13 20:09:43.571541
CASE_001980,UNSEEN_CUST_01086,UNSEEN_PAY_003968,payment,payment_failed,82312.54,insufficient_funds,independent,,2026-06-12 22:50:41.993986
CASE_001981,UNSEEN_CUST_01086,UNSEEN_CHK_002239,checkout,checkout_abandoned,52804.03,,independent,,2026-08-08 08:54:42.863458
CASE_001982,UNSEEN_CUST_01086,UNSEEN_CHK_003005,checkout,checkout_abandoned,66699.95,,independent,,2026-08-24 01:12:43.146543
CASE_001983,UNSEEN_CUST_01087,UNSEEN_INV_001087,invoice,invoice_overdue,23593.52,unknown_failure,independent,,2026-03-16 20:09:43.571541
CASE_001984,UNSEEN_CUST_01087,UNSEEN_CHK_000940,checkout,checkout_abandoned,39030.99,,independent,,2026-08-20 17:42:42.569978
CASE_001985,UNSEEN_CUST_01088,UNSEEN_PAY_004918,payment,payment_failed,29927.56,timeout,independent,,2026-06-05 17:02:42.035074
CASE_001986,UNSEEN_CUST_01089,UNSEEN_CHK_000631,checkout,checkout_abandoned,42452.94,,independent,,2026-06-07 00:50:42.484555
CASE_001987,UNSEEN_CUST_01089,UNSEEN_INV_001089,invoice,invoice_overdue,54699.42,expired_instrument,independent,,2026-07-12 20:09:43.572541
CASE_001988,UNSEEN_CUST_01089,UNSEEN_CHK_000975,checkout,checkout_abandoned,23755.3,,independent,,2026-08-08 07:05:42.580900
CASE_001989,UNSEEN_CUST_01089,UNSEEN_PAY_000213,payment,payment_failed,48457.24,insufficient_funds,independent,,2026-08-19 21:19:41.806579
CASE_001990,UNSEEN_CUST_01090,UNSEEN_PAY_001474,payment,payment_failed,18265.31,unknown_failure,independent,,2026-06-15 06:34:41.873987
CASE_001991,UNSEEN_CUST_01090,UNSEEN_INV_001090,invoice,invoice_overdue,7652.27,expired_instrument,independent,,2026-07-04 20:09:43.572541
CASE_001992,UNSEEN_CUST_01090,UNSEEN_CHK_002228,checkout,checkout_abandoned,7906.43,,independent,,2026-07-19 00:59:42.863458
CASE_001993,UNSEEN_CUST_01090,UNSEEN_CHK_000847,checkout,checkout_abandoned,24773.19,,independent,,2026-08-06 15:11:42.546984
CASE_001994,UNSEEN_CUST_01090,UNSEEN_CHK_002607,checkout,checkout_abandoned,1109.47,,independent,,2026-08-14 20:39:42.998538
CASE_001995,UNSEEN_CUST_01091,UNSEEN_PAY_001974,payment,payment_failed,78477.81,expired_instrument,independent,,2026-07-07 20:40:41.895985
CASE_001996,UNSEEN_CUST_01092,UNSEEN_PAY_006964,payment,payment_failed,38291.37,insufficient_funds,independent,,2026-08-02 21:55:42.133072
CASE_001997,UNSEEN_CUST_01093,UNSEEN_PAY_001411,payment,payment_failed,9363.22,unknown_failure,independent,,2026-08-01 06:42:41.870990
CASE_001998,UNSEEN_CUST_01095,UNSEEN_INV_001095,invoice,invoice_overdue,141956.28,insufficient_funds,independent,,2026-05-17 20:09:43.573540
CASE_001999,UNSEEN_CUST_01095,UNSEEN_CHK_001160,checkout,checkout_abandoned,38556.43,,independent,,2026-07-20 15:49:42.632988
CASE_002000,UNSEEN_CUST_01095,UNSEEN_SUB_001095,subscription,subscription_failed,6473.12,insufficient_funds,independent,,2026-08-20 20:09:42.212301
CASE_002001,UNSEEN_CUST_01097,UNSEEN_SUB_001097,subscription,subscription_failed,14929.05,risk_decline,independent,,2026-03-31 20:09:42.212301
CASE_002002,UNSEEN_CUST_01097,UNSEEN_CHK_000160,checkout,checkout_abandoned,6325.05,,independent,,2026-06-08 02:05:42.334835
CASE_002003,UNSEEN_CUST_01097,UNSEEN_CHK_000599,checkout,checkout_abandoned,7451.14,,independent,,2026-06-21 03:21:42.478555
CASE_002004,UNSEEN_CUST_01097,UNSEEN_CHK_003291,checkout,checkout_abandoned,25845.01,,independent,,2026-06-24 06:27:43.272538
CASE_002005,UNSEEN_CUST_01097,UNSEEN_CHK_003349,checkout,checkout_abandoned,6551.43,,independent,,2026-07-02 11:45:43.292540
CASE_002006,UNSEEN_CUST_01098,UNSEEN_INV_001098,invoice,invoice_overdue,37197.46,temporary_bank_failure,independent,,2026-04-16 20:09:43.574543
CASE_002007,UNSEEN_CUST_01098,UNSEEN_CHK_000302,checkout,checkout_abandoned,48054.71,,independent,,2026-08-14 22:30:42.379050
CASE_002008,UNSEEN_CUST_01099,UNSEEN_CHK_002506,checkout,checkout_abandoned,40988.16,,independent,,2026-06-27 11:43:42.958539
CASE_002009,UNSEEN_CUST_01100,UNSEEN_CHK_001368,checkout,checkout_abandoned,37961.83,,independent,,2026-08-16 03:29:42.688187
CASE_002010,UNSEEN_CUST_01101,UNSEEN_CHK_000602,checkout,checkout_abandoned,11084.57,,independent,,2026-08-02 01:57:42.479555
CASE_002011,UNSEEN_CUST_01101,UNSEEN_INV_001101,invoice,invoice_overdue,21035.32,temporary_bank_failure,independent,,2026-08-04 20:09:43.574543
CASE_002012,UNSEEN_CUST_01104,UNSEEN_SUB_001104,subscription,subscription_failed,8235.86,temporary_bank_failure,independent,,2026-03-01 20:09:42.213301
CASE_002013,UNSEEN_CUST_01105,UNSEEN_INV_001105,invoice,invoice_overdue,27813.73,timeout,independent,,2026-05-19 20:09:43.575543
CASE_002014,UNSEEN_CUST_01105,UNSEEN_CHK_001332,checkout,checkout_abandoned,22289.57,,independent,,2026-08-20 09:02:42.680187
CASE_002015,UNSEEN_CUST_01106,UNSEEN_CHK_001311,checkout,checkout_abandoned,25293.43,,independent,,2026-07-03 12:59:42.676187
CASE_002016,UNSEEN_CUST_01106,UNSEEN_SUB_001106,subscription,subscription_failed,9513.84,authentication_failed,independent,,2026-08-02 20:09:42.213301
CASE_002017,UNSEEN_CUST_01107,UNSEEN_INV_001107,invoice,invoice_overdue,71709.52,limit_exceeded,independent,,2026-04-04 20:09:43.575543
CASE_002018,UNSEEN_CUST_01107,UNSEEN_SUB_001107,subscription,subscription_failed,8927.03,insufficient_funds,independent,,2026-05-30 20:09:42.213301
CASE_002019,UNSEEN_CUST_01108,UNSEEN_CHK_002874,checkout,checkout_abandoned,46293.13,,independent,,2026-06-14 09:03:43.108546
CASE_002020,UNSEEN_CUST_01108,UNSEEN_CHK_002654,checkout,checkout_abandoned,18618.94,,independent,,2026-08-07 18:51:42.107065
CASE_002021,UNSEEN_CUST_01109,UNSEEN_INV_001109,invoice,invoice_overdue,40469.12,temporary_bank_failure,independent,,2026-04-10 20:09:43.575543
CASE_002022,UNSEEN_CUST_01110,UNSEEN_SUB_001110,subscription,subscription_failed,6139.07,unknown_failure,independent,,2026-04-18 20:09:42.213301
CASE_002023,UNSEEN_CUST_01111,UNSEEN_INV_001111,invoice,invoice_overdue,20869.76,risk_decline,independent,,2026-04-18 20:09:43.576541
CASE_002024,UNSEEN_CUST_01113,UNSEEN_CHK_003103,checkout,checkout_abandoned,12521.61,,independent,,2026-07-18 09:05:43.194543
CASE_002025,UNSEEN_CUST_01113,UNSEEN_PAY_002509,payment,payment_failed,80886.05,risk_decline,independent,,2026-08-02 03:30:41.917985
CASE_002026,UNSEEN_CUST_01113,UNSEEN_PAY_005032,payment,payment_failed,68224.4,unknown_failure,independent,,2026-08-23 16:13:42.039988
CASE_002027,UNSEEN_CUST_01114,UNSEEN_PAY_002983,payment,payment_failed,43277.73,authentication_failed,independent,,2026-05-30 08:52:41.941986
CASE_002028,UNSEEN_CUST_01114,UNSEEN_CHK_000264,checkout,checkout_abandoned,49581.81,,independent,,2026-07-17 04:48:42.365052
CASE_002029,UNSEEN_CUST_01116,UNSEEN_SUB_001116,subscription,subscription_failed,12369.78,authentication_failed,independent,,2026-03-23 20:09:42.213301
CASE_002030,UNSEEN_CUST_01117,UNSEEN_CHK_000746,checkout,checkout_abandoned,8472.3,,independent,,2026-07-04 02:44:42.515902
CASE_002031,UNSEEN_CUST_01117,UNSEEN_CHK_003337,checkout,checkout_abandoned,6627.36,,independent,,2026-08-02 14:10:43.287539
CASE_002032,UNSEEN_CUST_01118,UNSEEN_PAY_005067,payment,payment_failed,47151.08,temporary_bank_failure,independent,,2026-07-01 04:14:42.042074
CASE_002033,UNSEEN_CUST_01118,UNSEEN_PAY_006193,payment,payment_failed,45665.28,temporary_bank_failure,independent,,2026-07-08 08:31:42.097065
CASE_002034,UNSEEN_CUST_01120,UNSEEN_INV_001120,invoice,invoice_overdue,4972.19,timeout,independent,,2026-04-07 20:09:43.577544
CASE_002035,UNSEEN_CUST_01120,UNSEEN_CHK_001724,checkout,checkout_abandoned,14177.63,,independent,,2026-06-13 19:05:42.751814
CASE_002036,UNSEEN_CUST_01121,UNSEEN_PAY_003534,payment,payment_failed,25381.99,insufficient_funds,independent,,2026-07-05 13:23:41.972987
CASE_002037,UNSEEN_CUST_01122,UNSEEN_INV_001122,invoice,invoice_overdue,7937.01,authentication_failed,independent,,2026-06-04 20:09:43.577544
CASE_002038,UNSEEN_CUST_01123,UNSEEN_PAY_003743,payment,payment_failed,10695.59,expired_instrument,independent,,2026-07-01 12:33:41.983985
CASE_002039,UNSEEN_CUST_01124,UNSEEN_INV_001124,invoice,invoice_overdue,57738.53,limit_exceeded,independent,,2026-08-14 20:09:43.578539
CASE_002040,UNSEEN_CUST_01126,UNSEEN_PAY_002380,payment,payment_failed,41813.95,insufficient_funds,independent,,2026-07-21 10:46:41.912985
CASE_002041,UNSEEN_CUST_01126,UNSEEN_PAY_001538,payment,payment_failed,40310.9,timeout,independent,,2026-07-25 19:43:41.876985
CASE_002042,UNSEEN_CUST_01129,UNSEEN_INV_001129,invoice,invoice_overdue,60246.85,unknown_failure,independent,,2026-04-20 20:09:43.578539
CASE_002043,UNSEEN_CUST_01129,UNSEEN_CHK_001693,checkout,checkout_abandoned,9422.49,,independent,,2026-06-30 07:56:42.748814
CASE_002044,UNSEEN_CUST_01130,UNSEEN_INV_001130,invoice,invoice_overdue,13739.98,blocked_instrument,independent,,2026-06-17 20:09:43.579540
CASE_002045,UNSEEN_CUST_01132,UNSEEN_INV_001132,invoice,invoice_overdue,69907.33,risk_decline,independent,,2026-07-31 20:09:43.579540
CASE_002046,UNSEEN_CUST_01133,UNSEEN_PAY_006649,payment,payment_failed,39729.66,unknown_failure,independent,,2026-06-30 15:51:42.119073
CASE_002047,UNSEEN_CUST_01133,UNSEEN_CHK_002876,checkout,checkout_abandoned,22668.23,,independent,,2026-07-07 11:00:43.109546
CASE_002048,UNSEEN_CUST_01134,UNSEEN_CHK_000422,checkout,checkout_abandoned,16174.15,,independent,,2026-05-31 12:19:42.421195
CASE_002049,UNSEEN_CUST_01134,UNSEEN_PAY_002338,payment,payment_failed,42035.6,unknown_failure,independent,,2026-07-13 00:18:41.910985
CASE_002050,UNSEEN_CUST_01134,UNSEEN_CHK_002884,checkout,checkout_abandoned,11533.64,,independent,,2026-08-06 13:29:43.112539
CASE_002051,UNSEEN_CUST_01136,UNSEEN_SUB_001136,subscription,subscription_failed,3580.98,authentication_failed,independent,,2026-06-28 20:09:42.214301
CASE_002052,UNSEEN_CUST_01137,UNSEEN_CHK_000061,checkout,checkout_abandoned,39809.84,,independent,,2026-06-25 06:42:41.982986
CASE_002053,UNSEEN_CUST_01137,UNSEEN_CHK_001495,checkout,checkout_abandoned,31391.45,,independent,,2026-07-15 03:24:42.707187
CASE_002054,UNSEEN_CUST_01138,UNSEEN_INV_001138,invoice,invoice_overdue,43604.74,temporary_bank_failure,independent,,2026-04-29 20:09:43.580542
CASE_002055,UNSEEN_CUST_01138,UNSEEN_PAY_001363,payment,payment_failed,2065.02,risk_decline,independent,,2026-06-09 01:11:41.868990
CASE_002056,UNSEEN_CUST_01138,UNSEEN_CHK_001126,checkout,checkout_abandoned,20913.05,,independent,,2026-07-19 03:39:42.622900
CASE_002057,UNSEEN_CUST_01138,UNSEEN_PAY_000592,payment,payment_failed,46825.38,temporary_bank_failure,independent,,2026-08-13 12:08:41.830479
CASE_002058,UNSEEN_CUST_01139,UNSEEN_INV_001139,invoice,invoice_overdue,17171.78,temporary_bank_failure,independent,,2026-07-05 20:09:43.580542
CASE_002059,UNSEEN_CUST_01140,UNSEEN_CHK_003144,checkout,checkout_abandoned,36324.44,,independent,,2026-07-02 00:35:43.213545
CASE_002060,UNSEEN_CUST_01141,UNSEEN_SUB_001141,subscription,subscription_failed,10280.72,authentication_failed,independent,,2026-02-27 20:09:42.214301
CASE_002061,UNSEEN_CUST_01142,UNSEEN_SUB_001142,subscription,subscription_failed,10699.14,insufficient_funds,independent,,2026-06-26 20:09:42.214301
CASE_002062,UNSEEN_CUST_01142,UNSEEN_PAY_000461,payment,payment_failed,20870.13,timeout,independent,,2026-07-31 17:19:41.820991
CASE_002063,UNSEEN_CUST_01143,UNSEEN_PAY_001357,payment,payment_failed,13264.4,temporary_bank_failure,independent,,2026-07-17 11:10:41.868990
CASE_002064,UNSEEN_CUST_01147,UNSEEN_CHK_001699,checkout,checkout_abandoned,47352.11,,independent,,2026-07-12 02:23:42.749814
CASE_002065,UNSEEN_CUST_01147,UNSEEN_PAY_005577,payment,payment_failed,44210.46,insufficient_funds,independent,,2026-08-20 12:19:42.064071
CASE_002066,UNSEEN_CUST_01147,UNSEEN_CHK_001272,checkout,checkout_abandoned,37495.9,,independent,,2026-08-25 20:37:42.668187
CASE_002067,UNSEEN_CUST_01148,UNSEEN_INV_001148,invoice,invoice_overdue,65693.73,insufficient_funds,independent,,2026-08-13 20:09:43.581540
CASE_002068,UNSEEN_CUST_01150,UNSEEN_PAY_001168,payment,payment_failed,7091.42,unknown_failure,independent,,2026-05-30 20:57:41.860992
CASE_002069,UNSEEN_CUST_01150,UNSEEN_CHK_000481,checkout,checkout_abandoned,40064.12,,independent,,2026-08-06 13:52:42.442650
CASE_002070,UNSEEN_CUST_01151,UNSEEN_SUB_001151,subscription,subscription_failed,12915.26,blocked_instrument,independent,,2026-06-03 20:09:42.214301
CASE_002071,UNSEEN_CUST_01152,UNSEEN_SUB_001152,subscription,subscription_failed,13913.94,timeout,independent,,2026-03-06 20:09:42.214301
CASE_002072,UNSEEN_CUST_01152,UNSEEN_CHK_000785,checkout,checkout_abandoned,48502.64,,independent,,2026-06-23 16:54:42.525902
CASE_002073,UNSEEN_CUST_01153,UNSEEN_SUB_001153,subscription,subscription_failed,5014.73,risk_decline,independent,,2026-02-27 20:09:42.214301
CASE_002074,UNSEEN_CUST_01153,UNSEEN_CHK_000620,checkout,checkout_abandoned,8225.91,,independent,,2026-06-07 07:22:42.483555
CASE_002075,UNSEEN_CUST_01154,UNSEEN_INV_001154,invoice,invoice_overdue,27218.22,authentication_failed,independent,,2026-06-19 20:09:43.582540
CASE_002076,UNSEEN_CUST_01154,UNSEEN_CHK_002515,checkout,checkout_abandoned,31149.37,,independent,,2026-07-07 08:41:42.959537
CASE_002077,UNSEEN_CUST_01156,UNSEEN_PAY_002312,payment,payment_failed,30305.43,timeout,independent,,2026-08-07 03:37:41.909985
CASE_002078,UNSEEN_CUST_01157,UNSEEN_PAY_002687,payment,payment_failed,52190.12,insufficient_funds,independent,,2026-07-29 07:13:41.926990
CASE_002079,UNSEEN_CUST_01157,UNSEEN_PAY_003537,payment,payment_failed,47417.64,expired_instrument,independent,,2026-07-29 20:09:41.972987
CASE_002080,UNSEEN_CUST_01158,UNSEEN_CHK_001557,checkout,checkout_abandoned,5922.54,,independent,,2026-06-12 04:12:42.723814
CASE_002081,UNSEEN_CUST_01158,UNSEEN_PAY_004595,payment,payment_failed,30881.75,insufficient_funds,independent,,2026-07-01 17:37:42.021069
CASE_002082,UNSEEN_CUST_01158,UNSEEN_INV_001158,invoice,invoice_overdue,20445.91,authentication_failed,independent,,2026-07-11 20:09:43.583539
CASE_002083,UNSEEN_CUST_01159,UNSEEN_CHK_001916,checkout,checkout_abandoned,11033.6,,independent,,2026-06-08 05:55:42.795814
CASE_002084,UNSEEN_CUST_01159,UNSEEN_CHK_002046,checkout,checkout_abandoned,24148.78,,independent,,2026-07-15 11:58:42.821458
CASE_002085,UNSEEN_CUST_01161,UNSEEN_PAY_003403,payment,payment_failed,16364.17,insufficient_funds,independent,,2026-08-15 06:04:41.964990
CASE_002086,UNSEEN_CUST_01162,UNSEEN_SUB_001162,subscription,subscription_failed,3900.2,unknown_failure,independent,,2026-06-14 20:09:42.214301
CASE_002087,UNSEEN_CUST_01162,UNSEEN_CHK_001340,checkout,checkout_abandoned,23149.69,,independent,,2026-07-29 23:07:42.682187
CASE_002088,UNSEEN_CUST_01163,UNSEEN_CHK_000365,checkout,checkout_abandoned,32846.05,,independent,,2026-06-23 09:33:42.404195
CASE_002089,UNSEEN_CUST_01163,UNSEEN_PAY_000342,payment,payment_failed,5424.92,unknown_failure,independent,,2026-07-07 01:06:41.814992
CASE_002090,UNSEEN_CUST_01163,UNSEEN_PAY_004124,payment,payment_failed,6725.21,authentication_failed,independent,,2026-08-15 14:51:42.000077
CASE_002091,UNSEEN_CUST_01163,UNSEEN_CHK_001237,checkout,checkout_abandoned,16941.75,,independent,,2026-08-17 02:13:42.655188
CASE_002092,UNSEEN_CUST_01163,UNSEEN_CHK_001957,checkout,checkout_abandoned,31056.11,,independent,,2026-08-21 02:02:42.802458
CASE_002093,UNSEEN_CUST_01164,UNSEEN_CHK_000140,checkout,checkout_abandoned,4913.3,,independent,,2026-06-13 02:39:42.327928
CASE_002094,UNSEEN_CUST_01165,UNSEEN_SUB_001165,subscription,subscription_failed,2457.99,blocked_instrument,independent,,2026-06-07 20:09:42.215301
CASE_002095,UNSEEN_CUST_01165,UNSEEN_PAY_005048,payment,payment_failed,6642.86,blocked_instrument,independent,,2026-07-04 13:28:42.041067
CASE_002096,UNSEEN_CUST_01166,UNSEEN_INV_001166,invoice,invoice_overdue,34651.08,temporary_bank_failure,independent,,2026-04-24 20:09:43.584539
CASE_002097,UNSEEN_CUST_01166,UNSEEN_CHK_000967,checkout,checkout_abandoned,37267.46,,independent,,2026-08-01 05:07:42.576900
CASE_002098,UNSEEN_CUST_01166,UNSEEN_SUB_001166,subscription,subscription_failed,7225.85,limit_exceeded,independent,,2026-08-10 20:09:42.215301
CASE_002099,UNSEEN_CUST_01168,UNSEEN_INV_001168,invoice,invoice_overdue,6127.98,unknown_failure,independent,,2026-05-27 20:09:43.584539
CASE_002100,UNSEEN_CUST_01170,UNSEEN_SUB_001170,subscription,subscription_failed,7594.03,insufficient_funds,independent,,2026-03-27 20:09:42.215301
CASE_002101,UNSEEN_CUST_01171,UNSEEN_CHK_001838,checkout,checkout_abandoned,13313.23,,independent,,2026-06-10 02:39:42.782815
CASE_002102,UNSEEN_CUST_01171,UNSEEN_CHK_003346,checkout,checkout_abandoned,17177.06,,independent,,2026-08-16 02:05:43.291536
CASE_002103,UNSEEN_CUST_01173,UNSEEN_INV_001173,invoice,invoice_overdue,52038.12,risk_decline,independent,,2026-03-14 20:09:43.585539
CASE_002104,UNSEEN_CUST_01174,UNSEEN_CHK_001329,checkout,checkout_abandoned,11475.26,,independent,,2026-07-08 14:41:42.679187
CASE_002105,UNSEEN_CUST_01174,UNSEEN_PAY_005142,payment,payment_failed,2509.56,insufficient_funds,independent,,2026-07-12 06:27:42.045075
CASE_002106,UNSEEN_CUST_01175,UNSEEN_INV_001175,invoice,invoice_overdue,7749.51,limit_exceeded,independent,,2026-07-01 20:09:43.586539
CASE_002107,UNSEEN_CUST_01175,UNSEEN_CHK_002510,checkout,checkout_abandoned,12299.45,,independent,,2026-07-19 03:13:42.958539
CASE_002108,UNSEEN_CUST_01176,UNSEEN_CHK_002286,checkout,checkout_abandoned,28736.6,,independent,,2026-06-08 20:06:42.870458
CASE_002109,UNSEEN_CUST_01177,UNSEEN_CHK_001241,checkout,checkout_abandoned,88178.99,,independent,,2026-08-17 15:15:42.657187
CASE_002110,UNSEEN_CUST_01177,UNSEEN_CHK_001760,checkout,checkout_abandoned,60259.11,,independent,,2026-08-21 00:10:42.761814
CASE_002111,UNSEEN_CUST_01179,UNSEEN_CHK_000328,checkout,checkout_abandoned,23487.34,,independent,,2026-07-30 05:19:42.388050
CASE_002112,UNSEEN_CUST_01179,UNSEEN_PAY_002287,payment,payment_failed,18541.75,insufficient_funds,independent,,2026-08-18 10:58:41.908985
CASE_002113,UNSEEN_CUST_01180,UNSEEN_SUB_001180,subscription,subscription_failed,14111.41,timeout,independent,,2026-04-25 20:09:42.215301
CASE_002114,UNSEEN_CUST_01180,UNSEEN_CHK_002121,checkout,checkout_abandoned,28149.01,,independent,,2026-08-20 23:29:42.839458
CASE_002115,UNSEEN_CUST_01182,UNSEEN_INV_001182,invoice,invoice_overdue,60035.32,expired_instrument,independent,,2026-05-05 20:09:43.587540
CASE_002116,UNSEEN_CUST_01182,UNSEEN_PAY_002523,payment,payment_failed,96533.98,risk_decline,independent,,2026-06-14 05:20:41.918985
CASE_002117,UNSEEN_CUST_01183,UNSEEN_PAY_002261,payment,payment_failed,37277.71,unknown_failure,independent,,2026-06-04 17:29:41.907985
CASE_002118,UNSEEN_CUST_01183,UNSEEN_PAY_003909,payment,payment_failed,16798.8,temporary_bank_failure,independent,,2026-08-11 16:14:41.991079
CASE_002119,UNSEEN_CUST_01184,UNSEEN_SUB_001184,subscription,subscription_failed,14191.18,insufficient_funds,independent,,2026-03-12 20:09:42.215301
CASE_002120,UNSEEN_CUST_01184,UNSEEN_INV_001184,invoice,invoice_overdue,18899.44,temporary_bank_failure,independent,,2026-03-18 20:09:43.587540
CASE_002121,UNSEEN_CUST_01184,UNSEEN_PAY_006635,payment,payment_failed,6657.57,risk_decline,independent,,2026-07-27 00:01:42.119073
CASE_002122,UNSEEN_CUST_01188,UNSEEN_INV_001188,invoice,invoice_overdue,121578.68,insufficient_funds,independent,,2026-03-15 20:09:43.588540
CASE_002123,UNSEEN_CUST_01190,UNSEEN_PAY_001423,payment,payment_failed,27673.97,insufficient_funds,independent,,2026-07-02 18:48:41.870990
CASE_002124,UNSEEN_CUST_01191,UNSEEN_INV_001191,invoice,invoice_overdue,42374.88,insufficient_funds,independent,,2026-05-19 20:09:43.588540
CASE_002125,UNSEEN_CUST_01191,UNSEEN_CHK_002964,checkout,checkout_abandoned,26610.16,,independent,,2026-06-22 01:00:43.130537
CASE_002126,UNSEEN_CUST_01192,UNSEEN_INV_001192,invoice,invoice_overdue,18812.1,authentication_failed,independent,,2026-05-11 20:09:43.588540
CASE_002127,UNSEEN_CUST_01192,UNSEEN_CHK_001558,checkout,checkout_abandoned,9350.89,,independent,,2026-07-14 21:37:42.723814
CASE_002128,UNSEEN_CUST_01193,UNSEEN_INV_001193,invoice,invoice_overdue,30967.94,unknown_failure,independent,,2026-05-27 20:09:43.588540
CASE_002129,UNSEEN_CUST_01193,UNSEEN_PAY_005655,payment,payment_failed,19083.24,temporary_bank_failure,independent,,2026-07-02 05:03:42.068066
CASE_002130,UNSEEN_CUST_01195,UNSEEN_PAY_003104,payment,payment_failed,39192.14,limit_exceeded,independent,,2026-08-16 06:00:41.947990
CASE_002131,UNSEEN_CUST_01197,UNSEEN_CHK_001446,checkout,checkout_abandoned,9196.21,,independent,,2026-07-03 20:22:42.699187
CASE_002132,UNSEEN_CUST_01198,UNSEEN_INV_001198,invoice,invoice_overdue,67777.92,authentication_failed,independent,,2026-05-03 20:09:43.589539
CASE_002133,UNSEEN_CUST_01198,UNSEEN_CHK_001350,checkout,checkout_abandoned,42262.99,,independent,,2026-07-08 14:20:42.683187
CASE_002134,UNSEEN_CUST_01198,UNSEEN_PAY_002372,payment,payment_failed,12046.88,unknown_failure,independent,,2026-07-25 16:12:41.911985
CASE_002135,UNSEEN_CUST_01199,UNSEEN_PAY_004663,payment,payment_failed,8248.38,blocked_instrument,independent,,2026-08-01 16:39:42.024080
CASE_002136,UNSEEN_CUST_01201,UNSEEN_CHK_000563,checkout,checkout_abandoned,8263.23,,independent,,2026-07-09 04:50:42.466556
CASE_002137,UNSEEN_CUST_01201,UNSEEN_CHK_001358,checkout,checkout_abandoned,31882.02,,independent,,2026-07-30 10:32:42.686187
CASE_002138,UNSEEN_CUST_01202,UNSEEN_SUB_001202,subscription,subscription_failed,15094.27,timeout,independent,,2026-06-30 20:09:42.216301
CASE_002139,UNSEEN_CUST_01203,UNSEEN_CHK_000017,checkout,checkout_abandoned,21292.49,,independent,,2026-07-09 07:06:42.288725
CASE_002140,UNSEEN_CUST_01205,UNSEEN_CHK_003332,checkout,checkout_abandoned,23060.03,,independent,,2026-06-28 16:17:43.285546
CASE_002141,UNSEEN_CUST_01205,UNSEEN_CHK_001520,checkout,checkout_abandoned,13524.77,,independent,,2026-07-04 21:44:42.714187
CASE_002142,UNSEEN_CUST_01205,UNSEEN_PAY_005059,payment,payment_failed,2987.24,temporary_bank_failure,independent,,2026-08-17 06:46:42.041067
CASE_002143,UNSEEN_CUST_01206,UNSEEN_INV_001206,invoice,invoice_overdue,39450.13,expired_instrument,independent,,2026-06-19 20:09:43.591542
CASE_002144,UNSEEN_CUST_01206,UNSEEN_CHK_000352,checkout,checkout_abandoned,31446.29,,independent,,2026-07-20 18:44:42.399199
CASE_002145,UNSEEN_CUST_01207,UNSEEN_CHK_001868,checkout,checkout_abandoned,23729.03,,independent,,2026-06-25 23:54:42.788813
CASE_002146,UNSEEN_CUST_01207,UNSEEN_CHK_002791,checkout,checkout_abandoned,27000.61,,independent,,2026-08-19 12:14:43.085543
CASE_002147,UNSEEN_CUST_01207,UNSEEN_CHK_000807,checkout,checkout_abandoned,8420.47,,independent,,2026-08-25 17:02:42.533903
CASE_002148,UNSEEN_CUST_01210,UNSEEN_INV_001210,invoice,invoice_overdue,21589.82,risk_decline,independent,,2026-06-22 20:09:43.591542
CASE_002149,UNSEEN_CUST_01211,UNSEEN_SUB_001211,subscription,subscription_failed,4808.11,timeout,independent,,2026-06-23 20:09:42.216301
CASE_002150,UNSEEN_CUST_01211,UNSEEN_PAY_004919,payment,payment_failed,15690.37,blocked_instrument,independent,,2026-07-21 08:16:42.035074
CASE_002151,UNSEEN_CUST_01212,UNSEEN_SUB_001212,subscription,subscription_failed,11316.97,risk_decline,independent,,2026-03-19 20:09:42.216301
CASE_002152,UNSEEN_CUST_01212,UNSEEN_CHK_002727,checkout,checkout_abandoned,38023.12,,independent,,2026-06-01 07:16:43.061536
CASE_002153,UNSEEN_CUST_01213,UNSEEN_CHK_001948,checkout,checkout_abandoned,39324.48,,independent,,2026-08-14 17:15:42.800458
CASE_002154,UNSEEN_CUST_01214,UNSEEN_INV_001214,invoice,invoice_overdue,43630.14,insufficient_funds,independent,,2026-03-11 20:09:43.592543
CASE_002155,UNSEEN_CUST_01215,UNSEEN_PAY_005182,payment,payment_failed,47069.31,risk_decline,independent,,2026-07-28 04:16:42.046986
CASE_002156,UNSEEN_CUST_01216,UNSEEN_SUB_001216,subscription,subscription_failed,8220.63,expired_instrument,independent,,2026-08-10 20:09:42.216301
CASE_002157,UNSEEN_CUST_01217,UNSEEN_INV_001217,invoice,invoice_overdue,23834.5,risk_decline,independent,,2026-05-03 20:09:43.592543
CASE_002158,UNSEEN_CUST_01217,UNSEEN_PAY_006410,payment,payment_failed,5301.37,insufficient_funds,independent,,2026-07-01 17:30:42.109079
CASE_002159,UNSEEN_CUST_01217,UNSEEN_CHK_000228,checkout,checkout_abandoned,17352.69,,independent,,2026-08-09 02:07:42.350839
CASE_002160,UNSEEN_CUST_01218,UNSEEN_SUB_001218,subscription,subscription_failed,10892.39,unknown_failure,independent,,2026-03-14 20:09:42.216301
CASE_002161,UNSEEN_CUST_01218,UNSEEN_CHK_000787,checkout,checkout_abandoned,21954.81,,independent,,2026-06-17 06:14:42.526902
CASE_002162,UNSEEN_CUST_01218,UNSEEN_PAY_001446,payment,payment_failed,23766.23,unknown_failure,independent,,2026-06-21 07:08:41.872985
CASE_002163,UNSEEN_CUST_01219,UNSEEN_PAY_000842,payment,payment_failed,32214.11,insufficient_funds,independent,,2026-06-07 20:40:41.844480
CASE_002164,UNSEEN_CUST_01220,UNSEEN_CHK_001045,checkout,checkout_abandoned,54107.89,,independent,,2026-08-18 02:22:42.602898
CASE_002165,UNSEEN_CUST_01221,UNSEEN_PAY_002618,payment,payment_failed,24920.86,timeout,independent,,2026-07-31 03:11:41.923996
CASE_002166,UNSEEN_CUST_01221,UNSEEN_CHK_002030,checkout,checkout_abandoned,84080.79,,independent,,2026-08-15 19:46:42.817458
CASE_002167,UNSEEN_CUST_01222,UNSEEN_CHK_002222,checkout,checkout_abandoned,2498.99,,independent,,2026-07-04 23:26:42.861458
CASE_002168,UNSEEN_CUST_01224,UNSEEN_PAY_004065,payment,payment_failed,7965.56,unknown_failure,independent,,2026-06-28 15:55:41.998077
CASE_002169,UNSEEN_CUST_01224,UNSEEN_PAY_005457,payment,payment_failed,46058.13,temporary_bank_failure,independent,,2026-08-18 07:18:42.059075
CASE_002170,UNSEEN_CUST_01226,UNSEEN_CHK_000476,checkout,checkout_abandoned,20728.49,,independent,,2026-07-13 00:41:42.442650
CASE_002171,UNSEEN_CUST_01229,UNSEEN_PAY_002186,payment,payment_failed,31367.05,insufficient_funds,independent,,2026-07-26 04:03:41.904985
CASE_002172,UNSEEN_CUST_01230,UNSEEN_CHK_000567,checkout,checkout_abandoned,1909.64,,independent,,2026-08-15 10:02:42.467558
CASE_002173,UNSEEN_CUST_01231,UNSEEN_SUB_001231,subscription,subscription_failed,11150.68,risk_decline,independent,,2026-07-30 20:09:42.217301
CASE_002174,UNSEEN_CUST_01233,UNSEEN_INV_001233,invoice,invoice_overdue,38117.51,risk_decline,independent,,2026-03-12 20:09:43.595540
CASE_002175,UNSEEN_CUST_01236,UNSEEN_SUB_001236,subscription,subscription_failed,1178.35,temporary_bank_failure,independent,,2026-04-22 20:09:42.217301
CASE_002176,UNSEEN_CUST_01237,UNSEEN_INV_001237,invoice,invoice_overdue,91892.7,blocked_instrument,independent,,2026-05-08 20:09:43.595540
CASE_002177,UNSEEN_CUST_01237,UNSEEN_SUB_001237,subscription,subscription_failed,20939.17,limit_exceeded,independent,,2026-08-09 20:09:42.217301
CASE_002178,UNSEEN_CUST_01238,UNSEEN_SUB_001238,subscription,subscription_failed,5046.02,limit_exceeded,independent,,2026-05-04 20:09:42.217301
CASE_002179,UNSEEN_CUST_01238,UNSEEN_PAY_000613,payment,payment_failed,27738.64,timeout,independent,,2026-06-09 21:00:41.831480
CASE_002180,UNSEEN_CUST_01239,UNSEEN_CHK_000494,checkout,checkout_abandoned,24372.16,,independent,,2026-06-07 05:07:42.445645
CASE_002181,UNSEEN_CUST_01239,UNSEEN_PAY_000852,payment,payment_failed,14096.09,blocked_instrument,independent,,2026-06-11 23:31:41.844480
CASE_002182,UNSEEN_CUST_01239,UNSEEN_PAY_000743,payment,payment_failed,9027.14,insufficient_funds,independent,,2026-06-13 19:09:41.837480
CASE_002183,UNSEEN_CUST_01240,UNSEEN_INV_001240,invoice,invoice_overdue,62760.76,unknown_failure,independent,,2026-05-05 20:09:43.596542
CASE_002184,UNSEEN_CUST_01240,UNSEEN_CHK_002302,checkout,checkout_abandoned,32064.51,,independent,,2026-08-21 23:35:42.875458
CASE_002185,UNSEEN_CUST_01241,UNSEEN_INV_001241,invoice,invoice_overdue,26977.65,unknown_failure,independent,,2026-06-16 20:09:43.596542
CASE_002186,UNSEEN_CUST_01241,UNSEEN_CHK_002205,checkout,checkout_abandoned,18437.08,,independent,,2026-07-03 08:36:42.859458
CASE_002187,UNSEEN_CUST_01241,UNSEEN_PAY_004809,payment,payment_failed,27693.57,unknown_failure,independent,,2026-07-22 21:03:42.031066
CASE_002188,UNSEEN_CUST_01241,UNSEEN_CHK_000723,checkout,checkout_abandoned,45646.66,,independent,,2026-08-04 19:11:42.511898
CASE_002189,UNSEEN_CUST_01242,UNSEEN_INV_001242,invoice,invoice_overdue,43949.62,limit_exceeded,independent,,2026-05-02 20:09:43.596542
CASE_002190,UNSEEN_CUST_01242,UNSEEN_SUB_001242,subscription,subscription_failed,6545.26,limit_exceeded,independent,,2026-05-23 20:09:42.217301
CASE_002191,UNSEEN_CUST_01242,UNSEEN_PAY_006393,payment,payment_failed,9340.14,authentication_failed,independent,,2026-06-05 05:25:42.108068
CASE_002192,UNSEEN_CUST_01244,UNSEEN_CHK_001650,checkout,checkout_abandoned,9692.73,,independent,,2026-06-21 18:25:41.828478
CASE_002193,UNSEEN_CUST_01246,UNSEEN_SUB_001246,subscription,subscription_failed,8961.34,expired_instrument,independent,,2026-05-05 20:09:42.217301
CASE_002194,UNSEEN_CUST_01248,UNSEEN_INV_001248,invoice,invoice_overdue,69948.17,limit_exceeded,independent,,2026-04-15 20:09:43.597544
CASE_002195,UNSEEN_CUST_01248,UNSEEN_PAY_002408,payment,payment_failed,16494.06,authentication_failed,independent,,2026-05-29 06:55:41.913985
CASE_002196,UNSEEN_CUST_01248,UNSEEN_PAY_003865,payment,payment_failed,24927.83,temporary_bank_failure,independent,,2026-06-12 07:56:41.989077
CASE_002197,UNSEEN_CUST_01250,UNSEEN_PAY_003146,payment,payment_failed,34676.48,expired_instrument,independent,,2026-07-10 15:10:41.949990
CASE_002198,UNSEEN_CUST_01250,UNSEEN_PAY_004212,payment,payment_failed,26722.1,unknown_failure,independent,,2026-07-23 20:07:42.004073
CASE_002199,UNSEEN_CUST_01251,UNSEEN_CHK_001427,checkout,checkout_abandoned,67383.08,,independent,,2026-08-24 02:19:42.696187
CASE_002200,UNSEEN_CUST_01253,UNSEEN_PAY_006759,payment,payment_failed,4736.88,temporary_bank_failure,independent,,2026-07-23 03:18:42.124067
CASE_002201,UNSEEN_CUST_01254,UNSEEN_INV_001254,invoice,invoice_overdue,26565.65,unknown_failure,independent,,2026-05-26 20:09:43.598542
CASE_002202,UNSEEN_CUST_01256,UNSEEN_SUB_001256,subscription,subscription_failed,12112.55,insufficient_funds,independent,,2026-03-02 20:09:42.217301
CASE_002203,UNSEEN_CUST_01256,UNSEEN_CHK_001876,checkout,checkout_abandoned,22542.26,,independent,,2026-07-26 10:20:42.788813
CASE_002204,UNSEEN_CUST_01256,UNSEEN_PAY_006924,payment,payment_failed,10486.14,temporary_bank_failure,independent,,2026-08-14 14:59:42.132076
CASE_002205,UNSEEN_CUST_01257,UNSEEN_PAY_006271,payment,payment_failed,17198.71,insufficient_funds,independent,,2026-07-30 13:17:42.101073
CASE_002206,UNSEEN_CUST_01259,UNSEEN_CHK_002704,checkout,checkout_abandoned,6447.18,,independent,,2026-08-24 23:24:43.049538
CASE_002207,UNSEEN_CUST_01260,UNSEEN_PAY_005019,payment,payment_failed,14149.94,temporary_bank_failure,independent,,2026-08-11 15:28:42.039988
CASE_002208,UNSEEN_CUST_01261,UNSEEN_INV_001261,invoice,invoice_overdue,141875.35,authentication_failed,independent,,2026-07-16 20:09:43.599543
CASE_002209,UNSEEN_CUST_01261,UNSEEN_SUB_001261,subscription,subscription_failed,19467.84,authentication_failed,independent,,2026-08-03 20:09:42.218301
CASE_002210,UNSEEN_CUST_01261,UNSEEN_PAY_001066,payment,payment_failed,64360.28,insufficient_funds,independent,,2026-08-14 00:08:41.854479
CASE_002211,UNSEEN_CUST_01262,UNSEEN_CHK_000616,checkout,checkout_abandoned,3112.3,,independent,,2026-06-30 14:12:42.482555
CASE_002212,UNSEEN_CUST_01264,UNSEEN_SUB_001264,subscription,subscription_failed,4804.21,blocked_instrument,independent,,2026-06-04 20:09:42.218301
CASE_002213,UNSEEN_CUST_01264,UNSEEN_PAY_004406,payment,payment_failed,1959.93,insufficient_funds,independent,,2026-07-15 14:15:42.013073
CASE_002214,UNSEEN_CUST_01264,UNSEEN_PAY_000769,payment,payment_failed,9974.16,timeout,independent,,2026-08-12 21:30:41.839479
CASE_002215,UNSEEN_CUST_01265,UNSEEN_INV_001265,invoice,invoice_overdue,65565.03,blocked_instrument,independent,,2026-03-23 20:09:43.600541
CASE_002216,UNSEEN_CUST_01266,UNSEEN_INV_001266,invoice,invoice_overdue,50797.36,risk_decline,independent,,2026-06-06 20:09:43.600541
CASE_002217,UNSEEN_CUST_01266,UNSEEN_CHK_001189,checkout,checkout_abandoned,14094.72,,independent,,2026-07-04 04:06:42.641187
CASE_002218,UNSEEN_CUST_01268,UNSEEN_INV_001268,invoice,invoice_overdue,65824.46,blocked_instrument,independent,,2026-07-02 20:09:43.600541
CASE_002219,UNSEEN_CUST_01269,UNSEEN_PAY_006014,payment,payment_failed,23589.77,insufficient_funds,independent,,2026-08-17 22:47:42.086072
CASE_002220,UNSEEN_CUST_01270,UNSEEN_INV_001270,invoice,invoice_overdue,71551.75,temporary_bank_failure,independent,,2026-05-08 20:09:43.601540
CASE_002221,UNSEEN_CUST_01270,UNSEEN_SUB_001270,subscription,subscription_failed,5346.94,risk_decline,independent,,2026-05-29 20:09:42.218301
CASE_002222,UNSEEN_CUST_01271,UNSEEN_PAY_004508,payment,payment_failed,5882.14,risk_decline,independent,,2026-06-15 11:03:42.017071
CASE_002223,UNSEEN_CUST_01271,UNSEEN_SUB_001271,subscription,subscription_failed,13964.47,risk_decline,independent,,2026-08-12 20:09:42.218301
CASE_002224,UNSEEN_CUST_01272,UNSEEN_SUB_001272,subscription,subscription_failed,10788.48,limit_exceeded,independent,,2026-04-07 20:09:42.218301
CASE_002225,UNSEEN_CUST_01272,UNSEEN_CHK_002726,checkout,checkout_abandoned,16006.45,,independent,,2026-07-31 08:48:43.061536
CASE_002226,UNSEEN_CUST_01272,UNSEEN_INV_001272,invoice,invoice_overdue,31566.17,temporary_bank_failure,independent,,2026-08-04 20:09:43.601540
CASE_002227,UNSEEN_CUST_01273,UNSEEN_SUB_001273,subscription,subscription_failed,5543.28,unknown_failure,independent,,2026-05-31 20:09:42.218301
CASE_002228,UNSEEN_CUST_01273,UNSEEN_CHK_003310,checkout,checkout_abandoned,2019.6,,independent,,2026-06-14 13:58:43.277540
CASE_002229,UNSEEN_CUST_01274,UNSEEN_PAY_001725,payment,payment_failed,14721.85,unknown_failure,independent,,2026-06-16 22:37:41.884985
CASE_002230,UNSEEN_CUST_01274,UNSEEN_PAY_003917,payment,payment_failed,16955.24,temporary_bank_failure,independent,,2026-06-20 15:50:41.991079
CASE_002231,UNSEEN_CUST_01275,UNSEEN_INV_001275,invoice,invoice_overdue,23151.97,insufficient_funds,independent,,2026-03-28 20:09:43.601540
CASE_002232,UNSEEN_CUST_01276,UNSEEN_INV_001276,invoice,invoice_overdue,21358.4,temporary_bank_failure,independent,,2026-04-10 20:09:43.602540
CASE_002233,UNSEEN_CUST_01276,UNSEEN_PAY_000248,payment,payment_failed,8956.66,temporary_bank_failure,independent,,2026-06-30 10:22:41.808988
CASE_002234,UNSEEN_CUST_01277,UNSEEN_SUB_001277,subscription,subscription_failed,6556.69,insufficient_funds,independent,,2026-02-28 20:09:42.218301
CASE_002235,UNSEEN_CUST_01277,UNSEEN_INV_001277,invoice,invoice_overdue,24397.14,risk_decline,independent,,2026-05-19 20:09:43.602540
CASE_002236,UNSEEN_CUST_01279,UNSEEN_CHK_000473,checkout,checkout_abandoned,12483.65,,independent,,2026-07-19 13:40:42.442650
CASE_002237,UNSEEN_CUST_01280,UNSEEN_CHK_002035,checkout,checkout_abandoned,9881.67,,independent,,2026-06-04 07:52:42.818458
CASE_002238,UNSEEN_CUST_01280,UNSEEN_INV_001280,invoice,invoice_overdue,11858.24,temporary_bank_failure,independent,,2026-06-23 20:09:43.602540
CASE_002239,UNSEEN_CUST_01280,UNSEEN_PAY_005845,payment,payment_failed,30259.59,unknown_failure,independent,,2026-06-24 17:54:42.078066
CASE_002240,UNSEEN_CUST_01280,UNSEEN_PAY_003253,payment,payment_failed,38474.8,limit_exceeded,independent,,2026-08-09 06:59:41.956992
CASE_002241,UNSEEN_CUST_01282,UNSEEN_SUB_001282,subscription,subscription_failed,10557.09,temporary_bank_failure,independent,,2026-06-07 20:09:42.218301
CASE_002242,UNSEEN_CUST_01282,UNSEEN_CHK_000541,checkout,checkout_abandoned,15664.99,,independent,,2026-07-01 16:05:42.459558
CASE_002243,UNSEEN_CUST_01282,UNSEEN_PAY_003688,payment,payment_failed,46467.02,temporary_bank_failure,independent,,2026-07-20 00:08:41.981072
CASE_002244,UNSEEN_CUST_01283,UNSEEN_CHK_001386,checkout,checkout_abandoned,46905.6,,independent,,2026-06-21 00:04:42.690187
CASE_002245,UNSEEN_CUST_01283,UNSEEN_SUB_001283,subscription,subscription_failed,10936.02,insufficient_funds,independent,,2026-07-25 20:09:42.219301
CASE_002246,UNSEEN_CUST_01284,UNSEEN_CHK_002622,checkout,checkout_abandoned,28431.44,,independent,,2026-08-11 21:27:41.877985
CASE_002247,UNSEEN_CUST_01284,UNSEEN_INV_001284,invoice,invoice_overdue,21353.96,unknown_failure,independent,,2026-08-15 20:09:43.603542
CASE_002248,UNSEEN_CUST_01285,UNSEEN_PAY_006663,payment,payment_failed,36171.3,insufficient_funds,independent,,2026-06-14 15:12:42.120065
CASE_002249,UNSEEN_CUST_01285,UNSEEN_PAY_001552,payment,payment_failed,29642.21,risk_decline,independent,,2026-07-07 12:11:41.877985
CASE_002250,UNSEEN_CUST_01285,UNSEEN_CHK_000088,checkout,checkout_abandoned,44392.5,,independent,,2026-08-08 02:25:42.314725
CASE_002251,UNSEEN_CUST_01286,UNSEEN_SUB_001286,subscription,subscription_failed,10727.15,timeout,independent,,2026-07-03 20:09:42.219301
CASE_002252,UNSEEN_CUST_01287,UNSEEN_SUB_001287,subscription,subscription_failed,5715.04,limit_exceeded,independent,,2026-03-10 20:09:42.219301
CASE_002253,UNSEEN_CUST_01287,UNSEEN_PAY_003474,payment,payment_failed,2843.09,insufficient_funds,independent,,2026-06-09 16:57:41.968991
CASE_002254,UNSEEN_CUST_01287,UNSEEN_CHK_002127,checkout,checkout_abandoned,48983.96,,independent,,2026-07-07 09:21:42.840459
CASE_002255,UNSEEN_CUST_01287,UNSEEN_CHK_000209,checkout,checkout_abandoned,23939.79,,independent,,2026-07-27 19:33:42.347839
CASE_002256,UNSEEN_CUST_01288,UNSEEN_PAY_006441,payment,payment_failed,48298.86,blocked_instrument,independent,,2026-06-03 10:58:42.110068
CASE_002257,UNSEEN_CUST_01289,UNSEEN_CHK_001921,checkout,checkout_abandoned,49617.39,,independent,,2026-05-28 01:18:42.797458
CASE_002258,UNSEEN_CUST_01290,UNSEEN_INV_001290,invoice,invoice_overdue,17343.52,authentication_failed,independent,,2026-04-10 20:09:43.604539
CASE_002259,UNSEEN_CUST_01290,UNSEEN_CHK_002154,checkout,checkout_abandoned,37764.28,,independent,,2026-08-16 07:56:41.807579
CASE_002260,UNSEEN_CUST_01291,UNSEEN_PAY_005469,payment,payment_failed,43844.79,authentication_failed,independent,,2026-07-06 03:03:42.060071
CASE_002261,UNSEEN_CUST_01291,UNSEEN_CHK_000414,checkout,checkout_abandoned,40403.09,,independent,,2026-07-22 18:32:42.418199
CASE_002262,UNSEEN_CUST_01292,UNSEEN_CHK_000935,checkout,checkout_abandoned,27107.75,,independent,,2026-06-17 10:49:42.567981
CASE_002263,UNSEEN_CUST_01293,UNSEEN_PAY_004058,payment,payment_failed,19638.91,insufficient_funds,independent,,2026-06-05 05:27:41.997028
CASE_002264,UNSEEN_CUST_01293,UNSEEN_PAY_003731,payment,payment_failed,7049.9,insufficient_funds,independent,,2026-07-08 04:37:41.982986
CASE_002265,UNSEEN_CUST_01293,UNSEEN_PAY_006936,payment,payment_failed,10793.0,risk_decline,independent,,2026-07-20 01:22:42.132076
CASE_002266,UNSEEN_CUST_01295,UNSEEN_CHK_000910,checkout,checkout_abandoned,15745.17,,independent,,2026-06-08 02:19:42.564979
CASE_002267,UNSEEN_CUST_01296,UNSEEN_INV_001296,invoice,invoice_overdue,24510.91,authentication_failed,independent,,2026-03-19 20:09:43.605544
CASE_002268,UNSEEN_CUST_01296,UNSEEN_CHK_000460,checkout,checkout_abandoned,41701.53,,independent,,2026-05-28 23:00:42.434199
CASE_002269,UNSEEN_CUST_01296,UNSEEN_PAY_001283,payment,payment_failed,20525.18,timeout,independent,,2026-08-10 11:24:41.864990
CASE_002270,UNSEEN_CUST_01298,UNSEEN_PAY_001198,payment,payment_failed,44820.87,temporary_bank_failure,independent,,2026-06-20 12:55:41.861991
CASE_002271,UNSEEN_CUST_01298,UNSEEN_SUB_001298,subscription,subscription_failed,1743.47,insufficient_funds,independent,,2026-08-08 20:09:42.219301
CASE_002272,UNSEEN_CUST_01299,UNSEEN_INV_001299,invoice,invoice_overdue,56648.17,limit_exceeded,independent,,2026-03-08 20:09:43.605544
CASE_002273,UNSEEN_CUST_01299,UNSEEN_CHK_000418,checkout,checkout_abandoned,39423.94,,independent,,2026-06-26 22:37:42.419199
CASE_002274,UNSEEN_CUST_01300,UNSEEN_INV_001300,invoice,invoice_overdue,71541.31,authentication_failed,independent,,2026-04-01 20:09:43.606540
CASE_002275,UNSEEN_CUST_01300,UNSEEN_CHK_001503,checkout,checkout_abandoned,32004.4,,independent,,2026-07-02 13:09:42.711187
CASE_002276,UNSEEN_CUST_01300,UNSEEN_PAY_000341,payment,payment_failed,21901.97,limit_exceeded,independent,,2026-07-14 01:58:41.814992
CASE_002277,UNSEEN_CUST_01301,UNSEEN_PAY_004672,payment,payment_failed,14051.41,temporary_bank_failure,independent,,2026-08-14 09:05:42.025070
CASE_002278,UNSEEN_CUST_01302,UNSEEN_PAY_005667,payment,payment_failed,8928.1,insufficient_funds,independent,,2026-06-25 07:33:42.068066
CASE_002279,UNSEEN_CUST_01306,UNSEEN_PAY_000230,payment,payment_failed,18619.25,expired_instrument,independent,,2026-08-03 10:53:41.807579
CASE_002280,UNSEEN_CUST_01307,UNSEEN_PAY_002223,payment,payment_failed,7555.64,authentication_failed,independent,,2026-06-19 00:08:41.905985
CASE_002281,UNSEEN_CUST_01307,UNSEEN_PAY_006142,payment,payment_failed,20908.99,insufficient_funds,independent,,2026-07-23 06:07:42.094068
CASE_002282,UNSEEN_CUST_01308,UNSEEN_SUB_001308,subscription,subscription_failed,8056.79,risk_decline,independent,,2026-07-23 20:09:42.219301
CASE_002283,UNSEEN_CUST_01308,UNSEEN_INV_001308,invoice,invoice_overdue,30225.14,timeout,independent,,2026-08-23 20:09:43.607537
CASE_002284,UNSEEN_CUST_01309,UNSEEN_INV_001309,invoice,invoice_overdue,72851.32,insufficient_funds,independent,,2026-04-25 20:09:43.607537
CASE_002285,UNSEEN_CUST_01309,UNSEEN_CHK_000218,checkout,checkout_abandoned,1532.88,,independent,,2026-08-20 05:21:42.349839
CASE_002286,UNSEEN_CUST_01310,UNSEEN_CHK_003159,checkout,checkout_abandoned,30581.53,,independent,,2026-06-01 16:55:43.217538
CASE_002287,UNSEEN_CUST_01312,UNSEEN_SUB_001312,subscription,subscription_failed,12807.08,temporary_bank_failure,independent,,2026-05-25 20:09:42.219301
CASE_002288,UNSEEN_CUST_01313,UNSEEN_INV_001313,invoice,invoice_overdue,19555.88,blocked_instrument,independent,,2026-04-11 20:09:43.608543
CASE_002289,UNSEEN_CUST_01313,UNSEEN_PAY_003540,payment,payment_failed,12189.74,insufficient_funds,independent,,2026-07-08 20:49:41.972987
CASE_002290,UNSEEN_CUST_01314,UNSEEN_CHK_000208,checkout,checkout_abandoned,97366.44,,independent,,2026-07-30 18:48:42.347839
CASE_002291,UNSEEN_CUST_01315,UNSEEN_PAY_001546,payment,payment_failed,39935.6,insufficient_funds,independent,,2026-07-22 21:48:41.876985
CASE_002292,UNSEEN_CUST_01315,UNSEEN_CHK_002151,checkout,checkout_abandoned,7202.49,,independent,,2026-08-09 08:39:42.845458
CASE_002293,UNSEEN_CUST_01315,UNSEEN_CHK_002811,checkout,checkout_abandoned,39136.42,,independent,,2026-08-23 08:54:43.091545
CASE_002294,UNSEEN_CUST_01316,UNSEEN_SUB_001316,subscription,subscription_failed,6501.33,insufficient_funds,independent,,2026-04-20 20:09:42.220301
CASE_002295,UNSEEN_CUST_01317,UNSEEN_CHK_002837,checkout,checkout_abandoned,21983.08,,independent,,2026-07-02 01:40:43.098539
CASE_002296,UNSEEN_CUST_01320,UNSEEN_PAY_003961,payment,payment_failed,17117.3,temporary_bank_failure,independent,,2026-05-27 20:37:41.992989
CASE_002297,UNSEEN_CUST_01320,UNSEEN_PAY_002268,payment,payment_failed,38115.65,temporary_bank_failure,independent,,2026-07-20 03:37:41.907985
CASE_002298,UNSEEN_CUST_01321,UNSEEN_CHK_003080,checkout,checkout_abandoned,4403.16,,independent,,2026-07-26 10:35:43.183543
CASE_002299,UNSEEN_CUST_01323,UNSEEN_CHK_000690,checkout,checkout_abandoned,14652.79,,independent,,2026-07-05 17:17:42.503555
CASE_002300,UNSEEN_CUST_01323,UNSEEN_PAY_000005,payment,payment_failed,805.99,insufficient_funds,independent,,2026-07-27 14:22:41.796074
CASE_002301,UNSEEN_CUST_01323,UNSEEN_PAY_001822,payment,payment_failed,10253.91,insufficient_funds,independent,,2026-08-21 14:20:41.888985
CASE_002302,UNSEEN_CUST_01324,UNSEEN_CHK_002618,checkout,checkout_abandoned,43754.67,,independent,,2026-07-10 13:23:43.002546
CASE_002303,UNSEEN_CUST_01326,UNSEEN_INV_001326,invoice,invoice_overdue,29064.81,temporary_bank_failure,independent,,2026-06-02 20:09:43.609540
CASE_002304,UNSEEN_CUST_01327,UNSEEN_SUB_001327,subscription,subscription_failed,7066.2,temporary_bank_failure,independent,,2026-05-16 20:09:42.220301
CASE_002305,UNSEEN_CUST_01328,UNSEEN_INV_001328,invoice,invoice_overdue,65110.91,timeout,independent,,2026-05-11 20:09:43.610540
CASE_002306,UNSEEN_CUST_01328,UNSEEN_CHK_001000,checkout,checkout_abandoned,31958.68,,independent,,2026-07-25 07:54:42.585900
CASE_002307,UNSEEN_CUST_01329,UNSEEN_PAY_006864,payment,payment_failed,29403.69,temporary_bank_failure,independent,,2026-05-31 10:04:42.129078
CASE_002308,UNSEEN_CUST_01330,UNSEEN_CHK_000519,checkout,checkout_abandoned,40140.04,,independent,,2026-07-25 11:45:42.452556
CASE_002309,UNSEEN_CUST_01330,UNSEEN_CHK_000042,checkout,checkout_abandoned,14483.64,,independent,,2026-08-21 18:04:42.298724
CASE_002310,UNSEEN_CUST_01331,UNSEEN_PAY_003531,payment,payment_failed,18194.45,temporary_bank_failure,independent,,2026-06-10 09:59:41.972987
CASE_002311,UNSEEN_CUST_01331,UNSEEN_SUB_001331,subscription,subscription_failed,12100.36,insufficient_funds,independent,,2026-07-06 20:09:42.220301
CASE_002312,UNSEEN_CUST_01331,UNSEEN_PAY_002809,payment,payment_failed,10816.53,insufficient_funds,independent,,2026-07-18 13:54:41.932990
CASE_002313,UNSEEN_CUST_01332,UNSEEN_PAY_003476,payment,payment_failed,37411.66,timeout,independent,,2026-05-29 04:24:41.968991
CASE_002314,UNSEEN_CUST_01332,UNSEEN_CHK_003418,checkout,checkout_abandoned,48243.21,,independent,,2026-06-13 00:27:43.317548
CASE_002315,UNSEEN_CUST_01334,UNSEEN_PAY_001684,payment,payment_failed,4428.47,temporary_bank_failure,independent,,2026-07-14 23:52:41.882985
CASE_002316,UNSEEN_CUST_01334,UNSEEN_INV_001334,invoice,invoice_overdue,24300.63,insufficient_funds,independent,,2026-08-04 20:09:43.611541
CASE_002317,UNSEEN_CUST_01335,UNSEEN_CHK_000423,checkout,checkout_abandoned,19041.97,,independent,,2026-06-01 17:06:42.421195
CASE_002318,UNSEEN_CUST_01335,UNSEEN_PAY_003344,payment,payment_failed,15609.55,insufficient_funds,independent,,2026-06-28 19:12:41.961989
CASE_002319,UNSEEN_CUST_01335,UNSEEN_PAY_000602,payment,payment_failed,14192.48,blocked_instrument,independent,,2026-07-01 04:07:41.831480
CASE_002320,UNSEEN_CUST_01335,UNSEEN_CHK_001778,checkout,checkout_abandoned,10340.64,,independent,,2026-07-28 23:58:42.764814
CASE_002321,UNSEEN_CUST_01335,UNSEEN_CHK_000287,checkout,checkout_abandoned,3655.72,,independent,,2026-08-17 21:46:42.371052
CASE_002322,UNSEEN_CUST_01335,UNSEEN_PAY_004590,payment,payment_failed,11168.36,temporary_bank_failure,independent,,2026-08-18 23:27:42.021069
CASE_002323,UNSEEN_CUST_01337,UNSEEN_INV_001337,invoice,invoice_overdue,22759.41,insufficient_funds,independent,,2026-04-16 20:09:43.611541
CASE_002324,UNSEEN_CUST_01337,UNSEEN_CHK_002856,checkout,checkout_abandoned,12388.87,,independent,,2026-07-06 03:32:43.107543
CASE_002325,UNSEEN_CUST_01337,UNSEEN_CHK_001373,checkout,checkout_abandoned,35272.19,,independent,,2026-08-24 19:03:42.688187
CASE_002326,UNSEEN_CUST_01338,UNSEEN_PAY_000316,payment,payment_failed,48223.04,unknown_failure,independent,,2026-07-10 21:08:41.813992
CASE_002327,UNSEEN_CUST_01339,UNSEEN_SUB_001339,subscription,subscription_failed,10477.87,timeout,independent,,2026-03-12 20:09:42.221302
CASE_002328,UNSEEN_CUST_01340,UNSEEN_PAY_006252,payment,payment_failed,6332.25,limit_exceeded,independent,,2026-08-15 15:22:42.100066
CASE_002329,UNSEEN_CUST_01342,UNSEEN_SUB_001342,subscription,subscription_failed,14629.55,insufficient_funds,independent,,2026-03-16 20:09:42.221302
CASE_002330,UNSEEN_CUST_01342,UNSEEN_CHK_000071,checkout,checkout_abandoned,20063.17,,independent,,2026-06-25 15:53:42.310761
CASE_002331,UNSEEN_CUST_01342,UNSEEN_CHK_001654,checkout,checkout_abandoned,5837.48,,independent,,2026-07-21 06:18:42.035074
CASE_002332,UNSEEN_CUST_01343,UNSEEN_CHK_000593,checkout,checkout_abandoned,37062.96,,independent,,2026-06-06 19:07:42.475555
CASE_002333,UNSEEN_CUST_01343,UNSEEN_CHK_002537,checkout,checkout_abandoned,36017.69,,independent,,2026-06-30 10:18:42.964546
CASE_002334,UNSEEN_CUST_01343,UNSEEN_CHK_000999,checkout,checkout_abandoned,47794.19,,independent,,2026-07-21 20:22:42.585900
CASE_002335,UNSEEN_CUST_01344,UNSEEN_INV_001344,invoice,invoice_overdue,10211.46,unknown_failure,independent,,2026-06-30 20:09:43.612539
CASE_002336,UNSEEN_CUST_01344,UNSEEN_CHK_000796,checkout,checkout_abandoned,24717.65,,independent,,2026-07-10 17:03:42.529902
CASE_002337,UNSEEN_CUST_01344,UNSEEN_CHK_001243,checkout,checkout_abandoned,15166.63,,independent,,2026-07-12 04:27:42.659189
CASE_002338,UNSEEN_CUST_01344,UNSEEN_PAY_002205,payment,payment_failed,29339.15,insufficient_funds,independent,,2026-08-14 01:06:41.904985
CASE_002339,UNSEEN_CUST_01348,UNSEEN_INV_001348,invoice,invoice_overdue,13225.49,risk_decline,independent,,2026-04-08 20:09:43.613542
CASE_002340,UNSEEN_CUST_01348,UNSEEN_CHK_003372,checkout,checkout_abandoned,13855.07,,independent,,2026-06-21 14:32:43.303537
CASE_002341,UNSEEN_CUST_01348,UNSEEN_CHK_003401,checkout,checkout_abandoned,24169.08,,independent,,2026-07-31 06:41:43.313542
CASE_002342,UNSEEN_CUST_01348,UNSEEN_PAY_002144,payment,payment_failed,21075.39,risk_decline,independent,,2026-08-06 22:49:41.902985
CASE_002343,UNSEEN_CUST_01349,UNSEEN_PAY_001743,payment,payment_failed,14099.83,authentication_failed,independent,,2026-07-10 19:06:41.885985
CASE_002344,UNSEEN_CUST_01349,UNSEEN_PAY_004269,payment,payment_failed,9548.04,timeout,independent,,2026-07-14 10:08:42.006989
CASE_002345,UNSEEN_CUST_01349,UNSEEN_PAY_000522,payment,payment_failed,3614.09,timeout,independent,,2026-07-26 21:16:41.826478
CASE_002346,UNSEEN_CUST_01350,UNSEEN_SUB_001350,subscription,subscription_failed,12938.07,temporary_bank_failure,independent,,2026-03-13 20:09:42.221302
CASE_002347,UNSEEN_CUST_01350,UNSEEN_CHK_000862,checkout,checkout_abandoned,29884.21,,independent,,2026-08-08 01:30:42.550980
CASE_002348,UNSEEN_CUST_01351,UNSEEN_INV_001351,invoice,invoice_overdue,48161.34,timeout,independent,,2026-06-27 20:09:43.613542
CASE_002349,UNSEEN_CUST_01352,UNSEEN_CHK_001810,checkout,checkout_abandoned,26777.14,,independent,,2026-07-02 18:24:42.772814
CASE_002350,UNSEEN_CUST_01352,UNSEEN_PAY_002331,payment,payment_failed,67003.68,timeout,independent,,2026-07-06 10:03:41.910985
CASE_002351,UNSEEN_CUST_01354,UNSEEN_CHK_000130,checkout,checkout_abandoned,15582.51,,independent,,2026-07-29 16:28:42.326915
CASE_002352,UNSEEN_CUST_01354,UNSEEN_SUB_001354,subscription,subscription_failed,7372.0,insufficient_funds,independent,,2026-07-31 20:09:42.221302
CASE_002353,UNSEEN_CUST_01355,UNSEEN_CHK_002468,checkout,checkout_abandoned,25817.01,,independent,,2026-05-29 03:26:42.944539
CASE_002354,UNSEEN_CUST_01355,UNSEEN_CHK_002169,checkout,checkout_abandoned,45920.04,,independent,,2026-08-25 14:30:42.852458
CASE_002355,UNSEEN_CUST_01357,UNSEEN_PAY_003078,payment,payment_failed,83365.29,temporary_bank_failure,independent,,2026-06-07 21:47:41.946989
CASE_002356,UNSEEN_CUST_01357,UNSEEN_PAY_000355,payment,payment_failed,83533.58,risk_decline,independent,,2026-06-13 18:58:41.814992
CASE_002357,UNSEEN_CUST_01357,UNSEEN_PAY_006746,payment,payment_failed,16285.96,risk_decline,independent,,2026-07-05 23:05:42.124067
CASE_002358,UNSEEN_CUST_01359,UNSEEN_PAY_006708,payment,payment_failed,3595.02,insufficient_funds,independent,,2026-06-27 07:14:42.122074
CASE_002359,UNSEEN_CUST_01359,UNSEEN_CHK_002878,checkout,checkout_abandoned,27920.41,,independent,,2026-07-22 01:01:42.128065
CASE_002360,UNSEEN_CUST_01359,UNSEEN_CHK_002590,checkout,checkout_abandoned,9748.81,,independent,,2026-08-14 06:00:42.992544
CASE_002361,UNSEEN_CUST_01360,UNSEEN_PAY_006383,payment,payment_failed,46193.7,authentication_failed,independent,,2026-05-28 05:04:42.107065
CASE_002362,UNSEEN_CUST_01360,UNSEEN_INV_001360,invoice,invoice_overdue,8971.8,insufficient_funds,independent,,2026-07-04 20:09:43.615539
CASE_002363,UNSEEN_CUST_01362,UNSEEN_PAY_006683,payment,payment_failed,36822.5,insufficient_funds,independent,,2026-07-05 15:24:42.121071
CASE_002364,UNSEEN_CUST_01362,UNSEEN_PAY_000452,payment,payment_failed,44897.33,insufficient_funds,independent,,2026-07-15 12:24:41.819991
CASE_002365,UNSEEN_CUST_01362,UNSEEN_PAY_002009,payment,payment_failed,35159.72,blocked_instrument,independent,,2026-08-18 17:16:41.896985
CASE_002366,UNSEEN_CUST_01363,UNSEEN_SUB_001363,subscription,subscription_failed,1821.39,temporary_bank_failure,independent,,2026-08-16 20:09:42.221302
CASE_002367,UNSEEN_CUST_01365,UNSEEN_INV_001365,invoice,invoice_overdue,18597.85,insufficient_funds,independent,,2026-04-12 20:09:43.616543
CASE_002368,UNSEEN_CUST_01365,UNSEEN_CHK_003231,checkout,checkout_abandoned,42362.41,,independent,,2026-06-21 00:26:43.248542
CASE_002369,UNSEEN_CUST_01365,UNSEEN_CHK_002130,checkout,checkout_abandoned,41076.95,,independent,,2026-07-28 07:55:42.841458
CASE_002370,UNSEEN_CUST_01366,UNSEEN_INV_001366,invoice,invoice_overdue,6048.58,limit_exceeded,independent,,2026-05-27 20:09:43.616543
CASE_002371,UNSEEN_CUST_01367,UNSEEN_CHK_001644,checkout,checkout_abandoned,14494.94,,independent,,2026-07-11 00:22:42.739814
CASE_002372,UNSEEN_CUST_01368,UNSEEN_CHK_000752,checkout,checkout_abandoned,23008.2,,independent,,2026-07-19 13:44:42.515902
CASE_002373,UNSEEN_CUST_01368,UNSEEN_PAY_003467,payment,payment_failed,35025.91,insufficient_funds,independent,,2026-08-11 20:39:41.968991
CASE_002374,UNSEEN_CUST_01368,UNSEEN_CHK_002175,checkout,checkout_abandoned,27325.3,,independent,,2026-08-21 04:54:42.853458
CASE_002375,UNSEEN_CUST_01370,UNSEEN_SUB_001370,subscription,subscription_failed,7369.41,authentication_failed,independent,,2026-05-07 20:09:42.222302
CASE_002376,UNSEEN_CUST_01370,UNSEEN_CHK_003249,checkout,checkout_abandoned,16886.03,,independent,,2026-06-25 15:01:43.254541
CASE_002377,UNSEEN_CUST_01370,UNSEEN_CHK_000905,checkout,checkout_abandoned,7549.41,,independent,,2026-07-07 14:36:42.562979
CASE_002378,UNSEEN_CUST_01371,UNSEEN_INV_001371,invoice,invoice_overdue,47917.53,limit_exceeded,independent,,2026-03-04 20:09:43.617540
CASE_002379,UNSEEN_CUST_01371,UNSEEN_CHK_002069,checkout,checkout_abandoned,5854.32,,independent,,2026-07-25 16:49:42.826458
CASE_002380,UNSEEN_CUST_01372,UNSEEN_SUB_001372,subscription,subscription_failed,7950.33,temporary_bank_failure,independent,,2026-07-29 20:09:42.222302
CASE_002381,UNSEEN_CUST_01372,UNSEEN_PAY_005625,payment,payment_failed,11336.5,temporary_bank_failure,independent,,2026-08-05 14:32:42.067066
CASE_002382,UNSEEN_CUST_01373,UNSEEN_CHK_001320,checkout,checkout_abandoned,29313.9,,independent,,2026-07-26 22:04:42.677187
CASE_002383,UNSEEN_CUST_01374,UNSEEN_SUB_001374,subscription,subscription_failed,1648.23,temporary_bank_failure,independent,,2026-08-25 20:09:42.222302
CASE_002384,UNSEEN_CUST_01375,UNSEEN_SUB_001375,subscription,subscription_failed,6536.0,timeout,independent,,2026-08-21 20:09:42.222302
CASE_002385,UNSEEN_CUST_01377,UNSEEN_CHK_003316,checkout,checkout_abandoned,12091.81,,independent,,2026-06-04 06:36:43.278536
CASE_002386,UNSEEN_CUST_01377,UNSEEN_CHK_001072,checkout,checkout_abandoned,33968.8,,independent,,2026-07-02 13:42:42.609898
CASE_002387,UNSEEN_CUST_01378,UNSEEN_INV_001378,invoice,invoice_overdue,39015.62,authentication_failed,independent,,2026-02-27 20:09:43.618548
CASE_002388,UNSEEN_CUST_01378,UNSEEN_CHK_000939,checkout,checkout_abandoned,46631.22,,independent,,2026-06-29 12:43:42.569978
CASE_002389,UNSEEN_CUST_01379,UNSEEN_CHK_003355,checkout,checkout_abandoned,6044.7,,independent,,2026-07-12 23:44:43.295548
CASE_002390,UNSEEN_CUST_01379,UNSEEN_PAY_004564,payment,payment_failed,4042.95,expired_instrument,independent,,2026-08-06 13:07:42.020071
CASE_002391,UNSEEN_CUST_01379,UNSEEN_CHK_003313,checkout,checkout_abandoned,18734.97,,independent,,2026-08-10 12:26:43.278536
CASE_002392,UNSEEN_CUST_01379,UNSEEN_PAY_000905,payment,payment_failed,2892.8,risk_decline,independent,,2026-08-16 13:35:41.847480
CASE_002393,UNSEEN_CUST_01379,UNSEEN_PAY_006833,payment,payment_failed,13737.95,insufficient_funds,independent,,2026-08-19 17:09:42.127071
CASE_002394,UNSEEN_CUST_01381,UNSEEN_SUB_001381,subscription,subscription_failed,908.32,temporary_bank_failure,independent,,2026-04-17 20:09:42.222302
CASE_002395,UNSEEN_CUST_01381,UNSEEN_CHK_001736,checkout,checkout_abandoned,8313.51,,independent,,2026-07-21 16:42:42.754814
CASE_002396,UNSEEN_CUST_01382,UNSEEN_SUB_001382,subscription,subscription_failed,2442.5,authentication_failed,independent,,2026-06-16 20:09:42.222302
CASE_002397,UNSEEN_CUST_01383,UNSEEN_SUB_001383,subscription,subscription_failed,12053.96,timeout,independent,,2026-03-26 20:09:42.222302
CASE_002398,UNSEEN_CUST_01383,UNSEEN_INV_001383,invoice,invoice_overdue,50339.94,authentication_failed,independent,,2026-03-29 20:09:43.619541
CASE_002399,UNSEEN_CUST_01383,UNSEEN_PAY_000899,payment,payment_failed,2696.2,insufficient_funds,independent,,2026-06-24 01:00:41.847480
CASE_002400,UNSEEN_CUST_01383,UNSEEN_PAY_003109,payment,payment_failed,24994.73,temporary_bank_failure,independent,,2026-07-09 12:22:41.947990
CASE_002401,UNSEEN_CUST_01383,UNSEEN_PAY_000055,payment,payment_failed,10685.96,authentication_failed,independent,,2026-08-11 11:39:41.798581
CASE_002402,UNSEEN_CUST_01385,UNSEEN_PAY_001879,payment,payment_failed,14441.05,temporary_bank_failure,independent,,2026-06-20 07:21:41.891985
CASE_002403,UNSEEN_CUST_01386,UNSEEN_PAY_000415,payment,payment_failed,2312.72,insufficient_funds,independent,,2026-06-01 07:25:41.817991
CASE_002404,UNSEEN_CUST_01386,UNSEEN_INV_001386,invoice,invoice_overdue,74770.87,blocked_instrument,independent,,2026-06-25 20:09:43.619541
CASE_002405,UNSEEN_CUST_01386,UNSEEN_PAY_005952,payment,payment_failed,4321.78,timeout,independent,,2026-07-08 00:13:42.083070
CASE_002406,UNSEEN_CUST_01386,UNSEEN_PAY_002721,payment,payment_failed,48381.79,temporary_bank_failure,independent,,2026-07-25 09:59:41.927989
CASE_002407,UNSEEN_CUST_01387,UNSEEN_CHK_001022,checkout,checkout_abandoned,38245.05,,independent,,2026-05-30 11:26:42.591986
CASE_002408,UNSEEN_CUST_01391,UNSEEN_CHK_000724,checkout,checkout_abandoned,18241.82,,independent,,2026-06-10 07:25:42.511898
CASE_002409,UNSEEN_CUST_01391,UNSEEN_INV_001391,invoice,invoice_overdue,61241.25,unknown_failure,independent,,2026-07-05 20:09:43.620543
CASE_002410,UNSEEN_CUST_01391,UNSEEN_CHK_001885,checkout,checkout_abandoned,2892.63,,independent,,2026-07-14 11:30:42.789813
CASE_002411,UNSEEN_CUST_01392,UNSEEN_CHK_001642,checkout,checkout_abandoned,21861.4,,independent,,2026-05-28 02:45:42.738814
CASE_002412,UNSEEN_CUST_01392,UNSEEN_SUB_001392,subscription,subscription_failed,4586.39,limit_exceeded,independent,,2026-07-01 20:09:42.223714
CASE_002413,UNSEEN_CUST_01392,UNSEEN_PAY_004297,payment,payment_failed,42688.15,limit_exceeded,independent,,2026-07-17 03:55:42.008077
CASE_002414,UNSEEN_CUST_01392,UNSEEN_CHK_001217,checkout,checkout_abandoned,19443.49,,independent,,2026-08-20 01:38:42.649187
CASE_002415,UNSEEN_CUST_01394,UNSEEN_PAY_004088,payment,payment_failed,47761.26,unknown_failure,independent,,2026-08-23 13:05:41.999067
CASE_002416,UNSEEN_CUST_01395,UNSEEN_PAY_003965,payment,payment_failed,5134.03,blocked_instrument,independent,,2026-08-10 06:13:41.992989
CASE_002417,UNSEEN_CUST_01396,UNSEEN_PAY_005024,payment,payment_failed,1709.99,insufficient_funds,independent,,2026-07-11 20:07:42.039988
CASE_002418,UNSEEN_CUST_01399,UNSEEN_SUB_001399,subscription,subscription_failed,8880.27,risk_decline,independent,,2026-03-22 20:09:42.223714
CASE_002419,UNSEEN_CUST_01399,UNSEEN_CHK_002431,checkout,checkout_abandoned,33992.2,,independent,,2026-06-04 22:38:42.927544
CASE_002420,UNSEEN_CUST_01399,UNSEEN_CHK_003012,checkout,checkout_abandoned,47909.92,,independent,,2026-06-29 08:13:43.148540
CASE_002421,UNSEEN_CUST_01399,UNSEEN_PAY_002582,payment,payment_failed,40998.28,unknown_failure,independent,,2026-07-03 20:32:41.921999
CASE_002422,UNSEEN_CUST_01405,UNSEEN_PAY_000201,payment,payment_failed,23367.15,insufficient_funds,independent,,2026-08-25 12:55:41.805579
CASE_002423,UNSEEN_CUST_01406,UNSEEN_SUB_001406,subscription,subscription_failed,11918.04,temporary_bank_failure,independent,,2026-02-28 20:09:42.223714
CASE_002424,UNSEEN_CUST_01407,UNSEEN_CHK_000510,checkout,checkout_abandoned,24699.24,,independent,,2026-07-17 20:33:42.451601
CASE_002425,UNSEEN_CUST_01407,UNSEEN_CHK_001250,checkout,checkout_abandoned,37912.23,,independent,,2026-08-08 23:08:42.661188
CASE_002426,UNSEEN_CUST_01410,UNSEEN_SUB_001410,subscription,subscription_failed,5041.48,insufficient_funds,independent,,2026-04-14 20:09:42.223714
CASE_002427,UNSEEN_CUST_01410,UNSEEN_PAY_001803,payment,payment_failed,27098.57,blocked_instrument,independent,,2026-05-29 10:03:41.887985
CASE_002428,UNSEEN_CUST_01411,UNSEEN_CHK_001703,checkout,checkout_abandoned,37155.98,,independent,,2026-06-02 20:19:42.750814
CASE_002429,UNSEEN_CUST_01412,UNSEEN_SUB_001412,subscription,subscription_failed,2807.97,temporary_bank_failure,independent,,2026-05-28 20:09:42.223714
CASE_002430,UNSEEN_CUST_01412,UNSEEN_CHK_000934,checkout,checkout_abandoned,14459.27,,independent,,2026-08-06 12:31:42.567981
CASE_002431,UNSEEN_CUST_01414,UNSEEN_SUB_001414,subscription,subscription_failed,21449.23,timeout,independent,,2026-04-25 20:09:42.223714
CASE_002432,UNSEEN_CUST_01416,UNSEEN_PAY_000318,payment,payment_failed,25698.05,expired_instrument,independent,,2026-08-06 22:37:41.813992
CASE_002433,UNSEEN_CUST_01417,UNSEEN_SUB_001417,subscription,subscription_failed,13145.79,unknown_failure,independent,,2026-03-24 20:09:42.224804
CASE_002434,UNSEEN_CUST_01417,UNSEEN_CHK_000572,checkout,checkout_abandoned,25971.43,,independent,,2026-07-01 02:28:41.980067
CASE_002435,UNSEEN_CUST_01418,UNSEEN_PAY_000228,payment,payment_failed,3371.73,limit_exceeded,independent,,2026-05-30 08:22:41.807579
CASE_002436,UNSEEN_CUST_01418,UNSEEN_PAY_002113,payment,payment_failed,15812.8,risk_decline,independent,,2026-07-12 19:18:41.900985
CASE_002437,UNSEEN_CUST_01418,UNSEEN_PAY_000751,payment,payment_failed,8907.59,limit_exceeded,independent,,2026-08-17 21:02:41.838479
CASE_002438,UNSEEN_CUST_01419,UNSEEN_CHK_000475,checkout,checkout_abandoned,20999.87,,independent,,2026-07-16 15:14:42.442650
CASE_002439,UNSEEN_CUST_01421,UNSEEN_PAY_004676,payment,payment_failed,19310.5,expired_instrument,independent,,2026-06-16 21:27:42.025070
CASE_002440,UNSEEN_CUST_01423,UNSEEN_CHK_001087,checkout,checkout_abandoned,44882.36,,independent,,2026-06-14 09:21:42.614985
CASE_002441,UNSEEN_CUST_01425,UNSEEN_PAY_004329,payment,payment_failed,33599.07,authentication_failed,independent,,2026-06-29 03:55:42.009066
CASE_002442,UNSEEN_CUST_01426,UNSEEN_PAY_006283,payment,payment_failed,26166.42,limit_exceeded,independent,,2026-07-01 19:47:42.102072
CASE_002443,UNSEEN_CUST_01426,UNSEEN_CHK_000465,checkout,checkout_abandoned,19631.31,,independent,,2026-08-26 00:49:42.439197
CASE_002444,UNSEEN_CUST_01427,UNSEEN_PAY_004022,payment,payment_failed,18020.03,timeout,independent,,2026-06-04 23:41:41.996072
CASE_002445,UNSEEN_CUST_01427,UNSEEN_PAY_000653,payment,payment_failed,10058.47,insufficient_funds,independent,,2026-06-21 14:44:41.833480
CASE_002446,UNSEEN_CUST_01427,UNSEEN_CHK_003466,checkout,checkout_abandoned,17451.29,,independent,,2026-07-21 21:07:43.341539
CASE_002447,UNSEEN_CUST_01427,UNSEEN_CHK_001659,checkout,checkout_abandoned,1762.46,,independent,,2026-08-15 10:01:42.035074
CASE_002448,UNSEEN_CUST_01428,UNSEEN_SUB_001428,subscription,subscription_failed,14091.49,temporary_bank_failure,independent,,2026-03-18 20:09:42.224804
CASE_002449,UNSEEN_CUST_01430,UNSEEN_PAY_003564,payment,payment_failed,8971.87,temporary_bank_failure,independent,,2026-06-28 09:55:41.974067
CASE_002450,UNSEEN_CUST_01430,UNSEEN_PAY_006825,payment,payment_failed,16210.21,temporary_bank_failure,independent,,2026-07-04 18:18:42.127071
CASE_002451,UNSEEN_CUST_01431,UNSEEN_SUB_001431,subscription,subscription_failed,5281.15,insufficient_funds,independent,,2026-07-28 20:09:42.224804
CASE_002452,UNSEEN_CUST_01431,UNSEEN_CHK_002774,checkout,checkout_abandoned,33601.87,,independent,,2026-08-05 04:36:41.903985
CASE_002453,UNSEEN_CUST_01431,UNSEEN_CHK_000658,checkout,checkout_abandoned,38630.05,,independent,,2026-08-08 23:00:42.494555
CASE_002454,UNSEEN_CUST_01433,UNSEEN_CHK_002414,checkout,checkout_abandoned,7763.13,,independent,,2026-06-01 11:18:41.942990
CASE_002455,UNSEEN_CUST_01433,UNSEEN_SUB_001433,subscription,subscription_failed,7085.64,unknown_failure,independent,,2026-06-17 20:09:42.224804
CASE_002456,UNSEEN_CUST_01433,UNSEEN_PAY_004716,payment,payment_failed,2264.7,timeout,independent,,2026-07-02 21:18:42.027025
CASE_002457,UNSEEN_CUST_01433,UNSEEN_PAY_003319,payment,payment_failed,5497.67,blocked_instrument,independent,,2026-08-14 06:45:41.959990
CASE_002458,UNSEEN_CUST_01434,UNSEEN_CHK_002409,checkout,checkout_abandoned,1458.3,,independent,,2026-06-10 14:37:42.918543
CASE_002459,UNSEEN_CUST_01435,UNSEEN_CHK_000329,checkout,checkout_abandoned,10103.93,,independent,,2026-07-05 17:26:42.388050
CASE_002460,UNSEEN_CUST_01436,UNSEEN_CHK_000211,checkout,checkout_abandoned,22958.49,,independent,,2026-07-14 18:36:42.347839
CASE_002461,UNSEEN_CUST_01437,UNSEEN_CHK_002192,checkout,checkout_abandoned,33903.14,,independent,,2026-08-16 10:01:42.855458
CASE_002462,UNSEEN_CUST_01438,UNSEEN_PAY_004264,payment,payment_failed,20543.5,authentication_failed,independent,,2026-07-24 09:20:42.006989
CASE_002463,UNSEEN_CUST_01439,UNSEEN_SUB_001439,subscription,subscription_failed,9025.18,insufficient_funds,independent,,2026-07-22 20:09:42.224804
CASE_002464,UNSEEN_CUST_01439,UNSEEN_CHK_002735,checkout,checkout_abandoned,11219.16,,independent,,2026-08-20 02:31:43.066552
CASE_002465,UNSEEN_CUST_01440,UNSEEN_SUB_001440,subscription,subscription_failed,7926.16,expired_instrument,independent,,2026-05-05 20:09:42.224804
CASE_002466,UNSEEN_CUST_01441,UNSEEN_CHK_001891,checkout,checkout_abandoned,15197.28,,independent,,2026-06-26 12:08:42.790815
CASE_002467,UNSEEN_CUST_01443,UNSEEN_CHK_002683,checkout,checkout_abandoned,66563.08,,independent,,2026-06-04 01:27:43.044545
CASE_002468,UNSEEN_CUST_01443,UNSEEN_PAY_002437,payment,payment_failed,91583.98,expired_instrument,independent,,2026-06-22 17:42:41.914985
CASE_002469,UNSEEN_CUST_01443,UNSEEN_CHK_001636,checkout,checkout_abandoned,28837.07,,independent,,2026-06-27 16:17:42.738814
CASE_002470,UNSEEN_CUST_01447,UNSEEN_CHK_001655,checkout,checkout_abandoned,35953.11,,independent,,2026-07-05 11:59:41.917985
CASE_002471,UNSEEN_CUST_01447,UNSEEN_CHK_000372,checkout,checkout_abandoned,32295.27,,independent,,2026-07-05 16:01:41.917985
CASE_002472,UNSEEN_CUST_01447,UNSEEN_PAY_004268,payment,payment_failed,34745.78,timeout,independent,,2026-08-14 01:16:42.006989
CASE_002473,UNSEEN_CUST_01448,UNSEEN_SUB_001448,subscription,subscription_failed,8861.48,authentication_failed,independent,,2026-04-18 20:09:42.225724
CASE_002474,UNSEEN_CUST_01448,UNSEEN_PAY_003515,payment,payment_failed,30060.58,timeout,independent,,2026-06-06 11:23:41.971990
CASE_002475,UNSEEN_CUST_01449,UNSEEN_PAY_000700,payment,payment_failed,10016.93,timeout,independent,,2026-06-21 08:52:41.835479
CASE_002476,UNSEEN_CUST_01450,UNSEEN_INV_001450,invoice,invoice_overdue,5737.73,unknown_failure,independent,,2026-04-13 20:09:43.629542
CASE_002477,UNSEEN_CUST_01450,UNSEEN_SUB_001450,subscription,subscription_failed,4625.75,temporary_bank_failure,independent,,2026-08-13 20:09:42.225724
CASE_002478,UNSEEN_CUST_01455,UNSEEN_CHK_002285,checkout,checkout_abandoned,15762.34,,independent,,2026-06-10 22:06:42.870458
CASE_002479,UNSEEN_CUST_01456,UNSEEN_PAY_004664,payment,payment_failed,5035.44,insufficient_funds,independent,,2026-06-05 02:15:42.024080
CASE_002480,UNSEEN_CUST_01456,UNSEEN_PAY_002586,payment,payment_failed,1806.4,insufficient_funds,independent,,2026-06-27 03:14:41.921999
CASE_002481,UNSEEN_CUST_01456,UNSEEN_CHK_002432,checkout,checkout_abandoned,9808.85,,independent,,2026-07-04 18:37:42.927544
CASE_002482,UNSEEN_CUST_01457,UNSEEN_PAY_004344,payment,payment_failed,37426.83,insufficient_funds,independent,,2026-06-15 18:49:42.009986
CASE_002483,UNSEEN_CUST_01458,UNSEEN_CHK_002813,checkout,checkout_abandoned,46060.9,,independent,,2026-07-01 19:29:43.092544
CASE_002484,UNSEEN_CUST_01459,UNSEEN_INV_001459,invoice,invoice_overdue,29546.24,blocked_instrument,independent,,2026-05-20 20:09:43.630542
CASE_002485,UNSEEN_CUST_01460,UNSEEN_SUB_001460,subscription,subscription_failed,14948.36,insufficient_funds,independent,,2026-05-14 20:09:42.225724
CASE_002486,UNSEEN_CUST_01460,UNSEEN_CHK_001930,checkout,checkout_abandoned,5768.96,,independent,,2026-06-06 02:38:42.798458
CASE_002487,UNSEEN_CUST_01460,UNSEEN_CHK_001700,checkout,checkout_abandoned,9144.94,,independent,,2026-06-25 02:58:42.749814
CASE_002488,UNSEEN_CUST_01460,UNSEEN_PAY_001057,payment,payment_failed,42698.9,timeout,independent,,2026-08-02 01:35:41.854479
CASE_002489,UNSEEN_CUST_01461,UNSEEN_SUB_001461,subscription,subscription_failed,9370.71,insufficient_funds,independent,,2026-07-19 20:09:42.225724
CASE_002490,UNSEEN_CUST_01462,UNSEEN_INV_001462,invoice,invoice_overdue,27281.06,authentication_failed,independent,,2026-05-30 20:09:43.631543
CASE_002491,UNSEEN_CUST_01462,UNSEEN_PAY_000750,payment,payment_failed,16031.57,authentication_failed,independent,,2026-06-10 02:23:41.837480
CASE_002492,UNSEEN_CUST_01463,UNSEEN_CHK_002018,checkout,checkout_abandoned,13115.48,,independent,,2026-06-13 19:12:42.815458
CASE_002493,UNSEEN_CUST_01464,UNSEEN_SUB_001464,subscription,subscription_failed,20597.58,insufficient_funds,independent,,2026-04-03 20:09:42.225724
CASE_002494,UNSEEN_CUST_01464,UNSEEN_INV_001464,invoice,invoice_overdue,101892.35,temporary_bank_failure,independent,,2026-05-05 20:09:43.631543
CASE_002495,UNSEEN_CUST_01464,UNSEEN_PAY_004526,payment,payment_failed,55744.44,temporary_bank_failure,independent,,2026-06-13 03:03:42.018069
CASE_002496,UNSEEN_CUST_01465,UNSEEN_SUB_001465,subscription,subscription_failed,4376.94,risk_decline,independent,,2026-06-12 20:09:42.225724
CASE_002497,UNSEEN_CUST_01465,UNSEEN_INV_001465,invoice,invoice_overdue,5804.21,timeout,independent,,2026-08-21 20:09:43.631543
CASE_002498,UNSEEN_CUST_01466,UNSEEN_PAY_001079,payment,payment_failed,17647.22,insufficient_funds,independent,,2026-07-31 05:59:41.856478
CASE_002499,UNSEEN_CUST_01467,UNSEEN_CHK_002253,checkout,checkout_abandoned,27106.95,,independent,,2026-07-14 22:11:42.866458
CASE_002500,UNSEEN_CUST_01468,UNSEEN_INV_001468,invoice,invoice_overdue,38049.95,insufficient_funds,independent,,2026-04-20 20:09:43.632541
CASE_002501,UNSEEN_CUST_01469,UNSEEN_SUB_001469,subscription,subscription_failed,5392.15,unknown_failure,independent,,2026-03-26 20:09:42.225724
CASE_002502,UNSEEN_CUST_01472,UNSEEN_SUB_001472,subscription,subscription_failed,11095.93,authentication_failed,independent,,2026-04-27 20:09:42.226805
CASE_002503,UNSEEN_CUST_01472,UNSEEN_INV_001472,invoice,invoice_overdue,5358.27,expired_instrument,independent,,2026-05-31 20:09:43.632541
CASE_002504,UNSEEN_CUST_01473,UNSEEN_PAY_005772,payment,payment_failed,68221.21,temporary_bank_failure,independent,,2026-08-06 19:42:42.074070
CASE_002505,UNSEEN_CUST_01473,UNSEEN_PAY_005694,payment,payment_failed,40515.02,unknown_failure,independent,,2026-08-20 09:32:42.070069
CASE_002506,UNSEEN_CUST_01475,UNSEEN_INV_001475,invoice,invoice_overdue,17786.77,insufficient_funds,independent,,2026-06-12 20:09:43.633539
CASE_002507,UNSEEN_CUST_01477,UNSEEN_SUB_001477,subscription,subscription_failed,10449.73,temporary_bank_failure,independent,,2026-06-28 20:09:42.226805
CASE_002508,UNSEEN_CUST_01477,UNSEEN_CHK_003029,checkout,checkout_abandoned,42725.09,,independent,,2026-07-19 18:56:43.153542
CASE_002509,UNSEEN_CUST_01480,UNSEEN_PAY_000145,payment,payment_failed,29812.14,temporary_bank_failure,independent,,2026-06-05 08:03:41.803579
CASE_002510,UNSEEN_CUST_01481,UNSEEN_INV_001481,invoice,invoice_overdue,20894.78,blocked_instrument,independent,,2026-07-04 20:09:43.634542
CASE_002511,UNSEEN_CUST_01482,UNSEEN_CHK_003152,checkout,checkout_abandoned,33798.57,,independent,,2026-06-25 04:56:43.216540
CASE_002512,UNSEEN_CUST_01482,UNSEEN_INV_001482,invoice,invoice_overdue,64759.93,timeout,independent,,2026-07-27 20:09:43.634542
CASE_002513,UNSEEN_CUST_01486,UNSEEN_CHK_001054,checkout,checkout_abandoned,13299.26,,independent,,2026-06-12 19:42:42.604898
CASE_002514,UNSEEN_CUST_01486,UNSEEN_CHK_000647,checkout,checkout_abandoned,14270.97,,independent,,2026-06-27 01:02:42.491556
CASE_002515,UNSEEN_CUST_01486,UNSEEN_CHK_003454,checkout,checkout_abandoned,10634.66,,independent,,2026-07-07 05:18:43.334540
CASE_002516,UNSEEN_CUST_01487,UNSEEN_INV_001487,invoice,invoice_overdue,143140.53,temporary_bank_failure,independent,,2026-04-15 20:09:43.635540
CASE_002517,UNSEEN_CUST_01487,UNSEEN_CHK_002674,checkout,checkout_abandoned,6507.6,,independent,,2026-06-02 10:19:43.040540
CASE_002518,UNSEEN_CUST_01489,UNSEEN_CHK_003193,checkout,checkout_abandoned,36272.26,,independent,,2026-07-24 14:21:43.232537
CASE_002519,UNSEEN_CUST_01489,UNSEEN_PAY_001681,payment,payment_failed,25102.34,unknown_failure,independent,,2026-07-29 07:22:41.882985
CASE_002520,UNSEEN_CUST_01489,UNSEEN_CHK_001347,checkout,checkout_abandoned,27709.97,,independent,,2026-08-22 11:00:42.683187
CASE_002521,UNSEEN_CUST_01490,UNSEEN_CHK_000221,checkout,checkout_abandoned,27139.36,,independent,,2026-07-09 17:22:42.349839
CASE_002522,UNSEEN_CUST_01491,UNSEEN_SUB_001491,subscription,subscription_failed,2546.83,unknown_failure,independent,,2026-03-21 20:09:42.226805
CASE_002523,UNSEEN_CUST_01491,UNSEEN_CHK_000178,checkout,checkout_abandoned,4325.87,,independent,,2026-07-11 05:56:42.339835
CASE_002524,UNSEEN_CUST_01491,UNSEEN_CHK_000903,checkout,checkout_abandoned,16317.8,,independent,,2026-07-19 05:49:42.562979
CASE_002525,UNSEEN_CUST_01491,UNSEEN_PAY_000048,payment,payment_failed,39040.3,expired_instrument,independent,,2026-07-30 06:22:41.797581
CASE_002526,UNSEEN_CUST_01492,UNSEEN_PAY_002458,payment,payment_failed,38580.58,risk_decline,independent,,2026-05-31 03:50:41.915985
CASE_002527,UNSEEN_CUST_01492,UNSEEN_PAY_003539,payment,payment_failed,5519.63,insufficient_funds,independent,,2026-06-14 22:38:41.972987
CASE_002528,UNSEEN_CUST_01492,UNSEEN_SUB_001492,subscription,subscription_failed,10626.14,insufficient_funds,independent,,2026-06-17 20:09:42.226805
CASE_002529,UNSEEN_CUST_01493,UNSEEN_CHK_002341,checkout,checkout_abandoned,2580.77,,independent,,2026-06-22 19:19:42.895543
CASE_002530,UNSEEN_CUST_01493,UNSEEN_CHK_001321,checkout,checkout_abandoned,7832.79,,independent,,2026-07-13 06:10:42.677187
CASE_002531,UNSEEN_CUST_01493,UNSEEN_CHK_002009,checkout,checkout_abandoned,13630.86,,independent,,2026-07-26 11:59:42.814458
CASE_002532,UNSEEN_CUST_01494,UNSEEN_INV_001494,invoice,invoice_overdue,42910.91,limit_exceeded,independent,,2026-07-07 20:09:43.636541
CASE_002533,UNSEEN_CUST_01495,UNSEEN_INV_001495,invoice,invoice_overdue,22745.23,risk_decline,independent,,2026-05-15 20:09:43.636541
CASE_002534,UNSEEN_CUST_01495,UNSEEN_PAY_005272,payment,payment_failed,40983.93,authentication_failed,independent,,2026-07-30 08:54:42.050993
CASE_002535,UNSEEN_CUST_01495,UNSEEN_CHK_002097,checkout,checkout_abandoned,33425.46,,independent,,2026-08-14 03:50:42.831458
CASE_002536,UNSEEN_CUST_01496,UNSEEN_CHK_003151,checkout,checkout_abandoned,7079.61,,independent,,2026-07-15 21:31:42.116078
CASE_002537,UNSEEN_CUST_01499,UNSEEN_SUB_001499,subscription,subscription_failed,11696.28,insufficient_funds,independent,,2026-04-25 20:09:42.226805
CASE_002538,UNSEEN_CUST_01499,UNSEEN_CHK_003175,checkout,checkout_abandoned,39403.56,,independent,,2026-06-13 04:35:43.225538
CASE_002539,UNSEEN_CUST_01499,UNSEEN_PAY_006111,payment,payment_failed,41663.02,expired_instrument,independent,,2026-07-25 07:07:42.092071
CASE_002540,UNSEEN_CUST_01499,UNSEEN_PAY_002694,payment,payment_failed,41634.05,authentication_failed,independent,,2026-08-15 15:35:41.926990
CASE_002541,UNSEEN_CUST_01500,UNSEEN_CHK_001369,checkout,checkout_abandoned,15420.79,,independent,,2026-07-13 02:05:42.688187
CASE_002542,UNSEEN_CUST_01500,UNSEEN_INV_001500,invoice,invoice_overdue,11503.68,expired_instrument,independent,,2026-07-23 20:09:43.637542
CASE_002543,UNSEEN_CUST_01501,UNSEEN_CHK_001757,checkout,checkout_abandoned,43734.35,,independent,,2026-07-02 23:30:42.760814
CASE_002544,UNSEEN_CUST_01502,UNSEEN_PAY_005546,payment,payment_failed,4190.77,insufficient_funds,independent,,2026-08-07 14:26:42.063071
CASE_002545,UNSEEN_CUST_01502,UNSEEN_PAY_005294,payment,payment_failed,37277.73,risk_decline,independent,,2026-08-13 12:22:42.051996
CASE_002546,UNSEEN_CUST_01504,UNSEEN_INV_001504,invoice,invoice_overdue,53184.48,temporary_bank_failure,independent,,2026-03-31 20:09:43.637542
CASE_002547,UNSEEN_CUST_01505,UNSEEN_SUB_001505,subscription,subscription_failed,6057.09,expired_instrument,independent,,2026-07-10 20:09:42.227811
CASE_002548,UNSEEN_CUST_01505,UNSEEN_PAY_006083,payment,payment_failed,25203.17,timeout,independent,,2026-08-16 03:40:42.091071
CASE_002549,UNSEEN_CUST_01506,UNSEEN_INV_001506,invoice,invoice_overdue,42716.8,risk_decline,independent,,2026-04-16 20:09:43.638542
CASE_002550,UNSEEN_CUST_01507,UNSEEN_PAY_004108,payment,payment_failed,3659.03,unknown_failure,independent,,2026-06-20 19:29:41.999067
CASE_002551,UNSEEN_CUST_01508,UNSEEN_CHK_000645,checkout,checkout_abandoned,30531.52,,independent,,2026-07-07 15:36:42.491556
CASE_002552,UNSEEN_CUST_01508,UNSEEN_PAY_001651,payment,payment_failed,39311.47,insufficient_funds,independent,,2026-07-10 15:15:41.881985
CASE_002553,UNSEEN_CUST_01509,UNSEEN_PAY_004644,payment,payment_failed,34806.11,risk_decline,independent,,2026-06-01 17:34:42.022987
CASE_002554,UNSEEN_CUST_01510,UNSEEN_SUB_001510,subscription,subscription_failed,4404.87,insufficient_funds,independent,,2026-05-01 20:09:42.227811
CASE_002555,UNSEEN_CUST_01510,UNSEEN_CHK_000421,checkout,checkout_abandoned,38182.76,,independent,,2026-08-11 17:25:42.421195
CASE_002556,UNSEEN_CUST_01511,UNSEEN_CHK_000499,checkout,checkout_abandoned,39201.99,,independent,,2026-08-02 11:28:41.815991
CASE_002557,UNSEEN_CUST_01511,UNSEEN_CHK_003191,checkout,checkout_abandoned,23782.44,,independent,,2026-08-08 10:10:43.232537
CASE_002558,UNSEEN_CUST_01511,UNSEEN_PAY_004461,payment,payment_failed,9291.81,risk_decline,independent,,2026-08-13 21:55:42.015073
CASE_002559,UNSEEN_CUST_01513,UNSEEN_CHK_002420,checkout,checkout_abandoned,20126.07,,independent,,2026-08-04 01:10:42.924541
CASE_002560,UNSEEN_CUST_01515,UNSEEN_PAY_002819,payment,payment_failed,15542.17,temporary_bank_failure,independent,,2026-06-06 21:05:41.932990
CASE_002561,UNSEEN_CUST_01515,UNSEEN_CHK_002233,checkout,checkout_abandoned,6857.49,,independent,,2026-06-24 15:44:42.863458
CASE_002562,UNSEEN_CUST_01515,UNSEEN_INV_001515,invoice,invoice_overdue,16390.49,temporary_bank_failure,independent,,2026-07-29 20:09:43.639538
CASE_002563,UNSEEN_CUST_01515,UNSEEN_SUB_001515,subscription,subscription_failed,7376.91,temporary_bank_failure,independent,,2026-08-24 20:09:42.227811
CASE_002564,UNSEEN_CUST_01516,UNSEEN_CHK_000809,checkout,checkout_abandoned,47341.32,,independent,,2026-08-23 18:18:42.045075
CASE_002565,UNSEEN_CUST_01516,UNSEEN_CHK_001886,checkout,checkout_abandoned,46736.77,,independent,,2026-08-23 18:24:42.045075
CASE_002566,UNSEEN_CUST_01517,UNSEEN_PAY_006051,payment,payment_failed,80929.7,expired_instrument,independent,,2026-06-07 09:11:42.088067
CASE_002567,UNSEEN_CUST_01517,UNSEEN_PAY_002596,payment,payment_failed,31131.24,unknown_failure,independent,,2026-07-13 16:15:41.922985
CASE_002568,UNSEEN_CUST_01519,UNSEEN_PAY_004024,payment,payment_failed,8774.68,temporary_bank_failure,independent,,2026-06-25 15:02:41.996072
CASE_002569,UNSEEN_CUST_01519,UNSEEN_CHK_000989,checkout,checkout_abandoned,31484.99,,independent,,2026-08-21 17:12:42.584900
CASE_002570,UNSEEN_CUST_01521,UNSEEN_INV_001521,invoice,invoice_overdue,17745.5,unknown_failure,independent,,2026-03-12 20:09:43.640537
CASE_002571,UNSEEN_CUST_01521,UNSEEN_PAY_003741,payment,payment_failed,1969.2,expired_instrument,independent,,2026-06-18 16:01:41.983985
CASE_002572,UNSEEN_CUST_01522,UNSEEN_CHK_002428,checkout,checkout_abandoned,39983.38,,independent,,2026-06-06 05:39:42.927544
CASE_002573,UNSEEN_CUST_01522,UNSEEN_CHK_000873,checkout,checkout_abandoned,5464.76,,independent,,2026-07-14 19:14:42.553979
CASE_002574,UNSEEN_CUST_01523,UNSEEN_SUB_001523,subscription,subscription_failed,11209.19,expired_instrument,independent,,2026-04-01 20:09:42.227811
CASE_002575,UNSEEN_CUST_01523,UNSEEN_INV_001523,invoice,invoice_overdue,15356.62,insufficient_funds,independent,,2026-08-13 20:09:43.641511
CASE_002576,UNSEEN_CUST_01523,UNSEEN_CHK_001506,checkout,checkout_abandoned,35630.79,,independent,,2026-08-22 05:02:42.711187
CASE_002577,UNSEEN_CUST_01527,UNSEEN_SUB_001527,subscription,subscription_failed,4234.98,temporary_bank_failure,independent,,2026-07-22 20:09:42.227811
CASE_002578,UNSEEN_CUST_01527,UNSEEN_CHK_000458,checkout,checkout_abandoned,2487.94,,independent,,2026-08-26 02:53:42.012074
CASE_002579,UNSEEN_CUST_01529,UNSEEN_PAY_001360,payment,payment_failed,6242.28,insufficient_funds,independent,,2026-07-15 03:07:41.868990
CASE_002580,UNSEEN_CUST_01530,UNSEEN_PAY_006434,payment,payment_failed,16198.98,insufficient_funds,independent,,2026-06-28 01:18:42.110068
CASE_002581,UNSEEN_CUST_01530,UNSEEN_CHK_001821,checkout,checkout_abandoned,16784.76,,independent,,2026-08-21 09:00:42.775814
CASE_002582,UNSEEN_CUST_01531,UNSEEN_SUB_001531,subscription,subscription_failed,7749.12,authentication_failed,independent,,2026-04-29 20:09:42.228805
CASE_002583,UNSEEN_CUST_01532,UNSEEN_SUB_001532,subscription,subscription_failed,12640.01,insufficient_funds,independent,,2026-04-13 20:09:42.228805
CASE_002584,UNSEEN_CUST_01532,UNSEEN_PAY_000696,payment,payment_failed,4002.59,authentication_failed,independent,,2026-07-21 14:41:41.835479
CASE_002585,UNSEEN_CUST_01535,UNSEEN_INV_001535,invoice,invoice_overdue,6400.08,unknown_failure,independent,,2026-04-11 20:09:43.642542
CASE_002586,UNSEEN_CUST_01536,UNSEEN_CHK_000437,checkout,checkout_abandoned,22774.8,,independent,,2026-08-21 05:23:42.425201
CASE_002587,UNSEEN_CUST_01537,UNSEEN_CHK_001249,checkout,checkout_abandoned,9838.8,,independent,,2026-06-21 09:22:42.661188
CASE_002588,UNSEEN_CUST_01537,UNSEEN_CHK_002328,checkout,checkout_abandoned,15195.68,,independent,,2026-07-04 05:30:42.018069
CASE_002589,UNSEEN_CUST_01537,UNSEEN_PAY_003387,payment,payment_failed,9647.48,insufficient_funds,independent,,2026-07-24 16:48:41.963990
CASE_002590,UNSEEN_CUST_01538,UNSEEN_CHK_002389,checkout,checkout_abandoned,10267.45,,independent,,2026-05-29 01:41:41.898985
CASE_002591,UNSEEN_CUST_01538,UNSEEN_PAY_005696,payment,payment_failed,1450.61,expired_instrument,independent,,2026-08-23 03:07:42.070069
CASE_002592,UNSEEN_CUST_01539,UNSEEN_INV_001539,invoice,invoice_overdue,74644.4,authentication_failed,independent,,2026-03-24 20:09:43.642542
CASE_002593,UNSEEN_CUST_01539,UNSEEN_CHK_001863,checkout,checkout_abandoned,12504.42,,independent,,2026-08-13 12:18:42.787814
CASE_002594,UNSEEN_CUST_01540,UNSEEN_PAY_004527,payment,payment_failed,32778.37,insufficient_funds,independent,,2026-05-28 04:06:42.018069
CASE_002595,UNSEEN_CUST_01541,UNSEEN_SUB_001541,subscription,subscription_failed,7309.06,blocked_instrument,independent,,2026-07-09 20:09:42.228805
CASE_002596,UNSEEN_CUST_01541,UNSEEN_PAY_006380,payment,payment_failed,16701.67,temporary_bank_failure,independent,,2026-08-04 08:42:42.107065
CASE_002597,UNSEEN_CUST_01542,UNSEEN_PAY_000211,payment,payment_failed,11140.65,authentication_failed,independent,,2026-06-01 16:30:41.806579
CASE_002598,UNSEEN_CUST_01542,UNSEEN_CHK_000304,checkout,checkout_abandoned,18837.9,,independent,,2026-06-28 17:47:42.379050
CASE_002599,UNSEEN_CUST_01543,UNSEEN_SUB_001543,subscription,subscription_failed,5802.49,insufficient_funds,independent,,2026-04-22 20:09:42.228805
CASE_002600,UNSEEN_CUST_01543,UNSEEN_CHK_001459,checkout,checkout_abandoned,30299.59,,independent,,2026-07-25 18:26:42.702187
CASE_002601,UNSEEN_CUST_01543,UNSEEN_PAY_002097,payment,payment_failed,17259.43,insufficient_funds,independent,,2026-07-30 08:46:41.900985
CASE_002602,UNSEEN_CUST_01544,UNSEEN_SUB_001544,subscription,subscription_failed,22984.39,temporary_bank_failure,independent,,2026-03-01 20:09:42.228805
CASE_002603,UNSEEN_CUST_01544,UNSEEN_INV_001544,invoice,invoice_overdue,62340.29,timeout,independent,,2026-05-13 20:09:43.643545
CASE_002604,UNSEEN_CUST_01546,UNSEEN_SUB_001546,subscription,subscription_failed,8872.92,risk_decline,independent,,2026-07-30 20:09:42.228805
CASE_002605,UNSEEN_CUST_01548,UNSEEN_INV_001548,invoice,invoice_overdue,15953.24,insufficient_funds,independent,,2026-04-17 20:09:43.643545
CASE_002606,UNSEEN_CUST_01548,UNSEEN_PAY_002315,payment,payment_failed,15024.12,temporary_bank_failure,independent,,2026-07-04 23:19:41.909985
CASE_002607,UNSEEN_CUST_01548,UNSEEN_PAY_002772,payment,payment_failed,6173.85,limit_exceeded,independent,,2026-08-16 18:31:41.930990
CASE_002608,UNSEEN_CUST_01549,UNSEEN_CHK_000642,checkout,checkout_abandoned,8490.54,,independent,,2026-07-20 02:09:42.488556
CASE_002609,UNSEEN_CUST_01550,UNSEEN_PAY_000501,payment,payment_failed,42878.68,limit_exceeded,independent,,2026-08-01 15:23:41.824479
CASE_002610,UNSEEN_CUST_01551,UNSEEN_CHK_002990,checkout,checkout_abandoned,13209.16,,independent,,2026-08-13 01:42:43.140537
CASE_002611,UNSEEN_CUST_01552,UNSEEN_PAY_003638,payment,payment_failed,36900.4,timeout,independent,,2026-07-30 22:55:41.978068
CASE_002612,UNSEEN_CUST_01553,UNSEEN_CHK_000655,checkout,checkout_abandoned,25046.2,,independent,,2026-06-15 03:42:42.492555
CASE_002613,UNSEEN_CUST_01553,UNSEEN_INV_001553,invoice,invoice_overdue,60260.04,limit_exceeded,independent,,2026-07-12 20:09:43.643545
CASE_002614,UNSEEN_CUST_01553,UNSEEN_CHK_003283,checkout,checkout_abandoned,40754.36,,independent,,2026-07-25 02:05:43.271537
CASE_002615,UNSEEN_CUST_01556,UNSEEN_SUB_001556,subscription,subscription_failed,2183.82,expired_instrument,independent,,2026-04-17 20:09:42.228805
CASE_002616,UNSEEN_CUST_01556,UNSEEN_CHK_001579,checkout,checkout_abandoned,4919.25,,independent,,2026-06-04 19:58:42.727814
CASE_002617,UNSEEN_CUST_01556,UNSEEN_PAY_005102,payment,payment_failed,9582.33,insufficient_funds,independent,,2026-07-28 11:34:42.043078
CASE_002618,UNSEEN_CUST_01557,UNSEEN_CHK_000930,checkout,checkout_abandoned,17273.7,,independent,,2026-07-14 00:09:42.567981
CASE_002619,UNSEEN_CUST_01560,UNSEEN_INV_001560,invoice,invoice_overdue,33269.43,authentication_failed,independent,,2026-04-18 20:09:43.643545
CASE_002620,UNSEEN_CUST_01560,UNSEEN_SUB_001560,subscription,subscription_failed,1873.4,unknown_failure,independent,,2026-06-03 20:09:42.229725
CASE_002621,UNSEEN_CUST_01560,UNSEEN_PAY_001266,payment,payment_failed,20709.89,insufficient_funds,independent,,2026-08-07 10:40:41.864990
CASE_002622,UNSEEN_CUST_01561,UNSEEN_INV_001561,invoice,invoice_overdue,25951.66,temporary_bank_failure,independent,,2026-08-01 20:09:43.643545
CASE_002623,UNSEEN_CUST_01562,UNSEEN_SUB_001562,subscription,subscription_failed,5204.13,risk_decline,independent,,2026-05-14 20:09:42.229725
CASE_002624,UNSEEN_CUST_01562,UNSEEN_CHK_001551,checkout,checkout_abandoned,73051.73,,independent,,2026-07-19 23:28:42.723814
CASE_002625,UNSEEN_CUST_01564,UNSEEN_PAY_004546,payment,payment_failed,32100.11,timeout,independent,,2026-07-26 07:54:42.019070
CASE_002626,UNSEEN_CUST_01565,UNSEEN_CHK_001098,checkout,checkout_abandoned,10552.68,,independent,,2026-06-01 08:20:42.620947
CASE_002627,UNSEEN_CUST_01565,UNSEEN_CHK_002822,checkout,checkout_abandoned,9863.35,,independent,,2026-07-08 11:03:43.092544
CASE_002628,UNSEEN_CUST_01565,UNSEEN_CHK_002189,checkout,checkout_abandoned,9912.69,,independent,,2026-07-26 19:14:42.855458
CASE_002629,UNSEEN_CUST_01567,UNSEEN_SUB_001567,subscription,subscription_failed,2608.75,timeout,independent,,2026-04-18 20:09:42.229725
CASE_002630,UNSEEN_CUST_01567,UNSEEN_PAY_003837,payment,payment_failed,13827.03,insufficient_funds,independent,,2026-06-24 01:32:41.988078
CASE_002631,UNSEEN_CUST_01568,UNSEEN_CHK_001582,checkout,checkout_abandoned,41633.69,,independent,,2026-06-11 01:39:42.727814
CASE_002632,UNSEEN_CUST_01568,UNSEEN_PAY_005592,payment,payment_failed,10385.0,insufficient_funds,independent,,2026-08-12 02:48:42.064990
CASE_002633,UNSEEN_CUST_01568,UNSEEN_CHK_001855,checkout,checkout_abandoned,7626.92,,independent,,2026-08-13 07:36:42.785814
CASE_002634,UNSEEN_CUST_01568,UNSEEN_PAY_002136,payment,payment_failed,35490.34,blocked_instrument,independent,,2026-08-15 05:46:41.902985
CASE_002635,UNSEEN_CUST_01569,UNSEEN_CHK_003294,checkout,checkout_abandoned,7454.93,,independent,,2026-06-12 20:30:43.274539
CASE_002636,UNSEEN_CUST_01570,UNSEEN_INV_001570,invoice,invoice_overdue,116732.46,unknown_failure,independent,,2026-05-27 20:09:43.644537
CASE_002637,UNSEEN_CUST_01570,UNSEEN_CHK_001584,checkout,checkout_abandoned,31102.02,,independent,,2026-07-12 22:16:42.727814
CASE_002638,UNSEEN_CUST_01570,UNSEEN_CHK_001640,checkout,checkout_abandoned,29618.45,,independent,,2026-08-10 05:04:42.738814
CASE_002639,UNSEEN_CUST_01572,UNSEEN_CHK_000279,checkout,checkout_abandoned,13411.25,,independent,,2026-06-19 03:27:42.368052
CASE_002640,UNSEEN_CUST_01573,UNSEEN_CHK_001335,checkout,checkout_abandoned,9687.28,,independent,,2026-06-04 18:59:42.680187
CASE_002641,UNSEEN_CUST_01573,UNSEEN_PAY_003483,payment,payment_failed,18383.16,temporary_bank_failure,independent,,2026-06-11 23:13:41.969990
CASE_002642,UNSEEN_CUST_01573,UNSEEN_CHK_002971,checkout,checkout_abandoned,5615.02,,independent,,2026-06-26 14:07:43.132539
CASE_002643,UNSEEN_CUST_01573,UNSEEN_CHK_002612,checkout,checkout_abandoned,6116.45,,independent,,2026-08-19 15:18:43.001546
CASE_002644,UNSEEN_CUST_01574,UNSEEN_PAY_003376,payment,payment_failed,30802.93,timeout,independent,,2026-06-29 21:44:41.963990
CASE_002645,UNSEEN_CUST_01575,UNSEEN_CHK_000592,checkout,checkout_abandoned,38491.1,,independent,,2026-08-20 01:37:42.475555
CASE_002646,UNSEEN_CUST_01578,UNSEEN_INV_001578,invoice,invoice_overdue,43804.96,timeout,independent,,2026-04-03 20:09:43.644537
CASE_002647,UNSEEN_CUST_01579,UNSEEN_INV_001579,invoice,invoice_overdue,67659.93,authentication_failed,independent,,2026-06-02 20:09:43.644537
CASE_002648,UNSEEN_CUST_01579,UNSEEN_CHK_002797,checkout,checkout_abandoned,42534.61,,independent,,2026-06-29 07:26:43.086540
CASE_002649,UNSEEN_CUST_01580,UNSEEN_SUB_001580,subscription,subscription_failed,1497.01,insufficient_funds,independent,,2026-04-27 20:09:42.229725
CASE_002650,UNSEEN_CUST_01581,UNSEEN_INV_001581,invoice,invoice_overdue,12594.85,temporary_bank_failure,independent,,2026-06-12 20:09:43.644537
CASE_002651,UNSEEN_CUST_01581,UNSEEN_CHK_002872,checkout,checkout_abandoned,22496.78,,independent,,2026-06-13 10:40:43.108546
CASE_002652,UNSEEN_CUST_01581,UNSEEN_CHK_000215,checkout,checkout_abandoned,34237.16,,independent,,2026-08-19 19:03:42.348839
CASE_002653,UNSEEN_CUST_01583,UNSEEN_PAY_002759,payment,payment_failed,10208.87,insufficient_funds,independent,,2026-06-10 13:37:41.929989
CASE_002654,UNSEEN_CUST_01583,UNSEEN_CHK_002900,checkout,checkout_abandoned,16622.94,,independent,,2026-07-24 19:21:43.117536
CASE_002655,UNSEEN_CUST_01585,UNSEEN_INV_001585,invoice,invoice_overdue,73235.56,blocked_instrument,independent,,2026-04-24 20:09:43.645545
CASE_002656,UNSEEN_CUST_01585,UNSEEN_CHK_003361,checkout,checkout_abandoned,96671.99,,independent,,2026-08-24 15:37:43.298550
CASE_002657,UNSEEN_CUST_01586,UNSEEN_INV_001586,invoice,invoice_overdue,41367.82,unknown_failure,independent,,2026-04-19 20:09:43.645545
CASE_002658,UNSEEN_CUST_01586,UNSEEN_PAY_006018,payment,payment_failed,24533.66,risk_decline,independent,,2026-06-24 13:30:42.086072
CASE_002659,UNSEEN_CUST_01586,UNSEEN_CHK_001077,checkout,checkout_abandoned,28559.69,,independent,,2026-08-17 01:10:42.611980
CASE_002660,UNSEEN_CUST_01587,UNSEEN_PAY_004906,payment,payment_failed,3346.09,temporary_bank_failure,independent,,2026-07-26 02:16:42.035074
CASE_002661,UNSEEN_CUST_01588,UNSEEN_INV_001588,invoice,invoice_overdue,64990.63,risk_decline,independent,,2026-06-20 20:09:43.645545
CASE_002662,UNSEEN_CUST_01589,UNSEEN_PAY_000345,payment,payment_failed,39697.53,insufficient_funds,independent,,2026-07-12 11:57:41.814992
CASE_002663,UNSEEN_CUST_01590,UNSEEN_INV_001590,invoice,invoice_overdue,39086.75,insufficient_funds,independent,,2026-03-29 20:09:43.645545
CASE_002664,UNSEEN_CUST_01590,UNSEEN_PAY_004626,payment,payment_failed,35379.65,expired_instrument,independent,,2026-08-03 22:49:42.022987
CASE_002665,UNSEEN_CUST_01591,UNSEEN_CHK_003091,checkout,checkout_abandoned,32757.67,,independent,,2026-08-03 03:53:43.190547
CASE_002666,UNSEEN_CUST_01592,UNSEEN_CHK_002905,checkout,checkout_abandoned,15814.93,,independent,,2026-06-09 09:07:43.118538
CASE_002667,UNSEEN_CUST_01593,UNSEEN_SUB_001593,subscription,subscription_failed,3715.05,insufficient_funds,independent,,2026-07-06 20:09:42.230807
CASE_002668,UNSEEN_CUST_01593,UNSEEN_PAY_002453,payment,payment_failed,13772.98,unknown_failure,independent,,2026-07-11 13:23:41.915985
CASE_002669,UNSEEN_CUST_01594,UNSEEN_PAY_003084,payment,payment_failed,17742.03,insufficient_funds,independent,,2026-07-11 16:55:41.946989
CASE_002670,UNSEEN_CUST_01594,UNSEEN_INV_001594,invoice,invoice_overdue,16002.67,insufficient_funds,independent,,2026-07-16 20:09:43.645545
CASE_002671,UNSEEN_CUST_01594,UNSEEN_PAY_006089,payment,payment_failed,3547.26,timeout,independent,,2026-08-18 02:16:42.091071
CASE_002672,UNSEEN_CUST_01597,UNSEEN_INV_001597,invoice,invoice_overdue,11943.87,insufficient_funds,independent,,2026-05-21 20:09:43.645545
CASE_002673,UNSEEN_CUST_01597,UNSEEN_PAY_002833,payment,payment_failed,1789.66,insufficient_funds,independent,,2026-08-26 07:22:41.933989
CASE_002674,UNSEEN_CUST_01600,UNSEEN_PAY_006208,payment,payment_failed,15893.32,risk_decline,independent,,2026-07-06 04:43:42.098073
CASE_002675,UNSEEN_CUST_01601,UNSEEN_SUB_001601,subscription,subscription_failed,13769.13,temporary_bank_failure,independent,,2026-06-08 20:09:42.230807
CASE_002676,UNSEEN_CUST_01601,UNSEEN_CHK_001846,checkout,checkout_abandoned,23735.63,,independent,,2026-07-13 22:46:42.785814
CASE_002677,UNSEEN_CUST_01602,UNSEEN_PAY_004868,payment,payment_failed,32337.37,temporary_bank_failure,independent,,2026-06-07 08:42:42.033072
CASE_002678,UNSEEN_CUST_01602,UNSEEN_CHK_000388,checkout,checkout_abandoned,32754.95,,independent,,2026-06-14 18:34:42.411199
CASE_002679,UNSEEN_CUST_01602,UNSEEN_PAY_003446,payment,payment_failed,18368.22,temporary_bank_failure,independent,,2026-08-09 17:33:41.967990
CASE_002680,UNSEEN_CUST_01603,UNSEEN_PAY_000376,payment,payment_failed,39105.8,insufficient_funds,independent,,2026-06-10 02:30:41.815991
CASE_002681,UNSEEN_CUST_01603,UNSEEN_INV_001603,invoice,invoice_overdue,31467.22,unknown_failure,independent,,2026-06-18 20:09:43.646545
CASE_002682,UNSEEN_CUST_01603,UNSEEN_CHK_002744,checkout,checkout_abandoned,29118.14,,independent,,2026-07-19 15:48:41.982066
CASE_002683,UNSEEN_CUST_01603,UNSEEN_CHK_002063,checkout,checkout_abandoned,7967.13,,independent,,2026-07-31 04:08:42.826458
CASE_002684,UNSEEN_CUST_01604,UNSEEN_INV_001604,invoice,invoice_overdue,54378.26,insufficient_funds,independent,,2026-05-07 20:09:43.646545
CASE_002685,UNSEEN_CUST_01605,UNSEEN_PAY_004346,payment,payment_failed,65696.4,blocked_instrument,independent,,2026-05-31 20:52:42.009986
CASE_002686,UNSEEN_CUST_01605,UNSEEN_CHK_001997,checkout,checkout_abandoned,47490.82,,independent,,2026-06-11 19:49:42.812458
CASE_002687,UNSEEN_CUST_01605,UNSEEN_PAY_001778,payment,payment_failed,88632.41,temporary_bank_failure,independent,,2026-07-01 18:14:41.886985
CASE_002688,UNSEEN_CUST_01606,UNSEEN_PAY_003285,payment,payment_failed,12950.73,unknown_failure,independent,,2026-06-09 06:05:41.957990
CASE_002689,UNSEEN_CUST_01606,UNSEEN_CHK_001498,checkout,checkout_abandoned,24302.66,,independent,,2026-07-04 15:10:42.708187
CASE_002690,UNSEEN_CUST_01607,UNSEEN_INV_001607,invoice,invoice_overdue,46801.6,timeout,independent,,2026-05-15 20:09:43.646545
CASE_002691,UNSEEN_CUST_01608,UNSEEN_PAY_006210,payment,payment_failed,48550.43,blocked_instrument,independent,,2026-07-12 12:46:42.098073
CASE_002692,UNSEEN_CUST_01608,UNSEEN_PAY_003101,payment,payment_failed,26882.21,risk_decline,independent,,2026-08-06 20:25:41.947990
CASE_002693,UNSEEN_CUST_01609,UNSEEN_PAY_003475,payment,payment_failed,43015.18,authentication_failed,independent,,2026-06-24 07:42:41.968991
CASE_002694,UNSEEN_CUST_01609,UNSEEN_SUB_001609,subscription,subscription_failed,12839.38,authentication_failed,independent,,2026-06-29 20:09:42.230807
CASE_002695,UNSEEN_CUST_01611,UNSEEN_CHK_003041,checkout,checkout_abandoned,24081.47,,independent,,2026-07-12 20:14:43.163538
CASE_002696,UNSEEN_CUST_01611,UNSEEN_CHK_000976,checkout,checkout_abandoned,48776.11,,independent,,2026-07-30 16:59:42.580900
CASE_002697,UNSEEN_CUST_01612,UNSEEN_INV_001612,invoice,invoice_overdue,58256.77,temporary_bank_failure,independent,,2026-06-04 20:09:43.646545
CASE_002698,UNSEEN_CUST_01613,UNSEEN_PAY_005581,payment,payment_failed,1441.77,temporary_bank_failure,independent,,2026-07-05 19:31:42.064990
CASE_002699,UNSEEN_CUST_01616,UNSEEN_SUB_001616,subscription,subscription_failed,8509.0,expired_instrument,independent,,2026-05-22 20:09:42.230807
CASE_002700,UNSEEN_CUST_01616,UNSEEN_CHK_002929,checkout,checkout_abandoned,45669.57,,independent,,2026-06-03 14:06:43.123537
CASE_002701,UNSEEN_CUST_01616,UNSEEN_CHK_003084,checkout,checkout_abandoned,42076.87,,independent,,2026-07-25 02:00:43.186538
CASE_002702,UNSEEN_CUST_01617,UNSEEN_SUB_001617,subscription,subscription_failed,5075.83,insufficient_funds,independent,,2026-07-08 20:09:42.230807
CASE_002703,UNSEEN_CUST_01617,UNSEEN_PAY_000160,payment,payment_failed,37825.84,expired_instrument,independent,,2026-07-26 16:18:41.803579
CASE_002704,UNSEEN_CUST_01619,UNSEEN_CHK_001282,checkout,checkout_abandoned,18847.79,,independent,,2026-06-21 08:53:42.668187
CASE_002705,UNSEEN_CUST_01619,UNSEEN_INV_001619,invoice,invoice_overdue,53408.79,timeout,independent,,2026-07-15 20:09:43.647545
CASE_002706,UNSEEN_CUST_01620,UNSEEN_PAY_005438,payment,payment_failed,10504.94,expired_instrument,independent,,2026-07-19 00:14:42.058071
CASE_002707,UNSEEN_CUST_01620,UNSEEN_PAY_002377,payment,payment_failed,2818.88,risk_decline,independent,,2026-08-20 13:59:41.912985
CASE_002708,UNSEEN_CUST_01621,UNSEEN_CHK_002553,checkout,checkout_abandoned,13076.45,,independent,,2026-08-15 04:11:42.968547
CASE_002709,UNSEEN_CUST_01622,UNSEEN_CHK_002309,checkout,checkout_abandoned,31723.64,,independent,,2026-07-28 08:44:42.877545
CASE_002710,UNSEEN_CUST_01623,UNSEEN_PAY_003102,payment,payment_failed,29315.34,temporary_bank_failure,independent,,2026-08-03 06:44:41.947990
CASE_002711,UNSEEN_CUST_01624,UNSEEN_INV_001624,invoice,invoice_overdue,64248.1,temporary_bank_failure,independent,,2026-05-07 20:09:43.647545
CASE_002712,UNSEEN_CUST_01624,UNSEEN_PAY_005823,payment,payment_failed,43508.18,timeout,independent,,2026-07-04 11:12:42.076991
CASE_002713,UNSEEN_CUST_01624,UNSEEN_CHK_001565,checkout,checkout_abandoned,34382.39,,independent,,2026-08-16 13:06:42.724814
CASE_002714,UNSEEN_CUST_01624,UNSEEN_SUB_001624,subscription,subscription_failed,6788.04,unknown_failure,independent,,2026-08-19 20:09:42.231723
CASE_002715,UNSEEN_CUST_01625,UNSEEN_INV_001625,invoice,invoice_overdue,22197.96,timeout,independent,,2026-07-07 20:09:43.647545
CASE_002716,UNSEEN_CUST_01625,UNSEEN_CHK_003039,checkout,checkout_abandoned,12187.33,,independent,,2026-08-17 07:52:43.163538
CASE_002717,UNSEEN_CUST_01626,UNSEEN_SUB_001626,subscription,subscription_failed,1468.21,insufficient_funds,independent,,2026-07-23 20:09:42.231723
CASE_002718,UNSEEN_CUST_01628,UNSEEN_CHK_001375,checkout,checkout_abandoned,37983.35,,independent,,2026-07-30 10:53:42.688187
CASE_002719,UNSEEN_CUST_01629,UNSEEN_CHK_001527,checkout,checkout_abandoned,16384.15,,independent,,2026-06-21 13:40:42.057072
CASE_002720,UNSEEN_CUST_01629,UNSEEN_SUB_001629,subscription,subscription_failed,983.72,expired_instrument,independent,,2026-08-18 20:09:42.231723
CASE_002721,UNSEEN_CUST_01630,UNSEEN_PAY_005913,payment,payment_failed,25716.14,blocked_instrument,independent,,2026-08-09 14:10:42.081065
CASE_002722,UNSEEN_CUST_01632,UNSEEN_PAY_001403,payment,payment_failed,42086.96,temporary_bank_failure,independent,,2026-06-16 14:02:41.870990
CASE_002723,UNSEEN_CUST_01633,UNSEEN_SUB_001633,subscription,subscription_failed,6080.04,authentication_failed,independent,,2026-04-02 20:09:42.231723
CASE_002724,UNSEEN_CUST_01633,UNSEEN_CHK_002992,checkout,checkout_abandoned,11933.13,,independent,,2026-06-11 17:19:43.142536
CASE_002725,UNSEEN_CUST_01633,UNSEEN_CHK_002989,checkout,checkout_abandoned,9788.35,,independent,,2026-08-22 17:52:43.140537
CASE_002726,UNSEEN_CUST_01635,UNSEEN_CHK_002525,checkout,checkout_abandoned,39118.68,,independent,,2026-07-06 18:32:42.960539
CASE_002727,UNSEEN_CUST_01635,UNSEEN_CHK_000227,checkout,checkout_abandoned,26651.59,,independent,,2026-07-07 11:39:41.878985
CASE_002728,UNSEEN_CUST_01635,UNSEEN_INV_001635,invoice,invoice_overdue,56204.6,blocked_instrument,independent,,2026-07-29 20:09:43.648545
CASE_002729,UNSEEN_CUST_01635,UNSEEN_PAY_005220,payment,payment_failed,46186.11,blocked_instrument,independent,,2026-08-16 10:30:42.047986
CASE_002730,UNSEEN_CUST_01635,UNSEEN_PAY_005802,payment,payment_failed,40699.83,authentication_failed,independent,,2026-08-24 09:52:42.076086
CASE_002731,UNSEEN_CUST_01636,UNSEEN_PAY_001407,payment,payment_failed,31625.95,insufficient_funds,independent,,2026-06-29 12:19:41.870990
CASE_002732,UNSEEN_CUST_01636,UNSEEN_CHK_003282,checkout,checkout_abandoned,91942.33,,independent,,2026-07-31 01:43:43.271537
CASE_002733,UNSEEN_CUST_01637,UNSEEN_CHK_001150,checkout,checkout_abandoned,4999.26,,independent,,2026-08-02 16:33:41.927989
CASE_002734,UNSEEN_CUST_01638,UNSEEN_SUB_001638,subscription,subscription_failed,14452.57,temporary_bank_failure,independent,,2026-05-11 20:09:42.232724
CASE_002735,UNSEEN_CUST_01638,UNSEEN_CHK_000770,checkout,checkout_abandoned,39309.51,,independent,,2026-06-28 19:26:42.522898
CASE_002736,UNSEEN_CUST_01638,UNSEEN_CHK_000395,checkout,checkout_abandoned,46911.4,,independent,,2026-08-13 00:09:42.413199
CASE_002737,UNSEEN_CUST_01638,UNSEEN_PAY_001461,payment,payment_failed,33114.98,unknown_failure,independent,,2026-08-18 06:59:41.872985
CASE_002738,UNSEEN_CUST_01639,UNSEEN_PAY_004355,payment,payment_failed,4419.0,insufficient_funds,independent,,2026-06-08 18:14:42.010987
CASE_002739,UNSEEN_CUST_01639,UNSEEN_INV_001639,invoice,invoice_overdue,70501.31,unknown_failure,independent,,2026-07-09 20:09:43.648545
CASE_002740,UNSEEN_CUST_01639,UNSEEN_PAY_004797,payment,payment_failed,35963.34,timeout,independent,,2026-08-01 18:35:42.030078
CASE_002741,UNSEEN_CUST_01640,UNSEEN_SUB_001640,subscription,subscription_failed,12751.42,insufficient_funds,independent,,2026-08-23 20:09:42.232724
CASE_002742,UNSEEN_CUST_01642,UNSEEN_CHK_000002,checkout,checkout_abandoned,21895.13,,independent,,2026-08-03 01:59:42.280726
CASE_002743,UNSEEN_CUST_01642,UNSEEN_CHK_000913,checkout,checkout_abandoned,11097.46,,independent,,2026-08-16 21:58:42.564979
CASE_002744,UNSEEN_CUST_01643,UNSEEN_INV_001643,invoice,invoice_overdue,34372.43,temporary_bank_failure,independent,,2026-05-20 20:09:43.648545
CASE_002745,UNSEEN_CUST_01643,UNSEEN_CHK_002611,checkout,checkout_abandoned,2155.91,,independent,,2026-06-13 01:38:43.001546
CASE_002746,UNSEEN_CUST_01644,UNSEEN_CHK_002370,checkout,checkout_abandoned,42624.55,,independent,,2026-07-12 10:03:42.904541
CASE_002747,UNSEEN_CUST_01644,UNSEEN_CHK_001472,checkout,checkout_abandoned,85117.09,,independent,,2026-08-05 23:12:42.705187
CASE_002748,UNSEEN_CUST_01645,UNSEEN_PAY_002700,payment,payment_failed,30383.97,temporary_bank_failure,independent,,2026-06-04 23:15:41.926990
CASE_002749,UNSEEN_CUST_01645,UNSEEN_SUB_001645,subscription,subscription_failed,6713.94,temporary_bank_failure,independent,,2026-08-25 20:09:42.232724
CASE_002750,UNSEEN_CUST_01646,UNSEEN_PAY_005736,payment,payment_failed,2906.98,temporary_bank_failure,independent,,2026-06-16 22:31:42.071070
CASE_002751,UNSEEN_CUST_01648,UNSEEN_PAY_002107,payment,payment_failed,49352.17,temporary_bank_failure,independent,,2026-05-31 08:03:41.900985
CASE_002752,UNSEEN_CUST_01650,UNSEEN_PAY_000831,payment,payment_failed,45991.09,temporary_bank_failure,independent,,2026-06-28 06:59:41.844480
CASE_002753,UNSEEN_CUST_01651,UNSEEN_CHK_000303,checkout,checkout_abandoned,21125.5,,independent,,2026-08-02 23:24:42.379050
CASE_002754,UNSEEN_CUST_01652,UNSEEN_INV_001652,invoice,invoice_overdue,45758.43,authentication_failed,independent,,2026-06-21 20:09:43.649539
CASE_002755,UNSEEN_CUST_01653,UNSEEN_SUB_001653,subscription,subscription_failed,8521.46,expired_instrument,independent,,2026-05-09 20:09:42.232724
CASE_002756,UNSEEN_CUST_01653,UNSEEN_INV_001653,invoice,invoice_overdue,47726.01,temporary_bank_failure,independent,,2026-06-25 20:09:43.649539
CASE_002757,UNSEEN_CUST_01654,UNSEEN_SUB_001654,subscription,subscription_failed,12506.46,temporary_bank_failure,independent,,2026-06-08 20:09:42.232724
CASE_002758,UNSEEN_CUST_01654,UNSEEN_CHK_002800,checkout,checkout_abandoned,2275.15,,independent,,2026-08-24 04:08:43.088542
CASE_002759,UNSEEN_CUST_01655,UNSEEN_CHK_001892,checkout,checkout_abandoned,11020.24,,independent,,2026-07-16 09:26:42.790815
CASE_002760,UNSEEN_CUST_01655,UNSEEN_CHK_002129,checkout,checkout_abandoned,19550.4,,independent,,2026-07-21 07:10:42.841458
CASE_002761,UNSEEN_CUST_01656,UNSEEN_SUB_001656,subscription,subscription_failed,4678.09,temporary_bank_failure,independent,,2026-05-13 20:09:42.232724
CASE_002762,UNSEEN_CUST_01656,UNSEEN_PAY_001600,payment,payment_failed,48125.62,unknown_failure,independent,,2026-07-02 19:26:41.879985
CASE_002763,UNSEEN_CUST_01657,UNSEEN_CHK_000242,checkout,checkout_abandoned,39632.06,,independent,,2026-06-06 02:16:42.357044
CASE_002764,UNSEEN_CUST_01658,UNSEEN_PAY_001605,payment,payment_failed,48751.41,limit_exceeded,independent,,2026-07-04 08:10:41.879985
CASE_002765,UNSEEN_CUST_01659,UNSEEN_PAY_006556,payment,payment_failed,28464.52,insufficient_funds,independent,,2026-06-02 05:54:42.115072
CASE_002766,UNSEEN_CUST_01661,UNSEEN_PAY_004532,payment,payment_failed,22401.58,temporary_bank_failure,independent,,2026-07-19 09:51:42.018069
CASE_002767,UNSEEN_CUST_01661,UNSEEN_PAY_003042,payment,payment_failed,20877.16,expired_instrument,independent,,2026-08-15 03:05:41.944990
CASE_002768,UNSEEN_CUST_01661,UNSEEN_PAY_000879,payment,payment_failed,19501.07,timeout,independent,,2026-08-19 19:20:41.846480
CASE_002769,UNSEEN_CUST_01662,UNSEEN_PAY_002508,payment,payment_failed,38867.55,risk_decline,independent,,2026-07-24 13:25:41.917985
CASE_002770,UNSEEN_CUST_01662,UNSEEN_PAY_000826,payment,payment_failed,17437.79,authentication_failed,independent,,2026-08-08 20:26:41.843482
CASE_002771,UNSEEN_CUST_01662,UNSEEN_SUB_001662,subscription,subscription_failed,6603.85,insufficient_funds,independent,,2026-08-18 20:09:42.232724
CASE_002772,UNSEEN_CUST_01663,UNSEEN_INV_001663,invoice,invoice_overdue,94527.28,temporary_bank_failure,independent,,2026-03-07 20:09:43.649539
CASE_002773,UNSEEN_CUST_01663,UNSEEN_CHK_002216,checkout,checkout_abandoned,27795.69,,independent,,2026-07-05 19:05:42.860458
CASE_002774,UNSEEN_CUST_01664,UNSEEN_SUB_001664,subscription,subscription_failed,3938.14,expired_instrument,independent,,2026-05-14 20:09:42.233804
CASE_002775,UNSEEN_CUST_01664,UNSEEN_CHK_001752,checkout,checkout_abandoned,32224.68,,independent,,2026-06-16 17:28:42.134070
CASE_002776,UNSEEN_CUST_01664,UNSEEN_CHK_001992,checkout,checkout_abandoned,32469.18,,independent,,2026-08-26 12:14:42.811458
CASE_002777,UNSEEN_CUST_01665,UNSEEN_PAY_003106,payment,payment_failed,42038.41,temporary_bank_failure,independent,,2026-06-27 20:30:41.947990
CASE_002778,UNSEEN_CUST_01666,UNSEEN_SUB_001666,subscription,subscription_failed,8606.02,authentication_failed,independent,,2026-04-27 20:09:42.233804
CASE_002779,UNSEEN_CUST_01666,UNSEEN_CHK_002485,checkout,checkout_abandoned,3719.95,,independent,,2026-08-11 14:20:41.840478
CASE_002780,UNSEEN_CUST_01667,UNSEEN_CHK_002396,checkout,checkout_abandoned,3798.75,,independent,,2026-07-12 10:58:42.913541
CASE_002781,UNSEEN_CUST_01667,UNSEEN_CHK_001117,checkout,checkout_abandoned,15809.84,,independent,,2026-08-05 03:28:42.621945
CASE_002782,UNSEEN_CUST_01669,UNSEEN_CHK_000841,checkout,checkout_abandoned,12303.13,,independent,,2026-06-08 02:54:42.544983
CASE_002783,UNSEEN_CUST_01669,UNSEEN_SUB_001669,subscription,subscription_failed,3589.57,risk_decline,independent,,2026-06-30 20:09:42.233804
CASE_002784,UNSEEN_CUST_01669,UNSEEN_CHK_000962,checkout,checkout_abandoned,4308.73,,independent,,2026-08-02 09:36:42.574900
CASE_002785,UNSEEN_CUST_01670,UNSEEN_CHK_001638,checkout,checkout_abandoned,5319.47,,independent,,2026-07-01 13:47:42.738814
CASE_002786,UNSEEN_CUST_01670,UNSEEN_CHK_002422,checkout,checkout_abandoned,23986.62,,independent,,2026-07-12 17:13:42.924541
CASE_002787,UNSEEN_CUST_01671,UNSEEN_CHK_002174,checkout,checkout_abandoned,26830.67,,independent,,2026-08-16 15:58:42.852458
CASE_002788,UNSEEN_CUST_01672,UNSEEN_CHK_003472,checkout,checkout_abandoned,99086.12,,independent,,2026-06-02 04:17:43.342540
CASE_002789,UNSEEN_CUST_01672,UNSEEN_PAY_005359,payment,payment_failed,33047.81,insufficient_funds,independent,,2026-06-08 06:06:42.055072
CASE_002790,UNSEEN_CUST_01674,UNSEEN_PAY_000290,payment,payment_failed,34235.66,blocked_instrument,independent,,2026-06-08 00:19:41.811992
CASE_002791,UNSEEN_CUST_01675,UNSEEN_SUB_001675,subscription,subscription_failed,5458.03,insufficient_funds,independent,,2026-04-19 20:09:42.233804
CASE_002792,UNSEEN_CUST_01676,UNSEEN_SUB_001676,subscription,subscription_failed,18326.16,insufficient_funds,independent,,2026-04-28 20:09:42.233804
CASE_002793,UNSEEN_CUST_01676,UNSEEN_CHK_002859,checkout,checkout_abandoned,68043.23,,independent,,2026-06-24 09:24:43.108546
CASE_002794,UNSEEN_CUST_01676,UNSEEN_CHK_003352,checkout,checkout_abandoned,10559.35,,independent,,2026-07-15 03:48:43.293545
CASE_002795,UNSEEN_CUST_01677,UNSEEN_INV_001677,invoice,invoice_overdue,33748.92,unknown_failure,independent,,2026-07-18 20:09:43.650543
CASE_002796,UNSEEN_CUST_01678,UNSEEN_INV_001678,invoice,invoice_overdue,74693.34,temporary_bank_failure,independent,,2026-04-23 20:09:43.650543
CASE_002797,UNSEEN_CUST_01678,UNSEEN_PAY_004236,payment,payment_failed,14492.53,temporary_bank_failure,independent,,2026-06-05 13:29:42.004988
CASE_002798,UNSEEN_CUST_01679,UNSEEN_PAY_004189,payment,payment_failed,8003.09,limit_exceeded,independent,,2026-06-03 22:35:42.003073
CASE_002799,UNSEEN_CUST_01679,UNSEEN_CHK_000166,checkout,checkout_abandoned,9905.9,,independent,,2026-06-04 07:56:42.337836
CASE_002800,UNSEEN_CUST_01681,UNSEEN_PAY_003455,payment,payment_failed,31408.96,unknown_failure,independent,,2026-08-22 07:16:41.967990
CASE_002801,UNSEEN_CUST_01684,UNSEEN_PAY_004810,payment,payment_failed,35921.36,risk_decline,independent,,2026-06-30 18:16:42.031066
CASE_002802,UNSEEN_CUST_01684,UNSEEN_SUB_001684,subscription,subscription_failed,8577.96,insufficient_funds,independent,,2026-06-30 20:09:42.233804
CASE_002803,UNSEEN_CUST_01685,UNSEEN_PAY_005336,payment,payment_failed,47390.12,expired_instrument,independent,,2026-06-04 09:09:42.054066
CASE_002804,UNSEEN_CUST_01685,UNSEEN_PAY_000506,payment,payment_failed,38845.85,temporary_bank_failure,independent,,2026-08-02 12:51:41.825479
CASE_002805,UNSEEN_CUST_01686,UNSEEN_SUB_001686,subscription,subscription_failed,11667.5,insufficient_funds,independent,,2026-06-09 20:09:42.233804
CASE_002806,UNSEEN_CUST_01686,UNSEEN_CHK_002656,checkout,checkout_abandoned,28333.44,,independent,,2026-07-19 04:48:41.923996
CASE_002807,UNSEEN_CUST_01686,UNSEEN_CHK_002256,checkout,checkout_abandoned,3225.44,,independent,,2026-07-25 18:23:42.867458
CASE_002808,UNSEEN_CUST_01687,UNSEEN_CHK_000298,checkout,checkout_abandoned,48079.66,,independent,,2026-06-02 16:52:42.379050
CASE_002809,UNSEEN_CUST_01688,UNSEEN_PAY_005785,payment,payment_failed,15126.7,insufficient_funds,independent,,2026-07-21 19:30:42.075065
CASE_002810,UNSEEN_CUST_01690,UNSEEN_CHK_002473,checkout,checkout_abandoned,40570.73,,independent,,2026-07-02 00:28:42.945548
CASE_002811,UNSEEN_CUST_01690,UNSEEN_PAY_001888,payment,payment_failed,21404.81,authentication_failed,independent,,2026-08-21 18:18:41.891985
CASE_002812,UNSEEN_CUST_01690,UNSEEN_INV_001690,invoice,invoice_overdue,17799.29,unknown_failure,independent,,2026-08-23 20:09:43.651542
CASE_002813,UNSEEN_CUST_01692,UNSEEN_INV_001692,invoice,invoice_overdue,125036.51,blocked_instrument,independent,,2026-08-02 20:09:43.651542
CASE_002814,UNSEEN_CUST_01693,UNSEEN_PAY_001787,payment,payment_failed,1721.72,risk_decline,independent,,2026-07-27 04:11:41.887985
CASE_002815,UNSEEN_CUST_01694,UNSEEN_PAY_006756,payment,payment_failed,49084.37,temporary_bank_failure,independent,,2026-06-30 02:54:42.124067
CASE_002816,UNSEEN_CUST_01696,UNSEEN_PAY_006795,payment,payment_failed,21906.56,timeout,independent,,2026-07-31 21:11:42.126065
CASE_002817,UNSEEN_CUST_01697,UNSEEN_PAY_002120,payment,payment_failed,21394.17,authentication_failed,independent,,2026-07-10 08:38:41.901985
CASE_002818,UNSEEN_CUST_01697,UNSEEN_CHK_001423,checkout,checkout_abandoned,39311.04,,independent,,2026-08-08 05:18:42.696187
CASE_002819,UNSEEN_CUST_01697,UNSEEN_PAY_002379,payment,payment_failed,47682.0,unknown_failure,independent,,2026-08-17 04:35:41.912985
CASE_002820,UNSEEN_CUST_01698,UNSEEN_INV_001698,invoice,invoice_overdue,124138.34,blocked_instrument,independent,,2026-03-02 20:09:43.651542
CASE_002821,UNSEEN_CUST_01701,UNSEEN_CHK_003188,checkout,checkout_abandoned,67518.21,,independent,,2026-06-05 12:35:43.231548
CASE_002822,UNSEEN_CUST_01701,UNSEEN_CHK_000186,checkout,checkout_abandoned,29042.24,,independent,,2026-07-21 22:07:42.342836
CASE_002823,UNSEEN_CUST_01701,UNSEEN_CHK_001102,checkout,checkout_abandoned,55437.21,,independent,,2026-08-13 08:52:42.620947
CASE_002824,UNSEEN_CUST_01702,UNSEEN_PAY_000916,payment,payment_failed,29765.25,authentication_failed,independent,,2026-08-01 04:06:41.848479
CASE_002825,UNSEEN_CUST_01703,UNSEEN_SUB_001703,subscription,subscription_failed,8858.23,temporary_bank_failure,independent,,2026-07-11 20:09:42.234803
CASE_002826,UNSEEN_CUST_01703,UNSEEN_CHK_002792,checkout,checkout_abandoned,28848.53,,independent,,2026-07-28 21:59:43.086540
CASE_002827,UNSEEN_CUST_01704,UNSEEN_CHK_001278,checkout,checkout_abandoned,18742.13,,independent,,2026-07-05 12:45:42.668187
CASE_002828,UNSEEN_CUST_01704,UNSEEN_CHK_001290,checkout,checkout_abandoned,45579.9,,independent,,2026-07-10 07:13:42.672187
CASE_002829,UNSEEN_CUST_01704,UNSEEN_SUB_001704,subscription,subscription_failed,8344.47,limit_exceeded,independent,,2026-08-10 20:09:42.234803
CASE_002830,UNSEEN_CUST_01705,UNSEEN_PAY_005757,payment,payment_failed,16032.53,authentication_failed,independent,,2026-06-07 10:23:42.072990
CASE_002831,UNSEEN_CUST_01706,UNSEEN_PAY_004117,payment,payment_failed,1842.46,authentication_failed,independent,,2026-07-19 03:18:42.000077
CASE_002832,UNSEEN_CUST_01706,UNSEEN_CHK_000679,checkout,checkout_abandoned,20262.91,,independent,,2026-08-20 20:36:42.500555
CASE_002833,UNSEEN_CUST_01708,UNSEEN_PAY_003511,payment,payment_failed,23549.74,unknown_failure,independent,,2026-07-21 02:47:41.970990
CASE_002834,UNSEEN_CUST_01709,UNSEEN_CHK_001455,checkout,checkout_abandoned,76132.57,,independent,,2026-06-02 14:11:42.700187
CASE_002835,UNSEEN_CUST_01709,UNSEEN_PAY_003147,payment,payment_failed,40251.03,temporary_bank_failure,independent,,2026-06-14 01:30:41.949990
CASE_002836,UNSEEN_CUST_01709,UNSEEN_CHK_003155,checkout,checkout_abandoned,69030.05,,independent,,2026-08-05 07:16:43.217538
CASE_002837,UNSEEN_CUST_01713,UNSEEN_CHK_001987,checkout,checkout_abandoned,95141.72,,independent,,2026-07-16 19:01:42.809458
CASE_002838,UNSEEN_CUST_01713,UNSEEN_CHK_002010,checkout,checkout_abandoned,91365.86,,independent,,2026-08-15 01:02:42.814458
CASE_002839,UNSEEN_CUST_01714,UNSEEN_INV_001714,invoice,invoice_overdue,60500.5,unknown_failure,independent,,2026-07-03 20:09:43.653542
CASE_002840,UNSEEN_CUST_01714,UNSEEN_SUB_001714,subscription,subscription_failed,8011.83,temporary_bank_failure,independent,,2026-08-20 20:09:42.234803
CASE_002841,UNSEEN_CUST_01715,UNSEEN_PAY_005705,payment,payment_failed,46621.37,expired_instrument,independent,,2026-07-13 11:09:42.070069
CASE_002842,UNSEEN_CUST_01715,UNSEEN_SUB_001715,subscription,subscription_failed,13708.01,insufficient_funds,independent,,2026-07-20 20:09:42.235724
CASE_002843,UNSEEN_CUST_01717,UNSEEN_PAY_006969,payment,payment_failed,46910.93,insufficient_funds,independent,,2026-07-31 00:38:42.134070
CASE_002844,UNSEEN_CUST_01718,UNSEEN_SUB_001718,subscription,subscription_failed,4351.05,insufficient_funds,independent,,2026-03-13 20:09:42.235724
CASE_002845,UNSEEN_CUST_01718,UNSEEN_CHK_000585,checkout,checkout_abandoned,16092.91,,independent,,2026-07-05 18:45:42.470557
CASE_002846,UNSEEN_CUST_01721,UNSEEN_CHK_001758,checkout,checkout_abandoned,32148.56,,independent,,2026-07-02 02:25:42.760814
CASE_002847,UNSEEN_CUST_01721,UNSEEN_CHK_001129,checkout,checkout_abandoned,48836.04,,independent,,2026-07-07 16:19:42.624984
CASE_002848,UNSEEN_CUST_01721,UNSEEN_CHK_003271,checkout,checkout_abandoned,36456.59,,independent,,2026-07-13 17:24:41.856478
CASE_002849,UNSEEN_CUST_01721,UNSEEN_PAY_006823,payment,payment_failed,40992.69,expired_instrument,independent,,2026-07-22 13:25:42.127071
CASE_002850,UNSEEN_CUST_01722,UNSEEN_PAY_003724,payment,payment_failed,45950.96,insufficient_funds,independent,,2026-06-05 17:15:41.982986
CASE_002851,UNSEEN_CUST_01722,UNSEEN_CHK_001011,checkout,checkout_abandoned,11600.37,,independent,,2026-07-18 12:05:42.590985
CASE_002852,UNSEEN_CUST_01722,UNSEEN_INV_001722,invoice,invoice_overdue,34781.92,unknown_failure,independent,,2026-08-17 20:09:43.654542
CASE_002853,UNSEEN_CUST_01723,UNSEEN_SUB_001723,subscription,subscription_failed,11723.81,blocked_instrument,independent,,2026-04-02 20:09:42.235724
CASE_002854,UNSEEN_CUST_01723,UNSEEN_PAY_003529,payment,payment_failed,35112.17,expired_instrument,independent,,2026-06-27 07:29:41.971990
CASE_002855,UNSEEN_CUST_01724,UNSEEN_CHK_001341,checkout,checkout_abandoned,4994.46,,independent,,2026-07-15 09:10:42.682187
CASE_002856,UNSEEN_CUST_01724,UNSEEN_CHK_000960,checkout,checkout_abandoned,12442.44,,independent,,2026-07-22 18:10:42.574900
CASE_002857,UNSEEN_CUST_01724,UNSEEN_CHK_002930,checkout,checkout_abandoned,32436.54,,independent,,2026-08-06 13:40:41.899985
CASE_002858,UNSEEN_CUST_01726,UNSEEN_PAY_003615,payment,payment_failed,46649.15,limit_exceeded,independent,,2026-06-02 01:02:41.977071
CASE_002859,UNSEEN_CUST_01726,UNSEEN_CHK_001149,checkout,checkout_abandoned,20722.79,,independent,,2026-07-04 20:24:42.628980
CASE_002860,UNSEEN_CUST_01727,UNSEEN_SUB_001727,subscription,subscription_failed,7586.63,insufficient_funds,independent,,2026-03-23 20:09:42.235724
CASE_002861,UNSEEN_CUST_01727,UNSEEN_INV_001727,invoice,invoice_overdue,23574.01,risk_decline,independent,,2026-06-09 20:09:43.655542
CASE_002862,UNSEEN_CUST_01727,UNSEEN_PAY_000660,payment,payment_failed,19738.36,authentication_failed,independent,,2026-06-29 06:44:41.833480
CASE_002863,UNSEEN_CUST_01727,UNSEEN_PAY_001895,payment,payment_failed,8876.42,timeout,independent,,2026-07-13 02:43:41.891985
CASE_002864,UNSEEN_CUST_01727,UNSEEN_PAY_006623,payment,payment_failed,15449.9,risk_decline,independent,,2026-07-21 19:56:42.118071
CASE_002865,UNSEEN_CUST_01728,UNSEEN_CHK_002714,checkout,checkout_abandoned,87579.75,,independent,,2026-08-04 19:14:42.069066
CASE_002866,UNSEEN_CUST_01730,UNSEEN_CHK_000894,checkout,checkout_abandoned,34409.17,,independent,,2026-07-30 07:37:42.560979
CASE_002867,UNSEEN_CUST_01732,UNSEEN_SUB_001732,subscription,subscription_failed,1006.41,unknown_failure,independent,,2026-05-29 20:09:42.235724
CASE_002868,UNSEEN_CUST_01732,UNSEEN_PAY_004263,payment,payment_failed,20544.85,expired_instrument,independent,,2026-08-20 12:42:42.006989
CASE_002869,UNSEEN_CUST_01734,UNSEEN_CHK_002366,checkout,checkout_abandoned,44428.29,,independent,,2026-06-25 19:39:42.903543
CASE_002870,UNSEEN_CUST_01735,UNSEEN_CHK_000480,checkout,checkout_abandoned,42491.42,,independent,,2026-06-18 16:38:42.442650
CASE_002871,UNSEEN_CUST_01736,UNSEEN_CHK_003097,checkout,checkout_abandoned,41134.6,,independent,,2026-06-01 06:51:43.192539
CASE_002872,UNSEEN_CUST_01738,UNSEEN_CHK_001549,checkout,checkout_abandoned,10388.63,,independent,,2026-06-02 04:00:42.723814
CASE_002873,UNSEEN_CUST_01738,UNSEEN_SUB_001738,subscription,subscription_failed,12541.43,unknown_failure,independent,,2026-06-08 20:09:42.235724
CASE_002874,UNSEEN_CUST_01738,UNSEEN_PAY_001740,payment,payment_failed,29958.86,expired_instrument,independent,,2026-08-11 21:58:41.885985
CASE_002875,UNSEEN_CUST_01738,UNSEEN_PAY_000276,payment,payment_failed,27109.64,blocked_instrument,independent,,2026-08-18 03:49:41.809992
CASE_002876,UNSEEN_CUST_01739,UNSEEN_CHK_000897,checkout,checkout_abandoned,42000.69,,independent,,2026-06-14 03:56:42.561981
CASE_002877,UNSEEN_CUST_01739,UNSEEN_SUB_001739,subscription,subscription_failed,7340.16,temporary_bank_failure,independent,,2026-07-25 20:09:42.235724
CASE_002878,UNSEEN_CUST_01740,UNSEEN_CHK_002701,checkout,checkout_abandoned,33504.52,,independent,,2026-07-01 18:38:43.049538
CASE_002879,UNSEEN_CUST_01740,UNSEEN_PAY_003188,payment,payment_failed,16599.06,unknown_failure,independent,,2026-07-28 20:26:41.951990
CASE_002880,UNSEEN_CUST_01741,UNSEEN_SUB_001741,subscription,subscription_failed,10290.05,limit_exceeded,independent,,2026-03-31 20:09:42.236811
CASE_002881,UNSEEN_CUST_01741,UNSEEN_PAY_006500,payment,payment_failed,38110.91,authentication_failed,independent,,2026-08-08 18:51:42.113071
CASE_002882,UNSEEN_CUST_01742,UNSEEN_INV_001742,invoice,invoice_overdue,20418.99,timeout,independent,,2026-03-14 20:09:43.657539
CASE_002883,UNSEEN_CUST_01742,UNSEEN_PAY_003238,payment,payment_failed,17791.12,timeout,independent,,2026-07-02 14:09:41.954986
CASE_002884,UNSEEN_CUST_01742,UNSEEN_CHK_000321,checkout,checkout_abandoned,1331.28,,independent,,2026-07-27 17:53:42.388050
CASE_002885,UNSEEN_CUST_01743,UNSEEN_SUB_001743,subscription,subscription_failed,14911.8,temporary_bank_failure,independent,,2026-07-05 20:09:42.236811
CASE_002886,UNSEEN_CUST_01744,UNSEEN_PAY_004106,payment,payment_failed,29829.03,temporary_bank_failure,independent,,2026-05-31 19:21:41.999067
CASE_002887,UNSEEN_CUST_01744,UNSEEN_SUB_001744,subscription,subscription_failed,2962.33,insufficient_funds,independent,,2026-06-19 20:09:42.236811
CASE_002888,UNSEEN_CUST_01744,UNSEEN_PAY_003328,payment,payment_failed,24190.6,insufficient_funds,independent,,2026-07-16 01:33:41.960990
CASE_002889,UNSEEN_CUST_01745,UNSEEN_CHK_000979,checkout,checkout_abandoned,52731.04,,independent,,2026-06-13 10:01:42.580900
CASE_002890,UNSEEN_CUST_01746,UNSEEN_PAY_000499,payment,payment_failed,86703.66,risk_decline,independent,,2026-06-24 00:52:41.824479
CASE_002891,UNSEEN_CUST_01746,UNSEEN_PAY_005999,payment,payment_failed,49125.57,timeout,independent,,2026-06-25 06:39:42.085032
CASE_002892,UNSEEN_CUST_01746,UNSEEN_PAY_002428,payment,payment_failed,65510.19,temporary_bank_failure,independent,,2026-08-13 11:50:41.914985
CASE_002893,UNSEEN_CUST_01746,UNSEEN_SUB_001746,subscription,subscription_failed,23970.86,insufficient_funds,independent,,2026-08-16 20:09:42.236811
CASE_002894,UNSEEN_CUST_01750,UNSEEN_PAY_003191,payment,payment_failed,6721.38,temporary_bank_failure,independent,,2026-07-25 00:24:41.952989
CASE_002895,UNSEEN_CUST_01750,UNSEEN_CHK_002662,checkout,checkout_abandoned,46561.44,,independent,,2026-07-30 16:33:43.031540
CASE_002896,UNSEEN_CUST_01751,UNSEEN_PAY_005769,payment,payment_failed,19575.38,expired_instrument,independent,,2026-07-08 15:26:42.074070
CASE_002897,UNSEEN_CUST_01752,UNSEEN_PAY_000527,payment,payment_failed,12984.06,temporary_bank_failure,independent,,2026-07-02 17:15:41.826478
CASE_002898,UNSEEN_CUST_01753,UNSEEN_PAY_000897,payment,payment_failed,10395.73,temporary_bank_failure,independent,,2026-08-19 06:46:41.847480
CASE_002899,UNSEEN_CUST_01754,UNSEEN_CHK_000784,checkout,checkout_abandoned,26135.06,,independent,,2026-06-19 09:19:42.525902
CASE_002900,UNSEEN_CUST_01754,UNSEEN_SUB_001754,subscription,subscription_failed,6647.53,expired_instrument,independent,,2026-07-10 20:09:42.236811
CASE_002901,UNSEEN_CUST_01754,UNSEEN_CHK_001771,checkout,checkout_abandoned,93478.26,,independent,,2026-08-16 08:42:42.764814
CASE_002902,UNSEEN_CUST_01755,UNSEEN_PAY_005939,payment,payment_failed,11722.74,timeout,independent,,2026-07-08 04:25:42.082071
CASE_002903,UNSEEN_CUST_01755,UNSEEN_SUB_001755,subscription,subscription_failed,4964.62,insufficient_funds,independent,,2026-08-10 20:09:42.236811
CASE_002904,UNSEEN_CUST_01756,UNSEEN_INV_001756,invoice,invoice_overdue,5658.37,insufficient_funds,independent,,2026-08-21 20:09:43.660539
CASE_002905,UNSEEN_CUST_01757,UNSEEN_SUB_001757,subscription,subscription_failed,3606.0,temporary_bank_failure,independent,,2026-08-20 20:09:42.236811
CASE_002906,UNSEEN_CUST_01758,UNSEEN_SUB_001758,subscription,subscription_failed,9489.07,expired_instrument,independent,,2026-03-24 20:09:42.236811
CASE_002907,UNSEEN_CUST_01758,UNSEEN_CHK_001605,checkout,checkout_abandoned,9498.96,,independent,,2026-06-11 06:37:42.734814
CASE_002908,UNSEEN_CUST_01759,UNSEEN_INV_001759,invoice,invoice_overdue,59248.89,blocked_instrument,independent,,2026-03-24 20:09:43.661537
CASE_002909,UNSEEN_CUST_01759,UNSEEN_PAY_003816,payment,payment_failed,22308.72,insufficient_funds,independent,,2026-07-27 22:13:41.987068
CASE_002910,UNSEEN_CUST_01760,UNSEEN_INV_001760,invoice,invoice_overdue,41148.73,limit_exceeded,independent,,2026-07-24 20:09:43.661537
CASE_002911,UNSEEN_CUST_01761,UNSEEN_CHK_001181,checkout,checkout_abandoned,30025.8,,independent,,2026-08-17 22:22:42.640181
CASE_002912,UNSEEN_CUST_01762,UNSEEN_CHK_000652,checkout,checkout_abandoned,57379.49,,independent,,2026-06-17 23:02:42.492555
CASE_002913,UNSEEN_CUST_01762,UNSEEN_SUB_001762,subscription,subscription_failed,16422.96,temporary_bank_failure,independent,,2026-07-21 20:09:42.236811
CASE_002914,UNSEEN_CUST_01763,UNSEEN_INV_001763,invoice,invoice_overdue,43562.0,limit_exceeded,independent,,2026-05-14 20:09:43.661537
CASE_002915,UNSEEN_CUST_01764,UNSEEN_INV_001764,invoice,invoice_overdue,5752.16,insufficient_funds,independent,,2026-08-20 20:09:43.662540
CASE_002916,UNSEEN_CUST_01765,UNSEEN_CHK_000020,checkout,checkout_abandoned,28215.34,,independent,,2026-06-12 02:19:42.288725
CASE_002917,UNSEEN_CUST_01765,UNSEEN_SUB_001765,subscription,subscription_failed,2705.44,expired_instrument,independent,,2026-06-16 20:09:42.237810
CASE_002918,UNSEEN_CUST_01767,UNSEEN_PAY_005680,payment,payment_failed,3923.45,temporary_bank_failure,independent,,2026-06-17 11:07:42.069066
CASE_002919,UNSEEN_CUST_01767,UNSEEN_PAY_000137,payment,payment_failed,19803.46,blocked_instrument,independent,,2026-06-26 19:52:41.802579
CASE_002920,UNSEEN_CUST_01767,UNSEEN_PAY_000960,payment,payment_failed,27445.99,temporary_bank_failure,independent,,2026-07-10 20:58:41.850479
CASE_002921,UNSEEN_CUST_01769,UNSEEN_PAY_005989,payment,payment_failed,4377.2,unknown_failure,independent,,2026-07-11 17:51:42.085032
CASE_002922,UNSEEN_CUST_01769,UNSEEN_PAY_006847,payment,payment_failed,8298.48,limit_exceeded,independent,,2026-07-24 15:36:42.128065
CASE_002923,UNSEEN_CUST_01770,UNSEEN_CHK_002398,checkout,checkout_abandoned,91246.3,,independent,,2026-08-17 17:29:42.914544
CASE_002924,UNSEEN_CUST_01770,UNSEEN_CHK_002831,checkout,checkout_abandoned,25948.01,,independent,,2026-08-22 04:14:43.096544
CASE_002925,UNSEEN_CUST_01771,UNSEEN_CHK_000547,checkout,checkout_abandoned,30337.74,,independent,,2026-06-19 14:05:42.460556
CASE_002926,UNSEEN_CUST_01773,UNSEEN_CHK_001105,checkout,checkout_abandoned,4962.06,,independent,,2026-08-26 14:50:42.620947
CASE_002927,UNSEEN_CUST_01774,UNSEEN_CHK_002207,checkout,checkout_abandoned,93959.1,,independent,,2026-06-10 23:43:42.859458
CASE_002928,UNSEEN_CUST_01775,UNSEEN_PAY_005274,payment,payment_failed,44567.33,expired_instrument,independent,,2026-06-16 11:33:42.051996
CASE_002929,UNSEEN_CUST_01775,UNSEEN_PAY_000384,payment,payment_failed,3516.31,temporary_bank_failure,independent,,2026-06-17 21:27:41.816991
CASE_002930,UNSEEN_CUST_01776,UNSEEN_CHK_000108,checkout,checkout_abandoned,15293.28,,independent,,2026-07-09 04:11:42.318725
CASE_002931,UNSEEN_CUST_01777,UNSEEN_CHK_002588,checkout,checkout_abandoned,67576.6,,independent,,2026-06-08 15:44:42.991538
CASE_002932,UNSEEN_CUST_01777,UNSEEN_PAY_006448,payment,payment_failed,96830.91,temporary_bank_failure,independent,,2026-08-18 08:50:42.111073
CASE_002933,UNSEEN_CUST_01778,UNSEEN_PAY_003791,payment,payment_failed,1168.61,temporary_bank_failure,independent,,2026-07-15 11:50:41.986072
CASE_002934,UNSEEN_CUST_01778,UNSEEN_PAY_003198,payment,payment_failed,15915.2,expired_instrument,independent,,2026-08-25 11:51:41.952989
CASE_002935,UNSEEN_CUST_01779,UNSEEN_INV_001779,invoice,invoice_overdue,38386.43,authentication_failed,independent,,2026-06-02 20:09:43.664540
CASE_002936,UNSEEN_CUST_01781,UNSEEN_CHK_002102,checkout,checkout_abandoned,11913.94,,independent,,2026-06-05 14:23:42.833458
CASE_002937,UNSEEN_CUST_01781,UNSEEN_CHK_003358,checkout,checkout_abandoned,1702.97,,independent,,2026-07-11 19:13:43.297543
CASE_002938,UNSEEN_CUST_01782,UNSEEN_CHK_003295,checkout,checkout_abandoned,7130.98,,independent,,2026-08-17 03:22:43.275538
CASE_002939,UNSEEN_CUST_01783,UNSEEN_CHK_003428,checkout,checkout_abandoned,1701.09,,independent,,2026-07-08 17:20:43.319543
CASE_002940,UNSEEN_CUST_01785,UNSEEN_INV_001785,invoice,invoice_overdue,54960.03,limit_exceeded,independent,,2026-03-22 20:09:43.665540
CASE_002941,UNSEEN_CUST_01785,UNSEEN_CHK_000051,checkout,checkout_abandoned,12923.27,,independent,,2026-06-28 21:04:42.302724
CASE_002942,UNSEEN_CUST_01785,UNSEEN_PAY_000220,payment,payment_failed,23863.11,insufficient_funds,independent,,2026-08-10 09:09:41.806579
CASE_002943,UNSEEN_CUST_01788,UNSEEN_CHK_002875,checkout,checkout_abandoned,20425.96,,independent,,2026-06-15 02:38:43.108546
CASE_002944,UNSEEN_CUST_01788,UNSEEN_CHK_000415,checkout,checkout_abandoned,39093.9,,independent,,2026-07-14 06:46:41.966990
CASE_002945,UNSEEN_CUST_01788,UNSEEN_CHK_002841,checkout,checkout_abandoned,40236.52,,independent,,2026-07-14 09:24:41.966990
CASE_002946,UNSEEN_CUST_01790,UNSEEN_PAY_002654,payment,payment_failed,16009.45,expired_instrument,independent,,2026-08-13 15:40:41.924991
CASE_002947,UNSEEN_CUST_01791,UNSEEN_SUB_001791,subscription,subscription_failed,14568.97,temporary_bank_failure,independent,,2026-03-26 20:09:42.238724
CASE_002948,UNSEEN_CUST_01791,UNSEEN_CHK_002454,checkout,checkout_abandoned,27220.59,,independent,,2026-06-21 01:11:42.941547
CASE_002949,UNSEEN_CUST_01791,UNSEEN_CHK_001715,checkout,checkout_abandoned,11089.81,,independent,,2026-07-30 20:46:42.750814
CASE_002950,UNSEEN_CUST_01791,UNSEEN_PAY_004425,payment,payment_failed,21692.32,expired_instrument,independent,,2026-08-07 07:43:42.014079
CASE_002951,UNSEEN_CUST_01792,UNSEEN_CHK_003228,checkout,checkout_abandoned,37372.2,,independent,,2026-08-23 06:37:43.247539
CASE_002952,UNSEEN_CUST_01793,UNSEEN_CHK_002346,checkout,checkout_abandoned,12794.14,,independent,,2026-07-16 21:02:42.896543
CASE_002953,UNSEEN_CUST_01793,UNSEEN_SUB_001793,subscription,subscription_failed,14905.48,risk_decline,independent,,2026-08-19 20:09:42.238724
CASE_002954,UNSEEN_CUST_01794,UNSEEN_PAY_001064,payment,payment_failed,21722.25,insufficient_funds,independent,,2026-06-22 03:49:41.854479
CASE_002955,UNSEEN_CUST_01795,UNSEEN_PAY_002616,payment,payment_failed,24045.58,authentication_failed,independent,,2026-07-10 14:26:41.923996
CASE_002956,UNSEEN_CUST_01795,UNSEEN_PAY_003512,payment,payment_failed,3861.03,timeout,independent,,2026-08-07 06:43:41.970990
CASE_002957,UNSEEN_CUST_01796,UNSEEN_PAY_006566,payment,payment_failed,41633.88,limit_exceeded,independent,,2026-06-21 02:16:42.116078
CASE_002958,UNSEEN_CUST_01796,UNSEEN_CHK_000544,checkout,checkout_abandoned,40671.95,,independent,,2026-08-18 01:49:42.460556
CASE_002959,UNSEEN_CUST_01798,UNSEEN_CHK_002817,checkout,checkout_abandoned,34534.38,,independent,,2026-05-31 17:26:43.092544
CASE_002960,UNSEEN_CUST_01798,UNSEEN_CHK_003010,checkout,checkout_abandoned,18957.95,,independent,,2026-08-23 02:35:43.147537
CASE_002961,UNSEEN_CUST_01799,UNSEEN_CHK_000941,checkout,checkout_abandoned,30188.54,,independent,,2026-07-29 17:34:42.569978
CASE_002962,UNSEEN_CUST_01800,UNSEEN_SUB_001800,subscription,subscription_failed,1992.18,unknown_failure,independent,,2026-05-03 20:09:42.238724
CASE_002963,UNSEEN_CUST_01800,UNSEEN_PAY_003982,payment,payment_failed,45171.63,authentication_failed,independent,,2026-06-30 22:58:41.993986
CASE_002964,UNSEEN_CUST_01800,UNSEEN_CHK_001568,checkout,checkout_abandoned,9835.38,,independent,,2026-07-20 06:08:42.725814
CASE_002965,UNSEEN_CUST_01801,UNSEEN_PAY_004708,payment,payment_failed,41227.61,insufficient_funds,independent,,2026-06-05 23:15:42.025997
CASE_002966,UNSEEN_CUST_01803,UNSEEN_INV_001803,invoice,invoice_overdue,26078.29,timeout,independent,,2026-04-15 20:09:43.668541
CASE_002967,UNSEEN_CUST_01804,UNSEEN_SUB_001804,subscription,subscription_failed,7735.19,insufficient_funds,independent,,2026-03-07 20:09:42.238724
CASE_002968,UNSEEN_CUST_01804,UNSEEN_PAY_004878,payment,payment_failed,7624.63,authentication_failed,independent,,2026-06-03 13:01:42.034073
CASE_002969,UNSEEN_CUST_01804,UNSEEN_PAY_001831,payment,payment_failed,13461.55,unknown_failure,independent,,2026-08-10 19:26:41.888985
CASE_002970,UNSEEN_CUST_01805,UNSEEN_CHK_000659,checkout,checkout_abandoned,39080.34,,independent,,2026-06-01 11:01:42.494555
CASE_002971,UNSEEN_CUST_01806,UNSEEN_SUB_001806,subscription,subscription_failed,14516.06,unknown_failure,independent,,2026-08-09 20:09:42.239725
CASE_002972,UNSEEN_CUST_01807,UNSEEN_INV_001807,invoice,invoice_overdue,12978.53,insufficient_funds,independent,,2026-05-25 20:09:43.669544
CASE_002973,UNSEEN_CUST_01809,UNSEEN_SUB_001809,subscription,subscription_failed,1418.75,authentication_failed,independent,,2026-03-17 20:09:42.239725
CASE_002974,UNSEEN_CUST_01809,UNSEEN_INV_001809,invoice,invoice_overdue,20848.36,unknown_failure,independent,,2026-05-31 20:09:43.669544
CASE_002975,UNSEEN_CUST_01809,UNSEEN_PAY_001902,payment,payment_failed,14814.16,timeout,independent,,2026-06-23 20:58:41.892985
CASE_002976,UNSEEN_CUST_01810,UNSEEN_INV_001810,invoice,invoice_overdue,35862.58,risk_decline,independent,,2026-03-22 20:09:43.670553
CASE_002977,UNSEEN_CUST_01810,UNSEEN_PAY_004182,payment,payment_failed,41010.06,temporary_bank_failure,independent,,2026-05-29 03:28:42.003073
CASE_002978,UNSEEN_CUST_01810,UNSEEN_PAY_006588,payment,payment_failed,26617.11,insufficient_funds,independent,,2026-05-30 13:44:42.117069
CASE_002979,UNSEEN_CUST_01810,UNSEEN_CHK_002118,checkout,checkout_abandoned,20065.85,,independent,,2026-07-09 07:14:42.838458
CASE_002980,UNSEEN_CUST_01813,UNSEEN_PAY_002921,payment,payment_failed,13962.03,limit_exceeded,independent,,2026-06-12 08:58:41.937990
CASE_002981,UNSEEN_CUST_01813,UNSEEN_SUB_001813,subscription,subscription_failed,2046.16,insufficient_funds,independent,,2026-08-07 20:09:42.239725
CASE_002982,UNSEEN_CUST_01815,UNSEEN_INV_001815,invoice,invoice_overdue,30090.54,insufficient_funds,independent,,2026-03-20 20:09:43.671552
CASE_002983,UNSEEN_CUST_01815,UNSEEN_CHK_002850,checkout,checkout_abandoned,2466.58,,independent,,2026-06-27 11:52:43.107543
CASE_002984,UNSEEN_CUST_01818,UNSEEN_CHK_001531,checkout,checkout_abandoned,46177.82,,independent,,2026-06-11 23:11:42.718187
CASE_002985,UNSEEN_CUST_01818,UNSEEN_CHK_001324,checkout,checkout_abandoned,47339.39,,independent,,2026-06-29 04:20:42.677187
CASE_002986,UNSEEN_CUST_01818,UNSEEN_PAY_005026,payment,payment_failed,27798.76,insufficient_funds,independent,,2026-07-21 13:19:42.039988
CASE_002987,UNSEEN_CUST_01819,UNSEEN_CHK_001228,checkout,checkout_abandoned,47452.7,,independent,,2026-06-06 21:11:42.651188
CASE_002988,UNSEEN_CUST_01819,UNSEEN_CHK_000102,checkout,checkout_abandoned,49121.45,,independent,,2026-06-17 01:08:42.318725
CASE_002989,UNSEEN_CUST_01819,UNSEEN_CHK_001716,checkout,checkout_abandoned,31787.27,,independent,,2026-08-12 19:13:42.751814
CASE_002990,UNSEEN_CUST_01820,UNSEEN_SUB_001820,subscription,subscription_failed,5970.73,authentication_failed,independent,,2026-03-01 20:09:42.240724
CASE_002991,UNSEEN_CUST_01821,UNSEEN_PAY_001206,payment,payment_failed,22912.77,risk_decline,independent,,2026-05-31 09:35:41.861991
CASE_002992,UNSEEN_CUST_01821,UNSEEN_SUB_001821,subscription,subscription_failed,8315.95,timeout,independent,,2026-06-13 20:09:42.240724
CASE_002993,UNSEEN_CUST_01821,UNSEEN_CHK_002008,checkout,checkout_abandoned,11888.82,,independent,,2026-07-14 22:35:42.814458
CASE_002994,UNSEEN_CUST_01822,UNSEEN_CHK_002941,checkout,checkout_abandoned,19135.28,,independent,,2026-08-21 05:25:43.125536
CASE_002995,UNSEEN_CUST_01823,UNSEEN_CHK_001454,checkout,checkout_abandoned,20114.19,,independent,,2026-08-06 20:41:42.700187
CASE_002996,UNSEEN_CUST_01826,UNSEEN_CHK_001441,checkout,checkout_abandoned,12023.46,,independent,,2026-06-12 11:38:42.698187
CASE_002997,UNSEEN_CUST_01826,UNSEEN_CHK_000487,checkout,checkout_abandoned,5030.41,,independent,,2026-06-20 18:46:42.443645
CASE_002998,UNSEEN_CUST_01827,UNSEEN_CHK_001823,checkout,checkout_abandoned,20433.98,,independent,,2026-08-04 22:21:42.775814
CASE_002999,UNSEEN_CUST_01828,UNSEEN_SUB_001828,subscription,subscription_failed,8215.2,temporary_bank_failure,independent,,2026-03-07 20:09:42.240724
CASE_003000,UNSEEN_CUST_01828,UNSEEN_CHK_003395,checkout,checkout_abandoned,41539.9,,independent,,2026-07-28 15:56:43.312540
CASE_003001,UNSEEN_CUST_01829,UNSEEN_CHK_001313,checkout,checkout_abandoned,32919.44,,independent,,2026-07-03 05:40:42.676187
CASE_003002,UNSEEN_CUST_01830,UNSEEN_SUB_001830,subscription,subscription_failed,9176.56,insufficient_funds,independent,,2026-07-28 20:09:42.240724
CASE_003003,UNSEEN_CUST_01831,UNSEEN_INV_001831,invoice,invoice_overdue,80738.41,risk_decline,independent,,2026-03-06 20:09:43.674544
CASE_003004,UNSEEN_CUST_01831,UNSEEN_CHK_000560,checkout,checkout_abandoned,91073.31,,independent,,2026-05-31 16:40:41.862990
CASE_003005,UNSEEN_CUST_01831,UNSEEN_CHK_003035,checkout,checkout_abandoned,94785.63,,independent,,2026-05-31 18:19:41.862990
CASE_003006,UNSEEN_CUST_01831,UNSEEN_CHK_001986,checkout,checkout_abandoned,28624.28,,independent,,2026-07-02 02:00:42.809458
CASE_003007,UNSEEN_CUST_01831,UNSEEN_SUB_001831,subscription,subscription_failed,22313.91,timeout,independent,,2026-07-11 20:09:42.240724
CASE_003008,UNSEEN_CUST_01832,UNSEEN_CHK_000719,checkout,checkout_abandoned,48369.02,,independent,,2026-07-27 10:22:42.510902
CASE_003009,UNSEEN_CUST_01833,UNSEEN_INV_001833,invoice,invoice_overdue,13689.77,insufficient_funds,independent,,2026-07-24 20:09:43.674544
CASE_003010,UNSEEN_CUST_01834,UNSEEN_INV_001834,invoice,invoice_overdue,50416.58,risk_decline,independent,,2026-06-13 20:09:43.675551
CASE_003011,UNSEEN_CUST_01834,UNSEEN_PAY_005169,payment,payment_failed,39236.17,timeout,independent,,2026-07-05 06:23:42.046071
CASE_003012,UNSEEN_CUST_01834,UNSEEN_CHK_002737,checkout,checkout_abandoned,3050.91,,independent,,2026-07-31 12:14:43.066552
CASE_003013,UNSEEN_CUST_01835,UNSEEN_PAY_006477,payment,payment_failed,3037.16,limit_exceeded,independent,,2026-08-14 19:17:42.112079
CASE_003014,UNSEEN_CUST_01836,UNSEEN_CHK_003296,checkout,checkout_abandoned,9704.1,,independent,,2026-06-25 13:26:43.275538
CASE_003015,UNSEEN_CUST_01836,UNSEEN_CHK_002217,checkout,checkout_abandoned,29264.35,,independent,,2026-07-01 15:50:42.860458
CASE_003016,UNSEEN_CUST_01838,UNSEEN_INV_001838,invoice,invoice_overdue,38650.94,authentication_failed,independent,,2026-06-17 20:09:43.675551
CASE_003017,UNSEEN_CUST_01838,UNSEEN_PAY_000132,payment,payment_failed,40159.98,insufficient_funds,independent,,2026-08-16 03:17:41.802579
CASE_003018,UNSEEN_CUST_01839,UNSEEN_PAY_005403,payment,payment_failed,17423.8,temporary_bank_failure,independent,,2026-07-21 03:04:42.057072
CASE_003019,UNSEEN_CUST_01840,UNSEEN_SUB_001840,subscription,subscription_failed,16943.9,insufficient_funds,independent,,2026-05-24 20:09:42.241723
CASE_003020,UNSEEN_CUST_01841,UNSEEN_INV_001841,invoice,invoice_overdue,8537.89,authentication_failed,independent,,2026-07-05 20:09:43.676540
CASE_003021,UNSEEN_CUST_01842,UNSEEN_CHK_000997,checkout,checkout_abandoned,5348.62,,independent,,2026-08-12 22:00:42.585900
CASE_003022,UNSEEN_CUST_01842,UNSEEN_PAY_000521,payment,payment_failed,8908.43,temporary_bank_failure,independent,,2026-08-26 16:22:41.826478
CASE_003023,UNSEEN_CUST_01843,UNSEEN_INV_001843,invoice,invoice_overdue,34460.99,insufficient_funds,independent,,2026-06-23 20:09:43.676540
CASE_003024,UNSEEN_CUST_01844,UNSEEN_SUB_001844,subscription,subscription_failed,2366.35,authentication_failed,independent,,2026-03-03 20:09:42.241723
CASE_003025,UNSEEN_CUST_01844,UNSEEN_PAY_004116,payment,payment_failed,16300.27,temporary_bank_failure,independent,,2026-06-02 12:35:42.000077
CASE_003026,UNSEEN_CUST_01845,UNSEEN_SUB_001845,subscription,subscription_failed,13909.0,temporary_bank_failure,independent,,2026-03-27 20:09:42.241723
CASE_003027,UNSEEN_CUST_01845,UNSEEN_CHK_001236,checkout,checkout_abandoned,16749.71,,independent,,2026-06-18 21:22:42.655188
CASE_003028,UNSEEN_CUST_01845,UNSEEN_PAY_004313,payment,payment_failed,8745.13,temporary_bank_failure,independent,,2026-07-10 22:52:42.009066
CASE_003029,UNSEEN_CUST_01846,UNSEEN_SUB_001846,subscription,subscription_failed,14594.2,blocked_instrument,independent,,2026-07-03 20:09:42.241723
CASE_003030,UNSEEN_CUST_01847,UNSEEN_PAY_002635,payment,payment_failed,12987.76,timeout,independent,,2026-08-04 08:45:41.924991
CASE_003031,UNSEEN_CUST_01849,UNSEEN_CHK_000095,checkout,checkout_abandoned,8001.43,,independent,,2026-06-03 03:06:42.314725
CASE_003032,UNSEEN_CUST_01850,UNSEEN_CHK_002915,checkout,checkout_abandoned,38158.07,,independent,,2026-07-28 21:49:43.119538
CASE_003033,UNSEEN_CUST_01850,UNSEEN_CHK_000570,checkout,checkout_abandoned,37906.24,,independent,,2026-08-07 06:51:42.134070
CASE_003034,UNSEEN_CUST_01850,UNSEEN_CHK_003131,checkout,checkout_abandoned,41365.68,,independent,,2026-08-07 08:11:42.134070
CASE_003035,UNSEEN_CUST_01851,UNSEEN_CHK_003457,checkout,checkout_abandoned,10324.03,,independent,,2026-06-13 17:47:43.335542
CASE_003036,UNSEEN_CUST_01853,UNSEEN_SUB_001853,subscription,subscription_failed,6052.08,insufficient_funds,independent,,2026-05-16 20:09:42.241723
CASE_003037,UNSEEN_CUST_01853,UNSEEN_CHK_000417,checkout,checkout_abandoned,5213.97,,independent,,2026-07-07 01:56:42.419199
CASE_003038,UNSEEN_CUST_01855,UNSEEN_CHK_000640,checkout,checkout_abandoned,4041.28,,independent,,2026-07-20 20:42:42.487556
CASE_003039,UNSEEN_CUST_01856,UNSEEN_INV_001856,invoice,invoice_overdue,15717.48,timeout,independent,,2026-04-09 20:09:43.678539
CASE_003040,UNSEEN_CUST_01856,UNSEEN_CHK_000359,checkout,checkout_abandoned,10402.72,,independent,,2026-05-30 21:49:42.400199
CASE_003041,UNSEEN_CUST_01857,UNSEEN_INV_001857,invoice,invoice_overdue,13100.58,insufficient_funds,independent,,2026-04-18 20:09:43.678539
CASE_003042,UNSEEN_CUST_01857,UNSEEN_CHK_000072,checkout,checkout_abandoned,23259.76,,independent,,2026-06-23 16:20:42.111073
CASE_003043,UNSEEN_CUST_01857,UNSEEN_CHK_002052,checkout,checkout_abandoned,34599.15,,independent,,2026-07-13 09:09:42.822458
CASE_003044,UNSEEN_CUST_01857,UNSEEN_PAY_002145,payment,payment_failed,35051.35,temporary_bank_failure,independent,,2026-08-01 22:00:41.902985
CASE_003045,UNSEEN_CUST_01858,UNSEEN_INV_001858,invoice,invoice_overdue,10749.14,unknown_failure,independent,,2026-04-03 20:09:43.679543
CASE_003046,UNSEEN_CUST_01859,UNSEEN_CHK_001416,checkout,checkout_abandoned,42356.65,,independent,,2026-08-24 08:23:42.695187
CASE_003047,UNSEEN_CUST_01860,UNSEEN_PAY_005301,payment,payment_failed,36757.09,expired_instrument,independent,,2026-08-26 01:30:42.053073
CASE_003048,UNSEEN_CUST_01862,UNSEEN_INV_001862,invoice,invoice_overdue,60309.92,timeout,independent,,2026-03-20 20:09:43.679543
CASE_003049,UNSEEN_CUST_01862,UNSEEN_CHK_000103,checkout,checkout_abandoned,18689.59,,independent,,2026-06-26 10:25:42.318725
CASE_003050,UNSEEN_CUST_01863,UNSEEN_PAY_000477,payment,payment_failed,48913.07,risk_decline,independent,,2026-08-11 03:20:41.823475
CASE_003051,UNSEEN_CUST_01864,UNSEEN_PAY_005089,payment,payment_failed,25874.13,temporary_bank_failure,independent,,2026-07-21 00:51:42.042074
CASE_003052,UNSEEN_CUST_01865,UNSEEN_CHK_000353,checkout,checkout_abandoned,11582.79,,independent,,2026-08-05 21:25:42.399199
CASE_003053,UNSEEN_CUST_01868,UNSEEN_CHK_000245,checkout,checkout_abandoned,37345.34,,independent,,2026-06-28 09:06:42.358049
CASE_003054,UNSEEN_CUST_01868,UNSEEN_INV_001868,invoice,invoice_overdue,42817.5,expired_instrument,independent,,2026-07-06 20:09:43.680549
CASE_003055,UNSEEN_CUST_01871,UNSEEN_CHK_001295,checkout,checkout_abandoned,12540.0,,independent,,2026-08-05 06:56:42.674187
CASE_003056,UNSEEN_CUST_01872,UNSEEN_PAY_000569,payment,payment_failed,10555.28,blocked_instrument,independent,,2026-07-01 16:57:41.828478
CASE_003057,UNSEEN_CUST_01872,UNSEEN_PAY_004448,payment,payment_failed,25466.36,authentication_failed,independent,,2026-07-18 16:23:42.015073
CASE_003058,UNSEEN_CUST_01873,UNSEEN_SUB_001873,subscription,subscription_failed,12256.15,insufficient_funds,independent,,2026-03-22 20:09:42.242724
CASE_003059,UNSEEN_CUST_01874,UNSEEN_CHK_003122,checkout,checkout_abandoned,14803.26,,independent,,2026-06-01 00:32:43.200540
CASE_003060,UNSEEN_CUST_01874,UNSEEN_PAY_005147,payment,payment_failed,48771.28,expired_instrument,independent,,2026-06-22 01:55:42.045075
CASE_003061,UNSEEN_CUST_01874,UNSEEN_PAY_003870,payment,payment_failed,47338.48,unknown_failure,independent,,2026-08-14 00:14:41.989077
CASE_003062,UNSEEN_CUST_01875,UNSEEN_PAY_006908,payment,payment_failed,35918.75,temporary_bank_failure,independent,,2026-06-20 19:55:42.131073
CASE_003063,UNSEEN_CUST_01877,UNSEEN_CHK_000092,checkout,checkout_abandoned,8691.47,,independent,,2026-06-24 18:34:42.314725
CASE_003064,UNSEEN_CUST_01877,UNSEEN_CHK_001177,checkout,checkout_abandoned,29871.87,,independent,,2026-07-07 22:45:42.637898
CASE_003065,UNSEEN_CUST_01877,UNSEEN_CHK_000771,checkout,checkout_abandoned,48337.4,,independent,,2026-08-18 03:03:42.522898
CASE_003066,UNSEEN_CUST_01879,UNSEEN_CHK_000821,checkout,checkout_abandoned,14215.86,,independent,,2026-06-21 13:52:42.538903
CASE_003067,UNSEEN_CUST_01879,UNSEEN_SUB_001879,subscription,subscription_failed,13842.24,temporary_bank_failure,independent,,2026-06-28 20:09:42.242724
CASE_003068,UNSEEN_CUST_01879,UNSEEN_PAY_005382,payment,payment_failed,77157.97,risk_decline,independent,,2026-07-18 22:00:42.056078
CASE_003069,UNSEEN_CUST_01880,UNSEEN_SUB_001880,subscription,subscription_failed,4607.42,temporary_bank_failure,independent,,2026-04-24 20:09:42.242724
CASE_003070,UNSEEN_CUST_01880,UNSEEN_PAY_002164,payment,payment_failed,4521.92,temporary_bank_failure,independent,,2026-06-21 02:26:41.903985
CASE_003071,UNSEEN_CUST_01881,UNSEEN_SUB_001881,subscription,subscription_failed,4716.9,temporary_bank_failure,independent,,2026-03-10 20:09:42.242724
CASE_003072,UNSEEN_CUST_01881,UNSEEN_CHK_001096,checkout,checkout_abandoned,29833.43,,independent,,2026-07-31 08:21:42.620947
CASE_003073,UNSEEN_CUST_01881,UNSEEN_INV_001881,invoice,invoice_overdue,31562.36,risk_decline,independent,,2026-08-04 20:09:43.682539
CASE_003074,UNSEEN_CUST_01881,UNSEEN_PAY_005407,payment,payment_failed,29563.87,temporary_bank_failure,independent,,2026-08-05 16:31:42.057072
CASE_003075,UNSEEN_CUST_01882,UNSEEN_PAY_003116,payment,payment_failed,7291.52,temporary_bank_failure,independent,,2026-05-30 02:48:41.948990
CASE_003076,UNSEEN_CUST_01883,UNSEEN_CHK_002419,checkout,checkout_abandoned,24444.3,,independent,,2026-06-07 08:03:42.924541
CASE_003077,UNSEEN_CUST_01884,UNSEEN_CHK_003132,checkout,checkout_abandoned,37076.11,,independent,,2026-07-08 18:09:42.101073
CASE_003078,UNSEEN_CUST_01884,UNSEEN_CHK_001606,checkout,checkout_abandoned,17134.05,,independent,,2026-08-16 09:22:42.734814
CASE_003079,UNSEEN_CUST_01885,UNSEEN_INV_001885,invoice,invoice_overdue,69756.44,authentication_failed,independent,,2026-06-01 20:09:43.683541
CASE_003080,UNSEEN_CUST_01885,UNSEEN_CHK_003157,checkout,checkout_abandoned,35073.75,,independent,,2026-06-29 04:39:43.217538
CASE_003081,UNSEEN_CUST_01885,UNSEEN_PAY_000385,payment,payment_failed,25646.84,temporary_bank_failure,independent,,2026-07-20 23:30:41.816991
CASE_003082,UNSEEN_CUST_01885,UNSEEN_CHK_001380,checkout,checkout_abandoned,26644.02,,independent,,2026-08-14 02:09:42.689187
CASE_003083,UNSEEN_CUST_01886,UNSEEN_SUB_001886,subscription,subscription_failed,13201.87,temporary_bank_failure,independent,,2026-04-08 20:09:42.243813
CASE_003084,UNSEEN_CUST_01886,UNSEEN_PAY_001232,payment,payment_failed,32800.03,blocked_instrument,independent,,2026-07-11 11:35:41.862990
CASE_003085,UNSEEN_CUST_01886,UNSEEN_CHK_000633,checkout,checkout_abandoned,43456.31,,independent,,2026-07-27 00:10:42.484555
CASE_003086,UNSEEN_CUST_01886,UNSEEN_PAY_003228,payment,payment_failed,34620.61,temporary_bank_failure,independent,,2026-08-17 17:01:41.954986
CASE_003087,UNSEEN_CUST_01887,UNSEEN_PAY_001916,payment,payment_failed,61220.35,risk_decline,independent,,2026-06-12 19:20:41.892985
CASE_003088,UNSEEN_CUST_01888,UNSEEN_PAY_002989,payment,payment_failed,19029.96,expired_instrument,independent,,2026-07-02 03:16:41.941986
CASE_003089,UNSEEN_CUST_01888,UNSEEN_INV_001888,invoice,invoice_overdue,11334.2,limit_exceeded,independent,,2026-07-20 20:09:43.683541
CASE_003090,UNSEEN_CUST_01888,UNSEEN_PAY_000237,payment,payment_failed,21664.33,limit_exceeded,independent,,2026-08-03 17:10:41.807579
CASE_003091,UNSEEN_CUST_01888,UNSEEN_CHK_000619,checkout,checkout_abandoned,17230.04,,independent,,2026-08-04 15:21:42.483555
CASE_003092,UNSEEN_CUST_01888,UNSEEN_PAY_001177,payment,payment_failed,3631.93,unknown_failure,independent,,2026-08-04 18:44:41.860992
CASE_003093,UNSEEN_CUST_01888,UNSEEN_CHK_000653,checkout,checkout_abandoned,36358.4,,independent,,2026-08-14 06:47:42.492555
CASE_003094,UNSEEN_CUST_01889,UNSEEN_PAY_003629,payment,payment_failed,32116.73,insufficient_funds,independent,,2026-06-10 02:26:41.978068
CASE_003095,UNSEEN_CUST_01890,UNSEEN_PAY_005481,payment,payment_failed,18415.59,unknown_failure,independent,,2026-08-13 05:45:42.060071
CASE_003096,UNSEEN_CUST_01890,UNSEEN_PAY_004247,payment,payment_failed,48948.66,insufficient_funds,independent,,2026-08-14 11:53:42.005987
CASE_003097,UNSEEN_CUST_01891,UNSEEN_SUB_001891,subscription,subscription_failed,7132.3,authentication_failed,independent,,2026-06-12 20:09:42.243813
CASE_003098,UNSEEN_CUST_01892,UNSEEN_CHK_001012,checkout,checkout_abandoned,17590.22,,independent,,2026-06-07 09:50:42.590985
CASE_003099,UNSEEN_CUST_01892,UNSEEN_INV_001892,invoice,invoice_overdue,21990.53,timeout,independent,,2026-06-15 20:09:43.684572
CASE_003100,UNSEEN_CUST_01892,UNSEEN_PAY_003171,payment,payment_failed,10268.32,unknown_failure,independent,,2026-08-05 14:04:41.951990
CASE_003101,UNSEEN_CUST_01893,UNSEEN_PAY_000684,payment,payment_failed,7071.73,insufficient_funds,independent,,2026-07-05 21:36:41.835479
CASE_003102,UNSEEN_CUST_01894,UNSEEN_CHK_003277,checkout,checkout_abandoned,42779.07,,independent,,2026-06-01 07:18:43.268542
CASE_003103,UNSEEN_CUST_01894,UNSEEN_PAY_001789,payment,payment_failed,45990.68,unknown_failure,independent,,2026-07-06 03:54:41.887985
CASE_003104,UNSEEN_CUST_01894,UNSEEN_PAY_001193,payment,payment_failed,16012.59,temporary_bank_failure,independent,,2026-07-24 02:45:41.861991
CASE_003105,UNSEEN_CUST_01895,UNSEEN_PAY_002839,payment,payment_failed,37527.17,timeout,independent,,2026-06-15 10:50:41.933989
CASE_003106,UNSEEN_CUST_01895,UNSEEN_PAY_005358,payment,payment_failed,42109.47,blocked_instrument,independent,,2026-06-16 17:08:42.055072
CASE_003107,UNSEEN_CUST_01895,UNSEEN_PAY_001491,payment,payment_failed,38380.27,temporary_bank_failure,independent,,2026-08-04 18:00:41.874986
CASE_003108,UNSEEN_CUST_01895,UNSEEN_INV_001895,invoice,invoice_overdue,21768.08,insufficient_funds,independent,,2026-08-07 20:09:43.684572
CASE_003109,UNSEEN_CUST_01896,UNSEEN_CHK_000356,checkout,checkout_abandoned,8906.31,,independent,,2026-07-16 15:29:42.399199
CASE_003110,UNSEEN_CUST_01897,UNSEEN_CHK_002345,checkout,checkout_abandoned,4095.48,,independent,,2026-06-22 12:18:42.896543
CASE_003111,UNSEEN_CUST_01897,UNSEEN_SUB_001897,subscription,subscription_failed,11869.93,temporary_bank_failure,independent,,2026-07-02 20:09:42.243813
CASE_003112,UNSEEN_CUST_01897,UNSEEN_PAY_002241,payment,payment_failed,23333.04,unknown_failure,independent,,2026-07-02 22:26:41.906985
CASE_003113,UNSEEN_CUST_01897,UNSEEN_PAY_003249,payment,payment_failed,17576.86,authentication_failed,independent,,2026-08-03 00:02:41.955987
CASE_003114,UNSEEN_CUST_01898,UNSEEN_SUB_001898,subscription,subscription_failed,9604.15,insufficient_funds,independent,,2026-06-23 20:09:42.243813
CASE_003115,UNSEEN_CUST_01899,UNSEEN_PAY_001642,payment,payment_failed,12062.3,temporary_bank_failure,independent,,2026-07-19 10:06:41.880985
CASE_003116,UNSEEN_CUST_01899,UNSEEN_CHK_000408,checkout,checkout_abandoned,41668.3,,independent,,2026-08-20 04:03:42.417199
CASE_003117,UNSEEN_CUST_01900,UNSEEN_PAY_002589,payment,payment_failed,45421.68,timeout,independent,,2026-06-17 03:34:41.922985
CASE_003118,UNSEEN_CUST_01900,UNSEEN_CHK_000181,checkout,checkout_abandoned,7668.5,,independent,,2026-07-06 12:59:42.341835
CASE_003119,UNSEEN_CUST_01900,UNSEEN_CHK_000963,checkout,checkout_abandoned,6525.99,,independent,,2026-07-24 00:02:42.574900
CASE_003120,UNSEEN_CUST_01900,UNSEEN_SUB_001900,subscription,subscription_failed,6094.47,timeout,independent,,2026-08-02 20:09:42.243813
CASE_003121,UNSEEN_CUST_01900,UNSEEN_PAY_001847,payment,payment_failed,45476.59,risk_decline,independent,,2026-08-21 17:29:41.889985
CASE_003122,UNSEEN_CUST_01902,UNSEEN_INV_001902,invoice,invoice_overdue,42881.34,insufficient_funds,independent,,2026-06-10 20:09:43.685544
CASE_003123,UNSEEN_CUST_01903,UNSEEN_SUB_001903,subscription,subscription_failed,2824.43,temporary_bank_failure,independent,,2026-06-28 20:09:42.243813
CASE_003124,UNSEEN_CUST_01904,UNSEEN_INV_001904,invoice,invoice_overdue,131780.29,unknown_failure,independent,,2026-04-15 20:09:43.686543
CASE_003125,UNSEEN_CUST_01905,UNSEEN_CHK_001574,checkout,checkout_abandoned,8456.59,,independent,,2026-08-12 01:55:42.727814
CASE_003126,UNSEEN_CUST_01905,UNSEEN_PAY_000801,payment,payment_failed,32028.22,insufficient_funds,independent,,2026-08-26 19:43:41.841479
CASE_003127,UNSEEN_CUST_01906,UNSEEN_INV_001906,invoice,invoice_overdue,60075.51,authentication_failed,independent,,2026-04-18 20:09:43.686543
CASE_003128,UNSEEN_CUST_01906,UNSEEN_CHK_000447,checkout,checkout_abandoned,30565.06,,independent,,2026-05-31 20:37:42.426199
CASE_003129,UNSEEN_CUST_01906,UNSEEN_CHK_001751,checkout,checkout_abandoned,19193.95,,independent,,2026-06-04 22:04:42.758814
CASE_003130,UNSEEN_CUST_01906,UNSEEN_CHK_000946,checkout,checkout_abandoned,42352.82,,independent,,2026-07-06 16:35:42.569978
CASE_003131,UNSEEN_CUST_01907,UNSEEN_PAY_004737,payment,payment_failed,2234.57,authentication_failed,independent,,2026-07-09 15:03:42.028074
CASE_003132,UNSEEN_CUST_01908,UNSEEN_CHK_001113,checkout,checkout_abandoned,42328.01,,independent,,2026-06-05 05:39:42.621945
CASE_003133,UNSEEN_CUST_01909,UNSEEN_INV_001909,invoice,invoice_overdue,23260.32,timeout,independent,,2026-04-13 20:09:43.686543
CASE_003134,UNSEEN_CUST_01910,UNSEEN_CHK_001959,checkout,checkout_abandoned,36037.58,,independent,,2026-07-17 18:31:42.803458
CASE_003135,UNSEEN_CUST_01911,UNSEEN_PAY_005467,payment,payment_failed,44144.14,blocked_instrument,independent,,2026-07-25 09:19:42.059075
CASE_003136,UNSEEN_CUST_01912,UNSEEN_CHK_001453,checkout,checkout_abandoned,21084.16,,independent,,2026-07-25 00:50:42.700187
CASE_003137,UNSEEN_CUST_01913,UNSEEN_CHK_000351,checkout,checkout_abandoned,37438.51,,independent,,2026-06-28 01:33:42.399199
CASE_003138,UNSEEN_CUST_01913,UNSEEN_INV_001913,invoice,invoice_overdue,10843.73,insufficient_funds,independent,,2026-07-16 20:09:43.687543
CASE_003139,UNSEEN_CUST_01916,UNSEEN_CHK_002190,checkout,checkout_abandoned,709.95,,independent,,2026-06-15 21:12:42.855458
CASE_003140,UNSEEN_CUST_01916,UNSEEN_PAY_006177,payment,payment_failed,7193.37,insufficient_funds,independent,,2026-08-08 17:36:42.096069
CASE_003141,UNSEEN_CUST_01916,UNSEEN_CHK_003013,checkout,checkout_abandoned,18488.46,,independent,,2026-08-09 17:17:43.148540
CASE_003142,UNSEEN_CUST_01917,UNSEEN_CHK_002198,checkout,checkout_abandoned,21931.24,,independent,,2026-07-19 23:30:42.857458
CASE_003143,UNSEEN_CUST_01918,UNSEEN_PAY_004006,payment,payment_failed,12846.75,insufficient_funds,independent,,2026-07-15 15:05:41.994987
CASE_003144,UNSEEN_CUST_01918,UNSEEN_PAY_001344,payment,payment_failed,11689.0,unknown_failure,independent,,2026-07-16 19:02:41.867990
CASE_003145,UNSEEN_CUST_01919,UNSEEN_INV_001919,invoice,invoice_overdue,11525.36,risk_decline,independent,,2026-06-24 20:09:43.688539
CASE_003146,UNSEEN_CUST_01920,UNSEEN_INV_001920,invoice,invoice_overdue,36034.65,timeout,independent,,2026-04-18 20:09:43.688539
CASE_003147,UNSEEN_CUST_01920,UNSEEN_CHK_003214,checkout,checkout_abandoned,11687.18,,independent,,2026-08-18 16:46:43.241537
CASE_003148,UNSEEN_CUST_01921,UNSEEN_CHK_001536,checkout,checkout_abandoned,51120.51,,independent,,2026-07-15 21:07:42.044069
CASE_003149,UNSEEN_CUST_01921,UNSEEN_SUB_001921,subscription,subscription_failed,7277.33,insufficient_funds,independent,,2026-07-18 20:09:42.244810
CASE_003150,UNSEEN_CUST_01924,UNSEEN_CHK_002131,checkout,checkout_abandoned,28097.94,,independent,,2026-07-16 20:03:42.841458
CASE_003151,UNSEEN_CUST_01924,UNSEEN_CHK_001485,checkout,checkout_abandoned,5297.98,,independent,,2026-07-29 12:33:42.707187
CASE_003152,UNSEEN_CUST_01925,UNSEEN_CHK_000184,checkout,checkout_abandoned,63775.17,,independent,,2026-06-01 18:19:42.341835
CASE_003153,UNSEEN_CUST_01925,UNSEEN_CHK_000836,checkout,checkout_abandoned,14366.33,,independent,,2026-06-23 15:51:42.543983
CASE_003154,UNSEEN_CUST_01926,UNSEEN_SUB_001926,subscription,subscription_failed,15354.47,temporary_bank_failure,independent,,2026-03-11 20:09:42.244810
CASE_003155,UNSEEN_CUST_01926,UNSEEN_PAY_003814,payment,payment_failed,43150.76,unknown_failure,independent,,2026-06-21 02:36:41.987068
CASE_003156,UNSEEN_CUST_01927,UNSEEN_INV_001927,invoice,invoice_overdue,21397.45,authentication_failed,independent,,2026-03-22 20:09:43.690543
CASE_003157,UNSEEN_CUST_01927,UNSEEN_PAY_001334,payment,payment_failed,11409.9,insufficient_funds,independent,,2026-06-29 18:19:41.867990
CASE_003158,UNSEEN_CUST_01928,UNSEEN_INV_001928,invoice,invoice_overdue,17874.57,temporary_bank_failure,independent,,2026-03-01 20:09:43.690543
CASE_003159,UNSEEN_CUST_01928,UNSEEN_PAY_002440,payment,payment_failed,46404.05,insufficient_funds,independent,,2026-07-02 12:21:41.914985
CASE_003160,UNSEEN_CUST_01929,UNSEEN_PAY_001503,payment,payment_failed,7301.35,insufficient_funds,independent,,2026-07-26 02:57:41.875985
CASE_003161,UNSEEN_CUST_01930,UNSEEN_SUB_001930,subscription,subscription_failed,6943.08,unknown_failure,independent,,2026-07-06 20:09:42.244810
CASE_003162,UNSEEN_CUST_01930,UNSEEN_PAY_002647,payment,payment_failed,10362.53,risk_decline,independent,,2026-07-08 02:32:41.924991
CASE_003163,UNSEEN_CUST_01931,UNSEEN_PAY_001234,payment,payment_failed,33940.91,authentication_failed,independent,,2026-05-29 00:19:41.862990
CASE_003164,UNSEEN_CUST_01933,UNSEEN_INV_001933,invoice,invoice_overdue,11403.99,authentication_failed,independent,,2026-04-05 20:09:43.691544
CASE_003165,UNSEEN_CUST_01933,UNSEEN_SUB_001933,subscription,subscription_failed,2976.67,temporary_bank_failure,independent,,2026-05-19 20:09:42.244810
CASE_003166,UNSEEN_CUST_01933,UNSEEN_CHK_001155,checkout,checkout_abandoned,39561.96,,independent,,2026-07-02 09:55:42.632988
CASE_003167,UNSEEN_CUST_01933,UNSEEN_PAY_005962,payment,payment_failed,24776.71,insufficient_funds,independent,,2026-07-28 22:49:42.083070
CASE_003168,UNSEEN_CUST_01934,UNSEEN_PAY_004701,payment,payment_failed,37247.95,risk_decline,independent,,2026-06-02 06:58:42.025997
CASE_003169,UNSEEN_CUST_01935,UNSEEN_PAY_000756,payment,payment_failed,5239.15,insufficient_funds,independent,,2026-07-16 09:43:41.838479
CASE_003170,UNSEEN_CUST_01938,UNSEEN_PAY_000779,payment,payment_failed,41924.92,authentication_failed,independent,,2026-07-27 08:41:41.840478
CASE_003171,UNSEEN_CUST_01939,UNSEEN_CHK_002958,checkout,checkout_abandoned,10983.79,,independent,,2026-07-05 04:55:43.129543
CASE_003172,UNSEEN_CUST_01939,UNSEEN_CHK_003229,checkout,checkout_abandoned,10702.92,,independent,,2026-08-01 22:54:43.248542
CASE_003173,UNSEEN_CUST_01940,UNSEEN_PAY_003254,payment,payment_failed,19447.95,limit_exceeded,independent,,2026-07-24 16:29:41.956992
CASE_003174,UNSEEN_CUST_01941,UNSEEN_PAY_004921,payment,payment_failed,9585.46,authentication_failed,independent,,2026-06-21 21:06:42.035074
CASE_003175,UNSEEN_CUST_01941,UNSEEN_CHK_000176,checkout,checkout_abandoned,21556.97,,independent,,2026-06-29 06:42:42.338836
CASE_003176,UNSEEN_CUST_01942,UNSEEN_CHK_000380,checkout,checkout_abandoned,90772.92,,independent,,2026-06-21 01:07:42.409200
CASE_003177,UNSEEN_CUST_01942,UNSEEN_CHK_003215,checkout,checkout_abandoned,24386.63,,independent,,2026-06-22 12:41:41.929989
CASE_003178,UNSEEN_CUST_01942,UNSEEN_PAY_004450,payment,payment_failed,26107.98,expired_instrument,independent,,2026-08-05 01:05:42.015073
CASE_003179,UNSEEN_CUST_01943,UNSEEN_INV_001943,invoice,invoice_overdue,18757.65,blocked_instrument,independent,,2026-04-24 20:09:43.692542
CASE_003180,UNSEEN_CUST_01944,UNSEEN_CHK_000143,checkout,checkout_abandoned,17097.49,,independent,,2026-08-02 11:56:42.328917
CASE_003181,UNSEEN_CUST_01944,UNSEEN_CHK_001674,checkout,checkout_abandoned,32336.01,,independent,,2026-08-03 10:19:42.745814
CASE_003182,UNSEEN_CUST_01945,UNSEEN_SUB_001945,subscription,subscription_failed,14221.11,temporary_bank_failure,independent,,2026-06-04 20:09:42.245809
CASE_003183,UNSEEN_CUST_01948,UNSEEN_INV_001948,invoice,invoice_overdue,139136.63,insufficient_funds,independent,,2026-06-23 20:09:43.693542
CASE_003184,UNSEEN_CUST_01948,UNSEEN_CHK_002615,checkout,checkout_abandoned,90265.76,,independent,,2026-07-24 06:16:43.002546
CASE_003185,UNSEEN_CUST_01949,UNSEEN_PAY_001970,payment,payment_failed,18584.26,risk_decline,independent,,2026-07-11 02:44:41.894985
CASE_003186,UNSEEN_CUST_01950,UNSEEN_INV_001950,invoice,invoice_overdue,21704.99,authentication_failed,independent,,2026-03-28 20:09:43.693542
CASE_003187,UNSEEN_CUST_01950,UNSEEN_CHK_002651,checkout,checkout_abandoned,17580.03,,independent,,2026-07-23 12:29:43.024540
CASE_003188,UNSEEN_CUST_01950,UNSEEN_CHK_001610,checkout,checkout_abandoned,44171.78,,independent,,2026-07-23 20:59:42.734814
CASE_003189,UNSEEN_CUST_01951,UNSEEN_PAY_000032,payment,payment_failed,31119.86,timeout,independent,,2026-07-29 12:21:41.796577
CASE_003190,UNSEEN_CUST_01951,UNSEEN_PAY_001062,payment,payment_failed,39185.32,insufficient_funds,independent,,2026-08-06 03:58:41.854479
CASE_003191,UNSEEN_CUST_01952,UNSEEN_PAY_000790,payment,payment_failed,30507.44,unknown_failure,independent,,2026-07-03 04:32:41.841479
CASE_003192,UNSEEN_CUST_01952,UNSEEN_PAY_000981,payment,payment_failed,4959.43,temporary_bank_failure,independent,,2026-07-07 00:05:41.851478
CASE_003193,UNSEEN_CUST_01952,UNSEEN_CHK_003387,checkout,checkout_abandoned,44345.0,,independent,,2026-07-09 03:32:43.309542
CASE_003194,UNSEEN_CUST_01952,UNSEEN_PAY_003860,payment,payment_failed,46875.99,insufficient_funds,independent,,2026-07-30 02:37:41.989077
CASE_003195,UNSEEN_CUST_01953,UNSEEN_CHK_003285,checkout,checkout_abandoned,46780.85,,independent,,2026-07-12 11:27:43.271537
CASE_003196,UNSEEN_CUST_01954,UNSEEN_SUB_001954,subscription,subscription_failed,3121.4,insufficient_funds,independent,,2026-06-02 20:09:42.245809
CASE_003197,UNSEEN_CUST_01954,UNSEEN_CHK_001245,checkout,checkout_abandoned,1461.01,,independent,,2026-07-12 01:00:42.659189
CASE_003198,UNSEEN_CUST_01954,UNSEEN_PAY_003934,payment,payment_failed,21711.14,temporary_bank_failure,independent,,2026-07-18 04:20:41.992078
CASE_003199,UNSEEN_CUST_01954,UNSEEN_INV_001954,invoice,invoice_overdue,66060.24,temporary_bank_failure,independent,,2026-08-22 20:09:43.694545
CASE_003200,UNSEEN_CUST_01955,UNSEEN_PAY_003781,payment,payment_failed,3132.04,insufficient_funds,independent,,2026-08-12 14:58:41.985074
CASE_003201,UNSEEN_CUST_01957,UNSEEN_CHK_000194,checkout,checkout_abandoned,35991.66,,independent,,2026-07-23 16:29:42.345835
CASE_003202,UNSEEN_CUST_01957,UNSEEN_CHK_001384,checkout,checkout_abandoned,82932.7,,independent,,2026-08-18 23:22:42.690187
CASE_003203,UNSEEN_CUST_01959,UNSEEN_CHK_000022,checkout,checkout_abandoned,23926.41,,independent,,2026-06-23 04:00:42.289725
CASE_003204,UNSEEN_CUST_01959,UNSEEN_PAY_001507,payment,payment_failed,40337.58,unknown_failure,independent,,2026-07-08 04:18:41.875985
CASE_003205,UNSEEN_CUST_01959,UNSEEN_CHK_001566,checkout,checkout_abandoned,27420.86,,independent,,2026-07-11 22:55:42.725814
CASE_003206,UNSEEN_CUST_01960,UNSEEN_PAY_005668,payment,payment_failed,17552.95,timeout,independent,,2026-06-29 15:32:42.069066
CASE_003207,UNSEEN_CUST_01960,UNSEEN_CHK_003341,checkout,checkout_abandoned,43999.0,,independent,,2026-08-13 03:15:43.288536
CASE_003208,UNSEEN_CUST_01961,UNSEEN_CHK_002576,checkout,checkout_abandoned,4398.12,,independent,,2026-05-27 20:43:42.982537
CASE_003209,UNSEEN_CUST_01962,UNSEEN_INV_001962,invoice,invoice_overdue,106767.96,temporary_bank_failure,independent,,2026-06-15 20:09:43.695542
CASE_003210,UNSEEN_CUST_01963,UNSEEN_SUB_001963,subscription,subscription_failed,2673.72,temporary_bank_failure,independent,,2026-03-20 20:09:42.246810
CASE_003211,UNSEEN_CUST_01964,UNSEEN_PAY_006518,payment,payment_failed,1257.39,timeout,independent,,2026-08-26 01:20:42.114077
CASE_003212,UNSEEN_CUST_01965,UNSEEN_INV_001965,invoice,invoice_overdue,18916.38,unknown_failure,independent,,2026-03-04 20:09:43.695542
CASE_003213,UNSEEN_CUST_01965,UNSEEN_PAY_000354,payment,payment_failed,49267.46,temporary_bank_failure,independent,,2026-06-12 12:02:41.814992
CASE_003214,UNSEEN_CUST_01966,UNSEEN_INV_001966,invoice,invoice_overdue,15193.34,insufficient_funds,independent,,2026-05-27 20:09:43.696548
CASE_003215,UNSEEN_CUST_01966,UNSEEN_PAY_000496,payment,payment_failed,48387.05,risk_decline,independent,,2026-07-08 21:08:41.824479
CASE_003216,UNSEEN_CUST_01967,UNSEEN_PAY_006591,payment,payment_failed,38544.24,insufficient_funds,independent,,2026-07-08 21:20:42.117069
CASE_003217,UNSEEN_CUST_01968,UNSEEN_CHK_000367,checkout,checkout_abandoned,23051.24,,independent,,2026-06-04 12:59:42.405201
CASE_003218,UNSEEN_CUST_01968,UNSEEN_CHK_000299,checkout,checkout_abandoned,10187.41,,independent,,2026-06-06 15:05:42.379050
CASE_003219,UNSEEN_CUST_01969,UNSEEN_CHK_001577,checkout,checkout_abandoned,12788.25,,independent,,2026-07-27 23:23:42.727814
CASE_003220,UNSEEN_CUST_01971,UNSEEN_CHK_002455,checkout,checkout_abandoned,20180.25,,independent,,2026-06-01 08:17:42.941547
CASE_003221,UNSEEN_CUST_01971,UNSEEN_CHK_000685,checkout,checkout_abandoned,48708.07,,independent,,2026-07-13 11:47:42.501555
CASE_003222,UNSEEN_CUST_01971,UNSEEN_SUB_001971,subscription,subscription_failed,2987.15,limit_exceeded,independent,,2026-07-14 20:09:42.246810
CASE_003223,UNSEEN_CUST_01971,UNSEEN_INV_001971,invoice,invoice_overdue,31997.92,blocked_instrument,independent,,2026-08-07 20:09:43.696548
CASE_003224,UNSEEN_CUST_01971,UNSEEN_CHK_000284,checkout,checkout_abandoned,35119.71,,independent,,2026-08-26 12:57:42.371052
CASE_003225,UNSEEN_CUST_01972,UNSEEN_PAY_001963,payment,payment_failed,26330.22,temporary_bank_failure,independent,,2026-08-16 04:03:41.894985
CASE_003226,UNSEEN_CUST_01974,UNSEEN_SUB_001974,subscription,subscription_failed,7828.68,expired_instrument,independent,,2026-07-10 20:09:42.246810
CASE_003227,UNSEEN_CUST_01975,UNSEEN_SUB_001975,subscription,subscription_failed,6430.64,expired_instrument,independent,,2026-05-30 20:09:42.246810
CASE_003228,UNSEEN_CUST_01976,UNSEEN_PAY_000190,payment,payment_failed,2767.25,insufficient_funds,independent,,2026-06-30 19:18:41.805579
CASE_003229,UNSEEN_CUST_01979,UNSEEN_CHK_000319,checkout,checkout_abandoned,23089.63,,independent,,2026-06-15 20:48:42.387050
CASE_003230,UNSEEN_CUST_01980,UNSEEN_SUB_001980,subscription,subscription_failed,13928.09,temporary_bank_failure,independent,,2026-04-25 20:09:42.246810
CASE_003231,UNSEEN_CUST_01980,UNSEEN_PAY_000509,payment,payment_failed,45091.67,timeout,independent,,2026-06-23 16:54:41.825479
CASE_003232,UNSEEN_CUST_01981,UNSEEN_INV_001981,invoice,invoice_overdue,14095.76,temporary_bank_failure,independent,,2026-05-16 20:09:43.698544
CASE_003233,UNSEEN_CUST_01982,UNSEEN_CHK_000159,checkout,checkout_abandoned,34974.18,,independent,,2026-06-08 22:38:42.334835
CASE_003234,UNSEEN_CUST_01982,UNSEEN_CHK_000891,checkout,checkout_abandoned,8096.95,,independent,,2026-08-15 11:18:42.560979
CASE_003235,UNSEEN_CUST_01983,UNSEEN_INV_001983,invoice,invoice_overdue,49011.84,risk_decline,independent,,2026-08-11 20:09:43.698544
CASE_003236,UNSEEN_CUST_01983,UNSEEN_PAY_004960,payment,payment_failed,82551.7,risk_decline,independent,,2026-08-19 06:07:42.037077
CASE_003237,UNSEEN_CUST_01984,UNSEEN_SUB_001984,subscription,subscription_failed,4724.79,risk_decline,independent,,2026-04-28 20:09:42.247804
CASE_003238,UNSEEN_CUST_01984,UNSEEN_PAY_006859,payment,payment_failed,3783.46,temporary_bank_failure,independent,,2026-07-17 04:30:42.129078
CASE_003239,UNSEEN_CUST_01985,UNSEEN_SUB_001985,subscription,subscription_failed,5044.49,expired_instrument,independent,,2026-06-03 20:09:42.247804
CASE_003240,UNSEEN_CUST_01985,UNSEEN_INV_001985,invoice,invoice_overdue,14253.18,insufficient_funds,independent,,2026-06-14 20:09:43.699541
CASE_003241,UNSEEN_CUST_01986,UNSEEN_CHK_000336,checkout,checkout_abandoned,15215.47,,independent,,2026-08-21 01:06:42.391204
CASE_003242,UNSEEN_CUST_01987,UNSEEN_SUB_001987,subscription,subscription_failed,16392.79,insufficient_funds,independent,,2026-03-27 20:09:42.247804
CASE_003243,UNSEEN_CUST_01987,UNSEEN_CHK_001609,checkout,checkout_abandoned,67403.87,,independent,,2026-08-08 09:58:42.734814
CASE_003244,UNSEEN_CUST_01988,UNSEEN_PAY_006736,payment,payment_failed,9251.78,authentication_failed,independent,,2026-06-23 15:10:42.122986
CASE_003245,UNSEEN_CUST_01989,UNSEEN_INV_001989,invoice,invoice_overdue,10361.18,limit_exceeded,independent,,2026-07-07 20:09:43.699541
CASE_003246,UNSEEN_CUST_01989,UNSEEN_CHK_001900,checkout,checkout_abandoned,7444.82,,independent,,2026-07-17 18:11:42.792814
CASE_003247,UNSEEN_CUST_01992,UNSEEN_PAY_001496,payment,payment_failed,48947.75,limit_exceeded,independent,,2026-05-31 16:30:41.874986
CASE_003248,UNSEEN_CUST_01992,UNSEEN_CHK_000803,checkout,checkout_abandoned,10683.9,,independent,,2026-06-26 17:13:42.532902
CASE_003249,UNSEEN_CUST_01992,UNSEEN_CHK_001845,checkout,checkout_abandoned,16085.24,,independent,,2026-08-02 02:39:42.785814
CASE_003250,UNSEEN_CUST_01992,UNSEEN_CHK_001315,checkout,checkout_abandoned,48069.09,,independent,,2026-08-07 11:48:42.677187
CASE_003251,UNSEEN_CUST_01993,UNSEEN_INV_001993,invoice,invoice_overdue,22052.6,limit_exceeded,independent,,2026-02-28 20:09:43.700547
CASE_003252,UNSEEN_CUST_01993,UNSEEN_CHK_000710,checkout,checkout_abandoned,14119.44,,independent,,2026-07-11 23:18:42.508899
CASE_003253,UNSEEN_CUST_01993,UNSEEN_CHK_001316,checkout,checkout_abandoned,17764.27,,independent,,2026-07-14 16:27:42.677187
CASE_003254,UNSEEN_CUST_01994,UNSEEN_SUB_001994,subscription,subscription_failed,24258.89,temporary_bank_failure,independent,,2026-03-07 20:09:42.247804
CASE_003255,UNSEEN_CUST_01995,UNSEEN_CHK_003195,checkout,checkout_abandoned,27351.6,,independent,,2026-05-30 20:22:43.233536
CASE_003256,UNSEEN_CUST_01995,UNSEEN_PAY_006830,payment,payment_failed,28698.58,expired_instrument,independent,,2026-08-17 18:01:42.127071
CASE_003257,UNSEEN_CUST_01996,UNSEEN_CHK_001867,checkout,checkout_abandoned,54620.77,,independent,,2026-08-06 20:45:42.788813
CASE_003258,UNSEEN_CUST_01997,UNSEEN_CHK_001419,checkout,checkout_abandoned,38551.9,,independent,,2026-07-10 08:57:42.696187
CASE_003259,UNSEEN_CUST_01997,UNSEEN_CHK_000606,checkout,checkout_abandoned,21769.91,,independent,,2026-07-27 18:29:42.479555
CASE_003260,UNSEEN_CUST_01997,UNSEEN_PAY_000363,payment,payment_failed,15859.93,insufficient_funds,independent,,2026-08-09 05:29:41.815991
CASE_003261,UNSEEN_CUST_01999,UNSEEN_CHK_001049,checkout,checkout_abandoned,42975.17,,independent,,2026-06-23 23:02:42.603898
CASE_003262,UNSEEN_CUST_01999,UNSEEN_PAY_005506,payment,payment_failed,68013.43,authentication_failed,independent,,2026-07-11 01:19:42.061077
