case_id,customer_id,action,recovered,recovered_amount,attempts
CASE_000001,CUST_01698,retry,False,0.0,1
CASE_000002,CUST_01132,retry,True,13042.46,1
CASE_000003,CUST_01561,retry,False,0.0,1
CASE_000004,CUST_00126,retry,False,0.0,1
CASE_000005,CUST_00495,retry,False,0.0,1
CASE_000006,CUST_00484,retry,True,19108.54,1
CASE_000007,CUST_00758,retry,False,0.0,1
CASE_000008,CUST_00825,retry,True,54006.26,1
CASE_000009,CUST_00443,retry,False,0.0,1
CASE_000010,CUST_01786,retry,True,7189.61,1
CASE_000011,CUST_00672,retry,False,0.0,1
CASE_000012,CUST_01554,retry,False,0.0,1
CASE_000013,CUST_00385,retry,False,0.0,1
CASE_000014,CUST_00056,retry,False,0.0,1
CASE_000015,CUST_01630,retry,True,15404.32,1
CASE_000016,CUST_00618,retry,False,0.0,1
CASE_000017,CUST_00856,retry,False,0.0,1
CASE_000018,CUST_01884,retry,False,0.0,1
CASE_000019,CUST_01682,retry,False,0.0,1
CASE_000020,CUST_01943,retry,False,0.0,1
CASE_000021,CUST_00899,retry,True,8465.23,1
CASE_000022,CUST_00257,retry,False,0.0,1
CASE_000023,CUST_00685,retry,True,12992.05,1
CASE_000024,CUST_00721,retry,False,0.0,1
CASE_000025,CUST_01775,retry,False,0.0,1
CASE_000026,CUST_00516,retry,False,0.0,1
CASE_000027,CUST_01995,retry,False,0.0,1
CASE_000028,CUST_01525,retry,False,0.0,1
CASE_000029,CUST_01370,retry,False,0.0,1
CASE_000030,CUST_00748,retry,False,0.0,1
CASE_000031,CUST_01494,retry,True,40773.77,1
CASE_000032,CUST_01955,retry,True,14019.67,1
CASE_000033,CUST_01446,retry,False,0.0,1
CASE_000034,CUST_00790,retry,False,0.0,1
CASE_000035,CUST_00935,retry,False,0.0,1
CASE_000036,CUST_00726,retry,False,0.0,1
CASE_000037,CUST_01616,retry,True,41435.35,1
CASE_000038,CUST_01497,retry,False,0.0,1
CASE_000039,CUST_00927,retry,False,0.0,1
CASE_000040,CUST_01973,retry,True,16512.68,1
CASE_000041,CUST_00275,retry,False,0.0,1
CASE_000042,CUST_00665,retry,True,33671.45,1
CASE_000043,CUST_01604,retry,False,0.0,1
CASE_000044,CUST_01094,retry,True,16785.24,1
CASE_000045,CUST_00124,retry,False,0.0,1
CASE_000046,CUST_01196,retry,True,39690.25,1
CASE_000047,CUST_01064,retry,False,0.0,1
CASE_000048,CUST_01297,retry,False,0.0,1
CASE_000049,CUST_00394,retry,True,30067.05,1
CASE_000050,CUST_01604,retry,False,0.0,1
CASE_000051,CUST_01044,retry,True,16695.03,1
CASE_000052,CUST_00184,retry,True,42955.24,1
CASE_000053,CUST_01852,retry,False,0.0,1
CASE_000054,CUST_00435,retry,True,5481.62,1
CASE_000055,CUST_00067,retry,False,0.0,1
CASE_000056,CUST_00009,retry,False,0.0,1
CASE_000057,CUST_01859,retry,False,0.0,1
CASE_000058,CUST_01136,retry,False,0.0,1
CASE_000059,CUST_00280,retry,True,91833.35,1
CASE_000060,CUST_01358,retry,False,0.0,1
CASE_000061,CUST_00830,retry,False,0.0,1
CASE_000062,CUST_00953,retry,True,38867.89,1
CASE_000063,CUST_00151,retry,False,0.0,1
CASE_000064,CUST_01831,retry,False,0.0,1
CASE_000065,CUST_00325,retry,True,48965.38,1
CASE_000066,CUST_00627,retry,False,0.0,1
CASE_000067,CUST_00280,retry,True,19461.02,1
CASE_000068,CUST_00965,retry,False,0.0,1
CASE_000069,CUST_01347,retry,False,0.0,1
CASE_000070,CUST_01735,retry,False,0.0,1
CASE_000071,CUST_01541,retry,False,0.0,1
CASE_000072,CUST_01870,retry,False,0.0,1
CASE_000073,CUST_01268,retry,True,84914.28,1
CASE_000074,CUST_01012,retry,False,0.0,1
CASE_000075,CUST_01659,retry,False,0.0,1
CASE_000076,CUST_00858,retry,False,0.0,1
CASE_000077,CUST_00241,retry,True,13017.55,1
CASE_000078,CUST_01837,retry,False,0.0,1
CASE_000079,CUST_00269,retry,True,26460.05,1
CASE_000080,CUST_00209,retry,False,0.0,1
CASE_000081,CUST_00454,retry,False,0.0,1
CASE_000082,CUST_01144,retry,False,0.0,1
CASE_000083,CUST_00691,retry,False,0.0,1
CASE_000084,CUST_00825,retry,False,0.0,1
CASE_000085,CUST_00893,retry,False,0.0,1
CASE_000086,CUST_01289,retry,True,15109.11,1
CASE_000087,CUST_00410,retry,False,0.0,1
CASE_000088,CUST_01824,retry,False,0.0,1
CASE_000089,CUST_00150,retry,False,0.0,1
CASE_000090,CUST_01144,retry,False,0.0,1
CASE_000091,CUST_01169,retry,True,12519.3,1
CASE_000092,CUST_00814,retry,True,49096.47,1
CASE_000093,CUST_00087,retry,True,19123.32,1
CASE_000094,CUST_01603,retry,True,49898.51,1
CASE_000095,CUST_01944,retry,False,0.0,1
CASE_000096,CUST_01622,retry,False,0.0,1
CASE_000097,CUST_01835,retry,True,9321.75,1
CASE_000098,CUST_00502,retry,False,0.0,1
CASE_000099,CUST_00558,retry,False,0.0,1
CASE_000100,CUST_01054,retry,False,0.0,1
CASE_000101,CUST_01156,retry,True,41554.33,1
CASE_000102,CUST_00786,retry,True,10809.82,1
CASE_000103,CUST_00155,retry,True,31464.65,1
CASE_000104,CUST_01964,retry,False,0.0,1
CASE_000105,CUST_00480,retry,False,0.0,1
CASE_000106,CUST_01828,retry,True,20453.0,1
CASE_000107,CUST_00293,retry,True,45932.73,1
CASE_000108,CUST_01329,retry,True,32476.76,1
CASE_000109,CUST_01644,retry,True,35686.1,1
CASE_000110,CUST_00029,retry,True,3167.09,1
CASE_000111,CUST_00174,retry,False,0.0,1
CASE_000112,CUST_01889,retry,False,0.0,1
CASE_000113,CUST_00147,retry,True,4050.58,1
CASE_000114,CUST_00951,retry,True,42848.81,1
CASE_000115,CUST_00283,retry,False,0.0,1
CASE_000116,CUST_00770,retry,True,62016.38,1
CASE_000117,CUST_01259,retry,True,9622.16,1
CASE_000118,CUST_00562,retry,False,0.0,1
CASE_000119,CUST_00568,retry,True,3556.4,1
CASE_000120,CUST_01809,retry,False,0.0,1
CASE_000121,CUST_00141,retry,False,0.0,1
CASE_000122,CUST_00412,retry,True,85018.62,1
CASE_000123,CUST_00631,retry,False,0.0,1
CASE_000124,CUST_01973,retry,False,0.0,1
CASE_000125,CUST_01506,retry,True,80819.82,1
CASE_000126,CUST_00642,retry,True,6741.08,1
CASE_000127,CUST_01536,retry,False,0.0,1
CASE_000128,CUST_01255,retry,True,31347.88,1
CASE_000129,CUST_00108,retry,False,0.0,1
CASE_000130,CUST_00449,retry,False,0.0,1
CASE_000131,CUST_00735,retry,False,0.0,1
CASE_000132,CUST_01226,retry,False,0.0,1
CASE_000133,CUST_01915,retry,True,3273.69,1
CASE_000134,CUST_00462,retry,False,0.0,1
CASE_000135,CUST_00946,retry,False,0.0,1
CASE_000136,CUST_00725,retry,True,8689.05,1
CASE_000137,CUST_00533,retry,True,23870.25,1
CASE_000138,CUST_00903,retry,False,0.0,1
CASE_000139,CUST_01857,retry,False,0.0,1
CASE_000140,CUST_00328,retry,True,3938.6,1
CASE_000141,CUST_01824,retry,True,30031.77,1
CASE_000142,CUST_00425,retry,True,12684.86,1
CASE_000143,CUST_01230,retry,False,0.0,1
CASE_000144,CUST_01827,retry,False,0.0,1
CASE_000145,CUST_01385,retry,True,17632.55,1
CASE_000146,CUST_01742,retry,False,0.0,1
CASE_000147,CUST_00869,retry,False,0.0,1
CASE_000148,CUST_01238,retry,False,0.0,1
CASE_000149,CUST_00824,retry,True,22826.27,1
CASE_000150,CUST_00980,retry,True,13917.4,1
CASE_000151,CUST_01499,retry,False,0.0,1
CASE_000152,CUST_00808,retry,False,0.0,1
CASE_000153,CUST_00396,retry,False,0.0,1
CASE_000154,CUST_01158,retry,False,0.0,1
CASE_000155,CUST_00363,retry,True,14480.07,1
CASE_000156,CUST_01366,retry,True,44161.32,1
CASE_000157,CUST_00099,retry,False,0.0,1
CASE_000158,CUST_01267,retry,False,0.0,1
CASE_000159,CUST_01579,retry,False,0.0,1
CASE_000160,CUST_01730,retry,False,0.0,1
CASE_000161,CUST_01918,retry,True,34065.21,1
CASE_000162,CUST_00176,retry,False,0.0,1
CASE_000163,CUST_01529,retry,False,0.0,1
CASE_000164,CUST_01391,retry,False,0.0,1
CASE_000165,CUST_00242,retry,False,0.0,1
CASE_000166,CUST_01391,retry,False,0.0,1
CASE_000167,CUST_00054,retry,True,11341.74,1
CASE_000168,CUST_00178,retry,False,0.0,1
CASE_000169,CUST_01725,retry,False,0.0,1
CASE_000170,CUST_01097,retry,True,38764.1,1
CASE_000171,CUST_01291,retry,True,19643.13,1
CASE_000172,CUST_00245,retry,True,18867.16,1
CASE_000173,CUST_00303,retry,False,0.0,1
CASE_000174,CUST_01803,retry,True,44220.41,1
CASE_000175,CUST_01441,retry,False,0.0,1
CASE_000176,CUST_01490,retry,False,0.0,1
CASE_000177,CUST_00871,retry,False,0.0,1
CASE_000178,CUST_00221,retry,False,0.0,1
CASE_000179,CUST_00405,retry,True,17542.31,1
CASE_000180,CUST_01137,retry,False,0.0,1
CASE_000181,CUST_00200,retry,True,18644.91,1
CASE_000182,CUST_00349,retry,True,10400.39,1
CASE_000183,CUST_01071,retry,True,24940.88,1
CASE_000184,CUST_00360,retry,False,0.0,1
CASE_000185,CUST_01444,retry,True,40097.07,1
CASE_000186,CUST_01783,retry,True,32309.47,1
CASE_000187,CUST_01718,retry,False,0.0,1
CASE_000188,CUST_00007,retry,True,22401.38,1
CASE_000189,CUST_01239,retry,False,0.0,1
CASE_000190,CUST_00760,retry,False,0.0,1
CASE_000191,CUST_00709,retry,True,3373.58,1
CASE_000192,CUST_00658,retry,False,0.0,1
CASE_000193,CUST_00342,retry,False,0.0,1
CASE_000194,CUST_00885,retry,False,0.0,1
CASE_000195,CUST_00309,retry,False,0.0,1
CASE_000196,CUST_00117,retry,True,39610.53,1
CASE_000197,CUST_00184,retry,False,0.0,1
CASE_000198,CUST_01764,retry,False,0.0,1
CASE_000199,CUST_01879,retry,False,0.0,1
CASE_000200,CUST_01052,retry,False,0.0,1
CASE_000201,CUST_01130,retry,False,0.0,1
CASE_000202,CUST_00185,retry,False,0.0,1
CASE_000203,CUST_00897,retry,False,0.0,1
CASE_000204,CUST_01237,retry,False,0.0,1
CASE_000205,CUST_00517,retry,False,0.0,1
CASE_000206,CUST_00502,retry,False,0.0,1
CASE_000207,CUST_00556,retry,False,0.0,1
CASE_000208,CUST_00590,retry,False,0.0,1
CASE_000209,CUST_00460,retry,False,0.0,1
CASE_000210,CUST_01882,retry,False,0.0,1
CASE_000211,CUST_01822,retry,False,0.0,1
CASE_000212,CUST_01573,retry,True,33536.47,1
CASE_000213,CUST_00479,retry,False,0.0,1
CASE_000214,CUST_01685,retry,False,0.0,1
CASE_000215,CUST_00925,retry,True,34770.3,1
CASE_000216,CUST_00212,retry,True,44998.2,1
CASE_000217,CUST_01813,retry,False,0.0,1
CASE_000218,CUST_01789,retry,True,21722.42,1
CASE_000219,CUST_01177,retry,False,0.0,1
CASE_000220,CUST_00925,retry,True,7599.01,1
CASE_000221,CUST_01034,retry,False,0.0,1
CASE_000222,CUST_00027,retry,True,59230.2,1
CASE_000223,CUST_00687,retry,False,0.0,1
CASE_000224,CUST_01670,retry,False,0.0,1
CASE_000225,CUST_01852,retry,False,0.0,1
CASE_000226,CUST_00439,retry,True,3398.53,1
CASE_000227,CUST_00869,retry,False,0.0,1
CASE_000228,CUST_00912,retry,True,19534.14,1
CASE_000229,CUST_01017,retry,False,0.0,1
CASE_000230,CUST_01012,retry,False,0.0,1
CASE_000231,CUST_00652,retry,False,0.0,1
CASE_000232,CUST_00259,retry,True,5127.8,1
CASE_000233,CUST_00775,retry,False,0.0,1
CASE_000234,CUST_01285,retry,True,8655.65,1
CASE_000235,CUST_01282,retry,False,0.0,1
CASE_000236,CUST_00616,retry,True,48055.37,1
CASE_000237,CUST_00252,retry,False,0.0,1
CASE_000238,CUST_01070,retry,True,26404.81,1
CASE_000239,CUST_00314,retry,True,20015.41,1
CASE_000240,CUST_00007,retry,False,0.0,1
CASE_000241,CUST_01201,retry,False,0.0,1
CASE_000242,CUST_00526,retry,True,2251.5,1
CASE_000243,CUST_00331,retry,False,0.0,1
CASE_000244,CUST_00899,retry,False,0.0,1
CASE_000245,CUST_00064,retry,False,0.0,1
CASE_000246,CUST_01891,retry,False,0.0,1
CASE_000247,CUST_00876,retry,False,0.0,1
CASE_000248,CUST_01377,retry,False,0.0,1
CASE_000249,CUST_00225,retry,False,0.0,1
CASE_000250,CUST_01480,retry,False,0.0,1
CASE_000251,CUST_01262,retry,False,0.0,1
CASE_000252,CUST_00577,retry,True,9310.88,1
CASE_000253,CUST_00398,retry,True,20671.23,1
CASE_000254,CUST_00446,retry,True,2511.89,1
CASE_000255,CUST_01864,retry,True,30208.75,1
CASE_000256,CUST_00777,retry,False,0.0,1
CASE_000257,CUST_00510,retry,True,8814.12,1
CASE_000258,CUST_00926,retry,True,33123.16,1
CASE_000259,CUST_01742,retry,False,0.0,1
CASE_000260,CUST_00350,retry,True,18641.38,1
CASE_000261,CUST_01301,retry,False,0.0,1
CASE_000262,CUST_01147,retry,False,0.0,1
CASE_000263,CUST_00182,retry,True,16193.02,1
CASE_000264,CUST_00540,retry,True,48213.59,1
CASE_000265,CUST_01728,retry,False,0.0,1
CASE_000266,CUST_01861,retry,False,0.0,1
CASE_000267,CUST_01405,retry,False,0.0,1
CASE_000268,CUST_01290,retry,False,0.0,1
CASE_000269,CUST_00174,retry,True,40378.73,1
CASE_000270,CUST_00730,retry,True,94080.27,1
CASE_000271,CUST_01362,retry,False,0.0,1
CASE_000272,CUST_01867,retry,False,0.0,1
CASE_000273,CUST_01483,retry,False,0.0,1
CASE_000274,CUST_00158,retry,True,24128.72,1
CASE_000275,CUST_01914,retry,False,0.0,1
CASE_000276,CUST_00453,retry,False,0.0,1
CASE_000277,CUST_01718,retry,False,0.0,1
CASE_000278,CUST_01700,retry,False,0.0,1
CASE_000279,CUST_00248,retry,True,18889.91,1
CASE_000280,CUST_01426,retry,True,19196.92,1
CASE_000281,CUST_00183,retry,True,43076.35,1
CASE_000282,CUST_01101,retry,False,0.0,1
CASE_000283,CUST_01701,retry,True,82200.81,1
CASE_000284,CUST_00636,retry,True,14111.49,1
CASE_000285,CUST_00564,retry,False,0.0,1
CASE_000286,CUST_00425,retry,True,12646.66,1
CASE_000287,CUST_00827,retry,False,0.0,1
CASE_000288,CUST_00741,retry,False,0.0,1
CASE_000289,CUST_00345,retry,False,0.0,1
CASE_000290,CUST_01488,retry,True,31090.91,1
CASE_000291,CUST_01585,retry,False,0.0,1
CASE_000292,CUST_01356,retry,True,30979.72,1
CASE_000293,CUST_00833,retry,False,0.0,1
CASE_000294,CUST_00825,retry,True,18655.88,1
CASE_000295,CUST_00959,retry,True,47299.84,1
CASE_000296,CUST_01744,retry,False,0.0,1
CASE_000297,CUST_00663,retry,False,0.0,1
CASE_000298,CUST_01094,retry,False,0.0,1
CASE_000299,CUST_00145,retry,False,0.0,1
CASE_000300,CUST_01761,retry,False,0.0,1
CASE_000301,CUST_00460,retry,True,44306.97,1
CASE_000302,CUST_01604,retry,True,10386.52,1
CASE_000303,CUST_00597,retry,True,17446.74,1
CASE_000304,CUST_00895,retry,True,4327.56,1
CASE_000305,CUST_00848,retry,False,0.0,1
CASE_000306,CUST_00773,retry,False,0.0,1
CASE_000307,CUST_01912,retry,True,18120.82,1
CASE_000308,CUST_00463,retry,False,0.0,1
CASE_000309,CUST_01251,retry,True,26897.01,1
CASE_000310,CUST_01853,retry,False,0.0,1
CASE_000311,CUST_00845,retry,False,0.0,1
CASE_000312,CUST_01158,retry,False,0.0,1
CASE_000313,CUST_00154,retry,False,0.0,1
CASE_000314,CUST_01295,retry,True,1307.16,1
CASE_000315,CUST_01384,retry,True,19279.79,1
CASE_000316,CUST_01429,retry,False,0.0,1
CASE_000317,CUST_01194,retry,False,0.0,1
CASE_000318,CUST_01965,retry,False,0.0,1
CASE_000319,CUST_01571,retry,True,724.27,1
CASE_000320,CUST_00588,retry,False,0.0,1
CASE_000321,CUST_01895,retry,False,0.0,1
CASE_000322,CUST_01385,retry,True,8804.16,1
CASE_000323,CUST_01670,retry,True,18550.61,1
CASE_000324,CUST_01194,retry,False,0.0,1
CASE_000325,CUST_01942,retry,True,13493.3,1
CASE_000326,CUST_00641,retry,True,40483.04,1
CASE_000327,CUST_01472,retry,True,24186.46,1
CASE_000328,CUST_00757,retry,False,0.0,1
CASE_000329,CUST_01938,retry,False,0.0,1
CASE_000330,CUST_00847,retry,False,0.0,1
CASE_000331,CUST_01916,retry,True,99619.69,1
CASE_000332,CUST_00878,retry,False,0.0,1
CASE_000333,CUST_01723,retry,False,0.0,1
CASE_000334,CUST_00707,retry,True,18543.06,1
CASE_000335,CUST_00476,retry,True,8973.59,1
CASE_000336,CUST_00595,retry,False,0.0,1
CASE_000337,CUST_00179,retry,False,0.0,1
CASE_000338,CUST_00774,retry,False,0.0,1
CASE_000339,CUST_01491,retry,False,0.0,1
CASE_000340,CUST_00915,retry,False,0.0,1
CASE_000341,CUST_00236,retry,False,0.0,1
CASE_000342,CUST_01735,retry,False,0.0,1
CASE_000343,CUST_01769,retry,False,0.0,1
CASE_000344,CUST_01064,retry,True,27777.17,1
CASE_000345,CUST_01308,retry,False,0.0,1
CASE_000346,CUST_00118,retry,True,2059.1,1
CASE_000347,CUST_01821,retry,False,0.0,1
CASE_000348,CUST_01096,retry,False,0.0,1
CASE_000349,CUST_01938,retry,True,22890.99,1
CASE_000350,CUST_00456,retry,False,0.0,1
CASE_000351,CUST_00244,retry,False,0.0,1
CASE_000352,CUST_01823,retry,True,68687.8,1
CASE_000353,CUST_01965,retry,True,15224.19,1
CASE_000354,CUST_01254,retry,True,35683.32,1
CASE_000355,CUST_00973,retry,False,0.0,1
CASE_000356,CUST_01636,retry,False,0.0,1
CASE_000357,CUST_01955,retry,False,0.0,1
CASE_000358,CUST_01327,retry,False,0.0,1
CASE_000359,CUST_01787,retry,True,10393.64,1
CASE_000360,CUST_01494,retry,False,0.0,1
CASE_000361,CUST_01276,retry,False,0.0,1
CASE_000362,CUST_00849,retry,False,0.0,1
CASE_000363,CUST_00663,retry,False,0.0,1
CASE_000364,CUST_00363,retry,False,0.0,1
CASE_000365,CUST_01239,retry,True,3655.78,1
CASE_000366,CUST_01457,retry,True,46020.41,1
CASE_000367,CUST_01178,retry,False,0.0,1
CASE_000368,CUST_00044,retry,False,0.0,1
CASE_000369,CUST_00213,retry,True,68256.72,1
CASE_000370,CUST_01290,retry,True,19253.78,1
CASE_000371,CUST_00148,retry,False,0.0,1
CASE_000372,CUST_00962,retry,True,10727.87,1
CASE_000373,CUST_01144,retry,False,0.0,1
CASE_000374,CUST_01088,retry,True,17918.87,1
CASE_000375,CUST_00038,retry,False,0.0,1
CASE_000376,CUST_01616,retry,True,42801.42,1
CASE_000377,CUST_01401,retry,True,40172.25,1
CASE_000378,CUST_01518,retry,False,0.0,1
CASE_000379,CUST_00580,retry,False,0.0,1
CASE_000380,CUST_00613,retry,True,40490.39,1
CASE_000381,CUST_01809,retry,False,0.0,1
CASE_000382,CUST_00932,retry,True,95553.31,1
CASE_000383,CUST_01304,retry,True,10952.6,1
CASE_000384,CUST_00810,retry,False,0.0,1
CASE_000385,CUST_01311,retry,True,5554.63,1
CASE_000386,CUST_00411,retry,False,0.0,1
CASE_000387,CUST_00316,retry,False,0.0,1
CASE_000388,CUST_01968,retry,False,0.0,1
CASE_000389,CUST_01505,retry,False,0.0,1
CASE_000390,CUST_00952,retry,False,0.0,1
CASE_000391,CUST_00413,retry,True,28740.62,1
CASE_000392,CUST_01161,retry,True,37521.99,1
CASE_000393,CUST_01253,retry,True,17810.31,1
CASE_000394,CUST_00494,retry,False,0.0,1
CASE_000395,CUST_01619,retry,True,4654.92,1
CASE_000396,CUST_00957,retry,True,27825.3,1
CASE_000397,CUST_01090,retry,True,84192.66,1
CASE_000398,CUST_01339,retry,False,0.0,1
CASE_000399,CUST_01865,retry,True,38478.04,1
CASE_000400,CUST_00669,retry,True,78018.06,1
CASE_000401,CUST_00633,retry,False,0.0,1
CASE_000402,CUST_00757,retry,False,0.0,1
CASE_000403,CUST_00639,retry,False,0.0,1
CASE_000404,CUST_00845,retry,True,14390.83,1
CASE_000405,CUST_01883,retry,False,0.0,1
CASE_000406,CUST_00671,retry,False,0.0,1
CASE_000407,CUST_01882,retry,False,0.0,1
CASE_000408,CUST_00150,retry,True,12086.38,1
CASE_000409,CUST_01889,retry,True,4009.77,1
CASE_000410,CUST_00965,retry,True,602.36,1
CASE_000411,CUST_00956,retry,False,0.0,1
CASE_000412,CUST_01782,retry,True,32437.77,1
CASE_000413,CUST_01544,retry,True,8526.25,1
CASE_000414,CUST_00462,retry,False,0.0,1
CASE_000415,CUST_01957,retry,False,0.0,1
CASE_000416,CUST_01828,retry,False,0.0,1
CASE_000417,CUST_01828,retry,False,0.0,1
CASE_000418,CUST_01650,retry,True,29046.68,1
CASE_000419,CUST_01180,retry,True,39203.57,1
CASE_000420,CUST_01464,retry,True,10572.85,1
CASE_000421,CUST_00911,retry,True,11483.45,1
CASE_000422,CUST_00756,retry,False,0.0,1
CASE_000423,CUST_00293,retry,False,0.0,1
CASE_000424,CUST_01776,retry,False,0.0,1
CASE_000425,CUST_00248,retry,False,0.0,1
CASE_000426,CUST_01948,retry,True,35840.81,1
CASE_000427,CUST_00128,retry,False,0.0,1
CASE_000428,CUST_00132,retry,True,9754.03,1
CASE_000429,CUST_01308,retry,True,14611.13,1
CASE_000430,CUST_00700,retry,True,19811.32,1
CASE_000431,CUST_01203,retry,False,0.0,1
CASE_000432,CUST_00037,retry,True,34252.37,1
CASE_000433,CUST_00087,retry,False,0.0,1
CASE_000434,CUST_00357,retry,True,2607.18,1
CASE_000435,CUST_01582,retry,False,0.0,1
CASE_000436,CUST_00967,retry,False,0.0,1
CASE_000437,CUST_01036,retry,True,1219.81,1
CASE_000438,CUST_01827,retry,False,0.0,1
CASE_000439,CUST_01936,retry,False,0.0,1
CASE_000440,CUST_00586,retry,True,29442.73,1
CASE_000441,CUST_00118,retry,False,0.0,1
CASE_000442,CUST_00522,retry,False,0.0,1
CASE_000443,CUST_01401,retry,False,0.0,1
CASE_000444,CUST_01025,retry,False,0.0,1
CASE_000445,CUST_00269,retry,False,0.0,1
CASE_000446,CUST_01498,retry,True,27744.02,1
CASE_000447,CUST_00387,retry,False,0.0,1
CASE_000448,CUST_00147,retry,False,0.0,1
CASE_000449,CUST_01499,retry,False,0.0,1
CASE_000450,CUST_00455,retry,False,0.0,1
CASE_000451,CUST_00214,retry,False,0.0,1
CASE_000452,CUST_01583,retry,False,0.0,1
CASE_000453,CUST_01022,retry,False,0.0,1
CASE_000454,CUST_01083,retry,False,0.0,1
CASE_000455,CUST_01728,retry,False,0.0,1
CASE_000456,CUST_00041,retry,False,0.0,1
CASE_000457,CUST_01640,retry,False,0.0,1
CASE_000458,CUST_01496,retry,True,71696.31,1
CASE_000459,CUST_00993,retry,False,0.0,1
CASE_000460,CUST_01834,retry,False,0.0,1
CASE_000461,CUST_01144,retry,False,0.0,1
CASE_000462,CUST_01281,retry,True,51124.92,1
CASE_000463,CUST_01579,retry,False,0.0,1
CASE_000464,CUST_00232,retry,False,0.0,1
CASE_000465,CUST_00528,retry,False,0.0,1
CASE_000466,CUST_00055,retry,False,0.0,1
CASE_000467,CUST_01808,retry,False,0.0,1
CASE_000468,CUST_00886,retry,True,14396.43,1
CASE_000469,CUST_01711,retry,False,0.0,1
CASE_000470,CUST_00391,retry,False,0.0,1
CASE_000471,CUST_01151,retry,False,0.0,1
CASE_000472,CUST_01118,retry,False,0.0,1
CASE_000473,CUST_01444,retry,True,38199.52,1
CASE_000474,CUST_01552,retry,True,2967.45,1
CASE_000475,CUST_01420,retry,False,0.0,1
CASE_000476,CUST_01281,retry,False,0.0,1
CASE_000477,CUST_01677,retry,True,15184.93,1
CASE_000478,CUST_00634,retry,True,49085.55,1
CASE_000479,CUST_00078,retry,False,0.0,1
CASE_000480,CUST_01737,retry,True,66127.07,1
CASE_000481,CUST_01783,retry,True,38384.78,1
CASE_000482,CUST_01235,retry,False,0.0,1
CASE_000483,CUST_00979,retry,False,0.0,1
CASE_000484,CUST_01068,retry,True,25513.38,1
CASE_000485,CUST_01466,retry,False,0.0,1
CASE_000486,CUST_00936,retry,False,0.0,1
CASE_000487,CUST_00403,retry,True,13556.09,1
CASE_000488,CUST_01150,retry,False,0.0,1
CASE_000489,CUST_01333,retry,False,0.0,1
CASE_000490,CUST_00733,retry,False,0.0,1
CASE_000491,CUST_01166,retry,False,0.0,1
CASE_000492,CUST_00712,retry,True,4967.38,1
CASE_000493,CUST_00524,retry,False,0.0,1
CASE_000494,CUST_00243,retry,False,0.0,1
CASE_000495,CUST_01329,retry,False,0.0,1
CASE_000496,CUST_00336,retry,True,34146.31,1
CASE_000497,CUST_01414,retry,True,8254.88,1
CASE_000498,CUST_00209,retry,False,0.0,1
CASE_000499,CUST_00215,retry,True,4062.71,1
CASE_000500,CUST_01997,retry,False,0.0,1
CASE_000501,CUST_01649,retry,False,0.0,1
CASE_000502,CUST_01558,retry,False,0.0,1
CASE_000503,CUST_00258,retry,True,28386.09,1
CASE_000504,CUST_01022,retry,False,0.0,1
CASE_000505,CUST_00683,retry,False,0.0,1
CASE_000506,CUST_00121,retry,False,0.0,1
CASE_000507,CUST_01707,retry,False,0.0,1
CASE_000508,CUST_01662,retry,True,4512.69,1
CASE_000509,CUST_00763,retry,True,36173.23,1
CASE_000510,CUST_01951,retry,True,16244.9,1
CASE_000511,CUST_01183,retry,False,0.0,1
CASE_000512,CUST_00273,retry,True,32245.33,1
CASE_000513,CUST_00085,retry,False,0.0,1
CASE_000514,CUST_00192,retry,False,0.0,1
CASE_000515,CUST_01110,retry,False,0.0,1
CASE_000516,CUST_00604,retry,False,0.0,1
CASE_000517,CUST_01515,retry,False,0.0,1
CASE_000518,CUST_00711,retry,False,0.0,1
CASE_000519,CUST_01370,retry,True,23686.79,1
CASE_000520,CUST_00001,retry,True,36059.8,1
CASE_000521,CUST_00001,retry,False,0.0,1
CASE_000522,CUST_00002,retry,False,0.0,1
CASE_000523,CUST_00004,retry,False,0.0,1
CASE_000524,CUST_00005,retry,False,0.0,1
CASE_000525,CUST_00005,retry,False,0.0,1
CASE_000526,CUST_00005,retry,True,35807.68,1
CASE_000527,CUST_00006,retry,False,0.0,1
CASE_000528,CUST_00006,retry,False,0.0,1
CASE_000529,CUST_00007,retry,False,0.0,1
CASE_000530,CUST_00009,retry,False,0.0,1
CASE_000531,CUST_00010,retry,False,0.0,1
CASE_000532,CUST_00010,retry,True,49236.91,1
CASE_000533,CUST_00010,retry,False,0.0,1
CASE_000534,CUST_00010,retry,True,18983.01,1
CASE_000535,CUST_00011,retry,True,38297.76,1
CASE_000536,CUST_00011,retry,True,47640.19,1
CASE_000537,CUST_00011,retry,False,0.0,1
CASE_000538,CUST_00012,retry,False,0.0,1
CASE_000539,CUST_00013,retry,False,0.0,1
CASE_000540,CUST_00014,retry,False,0.0,1
CASE_000541,CUST_00014,retry,True,3338.34,1
CASE_000542,CUST_00014,retry,False,0.0,1
CASE_000543,CUST_00016,retry,False,0.0,1
CASE_000544,CUST_00017,retry,False,0.0,1
CASE_000545,CUST_00017,retry,True,5326.75,1
CASE_000546,CUST_00017,retry,True,16285.78,1
CASE_000547,CUST_00019,retry,True,40325.68,1
CASE_000548,CUST_00021,retry,False,0.0,1
CASE_000549,CUST_00023,retry,False,0.0,1
CASE_000550,CUST_00023,retry,True,21997.49,1
CASE_000551,CUST_00024,retry,True,2685.17,1
CASE_000552,CUST_00025,retry,False,0.0,1
CASE_000553,CUST_00026,retry,True,24252.32,1
CASE_000554,CUST_00027,retry,False,0.0,1
CASE_000555,CUST_00027,retry,True,21448.62,1
CASE_000556,CUST_00027,retry,False,0.0,1
CASE_000557,CUST_00030,retry,False,0.0,1
CASE_000558,CUST_00031,retry,True,55024.42,1
CASE_000559,CUST_00032,retry,True,5681.96,1
CASE_000560,CUST_00033,retry,False,0.0,1
CASE_000561,CUST_00034,retry,False,0.0,1
CASE_000562,CUST_00035,retry,True,22404.23,1
CASE_000563,CUST_00037,retry,True,17392.75,1
CASE_000564,CUST_00037,retry,False,0.0,1
CASE_000565,CUST_00037,retry,False,0.0,1
CASE_000566,CUST_00038,retry,True,13054.04,1
CASE_000567,CUST_00038,retry,True,6775.72,1
CASE_000568,CUST_00042,retry,False,0.0,1
CASE_000569,CUST_00042,retry,False,0.0,1
CASE_000570,CUST_00043,retry,False,0.0,1
CASE_000571,CUST_00043,retry,True,49388.57,1
CASE_000572,CUST_00044,retry,False,0.0,1
CASE_000573,CUST_00046,retry,False,0.0,1
CASE_000574,CUST_00046,retry,True,24906.84,1
CASE_000575,CUST_00048,retry,True,18453.99,1
CASE_000576,CUST_00049,retry,False,0.0,1
CASE_000577,CUST_00050,retry,False,0.0,1
CASE_000578,CUST_00050,retry,False,0.0,1
CASE_000579,CUST_00051,retry,False,0.0,1
CASE_000580,CUST_00051,retry,False,0.0,1
CASE_000581,CUST_00051,retry,False,0.0,1
CASE_000582,CUST_00054,retry,False,0.0,1
CASE_000583,CUST_00054,retry,False,0.0,1
CASE_000584,CUST_00056,retry,True,15512.85,1
CASE_000585,CUST_00057,retry,False,0.0,1
CASE_000586,CUST_00058,retry,False,0.0,1
CASE_000587,CUST_00059,retry,True,15512.3,1
CASE_000588,CUST_00059,retry,False,0.0,1
CASE_000589,CUST_00059,retry,True,12522.4,1
CASE_000590,CUST_00059,retry,False,0.0,1
CASE_000591,CUST_00061,retry,True,10370.43,1
CASE_000592,CUST_00062,retry,True,4461.21,1
CASE_000593,CUST_00062,retry,False,0.0,1
CASE_000594,CUST_00063,retry,False,0.0,1
CASE_000595,CUST_00063,retry,False,0.0,1
CASE_000596,CUST_00064,retry,False,0.0,1
CASE_000597,CUST_00065,retry,False,0.0,1
CASE_000598,CUST_00067,retry,True,14723.25,1
CASE_000599,CUST_00067,retry,True,22099.64,1
CASE_000600,CUST_00068,retry,True,46451.72,1
CASE_000601,CUST_00069,retry,False,0.0,1
CASE_000602,CUST_00069,retry,False,0.0,1
CASE_000603,CUST_00069,retry,False,0.0,1
CASE_000604,CUST_00069,retry,True,8753.44,1
CASE_000605,CUST_00073,retry,True,23201.53,1
CASE_000606,CUST_00074,retry,True,13313.67,1
CASE_000607,CUST_00075,retry,False,0.0,1
CASE_000608,CUST_00077,retry,True,34475.49,1
CASE_000609,CUST_00078,retry,False,0.0,1
CASE_000610,CUST_00079,retry,True,8477.56,1
CASE_000611,CUST_00080,retry,False,0.0,1
CASE_000612,CUST_00080,retry,False,0.0,1
CASE_000613,CUST_00080,retry,False,0.0,1
CASE_000614,CUST_00080,retry,False,0.0,1
CASE_000615,CUST_00081,retry,False,0.0,1
CASE_000616,CUST_00082,retry,False,0.0,1
CASE_000617,CUST_00083,retry,False,0.0,1
CASE_000618,CUST_00086,retry,False,0.0,1
CASE_000619,CUST_00087,retry,True,4812.39,1
CASE_000620,CUST_00088,retry,True,20051.97,1
CASE_000621,CUST_00089,retry,False,0.0,1
CASE_000622,CUST_00090,retry,False,0.0,1
CASE_000623,CUST_00091,retry,False,0.0,1
CASE_000624,CUST_00091,retry,True,5591.54,1
CASE_000625,CUST_00091,retry,False,0.0,1
CASE_000626,CUST_00092,retry,False,0.0,1
CASE_000627,CUST_00092,retry,False,0.0,1
CASE_000628,CUST_00093,retry,False,0.0,1
CASE_000629,CUST_00097,retry,False,0.0,1
CASE_000630,CUST_00097,retry,True,3194.33,1
CASE_000631,CUST_00097,retry,True,4096.1,1
CASE_000632,CUST_00100,retry,False,0.0,1
CASE_000633,CUST_00101,retry,False,0.0,1
CASE_000634,CUST_00102,retry,True,9630.26,1
CASE_000635,CUST_00102,retry,True,23075.87,1
CASE_000636,CUST_00104,retry,False,0.0,1
CASE_000637,CUST_00105,retry,False,0.0,1
CASE_000638,CUST_00105,retry,False,0.0,1
CASE_000639,CUST_00105,retry,False,0.0,1
CASE_000640,CUST_00106,retry,False,0.0,1
CASE_000641,CUST_00106,retry,False,0.0,1
CASE_000642,CUST_00106,retry,False,0.0,1
CASE_000643,CUST_00107,retry,False,0.0,1
CASE_000644,CUST_00108,retry,True,14741.71,1
CASE_000645,CUST_00108,retry,True,50757.5,1
CASE_000646,CUST_00108,retry,False,0.0,1
CASE_000647,CUST_00108,retry,False,0.0,1
CASE_000648,CUST_00109,retry,False,0.0,1
CASE_000649,CUST_00110,retry,False,0.0,1
CASE_000650,CUST_00110,retry,False,0.0,1
CASE_000651,CUST_00110,retry,False,0.0,1
CASE_000652,CUST_00111,retry,False,0.0,1
CASE_000653,CUST_00111,retry,False,0.0,1
CASE_000654,CUST_00111,retry,False,0.0,1
CASE_000655,CUST_00112,retry,True,29154.54,1
CASE_000656,CUST_00112,retry,True,34004.93,1
CASE_000657,CUST_00113,retry,True,6478.92,1
CASE_000658,CUST_00114,retry,True,20681.75,1
CASE_000659,CUST_00114,retry,False,0.0,1
CASE_000660,CUST_00115,retry,True,73667.67,1
CASE_000661,CUST_00115,retry,True,13423.39,1
CASE_000662,CUST_00116,retry,False,0.0,1
CASE_000663,CUST_00116,retry,False,0.0,1
CASE_000664,CUST_00116,retry,False,0.0,1
CASE_000665,CUST_00117,retry,False,0.0,1
CASE_000666,CUST_00117,retry,True,63430.2,1
CASE_000667,CUST_00118,retry,True,6590.7,1
CASE_000668,CUST_00119,retry,False,0.0,1
CASE_000669,CUST_00119,retry,True,4179.17,1
CASE_000670,CUST_00119,retry,False,0.0,1
CASE_000671,CUST_00122,retry,False,0.0,1
CASE_000672,CUST_00122,retry,True,26637.49,1
CASE_000673,CUST_00123,retry,True,15489.36,1
CASE_000674,CUST_00124,retry,True,93137.26,1
CASE_000675,CUST_00124,retry,True,123338.71,1
CASE_000676,CUST_00125,retry,False,0.0,1
CASE_000677,CUST_00126,retry,False,0.0,1
CASE_000678,CUST_00126,retry,True,7465.15,1
CASE_000679,CUST_00126,retry,False,0.0,1
CASE_000680,CUST_00127,retry,True,56025.86,1
CASE_000681,CUST_00127,retry,False,0.0,1
CASE_000682,CUST_00128,retry,True,1734.21,1
CASE_000683,CUST_00128,retry,True,18310.65,1
CASE_000684,CUST_00132,retry,False,0.0,1
CASE_000685,CUST_00132,retry,True,20407.82,1
CASE_000686,CUST_00132,retry,False,0.0,1
CASE_000687,CUST_00133,retry,True,12410.88,1
CASE_000688,CUST_00133,retry,False,0.0,1
CASE_000689,CUST_00133,retry,False,0.0,1
CASE_000690,CUST_00135,retry,True,48926.22,1
CASE_000691,CUST_00136,retry,True,22840.02,1
CASE_000692,CUST_00137,retry,True,12386.35,1
CASE_000693,CUST_00138,retry,False,0.0,1
CASE_000694,CUST_00138,retry,True,48031.17,1
CASE_000695,CUST_00138,retry,True,10779.57,1
CASE_000696,CUST_00139,retry,False,0.0,1
CASE_000697,CUST_00140,retry,False,0.0,1
CASE_000698,CUST_00142,retry,False,0.0,1
CASE_000699,CUST_00143,retry,True,1101.15,1
CASE_000700,CUST_00143,retry,True,16378.03,1
CASE_000701,CUST_00144,retry,False,0.0,1
CASE_000702,CUST_00145,retry,False,0.0,1
CASE_000703,CUST_00145,retry,True,17830.78,1
CASE_000704,CUST_00146,retry,False,0.0,1
CASE_000705,CUST_00146,retry,False,0.0,1
CASE_000706,CUST_00146,retry,True,15906.41,1
CASE_000707,CUST_00147,retry,True,655.84,1
CASE_000708,CUST_00148,retry,True,29352.91,1
CASE_000709,CUST_00149,retry,True,41273.38,1
CASE_000710,CUST_00149,retry,False,0.0,1
CASE_000711,CUST_00149,retry,False,0.0,1
CASE_000712,CUST_00150,retry,True,34232.42,1
CASE_000713,CUST_00151,retry,False,0.0,1
CASE_000714,CUST_00151,retry,False,0.0,1
CASE_000715,CUST_00152,retry,True,63584.22,1
CASE_000716,CUST_00152,retry,True,38228.81,1
CASE_000717,CUST_00152,retry,False,0.0,1
CASE_000718,CUST_00152,retry,False,0.0,1
CASE_000719,CUST_00153,retry,False,0.0,1
CASE_000720,CUST_00154,retry,False,0.0,1
CASE_000721,CUST_00155,retry,False,0.0,1
CASE_000722,CUST_00155,retry,False,0.0,1
CASE_000723,CUST_00155,retry,True,31433.42,1
CASE_000724,CUST_00158,retry,True,39951.89,1
CASE_000725,CUST_00159,retry,False,0.0,1
CASE_000726,CUST_00160,retry,False,0.0,1
CASE_000727,CUST_00160,retry,False,0.0,1
CASE_000728,CUST_00160,retry,True,14244.18,1
CASE_000729,CUST_00161,retry,False,0.0,1
CASE_000730,CUST_00162,retry,False,0.0,1
CASE_000731,CUST_00164,retry,False,0.0,1
CASE_000732,CUST_00168,retry,True,38229.4,1
CASE_000733,CUST_00168,retry,False,0.0,1
CASE_000734,CUST_00169,retry,False,0.0,1
CASE_000735,CUST_00169,retry,False,0.0,1
CASE_000736,CUST_00170,retry,True,22213.41,1
CASE_000737,CUST_00170,retry,False,0.0,1
CASE_000738,CUST_00170,retry,False,0.0,1
CASE_000739,CUST_00171,retry,False,0.0,1
CASE_000740,CUST_00172,retry,True,20258.01,1
CASE_000741,CUST_00172,retry,True,1958.59,1
CASE_000742,CUST_00172,retry,False,0.0,1
CASE_000743,CUST_00173,retry,False,0.0,1
CASE_000744,CUST_00174,retry,True,6811.75,1
CASE_000745,CUST_00174,retry,True,38551.09,1
CASE_000746,CUST_00174,retry,False,0.0,1
CASE_000747,CUST_00175,retry,False,0.0,1
CASE_000748,CUST_00175,retry,False,0.0,1
CASE_000749,CUST_00176,retry,False,0.0,1
CASE_000750,CUST_00177,retry,True,1453.96,1
CASE_000751,CUST_00177,retry,False,0.0,1
CASE_000752,CUST_00178,retry,False,0.0,1
CASE_000753,CUST_00178,retry,False,0.0,1
CASE_000754,CUST_00179,retry,False,0.0,1
CASE_000755,CUST_00179,retry,True,58672.19,1
CASE_000756,CUST_00180,retry,True,36502.69,1
CASE_000757,CUST_00180,retry,False,0.0,1
CASE_000758,CUST_00180,retry,False,0.0,1
CASE_000759,CUST_00182,retry,False,0.0,1
CASE_000760,CUST_00183,retry,False,0.0,1
CASE_000761,CUST_00184,retry,False,0.0,1
CASE_000762,CUST_00185,retry,False,0.0,1
CASE_000763,CUST_00186,retry,False,0.0,1
CASE_000764,CUST_00188,retry,True,9519.43,1
CASE_000765,CUST_00189,retry,False,0.0,1
CASE_000766,CUST_00192,retry,True,6477.23,1
CASE_000767,CUST_00192,retry,False,0.0,1
CASE_000768,CUST_00192,retry,True,6659.74,1
CASE_000769,CUST_00192,retry,False,0.0,1
CASE_000770,CUST_00192,retry,True,7209.34,1
CASE_000771,CUST_00194,retry,False,0.0,1
CASE_000772,CUST_00194,retry,False,0.0,1
CASE_000773,CUST_00195,retry,False,0.0,1
CASE_000774,CUST_00195,retry,False,0.0,1
CASE_000775,CUST_00196,retry,False,0.0,1
CASE_000776,CUST_00196,retry,True,83135.98,1
CASE_000777,CUST_00197,retry,False,0.0,1
CASE_000778,CUST_00200,retry,True,17604.59,1
CASE_000779,CUST_00201,retry,False,0.0,1
CASE_000780,CUST_00201,retry,False,0.0,1
CASE_000781,CUST_00202,retry,True,16828.6,1
CASE_000782,CUST_00202,retry,False,0.0,1
CASE_000783,CUST_00202,retry,True,28615.06,1
CASE_000784,CUST_00202,retry,False,0.0,1
CASE_000785,CUST_00203,retry,True,13222.17,1
CASE_000786,CUST_00203,retry,False,0.0,1
CASE_000787,CUST_00203,retry,False,0.0,1
CASE_000788,CUST_00203,retry,True,9340.73,1
CASE_000789,CUST_00204,retry,False,0.0,1
CASE_000790,CUST_00204,retry,False,0.0,1
CASE_000791,CUST_00205,retry,True,45022.76,1
CASE_000792,CUST_00206,retry,False,0.0,1
CASE_000793,CUST_00206,retry,False,0.0,1
CASE_000794,CUST_00207,retry,False,0.0,1
CASE_000795,CUST_00207,retry,True,10348.78,1
CASE_000796,CUST_00207,retry,True,13051.91,1
CASE_000797,CUST_00207,retry,True,6594.54,1
CASE_000798,CUST_00209,retry,False,0.0,1
CASE_000799,CUST_00209,retry,True,10584.78,1
CASE_000800,CUST_00211,retry,False,0.0,1
CASE_000801,CUST_00212,retry,False,0.0,1
CASE_000802,CUST_00213,retry,False,0.0,1
CASE_000803,CUST_00217,retry,True,15045.93,1
CASE_000804,CUST_00217,retry,False,0.0,1
CASE_000805,CUST_00218,retry,False,0.0,1
CASE_000806,CUST_00219,retry,True,17150.7,1
CASE_000807,CUST_00220,retry,False,0.0,1
CASE_000808,CUST_00220,retry,False,0.0,1
CASE_000809,CUST_00221,retry,False,0.0,1
CASE_000810,CUST_00221,retry,True,29538.0,1
CASE_000811,CUST_00222,retry,False,0.0,1
CASE_000812,CUST_00222,retry,False,0.0,1
CASE_000813,CUST_00222,retry,True,24453.68,1
CASE_000814,CUST_00223,retry,True,14262.7,1
CASE_000815,CUST_00224,retry,True,26338.55,1
CASE_000816,CUST_00224,retry,True,57051.27,1
CASE_000817,CUST_00225,retry,False,0.0,1
CASE_000818,CUST_00225,retry,False,0.0,1
CASE_000819,CUST_00225,retry,True,13596.61,1
CASE_000820,CUST_00229,retry,False,0.0,1
CASE_000821,CUST_00230,retry,True,12487.94,1
CASE_000822,CUST_00235,retry,False,0.0,1
CASE_000823,CUST_00235,retry,False,0.0,1
CASE_000824,CUST_00236,retry,False,0.0,1
CASE_000825,CUST_00239,retry,True,10804.27,1
CASE_000826,CUST_00241,retry,False,0.0,1
CASE_000827,CUST_00241,retry,False,0.0,1
CASE_000828,CUST_00244,retry,False,0.0,1
CASE_000829,CUST_00244,retry,False,0.0,1
CASE_000830,CUST_00244,retry,False,0.0,1
CASE_000831,CUST_00245,retry,False,0.0,1
CASE_000832,CUST_00245,retry,False,0.0,1
CASE_000833,CUST_00246,retry,False,0.0,1
CASE_000834,CUST_00246,retry,False,0.0,1
CASE_000835,CUST_00246,retry,False,0.0,1
CASE_000836,CUST_00247,retry,False,0.0,1
CASE_000837,CUST_00248,retry,True,1321.11,1
CASE_000838,CUST_00249,retry,True,24920.59,1
CASE_000839,CUST_00250,retry,False,0.0,1
CASE_000840,CUST_00251,retry,False,0.0,1
CASE_000841,CUST_00251,retry,True,6138.08,1
CASE_000842,CUST_00256,retry,False,0.0,1
CASE_000843,CUST_00256,retry,False,0.0,1
CASE_000844,CUST_00257,retry,False,0.0,1
CASE_000845,CUST_00258,retry,False,0.0,1
CASE_000846,CUST_00258,retry,False,0.0,1
CASE_000847,CUST_00259,retry,True,10999.0,1
CASE_000848,CUST_00259,retry,False,0.0,1
CASE_000849,CUST_00259,retry,False,0.0,1
CASE_000850,CUST_00260,retry,True,41917.38,1
CASE_000851,CUST_00262,retry,False,0.0,1
CASE_000852,CUST_00262,retry,False,0.0,1
CASE_000853,CUST_00262,retry,False,0.0,1
CASE_000854,CUST_00263,retry,False,0.0,1
CASE_000855,CUST_00263,retry,True,13016.14,1
CASE_000856,CUST_00265,retry,True,40176.17,1
CASE_000857,CUST_00265,retry,False,0.0,1
CASE_000858,CUST_00266,retry,True,1266.22,1
CASE_000859,CUST_00268,retry,False,0.0,1
CASE_000860,CUST_00268,retry,False,0.0,1
CASE_000861,CUST_00269,retry,False,0.0,1
CASE_000862,CUST_00269,retry,True,27847.83,1
CASE_000863,CUST_00269,retry,False,0.0,1
CASE_000864,CUST_00269,retry,False,0.0,1
CASE_000865,CUST_00269,retry,False,0.0,1
CASE_000866,CUST_00270,retry,True,82722.7,1
CASE_000867,CUST_00271,retry,False,0.0,1
CASE_000868,CUST_00272,retry,False,0.0,1
CASE_000869,CUST_00273,retry,True,74805.32,1
CASE_000870,CUST_00273,retry,True,19855.28,1
CASE_000871,CUST_00273,retry,False,0.0,1
CASE_000872,CUST_00274,retry,False,0.0,1
CASE_000873,CUST_00274,retry,False,0.0,1
CASE_000874,CUST_00276,retry,False,0.0,1
CASE_000875,CUST_00277,retry,False,0.0,1
CASE_000876,CUST_00277,retry,False,0.0,1
CASE_000877,CUST_00278,retry,False,0.0,1
CASE_000878,CUST_00279,retry,True,1550.54,1
CASE_000879,CUST_00279,retry,False,0.0,1
CASE_000880,CUST_00279,retry,False,0.0,1
CASE_000881,CUST_00280,retry,False,0.0,1
CASE_000882,CUST_00280,retry,True,16269.9,1
CASE_000883,CUST_00282,retry,True,5850.65,1
CASE_000884,CUST_00283,retry,True,24702.23,1
CASE_000885,CUST_00283,retry,True,1730.15,1
CASE_000886,CUST_00285,retry,False,0.0,1
CASE_000887,CUST_00285,retry,False,0.0,1
CASE_000888,CUST_00287,retry,True,10968.45,1
CASE_000889,CUST_00287,retry,False,0.0,1
CASE_000890,CUST_00288,retry,False,0.0,1
CASE_000891,CUST_00289,retry,True,52543.83,1
CASE_000892,CUST_00290,retry,True,11287.06,1
CASE_000893,CUST_00291,retry,False,0.0,1
CASE_000894,CUST_00293,retry,False,0.0,1
CASE_000895,CUST_00293,retry,False,0.0,1
CASE_000896,CUST_00293,retry,False,0.0,1
CASE_000897,CUST_00293,retry,False,0.0,1
CASE_000898,CUST_00295,retry,True,108647.65,1
CASE_000899,CUST_00295,retry,False,0.0,1
CASE_000900,CUST_00296,retry,True,41765.2,1
CASE_000901,CUST_00297,retry,False,0.0,1
CASE_000902,CUST_00297,retry,True,45103.24,1
CASE_000903,CUST_00299,retry,False,0.0,1
CASE_000904,CUST_00299,retry,False,0.0,1
CASE_000905,CUST_00300,retry,False,0.0,1
CASE_000906,CUST_00301,retry,False,0.0,1
CASE_000907,CUST_00301,retry,False,0.0,1
CASE_000908,CUST_00302,retry,True,76059.44,1
CASE_000909,CUST_00303,retry,False,0.0,1
CASE_000910,CUST_00303,retry,False,0.0,1
CASE_000911,CUST_00303,retry,False,0.0,1
CASE_000912,CUST_00305,retry,False,0.0,1
CASE_000913,CUST_00305,retry,False,0.0,1
CASE_000914,CUST_00305,retry,True,7266.94,1
CASE_000915,CUST_00306,retry,True,35003.58,1
CASE_000916,CUST_00308,retry,False,0.0,1
CASE_000917,CUST_00308,retry,True,19318.26,1
CASE_000918,CUST_00308,retry,True,546.83,1
CASE_000919,CUST_00308,retry,False,0.0,1
CASE_000920,CUST_00309,retry,False,0.0,1
CASE_000921,CUST_00309,retry,False,0.0,1
CASE_000922,CUST_00310,retry,False,0.0,1
CASE_000923,CUST_00312,retry,False,0.0,1
CASE_000924,CUST_00312,retry,True,6423.78,1
CASE_000925,CUST_00313,retry,False,0.0,1
CASE_000926,CUST_00313,retry,False,0.0,1
CASE_000927,CUST_00313,retry,False,0.0,1
CASE_000928,CUST_00314,retry,False,0.0,1
CASE_000929,CUST_00315,retry,True,82603.03,1
CASE_000930,CUST_00316,retry,False,0.0,1
CASE_000931,CUST_00316,retry,False,0.0,1
CASE_000932,CUST_00319,retry,False,0.0,1
CASE_000933,CUST_00319,retry,False,0.0,1
CASE_000934,CUST_00319,retry,False,0.0,1
CASE_000935,CUST_00320,retry,True,6225.12,1
CASE_000936,CUST_00321,retry,True,1307.61,1
CASE_000937,CUST_00321,retry,False,0.0,1
CASE_000938,CUST_00322,retry,True,28295.45,1
CASE_000939,CUST_00324,retry,True,40016.28,1
CASE_000940,CUST_00325,retry,False,0.0,1
CASE_000941,CUST_00325,retry,False,0.0,1
CASE_000942,CUST_00326,retry,False,0.0,1
CASE_000943,CUST_00327,retry,True,32311.02,1
CASE_000944,CUST_00327,retry,False,0.0,1
CASE_000945,CUST_00328,retry,True,10809.33,1
CASE_000946,CUST_00328,retry,False,0.0,1
CASE_000947,CUST_00330,retry,False,0.0,1
CASE_000948,CUST_00332,retry,True,10251.46,1
CASE_000949,CUST_00333,retry,True,15932.1,1
CASE_000950,CUST_00333,retry,False,0.0,1
CASE_000951,CUST_00334,retry,True,44423.71,1
CASE_000952,CUST_00336,retry,False,0.0,1
CASE_000953,CUST_00337,retry,True,2706.9,1
CASE_000954,CUST_00338,retry,True,6180.71,1
CASE_000955,CUST_00338,retry,True,5601.28,1
CASE_000956,CUST_00339,retry,True,109409.25,1
CASE_000957,CUST_00340,retry,True,46460.13,1
CASE_000958,CUST_00341,retry,False,0.0,1
CASE_000959,CUST_00344,retry,True,27384.61,1
CASE_000960,CUST_00344,retry,True,19967.23,1
CASE_000961,CUST_00345,retry,False,0.0,1
CASE_000962,CUST_00350,retry,False,0.0,1
CASE_000963,CUST_00354,retry,False,0.0,1
CASE_000964,CUST_00354,retry,False,0.0,1
CASE_000965,CUST_00356,retry,False,0.0,1
CASE_000966,CUST_00356,retry,False,0.0,1
CASE_000967,CUST_00356,retry,False,0.0,1
CASE_000968,CUST_00356,retry,True,15264.77,1
CASE_000969,CUST_00357,retry,True,14993.54,1
CASE_000970,CUST_00358,retry,False,0.0,1
CASE_000971,CUST_00359,retry,False,0.0,1
CASE_000972,CUST_00360,retry,False,0.0,1
CASE_000973,CUST_00360,retry,False,0.0,1
CASE_000974,CUST_00361,retry,True,15095.14,1
CASE_000975,CUST_00363,retry,True,7462.05,1
CASE_000976,CUST_00364,retry,False,0.0,1
CASE_000977,CUST_00365,retry,False,0.0,1
CASE_000978,CUST_00366,retry,False,0.0,1
CASE_000979,CUST_00366,retry,True,34905.8,1
CASE_000980,CUST_00366,retry,True,23818.41,1
CASE_000981,CUST_00367,retry,False,0.0,1
CASE_000982,CUST_00368,retry,False,0.0,1
CASE_000983,CUST_00368,retry,False,0.0,1
CASE_000984,CUST_00368,retry,False,0.0,1
CASE_000985,CUST_00368,retry,False,0.0,1
CASE_000986,CUST_00369,retry,True,70387.52,1
CASE_000987,CUST_00370,retry,True,7286.1,1
CASE_000988,CUST_00370,retry,False,0.0,1
CASE_000989,CUST_00371,retry,False,0.0,1
CASE_000990,CUST_00372,retry,False,0.0,1
CASE_000991,CUST_00374,retry,False,0.0,1
CASE_000992,CUST_00374,retry,True,20625.64,1
CASE_000993,CUST_00376,retry,False,0.0,1
CASE_000994,CUST_00376,retry,False,0.0,1
CASE_000995,CUST_00376,retry,True,43361.55,1
CASE_000996,CUST_00376,retry,False,0.0,1
CASE_000997,CUST_00379,retry,False,0.0,1
CASE_000998,CUST_00380,retry,False,0.0,1
CASE_000999,CUST_00382,retry,False,0.0,1
CASE_001000,CUST_00383,retry,False,0.0,1
CASE_001001,CUST_00383,retry,True,17797.75,1
CASE_001002,CUST_00383,retry,True,10401.89,1
CASE_001003,CUST_00384,retry,True,13210.82,1
CASE_001004,CUST_00384,retry,True,40643.14,1
CASE_001005,CUST_00384,retry,False,0.0,1
CASE_001006,CUST_00385,retry,True,4097.05,1
CASE_001007,CUST_00386,retry,True,8918.55,1
CASE_001008,CUST_00387,retry,True,14464.23,1
CASE_001009,CUST_00387,retry,False,0.0,1
CASE_001010,CUST_00389,retry,False,0.0,1
CASE_001011,CUST_00389,retry,False,0.0,1
CASE_001012,CUST_00390,retry,True,59215.72,1
CASE_001013,CUST_00392,retry,True,30530.66,1
CASE_001014,CUST_00392,retry,False,0.0,1
CASE_001015,CUST_00395,retry,False,0.0,1
CASE_001016,CUST_00395,retry,True,14551.2,1
CASE_001017,CUST_00396,retry,False,0.0,1
CASE_001018,CUST_00396,retry,False,0.0,1
CASE_001019,CUST_00396,retry,False,0.0,1
CASE_001020,CUST_00397,retry,False,0.0,1
CASE_001021,CUST_00397,retry,False,0.0,1
CASE_001022,CUST_00398,retry,True,70970.16,1
CASE_001023,CUST_00398,retry,False,0.0,1
CASE_001024,CUST_00398,retry,False,0.0,1
CASE_001025,CUST_00401,retry,True,2209.39,1
CASE_001026,CUST_00401,retry,False,0.0,1
CASE_001027,CUST_00402,retry,True,49115.14,1
CASE_001028,CUST_00402,retry,False,0.0,1
CASE_001029,CUST_00403,retry,False,0.0,1
CASE_001030,CUST_00403,retry,True,5695.93,1
CASE_001031,CUST_00404,retry,False,0.0,1
CASE_001032,CUST_00405,retry,False,0.0,1
CASE_001033,CUST_00405,retry,False,0.0,1
CASE_001034,CUST_00405,retry,True,17332.29,1
CASE_001035,CUST_00405,retry,False,0.0,1
CASE_001036,CUST_00405,retry,False,0.0,1
CASE_001037,CUST_00405,retry,False,0.0,1
CASE_001038,CUST_00405,retry,False,0.0,1
CASE_001039,CUST_00406,retry,False,0.0,1
CASE_001040,CUST_00407,retry,False,0.0,1
CASE_001041,CUST_00408,retry,True,35254.34,1
CASE_001042,CUST_00410,retry,False,0.0,1
CASE_001043,CUST_00410,retry,True,18584.35,1
CASE_001044,CUST_00410,retry,False,0.0,1
CASE_001045,CUST_00411,retry,True,30434.99,1
CASE_001046,CUST_00411,retry,False,0.0,1
CASE_001047,CUST_00412,retry,False,0.0,1
CASE_001048,CUST_00412,retry,True,90575.49,1
CASE_001049,CUST_00412,retry,False,0.0,1
CASE_001050,CUST_00413,retry,False,0.0,1
CASE_001051,CUST_00414,retry,False,0.0,1
CASE_001052,CUST_00415,retry,True,507.34,1
CASE_001053,CUST_00415,retry,False,0.0,1
CASE_001054,CUST_00415,retry,True,8278.62,1
CASE_001055,CUST_00416,retry,False,0.0,1
CASE_001056,CUST_00416,retry,False,0.0,1
CASE_001057,CUST_00417,retry,True,25418.67,1
CASE_001058,CUST_00419,retry,False,0.0,1
CASE_001059,CUST_00420,retry,True,40512.33,1
CASE_001060,CUST_00421,retry,False,0.0,1
CASE_001061,CUST_00422,retry,False,0.0,1
CASE_001062,CUST_00423,retry,False,0.0,1
CASE_001063,CUST_00424,retry,False,0.0,1
CASE_001064,CUST_00424,retry,True,43047.05,1
CASE_001065,CUST_00425,retry,True,28682.29,1
CASE_001066,CUST_00426,retry,True,3520.66,1
CASE_001067,CUST_00427,retry,False,0.0,1
CASE_001068,CUST_00427,retry,False,0.0,1
CASE_001069,CUST_00428,retry,False,0.0,1
CASE_001070,CUST_00429,retry,False,0.0,1
CASE_001071,CUST_00430,retry,False,0.0,1
CASE_001072,CUST_00431,retry,True,18819.79,1
CASE_001073,CUST_00431,retry,True,44520.93,1
CASE_001074,CUST_00432,retry,True,12286.26,1
CASE_001075,CUST_00433,retry,False,0.0,1
CASE_001076,CUST_00433,retry,False,0.0,1
CASE_001077,CUST_00434,retry,True,17275.15,1
CASE_001078,CUST_00434,retry,False,0.0,1
CASE_001079,CUST_00435,retry,False,0.0,1
CASE_001080,CUST_00436,retry,True,37610.75,1
CASE_001081,CUST_00436,retry,False,0.0,1
CASE_001082,CUST_00436,retry,False,0.0,1
CASE_001083,CUST_00437,retry,False,0.0,1
CASE_001084,CUST_00440,retry,True,6968.29,1
CASE_001085,CUST_00440,retry,False,0.0,1
CASE_001086,CUST_00441,retry,False,0.0,1
CASE_001087,CUST_00442,retry,False,0.0,1
CASE_001088,CUST_00443,retry,False,0.0,1
CASE_001089,CUST_00443,retry,True,10257.94,1
CASE_001090,CUST_00443,retry,True,7250.85,1
CASE_001091,CUST_00443,retry,False,0.0,1
CASE_001092,CUST_00443,retry,False,0.0,1
CASE_001093,CUST_00444,retry,True,6544.46,1
CASE_001094,CUST_00445,retry,False,0.0,1
CASE_001095,CUST_00445,retry,True,4170.91,1
CASE_001096,CUST_00445,retry,True,12971.1,1
CASE_001097,CUST_00446,retry,True,7208.75,1
CASE_001098,CUST_00446,retry,False,0.0,1
CASE_001099,CUST_00446,retry,False,0.0,1
CASE_001100,CUST_00447,retry,False,0.0,1
CASE_001101,CUST_00447,retry,True,14877.85,1
CASE_001102,CUST_00449,retry,False,0.0,1
CASE_001103,CUST_00449,retry,False,0.0,1
CASE_001104,CUST_00451,retry,False,0.0,1
CASE_001105,CUST_00452,retry,False,0.0,1
CASE_001106,CUST_00452,retry,False,0.0,1
CASE_001107,CUST_00452,retry,False,0.0,1
CASE_001108,CUST_00453,retry,False,0.0,1
CASE_001109,CUST_00453,retry,False,0.0,1
CASE_001110,CUST_00456,retry,True,45519.4,1
CASE_001111,CUST_00457,retry,True,12363.14,1
CASE_001112,CUST_00458,retry,True,26380.67,1
CASE_001113,CUST_00458,retry,False,0.0,1
CASE_001114,CUST_00459,retry,True,11981.64,1
CASE_001115,CUST_00460,retry,False,0.0,1
CASE_001116,CUST_00461,retry,False,0.0,1
CASE_001117,CUST_00462,retry,False,0.0,1
CASE_001118,CUST_00462,retry,True,5504.9,1
CASE_001119,CUST_00462,retry,False,0.0,1
CASE_001120,CUST_00463,retry,True,13334.64,1
CASE_001121,CUST_00463,retry,False,0.0,1
CASE_001122,CUST_00463,retry,False,0.0,1
CASE_001123,CUST_00464,retry,False,0.0,1
CASE_001124,CUST_00464,retry,False,0.0,1
CASE_001125,CUST_00464,retry,False,0.0,1
CASE_001126,CUST_00464,retry,False,0.0,1
CASE_001127,CUST_00466,retry,False,0.0,1
CASE_001128,CUST_00467,retry,False,0.0,1
CASE_001129,CUST_00467,retry,False,0.0,1
CASE_001130,CUST_00467,retry,True,17989.93,1
CASE_001131,CUST_00468,retry,True,14965.41,1
CASE_001132,CUST_00469,retry,False,0.0,1
CASE_001133,CUST_00469,retry,True,8354.29,1
CASE_001134,CUST_00470,retry,False,0.0,1
CASE_001135,CUST_00472,retry,True,17177.94,1
CASE_001136,CUST_00476,retry,False,0.0,1
CASE_001137,CUST_00476,retry,True,14795.24,1
CASE_001138,CUST_00477,retry,True,38937.13,1
CASE_001139,CUST_00478,retry,False,0.0,1
CASE_001140,CUST_00478,retry,True,47963.87,1
CASE_001141,CUST_00479,retry,False,0.0,1
CASE_001142,CUST_00480,retry,False,0.0,1
CASE_001143,CUST_00480,retry,True,28649.21,1
CASE_001144,CUST_00482,retry,False,0.0,1
CASE_001145,CUST_00482,retry,False,0.0,1
CASE_001146,CUST_00483,retry,True,33533.42,1
CASE_001147,CUST_00483,retry,False,0.0,1
CASE_001148,CUST_00483,retry,False,0.0,1
CASE_001149,CUST_00484,retry,True,7099.63,1
CASE_001150,CUST_00488,retry,False,0.0,1
CASE_001151,CUST_00488,retry,True,44676.66,1
CASE_001152,CUST_00489,retry,False,0.0,1
CASE_001153,CUST_00490,retry,False,0.0,1
CASE_001154,CUST_00491,retry,False,0.0,1
CASE_001155,CUST_00491,retry,True,11262.86,1
CASE_001156,CUST_00492,retry,True,3710.56,1
CASE_001157,CUST_00492,retry,True,19859.17,1
CASE_001158,CUST_00493,retry,True,59431.34,1
CASE_001159,CUST_00493,retry,False,0.0,1
CASE_001160,CUST_00495,retry,True,10393.45,1
CASE_001161,CUST_00496,retry,True,42335.33,1
CASE_001162,CUST_00496,retry,False,0.0,1
CASE_001163,CUST_00496,retry,True,16614.22,1
CASE_001164,CUST_00497,retry,False,0.0,1
CASE_001165,CUST_00497,retry,False,0.0,1
CASE_001166,CUST_00498,retry,False,0.0,1
CASE_001167,CUST_00498,retry,True,19626.91,1
CASE_001168,CUST_00499,retry,False,0.0,1
CASE_001169,CUST_00499,retry,True,5677.76,1
CASE_001170,CUST_00499,retry,True,15660.45,1
CASE_001171,CUST_00500,retry,False,0.0,1
CASE_001172,CUST_00501,retry,False,0.0,1
CASE_001173,CUST_00501,retry,True,28791.53,1
CASE_001174,CUST_00502,retry,False,0.0,1
CASE_001175,CUST_00502,retry,False,0.0,1
CASE_001176,CUST_00505,retry,False,0.0,1
CASE_001177,CUST_00505,retry,False,0.0,1
CASE_001178,CUST_00506,retry,False,0.0,1
CASE_001179,CUST_00507,retry,False,0.0,1
CASE_001180,CUST_00507,retry,True,43833.5,1
CASE_001181,CUST_00508,retry,False,0.0,1
CASE_001182,CUST_00509,retry,False,0.0,1
CASE_001183,CUST_00511,retry,False,0.0,1
CASE_001184,CUST_00511,retry,False,0.0,1
CASE_001185,CUST_00513,retry,False,0.0,1
CASE_001186,CUST_00514,retry,False,0.0,1
CASE_001187,CUST_00514,retry,True,11204.12,1
CASE_001188,CUST_00515,retry,True,6120.36,1
CASE_001189,CUST_00515,retry,True,6530.35,1
CASE_001190,CUST_00515,retry,False,0.0,1
CASE_001191,CUST_00516,retry,False,0.0,1
CASE_001192,CUST_00516,retry,True,7996.69,1
CASE_001193,CUST_00517,retry,False,0.0,1
CASE_001194,CUST_00518,retry,False,0.0,1
CASE_001195,CUST_00518,retry,True,68153.22,1
CASE_001196,CUST_00520,retry,False,0.0,1
CASE_001197,CUST_00520,retry,True,10596.92,1
CASE_001198,CUST_00521,retry,True,17294.64,1
CASE_001199,CUST_00522,retry,False,0.0,1
CASE_001200,CUST_00523,retry,False,0.0,1
CASE_001201,CUST_00524,retry,False,0.0,1
CASE_001202,CUST_00524,retry,False,0.0,1
CASE_001203,CUST_00525,retry,False,0.0,1
CASE_001204,CUST_00525,retry,True,11002.9,1
CASE_001205,CUST_00526,retry,False,0.0,1
CASE_001206,CUST_00526,retry,False,0.0,1
CASE_001207,CUST_00527,retry,True,92899.98,1
CASE_001208,CUST_00527,retry,True,31273.44,1
CASE_001209,CUST_00528,retry,False,0.0,1
CASE_001210,CUST_00528,retry,False,0.0,1
CASE_001211,CUST_00528,retry,False,0.0,1
CASE_001212,CUST_00529,retry,True,11135.77,1
CASE_001213,CUST_00530,retry,False,0.0,1
CASE_001214,CUST_00531,retry,False,0.0,1
CASE_001215,CUST_00532,retry,False,0.0,1
CASE_001216,CUST_00532,retry,True,31119.77,1
CASE_001217,CUST_00533,retry,False,0.0,1
CASE_001218,CUST_00534,retry,True,8853.63,1
CASE_001219,CUST_00534,retry,True,12838.62,1
CASE_001220,CUST_00535,retry,False,0.0,1
CASE_001221,CUST_00536,retry,False,0.0,1
CASE_001222,CUST_00536,retry,False,0.0,1
CASE_001223,CUST_00536,retry,False,0.0,1
CASE_001224,CUST_00537,retry,True,47225.26,1
CASE_001225,CUST_00537,retry,False,0.0,1
CASE_001226,CUST_00538,retry,True,19180.86,1
CASE_001227,CUST_00539,retry,False,0.0,1
CASE_001228,CUST_00539,retry,False,0.0,1
CASE_001229,CUST_00539,retry,True,4472.41,1
CASE_001230,CUST_00539,retry,True,13966.7,1
CASE_001231,CUST_00540,retry,False,0.0,1
CASE_001232,CUST_00540,retry,True,29162.9,1
CASE_001233,CUST_00542,retry,True,17791.34,1
CASE_001234,CUST_00544,retry,False,0.0,1
CASE_001235,CUST_00545,retry,False,0.0,1
CASE_001236,CUST_00545,retry,True,67891.13,1
CASE_001237,CUST_00546,retry,True,33161.47,1
CASE_001238,CUST_00547,retry,False,0.0,1
CASE_001239,CUST_00547,retry,True,6076.37,1
CASE_001240,CUST_00547,retry,False,0.0,1
CASE_001241,CUST_00548,retry,False,0.0,1
CASE_001242,CUST_00549,retry,True,12743.91,1
CASE_001243,CUST_00549,retry,True,39365.21,1
CASE_001244,CUST_00550,retry,True,47788.04,1
CASE_001245,CUST_00550,retry,False,0.0,1
CASE_001246,CUST_00550,retry,True,62355.8,1
CASE_001247,CUST_00551,retry,True,13032.57,1
CASE_001248,CUST_00553,retry,False,0.0,1
CASE_001249,CUST_00554,retry,False,0.0,1
CASE_001250,CUST_00554,retry,True,5977.68,1
CASE_001251,CUST_00554,retry,False,0.0,1
CASE_001252,CUST_00554,retry,True,20140.56,1
CASE_001253,CUST_00554,retry,False,0.0,1
CASE_001254,CUST_00554,retry,True,41844.42,1
CASE_001255,CUST_00554,retry,True,32887.72,1
CASE_001256,CUST_00555,retry,True,13365.86,1
CASE_001257,CUST_00555,retry,False,0.0,1
CASE_001258,CUST_00556,retry,False,0.0,1
CASE_001259,CUST_00557,retry,False,0.0,1
CASE_001260,CUST_00557,retry,True,24505.87,1
CASE_001261,CUST_00558,retry,False,0.0,1
CASE_001262,CUST_00558,retry,False,0.0,1
CASE_001263,CUST_00558,retry,False,0.0,1
CASE_001264,CUST_00558,retry,True,12647.45,1
CASE_001265,CUST_00559,retry,True,5639.78,1
CASE_001266,CUST_00559,retry,False,0.0,1
CASE_001267,CUST_00561,retry,False,0.0,1
CASE_001268,CUST_00563,retry,False,0.0,1
CASE_001269,CUST_00563,retry,False,0.0,1
CASE_001270,CUST_00563,retry,False,0.0,1
CASE_001271,CUST_00564,retry,False,0.0,1
CASE_001272,CUST_00566,retry,True,69201.25,1
CASE_001273,CUST_00567,retry,False,0.0,1
CASE_001274,CUST_00567,retry,False,0.0,1
CASE_001275,CUST_00568,retry,False,0.0,1
CASE_001276,CUST_00569,retry,False,0.0,1
CASE_001277,CUST_00570,retry,False,0.0,1
CASE_001278,CUST_00570,retry,False,0.0,1
CASE_001279,CUST_00570,retry,False,0.0,1
CASE_001280,CUST_00571,retry,False,0.0,1
CASE_001281,CUST_00573,retry,False,0.0,1
CASE_001282,CUST_00574,retry,False,0.0,1
CASE_001283,CUST_00574,retry,False,0.0,1
CASE_001284,CUST_00574,retry,False,0.0,1
CASE_001285,CUST_00576,retry,False,0.0,1
CASE_001286,CUST_00577,retry,False,0.0,1
CASE_001287,CUST_00577,retry,False,0.0,1
CASE_001288,CUST_00578,retry,False,0.0,1
CASE_001289,CUST_00579,retry,True,5182.18,1
CASE_001290,CUST_00580,retry,True,8000.65,1
CASE_001291,CUST_00580,retry,True,3356.39,1
CASE_001292,CUST_00582,retry,False,0.0,1
CASE_001293,CUST_00582,retry,True,45673.04,1
CASE_001294,CUST_00583,retry,False,0.0,1
CASE_001295,CUST_00583,retry,False,0.0,1
CASE_001296,CUST_00584,retry,False,0.0,1
CASE_001297,CUST_00584,retry,False,0.0,1
CASE_001298,CUST_00585,retry,True,8717.41,1
CASE_001299,CUST_00585,retry,False,0.0,1
CASE_001300,CUST_00585,retry,False,0.0,1
CASE_001301,CUST_00586,retry,True,28620.47,1
CASE_001302,CUST_00586,retry,False,0.0,1
CASE_001303,CUST_00586,retry,False,0.0,1
CASE_001304,CUST_00587,retry,False,0.0,1
CASE_001305,CUST_00588,retry,True,13902.33,1
CASE_001306,CUST_00588,retry,True,5102.98,1
CASE_001307,CUST_00588,retry,False,0.0,1
CASE_001308,CUST_00589,retry,False,0.0,1
CASE_001309,CUST_00589,retry,True,40405.29,1
CASE_001310,CUST_00590,retry,True,14778.56,1
CASE_001311,CUST_00593,retry,False,0.0,1
CASE_001312,CUST_00593,retry,True,9946.79,1
CASE_001313,CUST_00594,retry,True,26641.56,1
CASE_001314,CUST_00594,retry,False,0.0,1
CASE_001315,CUST_00595,retry,False,0.0,1
CASE_001316,CUST_00596,retry,True,16785.18,1
CASE_001317,CUST_00596,retry,True,17199.41,1
CASE_001318,CUST_00597,retry,True,18690.6,1
CASE_001319,CUST_00599,retry,False,0.0,1
CASE_001320,CUST_00600,retry,False,0.0,1
CASE_001321,CUST_00600,retry,True,38019.18,1
CASE_001322,CUST_00603,retry,False,0.0,1
CASE_001323,CUST_00607,retry,True,16998.93,1
CASE_001324,CUST_00608,retry,False,0.0,1
CASE_001325,CUST_00608,retry,True,52446.75,1
CASE_001326,CUST_00608,retry,True,7941.09,1
CASE_001327,CUST_00608,retry,False,0.0,1
CASE_001328,CUST_00608,retry,False,0.0,1
CASE_001329,CUST_00610,retry,False,0.0,1
CASE_001330,CUST_00614,retry,False,0.0,1
CASE_001331,CUST_00615,retry,False,0.0,1
CASE_001332,CUST_00617,retry,False,0.0,1
CASE_001333,CUST_00618,retry,False,0.0,1
CASE_001334,CUST_00619,retry,False,0.0,1
CASE_001335,CUST_00619,retry,False,0.0,1
CASE_001336,CUST_00619,retry,False,0.0,1
CASE_001337,CUST_00619,retry,False,0.0,1
CASE_001338,CUST_00620,retry,True,11790.04,1
CASE_001339,CUST_00621,retry,False,0.0,1
CASE_001340,CUST_00621,retry,False,0.0,1
CASE_001341,CUST_00622,retry,True,3084.31,1
CASE_001342,CUST_00623,retry,True,8849.13,1
CASE_001343,CUST_00623,retry,True,20313.22,1
CASE_001344,CUST_00624,retry,False,0.0,1
CASE_001345,CUST_00624,retry,False,0.0,1
CASE_001346,CUST_00625,retry,False,0.0,1
CASE_001347,CUST_00625,retry,False,0.0,1
CASE_001348,CUST_00626,retry,True,52715.74,1
CASE_001349,CUST_00626,retry,False,0.0,1
CASE_001350,CUST_00628,retry,True,3659.88,1
CASE_001351,CUST_00630,retry,True,33839.22,1
CASE_001352,CUST_00631,retry,False,0.0,1
CASE_001353,CUST_00631,retry,False,0.0,1
CASE_001354,CUST_00631,retry,False,0.0,1
CASE_001355,CUST_00632,retry,False,0.0,1
CASE_001356,CUST_00632,retry,False,0.0,1
CASE_001357,CUST_00632,retry,False,0.0,1
CASE_001358,CUST_00633,retry,True,36610.43,1
CASE_001359,CUST_00633,retry,True,44105.07,1
CASE_001360,CUST_00634,retry,True,46456.84,1
CASE_001361,CUST_00636,retry,False,0.0,1
CASE_001362,CUST_00638,retry,True,24848.03,1
CASE_001363,CUST_00639,retry,False,0.0,1
CASE_001364,CUST_00639,retry,False,0.0,1
CASE_001365,CUST_00639,retry,True,19257.2,1
CASE_001366,CUST_00640,retry,False,0.0,1
CASE_001367,CUST_00640,retry,True,11794.41,1
CASE_001368,CUST_00642,retry,False,0.0,1
CASE_001369,CUST_00642,retry,True,19857.73,1
CASE_001370,CUST_00643,retry,True,26539.78,1
CASE_001371,CUST_00644,retry,False,0.0,1
CASE_001372,CUST_00644,retry,False,0.0,1
CASE_001373,CUST_00645,retry,True,24588.81,1
CASE_001374,CUST_00645,retry,False,0.0,1
CASE_001375,CUST_00645,retry,False,0.0,1
CASE_001376,CUST_00645,retry,False,0.0,1
CASE_001377,CUST_00645,retry,False,0.0,1
CASE_001378,CUST_00646,retry,False,0.0,1
CASE_001379,CUST_00646,retry,False,0.0,1
CASE_001380,CUST_00646,retry,False,0.0,1
CASE_001381,CUST_00647,retry,False,0.0,1
CASE_001382,CUST_00647,retry,False,0.0,1
CASE_001383,CUST_00647,retry,False,0.0,1
CASE_001384,CUST_00647,retry,False,0.0,1
CASE_001385,CUST_00647,retry,False,0.0,1
CASE_001386,CUST_00648,retry,True,17774.17,1
CASE_001387,CUST_00648,retry,False,0.0,1
CASE_001388,CUST_00649,retry,False,0.0,1
CASE_001389,CUST_00649,retry,False,0.0,1
CASE_001390,CUST_00650,retry,True,24621.99,1
CASE_001391,CUST_00650,retry,True,45680.73,1
CASE_001392,CUST_00652,retry,False,0.0,1
CASE_001393,CUST_00653,retry,False,0.0,1
CASE_001394,CUST_00654,retry,False,0.0,1
CASE_001395,CUST_00655,retry,False,0.0,1
CASE_001396,CUST_00655,retry,True,15217.3,1
CASE_001397,CUST_00656,retry,False,0.0,1
CASE_001398,CUST_00657,retry,True,77992.32,1
CASE_001399,CUST_00658,retry,False,0.0,1
CASE_001400,CUST_00658,retry,False,0.0,1
CASE_001401,CUST_00658,retry,False,0.0,1
CASE_001402,CUST_00659,retry,False,0.0,1
CASE_001403,CUST_00659,retry,False,0.0,1
CASE_001404,CUST_00659,retry,False,0.0,1
CASE_001405,CUST_00659,retry,True,5991.76,1
CASE_001406,CUST_00659,retry,False,0.0,1
CASE_001407,CUST_00660,retry,False,0.0,1
CASE_001408,CUST_00660,retry,False,0.0,1
CASE_001409,CUST_00660,retry,False,0.0,1
CASE_001410,CUST_00663,retry,False,0.0,1
CASE_001411,CUST_00663,retry,False,0.0,1
CASE_001412,CUST_00663,retry,False,0.0,1
CASE_001413,CUST_00663,retry,False,0.0,1
CASE_001414,CUST_00663,retry,False,0.0,1
CASE_001415,CUST_00664,retry,True,4769.73,1
CASE_001416,CUST_00664,retry,True,44369.6,1
CASE_001417,CUST_00664,retry,False,0.0,1
CASE_001418,CUST_00667,retry,True,11156.13,1
CASE_001419,CUST_00668,retry,False,0.0,1
CASE_001420,CUST_00670,retry,True,2526.06,1
CASE_001421,CUST_00670,retry,False,0.0,1
CASE_001422,CUST_00671,retry,True,65013.36,1
CASE_001423,CUST_00673,retry,True,6740.45,1
CASE_001424,CUST_00675,retry,True,15501.81,1
CASE_001425,CUST_00676,retry,True,66547.18,1
CASE_001426,CUST_00676,retry,False,0.0,1
CASE_001427,CUST_00676,retry,False,0.0,1
CASE_001428,CUST_00676,retry,False,0.0,1
CASE_001429,CUST_00680,retry,False,0.0,1
CASE_001430,CUST_00681,retry,True,34505.21,1
CASE_001431,CUST_00684,retry,False,0.0,1
CASE_001432,CUST_00685,retry,False,0.0,1
CASE_001433,CUST_00687,retry,True,39855.21,1
CASE_001434,CUST_00688,retry,False,0.0,1
CASE_001435,CUST_00688,retry,True,30028.9,1
CASE_001436,CUST_00688,retry,True,14343.49,1
CASE_001437,CUST_00689,retry,False,0.0,1
CASE_001438,CUST_00689,retry,True,6458.63,1
CASE_001439,CUST_00690,retry,True,40941.72,1
CASE_001440,CUST_00690,retry,False,0.0,1
CASE_001441,CUST_00691,retry,True,98752.77,1
CASE_001442,CUST_00691,retry,False,0.0,1
CASE_001443,CUST_00693,retry,True,63183.85,1
CASE_001444,CUST_00694,retry,False,0.0,1
CASE_001445,CUST_00694,retry,False,0.0,1
CASE_001446,CUST_00694,retry,True,4012.41,1
CASE_001447,CUST_00695,retry,True,8906.03,1
CASE_001448,CUST_00695,retry,False,0.0,1
CASE_001449,CUST_00697,retry,False,0.0,1
CASE_001450,CUST_00697,retry,True,58086.9,1
CASE_001451,CUST_00697,retry,False,0.0,1
CASE_001452,CUST_00697,retry,False,0.0,1
CASE_001453,CUST_00698,retry,False,0.0,1
CASE_001454,CUST_00699,retry,False,0.0,1
CASE_001455,CUST_00700,retry,False,0.0,1
CASE_001456,CUST_00701,retry,False,0.0,1
CASE_001457,CUST_00703,retry,True,72720.21,1
CASE_001458,CUST_00705,retry,True,5169.36,1
CASE_001459,CUST_00707,retry,False,0.0,1
CASE_001460,CUST_00707,retry,True,49415.27,1
CASE_001461,CUST_00708,retry,False,0.0,1
CASE_001462,CUST_00709,retry,False,0.0,1
CASE_001463,CUST_00710,retry,True,29675.78,1
CASE_001464,CUST_00711,retry,True,13199.75,1
CASE_001465,CUST_00712,retry,True,7876.08,1
CASE_001466,CUST_00712,retry,False,0.0,1
CASE_001467,CUST_00712,retry,True,44604.67,1
CASE_001468,CUST_00713,retry,False,0.0,1
CASE_001469,CUST_00713,retry,False,0.0,1
CASE_001470,CUST_00713,retry,False,0.0,1
CASE_001471,CUST_00714,retry,False,0.0,1
CASE_001472,CUST_00714,retry,False,0.0,1
CASE_001473,CUST_00715,retry,True,45645.59,1
CASE_001474,CUST_00716,retry,False,0.0,1
CASE_001475,CUST_00716,retry,True,74792.68,1
CASE_001476,CUST_00716,retry,False,0.0,1
CASE_001477,CUST_00716,retry,True,45837.04,1
CASE_001478,CUST_00717,retry,True,11460.43,1
CASE_001479,CUST_00717,retry,True,3399.82,1
CASE_001480,CUST_00718,retry,False,0.0,1
CASE_001481,CUST_00719,retry,True,29417.91,1
CASE_001482,CUST_00719,retry,True,13726.02,1
CASE_001483,CUST_00720,retry,True,24549.74,1
CASE_001484,CUST_00720,retry,True,63140.51,1
CASE_001485,CUST_00720,retry,False,0.0,1
CASE_001486,CUST_00723,retry,False,0.0,1
CASE_001487,CUST_00723,retry,True,43201.78,1
CASE_001488,CUST_00724,retry,False,0.0,1
CASE_001489,CUST_00725,retry,False,0.0,1
CASE_001490,CUST_00727,retry,True,22135.4,1
CASE_001491,CUST_00729,retry,False,0.0,1
CASE_001492,CUST_00730,retry,False,0.0,1
CASE_001493,CUST_00731,retry,False,0.0,1
CASE_001494,CUST_00732,retry,True,36765.85,1
CASE_001495,CUST_00732,retry,False,0.0,1
CASE_001496,CUST_00733,retry,True,5307.12,1
CASE_001497,CUST_00733,retry,True,13320.28,1
CASE_001498,CUST_00733,retry,False,0.0,1
CASE_001499,CUST_00734,retry,True,53109.82,1
CASE_001500,CUST_00734,retry,False,0.0,1
CASE_001501,CUST_00735,retry,True,9855.11,1
CASE_001502,CUST_00737,retry,False,0.0,1
CASE_001503,CUST_00737,retry,False,0.0,1
CASE_001504,CUST_00737,retry,False,0.0,1
CASE_001505,CUST_00739,retry,False,0.0,1
CASE_001506,CUST_00740,retry,False,0.0,1
CASE_001507,CUST_00741,retry,False,0.0,1
CASE_001508,CUST_00743,retry,True,3621.76,1
CASE_001509,CUST_00744,retry,False,0.0,1
CASE_001510,CUST_00744,retry,False,0.0,1
CASE_001511,CUST_00745,retry,False,0.0,1
CASE_001512,CUST_00745,retry,False,0.0,1
CASE_001513,CUST_00745,retry,False,0.0,1
CASE_001514,CUST_00746,retry,False,0.0,1
CASE_001515,CUST_00747,retry,False,0.0,1
CASE_001516,CUST_00747,retry,False,0.0,1
CASE_001517,CUST_00748,retry,False,0.0,1
CASE_001518,CUST_00748,retry,False,0.0,1
CASE_001519,CUST_00749,retry,True,48921.21,1
CASE_001520,CUST_00750,retry,True,9806.08,1
CASE_001521,CUST_00752,retry,True,9100.12,1
CASE_001522,CUST_00752,retry,True,31004.51,1
CASE_001523,CUST_00753,retry,False,0.0,1
CASE_001524,CUST_00754,retry,True,19228.35,1
CASE_001525,CUST_00754,retry,True,3573.01,1
CASE_001526,CUST_00754,retry,False,0.0,1
CASE_001527,CUST_00756,retry,False,0.0,1
CASE_001528,CUST_00756,retry,False,0.0,1
CASE_001529,CUST_00756,retry,False,0.0,1
CASE_001530,CUST_00757,retry,False,0.0,1
CASE_001531,CUST_00757,retry,False,0.0,1
CASE_001532,CUST_00758,retry,False,0.0,1
CASE_001533,CUST_00758,retry,True,35212.64,1
CASE_001534,CUST_00761,retry,False,0.0,1
CASE_001535,CUST_00763,retry,True,18430.46,1
CASE_001536,CUST_00763,retry,False,0.0,1
CASE_001537,CUST_00764,retry,True,39613.12,1
CASE_001538,CUST_00764,retry,False,0.0,1
CASE_001539,CUST_00764,retry,False,0.0,1
CASE_001540,CUST_00768,retry,True,21527.65,1
CASE_001541,CUST_00768,retry,False,0.0,1
CASE_001542,CUST_00769,retry,False,0.0,1
CASE_001543,CUST_00771,retry,True,15633.98,1
CASE_001544,CUST_00771,retry,True,15903.65,1
CASE_001545,CUST_00772,retry,True,40746.44,1
CASE_001546,CUST_00772,retry,False,0.0,1
CASE_001547,CUST_00772,retry,True,36945.71,1
CASE_001548,CUST_00773,retry,True,22011.89,1
CASE_001549,CUST_00774,retry,False,0.0,1
CASE_001550,CUST_00774,retry,True,19641.26,1
CASE_001551,CUST_00776,retry,True,23085.53,1
CASE_001552,CUST_00777,retry,False,0.0,1
CASE_001553,CUST_00777,retry,False,0.0,1
CASE_001554,CUST_00778,retry,False,0.0,1
CASE_001555,CUST_00779,retry,True,11902.56,1
CASE_001556,CUST_00779,retry,True,17416.43,1
CASE_001557,CUST_00780,retry,False,0.0,1
CASE_001558,CUST_00780,retry,False,0.0,1
CASE_001559,CUST_00780,retry,False,0.0,1
CASE_001560,CUST_00780,retry,False,0.0,1
CASE_001561,CUST_00780,retry,True,31099.82,1
CASE_001562,CUST_00781,retry,False,0.0,1
CASE_001563,CUST_00781,retry,False,0.0,1
CASE_001564,CUST_00782,retry,False,0.0,1
CASE_001565,CUST_00783,retry,False,0.0,1
CASE_001566,CUST_00784,retry,False,0.0,1
CASE_001567,CUST_00784,retry,True,959.6,1
CASE_001568,CUST_00785,retry,True,30959.26,1
CASE_001569,CUST_00786,retry,True,5354.99,1
CASE_001570,CUST_00786,retry,False,0.0,1
CASE_001571,CUST_00786,retry,True,8359.4,1
CASE_001572,CUST_00787,retry,False,0.0,1
CASE_001573,CUST_00787,retry,False,0.0,1
CASE_001574,CUST_00787,retry,True,2162.41,1
CASE_001575,CUST_00788,retry,True,19178.42,1
CASE_001576,CUST_00788,retry,False,0.0,1
CASE_001577,CUST_00789,retry,False,0.0,1
CASE_001578,CUST_00790,retry,False,0.0,1
CASE_001579,CUST_00790,retry,True,13777.75,1
CASE_001580,CUST_00790,retry,False,0.0,1
CASE_001581,CUST_00792,retry,True,21699.83,1
CASE_001582,CUST_00792,retry,False,0.0,1
CASE_001583,CUST_00792,retry,True,34017.87,1
CASE_001584,CUST_00793,retry,True,31459.78,1
CASE_001585,CUST_00794,retry,True,47723.36,1
CASE_001586,CUST_00794,retry,False,0.0,1
CASE_001587,CUST_00795,retry,False,0.0,1
CASE_001588,CUST_00796,retry,False,0.0,1
CASE_001589,CUST_00797,retry,True,16839.76,1
CASE_001590,CUST_00798,retry,True,8068.41,1
CASE_001591,CUST_00798,retry,False,0.0,1
CASE_001592,CUST_00798,retry,False,0.0,1
CASE_001593,CUST_00799,retry,False,0.0,1
CASE_001594,CUST_00799,retry,False,0.0,1
CASE_001595,CUST_00800,retry,False,0.0,1
CASE_001596,CUST_00800,retry,False,0.0,1
CASE_001597,CUST_00800,retry,False,0.0,1
CASE_001598,CUST_00801,retry,False,0.0,1
CASE_001599,CUST_00802,retry,False,0.0,1
CASE_001600,CUST_00804,retry,True,30400.86,1
CASE_001601,CUST_00806,retry,False,0.0,1
CASE_001602,CUST_00807,retry,True,17366.16,1
CASE_001603,CUST_00807,retry,False,0.0,1
CASE_001604,CUST_00810,retry,False,0.0,1
CASE_001605,CUST_00810,retry,True,26033.4,1
CASE_001606,CUST_00810,retry,False,0.0,1
CASE_001607,CUST_00811,retry,False,0.0,1
CASE_001608,CUST_00811,retry,True,4282.75,1
CASE_001609,CUST_00812,retry,False,0.0,1
CASE_001610,CUST_00812,retry,False,0.0,1
CASE_001611,CUST_00812,retry,True,32014.86,1
CASE_001612,CUST_00812,retry,True,44399.59,1
CASE_001613,CUST_00813,retry,True,6393.4,1
CASE_001614,CUST_00814,retry,False,0.0,1
CASE_001615,CUST_00815,retry,True,18873.6,1
CASE_001616,CUST_00816,retry,True,19033.29,1
CASE_001617,CUST_00816,retry,False,0.0,1
CASE_001618,CUST_00816,retry,False,0.0,1
CASE_001619,CUST_00818,retry,True,4514.93,1
CASE_001620,CUST_00819,retry,True,16214.15,1
CASE_001621,CUST_00819,retry,False,0.0,1
CASE_001622,CUST_00820,retry,False,0.0,1
CASE_001623,CUST_00822,retry,False,0.0,1
CASE_001624,CUST_00823,retry,False,0.0,1
CASE_001625,CUST_00824,retry,False,0.0,1
CASE_001626,CUST_00824,retry,True,8267.31,1
CASE_001627,CUST_00825,retry,True,12657.11,1
CASE_001628,CUST_00825,retry,True,81574.29,1
CASE_001629,CUST_00825,retry,False,0.0,1
CASE_001630,CUST_00825,retry,False,0.0,1
CASE_001631,CUST_00826,retry,True,18482.36,1
CASE_001632,CUST_00826,retry,True,14523.03,1
CASE_001633,CUST_00827,retry,True,16796.34,1
CASE_001634,CUST_00827,retry,False,0.0,1
CASE_001635,CUST_00830,retry,True,1221.59,1
CASE_001636,CUST_00830,retry,False,0.0,1
CASE_001637,CUST_00831,retry,False,0.0,1
CASE_001638,CUST_00833,retry,False,0.0,1
CASE_001639,CUST_00834,retry,False,0.0,1
CASE_001640,CUST_00834,retry,True,15249.31,1
CASE_001641,CUST_00835,retry,False,0.0,1
CASE_001642,CUST_00835,retry,False,0.0,1
CASE_001643,CUST_00835,retry,False,0.0,1
CASE_001644,CUST_00835,retry,False,0.0,1
CASE_001645,CUST_00837,retry,False,0.0,1
CASE_001646,CUST_00838,retry,True,41058.63,1
CASE_001647,CUST_00839,retry,False,0.0,1
CASE_001648,CUST_00840,retry,False,0.0,1
CASE_001649,CUST_00840,retry,True,13443.09,1
CASE_001650,CUST_00840,retry,True,5743.4,1
CASE_001651,CUST_00841,retry,True,34270.56,1
CASE_001652,CUST_00841,retry,False,0.0,1
CASE_001653,CUST_00842,retry,False,0.0,1
CASE_001654,CUST_00843,retry,False,0.0,1
CASE_001655,CUST_00844,retry,True,42305.73,1
CASE_001656,CUST_00844,retry,False,0.0,1
CASE_001657,CUST_00845,retry,True,66731.08,1
CASE_001658,CUST_00845,retry,True,26036.81,1
CASE_001659,CUST_00845,retry,True,22003.14,1
CASE_001660,CUST_00845,retry,True,4270.9,1
CASE_001661,CUST_00846,retry,False,0.0,1
CASE_001662,CUST_00846,retry,False,0.0,1
CASE_001663,CUST_00847,retry,False,0.0,1
CASE_001664,CUST_00847,retry,True,3590.6,1
CASE_001665,CUST_00848,retry,False,0.0,1
CASE_001666,CUST_00848,retry,False,0.0,1
CASE_001667,CUST_00848,retry,True,42805.79,1
CASE_001668,CUST_00848,retry,True,11576.74,1
CASE_001669,CUST_00849,retry,True,35244.95,1
CASE_001670,CUST_00849,retry,False,0.0,1
CASE_001671,CUST_00849,retry,False,0.0,1
CASE_001672,CUST_00851,retry,False,0.0,1
CASE_001673,CUST_00854,retry,False,0.0,1
CASE_001674,CUST_00855,retry,False,0.0,1
CASE_001675,CUST_00855,retry,False,0.0,1
CASE_001676,CUST_00855,retry,False,0.0,1
CASE_001677,CUST_00856,retry,False,0.0,1
CASE_001678,CUST_00856,retry,True,45407.32,1
CASE_001679,CUST_00859,retry,False,0.0,1
CASE_001680,CUST_00860,retry,False,0.0,1
CASE_001681,CUST_00860,retry,False,0.0,1
CASE_001682,CUST_00861,retry,True,14356.81,1
CASE_001683,CUST_00863,retry,True,6723.99,1
CASE_001684,CUST_00864,retry,False,0.0,1
CASE_001685,CUST_00866,retry,False,0.0,1
CASE_001686,CUST_00866,retry,True,16723.83,1
CASE_001687,CUST_00866,retry,True,37648.18,1
CASE_001688,CUST_00867,retry,False,0.0,1
CASE_001689,CUST_00868,retry,False,0.0,1
CASE_001690,CUST_00868,retry,False,0.0,1
CASE_001691,CUST_00869,retry,False,0.0,1
CASE_001692,CUST_00870,retry,True,30850.59,1
CASE_001693,CUST_00871,retry,True,46441.19,1
CASE_001694,CUST_00871,retry,False,0.0,1
CASE_001695,CUST_00871,retry,True,25954.75,1
CASE_001696,CUST_00872,retry,True,28738.8,1
CASE_001697,CUST_00874,retry,False,0.0,1
CASE_001698,CUST_00875,retry,True,11405.88,1
CASE_001699,CUST_00876,retry,False,0.0,1
CASE_001700,CUST_00876,retry,True,9046.4,1
CASE_001701,CUST_00877,retry,True,27405.14,1
CASE_001702,CUST_00877,retry,False,0.0,1
CASE_001703,CUST_00878,retry,True,8139.6,1
CASE_001704,CUST_00878,retry,False,0.0,1
CASE_001705,CUST_00878,retry,False,0.0,1
CASE_001706,CUST_00879,retry,False,0.0,1
CASE_001707,CUST_00880,retry,True,3783.13,1
CASE_001708,CUST_00880,retry,False,0.0,1
CASE_001709,CUST_00880,retry,False,0.0,1
CASE_001710,CUST_00881,retry,False,0.0,1
CASE_001711,CUST_00882,retry,False,0.0,1
CASE_001712,CUST_00883,retry,False,0.0,1
CASE_001713,CUST_00884,retry,False,0.0,1
CASE_001714,CUST_00884,retry,True,8642.79,1
CASE_001715,CUST_00885,retry,False,0.0,1
CASE_001716,CUST_00885,retry,False,0.0,1
CASE_001717,CUST_00885,retry,False,0.0,1
CASE_001718,CUST_00885,retry,True,15648.86,1
CASE_001719,CUST_00885,retry,True,48998.69,1
CASE_001720,CUST_00885,retry,False,0.0,1
CASE_001721,CUST_00886,retry,False,0.0,1
CASE_001722,CUST_00887,retry,True,76055.87,1
CASE_001723,CUST_00889,retry,False,0.0,1
CASE_001724,CUST_00889,retry,True,4480.17,1
CASE_001725,CUST_00889,retry,True,14472.28,1
CASE_001726,CUST_00891,retry,False,0.0,1
CASE_001727,CUST_00891,retry,False,0.0,1
CASE_001728,CUST_00891,retry,False,0.0,1
CASE_001729,CUST_00891,retry,False,0.0,1
CASE_001730,CUST_00893,retry,False,0.0,1
CASE_001731,CUST_00894,retry,False,0.0,1
CASE_001732,CUST_00898,retry,False,0.0,1
CASE_001733,CUST_00898,retry,False,0.0,1
CASE_001734,CUST_00898,retry,False,0.0,1
CASE_001735,CUST_00898,retry,False,0.0,1
CASE_001736,CUST_00898,retry,False,0.0,1
CASE_001737,CUST_00898,retry,False,0.0,1
CASE_001738,CUST_00899,retry,True,13403.64,1
CASE_001739,CUST_00899,retry,False,0.0,1
CASE_001740,CUST_00899,retry,False,0.0,1
CASE_001741,CUST_00899,retry,True,10470.7,1
CASE_001742,CUST_00899,retry,False,0.0,1
CASE_001743,CUST_00899,retry,False,0.0,1
CASE_001744,CUST_00900,retry,False,0.0,1
CASE_001745,CUST_00903,retry,False,0.0,1
CASE_001746,CUST_00903,retry,False,0.0,1
CASE_001747,CUST_00903,retry,True,14395.74,1
CASE_001748,CUST_00903,retry,True,49657.62,1
CASE_001749,CUST_00904,retry,True,36590.05,1
CASE_001750,CUST_00905,retry,True,10488.41,1
CASE_001751,CUST_00905,retry,False,0.0,1
CASE_001752,CUST_00905,retry,False,0.0,1
CASE_001753,CUST_00906,retry,False,0.0,1
CASE_001754,CUST_00907,retry,False,0.0,1
CASE_001755,CUST_00907,retry,False,0.0,1
CASE_001756,CUST_00908,retry,False,0.0,1
CASE_001757,CUST_00909,retry,True,43563.64,1
CASE_001758,CUST_00910,retry,True,24143.8,1
CASE_001759,CUST_00910,retry,True,31345.86,1
CASE_001760,CUST_00911,retry,True,42594.63,1
CASE_001761,CUST_00913,retry,False,0.0,1
CASE_001762,CUST_00913,retry,False,0.0,1
CASE_001763,CUST_00914,retry,False,0.0,1
CASE_001764,CUST_00915,retry,True,11908.14,1
CASE_001765,CUST_00917,retry,True,8715.05,1
CASE_001766,CUST_00917,retry,False,0.0,1
CASE_001767,CUST_00918,retry,False,0.0,1
CASE_001768,CUST_00918,retry,True,11078.07,1
CASE_001769,CUST_00919,retry,True,36691.52,1
CASE_001770,CUST_00921,retry,True,18430.82,1
CASE_001771,CUST_00922,retry,False,0.0,1
CASE_001772,CUST_00923,retry,True,34733.17,1
CASE_001773,CUST_00924,retry,True,12040.16,1
CASE_001774,CUST_00925,retry,True,10016.48,1
CASE_001775,CUST_00925,retry,False,0.0,1
CASE_001776,CUST_00925,retry,False,0.0,1
CASE_001777,CUST_00927,retry,True,9761.19,1
CASE_001778,CUST_00928,retry,False,0.0,1
CASE_001779,CUST_00928,retry,False,0.0,1
CASE_001780,CUST_00929,retry,False,0.0,1
CASE_001781,CUST_00930,retry,False,0.0,1
CASE_001782,CUST_00932,retry,True,38185.4,1
CASE_001783,CUST_00933,retry,False,0.0,1
CASE_001784,CUST_00934,retry,False,0.0,1
CASE_001785,CUST_00934,retry,False,0.0,1
CASE_001786,CUST_00934,retry,False,0.0,1
CASE_001787,CUST_00936,retry,False,0.0,1
CASE_001788,CUST_00939,retry,False,0.0,1
CASE_001789,CUST_00939,retry,True,23557.94,1
CASE_001790,CUST_00940,retry,False,0.0,1
CASE_001791,CUST_00941,retry,False,0.0,1
CASE_001792,CUST_00942,retry,False,0.0,1
CASE_001793,CUST_00942,retry,False,0.0,1
CASE_001794,CUST_00942,retry,True,6324.54,1
CASE_001795,CUST_00943,retry,True,24914.34,1
CASE_001796,CUST_00943,retry,False,0.0,1
CASE_001797,CUST_00944,retry,False,0.0,1
CASE_001798,CUST_00946,retry,False,0.0,1
CASE_001799,CUST_00946,retry,False,0.0,1
CASE_001800,CUST_00947,retry,False,0.0,1
CASE_001801,CUST_00947,retry,False,0.0,1
CASE_001802,CUST_00950,retry,True,12882.53,1
CASE_001803,CUST_00951,retry,True,44753.09,1
CASE_001804,CUST_00951,retry,True,11288.14,1
CASE_001805,CUST_00951,retry,False,0.0,1
CASE_001806,CUST_00952,retry,False,0.0,1
CASE_001807,CUST_00953,retry,True,7954.57,1
CASE_001808,CUST_00953,retry,False,0.0,1
CASE_001809,CUST_00955,retry,False,0.0,1
CASE_001810,CUST_00955,retry,False,0.0,1
CASE_001811,CUST_00955,retry,False,0.0,1
CASE_001812,CUST_00958,retry,False,0.0,1
CASE_001813,CUST_00958,retry,True,49980.04,1
CASE_001814,CUST_00959,retry,False,0.0,1
CASE_001815,CUST_00959,retry,False,0.0,1
CASE_001816,CUST_00960,retry,False,0.0,1
CASE_001817,CUST_00960,retry,False,0.0,1
CASE_001818,CUST_00961,retry,False,0.0,1
CASE_001819,CUST_00961,retry,False,0.0,1
CASE_001820,CUST_00962,retry,False,0.0,1
CASE_001821,CUST_00962,retry,False,0.0,1
CASE_001822,CUST_00964,retry,True,9936.06,1
CASE_001823,CUST_00964,retry,True,7284.42,1
CASE_001824,CUST_00965,retry,True,7470.02,1
CASE_001825,CUST_00965,retry,False,0.0,1
CASE_001826,CUST_00965,retry,True,16433.43,1
CASE_001827,CUST_00966,retry,True,86898.87,1
CASE_001828,CUST_00967,retry,True,66298.88,1
CASE_001829,CUST_00968,retry,True,22802.06,1
CASE_001830,CUST_00968,retry,False,0.0,1
CASE_001831,CUST_00969,retry,True,5035.47,1
CASE_001832,CUST_00969,retry,True,10760.25,1
CASE_001833,CUST_00969,retry,False,0.0,1
CASE_001834,CUST_00971,retry,True,3027.86,1
CASE_001835,CUST_00973,retry,False,0.0,1
CASE_001836,CUST_00973,retry,False,0.0,1
CASE_001837,CUST_00973,retry,False,0.0,1
CASE_001838,CUST_00974,retry,False,0.0,1
CASE_001839,CUST_00975,retry,False,0.0,1
CASE_001840,CUST_00975,retry,False,0.0,1
CASE_001841,CUST_00976,retry,False,0.0,1
CASE_001842,CUST_00977,retry,False,0.0,1
CASE_001843,CUST_00977,retry,False,0.0,1
CASE_001844,CUST_00977,retry,False,0.0,1
CASE_001845,CUST_00978,retry,True,13061.52,1
CASE_001846,CUST_00978,retry,False,0.0,1
CASE_001847,CUST_00979,retry,True,39257.52,1
CASE_001848,CUST_00980,retry,True,127147.38,1
CASE_001849,CUST_00980,retry,False,0.0,1
CASE_001850,CUST_00980,retry,False,0.0,1
CASE_001851,CUST_00981,retry,False,0.0,1
CASE_001852,CUST_00981,retry,True,9864.18,1
CASE_001853,CUST_00982,retry,True,8024.54,1
CASE_001854,CUST_00983,retry,True,13531.95,1
CASE_001855,CUST_00984,retry,True,11710.71,1
CASE_001856,CUST_00986,retry,True,13625.04,1
CASE_001857,CUST_00986,retry,True,11722.48,1
CASE_001858,CUST_00988,retry,False,0.0,1
CASE_001859,CUST_00989,retry,False,0.0,1
CASE_001860,CUST_00989,retry,False,0.0,1
CASE_001861,CUST_00989,retry,False,0.0,1
CASE_001862,CUST_00990,retry,True,21435.73,1
CASE_001863,CUST_00991,retry,False,0.0,1
CASE_001864,CUST_00992,retry,False,0.0,1
CASE_001865,CUST_00992,retry,True,4864.0,1
CASE_001866,CUST_00993,retry,False,0.0,1
CASE_001867,CUST_00995,retry,True,12425.94,1
CASE_001868,CUST_00997,retry,False,0.0,1
CASE_001869,CUST_00998,retry,False,0.0,1
CASE_001870,CUST_00998,retry,True,31605.47,1
CASE_001871,CUST_00999,retry,True,4135.56,1
CASE_001872,CUST_00999,retry,False,0.0,1
CASE_001873,CUST_01001,retry,False,0.0,1
CASE_001874,CUST_01002,retry,False,0.0,1
CASE_001875,CUST_01002,retry,False,0.0,1
CASE_001876,CUST_01002,retry,True,13569.45,1
CASE_001877,CUST_01005,retry,True,10751.98,1
CASE_001878,CUST_01005,retry,False,0.0,1
CASE_001879,CUST_01006,retry,True,14969.59,1
CASE_001880,CUST_01006,retry,False,0.0,1
CASE_001881,CUST_01006,retry,False,0.0,1
CASE_001882,CUST_01007,retry,False,0.0,1
CASE_001883,CUST_01007,retry,False,0.0,1
CASE_001884,CUST_01008,retry,False,0.0,1
CASE_001885,CUST_01009,retry,True,41234.99,1
CASE_001886,CUST_01010,retry,False,0.0,1
CASE_001887,CUST_01010,retry,False,0.0,1
CASE_001888,CUST_01011,retry,True,1105.29,1
CASE_001889,CUST_01011,retry,True,19426.57,1
CASE_001890,CUST_01012,retry,False,0.0,1
CASE_001891,CUST_01012,retry,False,0.0,1
CASE_001892,CUST_01012,retry,False,0.0,1
CASE_001893,CUST_01013,retry,False,0.0,1
CASE_001894,CUST_01013,retry,False,0.0,1
CASE_001895,CUST_01013,retry,False,0.0,1
CASE_001896,CUST_01013,retry,True,26935.86,1
CASE_001897,CUST_01014,retry,True,8036.61,1
CASE_001898,CUST_01016,retry,True,48920.36,1
CASE_001899,CUST_01016,retry,False,0.0,1
CASE_001900,CUST_01017,retry,False,0.0,1
CASE_001901,CUST_01018,retry,False,0.0,1
CASE_001902,CUST_01018,retry,False,0.0,1
CASE_001903,CUST_01018,retry,False,0.0,1
CASE_001904,CUST_01019,retry,True,17485.62,1
CASE_001905,CUST_01020,retry,False,0.0,1
CASE_001906,CUST_01021,retry,True,1764.13,1
CASE_001907,CUST_01021,retry,False,0.0,1
CASE_001908,CUST_01021,retry,False,0.0,1
CASE_001909,CUST_01022,retry,False,0.0,1
CASE_001910,CUST_01024,retry,False,0.0,1
CASE_001911,CUST_01025,retry,False,0.0,1
CASE_001912,CUST_01027,retry,False,0.0,1
CASE_001913,CUST_01028,retry,True,63833.45,1
CASE_001914,CUST_01029,retry,False,0.0,1
CASE_001915,CUST_01030,retry,False,0.0,1
CASE_001916,CUST_01030,retry,False,0.0,1
CASE_001917,CUST_01030,retry,True,8317.18,1
CASE_001918,CUST_01031,retry,True,14486.28,1
CASE_001919,CUST_01031,retry,True,39659.76,1
CASE_001920,CUST_01032,retry,False,0.0,1
CASE_001921,CUST_01034,retry,False,0.0,1
CASE_001922,CUST_01034,retry,False,0.0,1
CASE_001923,CUST_01034,retry,True,5675.84,1
CASE_001924,CUST_01034,retry,False,0.0,1
CASE_001925,CUST_01034,retry,True,10924.35,1
CASE_001926,CUST_01036,retry,False,0.0,1
CASE_001927,CUST_01039,retry,True,64741.06,1
CASE_001928,CUST_01039,retry,False,0.0,1
CASE_001929,CUST_01039,retry,False,0.0,1
CASE_001930,CUST_01040,retry,False,0.0,1
CASE_001931,CUST_01041,retry,True,5813.42,1
CASE_001932,CUST_01042,retry,False,0.0,1
CASE_001933,CUST_01042,retry,False,0.0,1
CASE_001934,CUST_01042,retry,True,17338.01,1
CASE_001935,CUST_01043,retry,False,0.0,1
CASE_001936,CUST_01044,retry,False,0.0,1
CASE_001937,CUST_01046,retry,False,0.0,1
CASE_001938,CUST_01047,retry,True,40780.15,1
CASE_001939,CUST_01048,retry,False,0.0,1
CASE_001940,CUST_01049,retry,False,0.0,1
CASE_001941,CUST_01050,retry,False,0.0,1
CASE_001942,CUST_01051,retry,False,0.0,1
CASE_001943,CUST_01052,retry,False,0.0,1
CASE_001944,CUST_01052,retry,False,0.0,1
CASE_001945,CUST_01053,retry,False,0.0,1
CASE_001946,CUST_01053,retry,False,0.0,1
CASE_001947,CUST_01054,retry,True,25949.31,1
CASE_001948,CUST_01054,retry,True,8102.95,1
CASE_001949,CUST_01054,retry,True,12882.26,1
CASE_001950,CUST_01055,retry,True,10316.47,1
CASE_001951,CUST_01055,retry,False,0.0,1
CASE_001952,CUST_01056,retry,True,83208.51,1
CASE_001953,CUST_01056,retry,False,0.0,1
CASE_001954,CUST_01056,retry,True,8754.97,1
CASE_001955,CUST_01056,retry,True,18124.22,1
CASE_001956,CUST_01057,retry,False,0.0,1
CASE_001957,CUST_01057,retry,True,14882.56,1
CASE_001958,CUST_01058,retry,False,0.0,1
CASE_001959,CUST_01059,retry,True,40811.07,1
CASE_001960,CUST_01059,retry,False,0.0,1
CASE_001961,CUST_01059,retry,False,0.0,1
CASE_001962,CUST_01061,retry,True,3429.75,1
CASE_001963,CUST_01062,retry,True,13522.94,1
CASE_001964,CUST_01064,retry,True,6857.5,1
CASE_001965,CUST_01064,retry,False,0.0,1
CASE_001966,CUST_01065,retry,True,9786.53,1
CASE_001967,CUST_01066,retry,False,0.0,1
CASE_001968,CUST_01066,retry,False,0.0,1
CASE_001969,CUST_01066,retry,True,11786.17,1
CASE_001970,CUST_01067,retry,False,0.0,1
CASE_001971,CUST_01067,retry,False,0.0,1
CASE_001972,CUST_01067,retry,True,38515.99,1
CASE_001973,CUST_01068,retry,False,0.0,1
CASE_001974,CUST_01070,retry,False,0.0,1
CASE_001975,CUST_01070,retry,False,0.0,1
CASE_001976,CUST_01071,retry,False,0.0,1
CASE_001977,CUST_01072,retry,False,0.0,1
CASE_001978,CUST_01075,retry,False,0.0,1
CASE_001979,CUST_01078,retry,True,66248.21,1
CASE_001980,CUST_01078,retry,True,10291.65,1
CASE_001981,CUST_01078,retry,True,16169.38,1
CASE_001982,CUST_01079,retry,True,6554.75,1
CASE_001983,CUST_01079,retry,True,20126.98,1
CASE_001984,CUST_01080,retry,True,31348.98,1
CASE_001985,CUST_01081,retry,True,8858.36,1
CASE_001986,CUST_01081,retry,False,0.0,1
CASE_001987,CUST_01082,retry,False,0.0,1
CASE_001988,CUST_01083,retry,True,61309.58,1
CASE_001989,CUST_01084,retry,False,0.0,1
CASE_001990,CUST_01084,retry,False,0.0,1
CASE_001991,CUST_01084,retry,False,0.0,1
CASE_001992,CUST_01085,retry,False,0.0,1
CASE_001993,CUST_01085,retry,False,0.0,1
CASE_001994,CUST_01085,retry,False,0.0,1
CASE_001995,CUST_01087,retry,False,0.0,1
CASE_001996,CUST_01088,retry,True,1920.9,1
CASE_001997,CUST_01089,retry,False,0.0,1
CASE_001998,CUST_01089,retry,True,36832.84,1
CASE_001999,CUST_01089,retry,True,41166.19,1
CASE_002000,CUST_01090,retry,False,0.0,1
CASE_002001,CUST_01091,retry,False,0.0,1
CASE_002002,CUST_01093,retry,False,0.0,1
CASE_002003,CUST_01095,retry,False,0.0,1
CASE_002004,CUST_01096,retry,False,0.0,1
CASE_002005,CUST_01096,retry,True,16425.72,1
CASE_002006,CUST_01096,retry,False,0.0,1
CASE_002007,CUST_01097,retry,False,0.0,1
CASE_002008,CUST_01098,retry,False,0.0,1
CASE_002009,CUST_01100,retry,False,0.0,1
CASE_002010,CUST_01100,retry,True,34940.23,1
CASE_002011,CUST_01101,retry,False,0.0,1
CASE_002012,CUST_01101,retry,False,0.0,1
CASE_002013,CUST_01101,retry,True,62978.61,1
CASE_002014,CUST_01101,retry,False,0.0,1
CASE_002015,CUST_01102,retry,True,48872.76,1
CASE_002016,CUST_01104,retry,False,0.0,1
CASE_002017,CUST_01105,retry,False,0.0,1
CASE_002018,CUST_01107,retry,True,13752.03,1
CASE_002019,CUST_01108,retry,False,0.0,1
CASE_002020,CUST_01108,retry,True,44361.44,1
CASE_002021,CUST_01108,retry,True,10742.83,1
CASE_002022,CUST_01112,retry,False,0.0,1
CASE_002023,CUST_01113,retry,False,0.0,1
CASE_002024,CUST_01116,retry,False,0.0,1
CASE_002025,CUST_01117,retry,True,1869.52,1
CASE_002026,CUST_01117,retry,False,0.0,1
CASE_002027,CUST_01119,retry,False,0.0,1
CASE_002028,CUST_01119,retry,False,0.0,1
CASE_002029,CUST_01120,retry,True,19566.2,1
CASE_002030,CUST_01121,retry,True,16811.18,1
CASE_002031,CUST_01121,retry,False,0.0,1
CASE_002032,CUST_01123,retry,False,0.0,1
CASE_002033,CUST_01124,retry,False,0.0,1
CASE_002034,CUST_01124,retry,True,14418.58,1
CASE_002035,CUST_01125,retry,False,0.0,1
CASE_002036,CUST_01126,retry,True,4648.17,1
CASE_002037,CUST_01128,retry,False,0.0,1
CASE_002038,CUST_01129,retry,False,0.0,1
CASE_002039,CUST_01129,retry,False,0.0,1
CASE_002040,CUST_01130,retry,False,0.0,1
CASE_002041,CUST_01130,retry,True,26005.38,1
CASE_002042,CUST_01130,retry,True,56703.92,1
CASE_002043,CUST_01131,retry,True,4676.34,1
CASE_002044,CUST_01132,retry,False,0.0,1
CASE_002045,CUST_01132,retry,True,9373.59,1
CASE_002046,CUST_01133,retry,True,37214.69,1
CASE_002047,CUST_01134,retry,False,0.0,1
CASE_002048,CUST_01134,retry,True,28769.9,1
CASE_002049,CUST_01135,retry,False,0.0,1
CASE_002050,CUST_01136,retry,False,0.0,1
CASE_002051,CUST_01137,retry,False,0.0,1
CASE_002052,CUST_01139,retry,False,0.0,1
CASE_002053,CUST_01140,retry,False,0.0,1
CASE_002054,CUST_01140,retry,True,37809.18,1
CASE_002055,CUST_01141,retry,True,14897.73,1
CASE_002056,CUST_01141,retry,False,0.0,1
CASE_002057,CUST_01141,retry,True,46421.18,1
CASE_002058,CUST_01143,retry,True,31689.54,1
CASE_002059,CUST_01144,retry,False,0.0,1
CASE_002060,CUST_01147,retry,False,0.0,1
CASE_002061,CUST_01148,retry,True,5851.82,1
CASE_002062,CUST_01149,retry,False,0.0,1
CASE_002063,CUST_01149,retry,True,44224.79,1
CASE_002064,CUST_01150,retry,False,0.0,1
CASE_002065,CUST_01150,retry,False,0.0,1
CASE_002066,CUST_01152,retry,True,2811.76,1
CASE_002067,CUST_01153,retry,True,13741.48,1
CASE_002068,CUST_01153,retry,False,0.0,1
CASE_002069,CUST_01156,retry,False,0.0,1
CASE_002070,CUST_01156,retry,False,0.0,1
CASE_002071,CUST_01157,retry,False,0.0,1
CASE_002072,CUST_01157,retry,False,0.0,1
CASE_002073,CUST_01157,retry,True,21680.74,1
CASE_002074,CUST_01158,retry,True,6111.19,1
CASE_002075,CUST_01158,retry,False,0.0,1
CASE_002076,CUST_01158,retry,True,15819.21,1
CASE_002077,CUST_01159,retry,True,2594.56,1
CASE_002078,CUST_01159,retry,True,19648.01,1
CASE_002079,CUST_01159,retry,True,13196.19,1
CASE_002080,CUST_01160,retry,False,0.0,1
CASE_002081,CUST_01160,retry,False,0.0,1
CASE_002082,CUST_01161,retry,True,26250.24,1
CASE_002083,CUST_01161,retry,False,0.0,1
CASE_002084,CUST_01161,retry,False,0.0,1
CASE_002085,CUST_01161,retry,False,0.0,1
CASE_002086,CUST_01162,retry,False,0.0,1
CASE_002087,CUST_01162,retry,True,9470.9,1
CASE_002088,CUST_01162,retry,True,12052.92,1
CASE_002089,CUST_01163,retry,False,0.0,1
CASE_002090,CUST_01164,retry,True,3862.86,1
CASE_002091,CUST_01164,retry,False,0.0,1
CASE_002092,CUST_01165,retry,True,4991.01,1
CASE_002093,CUST_01165,retry,False,0.0,1
CASE_002094,CUST_01166,retry,False,0.0,1
CASE_002095,CUST_01166,retry,False,0.0,1
CASE_002096,CUST_01167,retry,False,0.0,1
CASE_002097,CUST_01167,retry,True,31899.03,1
CASE_002098,CUST_01168,retry,True,54489.92,1
CASE_002099,CUST_01168,retry,False,0.0,1
CASE_002100,CUST_01169,retry,True,12680.08,1
CASE_002101,CUST_01169,retry,False,0.0,1
CASE_002102,CUST_01170,retry,False,0.0,1
CASE_002103,CUST_01170,retry,True,19548.01,1
CASE_002104,CUST_01172,retry,False,0.0,1
CASE_002105,CUST_01172,retry,True,11466.29,1
CASE_002106,CUST_01173,retry,True,65657.84,1
CASE_002107,CUST_01175,retry,False,0.0,1
CASE_002108,CUST_01175,retry,False,0.0,1
CASE_002109,CUST_01176,retry,True,22567.16,1
CASE_002110,CUST_01176,retry,False,0.0,1
CASE_002111,CUST_01177,retry,True,11052.21,1
CASE_002112,CUST_01178,retry,False,0.0,1
CASE_002113,CUST_01180,retry,True,12214.59,1
CASE_002114,CUST_01180,retry,True,4417.37,1
CASE_002115,CUST_01182,retry,True,5100.37,1
CASE_002116,CUST_01182,retry,False,0.0,1
CASE_002117,CUST_01182,retry,False,0.0,1
CASE_002118,CUST_01182,retry,False,0.0,1
CASE_002119,CUST_01183,retry,True,10089.36,1
CASE_002120,CUST_01183,retry,False,0.0,1
CASE_002121,CUST_01185,retry,False,0.0,1
CASE_002122,CUST_01186,retry,False,0.0,1
CASE_002123,CUST_01187,retry,True,97105.88,1
CASE_002124,CUST_01187,retry,True,77295.28,1
CASE_002125,CUST_01191,retry,False,0.0,1
CASE_002126,CUST_01191,retry,False,0.0,1
CASE_002127,CUST_01191,retry,True,40765.17,1
CASE_002128,CUST_01191,retry,True,32400.13,1
CASE_002129,CUST_01192,retry,False,0.0,1
CASE_002130,CUST_01193,retry,True,38342.81,1
CASE_002131,CUST_01194,retry,False,0.0,1
CASE_002132,CUST_01194,retry,False,0.0,1
CASE_002133,CUST_01194,retry,True,48239.77,1
CASE_002134,CUST_01195,retry,True,23915.25,1
CASE_002135,CUST_01196,retry,True,1739.79,1
CASE_002136,CUST_01196,retry,False,0.0,1
CASE_002137,CUST_01196,retry,False,0.0,1
CASE_002138,CUST_01199,retry,False,0.0,1
CASE_002139,CUST_01200,retry,True,54466.89,1
CASE_002140,CUST_01201,retry,True,18093.55,1
CASE_002141,CUST_01202,retry,False,0.0,1
CASE_002142,CUST_01203,retry,False,0.0,1
CASE_002143,CUST_01204,retry,False,0.0,1
CASE_002144,CUST_01205,retry,False,0.0,1
CASE_002145,CUST_01205,retry,True,6509.04,1
CASE_002146,CUST_01206,retry,False,0.0,1
CASE_002147,CUST_01206,retry,False,0.0,1
CASE_002148,CUST_01206,retry,False,0.0,1
CASE_002149,CUST_01207,retry,True,18032.54,1
CASE_002150,CUST_01209,retry,True,14999.78,1
CASE_002151,CUST_01210,retry,False,0.0,1
CASE_002152,CUST_01210,retry,False,0.0,1
CASE_002153,CUST_01212,retry,False,0.0,1
CASE_002154,CUST_01215,retry,False,0.0,1
CASE_002155,CUST_01216,retry,False,0.0,1
CASE_002156,CUST_01216,retry,False,0.0,1
CASE_002157,CUST_01217,retry,False,0.0,1
CASE_002158,CUST_01218,retry,True,47171.46,1
CASE_002159,CUST_01218,retry,False,0.0,1
CASE_002160,CUST_01218,retry,True,47195.2,1
CASE_002161,CUST_01219,retry,False,0.0,1
CASE_002162,CUST_01220,retry,False,0.0,1
CASE_002163,CUST_01221,retry,False,0.0,1
CASE_002164,CUST_01221,retry,False,0.0,1
CASE_002165,CUST_01222,retry,False,0.0,1
CASE_002166,CUST_01222,retry,False,0.0,1
CASE_002167,CUST_01223,retry,False,0.0,1
CASE_002168,CUST_01224,retry,True,69601.75,1
CASE_002169,CUST_01224,retry,False,0.0,1
CASE_002170,CUST_01225,retry,True,8028.75,1
CASE_002171,CUST_01226,retry,True,2626.57,1
CASE_002172,CUST_01227,retry,False,0.0,1
CASE_002173,CUST_01228,retry,True,14578.5,1
CASE_002174,CUST_01228,retry,True,8990.33,1
CASE_002175,CUST_01228,retry,False,0.0,1
CASE_002176,CUST_01229,retry,False,0.0,1
CASE_002177,CUST_01230,retry,False,0.0,1
CASE_002178,CUST_01230,retry,False,0.0,1
CASE_002179,CUST_01230,retry,False,0.0,1
CASE_002180,CUST_01231,retry,True,34269.4,1
CASE_002181,CUST_01232,retry,False,0.0,1
CASE_002182,CUST_01232,retry,False,0.0,1
CASE_002183,CUST_01232,retry,False,0.0,1
CASE_002184,CUST_01233,retry,True,7277.96,1
CASE_002185,CUST_01233,retry,True,33016.09,1
CASE_002186,CUST_01234,retry,False,0.0,1
CASE_002187,CUST_01234,retry,True,2470.89,1
CASE_002188,CUST_01234,retry,True,3606.53,1
CASE_002189,CUST_01235,retry,True,5335.47,1
CASE_002190,CUST_01236,retry,False,0.0,1
CASE_002191,CUST_01237,retry,False,0.0,1
CASE_002192,CUST_01237,retry,False,0.0,1
CASE_002193,CUST_01237,retry,True,4278.49,1
CASE_002194,CUST_01237,retry,False,0.0,1
CASE_002195,CUST_01238,retry,False,0.0,1
CASE_002196,CUST_01238,retry,False,0.0,1
CASE_002197,CUST_01238,retry,True,4193.52,1
CASE_002198,CUST_01238,retry,False,0.0,1
CASE_002199,CUST_01239,retry,False,0.0,1
CASE_002200,CUST_01239,retry,False,0.0,1
CASE_002201,CUST_01239,retry,False,0.0,1
CASE_002202,CUST_01239,retry,False,0.0,1
CASE_002203,CUST_01239,retry,False,0.0,1
CASE_002204,CUST_01240,retry,True,44196.22,1
CASE_002205,CUST_01241,retry,False,0.0,1
CASE_002206,CUST_01242,retry,False,0.0,1
CASE_002207,CUST_01244,retry,False,0.0,1
CASE_002208,CUST_01245,retry,True,49467.9,1
CASE_002209,CUST_01245,retry,False,0.0,1
CASE_002210,CUST_01246,retry,True,75610.77,1
CASE_002211,CUST_01247,retry,False,0.0,1
CASE_002212,CUST_01247,retry,True,5809.72,1
CASE_002213,CUST_01248,retry,True,121116.9,1
CASE_002214,CUST_01248,retry,True,77169.26,1
CASE_002215,CUST_01248,retry,True,24542.69,1
CASE_002216,CUST_01250,retry,True,5147.03,1
CASE_002217,CUST_01251,retry,False,0.0,1
CASE_002218,CUST_01251,retry,False,0.0,1
CASE_002219,CUST_01251,retry,False,0.0,1
CASE_002220,CUST_01252,retry,True,24228.75,1
CASE_002221,CUST_01253,retry,False,0.0,1
CASE_002222,CUST_01254,retry,False,0.0,1
CASE_002223,CUST_01255,retry,False,0.0,1
CASE_002224,CUST_01256,retry,False,0.0,1
CASE_002225,CUST_01257,retry,False,0.0,1
CASE_002226,CUST_01257,retry,False,0.0,1
CASE_002227,CUST_01257,retry,False,0.0,1
CASE_002228,CUST_01258,retry,True,5138.34,1
CASE_002229,CUST_01258,retry,False,0.0,1
CASE_002230,CUST_01259,retry,False,0.0,1
CASE_002231,CUST_01259,retry,False,0.0,1
CASE_002232,CUST_01260,retry,True,5891.04,1
CASE_002233,CUST_01260,retry,True,19490.08,1
CASE_002234,CUST_01261,retry,True,43776.74,1
CASE_002235,CUST_01261,retry,False,0.0,1
CASE_002236,CUST_01262,retry,False,0.0,1
CASE_002237,CUST_01263,retry,False,0.0,1
CASE_002238,CUST_01263,retry,True,5296.11,1
CASE_002239,CUST_01263,retry,True,7771.36,1
CASE_002240,CUST_01264,retry,True,133158.05,1
CASE_002241,CUST_01264,retry,False,0.0,1
CASE_002242,CUST_01264,retry,False,0.0,1
CASE_002243,CUST_01265,retry,False,0.0,1
CASE_002244,CUST_01265,retry,False,0.0,1
CASE_002245,CUST_01265,retry,True,5073.26,1
CASE_002246,CUST_01265,retry,False,0.0,1
CASE_002247,CUST_01267,retry,False,0.0,1
CASE_002248,CUST_01268,retry,True,38855.02,1
CASE_002249,CUST_01269,retry,False,0.0,1
CASE_002250,CUST_01269,retry,False,0.0,1
CASE_002251,CUST_01269,retry,True,74635.46,1
CASE_002252,CUST_01272,retry,False,0.0,1
CASE_002253,CUST_01272,retry,True,22946.35,1
CASE_002254,CUST_01273,retry,True,8660.61,1
CASE_002255,CUST_01273,retry,False,0.0,1
CASE_002256,CUST_01274,retry,True,27772.38,1
CASE_002257,CUST_01274,retry,True,74502.77,1
CASE_002258,CUST_01274,retry,False,0.0,1
CASE_002259,CUST_01274,retry,True,6495.51,1
CASE_002260,CUST_01275,retry,False,0.0,1
CASE_002261,CUST_01276,retry,False,0.0,1
CASE_002262,CUST_01278,retry,True,2294.71,1
CASE_002263,CUST_01278,retry,True,14308.66,1
CASE_002264,CUST_01280,retry,True,32857.17,1
CASE_002265,CUST_01280,retry,False,0.0,1
CASE_002266,CUST_01281,retry,False,0.0,1
CASE_002267,CUST_01281,retry,False,0.0,1
CASE_002268,CUST_01282,retry,False,0.0,1
CASE_002269,CUST_01282,retry,False,0.0,1
CASE_002270,CUST_01283,retry,True,5332.58,1
CASE_002271,CUST_01283,retry,False,0.0,1
CASE_002272,CUST_01283,retry,False,0.0,1
CASE_002273,CUST_01285,retry,False,0.0,1
CASE_002274,CUST_01286,retry,False,0.0,1
CASE_002275,CUST_01287,retry,True,18829.4,1
CASE_002276,CUST_01288,retry,True,38596.03,1
CASE_002277,CUST_01288,retry,False,0.0,1
CASE_002278,CUST_01289,retry,True,16030.01,1
CASE_002279,CUST_01289,retry,False,0.0,1
CASE_002280,CUST_01290,retry,False,0.0,1
CASE_002281,CUST_01290,retry,False,0.0,1
CASE_002282,CUST_01291,retry,False,0.0,1
CASE_002283,CUST_01291,retry,False,0.0,1
CASE_002284,CUST_01291,retry,False,0.0,1
CASE_002285,CUST_01291,retry,False,0.0,1
CASE_002286,CUST_01291,retry,False,0.0,1
CASE_002287,CUST_01291,retry,True,19541.28,1
CASE_002288,CUST_01292,retry,False,0.0,1
CASE_002289,CUST_01292,retry,True,10767.79,1
CASE_002290,CUST_01293,retry,False,0.0,1
CASE_002291,CUST_01294,retry,False,0.0,1
CASE_002292,CUST_01294,retry,False,0.0,1
CASE_002293,CUST_01295,retry,False,0.0,1
CASE_002294,CUST_01296,retry,False,0.0,1
CASE_002295,CUST_01297,retry,True,71930.97,1
CASE_002296,CUST_01297,retry,False,0.0,1
CASE_002297,CUST_01298,retry,False,0.0,1
CASE_002298,CUST_01298,retry,False,0.0,1
CASE_002299,CUST_01301,retry,False,0.0,1
CASE_002300,CUST_01301,retry,False,0.0,1
CASE_002301,CUST_01301,retry,False,0.0,1
CASE_002302,CUST_01301,retry,True,7613.32,1
CASE_002303,CUST_01301,retry,False,0.0,1
CASE_002304,CUST_01303,retry,False,0.0,1
CASE_002305,CUST_01303,retry,False,0.0,1
CASE_002306,CUST_01303,retry,False,0.0,1
CASE_002307,CUST_01304,retry,True,7173.33,1
CASE_002308,CUST_01304,retry,False,0.0,1
CASE_002309,CUST_01306,retry,True,4240.57,1
CASE_002310,CUST_01308,retry,True,963.26,1
CASE_002311,CUST_01309,retry,False,0.0,1
CASE_002312,CUST_01309,retry,False,0.0,1
CASE_002313,CUST_01310,retry,False,0.0,1
CASE_002314,CUST_01310,retry,False,0.0,1
CASE_002315,CUST_01311,retry,True,15273.6,1
CASE_002316,CUST_01312,retry,False,0.0,1
CASE_002317,CUST_01315,retry,True,10273.34,1
CASE_002318,CUST_01316,retry,True,44585.25,1
CASE_002319,CUST_01317,retry,True,7890.81,1
CASE_002320,CUST_01317,retry,True,14220.37,1
CASE_002321,CUST_01317,retry,True,5756.49,1
CASE_002322,CUST_01318,retry,True,56404.1,1
CASE_002323,CUST_01319,retry,True,3770.54,1
CASE_002324,CUST_01319,retry,True,20244.71,1
CASE_002325,CUST_01321,retry,False,0.0,1
CASE_002326,CUST_01321,retry,True,49980.45,1
CASE_002327,CUST_01321,retry,False,0.0,1
CASE_002328,CUST_01322,retry,False,0.0,1
CASE_002329,CUST_01322,retry,True,11447.02,1
CASE_002330,CUST_01323,retry,False,0.0,1
CASE_002331,CUST_01323,retry,True,16262.46,1
CASE_002332,CUST_01323,retry,True,40275.47,1
CASE_002333,CUST_01324,retry,False,0.0,1
CASE_002334,CUST_01324,retry,True,44369.46,1
CASE_002335,CUST_01325,retry,False,0.0,1
CASE_002336,CUST_01326,retry,True,12925.83,1
CASE_002337,CUST_01326,retry,True,32288.08,1
CASE_002338,CUST_01326,retry,False,0.0,1
CASE_002339,CUST_01328,retry,False,0.0,1
CASE_002340,CUST_01328,retry,False,0.0,1
CASE_002341,CUST_01328,retry,False,0.0,1
CASE_002342,CUST_01329,retry,False,0.0,1
CASE_002343,CUST_01329,retry,False,0.0,1
CASE_002344,CUST_01330,retry,True,20056.54,1
CASE_002345,CUST_01332,retry,False,0.0,1
CASE_002346,CUST_01332,retry,False,0.0,1
CASE_002347,CUST_01332,retry,False,0.0,1
CASE_002348,CUST_01332,retry,False,0.0,1
CASE_002349,CUST_01333,retry,False,0.0,1
CASE_002350,CUST_01333,retry,False,0.0,1
CASE_002351,CUST_01334,retry,False,0.0,1
CASE_002352,CUST_01334,retry,True,29248.29,1
CASE_002353,CUST_01335,retry,False,0.0,1
CASE_002354,CUST_01335,retry,False,0.0,1
CASE_002355,CUST_01336,retry,True,7106.2,1
CASE_002356,CUST_01337,retry,True,11032.07,1
CASE_002357,CUST_01338,retry,True,8831.11,1
CASE_002358,CUST_01339,retry,True,43378.39,1
CASE_002359,CUST_01341,retry,False,0.0,1
CASE_002360,CUST_01342,retry,False,0.0,1
CASE_002361,CUST_01343,retry,True,25042.56,1
CASE_002362,CUST_01345,retry,False,0.0,1
CASE_002363,CUST_01345,retry,True,12692.61,1
CASE_002364,CUST_01345,retry,False,0.0,1
CASE_002365,CUST_01346,retry,False,0.0,1
CASE_002366,CUST_01347,retry,True,73025.82,1
CASE_002367,CUST_01347,retry,False,0.0,1
CASE_002368,CUST_01347,retry,True,77013.6,1
CASE_002369,CUST_01349,retry,False,0.0,1
CASE_002370,CUST_01349,retry,False,0.0,1
CASE_002371,CUST_01350,retry,False,0.0,1
CASE_002372,CUST_01350,retry,False,0.0,1
CASE_002373,CUST_01350,retry,True,8252.69,1
CASE_002374,CUST_01350,retry,False,0.0,1
CASE_002375,CUST_01350,retry,True,36555.46,1
CASE_002376,CUST_01351,retry,False,0.0,1
CASE_002377,CUST_01352,retry,False,0.0,1
CASE_002378,CUST_01352,retry,True,91505.75,1
CASE_002379,CUST_01353,retry,False,0.0,1
CASE_002380,CUST_01356,retry,True,5965.37,1
CASE_002381,CUST_01358,retry,True,7138.34,1
CASE_002382,CUST_01358,retry,False,0.0,1
CASE_002383,CUST_01359,retry,False,0.0,1
CASE_002384,CUST_01360,retry,True,24405.68,1
CASE_002385,CUST_01361,retry,True,26833.65,1
CASE_002386,CUST_01361,retry,True,46388.72,1
CASE_002387,CUST_01361,retry,False,0.0,1
CASE_002388,CUST_01362,retry,True,9815.3,1
CASE_002389,CUST_01362,retry,True,1079.12,1
CASE_002390,CUST_01363,retry,False,0.0,1
CASE_002391,CUST_01364,retry,False,0.0,1
CASE_002392,CUST_01364,retry,False,0.0,1
CASE_002393,CUST_01365,retry,False,0.0,1
CASE_002394,CUST_01365,retry,True,42371.75,1
CASE_002395,CUST_01366,retry,False,0.0,1
CASE_002396,CUST_01367,retry,True,4352.61,1
CASE_002397,CUST_01368,retry,False,0.0,1
CASE_002398,CUST_01368,retry,True,43534.27,1
CASE_002399,CUST_01368,retry,True,25923.73,1
CASE_002400,CUST_01368,retry,False,0.0,1
CASE_002401,CUST_01369,retry,True,12284.66,1
CASE_002402,CUST_01369,retry,False,0.0,1
CASE_002403,CUST_01370,retry,False,0.0,1
CASE_002404,CUST_01370,retry,True,6757.72,1
CASE_002405,CUST_01371,retry,True,37841.18,1
CASE_002406,CUST_01371,retry,False,0.0,1
CASE_002407,CUST_01372,retry,False,0.0,1
CASE_002408,CUST_01376,retry,True,4269.78,1
CASE_002409,CUST_01377,retry,False,0.0,1
CASE_002410,CUST_01377,retry,True,17206.08,1
CASE_002411,CUST_01378,retry,False,0.0,1
CASE_002412,CUST_01381,retry,True,5997.94,1
CASE_002413,CUST_01381,retry,True,24318.8,1
CASE_002414,CUST_01382,retry,False,0.0,1
CASE_002415,CUST_01382,retry,False,0.0,1
CASE_002416,CUST_01384,retry,False,0.0,1
CASE_002417,CUST_01385,retry,True,9132.75,1
CASE_002418,CUST_01385,retry,True,38838.01,1
CASE_002419,CUST_01385,retry,False,0.0,1
CASE_002420,CUST_01386,retry,False,0.0,1
CASE_002421,CUST_01386,retry,True,60298.07,1
CASE_002422,CUST_01387,retry,False,0.0,1
CASE_002423,CUST_01389,retry,False,0.0,1
CASE_002424,CUST_01390,retry,True,66528.49,1
CASE_002425,CUST_01391,retry,True,17380.5,1
CASE_002426,CUST_01391,retry,False,0.0,1
CASE_002427,CUST_01392,retry,False,0.0,1
CASE_002428,CUST_01392,retry,False,0.0,1
CASE_002429,CUST_01393,retry,False,0.0,1
CASE_002430,CUST_01393,retry,True,20315.06,1
CASE_002431,CUST_01394,retry,False,0.0,1
CASE_002432,CUST_01395,retry,False,0.0,1
CASE_002433,CUST_01397,retry,False,0.0,1
CASE_002434,CUST_01398,retry,True,5662.46,1
CASE_002435,CUST_01398,retry,True,68144.77,1
CASE_002436,CUST_01400,retry,False,0.0,1
CASE_002437,CUST_01401,retry,True,49578.5,1
CASE_002438,CUST_01401,retry,False,0.0,1
CASE_002439,CUST_01401,retry,True,48555.92,1
CASE_002440,CUST_01401,retry,False,0.0,1
CASE_002441,CUST_01402,retry,False,0.0,1
CASE_002442,CUST_01402,retry,True,19570.0,1
CASE_002443,CUST_01403,retry,True,14194.0,1
CASE_002444,CUST_01403,retry,True,1678.67,1
CASE_002445,CUST_01404,retry,False,0.0,1
CASE_002446,CUST_01404,retry,False,0.0,1
CASE_002447,CUST_01404,retry,False,0.0,1
CASE_002448,CUST_01405,retry,False,0.0,1
CASE_002449,CUST_01405,retry,False,0.0,1
CASE_002450,CUST_01405,retry,False,0.0,1
CASE_002451,CUST_01406,retry,True,3497.71,1
CASE_002452,CUST_01406,retry,True,13916.68,1
CASE_002453,CUST_01407,retry,False,0.0,1
CASE_002454,CUST_01407,retry,False,0.0,1
CASE_002455,CUST_01408,retry,False,0.0,1
CASE_002456,CUST_01408,retry,False,0.0,1
CASE_002457,CUST_01408,retry,False,0.0,1
CASE_002458,CUST_01408,retry,False,0.0,1
CASE_002459,CUST_01408,retry,True,22881.05,1
CASE_002460,CUST_01409,retry,True,1785.51,1
CASE_002461,CUST_01409,retry,True,45918.11,1
CASE_002462,CUST_01410,retry,False,0.0,1
CASE_002463,CUST_01410,retry,False,0.0,1
CASE_002464,CUST_01412,retry,False,0.0,1
CASE_002465,CUST_01412,retry,True,67551.85,1
CASE_002466,CUST_01412,retry,False,0.0,1
CASE_002467,CUST_01412,retry,True,45825.49,1
CASE_002468,CUST_01413,retry,True,5665.46,1
CASE_002469,CUST_01413,retry,False,0.0,1
CASE_002470,CUST_01414,retry,True,6012.71,1
CASE_002471,CUST_01414,retry,False,0.0,1
CASE_002472,CUST_01414,retry,True,8782.82,1
CASE_002473,CUST_01415,retry,False,0.0,1
CASE_002474,CUST_01415,retry,False,0.0,1
CASE_002475,CUST_01417,retry,True,42149.57,1
CASE_002476,CUST_01418,retry,True,36890.68,1
CASE_002477,CUST_01419,retry,False,0.0,1
CASE_002478,CUST_01419,retry,False,0.0,1
CASE_002479,CUST_01420,retry,False,0.0,1
CASE_002480,CUST_01421,retry,False,0.0,1
CASE_002481,CUST_01421,retry,False,0.0,1
CASE_002482,CUST_01422,retry,False,0.0,1
CASE_002483,CUST_01423,retry,False,0.0,1
CASE_002484,CUST_01424,retry,True,97576.29,1
CASE_002485,CUST_01425,retry,True,46444.57,1
CASE_002486,CUST_01425,retry,False,0.0,1
CASE_002487,CUST_01426,retry,True,18006.54,1
CASE_002488,CUST_01426,retry,True,22467.76,1
CASE_002489,CUST_01428,retry,True,30273.92,1
CASE_002490,CUST_01429,retry,False,0.0,1
CASE_002491,CUST_01429,retry,True,7162.01,1
CASE_002492,CUST_01430,retry,True,2357.04,1
CASE_002493,CUST_01430,retry,False,0.0,1
CASE_002494,CUST_01431,retry,True,45627.7,1
CASE_002495,CUST_01431,retry,True,21834.69,1
CASE_002496,CUST_01431,retry,False,0.0,1
CASE_002497,CUST_01431,retry,False,0.0,1
CASE_002498,CUST_01432,retry,True,22392.03,1
CASE_002499,CUST_01432,retry,False,0.0,1
CASE_002500,CUST_01433,retry,False,0.0,1
CASE_002501,CUST_01433,retry,False,0.0,1
CASE_002502,CUST_01435,retry,False,0.0,1
CASE_002503,CUST_01436,retry,True,28677.89,1
CASE_002504,CUST_01436,retry,False,0.0,1
CASE_002505,CUST_01437,retry,False,0.0,1
CASE_002506,CUST_01437,retry,False,0.0,1
CASE_002507,CUST_01437,retry,True,15402.59,1
CASE_002508,CUST_01437,retry,False,0.0,1
CASE_002509,CUST_01439,retry,False,0.0,1
CASE_002510,CUST_01439,retry,False,0.0,1
CASE_002511,CUST_01440,retry,True,47092.89,1
CASE_002512,CUST_01442,retry,True,2317.36,1
CASE_002513,CUST_01442,retry,False,0.0,1
CASE_002514,CUST_01442,retry,False,0.0,1
CASE_002515,CUST_01443,retry,True,48215.8,1
CASE_002516,CUST_01443,retry,False,0.0,1
CASE_002517,CUST_01443,retry,True,38580.17,1
CASE_002518,CUST_01444,retry,True,5443.14,1
CASE_002519,CUST_01445,retry,True,27471.34,1
CASE_002520,CUST_01446,retry,True,4216.01,1
CASE_002521,CUST_01447,retry,True,32965.64,1
CASE_002522,CUST_01447,retry,False,0.0,1
CASE_002523,CUST_01450,retry,False,0.0,1
CASE_002524,CUST_01452,retry,True,21694.46,1
CASE_002525,CUST_01454,retry,False,0.0,1
CASE_002526,CUST_01454,retry,True,47087.66,1
CASE_002527,CUST_01454,retry,False,0.0,1
CASE_002528,CUST_01454,retry,True,8475.5,1
CASE_002529,CUST_01454,retry,False,0.0,1
CASE_002530,CUST_01455,retry,True,49560.78,1
CASE_002531,CUST_01455,retry,True,41368.49,1
CASE_002532,CUST_01456,retry,True,33758.3,1
CASE_002533,CUST_01456,retry,False,0.0,1
CASE_002534,CUST_01456,retry,False,0.0,1
CASE_002535,CUST_01457,retry,False,0.0,1
CASE_002536,CUST_01458,retry,False,0.0,1
CASE_002537,CUST_01459,retry,False,0.0,1
CASE_002538,CUST_01460,retry,True,8930.59,1
CASE_002539,CUST_01461,retry,False,0.0,1
CASE_002540,CUST_01461,retry,False,0.0,1
CASE_002541,CUST_01462,retry,False,0.0,1
CASE_002542,CUST_01462,retry,False,0.0,1
CASE_002543,CUST_01463,retry,False,0.0,1
CASE_002544,CUST_01463,retry,True,32390.09,1
CASE_002545,CUST_01464,retry,True,12776.76,1
CASE_002546,CUST_01464,retry,True,4752.62,1
CASE_002547,CUST_01464,retry,False,0.0,1
CASE_002548,CUST_01465,retry,False,0.0,1
CASE_002549,CUST_01466,retry,True,11846.96,1
CASE_002550,CUST_01467,retry,False,0.0,1
CASE_002551,CUST_01468,retry,True,85144.93,1
CASE_002552,CUST_01469,retry,False,0.0,1
CASE_002553,CUST_01470,retry,True,11018.5,1
CASE_002554,CUST_01472,retry,True,54335.58,1
CASE_002555,CUST_01472,retry,False,0.0,1
CASE_002556,CUST_01472,retry,False,0.0,1
CASE_002557,CUST_01472,retry,False,0.0,1
CASE_002558,CUST_01474,retry,False,0.0,1
CASE_002559,CUST_01474,retry,False,0.0,1
CASE_002560,CUST_01475,retry,False,0.0,1
CASE_002561,CUST_01475,retry,False,0.0,1
CASE_002562,CUST_01475,retry,False,0.0,1
CASE_002563,CUST_01475,retry,True,20601.06,1
CASE_002564,CUST_01478,retry,False,0.0,1
CASE_002565,CUST_01478,retry,True,35696.74,1
CASE_002566,CUST_01478,retry,False,0.0,1
CASE_002567,CUST_01479,retry,True,83416.79,1
CASE_002568,CUST_01480,retry,False,0.0,1
CASE_002569,CUST_01480,retry,False,0.0,1
CASE_002570,CUST_01482,retry,False,0.0,1
CASE_002571,CUST_01482,retry,True,43491.01,1
CASE_002572,CUST_01482,retry,False,0.0,1
CASE_002573,CUST_01482,retry,False,0.0,1
CASE_002574,CUST_01483,retry,True,19855.34,1
CASE_002575,CUST_01484,retry,False,0.0,1
CASE_002576,CUST_01484,retry,True,38498.85,1
CASE_002577,CUST_01485,retry,False,0.0,1
CASE_002578,CUST_01485,retry,True,12983.99,1
CASE_002579,CUST_01486,retry,True,9199.25,1
CASE_002580,CUST_01488,retry,True,14908.07,1
CASE_002581,CUST_01489,retry,False,0.0,1
CASE_002582,CUST_01489,retry,False,0.0,1
CASE_002583,CUST_01490,retry,True,3602.55,1
CASE_002584,CUST_01491,retry,False,0.0,1
CASE_002585,CUST_01491,retry,True,14043.6,1
CASE_002586,CUST_01492,retry,False,0.0,1
CASE_002587,CUST_01493,retry,True,7283.61,1
CASE_002588,CUST_01494,retry,False,0.0,1
CASE_002589,CUST_01494,retry,True,39030.02,1
CASE_002590,CUST_01496,retry,False,0.0,1
CASE_002591,CUST_01496,retry,False,0.0,1
CASE_002592,CUST_01496,retry,False,0.0,1
CASE_002593,CUST_01497,retry,False,0.0,1
CASE_002594,CUST_01497,retry,True,17497.35,1
CASE_002595,CUST_01498,retry,True,13789.95,1
CASE_002596,CUST_01498,retry,False,0.0,1
CASE_002597,CUST_01499,retry,True,13455.85,1
CASE_002598,CUST_01499,retry,True,4419.44,1
CASE_002599,CUST_01500,retry,False,0.0,1
CASE_002600,CUST_01500,retry,False,0.0,1
CASE_002601,CUST_01500,retry,True,40760.38,1
CASE_002602,CUST_01501,retry,True,14966.88,1
CASE_002603,CUST_01501,retry,False,0.0,1
CASE_002604,CUST_01501,retry,True,8326.85,1
CASE_002605,CUST_01501,retry,True,15806.72,1
CASE_002606,CUST_01502,retry,False,0.0,1
CASE_002607,CUST_01504,retry,True,1944.35,1
CASE_002608,CUST_01504,retry,False,0.0,1
CASE_002609,CUST_01505,retry,True,26442.75,1
CASE_002610,CUST_01506,retry,False,0.0,1
CASE_002611,CUST_01506,retry,False,0.0,1
CASE_002612,CUST_01507,retry,False,0.0,1
CASE_002613,CUST_01508,retry,True,9870.75,1
CASE_002614,CUST_01509,retry,True,5127.74,1
CASE_002615,CUST_01510,retry,False,0.0,1
CASE_002616,CUST_01511,retry,False,0.0,1
CASE_002617,CUST_01511,retry,True,8028.81,1
CASE_002618,CUST_01511,retry,False,0.0,1
CASE_002619,CUST_01512,retry,False,0.0,1
CASE_002620,CUST_01512,retry,False,0.0,1
CASE_002621,CUST_01514,retry,True,37176.35,1
CASE_002622,CUST_01515,retry,False,0.0,1
CASE_002623,CUST_01518,retry,True,72080.38,1
CASE_002624,CUST_01518,retry,True,9407.38,1
CASE_002625,CUST_01518,retry,True,10184.0,1
CASE_002626,CUST_01519,retry,True,6359.34,1
CASE_002627,CUST_01519,retry,True,4391.3,1
CASE_002628,CUST_01523,retry,False,0.0,1
CASE_002629,CUST_01524,retry,True,87537.72,1
CASE_002630,CUST_01525,retry,True,21595.1,1
CASE_002631,CUST_01525,retry,True,25317.3,1
CASE_002632,CUST_01525,retry,False,0.0,1
CASE_002633,CUST_01526,retry,False,0.0,1
CASE_002634,CUST_01526,retry,True,40459.85,1
CASE_002635,CUST_01528,retry,True,40341.58,1
CASE_002636,CUST_01529,retry,True,14937.92,1
CASE_002637,CUST_01529,retry,False,0.0,1
CASE_002638,CUST_01530,retry,False,0.0,1
CASE_002639,CUST_01532,retry,False,0.0,1
CASE_002640,CUST_01534,retry,False,0.0,1
CASE_002641,CUST_01534,retry,False,0.0,1
CASE_002642,CUST_01536,retry,False,0.0,1
CASE_002643,CUST_01536,retry,False,0.0,1
CASE_002644,CUST_01540,retry,True,70319.19,1
CASE_002645,CUST_01541,retry,False,0.0,1
CASE_002646,CUST_01541,retry,False,0.0,1
CASE_002647,CUST_01543,retry,True,13346.69,1
CASE_002648,CUST_01544,retry,False,0.0,1
CASE_002649,CUST_01545,retry,True,93553.82,1
CASE_002650,CUST_01546,retry,True,15921.36,1
CASE_002651,CUST_01546,retry,False,0.0,1
CASE_002652,CUST_01547,retry,False,0.0,1
CASE_002653,CUST_01547,retry,True,3045.21,1
CASE_002654,CUST_01548,retry,False,0.0,1
CASE_002655,CUST_01548,retry,False,0.0,1
CASE_002656,CUST_01549,retry,False,0.0,1
CASE_002657,CUST_01549,retry,False,0.0,1
CASE_002658,CUST_01551,retry,True,11691.02,1
CASE_002659,CUST_01551,retry,True,42582.28,1
CASE_002660,CUST_01551,retry,False,0.0,1
CASE_002661,CUST_01552,retry,False,0.0,1
CASE_002662,CUST_01553,retry,True,15357.26,1
CASE_002663,CUST_01554,retry,True,42758.25,1
CASE_002664,CUST_01556,retry,True,9094.5,1
CASE_002665,CUST_01557,retry,False,0.0,1
CASE_002666,CUST_01558,retry,False,0.0,1
CASE_002667,CUST_01558,retry,True,28514.34,1
CASE_002668,CUST_01560,retry,False,0.0,1
CASE_002669,CUST_01561,retry,False,0.0,1
CASE_002670,CUST_01561,retry,True,39711.67,1
CASE_002671,CUST_01562,retry,False,0.0,1
CASE_002672,CUST_01562,retry,False,0.0,1
CASE_002673,CUST_01563,retry,False,0.0,1
CASE_002674,CUST_01566,retry,False,0.0,1
CASE_002675,CUST_01566,retry,False,0.0,1
CASE_002676,CUST_01567,retry,False,0.0,1
CASE_002677,CUST_01567,retry,True,23997.55,1
CASE_002678,CUST_01567,retry,False,0.0,1
CASE_002679,CUST_01568,retry,False,0.0,1
CASE_002680,CUST_01570,retry,False,0.0,1
CASE_002681,CUST_01570,retry,False,0.0,1
CASE_002682,CUST_01570,retry,False,0.0,1
CASE_002683,CUST_01572,retry,False,0.0,1
CASE_002684,CUST_01573,retry,True,24125.09,1
CASE_002685,CUST_01573,retry,True,21721.86,1
CASE_002686,CUST_01574,retry,True,15534.7,1
CASE_002687,CUST_01574,retry,False,0.0,1
CASE_002688,CUST_01575,retry,False,0.0,1
CASE_002689,CUST_01575,retry,False,0.0,1
CASE_002690,CUST_01575,retry,False,0.0,1
CASE_002691,CUST_01578,retry,False,0.0,1
CASE_002692,CUST_01578,retry,True,15256.14,1
CASE_002693,CUST_01578,retry,True,42427.77,1
CASE_002694,CUST_01579,retry,True,47603.06,1
CASE_002695,CUST_01579,retry,False,0.0,1
CASE_002696,CUST_01580,retry,True,2926.08,1
CASE_002697,CUST_01580,retry,False,0.0,1
CASE_002698,CUST_01581,retry,True,38016.88,1
CASE_002699,CUST_01582,retry,True,4048.18,1
CASE_002700,CUST_01583,retry,False,0.0,1
CASE_002701,CUST_01584,retry,False,0.0,1
CASE_002702,CUST_01584,retry,True,40018.53,1
CASE_002703,CUST_01584,retry,False,0.0,1
CASE_002704,CUST_01585,retry,False,0.0,1
CASE_002705,CUST_01585,retry,False,0.0,1
CASE_002706,CUST_01586,retry,False,0.0,1
CASE_002707,CUST_01586,retry,True,41849.6,1
CASE_002708,CUST_01588,retry,True,15969.34,1
CASE_002709,CUST_01588,retry,False,0.0,1
CASE_002710,CUST_01588,retry,True,15666.27,1
CASE_002711,CUST_01589,retry,False,0.0,1
CASE_002712,CUST_01590,retry,True,2623.49,1
CASE_002713,CUST_01590,retry,False,0.0,1
CASE_002714,CUST_01591,retry,False,0.0,1
CASE_002715,CUST_01591,retry,False,0.0,1
CASE_002716,CUST_01591,retry,True,13810.46,1
CASE_002717,CUST_01592,retry,True,22209.96,1
CASE_002718,CUST_01593,retry,False,0.0,1
CASE_002719,CUST_01596,retry,False,0.0,1
CASE_002720,CUST_01596,retry,False,0.0,1
CASE_002721,CUST_01598,retry,True,21669.33,1
CASE_002722,CUST_01599,retry,True,43002.55,1
CASE_002723,CUST_01601,retry,True,52444.77,1
CASE_002724,CUST_01601,retry,False,0.0,1
CASE_002725,CUST_01603,retry,False,0.0,1
CASE_002726,CUST_01603,retry,False,0.0,1
CASE_002727,CUST_01604,retry,True,2438.85,1
CASE_002728,CUST_01604,retry,False,0.0,1
CASE_002729,CUST_01607,retry,False,0.0,1
CASE_002730,CUST_01607,retry,False,0.0,1
CASE_002731,CUST_01607,retry,False,0.0,1
CASE_002732,CUST_01608,retry,False,0.0,1
CASE_002733,CUST_01608,retry,False,0.0,1
CASE_002734,CUST_01609,retry,False,0.0,1
CASE_002735,CUST_01609,retry,False,0.0,1
CASE_002736,CUST_01610,retry,True,11922.43,1
CASE_002737,CUST_01610,retry,False,0.0,1
CASE_002738,CUST_01611,retry,False,0.0,1
CASE_002739,CUST_01611,retry,True,14723.45,1
CASE_002740,CUST_01613,retry,False,0.0,1
CASE_002741,CUST_01613,retry,False,0.0,1
CASE_002742,CUST_01613,retry,True,38755.21,1
CASE_002743,CUST_01613,retry,False,0.0,1
CASE_002744,CUST_01614,retry,False,0.0,1
CASE_002745,CUST_01614,retry,False,0.0,1
CASE_002746,CUST_01616,retry,False,0.0,1
CASE_002747,CUST_01617,retry,True,6550.1,1
CASE_002748,CUST_01617,retry,False,0.0,1
CASE_002749,CUST_01617,retry,False,0.0,1
CASE_002750,CUST_01619,retry,True,2023.1,1
CASE_002751,CUST_01619,retry,False,0.0,1
CASE_002752,CUST_01620,retry,True,39786.41,1
CASE_002753,CUST_01621,retry,False,0.0,1
CASE_002754,CUST_01622,retry,False,0.0,1
CASE_002755,CUST_01623,retry,True,18281.13,1
CASE_002756,CUST_01623,retry,False,0.0,1
CASE_002757,CUST_01623,retry,False,0.0,1
CASE_002758,CUST_01625,retry,False,0.0,1
CASE_002759,CUST_01626,retry,False,0.0,1
CASE_002760,CUST_01627,retry,False,0.0,1
CASE_002761,CUST_01627,retry,True,2126.8,1
CASE_002762,CUST_01628,retry,False,0.0,1
CASE_002763,CUST_01628,retry,True,10855.91,1
CASE_002764,CUST_01628,retry,True,21908.28,1
CASE_002765,CUST_01630,retry,True,8957.56,1
CASE_002766,CUST_01630,retry,True,6084.8,1
CASE_002767,CUST_01631,retry,False,0.0,1
CASE_002768,CUST_01631,retry,True,42017.02,1
CASE_002769,CUST_01631,retry,False,0.0,1
CASE_002770,CUST_01632,retry,False,0.0,1
CASE_002771,CUST_01633,retry,False,0.0,1
CASE_002772,CUST_01633,retry,True,53668.49,1
CASE_002773,CUST_01634,retry,True,37053.9,1
CASE_002774,CUST_01634,retry,False,0.0,1
CASE_002775,CUST_01636,retry,False,0.0,1
CASE_002776,CUST_01636,retry,False,0.0,1
CASE_002777,CUST_01637,retry,False,0.0,1
CASE_002778,CUST_01637,retry,False,0.0,1
CASE_002779,CUST_01638,retry,False,0.0,1
CASE_002780,CUST_01640,retry,False,0.0,1
CASE_002781,CUST_01640,retry,False,0.0,1
CASE_002782,CUST_01641,retry,False,0.0,1
CASE_002783,CUST_01642,retry,False,0.0,1
CASE_002784,CUST_01642,retry,True,45620.82,1
CASE_002785,CUST_01642,retry,True,48058.72,1
CASE_002786,CUST_01643,retry,False,0.0,1
CASE_002787,CUST_01643,retry,False,0.0,1
CASE_002788,CUST_01644,retry,False,0.0,1
CASE_002789,CUST_01644,retry,True,40800.87,1
CASE_002790,CUST_01645,retry,False,0.0,1
CASE_002791,CUST_01646,retry,False,0.0,1
CASE_002792,CUST_01647,retry,True,30554.78,1
CASE_002793,CUST_01647,retry,False,0.0,1
CASE_002794,CUST_01649,retry,True,13937.97,1
CASE_002795,CUST_01649,retry,True,27454.2,1
CASE_002796,CUST_01650,retry,True,12584.82,1
CASE_002797,CUST_01650,retry,False,0.0,1
CASE_002798,CUST_01650,retry,True,33214.03,1
CASE_002799,CUST_01650,retry,False,0.0,1
CASE_002800,CUST_01651,retry,True,10156.12,1
CASE_002801,CUST_01652,retry,False,0.0,1
CASE_002802,CUST_01652,retry,True,49746.75,1
CASE_002803,CUST_01653,retry,False,0.0,1
CASE_002804,CUST_01653,retry,False,0.0,1
CASE_002805,CUST_01653,retry,False,0.0,1
CASE_002806,CUST_01654,retry,False,0.0,1
CASE_002807,CUST_01654,retry,True,7335.12,1
CASE_002808,CUST_01654,retry,True,9260.24,1
CASE_002809,CUST_01655,retry,False,0.0,1
CASE_002810,CUST_01656,retry,False,0.0,1
CASE_002811,CUST_01656,retry,False,0.0,1
CASE_002812,CUST_01656,retry,False,0.0,1
CASE_002813,CUST_01658,retry,False,0.0,1
CASE_002814,CUST_01659,retry,False,0.0,1
CASE_002815,CUST_01659,retry,False,0.0,1
CASE_002816,CUST_01659,retry,False,0.0,1
CASE_002817,CUST_01659,retry,True,40709.8,1
CASE_002818,CUST_01661,retry,False,0.0,1
CASE_002819,CUST_01661,retry,False,0.0,1
CASE_002820,CUST_01662,retry,True,41109.43,1
CASE_002821,CUST_01662,retry,True,10225.52,1
CASE_002822,CUST_01663,retry,False,0.0,1
CASE_002823,CUST_01664,retry,True,20156.78,1
CASE_002824,CUST_01664,retry,False,0.0,1
CASE_002825,CUST_01665,retry,True,5868.8,1
CASE_002826,CUST_01666,retry,False,0.0,1
CASE_002827,CUST_01669,retry,False,0.0,1
CASE_002828,CUST_01669,retry,True,8027.42,1
CASE_002829,CUST_01669,retry,False,0.0,1
CASE_002830,CUST_01669,retry,False,0.0,1
CASE_002831,CUST_01670,retry,True,2569.94,1
CASE_002832,CUST_01672,retry,False,0.0,1
CASE_002833,CUST_01672,retry,False,0.0,1
CASE_002834,CUST_01672,retry,True,41056.92,1
CASE_002835,CUST_01673,retry,False,0.0,1
CASE_002836,CUST_01673,retry,False,0.0,1
CASE_002837,CUST_01674,retry,False,0.0,1
CASE_002838,CUST_01675,retry,True,38816.62,1
CASE_002839,CUST_01675,retry,False,0.0,1
CASE_002840,CUST_01676,retry,False,0.0,1
CASE_002841,CUST_01677,retry,False,0.0,1
CASE_002842,CUST_01678,retry,True,11591.95,1
CASE_002843,CUST_01680,retry,False,0.0,1
CASE_002844,CUST_01683,retry,True,4202.26,1
CASE_002845,CUST_01683,retry,False,0.0,1
CASE_002846,CUST_01683,retry,False,0.0,1
CASE_002847,CUST_01685,retry,False,0.0,1
CASE_002848,CUST_01685,retry,True,5488.14,1
CASE_002849,CUST_01685,retry,False,0.0,1
CASE_002850,CUST_01685,retry,True,16493.31,1
CASE_002851,CUST_01685,retry,False,0.0,1
CASE_002852,CUST_01686,retry,False,0.0,1
CASE_002853,CUST_01687,retry,True,11144.37,1
CASE_002854,CUST_01687,retry,False,0.0,1
CASE_002855,CUST_01687,retry,False,0.0,1
CASE_002856,CUST_01688,retry,False,0.0,1
CASE_002857,CUST_01689,retry,True,29547.37,1
CASE_002858,CUST_01690,retry,False,0.0,1
CASE_002859,CUST_01690,retry,False,0.0,1
CASE_002860,CUST_01691,retry,True,49599.36,1
CASE_002861,CUST_01691,retry,False,0.0,1
CASE_002862,CUST_01691,retry,False,0.0,1
CASE_002863,CUST_01692,retry,True,98253.36,1
CASE_002864,CUST_01693,retry,False,0.0,1
CASE_002865,CUST_01693,retry,False,0.0,1
CASE_002866,CUST_01694,retry,False,0.0,1
CASE_002867,CUST_01695,retry,False,0.0,1
CASE_002868,CUST_01695,retry,False,0.0,1
CASE_002869,CUST_01695,retry,False,0.0,1
CASE_002870,CUST_01697,retry,True,18433.7,1
CASE_002871,CUST_01698,retry,True,8771.21,1
CASE_002872,CUST_01699,retry,False,0.0,1
CASE_002873,CUST_01699,retry,True,24001.89,1
CASE_002874,CUST_01699,retry,True,68739.85,1
CASE_002875,CUST_01700,retry,False,0.0,1
CASE_002876,CUST_01701,retry,False,0.0,1
CASE_002877,CUST_01702,retry,False,0.0,1
CASE_002878,CUST_01703,retry,True,62221.05,1
CASE_002879,CUST_01704,retry,False,0.0,1
CASE_002880,CUST_01705,retry,True,2907.02,1
CASE_002881,CUST_01705,retry,False,0.0,1
CASE_002882,CUST_01706,retry,True,35649.36,1
CASE_002883,CUST_01707,retry,True,21938.78,1
CASE_002884,CUST_01708,retry,True,38423.99,1
CASE_002885,CUST_01708,retry,False,0.0,1
CASE_002886,CUST_01709,retry,False,0.0,1
CASE_002887,CUST_01709,retry,False,0.0,1
CASE_002888,CUST_01710,retry,True,17278.51,1
CASE_002889,CUST_01711,retry,True,29791.44,1
CASE_002890,CUST_01711,retry,True,47073.65,1
CASE_002891,CUST_01712,retry,False,0.0,1
CASE_002892,CUST_01713,retry,False,0.0,1
CASE_002893,CUST_01714,retry,False,0.0,1
CASE_002894,CUST_01714,retry,True,2399.95,1
CASE_002895,CUST_01714,retry,False,0.0,1
CASE_002896,CUST_01715,retry,True,6706.57,1
CASE_002897,CUST_01715,retry,False,0.0,1
CASE_002898,CUST_01717,retry,True,30644.04,1
CASE_002899,CUST_01718,retry,False,0.0,1
CASE_002900,CUST_01718,retry,False,0.0,1
CASE_002901,CUST_01718,retry,True,14733.84,1
CASE_002902,CUST_01718,retry,True,11022.33,1
CASE_002903,CUST_01718,retry,False,0.0,1
CASE_002904,CUST_01719,retry,False,0.0,1
CASE_002905,CUST_01721,retry,False,0.0,1
CASE_002906,CUST_01721,retry,False,0.0,1
CASE_002907,CUST_01721,retry,True,12726.42,1
CASE_002908,CUST_01722,retry,False,0.0,1
CASE_002909,CUST_01722,retry,False,0.0,1
CASE_002910,CUST_01722,retry,False,0.0,1
CASE_002911,CUST_01723,retry,True,5504.57,1
CASE_002912,CUST_01724,retry,True,41187.97,1
CASE_002913,CUST_01725,retry,False,0.0,1
CASE_002914,CUST_01726,retry,False,0.0,1
CASE_002915,CUST_01726,retry,False,0.0,1
CASE_002916,CUST_01727,retry,False,0.0,1
CASE_002917,CUST_01727,retry,True,16573.69,1
CASE_002918,CUST_01728,retry,False,0.0,1
CASE_002919,CUST_01729,retry,True,45726.03,1
CASE_002920,CUST_01729,retry,False,0.0,1
CASE_002921,CUST_01730,retry,False,0.0,1
CASE_002922,CUST_01734,retry,False,0.0,1
CASE_002923,CUST_01734,retry,False,0.0,1
CASE_002924,CUST_01734,retry,True,38268.1,1
CASE_002925,CUST_01735,retry,True,5903.92,1
CASE_002926,CUST_01735,retry,False,0.0,1
CASE_002927,CUST_01735,retry,True,14932.45,1
CASE_002928,CUST_01735,retry,True,7354.78,1
CASE_002929,CUST_01736,retry,False,0.0,1
CASE_002930,CUST_01736,retry,False,0.0,1
CASE_002931,CUST_01737,retry,True,14315.73,1
CASE_002932,CUST_01737,retry,True,25589.01,1
CASE_002933,CUST_01738,retry,False,0.0,1
CASE_002934,CUST_01738,retry,False,0.0,1
CASE_002935,CUST_01739,retry,False,0.0,1
CASE_002936,CUST_01740,retry,False,0.0,1
CASE_002937,CUST_01741,retry,False,0.0,1
CASE_002938,CUST_01741,retry,True,6413.69,1
CASE_002939,CUST_01742,retry,True,25751.57,1
CASE_002940,CUST_01743,retry,False,0.0,1
CASE_002941,CUST_01743,retry,True,67232.04,1
CASE_002942,CUST_01743,retry,True,54412.82,1
CASE_002943,CUST_01744,retry,True,2211.37,1
CASE_002944,CUST_01745,retry,False,0.0,1
CASE_002945,CUST_01746,retry,False,0.0,1
CASE_002946,CUST_01746,retry,False,0.0,1
CASE_002947,CUST_01746,retry,False,0.0,1
CASE_002948,CUST_01746,retry,False,0.0,1
CASE_002949,CUST_01746,retry,False,0.0,1
CASE_002950,CUST_01747,retry,True,12176.33,1
CASE_002951,CUST_01747,retry,False,0.0,1
CASE_002952,CUST_01748,retry,True,1699.3,1
CASE_002953,CUST_01748,retry,False,0.0,1
CASE_002954,CUST_01748,retry,False,0.0,1
CASE_002955,CUST_01749,retry,True,6100.82,1
CASE_002956,CUST_01750,retry,True,26980.26,1
CASE_002957,CUST_01751,retry,True,82863.28,1
CASE_002958,CUST_01751,retry,False,0.0,1
CASE_002959,CUST_01753,retry,False,0.0,1
CASE_002960,CUST_01753,retry,True,3758.55,1
CASE_002961,CUST_01754,retry,True,6025.97,1
CASE_002962,CUST_01755,retry,True,35662.04,1
CASE_002963,CUST_01755,retry,False,0.0,1
CASE_002964,CUST_01756,retry,False,0.0,1
CASE_002965,CUST_01757,retry,False,0.0,1
CASE_002966,CUST_01761,retry,False,0.0,1
CASE_002967,CUST_01761,retry,False,0.0,1
CASE_002968,CUST_01761,retry,False,0.0,1
CASE_002969,CUST_01761,retry,False,0.0,1
CASE_002970,CUST_01762,retry,False,0.0,1
CASE_002971,CUST_01763,retry,False,0.0,1
CASE_002972,CUST_01764,retry,False,0.0,1
CASE_002973,CUST_01765,retry,False,0.0,1
CASE_002974,CUST_01765,retry,False,0.0,1
CASE_002975,CUST_01766,retry,True,1140.67,1
CASE_002976,CUST_01766,retry,False,0.0,1
CASE_002977,CUST_01766,retry,True,7008.48,1
CASE_002978,CUST_01768,retry,False,0.0,1
CASE_002979,CUST_01769,retry,False,0.0,1
CASE_002980,CUST_01769,retry,False,0.0,1
CASE_002981,CUST_01771,retry,True,14568.18,1
CASE_002982,CUST_01771,retry,True,47343.9,1
CASE_002983,CUST_01773,retry,False,0.0,1
CASE_002984,CUST_01774,retry,False,0.0,1
CASE_002985,CUST_01774,retry,False,0.0,1
CASE_002986,CUST_01775,retry,False,0.0,1
CASE_002987,CUST_01776,retry,True,17267.34,1
CASE_002988,CUST_01776,retry,False,0.0,1
CASE_002989,CUST_01776,retry,True,34147.43,1
CASE_002990,CUST_01776,retry,False,0.0,1
CASE_002991,CUST_01777,retry,True,9816.93,1
CASE_002992,CUST_01777,retry,False,0.0,1
CASE_002993,CUST_01777,retry,False,0.0,1
CASE_002994,CUST_01778,retry,False,0.0,1
CASE_002995,CUST_01778,retry,False,0.0,1
CASE_002996,CUST_01778,retry,False,0.0,1
CASE_002997,CUST_01780,retry,False,0.0,1
CASE_002998,CUST_01780,retry,True,22372.04,1
CASE_002999,CUST_01782,retry,False,0.0,1
CASE_003000,CUST_01782,retry,False,0.0,1
CASE_003001,CUST_01783,retry,False,0.0,1
CASE_003002,CUST_01784,retry,False,0.0,1
CASE_003003,CUST_01785,retry,False,0.0,1
CASE_003004,CUST_01787,retry,False,0.0,1
CASE_003005,CUST_01788,retry,False,0.0,1
CASE_003006,CUST_01788,retry,False,0.0,1
CASE_003007,CUST_01789,retry,False,0.0,1
CASE_003008,CUST_01790,retry,False,0.0,1
CASE_003009,CUST_01790,retry,False,0.0,1
CASE_003010,CUST_01790,retry,True,20076.39,1
CASE_003011,CUST_01790,retry,False,0.0,1
CASE_003012,CUST_01792,retry,True,7345.36,1
CASE_003013,CUST_01792,retry,True,16351.99,1
CASE_003014,CUST_01792,retry,False,0.0,1
CASE_003015,CUST_01792,retry,False,0.0,1
CASE_003016,CUST_01795,retry,True,5162.96,1
CASE_003017,CUST_01795,retry,False,0.0,1
CASE_003018,CUST_01796,retry,False,0.0,1
CASE_003019,CUST_01796,retry,False,0.0,1
CASE_003020,CUST_01796,retry,False,0.0,1
CASE_003021,CUST_01797,retry,True,31559.08,1
CASE_003022,CUST_01798,retry,True,7438.7,1
CASE_003023,CUST_01799,retry,True,14497.45,1
CASE_003024,CUST_01799,retry,True,22416.86,1
CASE_003025,CUST_01799,retry,True,48248.56,1
CASE_003026,CUST_01799,retry,True,29149.47,1
CASE_003027,CUST_01800,retry,True,26376.72,1
CASE_003028,CUST_01801,retry,False,0.0,1
CASE_003029,CUST_01802,retry,False,0.0,1
CASE_003030,CUST_01803,retry,True,6253.16,1
CASE_003031,CUST_01803,retry,False,0.0,1
CASE_003032,CUST_01803,retry,False,0.0,1
CASE_003033,CUST_01807,retry,False,0.0,1
CASE_003034,CUST_01807,retry,False,0.0,1
CASE_003035,CUST_01808,retry,False,0.0,1
CASE_003036,CUST_01808,retry,False,0.0,1
CASE_003037,CUST_01808,retry,False,0.0,1
CASE_003038,CUST_01809,retry,False,0.0,1
CASE_003039,CUST_01809,retry,False,0.0,1
CASE_003040,CUST_01810,retry,False,0.0,1
CASE_003041,CUST_01810,retry,False,0.0,1
CASE_003042,CUST_01810,retry,True,26367.4,1
CASE_003043,CUST_01810,retry,False,0.0,1
CASE_003044,CUST_01811,retry,False,0.0,1
CASE_003045,CUST_01812,retry,True,28967.46,1
CASE_003046,CUST_01812,retry,True,39315.97,1
CASE_003047,CUST_01812,retry,True,24687.06,1
CASE_003048,CUST_01813,retry,False,0.0,1
CASE_003049,CUST_01813,retry,False,0.0,1
CASE_003050,CUST_01814,retry,False,0.0,1
CASE_003051,CUST_01814,retry,True,18070.43,1
CASE_003052,CUST_01814,retry,False,0.0,1
CASE_003053,CUST_01814,retry,False,0.0,1
CASE_003054,CUST_01815,retry,True,9104.58,1
CASE_003055,CUST_01816,retry,False,0.0,1
CASE_003056,CUST_01818,retry,True,62518.05,1
CASE_003057,CUST_01819,retry,False,0.0,1
CASE_003058,CUST_01819,retry,False,0.0,1
CASE_003059,CUST_01820,retry,False,0.0,1
CASE_003060,CUST_01821,retry,False,0.0,1
CASE_003061,CUST_01822,retry,False,0.0,1
CASE_003062,CUST_01822,retry,False,0.0,1
CASE_003063,CUST_01822,retry,False,0.0,1
CASE_003064,CUST_01823,retry,False,0.0,1
CASE_003065,CUST_01825,retry,False,0.0,1
CASE_003066,CUST_01825,retry,False,0.0,1
CASE_003067,CUST_01827,retry,True,7789.56,1
CASE_003068,CUST_01827,retry,False,0.0,1
CASE_003069,CUST_01828,retry,False,0.0,1
CASE_003070,CUST_01828,retry,False,0.0,1
CASE_003071,CUST_01829,retry,False,0.0,1
CASE_003072,CUST_01830,retry,False,0.0,1
CASE_003073,CUST_01831,retry,True,1104.61,1
CASE_003074,CUST_01832,retry,False,0.0,1
CASE_003075,CUST_01833,retry,False,0.0,1
CASE_003076,CUST_01833,retry,True,25754.9,1
CASE_003077,CUST_01833,retry,True,31269.26,1
CASE_003078,CUST_01834,retry,False,0.0,1
CASE_003079,CUST_01835,retry,False,0.0,1
CASE_003080,CUST_01835,retry,False,0.0,1
CASE_003081,CUST_01835,retry,False,0.0,1
CASE_003082,CUST_01836,retry,False,0.0,1
CASE_003083,CUST_01838,retry,False,0.0,1
CASE_003084,CUST_01838,retry,False,0.0,1
CASE_003085,CUST_01839,retry,True,40232.45,1
CASE_003086,CUST_01839,retry,False,0.0,1
CASE_003087,CUST_01840,retry,True,41325.99,1
CASE_003088,CUST_01840,retry,True,5895.64,1
CASE_003089,CUST_01841,retry,True,8981.03,1
CASE_003090,CUST_01841,retry,False,0.0,1
CASE_003091,CUST_01842,retry,True,3932.96,1
CASE_003092,CUST_01842,retry,False,0.0,1
CASE_003093,CUST_01842,retry,False,0.0,1
CASE_003094,CUST_01842,retry,True,45479.2,1
CASE_003095,CUST_01843,retry,False,0.0,1
CASE_003096,CUST_01843,retry,False,0.0,1
CASE_003097,CUST_01846,retry,False,0.0,1
CASE_003098,CUST_01847,retry,False,0.0,1
CASE_003099,CUST_01848,retry,False,0.0,1
CASE_003100,CUST_01849,retry,True,92980.03,1
CASE_003101,CUST_01849,retry,True,55017.07,1
CASE_003102,CUST_01852,retry,False,0.0,1
CASE_003103,CUST_01852,retry,False,0.0,1
CASE_003104,CUST_01853,retry,False,0.0,1
CASE_003105,CUST_01854,retry,False,0.0,1
CASE_003106,CUST_01855,retry,False,0.0,1
CASE_003107,CUST_01855,retry,True,15806.69,1
CASE_003108,CUST_01855,retry,False,0.0,1
CASE_003109,CUST_01855,retry,False,0.0,1
CASE_003110,CUST_01857,retry,True,2496.45,1
CASE_003111,CUST_01857,retry,False,0.0,1
CASE_003112,CUST_01857,retry,False,0.0,1
CASE_003113,CUST_01857,retry,False,0.0,1
CASE_003114,CUST_01859,retry,True,12651.32,1
CASE_003115,CUST_01859,retry,True,35093.22,1
CASE_003116,CUST_01860,retry,False,0.0,1
CASE_003117,CUST_01860,retry,False,0.0,1
CASE_003118,CUST_01861,retry,False,0.0,1
CASE_003119,CUST_01861,retry,False,0.0,1
CASE_003120,CUST_01861,retry,True,37351.23,1
CASE_003121,CUST_01863,retry,False,0.0,1
CASE_003122,CUST_01863,retry,True,22228.84,1
CASE_003123,CUST_01864,retry,True,60307.0,1
CASE_003124,CUST_01864,retry,False,0.0,1
CASE_003125,CUST_01865,retry,False,0.0,1
CASE_003126,CUST_01865,retry,False,0.0,1
CASE_003127,CUST_01866,retry,False,0.0,1
CASE_003128,CUST_01866,retry,False,0.0,1
CASE_003129,CUST_01866,retry,False,0.0,1
CASE_003130,CUST_01867,retry,False,0.0,1
CASE_003131,CUST_01867,retry,False,0.0,1
CASE_003132,CUST_01867,retry,True,12337.15,1
CASE_003133,CUST_01870,retry,False,0.0,1
CASE_003134,CUST_01870,retry,False,0.0,1
CASE_003135,CUST_01871,retry,False,0.0,1
CASE_003136,CUST_01871,retry,False,0.0,1
CASE_003137,CUST_01872,retry,True,1178.77,1
CASE_003138,CUST_01872,retry,True,40436.59,1
CASE_003139,CUST_01873,retry,False,0.0,1
CASE_003140,CUST_01874,retry,False,0.0,1
CASE_003141,CUST_01875,retry,False,0.0,1
CASE_003142,CUST_01876,retry,True,4378.52,1
CASE_003143,CUST_01878,retry,False,0.0,1
CASE_003144,CUST_01878,retry,False,0.0,1
CASE_003145,CUST_01878,retry,True,9768.33,1
CASE_003146,CUST_01878,retry,True,1773.57,1
CASE_003147,CUST_01879,retry,True,16530.09,1
CASE_003148,CUST_01879,retry,True,10251.97,1
CASE_003149,CUST_01880,retry,True,24450.88,1
CASE_003150,CUST_01881,retry,True,29659.09,1
CASE_003151,CUST_01882,retry,True,18408.05,1
CASE_003152,CUST_01883,retry,False,0.0,1
CASE_003153,CUST_01883,retry,True,8199.05,1
CASE_003154,CUST_01883,retry,False,0.0,1
CASE_003155,CUST_01884,retry,False,0.0,1
CASE_003156,CUST_01885,retry,False,0.0,1
CASE_003157,CUST_01885,retry,True,32260.48,1
CASE_003158,CUST_01887,retry,False,0.0,1
CASE_003159,CUST_01887,retry,True,11339.27,1
CASE_003160,CUST_01888,retry,True,74293.32,1
CASE_003161,CUST_01890,retry,False,0.0,1
CASE_003162,CUST_01891,retry,False,0.0,1
CASE_003163,CUST_01892,retry,False,0.0,1
CASE_003164,CUST_01893,retry,False,0.0,1
CASE_003165,CUST_01893,retry,False,0.0,1
CASE_003166,CUST_01894,retry,False,0.0,1
CASE_003167,CUST_01894,retry,False,0.0,1
CASE_003168,CUST_01895,retry,True,96422.39,1
CASE_003169,CUST_01896,retry,False,0.0,1
CASE_003170,CUST_01897,retry,False,0.0,1
CASE_003171,CUST_01898,retry,True,7656.97,1
CASE_003172,CUST_01898,retry,True,42529.48,1
CASE_003173,CUST_01899,retry,True,144684.83,1
CASE_003174,CUST_01900,retry,False,0.0,1
CASE_003175,CUST_01901,retry,False,0.0,1
CASE_003176,CUST_01901,retry,False,0.0,1
CASE_003177,CUST_01902,retry,False,0.0,1
CASE_003178,CUST_01902,retry,False,0.0,1
CASE_003179,CUST_01902,retry,False,0.0,1
CASE_003180,CUST_01903,retry,False,0.0,1
CASE_003181,CUST_01903,retry,False,0.0,1
CASE_003182,CUST_01903,retry,False,0.0,1
CASE_003183,CUST_01903,retry,True,26334.52,1
CASE_003184,CUST_01904,retry,False,0.0,1
CASE_003185,CUST_01905,retry,False,0.0,1
CASE_003186,CUST_01905,retry,True,8041.97,1
CASE_003187,CUST_01906,retry,False,0.0,1
CASE_003188,CUST_01906,retry,True,32967.83,1
CASE_003189,CUST_01909,retry,True,3490.93,1
CASE_003190,CUST_01910,retry,False,0.0,1
CASE_003191,CUST_01910,retry,False,0.0,1
CASE_003192,CUST_01911,retry,False,0.0,1
CASE_003193,CUST_01911,retry,False,0.0,1
CASE_003194,CUST_01911,retry,False,0.0,1
CASE_003195,CUST_01912,retry,False,0.0,1
CASE_003196,CUST_01912,retry,False,0.0,1
CASE_003197,CUST_01912,retry,False,0.0,1
CASE_003198,CUST_01913,retry,False,0.0,1
CASE_003199,CUST_01913,retry,True,9650.36,1
CASE_003200,CUST_01914,retry,False,0.0,1
CASE_003201,CUST_01914,retry,False,0.0,1
CASE_003202,CUST_01914,retry,False,0.0,1
CASE_003203,CUST_01915,retry,False,0.0,1
CASE_003204,CUST_01916,retry,False,0.0,1
CASE_003205,CUST_01918,retry,False,0.0,1
CASE_003206,CUST_01919,retry,True,16594.63,1
CASE_003207,CUST_01920,retry,False,0.0,1
CASE_003208,CUST_01921,retry,False,0.0,1
CASE_003209,CUST_01923,retry,False,0.0,1
CASE_003210,CUST_01928,retry,False,0.0,1
CASE_003211,CUST_01929,retry,False,0.0,1
CASE_003212,CUST_01929,retry,True,39835.11,1
CASE_003213,CUST_01931,retry,False,0.0,1
CASE_003214,CUST_01933,retry,True,126124.13,1
CASE_003215,CUST_01933,retry,True,5026.94,1
CASE_003216,CUST_01935,retry,False,0.0,1
CASE_003217,CUST_01936,retry,False,0.0,1
CASE_003218,CUST_01937,retry,False,0.0,1
CASE_003219,CUST_01937,retry,False,0.0,1
CASE_003220,CUST_01938,retry,False,0.0,1
CASE_003221,CUST_01939,retry,True,23575.24,1
CASE_003222,CUST_01941,retry,True,5133.23,1
CASE_003223,CUST_01941,retry,False,0.0,1
CASE_003224,CUST_01942,retry,False,0.0,1
CASE_003225,CUST_01942,retry,False,0.0,1
CASE_003226,CUST_01943,retry,True,3959.79,1
CASE_003227,CUST_01943,retry,True,39813.54,1
CASE_003228,CUST_01944,retry,True,35868.54,1
CASE_003229,CUST_01944,retry,True,4755.21,1
CASE_003230,CUST_01944,retry,False,0.0,1
CASE_003231,CUST_01945,retry,False,0.0,1
CASE_003232,CUST_01945,retry,True,14673.08,1
CASE_003233,CUST_01945,retry,True,9001.67,1
CASE_003234,CUST_01945,retry,True,7113.61,1
CASE_003235,CUST_01946,retry,False,0.0,1
CASE_003236,CUST_01946,retry,True,4607.4,1
CASE_003237,CUST_01948,retry,True,2559.42,1
CASE_003238,CUST_01950,retry,False,0.0,1
CASE_003239,CUST_01951,retry,False,0.0,1
CASE_003240,CUST_01952,retry,False,0.0,1
CASE_003241,CUST_01952,retry,False,0.0,1
CASE_003242,CUST_01954,retry,True,7553.49,1
CASE_003243,CUST_01954,retry,False,0.0,1
CASE_003244,CUST_01955,retry,False,0.0,1
CASE_003245,CUST_01955,retry,True,20742.97,1
CASE_003246,CUST_01957,retry,False,0.0,1
CASE_003247,CUST_01957,retry,False,0.0,1
CASE_003248,CUST_01958,retry,False,0.0,1
CASE_003249,CUST_01958,retry,False,0.0,1
CASE_003250,CUST_01959,retry,True,4516.94,1
CASE_003251,CUST_01959,retry,False,0.0,1
CASE_003252,CUST_01961,retry,False,0.0,1
CASE_003253,CUST_01962,retry,False,0.0,1
CASE_003254,CUST_01963,retry,False,0.0,1
CASE_003255,CUST_01964,retry,False,0.0,1
CASE_003256,CUST_01964,retry,False,0.0,1
CASE_003257,CUST_01964,retry,False,0.0,1
CASE_003258,CUST_01964,retry,True,27361.08,1
CASE_003259,CUST_01965,retry,True,29493.56,1
CASE_003260,CUST_01965,retry,False,0.0,1
CASE_003261,CUST_01966,retry,True,11724.21,1
CASE_003262,CUST_01968,retry,True,4017.74,1
CASE_003263,CUST_01968,retry,True,69529.51,1
CASE_003264,CUST_01969,retry,False,0.0,1
CASE_003265,CUST_01969,retry,True,25140.7,1
CASE_003266,CUST_01971,retry,False,0.0,1
CASE_003267,CUST_01971,retry,True,45857.95,1
CASE_003268,CUST_01971,retry,False,0.0,1
CASE_003269,CUST_01972,retry,False,0.0,1
CASE_003270,CUST_01972,retry,False,0.0,1
CASE_003271,CUST_01972,retry,True,10542.29,1
CASE_003272,CUST_01973,retry,False,0.0,1
CASE_003273,CUST_01973,retry,True,18746.39,1
CASE_003274,CUST_01973,retry,False,0.0,1
CASE_003275,CUST_01973,retry,True,5054.85,1
CASE_003276,CUST_01975,retry,False,0.0,1
CASE_003277,CUST_01976,retry,True,18757.54,1
CASE_003278,CUST_01977,retry,True,31927.22,1
CASE_003279,CUST_01978,retry,True,23061.45,1
CASE_003280,CUST_01979,retry,False,0.0,1
CASE_003281,CUST_01979,retry,True,2898.4,1
CASE_003282,CUST_01980,retry,False,0.0,1
CASE_003283,CUST_01981,retry,True,35819.81,1
CASE_003284,CUST_01982,retry,True,17128.3,1
CASE_003285,CUST_01985,retry,True,29989.22,1
CASE_003286,CUST_01985,retry,False,0.0,1
CASE_003287,CUST_01986,retry,False,0.0,1
CASE_003288,CUST_01986,retry,True,6995.86,1
CASE_003289,CUST_01987,retry,True,1626.87,1
CASE_003290,CUST_01988,retry,False,0.0,1
CASE_003291,CUST_01988,retry,False,0.0,1
CASE_003292,CUST_01989,retry,True,35487.64,1
CASE_003293,CUST_01989,retry,True,6415.08,1
CASE_003294,CUST_01990,retry,True,48622.3,1
CASE_003295,CUST_01990,retry,True,43331.22,1
CASE_003296,CUST_01991,retry,True,47209.86,1
CASE_003297,CUST_01991,retry,False,0.0,1
CASE_003298,CUST_01993,retry,True,50954.86,1
CASE_003299,CUST_01993,retry,False,0.0,1
CASE_003300,CUST_01993,retry,False,0.0,1
CASE_003301,CUST_01994,retry,True,2450.99,1
CASE_003302,CUST_01994,retry,False,0.0,1
CASE_003303,CUST_01994,retry,False,0.0,1
CASE_003304,CUST_01994,retry,True,4816.04,1
CASE_003305,CUST_01995,retry,False,0.0,1
CASE_003306,CUST_01995,retry,False,0.0,1
CASE_003307,CUST_01996,retry,True,14705.03,1
CASE_003308,CUST_01997,retry,True,8953.37,1
CASE_003309,CUST_01997,retry,False,0.0,1
CASE_003310,CUST_01998,retry,False,0.0,1
CASE_003311,CUST_01999,retry,False,0.0,1
CASE_003312,CUST_01999,retry,False,0.0,1
