case_id,customer_id,customer_segment,communication_opt_in,failure_category,recovery_amount,final_action,decision_reason,guardrail_status,recovery_probability,expected_recovery,action_cost,erv
CASE_000001,CUST_01698,regular,1,limit_exceeded,8478.68,reminder,Action passed all guardrails.,passed,0.5664293405784722,4802.573121375881,5.0,4797.573121375881
CASE_000002,CUST_01132,regular,1,temporary_bank_failure,13042.46,retry,Action passed all guardrails.,passed,0.8579277809938051,11189.488766500464,2.0,11187.488766500464
CASE_000003,CUST_01561,regular,1,blocked_instrument,17945.34,reminder,Action passed all guardrails.,passed,0.5675573060814091,10185.008827114954,5.0,10180.008827114954
CASE_000004,CUST_00126,regular,1,timeout,46945.17,retry,Action passed all guardrails.,passed,0.7017244033356433,32942.57140774034,2.0,32940.57140774034
CASE_000005,CUST_00495,new,1,expired_instrument,4216.94,reminder,Action passed all guardrails.,passed,0.5176483370097679,2182.8919782699704,5.0,2177.8919782699704
CASE_000006,CUST_00484,new,1,temporary_bank_failure,19108.54,retry,Action passed all guardrails.,passed,0.8014003451567557,15313.590551441674,2.0,15311.590551441674
CASE_000007,CUST_00758,regular,1,unknown_failure,26683.81,escalate,Case routed to manual review.,passed,0.5137947629661155,13710.001833982862,25.0,13685.001833982862
CASE_000008,CUST_00825,high_value,1,unknown_failure,54006.26,reminder,High-value case permitted for controlled recovery.,passed,0.5618888757468598,30345.516714692603,5.0,30340.516714692603
CASE_000009,CUST_00443,new,1,insufficient_funds,13415.5,reminder,Action passed all guardrails.,passed,0.573250252660869,7690.438764571889,5.0,7685.438764571889
CASE_000010,CUST_01786,new,1,timeout,7189.61,retry,Action passed all guardrails.,passed,0.6140036074257664,4414.446475984364,2.0,4412.446475984364
CASE_000011,CUST_00672,new,0,timeout,4174.91,retry,Action passed all guardrails.,passed,0.755674931263442,3154.874827281056,2.0,3152.874827281056
CASE_000012,CUST_01554,regular,1,timeout,48132.54,retry,Action passed all guardrails.,passed,0.7026679160279227,33821.19157493063,2.0,33819.19157493063
CASE_000013,CUST_00385,new,1,insufficient_funds,16759.79,reminder,Action passed all guardrails.,passed,0.5308251155197485,8896.517462836728,5.0,8891.517462836728
CASE_000014,CUST_00056,new,1,expired_instrument,15019.46,reminder,Action passed all guardrails.,passed,0.5151522087014269,7737.307992502732,5.0,7732.307992502732
CASE_000015,CUST_01630,regular,1,insufficient_funds,15404.32,reminder,Action passed all guardrails.,passed,0.6406681507095665,9869.05720733839,5.0,9864.05720733839
CASE_000016,CUST_00618,regular,1,unknown_failure,27718.35,escalate,Case routed to manual review.,passed,0.509921630090277,14134.18621541283,25.0,14109.18621541283
CASE_000017,CUST_00856,regular,0,unknown_failure,9395.95,escalate,Case routed to manual review.,passed,0.5469211435806507,5138.843719026615,25.0,5113.843719026615
CASE_000018,CUST_01884,regular,0,unknown_failure,19908.85,escalate,Case routed to manual review.,passed,0.5065915148951994,10085.65448132129,25.0,10060.65448132129
CASE_000019,CUST_01682,new,1,insufficient_funds,4684.36,reminder,Action passed all guardrails.,passed,0.50557182094145,2368.2804151452906,5.0,2363.2804151452906
CASE_000020,CUST_01943,regular,1,blocked_instrument,31815.77,reminder,Action passed all guardrails.,passed,0.4117421954408975,13099.894989442644,5.0,13094.894989442644
CASE_000021,CUST_00899,regular,1,timeout,8465.23,escalate,Case routed to manual review.,passed,0.7277127885775325,6160.256129250185,25.0,6135.256129250185
CASE_000022,CUST_00257,new,1,temporary_bank_failure,13338.08,retry,Action passed all guardrails.,passed,0.78132108970112,10421.323200120714,2.0,10419.323200120714
CASE_000023,CUST_00685,regular,1,timeout,12992.05,retry,Action passed all guardrails.,passed,0.7267432947683937,9441.885222795709,2.0,9439.885222795709
CASE_000024,CUST_00721,high_value,1,unknown_failure,6881.27,reminder,Action passed all guardrails.,passed,0.5750601938019303,3957.144459803409,5.0,3952.144459803409
CASE_000025,CUST_01775,new,1,insufficient_funds,17812.74,reminder,Action passed all guardrails.,passed,0.5488411902552149,9776.36542330668,5.0,9771.36542330668
CASE_000026,CUST_00516,new,1,authentication_failed,7586.59,reminder,Action passed all guardrails.,passed,0.4625199192432514,3508.9489941316588,5.0,3503.9489941316588
CASE_000027,CUST_01995,high_value,1,unknown_failure,38704.19,reminder,Action passed all guardrails.,passed,0.5582255558958417,21605.66797824828,5.0,21600.66797824828
CASE_000028,CUST_01525,regular,1,insufficient_funds,49243.32,reminder,Action passed all guardrails.,passed,0.5524673232224949,27205.32518698875,5.0,27200.32518698875
CASE_000029,CUST_01370,regular,1,insufficient_funds,8920.39,reminder,Action passed all guardrails.,passed,0.5950321529921846,5307.918867229953,5.0,5302.918867229953
CASE_000030,CUST_00748,regular,0,insufficient_funds,37604.95,escalate,Case routed to manual review.,passed,0.4942502233958469,18586.25493828965,25.0,18561.25493828965
CASE_000031,CUST_01494,regular,1,temporary_bank_failure,40773.77,retry,Action passed all guardrails.,passed,0.7560407948615268,30826.633480301072,2.0,30824.633480301072
CASE_000032,CUST_01955,regular,1,unknown_failure,14019.67,reminder,Action passed all guardrails.,passed,0.5148981883931227,7218.702684869411,5.0,7213.702684869411
CASE_000033,CUST_01446,new,1,insufficient_funds,13155.67,reminder,Action passed all guardrails.,passed,0.5768659613105102,7589.058221233839,5.0,7584.058221233839
CASE_000034,CUST_00790,regular,0,blocked_instrument,14162.24,escalate,Case routed to manual review.,passed,0.466460253096754,6606.122054816974,25.0,6581.122054816974
CASE_000035,CUST_00935,regular,1,risk_decline,35404.43,reminder,Action passed all guardrails.,passed,0.1490941769618203,5278.594351652381,5.0,5273.594351652381
CASE_000036,CUST_00726,regular,1,insufficient_funds,5234.47,reminder,Action passed all guardrails.,passed,0.6224952548785684,3258.43273680422,5.0,3253.43273680422
CASE_000037,CUST_01616,regular,1,insufficient_funds,41435.35,reminder,Action passed all guardrails.,passed,0.580813967228179,24066.230016988127,5.0,24061.230016988127
CASE_000038,CUST_01497,regular,1,authentication_failed,17857.47,reminder,Action passed all guardrails.,passed,0.5696932495161022,10173.28011243631,5.0,10168.28011243631
CASE_000039,CUST_00927,new,1,insufficient_funds,2795.31,reminder,Action passed all guardrails.,passed,0.6729197164888644,1881.0192126984875,5.0,1876.0192126984875
CASE_000040,CUST_01973,new,1,insufficient_funds,16512.68,reminder,Action passed all guardrails.,passed,0.6673297468267537,11019.4025638312,5.0,11014.4025638312
CASE_000041,CUST_00275,regular,1,timeout,24066.75,retry,Action passed all guardrails.,passed,0.7295737890917467,17558.469988623798,2.0,17556.469988623798
CASE_000042,CUST_00665,regular,1,unknown_failure,33671.45,reminder,Action passed all guardrails.,passed,0.481908364453629,16226.553398282143,5.0,16221.553398282143
CASE_000043,CUST_01604,new,1,limit_exceeded,12026.69,reminder,Action passed all guardrails.,passed,0.5351862185239472,6436.518742459771,5.0,6431.518742459771
CASE_000044,CUST_01094,regular,1,limit_exceeded,16785.24,reminder,Action passed all guardrails.,passed,0.4440878406913759,7454.120987086512,5.0,7449.120987086512
CASE_000045,CUST_00124,high_value,1,insufficient_funds,14899.58,reminder,Action passed all guardrails.,passed,0.650884193389789,9697.901110146631,5.0,9692.901110146631
CASE_000046,CUST_01196,regular,1,temporary_bank_failure,39690.25,retry,Action passed all guardrails.,passed,0.7952391870680463,31563.242144527525,2.0,31561.242144527525
CASE_000047,CUST_01064,regular,1,timeout,6902.33,escalate,Case routed to manual review.,passed,0.7249849564824447,5004.085414677472,25.0,4979.085414677472
CASE_000048,CUST_01297,regular,1,insufficient_funds,18447.18,reminder,Action passed all guardrails.,passed,0.5792102920470791,10684.796515245036,5.0,10679.796515245036
CASE_000049,CUST_00394,regular,1,temporary_bank_failure,30067.05,retry,Action passed all guardrails.,passed,0.8462397693042156,25443.93345565832,2.0,25441.93345565832
CASE_000050,CUST_01604,new,1,insufficient_funds,14220.9,reminder,Action passed all guardrails.,passed,0.5897179197167357,8386.319564499727,5.0,8381.319564499727
CASE_000051,CUST_01044,regular,1,timeout,16695.03,retry,Action passed all guardrails.,passed,0.74098122959567,12370.7038575366,2.0,12368.7038575366
CASE_000052,CUST_00184,regular,1,unknown_failure,42955.24,escalate,Case routed to manual review.,passed,0.5165375546972778,22187.994631034693,25.0,22162.994631034693
CASE_000053,CUST_01852,regular,1,insufficient_funds,47520.88,reminder,Action passed all guardrails.,passed,0.6475605277730472,30772.64613303964,5.0,30767.64613303964
CASE_000054,CUST_00435,regular,1,temporary_bank_failure,5481.62,retry,Action passed all guardrails.,passed,0.7641344302297136,4188.694575435803,2.0,4186.694575435803
CASE_000055,CUST_00067,regular,1,insufficient_funds,33687.49,reminder,Action passed all guardrails.,passed,0.5619743928638521,18931.506739857086,5.0,18926.506739857086
CASE_000056,CUST_00009,new,1,blocked_instrument,8672.46,reminder,Action passed all guardrails.,passed,0.3868757767854638,3355.164699140864,5.0,3350.164699140864
CASE_000057,CUST_01859,regular,1,risk_decline,24457.64,reminder,Action passed all guardrails.,passed,0.4029918985821075,9856.230778437695,5.0,9851.230778437695
CASE_000058,CUST_01136,regular,1,risk_decline,46323.85,reminder,Action passed all guardrails.,passed,0.191944123526231,8891.590786610597,5.0,8886.590786610597
CASE_000059,CUST_00280,high_value,1,temporary_bank_failure,91833.35,retry,High-value case permitted for controlled recovery.,passed,0.8232278491085231,75599.77119693019,2.0,75597.77119693019
CASE_000060,CUST_01358,regular,1,insufficient_funds,34166.7,reminder,Action passed all guardrails.,passed,0.5862316860500242,20029.60214776536,5.0,20024.60214776536
CASE_000061,CUST_00830,new,1,risk_decline,19293.13,reminder,Action passed all guardrails.,passed,0.1729221376966702,3336.2092824597603,5.0,3331.2092824597603
CASE_000062,CUST_00953,regular,1,temporary_bank_failure,38867.89,retry,Action passed all guardrails.,passed,0.8072487868860457,31376.05705132027,2.0,31374.05705132027
CASE_000063,CUST_00151,regular,1,risk_decline,33989.35,reminder,Action passed all guardrails.,passed,0.174173651065731,5920.049186851005,5.0,5915.049186851005
CASE_000064,CUST_01831,new,1,risk_decline,14719.8,reminder,Action passed all guardrails.,passed,0.297327136258769,4376.595980301829,5.0,4371.595980301829
CASE_000065,CUST_00325,regular,1,timeout,48965.38,retry,Action passed all guardrails.,passed,0.665098388824947,32566.79534620128,2.0,32564.79534620128
CASE_000066,CUST_00627,regular,1,expired_instrument,38523.6,reminder,Action passed all guardrails.,passed,0.5400689896159298,20805.40172836823,5.0,20800.40172836823
CASE_000067,CUST_00280,high_value,1,authentication_failed,19461.02,reminder,Action passed all guardrails.,passed,0.5910271512445078,11501.99121091239,5.0,11496.99121091239
CASE_000068,CUST_00965,new,0,temporary_bank_failure,15711.46,retry,Action passed all guardrails.,passed,0.6792941999235103,10672.703650330232,2.0,10670.703650330232
CASE_000069,CUST_01347,high_value,1,risk_decline,72971.05,reminder,High-value case permitted for controlled recovery.,passed,0.2024319427750307,14771.67141783391,5.0,14766.67141783391
CASE_000070,CUST_01735,new,1,expired_instrument,18526.95,reminder,Action passed all guardrails.,passed,0.5646725097717694,10461.659354916084,5.0,10456.659354916084
CASE_000071,CUST_01541,new,1,risk_decline,2067.05,reminder,Action passed all guardrails.,passed,0.1333958167187716,275.73582294853685,5.0,270.73582294853685
CASE_000072,CUST_01870,regular,1,expired_instrument,36302.18,reminder,Action passed all guardrails.,passed,0.6049737434893144,21961.86573142292,5.0,21956.86573142292
CASE_000073,CUST_01268,high_value,1,timeout,84914.28,escalate,Case routed to manual review.,passed,0.7330151126618378,62243.45052079884,25.0,62218.45052079884
CASE_000074,CUST_01012,high_value,1,authentication_failed,45105.94,escalate,Case routed to manual review.,passed,0.5175479714352214,23344.48774667881,25.0,23319.48774667881
CASE_000075,CUST_01659,high_value,1,expired_instrument,39268.71,reminder,Action passed all guardrails.,passed,0.5667972126267753,22257.395371449176,5.0,22252.395371449176
CASE_000076,CUST_00858,regular,1,authentication_failed,5711.61,reminder,Action passed all guardrails.,passed,0.5952406406991997,3399.7823958239555,5.0,3394.7823958239555
CASE_000077,CUST_00241,new,1,timeout,13017.55,retry,Action passed all guardrails.,passed,0.6366696468242538,8287.878961017064,2.0,8285.878961017064
CASE_000078,CUST_01837,regular,1,timeout,49995.32,retry,Action passed all guardrails.,passed,0.6537869441906018,32686.28748663128,2.0,32684.28748663128
CASE_000079,CUST_00269,regular,1,unknown_failure,26460.05,reminder,Action passed all guardrails.,passed,0.5420076588936282,14341.549754708349,5.0,14336.549754708349
CASE_000080,CUST_00209,regular,1,insufficient_funds,10485.72,reminder,Action passed all guardrails.,passed,0.625058249731256,6554.185790372026,5.0,6549.185790372026
CASE_000081,CUST_00454,high_value,1,unknown_failure,95885.6,reminder,High-value case permitted for controlled recovery.,passed,0.5860306203016471,56191.89764599562,5.0,56186.89764599562
CASE_000082,CUST_01144,new,1,blocked_instrument,13322.33,escalate,Case routed to manual review.,passed,0.3598713880288954,4794.325388878995,25.0,4769.325388878995
CASE_000083,CUST_00691,high_value,1,authentication_failed,49033.25,reminder,Action passed all guardrails.,passed,0.5603281074620632,27474.70817521421,5.0,27469.70817521421
CASE_000084,CUST_00825,high_value,1,insufficient_funds,83014.83,reminder,High-value case permitted for controlled recovery.,passed,0.6371450065709323,52892.48440583483,5.0,52887.48440583483
CASE_000085,CUST_00893,regular,1,blocked_instrument,9783.88,escalate,Case routed to manual review.,passed,0.5718548967500285,5594.9596872146685,25.0,5569.9596872146685
CASE_000086,CUST_01289,high_value,1,unknown_failure,15109.11,reminder,Action passed all guardrails.,passed,0.5257902439859417,7944.222633310431,5.0,7939.222633310431
CASE_000087,CUST_00410,regular,1,authentication_failed,23354.13,reminder,Action passed all guardrails.,passed,0.5613409780722795,13109.630176227163,5.0,13104.630176227163
CASE_000088,CUST_01824,regular,1,blocked_instrument,28124.01,escalate,Case routed to manual review.,passed,0.5100301431224106,14344.092845476103,25.0,14319.092845476103
CASE_000089,CUST_00150,regular,1,risk_decline,32652.07,reminder,Action passed all guardrails.,passed,0.2459923143890429,8032.158268893038,5.0,8027.158268893038
CASE_000090,CUST_01144,new,1,insufficient_funds,15603.33,reminder,Action passed all guardrails.,passed,0.5993443101598267,9351.767055046128,5.0,9346.767055046128
CASE_000091,CUST_01169,regular,1,temporary_bank_failure,12519.3,retry,Action passed all guardrails.,passed,0.779758097188892,9762.025546136894,2.0,9760.025546136894
CASE_000092,CUST_00814,regular,1,temporary_bank_failure,49096.47,retry,Action passed all guardrails.,passed,0.759141498541609,37271.16780890315,2.0,37269.16780890315
CASE_000093,CUST_00087,regular,1,authentication_failed,19123.32,reminder,Action passed all guardrails.,passed,0.542310339317384,10370.774158074915,5.0,10365.774158074915
CASE_000094,CUST_01603,regular,1,temporary_bank_failure,49898.51,retry,Action passed all guardrails.,passed,0.8314410669193822,41487.67039208746,2.0,41485.67039208746
CASE_000095,CUST_01944,regular,1,insufficient_funds,8490.29,reminder,Action passed all guardrails.,passed,0.5586309164750651,4742.9384838390815,5.0,4737.9384838390815
CASE_000096,CUST_01622,regular,1,expired_instrument,23074.16,reminder,Action passed all guardrails.,passed,0.5602327636741808,12926.900426260236,5.0,12921.900426260236
CASE_000097,CUST_01835,new,1,temporary_bank_failure,9321.75,retry,Action passed all guardrails.,passed,0.7492542842386575,6984.361124101705,2.0,6982.361124101705
CASE_000098,CUST_00502,regular,1,authentication_failed,10287.69,reminder,Action passed all guardrails.,passed,0.5640955852944338,5803.240511877694,5.0,5798.240511877694
CASE_000099,CUST_00558,new,1,expired_instrument,12827.74,reminder,Action passed all guardrails.,passed,0.4657850653579583,5974.969714294895,5.0,5969.969714294895
CASE_000100,CUST_01054,regular,1,risk_decline,7775.74,reminder,Action passed all guardrails.,passed,0.2272190823777693,1766.796507608116,5.0,1761.796507608116
CASE_000101,CUST_01156,regular,1,temporary_bank_failure,41554.33,retry,Action passed all guardrails.,passed,0.7544981539678325,31352.665274370123,2.0,31350.665274370123
CASE_000102,CUST_00786,new,1,limit_exceeded,10809.82,reminder,Action passed all guardrails.,passed,0.5223293421088838,5646.286168915454,5.0,5641.286168915454
CASE_000103,CUST_00155,regular,1,unknown_failure,31464.65,escalate,Case routed to manual review.,passed,0.4927259601059262,15503.449880646933,25.0,15478.449880646933
CASE_000104,CUST_01964,regular,1,unknown_failure,5737.27,reminder,Action passed all guardrails.,passed,0.484682353770196,2780.7535278151327,5.0,2775.7535278151327
CASE_000105,CUST_00480,regular,1,unknown_failure,46040.21,reminder,Action passed all guardrails.,passed,0.4236695857648851,19505.836699228323,5.0,19500.836699228323
CASE_000106,CUST_01828,new,1,timeout,20453.0,escalate,Case routed to manual review.,passed,0.624220226428994,12767.176291152216,25.0,12742.176291152216
CASE_000107,CUST_00293,regular,1,timeout,45932.73,retry,Action passed all guardrails.,passed,0.6380488173131813,29307.324052465683,2.0,29305.324052465683
CASE_000108,CUST_01329,regular,1,timeout,32476.76,escalate,Case routed to manual review.,passed,0.6405111759415867,20801.727738372683,25.0,20776.727738372683
CASE_000109,CUST_01644,regular,1,unknown_failure,35686.1,escalate,Case routed to manual review.,passed,0.5177887836353698,18477.862311690173,25.0,18452.862311690173
CASE_000110,CUST_00029,regular,1,temporary_bank_failure,3167.09,retry,Action passed all guardrails.,passed,0.8003894828000907,2534.905527081339,2.0,2532.905527081339
CASE_000111,CUST_00174,regular,1,limit_exceeded,29577.92,reminder,Action passed all guardrails.,passed,0.3788461686768238,11205.4816694296,5.0,11200.4816694296
CASE_000112,CUST_01889,regular,1,insufficient_funds,31356.48,reminder,Action passed all guardrails.,passed,0.529572253953558,16605.52178964966,5.0,16600.52178964966
CASE_000113,CUST_00147,new,1,temporary_bank_failure,4050.58,retry,Action passed all guardrails.,passed,0.771689678013907,3125.7907759695718,2.0,3123.7907759695718
CASE_000114,CUST_00951,regular,0,temporary_bank_failure,42848.81,retry,Action passed all guardrails.,passed,0.7317006103558192,31352.50043002053,2.0,31350.50043002053
CASE_000115,CUST_00283,regular,1,insufficient_funds,29937.16,reminder,Action passed all guardrails.,passed,0.5312348268148451,15903.66200792831,5.0,15898.66200792831
CASE_000116,CUST_00770,high_value,1,timeout,62016.38,escalate,Case routed to manual review.,passed,0.6589036259984656,40862.81765329872,25.0,40837.81765329872
CASE_000117,CUST_01259,regular,1,temporary_bank_failure,9622.16,retry,Action passed all guardrails.,passed,0.8472358672658048,8152.239072570336,2.0,8150.239072570336
CASE_000118,CUST_00562,high_value,1,insufficient_funds,56444.35,reminder,High-value case permitted for controlled recovery.,passed,0.588464943886586,33215.52125546482,5.0,33210.52125546482
CASE_000119,CUST_00568,regular,1,insufficient_funds,3556.4,reminder,Action passed all guardrails.,passed,0.5672256022432671,2017.2811318179552,5.0,2012.2811318179552
CASE_000120,CUST_01809,regular,1,insufficient_funds,7247.83,reminder,Action passed all guardrails.,passed,0.596802564029673,4325.523527651185,5.0,4320.523527651185
CASE_000121,CUST_00141,high_value,1,authentication_failed,29669.8,reminder,Action passed all guardrails.,passed,0.5554665631224027,16480.581834529065,5.0,16475.581834529065
CASE_000122,CUST_00412,high_value,0,timeout,85018.62,escalate,Case routed to manual review.,passed,0.6289075022601023,53468.84794980077,25.0,53443.84794980077
CASE_000123,CUST_00631,regular,1,expired_instrument,46376.55,reminder,Action passed all guardrails.,passed,0.5875991758138032,27250.822557087635,5.0,27245.822557087635
CASE_000124,CUST_01973,new,1,unknown_failure,2980.8,reminder,Action passed all guardrails.,passed,0.4166482419475887,1241.9450795973726,5.0,1236.9450795973726
CASE_000125,CUST_01506,high_value,1,insufficient_funds,80819.82,reminder,High-value case permitted for controlled recovery.,passed,0.5857732484695531,47342.08850212456,5.0,47337.08850212456
CASE_000126,CUST_00642,regular,1,insufficient_funds,6741.08,reminder,Action passed all guardrails.,passed,0.601491369488675,4054.701441032717,5.0,4049.701441032717
CASE_000127,CUST_01536,regular,0,insufficient_funds,2353.61,escalate,Case routed to manual review.,passed,0.5094287703033109,1198.9966480735757,25.0,1173.9966480735757
CASE_000128,CUST_01255,regular,1,timeout,31347.88,retry,Action passed all guardrails.,passed,0.6379989486140718,19999.91448128009,2.0,19997.91448128009
CASE_000129,CUST_00108,regular,1,limit_exceeded,15252.06,reminder,Action passed all guardrails.,passed,0.5029720806405903,7671.360352255121,5.0,7666.360352255121
CASE_000130,CUST_00449,new,1,expired_instrument,8991.86,reminder,Action passed all guardrails.,passed,0.5007301422342157,4502.495336750156,5.0,4497.495336750156
CASE_000131,CUST_00735,new,1,authentication_failed,16964.39,reminder,Action passed all guardrails.,passed,0.5072437259513645,8605.080392092068,5.0,8600.080392092068
CASE_000132,CUST_01226,new,1,insufficient_funds,2481.14,reminder,Action passed all guardrails.,passed,0.5995347281805655,1487.5295954779283,5.0,1482.5295954779283
CASE_000133,CUST_01915,new,1,timeout,3273.69,retry,Action passed all guardrails.,passed,0.718455387344865,2352.000216997011,2.0,2350.000216997011
CASE_000134,CUST_00462,new,1,risk_decline,1114.85,reminder,Action passed all guardrails.,passed,0.1324636954713874,147.67715089627626,5.0,142.67715089627626
CASE_000135,CUST_00946,new,1,insufficient_funds,5300.8,reminder,Action passed all guardrails.,passed,0.5663522211758053,3002.119854008709,5.0,2997.119854008709
CASE_000136,CUST_00725,regular,1,temporary_bank_failure,8689.05,retry,Action passed all guardrails.,passed,0.7943357604667225,6902.023139483375,2.0,6900.023139483375
CASE_000137,CUST_00533,regular,1,timeout,23870.25,retry,Action passed all guardrails.,passed,0.7201512543347078,17190.19047878306,2.0,17188.19047878306
CASE_000138,CUST_00903,regular,1,insufficient_funds,43892.75,reminder,Action passed all guardrails.,passed,0.5983281379335762,26262.267376283977,5.0,26257.267376283977
CASE_000139,CUST_01857,regular,1,authentication_failed,5046.68,reminder,Action passed all guardrails.,passed,0.5301800302281452,2675.648954951776,5.0,2670.648954951776
CASE_000140,CUST_00328,regular,1,temporary_bank_failure,3938.6,retry,Action passed all guardrails.,passed,0.8376154285110734,3299.032126733713,2.0,3297.032126733713
CASE_000141,CUST_01824,regular,1,temporary_bank_failure,30031.77,retry,Action passed all guardrails.,passed,0.8183167102985351,24575.49923084224,2.0,24573.49923084224
CASE_000142,CUST_00425,regular,1,timeout,12684.86,escalate,Case routed to manual review.,passed,0.7375783739075836,9356.078412045352,25.0,9331.078412045352
CASE_000143,CUST_01230,regular,1,insufficient_funds,19834.28,escalate,Case routed to manual review.,passed,0.5800646211269558,11505.164113525956,25.0,11480.164113525956
CASE_000144,CUST_01827,new,1,risk_decline,14647.69,reminder,Action passed all guardrails.,passed,0.2062719734571037,3021.4079228878845,5.0,3016.4079228878845
CASE_000145,CUST_01385,regular,1,insufficient_funds,17632.55,reminder,Action passed all guardrails.,passed,0.5786225996553868,10202.59191955359,5.0,10197.59191955359
CASE_000146,CUST_01742,regular,1,temporary_bank_failure,25038.86,retry,Action passed all guardrails.,passed,0.7689849341013092,19254.506107071906,2.0,19252.506107071906
CASE_000147,CUST_00869,new,1,unknown_failure,10514.62,reminder,Action passed all guardrails.,passed,0.4595314956245999,4831.799054524331,5.0,4826.799054524331
CASE_000148,CUST_01238,new,1,authentication_failed,13946.24,reminder,Action passed all guardrails.,passed,0.5078074263978781,7082.004242327143,5.0,7077.004242327143
CASE_000149,CUST_00824,regular,0,risk_decline,22826.27,escalate,Case routed to manual review.,passed,0.1907572108861936,4354.275600135195,25.0,4329.275600135195
CASE_000150,CUST_00980,high_value,1,temporary_bank_failure,13917.4,retry,Action passed all guardrails.,passed,0.8279453764610987,11522.846982359695,2.0,11520.846982359695
CASE_000151,CUST_01499,new,1,insufficient_funds,11625.52,reminder,Action passed all guardrails.,passed,0.6624520673065545,7701.349757513695,5.0,7696.349757513695
CASE_000152,CUST_00808,high_value,1,insufficient_funds,84956.19,reminder,High-value case permitted for controlled recovery.,passed,0.6247244208700655,53074.20659707725,5.0,53069.20659707725
CASE_000153,CUST_00396,regular,1,limit_exceeded,30901.78,reminder,Action passed all guardrails.,passed,0.4854061650302143,14999.914522407376,5.0,14994.914522407376
CASE_000154,CUST_01158,new,1,temporary_bank_failure,12168.32,retry,Action passed all guardrails.,passed,0.7416769631109073,9024.962623761714,2.0,9022.962623761714
CASE_000155,CUST_00363,new,1,temporary_bank_failure,14480.07,escalate,Case routed to manual review.,passed,0.7463355643617836,10806.991215448132,25.0,10781.991215448132
CASE_000156,CUST_01366,regular,1,timeout,44161.32,retry,Action passed all guardrails.,passed,0.72341850239209,31947.115978057853,2.0,31945.115978057853
CASE_000157,CUST_00099,high_value,1,insufficient_funds,36951.68,reminder,Action passed all guardrails.,passed,0.5618641047813497,20761.822603366905,5.0,20756.822603366905
CASE_000158,CUST_01267,regular,1,insufficient_funds,37013.35,reminder,Action passed all guardrails.,passed,0.6049772538751723,22392.234839720608,5.0,22387.234839720608
CASE_000159,CUST_01579,regular,1,temporary_bank_failure,44837.23,retry,Action passed all guardrails.,passed,0.7121973190885265,31932.95500135565,2.0,31930.95500135565
CASE_000160,CUST_01730,regular,1,unknown_failure,24574.51,reminder,Action passed all guardrails.,passed,0.5294390419123962,13010.705029866598,5.0,13005.705029866598
CASE_000161,CUST_01918,regular,1,timeout,34065.21,retry,Action passed all guardrails.,passed,0.6173178830049973,21029.063321320664,2.0,21027.063321320664
CASE_000162,CUST_00176,regular,1,risk_decline,4792.87,escalate,Case routed to manual review.,passed,0.2958410466332588,1417.9276771771472,25.0,1392.9276771771472
CASE_000163,CUST_01529,new,1,unknown_failure,9327.15,escalate,Case routed to manual review.,passed,0.4485550318202976,4183.740065042689,25.0,4158.740065042689
CASE_000164,CUST_01391,new,1,insufficient_funds,2419.15,reminder,Action passed all guardrails.,passed,0.6098629609600013,1475.349982006387,5.0,1470.349982006387
CASE_000165,CUST_00242,regular,1,expired_instrument,9678.71,reminder,Action passed all guardrails.,passed,0.5517350328386726,5340.083379685989,5.0,5335.083379685989
CASE_000166,CUST_01391,new,1,expired_instrument,19581.77,reminder,Action passed all guardrails.,passed,0.583732240054888,11430.510466339603,5.0,11425.510466339603
CASE_000167,CUST_00054,regular,1,insufficient_funds,11341.74,reminder,Action passed all guardrails.,passed,0.6225137020884252,7060.388555524375,5.0,7055.388555524375
CASE_000168,CUST_00178,high_value,1,risk_decline,93817.18,reminder,High-value case permitted for controlled recovery.,passed,0.2594366151565806,24339.61162273565,5.0,24334.61162273565
CASE_000169,CUST_01725,high_value,1,timeout,37186.36,escalate,Case routed to manual review.,passed,0.5871342708447076,21833.3863639688,25.0,21808.3863639688
CASE_000170,CUST_01097,regular,1,temporary_bank_failure,38764.1,retry,Action passed all guardrails.,passed,0.775354407119366,30055.91577301581,2.0,30053.91577301581
CASE_000171,CUST_01291,new,1,temporary_bank_failure,19643.13,retry,Action passed all guardrails.,passed,0.7898353062850224,15514.837599946512,2.0,15512.837599946512
CASE_000172,CUST_00245,regular,1,unknown_failure,18867.16,reminder,Action passed all guardrails.,passed,0.4929379375768813,9300.338938333032,5.0,9295.338938333032
CASE_000173,CUST_00303,regular,1,authentication_failed,22579.36,reminder,Action passed all guardrails.,passed,0.567026839557893,12803.103140039908,5.0,12798.103140039908
CASE_000174,CUST_01803,regular,0,authentication_failed,44220.41,escalate,Case routed to manual review.,passed,0.4642977759583944,20531.438014968346,25.0,20506.438014968346
CASE_000175,CUST_01441,regular,1,insufficient_funds,28947.41,reminder,Action passed all guardrails.,passed,0.5526750240540793,15998.510518053296,5.0,15993.510518053296
CASE_000176,CUST_01490,regular,1,authentication_failed,3894.18,reminder,Action passed all guardrails.,passed,0.5805628295223169,2260.816159469216,5.0,2255.816159469216
CASE_000177,CUST_00871,regular,1,limit_exceeded,27802.11,reminder,Action passed all guardrails.,passed,0.5057939646426086,14062.139442329915,5.0,14057.139442329915
CASE_000178,CUST_00221,regular,1,insufficient_funds,15431.48,reminder,Action passed all guardrails.,passed,0.6089898107013418,9397.614084041545,5.0,9392.614084041545
CASE_000179,CUST_00405,new,1,timeout,17542.31,retry,Action passed all guardrails.,passed,0.6495783839066981,11395.10537979031,2.0,11393.10537979031
CASE_000180,CUST_01137,regular,1,insufficient_funds,33913.17,reminder,Action passed all guardrails.,passed,0.5920512123282561,20078.333412394244,5.0,20073.333412394244
CASE_000181,CUST_00200,regular,1,temporary_bank_failure,18644.91,retry,Action passed all guardrails.,passed,0.8282463585601817,15442.578813182316,2.0,15440.578813182316
CASE_000182,CUST_00349,regular,1,timeout,10400.39,retry,Action passed all guardrails.,passed,0.7581465300829726,7885.019590009647,2.0,7883.019590009647
CASE_000183,CUST_01071,regular,1,temporary_bank_failure,24940.88,retry,Action passed all guardrails.,passed,0.8005031346106136,19965.25261994716,2.0,19963.25261994716
CASE_000184,CUST_00360,regular,1,insufficient_funds,25984.21,reminder,Action passed all guardrails.,passed,0.5570350470033191,14474.115638694111,5.0,14469.115638694111
CASE_000185,CUST_01444,regular,1,timeout,40097.07,retry,Action passed all guardrails.,passed,0.6933303703795758,27800.516394235776,2.0,27798.516394235776
CASE_000186,CUST_01783,regular,1,temporary_bank_failure,32309.47,retry,Action passed all guardrails.,passed,0.7319989403441068,23650.49780307971,2.0,23648.49780307971
CASE_000187,CUST_01718,new,1,limit_exceeded,9355.17,reminder,Action passed all guardrails.,passed,0.4358696197286121,4077.6343903965208,5.0,4072.6343903965208
CASE_000188,CUST_00007,regular,1,timeout,22401.38,retry,Action passed all guardrails.,passed,0.7362654668157328,16493.362503016622,2.0,16491.362503016622
CASE_000189,CUST_01239,regular,1,unknown_failure,36512.85,reminder,Action passed all guardrails.,passed,0.5399150412426323,19713.83691363605,5.0,19708.83691363605
CASE_000190,CUST_00760,regular,1,expired_instrument,5415.97,reminder,Action passed all guardrails.,passed,0.5683606270143216,3078.224105090755,5.0,3073.224105090755
CASE_000191,CUST_00709,new,1,insufficient_funds,3373.58,reminder,Action passed all guardrails.,passed,0.5647300602164019,1905.162036544849,5.0,1900.162036544849
CASE_000192,CUST_00658,regular,1,limit_exceeded,29626.63,reminder,Action passed all guardrails.,passed,0.4840584120595737,14341.019472476528,5.0,14336.019472476528
CASE_000193,CUST_00342,high_value,1,blocked_instrument,54225.56,escalate,Case routed to manual review.,passed,0.4456893339681982,24167.75372045257,25.0,24142.75372045257
CASE_000194,CUST_00885,regular,1,insufficient_funds,15460.21,reminder,Action passed all guardrails.,passed,0.641841979150893,9923.011784488428,5.0,9918.011784488428
CASE_000195,CUST_00309,new,1,blocked_instrument,5165.83,reminder,Action passed all guardrails.,passed,0.4180341892679773,2159.493555946196,5.0,2154.493555946196
CASE_000196,CUST_00117,regular,1,temporary_bank_failure,39610.53,retry,Action passed all guardrails.,passed,0.7635968353636594,30246.47535507729,2.0,30244.47535507729
CASE_000197,CUST_00184,regular,1,blocked_instrument,44165.14,reminder,Action passed all guardrails.,passed,0.4071213406727785,17980.571007800958,5.0,17975.571007800958
CASE_000198,CUST_01764,high_value,1,risk_decline,6227.58,reminder,Action passed all guardrails.,passed,0.4599104351427232,2864.1290276861205,5.0,2859.1290276861205
CASE_000199,CUST_01879,new,1,unknown_failure,9301.77,reminder,Action passed all guardrails.,passed,0.4520922849848076,4205.2584537031335,5.0,4200.2584537031335
CASE_000200,CUST_01052,regular,1,authentication_failed,16949.93,reminder,Action passed all guardrails.,passed,0.5614460383067865,9516.47104807735,5.0,9511.47104807735
CASE_000201,CUST_01130,high_value,1,limit_exceeded,82519.58,reminder,High-value case permitted for controlled recovery.,passed,0.6225866361643566,51375.58772989552,5.0,51370.58772989552
CASE_000202,CUST_00185,new,1,insufficient_funds,12801.63,reminder,Action passed all guardrails.,passed,0.6189184725883231,7923.165286240855,5.0,7918.165286240855
CASE_000203,CUST_00897,regular,1,insufficient_funds,34544.9,reminder,Action passed all guardrails.,passed,0.5369177092010214,18547.768572578367,5.0,18542.768572578367
CASE_000204,CUST_01237,new,1,risk_decline,18069.25,reminder,Action passed all guardrails.,passed,0.1761845291987201,3183.5223042239745,5.0,3178.5223042239745
CASE_000205,CUST_00517,regular,1,insufficient_funds,18309.1,reminder,Action passed all guardrails.,passed,0.5739427099735747,10508.374471177174,5.0,10503.374471177174
CASE_000206,CUST_00502,regular,1,insufficient_funds,35763.96,reminder,Action passed all guardrails.,passed,0.5110345743833826,18276.62007686432,5.0,18271.62007686432
CASE_000207,CUST_00556,regular,1,risk_decline,12307.71,reminder,Action passed all guardrails.,passed,0.1997971678118583,2459.0456002496867,5.0,2454.0456002496867
CASE_000208,CUST_00590,high_value,1,insufficient_funds,78227.2,reminder,High-value case permitted for controlled recovery.,passed,0.6408112548437142,50128.8701949102,5.0,50123.8701949102
CASE_000209,CUST_00460,regular,1,unknown_failure,44577.47,reminder,Action passed all guardrails.,passed,0.5288888049983216,23576.524838148533,5.0,23571.524838148533
CASE_000210,CUST_01882,regular,1,risk_decline,49891.36,reminder,Action passed all guardrails.,passed,0.2387695181553181,11912.535987313517,5.0,11907.535987313517
CASE_000211,CUST_01822,regular,1,limit_exceeded,28965.12,reminder,Action passed all guardrails.,passed,0.4078547824401252,11813.56271595212,5.0,11808.56271595212
CASE_000212,CUST_01573,regular,1,unknown_failure,33536.47,escalate,Case routed to manual review.,passed,0.5334928349851842,17891.46645569558,25.0,17866.46645569558
CASE_000213,CUST_00479,regular,1,insufficient_funds,44931.76,reminder,Action passed all guardrails.,passed,0.5912837461048224,26567.419371882814,5.0,26562.419371882814
CASE_000214,CUST_01685,new,1,expired_instrument,17262.12,reminder,Action passed all guardrails.,passed,0.5624131824434316,9708.44384492041,5.0,9703.44384492041
CASE_000215,CUST_00925,regular,1,temporary_bank_failure,34770.3,retry,Action passed all guardrails.,passed,0.7019008034219208,24405.301505221218,2.0,24403.301505221218
CASE_000216,CUST_00212,regular,1,temporary_bank_failure,44998.2,retry,Action passed all guardrails.,passed,0.8366276195489694,37646.73694998843,2.0,37644.73694998843
CASE_000217,CUST_01813,new,1,insufficient_funds,7241.57,reminder,Action passed all guardrails.,passed,0.5438370418341285,3938.23400703477,5.0,3933.23400703477
CASE_000218,CUST_01789,regular,1,temporary_bank_failure,21722.42,retry,Action passed all guardrails.,passed,0.8075738558789658,17542.458478422363,2.0,17540.458478422363
CASE_000219,CUST_01177,regular,1,limit_exceeded,12137.38,reminder,Action passed all guardrails.,passed,0.5819989971745605,7063.942988326567,5.0,7058.942988326567
CASE_000220,CUST_00925,regular,1,timeout,7599.01,reminder,Action passed all guardrails.,passed,0.6774010077008684,5147.5770315289765,5.0,5142.5770315289765
CASE_000221,CUST_01034,regular,1,insufficient_funds,5961.26,reminder,Action passed all guardrails.,passed,0.6208606667170651,3701.111858073772,5.0,3696.111858073772
CASE_000222,CUST_00027,high_value,1,temporary_bank_failure,59230.2,retry,High-value case permitted for controlled recovery.,passed,0.8559275949270138,50696.762633046,2.0,50694.762633046
CASE_000223,CUST_00687,regular,1,authentication_failed,21834.39,reminder,Action passed all guardrails.,passed,0.5611279446024124,12251.886382347468,5.0,12246.886382347468
CASE_000224,CUST_01670,new,1,unknown_failure,17400.77,escalate,Case routed to manual review.,passed,0.4541423713149126,7902.426950505393,25.0,7877.426950505393
CASE_000225,CUST_01852,regular,1,temporary_bank_failure,31285.22,retry,Action passed all guardrails.,passed,0.7785990732197896,24358.64329747723,2.0,24356.64329747723
CASE_000226,CUST_00439,new,1,timeout,3398.53,retry,Action passed all guardrails.,passed,0.688663459592898,2340.443427330252,2.0,2338.443427330252
CASE_000227,CUST_00869,new,1,insufficient_funds,6322.2,reminder,Action passed all guardrails.,passed,0.5500400242159965,3477.463041098373,5.0,3472.463041098373
CASE_000228,CUST_00912,high_value,1,timeout,19534.14,escalate,Case routed to manual review.,passed,0.696385106194828,13603.284158324635,25.0,13578.284158324635
CASE_000229,CUST_01017,regular,1,authentication_failed,23814.83,reminder,Action passed all guardrails.,passed,0.5654969896486793,13467.21467399506,5.0,13462.21467399506
CASE_000230,CUST_01012,high_value,1,insufficient_funds,15128.08,reminder,Action passed all guardrails.,passed,0.6122466301761399,9262.116001035058,5.0,9257.116001035058
CASE_000231,CUST_00652,regular,1,unknown_failure,43298.19,escalate,Case routed to manual review.,passed,0.4959763996831013,21474.880388994865,25.0,21449.880388994865
CASE_000232,CUST_00259,regular,1,temporary_bank_failure,5127.8,retry,Action passed all guardrails.,passed,0.8301460812071317,4256.823075213931,2.0,4254.823075213931
CASE_000233,CUST_00775,regular,1,risk_decline,16930.51,reminder,Action passed all guardrails.,passed,0.1887830539464839,3196.193382671485,5.0,3191.193382671485
CASE_000234,CUST_01285,regular,1,insufficient_funds,8655.65,reminder,Action passed all guardrails.,passed,0.6164654581687321,5335.909242998186,5.0,5330.909242998186
CASE_000235,CUST_01282,regular,1,timeout,17676.45,retry,Action passed all guardrails.,passed,0.7263434417665131,12839.17353121368,2.0,12837.17353121368
CASE_000236,CUST_00616,regular,1,temporary_bank_failure,48055.37,retry,Action passed all guardrails.,passed,0.8247735393392684,39634.7975991581,2.0,39632.7975991581
CASE_000237,CUST_00252,new,1,insufficient_funds,17435.49,reminder,Action passed all guardrails.,passed,0.5282851795022406,9210.910964359522,5.0,9205.910964359522
CASE_000238,CUST_01070,regular,1,temporary_bank_failure,26404.81,retry,Action passed all guardrails.,passed,0.829146634606773,21893.459348931265,2.0,21891.459348931265
CASE_000239,CUST_00314,regular,1,temporary_bank_failure,20015.41,retry,Action passed all guardrails.,passed,0.8508187194493917,17029.485505454548,2.0,17027.485505454548
CASE_000240,CUST_00007,regular,1,insufficient_funds,30230.53,reminder,Action passed all guardrails.,passed,0.5515079116545677,16672.376468510756,5.0,16667.376468510756
CASE_000241,CUST_01201,regular,1,insufficient_funds,8675.17,reminder,Action passed all guardrails.,passed,0.5786173768578949,5019.604109196304,5.0,5014.604109196304
CASE_000242,CUST_00526,regular,1,timeout,2251.5,retry,Action passed all guardrails.,passed,0.7161441791564397,1612.398619370724,2.0,1610.398619370724
CASE_000243,CUST_00331,regular,1,risk_decline,19887.1,reminder,Action passed all guardrails.,passed,0.2114737535413368,4205.599684051919,5.0,4200.599684051919
CASE_000244,CUST_00899,regular,1,insufficient_funds,17142.47,reminder,Action passed all guardrails.,passed,0.6522132740022478,11180.546483185311,5.0,11175.546483185311
CASE_000245,CUST_00064,high_value,1,risk_decline,21384.27,reminder,Action passed all guardrails.,passed,0.335759248386941,7179.966422503412,5.0,7174.966422503412
CASE_000246,CUST_01891,regular,1,authentication_failed,1264.31,reminder,Action passed all guardrails.,passed,0.4608079855059674,582.6041441550497,5.0,577.6041441550497
CASE_000247,CUST_00876,high_value,1,insufficient_funds,91520.01,reminder,High-value case permitted for controlled recovery.,passed,0.5927083544840467,54244.6745294635,5.0,54239.6745294635
CASE_000248,CUST_01377,regular,1,risk_decline,30441.99,reminder,Action passed all guardrails.,passed,0.2650091801853967,8067.406813112047,5.0,8062.406813112047
CASE_000249,CUST_00225,new,1,insufficient_funds,14876.35,reminder,Action passed all guardrails.,passed,0.5587831924561316,8312.654345094774,5.0,8307.654345094774
CASE_000250,CUST_01480,regular,0,blocked_instrument,11042.9,escalate,Case routed to manual review.,passed,0.5303413137836861,5856.506093981867,25.0,5831.506093981867
CASE_000251,CUST_01262,high_value,1,authentication_failed,16030.59,reminder,Action passed all guardrails.,passed,0.5809512898079826,9312.991936882949,5.0,9307.991936882949
CASE_000252,CUST_00577,regular,1,timeout,9310.88,retry,Action passed all guardrails.,passed,0.7421986514975074,6910.522580255111,2.0,6908.522580255111
CASE_000253,CUST_00398,high_value,1,temporary_bank_failure,20671.23,retry,Action passed all guardrails.,passed,0.8558564886662853,17691.606324213175,2.0,17689.606324213175
CASE_000254,CUST_00446,regular,1,timeout,2511.89,retry,Action passed all guardrails.,passed,0.7344300771842363,1844.807566578311,2.0,1842.807566578311
CASE_000255,CUST_01864,regular,1,timeout,30208.75,retry,Action passed all guardrails.,passed,0.7223799712074266,21822.195955212348,2.0,21820.195955212348
CASE_000256,CUST_00777,regular,1,unknown_failure,27588.82,reminder,Action passed all guardrails.,passed,0.5364562516438841,14800.194964477823,5.0,14795.194964477823
CASE_000257,CUST_00510,regular,1,insufficient_funds,8814.12,reminder,Action passed all guardrails.,passed,0.5955061976152239,5248.8630865242985,5.0,5243.8630865242985
CASE_000258,CUST_00926,regular,0,insufficient_funds,33123.16,escalate,Case routed to manual review.,passed,0.5106838990055692,16915.464496185312,25.0,16890.464496185312
CASE_000259,CUST_01742,regular,1,temporary_bank_failure,34104.84,retry,Action passed all guardrails.,passed,0.7973691908888234,27194.148676192777,2.0,27192.148676192777
CASE_000260,CUST_00350,new,1,temporary_bank_failure,18641.38,retry,Action passed all guardrails.,passed,0.8386672321573172,15633.914568192771,2.0,15631.914568192771
CASE_000261,CUST_01301,regular,1,expired_instrument,7408.55,reminder,Action passed all guardrails.,passed,0.5546959446729981,4109.49264090714,5.0,4104.49264090714
CASE_000262,CUST_01147,regular,1,blocked_instrument,49020.62,reminder,Action passed all guardrails.,passed,0.4376220685037336,21452.505123735493,5.0,21447.505123735493
CASE_000263,CUST_00182,new,1,timeout,16193.02,retry,Action passed all guardrails.,passed,0.547567834997492,8866.776903471087,2.0,8864.776903471087
CASE_000264,CUST_00540,regular,1,timeout,48213.59,escalate,Case routed to manual review.,passed,0.7800350674321964,37608.29092679827,25.0,37583.29092679827
CASE_000265,CUST_01728,new,1,insufficient_funds,14293.52,reminder,Action passed all guardrails.,passed,0.5525282205648647,7897.573171208305,5.0,7892.573171208305
CASE_000266,CUST_01861,regular,0,limit_exceeded,37760.59,escalate,Case routed to manual review.,passed,0.3186493576912001,12032.387749540752,25.0,12007.387749540752
CASE_000267,CUST_01405,regular,1,timeout,18518.02,retry,Action passed all guardrails.,passed,0.7271120379326739,13464.675260678014,2.0,13462.675260678014
CASE_000268,CUST_01290,regular,1,authentication_failed,10614.39,reminder,Action passed all guardrails.,passed,0.5694428262290024,6044.288240296861,5.0,6039.288240296861
CASE_000269,CUST_00174,regular,1,temporary_bank_failure,40378.73,retry,Action passed all guardrails.,passed,0.7314334797719443,29534.3549926718,2.0,29532.3549926718
CASE_000270,CUST_00730,high_value,1,timeout,94080.27,escalate,Case routed to manual review.,passed,0.7205029743244379,67785.11436024618,25.0,67760.11436024618
CASE_000271,CUST_01362,new,1,insufficient_funds,3420.54,reminder,Action passed all guardrails.,passed,0.4705633282558822,1609.5806868323757,5.0,1604.5806868323757
CASE_000272,CUST_01867,high_value,1,insufficient_funds,87304.64,reminder,High-value case permitted for controlled recovery.,passed,0.6170545417509191,53871.72462792896,5.0,53866.72462792896
CASE_000273,CUST_01483,new,1,insufficient_funds,12831.36,reminder,Action passed all guardrails.,passed,0.5698196551623442,7311.561130463898,5.0,7306.561130463898
CASE_000274,CUST_00158,regular,1,timeout,24128.72,escalate,Case routed to manual review.,passed,0.7013696937518911,16923.15295702513,25.0,16898.15295702513
CASE_000275,CUST_01914,regular,1,expired_instrument,38391.89,reminder,Action passed all guardrails.,passed,0.5412534788669817,20779.744022778486,5.0,20774.744022778486
CASE_000276,CUST_00453,regular,1,risk_decline,41020.82,reminder,Action passed all guardrails.,passed,0.299855351470751,12300.312398718412,5.0,12295.312398718412
CASE_000277,CUST_01718,new,1,authentication_failed,11468.84,escalate,Case routed to manual review.,passed,0.4949494340390113,5676.495867083975,25.0,5651.495867083975
CASE_000278,CUST_01700,new,1,blocked_instrument,13618.98,reminder,Action passed all guardrails.,passed,0.4143339575778001,5642.805881572909,5.0,5637.805881572909
CASE_000279,CUST_00248,regular,1,insufficient_funds,18889.91,reminder,Action passed all guardrails.,passed,0.6300432942373967,11901.461124247942,5.0,11896.461124247942
CASE_000280,CUST_01426,regular,1,temporary_bank_failure,19196.92,retry,Action passed all guardrails.,passed,0.7626022154298728,14639.613721430032,2.0,14637.613721430032
CASE_000281,CUST_00183,regular,1,unknown_failure,43076.35,escalate,Case routed to manual review.,passed,0.5153449033377119,22199.177426891445,25.0,22174.177426891445
CASE_000282,CUST_01101,regular,1,timeout,5835.49,retry,Action passed all guardrails.,passed,0.7028389415657014,4101.409615117234,2.0,4099.409615117234
CASE_000283,CUST_01701,high_value,0,temporary_bank_failure,82200.81,retry,High-value case permitted for controlled recovery.,passed,0.8022138976661102,65942.63218141136,2.0,65940.63218141136
CASE_000284,CUST_00636,regular,1,timeout,14111.49,retry,Action passed all guardrails.,passed,0.6874375046675193,9700.767472740652,2.0,9698.767472740652
CASE_000285,CUST_00564,new,1,insufficient_funds,17346.63,escalate,Case routed to manual review.,passed,0.5381852705799248,9335.70076019984,25.0,9310.70076019984
CASE_000286,CUST_00425,regular,1,insufficient_funds,12646.66,reminder,Action passed all guardrails.,passed,0.619454793475138,7834.034158450288,5.0,7829.034158450288
CASE_000287,CUST_00827,new,1,authentication_failed,857.48,reminder,Action passed all guardrails.,passed,0.431319220656279,369.8476053283461,5.0,364.8476053283461
CASE_000288,CUST_00741,regular,0,insufficient_funds,40793.64,escalate,Case routed to manual review.,passed,0.5072808392293072,20693.831934418235,25.0,20668.831934418235
CASE_000289,CUST_00345,regular,1,expired_instrument,42430.63,reminder,Action passed all guardrails.,passed,0.5526131006216853,23447.722005631495,5.0,23442.722005631495
CASE_000290,CUST_01488,regular,1,temporary_bank_failure,31090.91,retry,Action passed all guardrails.,passed,0.7853431513729962,24417.0332384542,2.0,24415.0332384542
CASE_000291,CUST_01585,regular,1,insufficient_funds,14704.71,reminder,Action passed all guardrails.,passed,0.6215358686533611,9139.504703145763,5.0,9134.504703145763
CASE_000292,CUST_01356,regular,1,temporary_bank_failure,30979.72,retry,Action passed all guardrails.,passed,0.8455604397233129,26195.22566570511,2.0,26193.22566570511
CASE_000293,CUST_00833,regular,1,risk_decline,22104.41,reminder,Action passed all guardrails.,passed,0.3970990675004016,8777.640598646552,5.0,8772.640598646552
CASE_000294,CUST_00825,high_value,1,timeout,18655.88,escalate,Case routed to manual review.,passed,0.7019077750778813,13094.707222919944,25.0,13069.707222919944
CASE_000295,CUST_00959,high_value,1,temporary_bank_failure,47299.84,retry,Action passed all guardrails.,passed,0.8605410569221082,40703.45430584661,2.0,40701.45430584661
CASE_000296,CUST_01744,new,1,limit_exceeded,15660.54,reminder,Action passed all guardrails.,passed,0.4696540484737035,7355.036012284374,5.0,7350.036012284374
CASE_000297,CUST_00663,new,1,expired_instrument,13202.8,reminder,Action passed all guardrails.,passed,0.5025022855057077,6634.437175074758,5.0,6629.437175074758
CASE_000298,CUST_01094,regular,1,authentication_failed,4432.86,reminder,Action passed all guardrails.,passed,0.5205155003550802,2307.372340904021,5.0,2302.372340904021
CASE_000299,CUST_00145,regular,1,blocked_instrument,4114.93,reminder,Action passed all guardrails.,passed,0.5861211445561513,2411.847481368444,5.0,2406.847481368444
CASE_000300,CUST_01761,regular,1,insufficient_funds,46106.15,reminder,Action passed all guardrails.,passed,0.6316990262009984,29125.210056877164,5.0,29120.210056877164
CASE_000301,CUST_00460,regular,1,temporary_bank_failure,44306.97,retry,Action passed all guardrails.,passed,0.7311773266899235,32396.25187833064,2.0,32394.25187833064
CASE_000302,CUST_01604,new,1,temporary_bank_failure,10386.52,retry,Action passed all guardrails.,passed,0.7520476832372891,7811.158302897768,2.0,7809.158302897768
CASE_000303,CUST_00597,new,1,temporary_bank_failure,17446.74,retry,Action passed all guardrails.,passed,0.7914218568645471,13807.73136703297,2.0,13805.73136703297
CASE_000304,CUST_00895,regular,1,timeout,4327.56,retry,Action passed all guardrails.,passed,0.6676697309766195,2889.38082098518,2.0,2887.38082098518
CASE_000305,CUST_00848,regular,1,expired_instrument,17436.75,reminder,Action passed all guardrails.,passed,0.5517040943317798,9619.926366839662,5.0,9614.926366839662
CASE_000306,CUST_00773,regular,1,temporary_bank_failure,44164.19,retry,Action passed all guardrails.,passed,0.7936326412123152,35050.142756702524,2.0,35048.142756702524
CASE_000307,CUST_01912,new,1,timeout,18120.82,retry,Action passed all guardrails.,passed,0.6004151957344965,10880.01568716958,2.0,10878.01568716958
CASE_000308,CUST_00463,regular,1,temporary_bank_failure,44677.15,retry,Action passed all guardrails.,passed,0.832466093105427,37192.21251158513,2.0,37190.21251158513
CASE_000309,CUST_01251,regular,1,limit_exceeded,26897.01,reminder,Action passed all guardrails.,passed,0.5136364774846285,13815.285471268826,5.0,13810.285471268826
CASE_000310,CUST_01853,high_value,0,risk_decline,31559.53,escalate,Case routed to manual review.,passed,0.2334630351077441,7367.983660373903,25.0,7342.983660373903
CASE_000311,CUST_00845,regular,0,authentication_failed,43358.28,escalate,Case routed to manual review.,passed,0.4537888295693263,19675.50313333913,25.0,19650.50313333913
CASE_000312,CUST_01158,new,1,insufficient_funds,6795.33,reminder,Action passed all guardrails.,passed,0.6022630050796501,4092.575866307899,5.0,4087.575866307899
CASE_000313,CUST_00154,regular,1,insufficient_funds,33358.43,reminder,Action passed all guardrails.,passed,0.5870173158672064,19581.97604014409,5.0,19576.97604014409
CASE_000314,CUST_01295,regular,1,timeout,1307.16,retry,Action passed all guardrails.,passed,0.6720643316609761,878.4956117739616,2.0,876.4956117739616
CASE_000315,CUST_01384,new,1,insufficient_funds,19279.79,reminder,Action passed all guardrails.,passed,0.5426560758104572,10462.295183849694,5.0,10457.295183849694
CASE_000316,CUST_01429,new,1,limit_exceeded,2898.73,reminder,Action passed all guardrails.,passed,0.4220275977579754,1223.344058448976,5.0,1218.344058448976
CASE_000317,CUST_01194,regular,1,unknown_failure,21447.01,escalate,Case routed to manual review.,passed,0.4904310464175849,10518.279556828407,25.0,10493.279556828407
CASE_000318,CUST_01965,regular,0,risk_decline,29580.63,escalate,Case routed to manual review.,passed,0.1634759828203901,4835.722561696316,25.0,4810.722561696316
CASE_000319,CUST_01571,new,1,insufficient_funds,724.27,reminder,Action passed all guardrails.,passed,0.5147797088760796,372.8394997476782,5.0,367.8394997476782
CASE_000320,CUST_00588,regular,1,insufficient_funds,38314.11,reminder,Action passed all guardrails.,passed,0.5009925934529316,19195.0853347409,5.0,19190.0853347409
CASE_000321,CUST_01895,high_value,0,risk_decline,68111.54,escalate,Case routed to manual review.,passed,0.1973217705999587,13439.889671089915,25.0,13414.889671089915
CASE_000322,CUST_01385,regular,1,limit_exceeded,8804.16,reminder,Action passed all guardrails.,passed,0.4526139960307107,3984.8860392937418,5.0,3979.8860392937418
CASE_000323,CUST_01670,new,1,temporary_bank_failure,18550.61,retry,Action passed all guardrails.,passed,0.7079752501675192,13133.372755510083,2.0,13131.372755510083
CASE_000324,CUST_01194,regular,1,risk_decline,2590.18,reminder,Action passed all guardrails.,passed,0.1951659330042129,505.5148963488522,5.0,500.5148963488522
CASE_000325,CUST_01942,regular,1,timeout,13493.3,retry,Action passed all guardrails.,passed,0.7104502866886183,9586.318853375533,2.0,9584.318853375533
CASE_000326,CUST_00641,regular,1,timeout,40483.04,retry,Action passed all guardrails.,passed,0.6528260053054254,26428.381285819756,2.0,26426.381285819756
CASE_000327,CUST_01472,regular,1,temporary_bank_failure,24186.46,retry,Action passed all guardrails.,passed,0.7862642320223722,19016.948397239823,2.0,19014.948397239823
CASE_000328,CUST_00757,new,1,insufficient_funds,3276.76,reminder,Action passed all guardrails.,passed,0.6732694782565022,2206.142495571776,5.0,2201.142495571776
CASE_000329,CUST_01938,regular,1,insufficient_funds,35715.27,reminder,Action passed all guardrails.,passed,0.6256527628822677,22345.357352586165,5.0,22340.357352586165
CASE_000330,CUST_00847,regular,1,blocked_instrument,42821.94,escalate,Case routed to manual review.,passed,0.3989493402258754,17083.784710192023,25.0,17058.784710192023
CASE_000331,CUST_01916,high_value,1,temporary_bank_failure,99619.69,retry,High-value case permitted for controlled recovery.,passed,0.8387837407066475,83559.3762262366,2.0,83557.3762262366
CASE_000332,CUST_00878,regular,1,timeout,49158.86,retry,Action passed all guardrails.,passed,0.7189475275412496,35342.64085374643,2.0,35340.64085374643
CASE_000333,CUST_01723,high_value,1,expired_instrument,62967.91,reminder,High-value case permitted for controlled recovery.,passed,0.5325059403306187,33530.78612520377,5.0,33525.78612520377
CASE_000334,CUST_00707,regular,1,authentication_failed,18543.06,reminder,Action passed all guardrails.,passed,0.563739225224563,10453.450277692586,5.0,10448.450277692586
CASE_000335,CUST_00476,new,1,temporary_bank_failure,8973.59,retry,Action passed all guardrails.,passed,0.7116670024912178,6386.207896885167,2.0,6384.207896885167
CASE_000336,CUST_00595,regular,1,blocked_instrument,38242.39,reminder,Action passed all guardrails.,passed,0.5281981282067657,20199.55881615313,5.0,20194.55881615313
CASE_000337,CUST_00179,regular,1,expired_instrument,42886.85,reminder,Action passed all guardrails.,passed,0.5462409423760778,23426.55335954149,5.0,23421.55335954149
CASE_000338,CUST_00774,regular,1,insufficient_funds,46970.49,reminder,Action passed all guardrails.,passed,0.5696655244553025,26757.46881977254,5.0,26752.46881977254
CASE_000339,CUST_01491,new,1,expired_instrument,5752.81,reminder,Action passed all guardrails.,passed,0.5032069711872732,2894.854095915857,5.0,2889.854095915857
CASE_000340,CUST_00915,new,1,limit_exceeded,10956.24,reminder,Action passed all guardrails.,passed,0.5119840994555451,5609.420669818822,5.0,5604.420669818822
CASE_000341,CUST_00236,regular,1,insufficient_funds,15929.15,reminder,Action passed all guardrails.,passed,0.607244119110246,9672.882659924977,5.0,9667.882659924977
CASE_000342,CUST_01735,new,1,insufficient_funds,7956.46,reminder,Action passed all guardrails.,passed,0.6113647407884861,4864.299105493958,5.0,4859.299105493958
CASE_000343,CUST_01769,new,1,insufficient_funds,3006.65,reminder,Action passed all guardrails.,passed,0.5808681328326627,1746.4671715813254,5.0,1741.4671715813254
CASE_000344,CUST_01064,regular,1,insufficient_funds,27777.17,reminder,Action passed all guardrails.,passed,0.6132274545756824,17033.723254416007,5.0,17028.723254416007
CASE_000345,CUST_01308,new,1,insufficient_funds,522.9,reminder,Action passed all guardrails.,passed,0.6276611345707769,328.20400726705924,5.0,323.20400726705924
CASE_000346,CUST_00118,regular,1,timeout,2059.1,retry,Action passed all guardrails.,passed,0.6543021294554325,1347.273514761681,2.0,1345.273514761681
CASE_000347,CUST_01821,regular,0,insufficient_funds,22662.22,escalate,Case routed to manual review.,passed,0.5328173739373602,12074.824547990724,25.0,12049.824547990724
CASE_000348,CUST_01096,new,1,risk_decline,6637.98,reminder,Action passed all guardrails.,passed,0.1725017401342715,1145.0631009764918,5.0,1140.0631009764918
CASE_000349,CUST_01938,regular,1,temporary_bank_failure,22890.99,retry,Action passed all guardrails.,passed,0.6931539900239231,15866.981054097723,2.0,15864.981054097723
CASE_000350,CUST_00456,regular,0,expired_instrument,50366.23,escalate,Case routed to manual review.,passed,0.4769972665387341,24024.55403586119,25.0,23999.55403586119
CASE_000351,CUST_00244,regular,1,risk_decline,38557.75,reminder,Action passed all guardrails.,passed,0.1711192928326058,6597.974913216407,5.0,6592.974913216407
CASE_000352,CUST_01823,high_value,1,unknown_failure,68687.8,reminder,High-value case permitted for controlled recovery.,passed,0.5558838981207519,38182.44201733858,5.0,38177.44201733858
CASE_000353,CUST_01965,regular,0,temporary_bank_failure,15224.19,escalate,Case routed to manual review.,passed,0.6723659631126919,10236.227171960614,25.0,10211.227171960614
CASE_000354,CUST_01254,regular,0,unknown_failure,35683.32,escalate,Case routed to manual review.,passed,0.5246013270894291,18719.517026956768,25.0,18694.517026956768
CASE_000355,CUST_00973,regular,1,expired_instrument,20822.36,reminder,Action passed all guardrails.,passed,0.5711558840149035,11892.813433076566,5.0,11887.813433076566
CASE_000356,CUST_01636,regular,1,insufficient_funds,32451.29,reminder,Action passed all guardrails.,passed,0.5922716263920552,19219.97830682024,5.0,19214.97830682024
CASE_000357,CUST_01955,regular,1,unknown_failure,37337.76,reminder,Action passed all guardrails.,passed,0.4796054694644715,17907.39391355177,5.0,17902.39391355177
CASE_000358,CUST_01327,high_value,1,authentication_failed,90287.55,reminder,High-value case permitted for controlled recovery.,passed,0.5158490913960909,46574.75063187913,5.0,46569.75063187913
CASE_000359,CUST_01787,regular,1,timeout,10393.64,retry,Action passed all guardrails.,passed,0.7264464948389006,7550.42334661739,2.0,7548.42334661739
CASE_000360,CUST_01494,regular,1,authentication_failed,20725.08,reminder,Action passed all guardrails.,passed,0.5444570452673809,11283.915819730091,5.0,11278.915819730091
CASE_000361,CUST_01276,high_value,1,blocked_instrument,61130.75,escalate,Case routed to manual review.,passed,0.4384799011769481,26804.605218872723,25.0,26779.605218872723
CASE_000362,CUST_00849,regular,0,authentication_failed,28519.91,escalate,Case routed to manual review.,passed,0.477222531350729,13610.343644094972,25.0,13585.343644094972
CASE_000363,CUST_00663,new,1,risk_decline,8480.16,reminder,Action passed all guardrails.,passed,0.1897823717776592,1609.384877854035,5.0,1604.384877854035
CASE_000364,CUST_00363,new,1,timeout,6571.74,retry,Action passed all guardrails.,passed,0.7159946674655645,4705.330795970149,2.0,4703.330795970149
CASE_000365,CUST_01239,regular,1,temporary_bank_failure,3655.78,retry,Action passed all guardrails.,passed,0.7255577813705365,2652.47962597878,2.0,2650.47962597878
CASE_000366,CUST_01457,regular,0,temporary_bank_failure,46020.41,retry,Action passed all guardrails.,passed,0.7915139774704882,36425.79776392264,2.0,36423.79776392264
CASE_000367,CUST_01178,regular,1,limit_exceeded,37192.41,reminder,Action passed all guardrails.,passed,0.4652969603384919,17305.51532066293,5.0,17300.51532066293
CASE_000368,CUST_00044,new,1,authentication_failed,19973.14,reminder,Action passed all guardrails.,passed,0.53813578021112,10748.261277165928,5.0,10743.261277165928
CASE_000369,CUST_00213,high_value,1,timeout,68256.72,escalate,Case routed to manual review.,passed,0.6507745929749404,44419.73917580448,25.0,44394.73917580448
CASE_000370,CUST_01290,regular,1,temporary_bank_failure,19253.78,retry,Action passed all guardrails.,passed,0.73498548836546,14151.248896181123,2.0,14149.248896181123
CASE_000371,CUST_00148,regular,1,insufficient_funds,3829.92,reminder,Action passed all guardrails.,passed,0.5744762365578083,2200.1980279174813,5.0,2195.1980279174813
CASE_000372,CUST_00962,regular,1,timeout,10727.87,retry,Action passed all guardrails.,passed,0.6849780874031958,7348.355874510123,2.0,7346.355874510123
CASE_000373,CUST_01144,new,1,authentication_failed,6140.03,reminder,Action passed all guardrails.,passed,0.5708456031164801,3505.0091285032813,5.0,3500.0091285032813
CASE_000374,CUST_01088,regular,1,temporary_bank_failure,17918.87,retry,Action passed all guardrails.,passed,0.8124156018116433,14557.5695548346,2.0,14555.5695548346
CASE_000375,CUST_00038,regular,1,temporary_bank_failure,41506.45,retry,Action passed all guardrails.,passed,0.8021554906274224,33294.626763952576,2.0,33292.626763952576
CASE_000376,CUST_01616,regular,1,timeout,42801.42,retry,Action passed all guardrails.,passed,0.6861366979610646,29367.62498684467,2.0,29365.62498684467
CASE_000377,CUST_01401,regular,1,timeout,40172.25,retry,Action passed all guardrails.,passed,0.6582942206211576,26445.160004348298,2.0,26443.160004348298
CASE_000378,CUST_01518,high_value,1,expired_instrument,10167.47,reminder,Action passed all guardrails.,passed,0.5130609967483977,5216.53229260943,5.0,5211.53229260943
CASE_000379,CUST_00580,new,1,expired_instrument,8537.67,reminder,Action passed all guardrails.,passed,0.4653114243170655,3972.675388049081,5.0,3967.675388049081
CASE_000380,CUST_00613,regular,1,timeout,40490.39,retry,Action passed all guardrails.,passed,0.725823395726652,29388.87236409647,2.0,29386.87236409647
CASE_000381,CUST_01809,regular,1,insufficient_funds,40086.69,reminder,Action passed all guardrails.,passed,0.562666277172243,22555.428626457782,5.0,22550.428626457782
CASE_000382,CUST_00932,high_value,1,temporary_bank_failure,95553.31,retry,High-value case permitted for controlled recovery.,passed,0.7991738393639628,76363.70561663494,2.0,76361.70561663494
CASE_000383,CUST_01304,new,1,temporary_bank_failure,10952.6,retry,Action passed all guardrails.,passed,0.7527662373829118,8244.74749156008,2.0,8242.74749156008
CASE_000384,CUST_00810,regular,1,risk_decline,22385.29,reminder,Action passed all guardrails.,passed,0.3499935149604727,7834.706330509521,5.0,7829.706330509521
CASE_000385,CUST_01311,regular,1,temporary_bank_failure,5554.63,retry,Action passed all guardrails.,passed,0.8080289825941928,4488.302027587181,2.0,4486.302027587181
CASE_000386,CUST_00411,regular,1,authentication_failed,23856.63,reminder,Action passed all guardrails.,passed,0.5744648350116643,13704.795016884322,5.0,13699.795016884322
CASE_000387,CUST_00316,regular,0,authentication_failed,2792.39,escalate,Case routed to manual review.,passed,0.460870837373301,1286.931117572832,25.0,1261.931117572832
CASE_000388,CUST_01968,regular,0,risk_decline,42227.7,escalate,Case routed to manual review.,passed,0.1434197154531907,6056.284718242701,25.0,6031.284718242701
CASE_000389,CUST_01505,regular,1,expired_instrument,24503.23,reminder,Action passed all guardrails.,passed,0.5361287197518628,13136.885329685438,5.0,13131.885329685438
CASE_000390,CUST_00952,regular,1,insufficient_funds,35866.37,reminder,Action passed all guardrails.,passed,0.6181449661353784,22170.616069048952,5.0,22165.616069048952
CASE_000391,CUST_00413,regular,1,temporary_bank_failure,28740.62,retry,Action passed all guardrails.,passed,0.8185389755848823,23525.31765247438,2.0,23523.31765247438
CASE_000392,CUST_01161,regular,1,temporary_bank_failure,37521.99,retry,Action passed all guardrails.,passed,0.8436308181131582,31654.70712093374,2.0,31652.70712093374
CASE_000393,CUST_01253,new,1,timeout,17810.31,retry,Action passed all guardrails.,passed,0.6471928569664113,11526.705412357443,2.0,11524.705412357443
CASE_000394,CUST_00494,high_value,1,insufficient_funds,24520.08,reminder,Action passed all guardrails.,passed,0.6001878349191218,14716.65372724366,5.0,14711.65372724366
CASE_000395,CUST_01619,new,1,timeout,4654.92,escalate,Case routed to manual review.,passed,0.703761412204944,3275.953072901038,25.0,3250.953072901038
CASE_000396,CUST_00957,high_value,1,temporary_bank_failure,27825.3,retry,Action passed all guardrails.,passed,0.8816025806575446,24530.856287570376,2.0,24528.856287570376
CASE_000397,CUST_01090,high_value,1,timeout,84192.66,escalate,Case routed to manual review.,passed,0.6433290283070809,54163.58214838844,25.0,54138.58214838844
CASE_000398,CUST_01339,regular,1,risk_decline,1577.11,escalate,Case routed to manual review.,passed,0.2678829600158833,422.4808950706497,25.0,397.4808950706497
CASE_000399,CUST_01865,high_value,1,insufficient_funds,38478.04,reminder,Action passed all guardrails.,passed,0.5655806272885461,21762.43400003377,5.0,21757.43400003377
CASE_000400,CUST_00669,high_value,1,temporary_bank_failure,78018.06,retry,High-value case permitted for controlled recovery.,passed,0.8846242932412481,69016.6711875533,2.0,69014.6711875533
CASE_000401,CUST_00633,regular,1,insufficient_funds,16035.28,reminder,Action passed all guardrails.,passed,0.617128215986076,9895.823739237208,5.0,9890.823739237208
CASE_000402,CUST_00757,new,1,timeout,6305.38,retry,Action passed all guardrails.,passed,0.6330239338578594,3991.4564520686695,2.0,3989.4564520686695
CASE_000403,CUST_00639,new,1,expired_instrument,3978.19,reminder,Action passed all guardrails.,passed,0.4566566995186841,1816.6671154582336,5.0,1811.6671154582336
CASE_000404,CUST_00845,regular,0,temporary_bank_failure,14390.83,escalate,Case routed to manual review.,passed,0.7276453770822674,10471.420921876806,25.0,10446.420921876806
CASE_000405,CUST_01883,new,1,insufficient_funds,2664.69,reminder,Action passed all guardrails.,passed,0.5549673812189748,1478.81603106039,5.0,1473.81603106039
CASE_000406,CUST_00671,high_value,1,expired_instrument,90922.85,escalate,Case routed to manual review.,passed,0.4798136475429757,43626.02430350285,25.0,43601.02430350285
CASE_000407,CUST_01882,regular,1,expired_instrument,16740.4,reminder,Action passed all guardrails.,passed,0.5419763407431645,9072.900734576871,5.0,9067.900734576871
CASE_000408,CUST_00150,regular,1,temporary_bank_failure,12086.38,retry,Action passed all guardrails.,passed,0.7922669904158978,9575.639907622895,2.0,9573.639907622895
CASE_000409,CUST_01889,regular,1,temporary_bank_failure,4009.77,retry,Action passed all guardrails.,passed,0.8059724342384922,3231.764087636479,2.0,3229.764087636479
CASE_000410,CUST_00965,new,0,insufficient_funds,602.36,escalate,Case routed to manual review.,passed,0.5830796041502602,351.2238303559507,25.0,326.2238303559507
CASE_000411,CUST_00956,regular,1,limit_exceeded,12766.69,reminder,Action passed all guardrails.,passed,0.5281829542729974,6743.148040487534,5.0,6738.148040487534
CASE_000412,CUST_01782,regular,1,expired_instrument,32437.77,reminder,Action passed all guardrails.,passed,0.5518241340265242,17899.944340001566,5.0,17894.944340001566
CASE_000413,CUST_01544,regular,1,temporary_bank_failure,8526.25,retry,Action passed all guardrails.,passed,0.7843401621679158,6687.480307684192,2.0,6685.480307684192
CASE_000414,CUST_00462,new,1,limit_exceeded,9331.94,reminder,Action passed all guardrails.,passed,0.4287588624046571,4001.151978428517,5.0,3996.151978428517
CASE_000415,CUST_01957,new,1,insufficient_funds,16148.5,reminder,Action passed all guardrails.,passed,0.5155314018767019,8325.05884320592,5.0,8320.05884320592
CASE_000416,CUST_01828,new,1,risk_decline,13675.8,reminder,Action passed all guardrails.,passed,0.2379304037331511,3253.8886153738285,5.0,3248.8886153738285
CASE_000417,CUST_01828,new,1,insufficient_funds,7249.55,reminder,Action passed all guardrails.,passed,0.5718144488087445,4145.397437361434,5.0,4140.397437361434
CASE_000418,CUST_01650,regular,1,temporary_bank_failure,29046.68,retry,Action passed all guardrails.,passed,0.8423115929060888,24466.35529943343,2.0,24464.35529943343
CASE_000419,CUST_01180,regular,1,temporary_bank_failure,39203.57,retry,Action passed all guardrails.,passed,0.8417379335837633,32999.132000906415,2.0,32997.132000906415
CASE_000420,CUST_01464,new,0,temporary_bank_failure,10572.85,retry,Action passed all guardrails.,passed,0.767596129406573,8115.678736796285,2.0,8113.678736796285
CASE_000421,CUST_00911,regular,1,insufficient_funds,11483.45,reminder,Action passed all guardrails.,passed,0.5892281452192696,6766.371944218222,5.0,6761.371944218222
CASE_000422,CUST_00756,new,1,unknown_failure,12296.2,reminder,Action passed all guardrails.,passed,0.4895705770003623,6019.857728911855,5.0,6014.857728911855
CASE_000423,CUST_00293,regular,1,risk_decline,31785.03,reminder,Action passed all guardrails.,passed,0.1534567474125754,4877.627320211133,5.0,4872.627320211133
CASE_000424,CUST_01776,regular,1,timeout,45143.4,retry,Action passed all guardrails.,passed,0.7085140238171133,31984.731982785477,2.0,31982.731982785477
CASE_000425,CUST_00248,regular,1,limit_exceeded,32943.69,reminder,Action passed all guardrails.,passed,0.518469374622304,17080.294352051053,5.0,17075.294352051053
CASE_000426,CUST_01948,regular,1,expired_instrument,35840.81,reminder,Action passed all guardrails.,passed,0.5162171868729006,18501.642113446123,5.0,18496.642113446123
CASE_000427,CUST_00128,new,1,limit_exceeded,3536.19,reminder,Action passed all guardrails.,passed,0.5173971355421941,1829.6145767329515,5.0,1824.6145767329515
CASE_000428,CUST_00132,regular,1,timeout,9754.03,reminder,Action passed all guardrails.,passed,0.6452475499181657,6293.763959328286,5.0,6288.763959328286
CASE_000429,CUST_01308,new,1,temporary_bank_failure,14611.13,retry,Action passed all guardrails.,passed,0.7825075817162225,11433.320002441347,2.0,11431.320002441347
CASE_000430,CUST_00700,new,1,insufficient_funds,19811.32,reminder,Action passed all guardrails.,passed,0.5480303322785499,10857.20428247668,5.0,10852.20428247668
CASE_000431,CUST_01203,regular,1,blocked_instrument,6210.49,reminder,Action passed all guardrails.,passed,0.5840850109199007,3627.454119467934,5.0,3622.454119467934
CASE_000432,CUST_00037,regular,0,authentication_failed,34252.37,escalate,Case routed to manual review.,passed,0.4819016875420376,16506.274905314265,25.0,16481.274905314265
CASE_000433,CUST_00087,regular,1,authentication_failed,13045.79,reminder,Action passed all guardrails.,passed,0.5376254055638844,7013.748139651268,5.0,7008.748139651268
CASE_000434,CUST_00357,regular,1,timeout,2607.18,retry,Action passed all guardrails.,passed,0.7592018068458182,1979.37576677228,2.0,1977.37576677228
CASE_000435,CUST_01582,regular,1,authentication_failed,38916.45,reminder,Action passed all guardrails.,passed,0.541369245938304,21068.169191095712,5.0,21063.169191095712
CASE_000436,CUST_00967,regular,1,expired_instrument,49351.03,reminder,Action passed all guardrails.,passed,0.5960330598388727,29414.8454171,5.0,29409.8454171
CASE_000437,CUST_01036,regular,1,temporary_bank_failure,1219.81,retry,Action passed all guardrails.,passed,0.8178678527305847,997.6433854392944,2.0,995.6433854392944
CASE_000438,CUST_01827,new,1,timeout,6922.05,retry,Action passed all guardrails.,passed,0.7838164648370715,5425.616760425451,2.0,5423.616760425451
CASE_000439,CUST_01936,regular,1,expired_instrument,49821.88,reminder,Action passed all guardrails.,passed,0.5926083364345661,29524.86142484258,5.0,29519.86142484258
CASE_000440,CUST_00586,regular,1,temporary_bank_failure,29442.73,retry,Action passed all guardrails.,passed,0.7686894880361091,22632.317050085392,2.0,22630.317050085392
CASE_000441,CUST_00118,regular,1,unknown_failure,17906.71,escalate,Case routed to manual review.,passed,0.4850350309907134,8685.381639791716,25.0,8660.381639791716
CASE_000442,CUST_00522,regular,1,insufficient_funds,26944.7,reminder,Action passed all guardrails.,passed,0.5646044223485274,15213.096778854366,5.0,15208.096778854366
CASE_000443,CUST_01401,regular,1,unknown_failure,47064.4,reminder,Action passed all guardrails.,passed,0.4799930585493938,22590.585304792094,5.0,22585.585304792094
CASE_000444,CUST_01025,high_value,0,risk_decline,44986.04,escalate,Case routed to manual review.,passed,0.2965990997704349,13342.818966236777,25.0,13317.818966236777
CASE_000445,CUST_00269,regular,1,insufficient_funds,45120.41,reminder,Action passed all guardrails.,passed,0.5851703711699027,26403.12706703819,5.0,26398.12706703819
CASE_000446,CUST_01498,regular,1,insufficient_funds,27744.02,reminder,Action passed all guardrails.,passed,0.5264672223664469,14606.317146679152,5.0,14601.317146679152
CASE_000447,CUST_00387,regular,1,risk_decline,32728.72,reminder,Action passed all guardrails.,passed,0.2540536270470289,8314.850024606636,5.0,8309.850024606636
CASE_000448,CUST_00147,new,1,blocked_instrument,14674.82,reminder,Action passed all guardrails.,passed,0.3505503122601688,5144.262733361771,5.0,5139.262733361771
CASE_000449,CUST_01499,new,1,timeout,4746.46,retry,Action passed all guardrails.,passed,0.6953813375945656,3300.599703639102,2.0,3298.599703639102
CASE_000450,CUST_00455,regular,1,authentication_failed,12649.25,reminder,Action passed all guardrails.,passed,0.5753264107622839,7277.447601334819,5.0,7272.447601334819
CASE_000451,CUST_00214,high_value,1,unknown_failure,80697.18,reminder,High-value case permitted for controlled recovery.,passed,0.4599969877844801,37120.45972270199,5.0,37115.45972270199
CASE_000452,CUST_01583,new,1,authentication_failed,6559.94,reminder,Action passed all guardrails.,passed,0.4824588778960111,3164.901291465159,5.0,3159.901291465159
CASE_000453,CUST_01022,new,1,risk_decline,11003.62,reminder,Action passed all guardrails.,passed,0.2158571011855755,2375.209515747623,5.0,2370.209515747623
CASE_000454,CUST_01083,regular,1,limit_exceeded,27965.59,reminder,Action passed all guardrails.,passed,0.5338481521780482,14929.3785460689,5.0,14924.3785460689
CASE_000455,CUST_01728,new,1,authentication_failed,2428.18,reminder,Action passed all guardrails.,passed,0.4436254424894505,1077.202426944034,5.0,1072.202426944034
CASE_000456,CUST_00041,regular,1,authentication_failed,13354.13,reminder,Action passed all guardrails.,passed,0.5543018726298715,7402.219266342746,5.0,7397.219266342746
CASE_000457,CUST_01640,new,1,authentication_failed,4508.3,reminder,Action passed all guardrails.,passed,0.459584353101415,2071.9441390871093,5.0,2066.9441390871093
CASE_000458,CUST_01496,high_value,1,temporary_bank_failure,71696.31,retry,High-value case permitted for controlled recovery.,passed,0.8630136373603854,61874.893278417774,2.0,61872.893278417774
CASE_000459,CUST_00993,regular,0,insufficient_funds,27935.09,escalate,Case routed to manual review.,passed,0.5741086990884938,16037.778178819994,25.0,16012.778178819994
CASE_000460,CUST_01834,new,1,authentication_failed,1290.36,reminder,Action passed all guardrails.,passed,0.4351427331211098,561.4907771101551,5.0,556.4907771101551
CASE_000461,CUST_01144,new,1,unknown_failure,17085.62,reminder,Action passed all guardrails.,passed,0.4885552561799826,8347.269456093833,5.0,8342.269456093833
CASE_000462,CUST_01281,regular,1,timeout,51124.92,retry,High-value case permitted for controlled recovery.,passed,0.6791703554418396,34722.53008833561,2.0,34720.53008833561
CASE_000463,CUST_01579,regular,1,temporary_bank_failure,5455.31,retry,Action passed all guardrails.,passed,0.7169769996080307,3911.3317957316863,2.0,3909.3317957316863
CASE_000464,CUST_00232,regular,1,timeout,36457.73,retry,Action passed all guardrails.,passed,0.6955937934308795,25359.770710578778,2.0,25357.770710578778
CASE_000465,CUST_00528,regular,1,risk_decline,39380.67,reminder,Action passed all guardrails.,passed,0.2448988486586663,9644.280742406883,5.0,9639.280742406883
CASE_000466,CUST_00055,new,1,insufficient_funds,3360.95,reminder,Action passed all guardrails.,passed,0.5699523879875408,1915.581478406725,5.0,1910.581478406725
CASE_000467,CUST_01808,regular,1,limit_exceeded,35282.02,reminder,Action passed all guardrails.,passed,0.4445740634052256,15685.470996544436,5.0,15680.470996544436
CASE_000468,CUST_00886,new,1,insufficient_funds,14396.43,reminder,Action passed all guardrails.,passed,0.5526250256837146,7955.8274985038,5.0,7950.8274985038
CASE_000469,CUST_01711,regular,1,blocked_instrument,28078.12,escalate,Case routed to manual review.,passed,0.5117330181895806,14368.501092689226,25.0,14343.501092689226
CASE_000470,CUST_00391,regular,1,blocked_instrument,49332.29,reminder,Action passed all guardrails.,passed,0.4525019637180354,22322.958099707605,5.0,22317.958099707605
CASE_000471,CUST_01151,new,1,risk_decline,3727.59,reminder,Action passed all guardrails.,passed,0.1409337575706565,525.3432653828037,5.0,520.3432653828037
CASE_000472,CUST_01118,regular,1,insufficient_funds,30467.01,reminder,Action passed all guardrails.,passed,0.6113047662511639,18624.628426421878,5.0,18619.628426421878
CASE_000473,CUST_01444,regular,1,temporary_bank_failure,38199.52,retry,Action passed all guardrails.,passed,0.822375759302724,31414.359264999588,2.0,31412.359264999588
CASE_000474,CUST_01552,regular,1,timeout,2967.45,retry,Action passed all guardrails.,passed,0.6368367694690018,1889.7812715607893,2.0,1887.7812715607893
CASE_000475,CUST_01420,regular,1,timeout,49429.01,retry,Action passed all guardrails.,passed,0.7283723205412747,36002.722715757875,2.0,36000.722715757875
CASE_000476,CUST_01281,regular,1,unknown_failure,21402.5,escalate,Case routed to manual review.,passed,0.5326572011684788,11400.195748008367,25.0,11375.195748008367
CASE_000477,CUST_01677,regular,1,insufficient_funds,15184.93,reminder,Action passed all guardrails.,passed,0.5882076314083878,8931.89170840217,5.0,8926.89170840217
CASE_000478,CUST_00634,regular,1,temporary_bank_failure,49085.55,retry,Action passed all guardrails.,passed,0.8104024420285376,39779.04958831389,2.0,39777.04958831389
CASE_000479,CUST_00078,regular,1,blocked_instrument,38223.49,escalate,Case routed to manual review.,passed,0.4246804145227399,16232.767577705805,25.0,16207.767577705805
CASE_000480,CUST_01737,high_value,1,temporary_bank_failure,66127.07,retry,High-value case permitted for controlled recovery.,passed,0.8580794540791398,56742.28012545306,2.0,56740.28012545306
CASE_000481,CUST_01783,regular,1,temporary_bank_failure,38384.78,retry,Action passed all guardrails.,passed,0.7593220775913272,29146.410897486025,2.0,29144.410897486025
CASE_000482,CUST_01235,new,1,unknown_failure,18038.94,reminder,Action passed all guardrails.,passed,0.5213965594592312,9405.441252291504,5.0,9400.441252291504
CASE_000483,CUST_00979,regular,1,blocked_instrument,31970.15,reminder,Action passed all guardrails.,passed,0.4747472543191941,15177.740932672785,5.0,15172.740932672785
CASE_000484,CUST_01068,regular,1,temporary_bank_failure,25513.38,retry,Action passed all guardrails.,passed,0.8134595266202685,20754.10201728303,2.0,20752.10201728303
CASE_000485,CUST_01466,regular,1,expired_instrument,31953.13,escalate,Case routed to manual review.,passed,0.5344827433626848,17078.396581424502,25.0,17053.396581424502
CASE_000486,CUST_00936,regular,1,timeout,2451.79,retry,Action passed all guardrails.,passed,0.6691013800230194,1640.4960725266387,2.0,1638.4960725266387
CASE_000487,CUST_00403,regular,1,timeout,13556.09,escalate,Case routed to manual review.,passed,0.6806181750354969,9226.52123641695,25.0,9201.52123641695
CASE_000488,CUST_01150,regular,1,authentication_failed,24245.31,reminder,Action passed all guardrails.,passed,0.5349011914361766,12968.845205739448,5.0,12963.845205739448
CASE_000489,CUST_01333,regular,1,insufficient_funds,17720.8,reminder,Action passed all guardrails.,passed,0.6113655636422628,10833.88688019181,5.0,10828.88688019181
CASE_000490,CUST_00733,new,1,authentication_failed,13659.65,reminder,Action passed all guardrails.,passed,0.5223466917998913,7135.072988644386,5.0,7130.072988644386
CASE_000491,CUST_01166,regular,1,insufficient_funds,28258.3,reminder,Action passed all guardrails.,passed,0.5334428409692684,15074.187832961878,5.0,15069.187832961878
CASE_000492,CUST_00712,regular,1,timeout,4967.38,retry,Action passed all guardrails.,passed,0.6255664877109722,3107.4264597257293,2.0,3105.4264597257293
CASE_000493,CUST_00524,regular,1,risk_decline,23422.06,escalate,Case routed to manual review.,passed,0.2316509843856932,5425.74325534077,25.0,5400.74325534077
CASE_000494,CUST_00243,high_value,1,blocked_instrument,43291.6,escalate,Case routed to manual review.,passed,0.5113035092082796,22135.146999241155,25.0,22110.146999241155
CASE_000495,CUST_01329,regular,1,limit_exceeded,46446.91,reminder,Action passed all guardrails.,passed,0.5510550823263893,25594.8058138564,5.0,25589.8058138564
CASE_000496,CUST_00336,regular,1,timeout,34146.31,retry,Action passed all guardrails.,passed,0.6933144269104082,23674.12934875514,2.0,23672.12934875514
CASE_000497,CUST_01414,regular,1,temporary_bank_failure,8254.88,escalate,Case routed to manual review.,passed,0.7725992095903155,6377.713763262903,25.0,6352.713763262903
CASE_000498,CUST_00209,regular,1,timeout,37987.5,retry,Action passed all guardrails.,passed,0.7559745812481825,28717.584405165333,2.0,28715.584405165333
CASE_000499,CUST_00215,regular,1,timeout,4062.71,retry,Action passed all guardrails.,passed,0.7085148554961634,2878.490388572818,2.0,2876.490388572818
CASE_000500,CUST_01997,regular,1,insufficient_funds,3942.57,reminder,Action passed all guardrails.,passed,0.6137756723125634,2419.853552389343,5.0,2414.853552389343
CASE_000501,CUST_01649,regular,1,unknown_failure,38002.44,reminder,Action passed all guardrails.,passed,0.478272212239868,18175.51104931285,5.0,18170.51104931285
CASE_000502,CUST_01558,regular,1,insufficient_funds,24008.05,reminder,Action passed all guardrails.,passed,0.6194704602559532,14872.277783347938,5.0,14867.277783347938
CASE_000503,CUST_00258,regular,1,temporary_bank_failure,28386.09,retry,Action passed all guardrails.,passed,0.8273917419961522,23486.41645355956,2.0,23484.41645355956
CASE_000504,CUST_01022,new,1,insufficient_funds,3793.01,reminder,Action passed all guardrails.,passed,0.6722697830758134,2549.926009904392,5.0,2544.926009904392
CASE_000505,CUST_00683,new,1,blocked_instrument,1520.57,reminder,Action passed all guardrails.,passed,0.4492144180641836,683.0619676758557,5.0,678.0619676758557
CASE_000506,CUST_00121,new,1,insufficient_funds,15674.16,reminder,Action passed all guardrails.,passed,0.5031938035804935,7887.140188329227,5.0,7882.140188329227
CASE_000507,CUST_01707,new,1,insufficient_funds,19942.34,reminder,Action passed all guardrails.,passed,0.4988330488172361,9947.89826274992,5.0,9942.89826274992
CASE_000508,CUST_01662,regular,1,temporary_bank_failure,4512.69,retry,Action passed all guardrails.,passed,0.7609350838723745,3433.8641436400253,2.0,3431.8641436400253
CASE_000509,CUST_00763,regular,1,temporary_bank_failure,36173.23,retry,Action passed all guardrails.,passed,0.8163249558876547,29529.11038406399,2.0,29527.11038406399
CASE_000510,CUST_01951,regular,1,timeout,16244.9,retry,Action passed all guardrails.,passed,0.7047697091730037,11448.913448544528,2.0,11446.913448544528
CASE_000511,CUST_01183,regular,0,authentication_failed,47535.04,escalate,Case routed to manual review.,passed,0.4889360447575094,23241.59444499,25.0,23216.59444499
CASE_000512,CUST_00273,regular,1,insufficient_funds,32245.33,reminder,Action passed all guardrails.,passed,0.5836263819246212,18819.22528186545,5.0,18814.22528186545
CASE_000513,CUST_00085,new,1,unknown_failure,10061.35,reminder,Action passed all guardrails.,passed,0.4727994958866239,4757.001207938883,5.0,4752.001207938883
CASE_000514,CUST_00192,new,1,authentication_failed,19349.79,escalate,Case routed to manual review.,passed,0.4981211731270765,9638.540094562572,25.0,9613.540094562572
CASE_000515,CUST_01110,regular,1,unknown_failure,38786.32,escalate,Case routed to manual review.,passed,0.506260363011925,19635.97644309669,25.0,19610.97644309669
CASE_000516,CUST_00604,new,1,insufficient_funds,8123.23,reminder,Action passed all guardrails.,passed,0.5554495985894521,4512.044842749795,5.0,4507.044842749795
CASE_000517,CUST_01515,new,1,temporary_bank_failure,5373.64,retry,Action passed all guardrails.,passed,0.7749637673820315,4164.37629895478,2.0,4162.37629895478
CASE_000518,CUST_00711,new,1,insufficient_funds,12908.33,reminder,Action passed all guardrails.,passed,0.5217139228039642,6734.455481148096,5.0,6729.455481148096
CASE_000519,CUST_01370,regular,1,unknown_failure,23686.79,escalate,Case routed to manual review.,passed,0.5203551699829687,12325.543636800883,25.0,12300.543636800883
CASE_000520,CUST_00001,regular,1,unknown_failure,36059.8,reminder,Action passed all guardrails.,passed,0.4988817999005653,17989.57792805441,5.0,17984.57792805441
CASE_000521,CUST_00001,regular,1,unknown_failure,43314.37,reminder,Action passed all guardrails.,passed,0.4845956205591259,20989.95400927759,5.0,20984.95400927759
CASE_000522,CUST_00002,new,1,risk_decline,1852.27,reminder,Action passed all guardrails.,passed,0.1134191514058301,210.0828915744769,5.0,205.0828915744769
CASE_000523,CUST_00004,regular,1,unknown_failure,16644.42,reminder,Action passed all guardrails.,passed,0.4899064437687846,8154.208610794033,5.0,8149.208610794033
CASE_000524,CUST_00005,regular,1,limit_exceeded,34326.94,reminder,Action passed all guardrails.,passed,0.4595602540963729,15775.29726875095,5.0,15770.29726875095
CASE_000525,CUST_00005,regular,1,unknown_failure,18066.27,escalate,Case routed to manual review.,passed,0.5190888311225378,9377.998977044172,25.0,9352.998977044172
CASE_000526,CUST_00005,regular,1,limit_exceeded,35807.68,reminder,Action passed all guardrails.,passed,0.4553403490077785,16304.68150835885,5.0,16299.68150835885
CASE_000527,CUST_00006,regular,1,limit_exceeded,5724.03,reminder,Action passed all guardrails.,passed,0.4989413608678847,2855.9553178485985,5.0,2850.9553178485985
CASE_000528,CUST_00006,regular,1,unknown_failure,43850.94,reminder,Action passed all guardrails.,passed,0.5599166319718516,24552.87063359975,5.0,24547.87063359975
CASE_000529,CUST_00007,regular,1,unknown_failure,6411.96,reminder,Action passed all guardrails.,passed,0.5024640403152303,3221.779327939644,5.0,3216.779327939644
CASE_000530,CUST_00009,new,1,blocked_instrument,7097.98,reminder,Action passed all guardrails.,passed,0.4009984758936074,2846.279161923308,5.0,2841.279161923308
CASE_000531,CUST_00010,regular,1,insufficient_funds,56805.71,reminder,High-value case permitted for controlled recovery.,passed,0.5955211132735554,33828.99965949474,5.0,33823.99965949474
CASE_000532,CUST_00010,regular,1,timeout,49236.91,retry,Action passed all guardrails.,passed,0.6561818243156713,32308.36542746652,2.0,32306.36542746652
CASE_000533,CUST_00010,regular,1,insufficient_funds,43288.25,reminder,Action passed all guardrails.,passed,0.5920632061691908,25629.380084453474,5.0,25624.380084453474
CASE_000534,CUST_00010,regular,1,unknown_failure,18983.01,reminder,Action passed all guardrails.,passed,0.5540800427038213,10518.106991447065,5.0,10513.106991447065
CASE_000535,CUST_00011,regular,0,insufficient_funds,38297.76,escalate,Case routed to manual review.,passed,0.4737662828187057,18144.18739548292,25.0,18119.18739548292
CASE_000536,CUST_00011,regular,0,unknown_failure,47640.19,retry,Action passed all guardrails.,passed,0.4521911429745603,21542.47196762522,2.0,21540.47196762522
CASE_000537,CUST_00011,regular,0,unknown_failure,16393.42,escalate,Case routed to manual review.,passed,0.4515409786887579,7402.300910855857,25.0,7377.300910855857
CASE_000538,CUST_00012,regular,1,insufficient_funds,28740.79,reminder,Action passed all guardrails.,passed,0.5698100006198143,16376.789567713957,5.0,16371.789567713957
CASE_000539,CUST_00013,high_value,1,expired_instrument,66204.88,reminder,High-value case permitted for controlled recovery.,passed,0.6120133021811169,40518.26722930459,5.0,40513.26722930459
CASE_000540,CUST_00014,regular,1,insufficient_funds,39622.32,reminder,Action passed all guardrails.,passed,0.6051039443822513,23975.622117575764,5.0,23970.622117575764
CASE_000541,CUST_00014,regular,1,unknown_failure,3338.34,reminder,Action passed all guardrails.,passed,0.4777479846210692,1594.8852069799004,5.0,1589.8852069799004
CASE_000542,CUST_00014,regular,1,unknown_failure,38603.74,reminder,Action passed all guardrails.,passed,0.541386033283998,20899.525668526807,5.0,20894.525668526807
CASE_000543,CUST_00016,regular,1,unknown_failure,1878.07,reminder,Action passed all guardrails.,passed,0.45100108569616,847.0116090133871,5.0,842.0116090133871
CASE_000544,CUST_00017,regular,1,insufficient_funds,26185.58,reminder,Action passed all guardrails.,passed,0.6031085516369593,15792.747227573733,5.0,15787.747227573733
CASE_000545,CUST_00017,regular,1,temporary_bank_failure,5326.75,retry,Action passed all guardrails.,passed,0.8236384361878001,4387.316039963364,2.0,4385.316039963364
CASE_000546,CUST_00017,regular,1,timeout,16285.78,retry,Action passed all guardrails.,passed,0.7272510226819355,11843.850160173011,2.0,11841.850160173011
CASE_000547,CUST_00019,high_value,1,temporary_bank_failure,40325.68,retry,Action passed all guardrails.,passed,0.8500713410952566,34279.70487817817,2.0,34277.70487817817
CASE_000548,CUST_00021,regular,1,blocked_instrument,22847.19,escalate,Case routed to manual review.,passed,0.5635442107252634,12875.401655840127,25.0,12850.401655840127
CASE_000549,CUST_00023,regular,1,risk_decline,31637.08,reminder,Action passed all guardrails.,passed,0.1476023610100983,4669.707703465363,5.0,4664.707703465363
CASE_000550,CUST_00023,regular,1,timeout,21997.49,retry,Action passed all guardrails.,passed,0.7362366528721583,16195.358409188775,2.0,16193.358409188775
CASE_000551,CUST_00024,regular,1,timeout,2685.17,retry,Action passed all guardrails.,passed,0.6981739794528288,1874.7158244073523,2.0,1872.7158244073523
CASE_000552,CUST_00025,regular,1,risk_decline,55538.82,reminder,High-value case permitted for controlled recovery.,passed,0.2089445878406387,11604.535854055424,5.0,11599.535854055424
CASE_000553,CUST_00026,regular,1,temporary_bank_failure,24252.32,retry,Action passed all guardrails.,passed,0.842941913996633,20443.29703965882,2.0,20441.29703965882
CASE_000554,CUST_00027,high_value,1,unknown_failure,126358.99,reminder,High-value case permitted for controlled recovery.,passed,0.6504368597975779,82188.54466279356,5.0,82183.54466279356
CASE_000555,CUST_00027,high_value,1,unknown_failure,21448.62,reminder,Action passed all guardrails.,passed,0.5433607209088259,11654.337625699462,5.0,11649.337625699462
CASE_000556,CUST_00027,high_value,1,unknown_failure,44051.72,reminder,Action passed all guardrails.,passed,0.5841574816282191,25733.14181659145,5.0,25728.14181659145
CASE_000557,CUST_00030,high_value,1,unknown_failure,80837.21,reminder,High-value case permitted for controlled recovery.,passed,0.5307369027868273,42903.29046532835,5.0,42898.29046532835
CASE_000558,CUST_00031,regular,1,temporary_bank_failure,55024.42,retry,High-value case permitted for controlled recovery.,passed,0.8047585445115756,44281.37215179363,2.0,44279.37215179363
CASE_000559,CUST_00032,regular,1,timeout,5681.96,retry,Action passed all guardrails.,passed,0.7898602348177894,4487.954259825287,2.0,4485.954259825287
CASE_000560,CUST_00033,regular,1,unknown_failure,42885.15,reminder,Action passed all guardrails.,passed,0.546372518828564,23431.26742584079,5.0,23426.26742584079
CASE_000561,CUST_00034,new,1,unknown_failure,4157.03,reminder,Action passed all guardrails.,passed,0.4501661708915204,1871.3542773811769,5.0,1866.3542773811769
CASE_000562,CUST_00035,regular,1,timeout,22404.23,retry,Action passed all guardrails.,passed,0.7730408374365413,17319.38472132088,2.0,17317.38472132088
CASE_000563,CUST_00037,regular,0,temporary_bank_failure,17392.75,escalate,Case routed to manual review.,passed,0.7542627325679793,13118.703141871722,25.0,13093.703141871722
CASE_000564,CUST_00037,regular,0,unknown_failure,34675.79,escalate,Case routed to manual review.,passed,0.5401980290487114,18731.79341370701,25.0,18706.79341370701
CASE_000565,CUST_00037,regular,0,authentication_failed,11192.28,escalate,Case routed to manual review.,passed,0.5119461659153851,5729.844833851447,25.0,5704.844833851447
CASE_000566,CUST_00038,regular,1,timeout,13054.04,retry,Action passed all guardrails.,passed,0.7069725840684671,9228.848391333133,2.0,9226.848391333133
CASE_000567,CUST_00038,regular,1,unknown_failure,6775.72,reminder,Action passed all guardrails.,passed,0.5401143821234851,3659.66382124174,5.0,3654.66382124174
CASE_000568,CUST_00042,regular,0,risk_decline,60512.35,escalate,Case routed to manual review.,passed,0.1246566707180063,7543.268088322752,25.0,7518.268088322752
CASE_000569,CUST_00042,regular,0,blocked_instrument,28925.29,escalate,Case routed to manual review.,passed,0.3669688110247786,10614.67927984692,25.0,10589.67927984692
CASE_000570,CUST_00043,regular,1,unknown_failure,4630.37,reminder,Action passed all guardrails.,passed,0.521126745429915,2413.009648236316,5.0,2408.009648236316
CASE_000571,CUST_00043,regular,1,authentication_failed,49388.57,reminder,Action passed all guardrails.,passed,0.5458605817777656,26959.273553371902,5.0,26954.273553371902
CASE_000572,CUST_00044,new,1,limit_exceeded,18910.84,reminder,Action passed all guardrails.,passed,0.4850950901914555,9173.555635396186,5.0,9168.555635396186
CASE_000573,CUST_00046,regular,1,temporary_bank_failure,5180.43,retry,Action passed all guardrails.,passed,0.8522300307593275,4414.918018246543,2.0,4412.918018246543
CASE_000574,CUST_00046,regular,1,temporary_bank_failure,24906.84,retry,Action passed all guardrails.,passed,0.8391700005492819,20901.07293648088,2.0,20899.07293648088
CASE_000575,CUST_00048,regular,1,timeout,18453.99,retry,Action passed all guardrails.,passed,0.8000589674791199,14764.280185270003,2.0,14762.280185270003
CASE_000576,CUST_00049,regular,1,expired_instrument,4130.99,reminder,Action passed all guardrails.,passed,0.5579269710767365,2304.790738248288,5.0,2299.790738248288
CASE_000577,CUST_00050,regular,1,risk_decline,10479.75,reminder,Action passed all guardrails.,passed,0.2897556940079506,3036.56723427982,5.0,3031.56723427982
CASE_000578,CUST_00050,regular,1,expired_instrument,31889.76,reminder,Action passed all guardrails.,passed,0.5881817880412922,18756.97605700768,5.0,18751.97605700768
CASE_000579,CUST_00051,regular,1,blocked_instrument,18211.12,escalate,Case routed to manual review.,passed,0.504085156602364,9179.955277104442,25.0,9154.955277104442
CASE_000580,CUST_00051,regular,1,blocked_instrument,8794.53,escalate,Case routed to manual review.,passed,0.5460833758347028,4802.546631279569,25.0,4777.546631279569
CASE_000581,CUST_00051,regular,1,insufficient_funds,24721.16,reminder,Action passed all guardrails.,passed,0.5717324432411037,14133.889206554244,5.0,14128.889206554244
CASE_000582,CUST_00054,regular,1,unknown_failure,25481.39,reminder,Action passed all guardrails.,passed,0.5513578886408496,14049.365390034058,5.0,14044.365390034058
CASE_000583,CUST_00054,regular,1,unknown_failure,29479.92,reminder,Action passed all guardrails.,passed,0.5243955704927701,15459.13946648122,5.0,15454.13946648122
CASE_000584,CUST_00056,new,1,unknown_failure,15512.85,retry,Action passed all guardrails.,passed,0.4909137654484524,7615.471606337025,2.0,7613.471606337025
CASE_000585,CUST_00057,regular,1,unknown_failure,32081.71,reminder,Action passed all guardrails.,passed,0.5152871224725404,16531.292029898523,5.0,16526.292029898523
CASE_000586,CUST_00058,new,1,insufficient_funds,5603.7,reminder,Action passed all guardrails.,passed,0.4906035581261788,2749.195158671668,5.0,2744.195158671668
CASE_000587,CUST_00059,new,1,unknown_failure,15512.3,reminder,Action passed all guardrails.,passed,0.4528653989268955,7024.983927773681,5.0,7019.983927773681
CASE_000588,CUST_00059,new,1,risk_decline,9669.67,reminder,Action passed all guardrails.,passed,0.1711914143411141,1655.364483511841,5.0,1650.364483511841
CASE_000589,CUST_00059,new,1,temporary_bank_failure,12522.4,escalate,Case routed to manual review.,passed,0.7219530876405612,9040.585344670164,25.0,9015.585344670164
CASE_000590,CUST_00059,new,1,insufficient_funds,11686.91,reminder,Action passed all guardrails.,passed,0.5657040079120405,6611.331827107305,5.0,6606.331827107305
CASE_000591,CUST_00061,regular,1,temporary_bank_failure,10370.43,retry,Action passed all guardrails.,passed,0.8451961962419907,8765.047989393828,2.0,8763.047989393828
CASE_000592,CUST_00062,regular,1,timeout,4461.21,retry,Action passed all guardrails.,passed,0.7066118866445878,3152.344014817702,2.0,3150.344014817702
CASE_000593,CUST_00062,regular,1,unknown_failure,33492.54,reminder,Action passed all guardrails.,passed,0.5407754183809019,18111.942331139093,5.0,18106.942331139093
CASE_000594,CUST_00063,regular,1,unknown_failure,45704.23,reminder,Action passed all guardrails.,passed,0.5479926388439692,25045.581604031704,5.0,25040.581604031704
CASE_000595,CUST_00063,regular,1,unknown_failure,1626.52,reminder,Action passed all guardrails.,passed,0.4664341460083612,758.6644671655197,5.0,753.6644671655197
CASE_000596,CUST_00064,high_value,1,risk_decline,139142.34,reminder,High-value case permitted for controlled recovery.,passed,0.2540359775549995,35347.16036119011,5.0,35342.16036119011
CASE_000597,CUST_00065,high_value,1,unknown_failure,56300.65,reminder,High-value case permitted for controlled recovery.,passed,0.5230898924318894,29450.300952345457,5.0,29445.300952345457
CASE_000598,CUST_00067,regular,1,temporary_bank_failure,14723.25,retry,Action passed all guardrails.,passed,0.8466828954800051,12465.923940875984,2.0,12463.923940875984
CASE_000599,CUST_00067,regular,1,unknown_failure,22099.64,escalate,Case routed to manual review.,passed,0.5125458058381066,11327.077792532054,25.0,11302.077792532054
CASE_000600,CUST_00068,regular,1,timeout,46451.72,retry,Action passed all guardrails.,passed,0.7799115155305352,36228.23134420008,2.0,36226.23134420008
CASE_000601,CUST_00069,new,1,unknown_failure,19163.29,reminder,Action passed all guardrails.,passed,0.4957532454668127,9500.263211321717,5.0,9495.263211321717
CASE_000602,CUST_00069,new,1,temporary_bank_failure,18081.95,retry,Action passed all guardrails.,passed,0.6818495210897273,12329.168947868397,2.0,12327.168947868397
CASE_000603,CUST_00069,new,1,insufficient_funds,14252.61,reminder,Action passed all guardrails.,passed,0.5560987311215799,7925.858336170741,5.0,7920.858336170741
CASE_000604,CUST_00069,new,1,authentication_failed,8753.44,escalate,Case routed to manual review.,passed,0.4750505888092934,4158.3268261068215,25.0,4133.3268261068215
CASE_000605,CUST_00073,regular,1,timeout,23201.53,retry,Action passed all guardrails.,passed,0.7634016428670273,17712.08611902862,2.0,17710.08611902862
CASE_000606,CUST_00074,regular,1,temporary_bank_failure,13313.67,retry,Action passed all guardrails.,passed,0.8448057840158324,11247.465422478068,2.0,11245.465422478068
CASE_000607,CUST_00075,regular,1,unknown_failure,6374.53,reminder,Action passed all guardrails.,passed,0.572029648851335,3646.420157492301,5.0,3641.420157492301
CASE_000608,CUST_00077,regular,1,insufficient_funds,34475.49,reminder,Action passed all guardrails.,passed,0.5975404688721409,20600.500459196803,5.0,20595.500459196803
CASE_000609,CUST_00078,regular,1,authentication_failed,14375.91,reminder,Action passed all guardrails.,passed,0.5611591529622587,8067.173478661664,5.0,8062.173478661664
CASE_000610,CUST_00079,regular,0,temporary_bank_failure,8477.56,retry,Action passed all guardrails.,passed,0.8612506083535012,7301.303707353307,2.0,7299.303707353307
CASE_000611,CUST_00080,new,0,risk_decline,7223.5,escalate,Case routed to manual review.,passed,0.11765509413398,849.8815724768052,25.0,824.8815724768052
CASE_000612,CUST_00080,new,0,authentication_failed,2924.94,escalate,Case routed to manual review.,passed,0.4393796188233048,1285.159022281037,25.0,1260.159022281037
CASE_000613,CUST_00080,new,0,limit_exceeded,18278.97,escalate,Case routed to manual review.,passed,0.3498430011166871,6394.769722121891,25.0,6369.769722121891
CASE_000614,CUST_00080,new,0,insufficient_funds,13024.37,escalate,Case routed to manual review.,passed,0.4368684569656381,5689.936424849548,25.0,5664.936424849548
CASE_000615,CUST_00081,regular,1,unknown_failure,14384.51,reminder,Action passed all guardrails.,passed,0.5682787989450971,8174.412066213739,5.0,8169.412066213739
CASE_000616,CUST_00082,regular,1,risk_decline,12554.52,reminder,Action passed all guardrails.,passed,0.287084408948678,3604.2069538343576,5.0,3599.2069538343576
CASE_000617,CUST_00083,regular,1,insufficient_funds,38191.43,reminder,Action passed all guardrails.,passed,0.5829842094546065,22265.000626490943,5.0,22260.000626490943
CASE_000618,CUST_00086,new,0,risk_decline,19787.74,escalate,Case routed to manual review.,passed,0.1725413647369248,3414.203664659438,25.0,3389.203664659438
CASE_000619,CUST_00087,regular,1,unknown_failure,4812.39,reminder,Action passed all guardrails.,passed,0.4445577344313926,2139.385195600289,5.0,2134.385195600289
CASE_000620,CUST_00088,regular,1,unknown_failure,20051.97,reminder,Action passed all guardrails.,passed,0.5432175579683051,10892.582175853717,5.0,10887.582175853717
CASE_000621,CUST_00089,regular,1,insufficient_funds,4383.84,reminder,Action passed all guardrails.,passed,0.5901839045257444,2587.2718080161394,5.0,2582.2718080161394
CASE_000622,CUST_00090,regular,1,limit_exceeded,23187.9,reminder,Action passed all guardrails.,passed,0.5082522665288667,11785.302731044709,5.0,11780.302731044709
CASE_000623,CUST_00091,high_value,1,timeout,87895.46,escalate,Case routed to manual review.,passed,0.6405957463530784,56305.45779974715,25.0,56280.45779974715
CASE_000624,CUST_00091,high_value,1,temporary_bank_failure,5591.54,retry,Action passed all guardrails.,passed,0.8110003371968986,4534.740825449946,2.0,4532.740825449946
CASE_000625,CUST_00091,high_value,1,unknown_failure,18522.07,reminder,Action passed all guardrails.,passed,0.4904436864558068,9084.032291592506,5.0,9079.032291592506
CASE_000626,CUST_00092,new,1,blocked_instrument,4540.8,reminder,Action passed all guardrails.,passed,0.3403988293090227,1545.6830041264104,5.0,1540.6830041264104
CASE_000627,CUST_00092,new,1,unknown_failure,14752.05,escalate,Case routed to manual review.,passed,0.4661829725566557,6877.154520304413,25.0,6852.154520304413
CASE_000628,CUST_00093,high_value,1,limit_exceeded,85453.86,reminder,High-value case permitted for controlled recovery.,passed,0.5717744529097453,48860.33405052596,5.0,48855.33405052596
CASE_000629,CUST_00097,regular,1,unknown_failure,10390.14,reminder,Action passed all guardrails.,passed,0.5432851098386561,5644.808351139014,5.0,5639.808351139014
CASE_000630,CUST_00097,regular,1,insufficient_funds,3194.33,reminder,Action passed all guardrails.,passed,0.5623571281124708,1796.354245043509,5.0,1791.354245043509
CASE_000631,CUST_00097,regular,1,unknown_failure,4096.1,reminder,Action passed all guardrails.,passed,0.5081579112777912,2081.465620384961,5.0,2076.465620384961
CASE_000632,CUST_00100,regular,1,unknown_failure,29649.39,reminder,Action passed all guardrails.,passed,0.4994809563927571,14809.30567366185,5.0,14804.30567366185
CASE_000633,CUST_00101,regular,1,unknown_failure,12899.82,reminder,Action passed all guardrails.,passed,0.5753128667923644,7421.432425305477,5.0,7416.432425305477
CASE_000634,CUST_00102,regular,1,temporary_bank_failure,9630.26,retry,Action passed all guardrails.,passed,0.8443291522367927,8131.109261619896,2.0,8129.109261619896
CASE_000635,CUST_00102,regular,1,temporary_bank_failure,23075.87,retry,Action passed all guardrails.,passed,0.8370932858796989,19316.655842832766,2.0,19314.655842832766
CASE_000636,CUST_00104,high_value,1,unknown_failure,19078.57,reminder,Action passed all guardrails.,passed,0.5800359449456267,11066.256378161284,5.0,11061.256378161284
CASE_000637,CUST_00105,high_value,1,unknown_failure,13162.89,reminder,Action passed all guardrails.,passed,0.565317042213878,7441.206041786632,5.0,7436.206041786632
CASE_000638,CUST_00105,high_value,1,unknown_failure,80272.18,reminder,High-value case permitted for controlled recovery.,passed,0.5218657681890193,41891.30287990723,5.0,41886.30287990723
CASE_000639,CUST_00105,high_value,1,insufficient_funds,53471.74,reminder,High-value case permitted for controlled recovery.,passed,0.6469517589368976,34593.63624641646,5.0,34588.63624641646
CASE_000640,CUST_00106,new,1,insufficient_funds,19230.66,reminder,Action passed all guardrails.,passed,0.6184601654579077,11893.397165464768,5.0,11888.397165464768
CASE_000641,CUST_00106,new,1,timeout,7367.38,retry,Action passed all guardrails.,passed,0.6458474251572158,4758.203403154769,2.0,4756.203403154769
CASE_000642,CUST_00106,new,1,unknown_failure,9829.75,reminder,Action passed all guardrails.,passed,0.4861056986292259,4778.297491100633,5.0,4773.297491100633
CASE_000643,CUST_00107,regular,1,expired_instrument,38511.02,escalate,Case routed to manual review.,passed,0.5312719718818477,20459.825534581272,25.0,20434.825534581272
CASE_000644,CUST_00108,regular,1,unknown_failure,14741.71,reminder,Action passed all guardrails.,passed,0.5283959756840206,7789.460238700884,5.0,7784.460238700884
CASE_000645,CUST_00108,regular,1,temporary_bank_failure,50757.5,retry,High-value case permitted for controlled recovery.,passed,0.8191889105368002,41579.981126571634,2.0,41577.981126571634
CASE_000646,CUST_00108,regular,1,unknown_failure,15319.67,reminder,Action passed all guardrails.,passed,0.5221426230695568,7999.052678359998,5.0,7994.052678359998
CASE_000647,CUST_00108,regular,1,unknown_failure,12688.04,reminder,Action passed all guardrails.,passed,0.5177486099605214,6569.215073123494,5.0,6564.215073123494
CASE_000648,CUST_00109,high_value,1,risk_decline,79987.06,reminder,High-value case permitted for controlled recovery.,passed,0.2505180225439048,20038.200100300663,5.0,20033.200100300663
CASE_000649,CUST_00110,regular,0,insufficient_funds,9033.6,escalate,Case routed to manual review.,passed,0.5341716135423579,4825.492688096244,25.0,4800.492688096244
CASE_000650,CUST_00110,regular,0,unknown_failure,13188.53,escalate,Case routed to manual review.,passed,0.4811049111730669,6345.066554153329,25.0,6320.066554153329
CASE_000651,CUST_00110,regular,0,unknown_failure,28791.68,escalate,Case routed to manual review.,passed,0.4964328614186545,14293.136087450248,25.0,14268.136087450248
CASE_000652,CUST_00111,new,1,unknown_failure,14006.63,reminder,Action passed all guardrails.,passed,0.4885627580504177,6843.117783791723,5.0,6838.117783791723
CASE_000653,CUST_00111,new,1,unknown_failure,9857.07,reminder,Action passed all guardrails.,passed,0.5177136447454812,5103.13963621134,5.0,5098.13963621134
CASE_000654,CUST_00111,new,1,unknown_failure,5982.62,reminder,Action passed all guardrails.,passed,0.5300364006768338,3171.0063714172397,5.0,3166.0063714172397
CASE_000655,CUST_00112,regular,1,unknown_failure,29154.54,escalate,Case routed to manual review.,passed,0.4835991920612901,14099.111988918568,25.0,14074.111988918568
CASE_000656,CUST_00112,regular,1,timeout,34004.93,retry,Action passed all guardrails.,passed,0.7042893604889119,23949.310403170213,2.0,23947.310403170213
CASE_000657,CUST_00113,regular,1,timeout,6478.92,retry,Action passed all guardrails.,passed,0.746723215712445,4837.959976743675,2.0,4835.959976743675
CASE_000658,CUST_00114,regular,1,unknown_failure,20681.75,reminder,Action passed all guardrails.,passed,0.5718165993017529,11826.167952609028,5.0,11821.167952609028
CASE_000659,CUST_00114,regular,1,authentication_failed,57377.56,reminder,High-value case permitted for controlled recovery.,passed,0.5569667234751678,31957.39159419985,5.0,31952.39159419985
CASE_000660,CUST_00115,regular,1,temporary_bank_failure,73667.67,retry,High-value case permitted for controlled recovery.,passed,0.7804441300122287,57493.50062317796,2.0,57491.50062317796
CASE_000661,CUST_00115,regular,1,unknown_failure,13423.39,reminder,Action passed all guardrails.,passed,0.5216052040015778,7001.71007934274,5.0,6996.71007934274
CASE_000662,CUST_00116,new,1,expired_instrument,6384.77,reminder,Action passed all guardrails.,passed,0.5653562553340281,3609.6696583690423,5.0,3604.6696583690423
CASE_000663,CUST_00116,new,1,limit_exceeded,13339.84,reminder,Action passed all guardrails.,passed,0.5326317839895844,7105.222777335618,5.0,7100.222777335618
CASE_000664,CUST_00116,new,1,expired_instrument,16194.18,reminder,Action passed all guardrails.,passed,0.6089847065388717,9862.007954937666,5.0,9857.007954937666
CASE_000665,CUST_00117,regular,1,limit_exceeded,38073.08,reminder,Action passed all guardrails.,passed,0.4354022381242581,16577.104244283928,5.0,16572.104244283928
CASE_000666,CUST_00117,regular,1,temporary_bank_failure,63430.2,retry,High-value case permitted for controlled recovery.,passed,0.6854398341449672,43477.5857677821,2.0,43475.5857677821
CASE_000667,CUST_00118,regular,1,unknown_failure,6590.7,escalate,Case routed to manual review.,passed,0.4778211180622807,3149.1756428130734,25.0,3124.1756428130734
CASE_000668,CUST_00119,new,1,timeout,5496.07,retry,Action passed all guardrails.,passed,0.6795521646213767,3734.8662654106097,2.0,3732.8662654106097
CASE_000669,CUST_00119,new,1,timeout,4179.17,retry,Action passed all guardrails.,passed,0.7113334420086859,2972.78338083944,2.0,2970.78338083944
CASE_000670,CUST_00119,new,1,expired_instrument,18671.29,reminder,Action passed all guardrails.,passed,0.4964794617700306,9269.912009752155,5.0,9264.912009752155
CASE_000671,CUST_00122,regular,1,unknown_failure,7245.0,reminder,Action passed all guardrails.,passed,0.5925712791552348,4293.178917479676,5.0,4288.178917479676
CASE_000672,CUST_00122,regular,1,unknown_failure,26637.49,reminder,Action passed all guardrails.,passed,0.594812782253659,15844.31953915402,5.0,15839.31953915402
CASE_000673,CUST_00123,new,1,timeout,15489.36,retry,Action passed all guardrails.,passed,0.6962073354678777,10783.806053702729,2.0,10781.806053702729
CASE_000674,CUST_00124,high_value,1,unknown_failure,93137.26,escalate,Case routed to manual review.,passed,0.5333728329000581,49676.88421474926,25.0,49651.88421474926
CASE_000675,CUST_00124,high_value,1,temporary_bank_failure,123338.71,retry,High-value case permitted for controlled recovery.,passed,0.8543436317148108,105373.64143241986,2.0,105371.64143241986
CASE_000676,CUST_00125,regular,1,unknown_failure,23104.06,reminder,Action passed all guardrails.,passed,0.5235053832684987,12095.09978535839,5.0,12090.09978535839
CASE_000677,CUST_00126,regular,1,unknown_failure,48868.14,escalate,Case routed to manual review.,passed,0.3990337666662578,19500.037974174014,25.0,19475.037974174014
CASE_000678,CUST_00126,regular,1,unknown_failure,7465.15,reminder,Action passed all guardrails.,passed,0.5029274931703477,3754.429175640621,5.0,3749.429175640621
CASE_000679,CUST_00126,regular,1,expired_instrument,33895.12,reminder,Action passed all guardrails.,passed,0.4757588921038366,16125.904738926594,5.0,16120.904738926594
CASE_000680,CUST_00127,regular,0,temporary_bank_failure,56025.86,retry,High-value case permitted for controlled recovery.,passed,0.7960146317225121,44597.40431483702,2.0,44595.40431483702
CASE_000681,CUST_00127,regular,0,unknown_failure,25054.06,escalate,Case routed to manual review.,passed,0.467115528492707,11703.140477787992,25.0,11678.140477787992
CASE_000682,CUST_00128,new,1,temporary_bank_failure,1734.21,retry,Action passed all guardrails.,passed,0.7370781402568017,1278.248281614748,2.0,1276.248281614748
CASE_000683,CUST_00128,new,1,unknown_failure,18310.65,escalate,Case routed to manual review.,passed,0.422944052652116,7744.380517694468,25.0,7719.380517694468
CASE_000684,CUST_00132,regular,1,temporary_bank_failure,62973.74,retry,High-value case permitted for controlled recovery.,passed,0.6557482763587072,41294.92146086138,2.0,41292.92146086138
CASE_000685,CUST_00132,regular,1,authentication_failed,20407.82,reminder,Action passed all guardrails.,passed,0.5803298172083825,11843.266450221572,5.0,11838.266450221572
CASE_000686,CUST_00132,regular,1,risk_decline,38461.15,reminder,Action passed all guardrails.,passed,0.2451123069699475,9427.3012052172,5.0,9422.3012052172
CASE_000687,CUST_00133,regular,1,timeout,12410.88,retry,Action passed all guardrails.,passed,0.7134454316248743,8854.48563844452,2.0,8852.48563844452
CASE_000688,CUST_00133,regular,1,expired_instrument,25850.69,reminder,Action passed all guardrails.,passed,0.5283664360432622,13658.636944559195,5.0,13653.636944559195
CASE_000689,CUST_00133,regular,1,insufficient_funds,24680.18,reminder,Action passed all guardrails.,passed,0.5738873766970672,14163.643756611424,5.0,14158.643756611424
CASE_000690,CUST_00135,regular,0,unknown_failure,48926.22,retry,Action passed all guardrails.,passed,0.4392639870828909,21491.52647009468,2.0,21489.52647009468
CASE_000691,CUST_00136,regular,1,insufficient_funds,22840.02,reminder,Action passed all guardrails.,passed,0.5626951268834626,12851.967951920824,5.0,12846.967951920824
CASE_000692,CUST_00137,new,1,temporary_bank_failure,12386.35,retry,Action passed all guardrails.,passed,0.7494127075146276,9282.488089723807,2.0,9280.488089723807
CASE_000693,CUST_00138,regular,1,unknown_failure,21040.62,reminder,Action passed all guardrails.,passed,0.5086416699902255,10702.13609442974,5.0,10697.13609442974
CASE_000694,CUST_00138,regular,1,unknown_failure,48031.17,reminder,Action passed all guardrails.,passed,0.4897731491057011,23524.37738613128,5.0,23519.37738613128
CASE_000695,CUST_00138,regular,1,temporary_bank_failure,10779.57,retry,Action passed all guardrails.,passed,0.8366551033581179,9018.782252506067,2.0,9016.782252506067
CASE_000696,CUST_00139,regular,1,blocked_instrument,1570.31,reminder,Action passed all guardrails.,passed,0.4416129111682959,693.4691705366868,5.0,688.4691705366868
CASE_000697,CUST_00140,high_value,1,expired_instrument,14423.84,reminder,Action passed all guardrails.,passed,0.5426989650763843,7827.803040427354,5.0,7822.803040427354
CASE_000698,CUST_00142,regular,1,insufficient_funds,6609.05,reminder,Action passed all guardrails.,passed,0.5965536834516479,3942.653121616114,5.0,3937.653121616114
CASE_000699,CUST_00143,new,1,unknown_failure,1101.15,reminder,Action passed all guardrails.,passed,0.3947339466491022,434.6612853526589,5.0,429.6612853526589
CASE_000700,CUST_00143,new,1,insufficient_funds,16378.03,reminder,Action passed all guardrails.,passed,0.5468494795912633,8956.317182230097,5.0,8951.317182230097
CASE_000701,CUST_00144,regular,1,insufficient_funds,18127.22,reminder,Action passed all guardrails.,passed,0.6018030940785812,10909.01708304314,5.0,10904.01708304314
CASE_000702,CUST_00145,regular,1,expired_instrument,62815.02,reminder,High-value case permitted for controlled recovery.,passed,0.5614198414648108,35265.59857000892,5.0,35260.59857000892
CASE_000703,CUST_00145,regular,1,temporary_bank_failure,17830.78,retry,Action passed all guardrails.,passed,0.7148458133305572,12746.258431418231,2.0,12744.258431418231
CASE_000704,CUST_00146,high_value,1,insufficient_funds,48116.37,reminder,Action passed all guardrails.,passed,0.6404261716667807,30814.98263360234,5.0,30809.98263360234
CASE_000705,CUST_00146,high_value,1,expired_instrument,90972.69,reminder,High-value case permitted for controlled recovery.,passed,0.5716515800242955,52004.68197756043,5.0,51999.68197756043
CASE_000706,CUST_00146,high_value,1,expired_instrument,15906.41,reminder,Action passed all guardrails.,passed,0.5879728339228798,9352.536965239236,5.0,9347.536965239236
CASE_000707,CUST_00147,new,1,unknown_failure,655.84,reminder,Action passed all guardrails.,passed,0.4503696705474318,295.3704447318277,5.0,290.3704447318277
CASE_000708,CUST_00148,regular,1,unknown_failure,29352.91,escalate,Case routed to manual review.,passed,0.5156865118357261,15136.899770128004,25.0,15111.899770128004
CASE_000709,CUST_00149,regular,1,unknown_failure,41273.38,reminder,Action passed all guardrails.,passed,0.5671604121645342,23408.62721222344,5.0,23403.62721222344
CASE_000710,CUST_00149,regular,1,unknown_failure,35216.27,reminder,Action passed all guardrails.,passed,0.573401557747713,20193.06407606405,5.0,20188.06407606405
CASE_000711,CUST_00149,regular,1,risk_decline,16691.42,reminder,Action passed all guardrails.,passed,0.3695655291370178,6168.573464348202,5.0,6163.573464348202
CASE_000712,CUST_00150,regular,1,unknown_failure,34232.42,reminder,Action passed all guardrails.,passed,0.5563677710891145,19045.815214386424,5.0,19040.815214386424
CASE_000713,CUST_00151,regular,1,insufficient_funds,6291.79,reminder,Action passed all guardrails.,passed,0.5186310531122326,3263.1176736610137,5.0,3258.1176736610137
CASE_000714,CUST_00151,regular,1,risk_decline,29621.53,reminder,Action passed all guardrails.,passed,0.1683576711938494,4987.011807998745,5.0,4982.011807998745
CASE_000715,CUST_00152,regular,1,insufficient_funds,63584.22,escalate,Case routed to manual review.,passed,0.5737047866608674,36478.57137009766,25.0,36453.57137009766
CASE_000716,CUST_00152,regular,1,unknown_failure,38228.81,escalate,Case routed to manual review.,passed,0.531696151369064,20326.111148419182,25.0,20301.111148419182
CASE_000717,CUST_00152,regular,1,unknown_failure,29031.05,escalate,Case routed to manual review.,passed,0.5069593463292712,14717.562131252387,25.0,14692.562131252387
CASE_000718,CUST_00152,regular,1,limit_exceeded,25559.16,reminder,Action passed all guardrails.,passed,0.4607980502047615,11777.611092871532,5.0,11772.611092871532
CASE_000719,CUST_00153,high_value,1,authentication_failed,97278.26,reminder,High-value case permitted for controlled recovery.,passed,0.5240247578991161,50976.21664534727,5.0,50971.21664534727
CASE_000720,CUST_00154,regular,1,unknown_failure,32541.9,escalate,Case routed to manual review.,passed,0.5130329182374362,16695.065921990827,25.0,16670.065921990827
CASE_000721,CUST_00155,regular,1,unknown_failure,45824.37,escalate,Case routed to manual review.,passed,0.5069383730689869,23230.131574711293,25.0,23205.131574711293
CASE_000722,CUST_00155,regular,1,unknown_failure,37142.64,escalate,Case routed to manual review.,passed,0.4957372751099101,18412.991143988354,25.0,18387.991143988354
CASE_000723,CUST_00155,regular,1,unknown_failure,31433.42,escalate,Case routed to manual review.,passed,0.4927259601059262,15488.062048912823,25.0,15463.062048912823
CASE_000724,CUST_00158,regular,1,unknown_failure,39951.89,escalate,Case routed to manual review.,passed,0.5335264642352601,21315.390611216044,25.0,21290.390611216044
CASE_000725,CUST_00159,high_value,1,limit_exceeded,116866.6,reminder,High-value case permitted for controlled recovery.,passed,0.5747451030493032,67168.5060600217,5.0,67163.5060600217
CASE_000726,CUST_00160,high_value,1,authentication_failed,25244.15,reminder,Action passed all guardrails.,passed,0.5587307079080921,14104.681800038064,5.0,14099.681800038064
CASE_000727,CUST_00160,high_value,1,insufficient_funds,16206.54,reminder,Action passed all guardrails.,passed,0.6399302493069787,10371.055182603524,5.0,10366.055182603524
CASE_000728,CUST_00160,high_value,1,timeout,14244.18,escalate,Case routed to manual review.,passed,0.6328265846911675,9014.095781126234,25.0,8989.095781126234
CASE_000729,CUST_00161,regular,1,blocked_instrument,6589.18,reminder,Action passed all guardrails.,passed,0.5215090353718311,3436.3169056913625,5.0,3431.3169056913625
CASE_000730,CUST_00162,regular,1,unknown_failure,1706.69,reminder,Action passed all guardrails.,passed,0.5406603846010374,922.7396717947444,5.0,917.7396717947444
CASE_000731,CUST_00164,regular,0,insufficient_funds,13716.23,escalate,Case routed to manual review.,passed,0.5605310097485033,7688.372251842714,25.0,7663.372251842714
CASE_000732,CUST_00168,regular,1,unknown_failure,38229.4,reminder,Action passed all guardrails.,passed,0.51427204307626,19660.31164357957,5.0,19655.31164357957
CASE_000733,CUST_00168,regular,1,unknown_failure,29051.34,reminder,Action passed all guardrails.,passed,0.5351268611963818,15546.152387748893,5.0,15541.152387748893
CASE_000734,CUST_00169,high_value,1,unknown_failure,76475.68,reminder,High-value case permitted for controlled recovery.,passed,0.6133052324089634,46902.93469603351,5.0,46897.93469603351
CASE_000735,CUST_00169,high_value,1,unknown_failure,6114.88,reminder,Action passed all guardrails.,passed,0.4718777102267539,2885.4755727113734,5.0,2880.4755727113734
CASE_000736,CUST_00170,regular,1,unknown_failure,22213.41,reminder,Action passed all guardrails.,passed,0.5974595061227195,13271.612967901478,5.0,13266.612967901478
CASE_000737,CUST_00170,regular,1,temporary_bank_failure,24313.66,retry,Action passed all guardrails.,passed,0.8374166603794416,20360.66395880121,2.0,20358.66395880121
CASE_000738,CUST_00170,regular,1,unknown_failure,24205.62,reminder,Action passed all guardrails.,passed,0.5969520766640827,14449.595125941652,5.0,14444.595125941652
CASE_000739,CUST_00171,regular,1,unknown_failure,9196.45,reminder,Action passed all guardrails.,passed,0.5592623604966391,5143.2283351893175,5.0,5138.2283351893175
CASE_000740,CUST_00172,regular,1,unknown_failure,20258.01,reminder,Action passed all guardrails.,passed,0.560191169862124,11348.358320978608,5.0,11343.358320978608
CASE_000741,CUST_00172,regular,1,unknown_failure,1958.59,reminder,Action passed all guardrails.,passed,0.5305703091302615,1039.1697017594388,5.0,1034.1697017594388
CASE_000742,CUST_00172,regular,1,unknown_failure,9441.76,reminder,Action passed all guardrails.,passed,0.5695210961301718,5377.2815045980105,5.0,5372.2815045980105
CASE_000743,CUST_00173,new,1,authentication_failed,18182.04,escalate,Case routed to manual review.,passed,0.5290389016035444,9619.00647051171,25.0,9594.00647051171
CASE_000744,CUST_00174,regular,1,timeout,6811.75,retry,Action passed all guardrails.,passed,0.745527178951016,5078.344761219583,2.0,5076.344761219583
CASE_000745,CUST_00174,regular,1,unknown_failure,38551.09,escalate,Case routed to manual review.,passed,0.4544600483092304,17519.93022377349,25.0,17494.93022377349
CASE_000746,CUST_00174,regular,1,expired_instrument,10945.92,reminder,Action passed all guardrails.,passed,0.5244636854111729,5740.737543415866,5.0,5735.737543415866
CASE_000747,CUST_00175,regular,1,risk_decline,57796.23,reminder,High-value case permitted for controlled recovery.,passed,0.2070226620986081,11965.12939386344,5.0,11960.12939386344
CASE_000748,CUST_00175,regular,1,unknown_failure,13128.3,reminder,Action passed all guardrails.,passed,0.5089262494778841,6681.336481020506,5.0,6676.336481020506
CASE_000749,CUST_00176,regular,1,unknown_failure,24886.37,escalate,Case routed to manual review.,passed,0.5586080163890238,13901.72578082331,25.0,13876.72578082331
CASE_000750,CUST_00177,new,1,temporary_bank_failure,1453.96,retry,Action passed all guardrails.,passed,0.7187435471502301,1045.024367814549,2.0,1043.024367814549
CASE_000751,CUST_00177,new,1,unknown_failure,1002.47,reminder,Action passed all guardrails.,passed,0.4185978670953159,419.6318038270414,5.0,414.6318038270414
CASE_000752,CUST_00178,high_value,1,unknown_failure,64660.96,reminder,High-value case permitted for controlled recovery.,passed,0.548738020090999,35481.927167583286,5.0,35476.927167583286
CASE_000753,CUST_00178,high_value,1,unknown_failure,88995.22,reminder,High-value case permitted for controlled recovery.,passed,0.5269004610211199,46891.62244667599,5.0,46886.62244667599
CASE_000754,CUST_00179,regular,1,unknown_failure,43377.13,escalate,Case routed to manual review.,passed,0.5032851132441108,21831.06378425452,25.0,21806.06378425452
CASE_000755,CUST_00179,regular,1,timeout,58672.19,retry,High-value case permitted for controlled recovery.,passed,0.7063904507952641,41445.47474324539,2.0,41443.47474324539
CASE_000756,CUST_00180,regular,1,insufficient_funds,36502.69,reminder,Action passed all guardrails.,passed,0.5529016702524792,20182.39826970847,5.0,20177.39826970847
CASE_000757,CUST_00180,regular,1,unknown_failure,46037.96,escalate,Case routed to manual review.,passed,0.4600464743299453,21179.60118334305,25.0,21154.60118334305
CASE_000758,CUST_00180,regular,1,insufficient_funds,41216.71,reminder,Action passed all guardrails.,passed,0.550574746206007,22692.87964769659,5.0,22687.87964769659
CASE_000759,CUST_00182,new,1,unknown_failure,3738.16,reminder,Action passed all guardrails.,passed,0.4553478019430848,1702.1629393115618,5.0,1697.1629393115618
CASE_000760,CUST_00183,regular,1,unknown_failure,33649.46,escalate,Case routed to manual review.,passed,0.5159022525532315,17359.83221119986,25.0,17334.83221119986
CASE_000761,CUST_00184,regular,1,unknown_failure,43514.31,escalate,Case routed to manual review.,passed,0.5184211044774052,22558.7366507722,25.0,22533.7366507722
CASE_000762,CUST_00185,new,1,expired_instrument,4881.78,reminder,Action passed all guardrails.,passed,0.4996637322914909,2439.2484150259543,5.0,2434.2484150259543
CASE_000763,CUST_00186,new,1,temporary_bank_failure,1719.57,retry,Action passed all guardrails.,passed,0.7963018649728737,1369.2967979514044,2.0,1367.2967979514044
CASE_000764,CUST_00188,regular,1,timeout,9519.43,retry,Action passed all guardrails.,passed,0.8092800201765318,7703.884502469082,2.0,7701.884502469082
CASE_000765,CUST_00189,regular,1,unknown_failure,21665.26,reminder,Action passed all guardrails.,passed,0.5314746874356572,11514.537286712246,5.0,11509.537286712246
CASE_000766,CUST_00192,new,1,temporary_bank_failure,6477.23,retry,Action passed all guardrails.,passed,0.7585497631846947,4913.3012825928,2.0,4911.3012825928
CASE_000767,CUST_00192,new,1,unknown_failure,12648.0,reminder,Action passed all guardrails.,passed,0.5077957676697274,6422.600869486712,5.0,6417.600869486712
CASE_000768,CUST_00192,new,1,unknown_failure,6659.74,reminder,Action passed all guardrails.,passed,0.4874300622321732,3246.157482650093,5.0,3241.157482650093
CASE_000769,CUST_00192,new,1,unknown_failure,15085.81,reminder,Action passed all guardrails.,passed,0.4828532594656404,7284.232530179353,5.0,7279.232530179353
CASE_000770,CUST_00192,new,1,timeout,7209.34,retry,Action passed all guardrails.,passed,0.649840302724471,4684.919688043638,2.0,4682.919688043638
CASE_000771,CUST_00194,regular,1,insufficient_funds,1044.22,reminder,Action passed all guardrails.,passed,0.6012070900242908,627.792467545165,5.0,622.792467545165
CASE_000772,CUST_00194,regular,1,unknown_failure,1300.89,reminder,Action passed all guardrails.,passed,0.5027631989739311,654.0396179131973,5.0,649.0396179131973
CASE_000773,CUST_00195,high_value,0,risk_decline,85614.08,escalate,Case routed to manual review.,passed,0.3712194502776279,31781.61171362486,25.0,31756.61171362486
CASE_000774,CUST_00195,high_value,0,limit_exceeded,15680.69,escalate,Case routed to manual review.,passed,0.3624915824100689,5684.118131381743,25.0,5659.118131381743
CASE_000775,CUST_00196,high_value,1,unknown_failure,9692.05,reminder,Action passed all guardrails.,passed,0.5755028877486525,5577.802763204328,5.0,5572.802763204328
CASE_000776,CUST_00196,high_value,1,unknown_failure,83135.98,reminder,High-value case permitted for controlled recovery.,passed,0.5617133287685818,46698.58806623824,5.0,46693.58806623824
CASE_000777,CUST_00197,regular,1,unknown_failure,6386.91,reminder,Action passed all guardrails.,passed,0.5324430357126642,3400.665749223572,5.0,3395.665749223572
CASE_000778,CUST_00200,regular,1,unknown_failure,17604.59,reminder,Action passed all guardrails.,passed,0.5056925252367807,8902.509572858176,5.0,8897.509572858176
CASE_000779,CUST_00201,regular,1,expired_instrument,7200.61,reminder,Action passed all guardrails.,passed,0.5829826670433188,4197.830822138792,5.0,4192.830822138792
CASE_000780,CUST_00201,regular,1,unknown_failure,28314.53,reminder,Action passed all guardrails.,passed,0.5108805664565866,14465.343125352016,5.0,14460.343125352016
CASE_000781,CUST_00202,regular,1,temporary_bank_failure,16828.6,escalate,Case routed to manual review.,passed,0.6941738815366172,11681.974582827115,25.0,11656.974582827115
CASE_000782,CUST_00202,regular,1,authentication_failed,8723.86,reminder,Action passed all guardrails.,passed,0.5091870060188627,4442.076154327716,5.0,4437.076154327716
CASE_000783,CUST_00202,regular,1,timeout,28615.06,retry,Action passed all guardrails.,passed,0.7583150965006553,21699.231985272043,2.0,21697.231985272043
CASE_000784,CUST_00202,regular,1,insufficient_funds,14659.78,reminder,Action passed all guardrails.,passed,0.5922675238945352,8682.51160143863,5.0,8677.51160143863
CASE_000785,CUST_00203,new,1,temporary_bank_failure,13222.17,retry,Action passed all guardrails.,passed,0.7544998162784775,9976.124835802795,2.0,9974.124835802795
CASE_000786,CUST_00203,new,1,unknown_failure,5085.07,reminder,Action passed all guardrails.,passed,0.4572399287704344,2325.097044592673,5.0,2320.097044592673
CASE_000787,CUST_00203,new,1,blocked_instrument,11396.95,reminder,Action passed all guardrails.,passed,0.379098695320245,4320.568875630067,5.0,4315.568875630067
CASE_000788,CUST_00203,new,1,unknown_failure,9340.73,reminder,Action passed all guardrails.,passed,0.4564777963172703,4263.835846394616,5.0,4258.835846394616
CASE_000789,CUST_00204,high_value,1,unknown_failure,16780.29,reminder,Action passed all guardrails.,passed,0.5256990616991548,8821.382708039711,5.0,8816.382708039711
CASE_000790,CUST_00204,high_value,1,timeout,73378.2,escalate,Case routed to manual review.,passed,0.6315549105199246,46342.362535113134,25.0,46317.362535113134
CASE_000791,CUST_00205,high_value,1,expired_instrument,45022.76,reminder,Action passed all guardrails.,passed,0.5819392366962882,26200.51058836018,5.0,26195.51058836018
CASE_000792,CUST_00206,new,1,insufficient_funds,5145.35,reminder,Action passed all guardrails.,passed,0.4820843315733443,2480.492615460907,5.0,2475.492615460907
CASE_000793,CUST_00206,new,1,unknown_failure,7337.54,reminder,Action passed all guardrails.,passed,0.4718374141857461,3462.12590008448,5.0,3457.12590008448
CASE_000794,CUST_00207,new,1,authentication_failed,5031.35,reminder,Action passed all guardrails.,passed,0.5925823991432572,2981.489453929428,5.0,2976.489453929428
CASE_000795,CUST_00207,new,1,temporary_bank_failure,10348.78,retry,Action passed all guardrails.,passed,0.7354233445486413,7610.734399598089,2.0,7608.734399598089
CASE_000796,CUST_00207,new,1,unknown_failure,13051.91,retry,Action passed all guardrails.,passed,0.5081796710879299,6632.715330869263,2.0,6630.715330869263
CASE_000797,CUST_00207,new,1,temporary_bank_failure,6594.54,retry,Action passed all guardrails.,passed,0.716371080978767,4724.137748357718,2.0,4722.137748357718
CASE_000798,CUST_00209,regular,1,insufficient_funds,41582.98,reminder,Action passed all guardrails.,passed,0.5768218639182424,23985.972030875,5.0,23980.972030875
CASE_000799,CUST_00209,regular,1,unknown_failure,10584.78,escalate,Case routed to manual review.,passed,0.5029765070747112,5323.895672554262,25.0,5298.895672554262
CASE_000800,CUST_00211,regular,1,timeout,23886.02,retry,Action passed all guardrails.,passed,0.7330911636770189,17510.630197412545,2.0,17508.630197412545
CASE_000801,CUST_00212,regular,1,insufficient_funds,5910.54,reminder,Action passed all guardrails.,passed,0.6005107161165044,3549.342608035244,5.0,3544.342608035244
CASE_000802,CUST_00213,high_value,1,unknown_failure,93392.48,reminder,High-value case permitted for controlled recovery.,passed,0.5620217582836461,52488.60582007025,5.0,52483.60582007025
CASE_000803,CUST_00217,high_value,1,temporary_bank_failure,15045.93,retry,Action passed all guardrails.,passed,0.8761468559042618,13182.44426365561,2.0,13180.44426365561
CASE_000804,CUST_00217,high_value,1,unknown_failure,65968.22,reminder,High-value case permitted for controlled recovery.,passed,0.5848193346126782,38579.49052598277,5.0,38574.49052598277
CASE_000805,CUST_00218,regular,1,insufficient_funds,5711.0,reminder,Action passed all guardrails.,passed,0.6150350277410098,3512.465043428907,5.0,3507.465043428907
CASE_000806,CUST_00219,regular,1,unknown_failure,17150.7,reminder,Action passed all guardrails.,passed,0.5461048599499883,9366.080621544264,5.0,9361.080621544264
CASE_000807,CUST_00220,regular,1,unknown_failure,4322.81,reminder,Action passed all guardrails.,passed,0.5219734622784384,2256.392102471857,5.0,2251.392102471857
CASE_000808,CUST_00220,regular,1,insufficient_funds,62979.29,reminder,High-value case permitted for controlled recovery.,passed,0.5652265490291499,35597.56674700605,5.0,35592.56674700605
CASE_000809,CUST_00221,regular,1,insufficient_funds,11424.03,reminder,Action passed all guardrails.,passed,0.6301689394143423,7199.068868937629,5.0,7194.068868937629
CASE_000810,CUST_00221,regular,1,timeout,29538.0,escalate,Case routed to manual review.,passed,0.6772183308515516,20003.67505669313,25.0,19978.67505669313
CASE_000811,CUST_00222,regular,1,unknown_failure,17676.18,reminder,Action passed all guardrails.,passed,0.534885344448899,9454.72962784074,5.0,9449.72962784074
CASE_000812,CUST_00222,regular,1,unknown_failure,11360.0,reminder,Action passed all guardrails.,passed,0.5472064365632205,6216.265119358185,5.0,6211.265119358185
CASE_000813,CUST_00222,regular,1,insufficient_funds,24453.68,reminder,Action passed all guardrails.,passed,0.5061301319866898,12376.744285960276,5.0,12371.744285960276
CASE_000814,CUST_00223,regular,1,temporary_bank_failure,14262.7,retry,Action passed all guardrails.,passed,0.7559026062084397,10781.212101569114,2.0,10779.212101569114
CASE_000815,CUST_00224,regular,1,temporary_bank_failure,26338.55,retry,Action passed all guardrails.,passed,0.8441651532362922,22234.08609677174,2.0,22232.08609677174
CASE_000816,CUST_00224,regular,1,temporary_bank_failure,57051.27,retry,High-value case permitted for controlled recovery.,passed,0.8089053946144056,46149.080072603,2.0,46147.080072603
CASE_000817,CUST_00225,new,1,insufficient_funds,13897.53,reminder,Action passed all guardrails.,passed,0.5572816085382852,7744.837873109075,5.0,7739.837873109075
CASE_000818,CUST_00225,new,1,unknown_failure,18583.74,reminder,Action passed all guardrails.,passed,0.4626955746686905,8598.61425879353,5.0,8593.61425879353
CASE_000819,CUST_00225,new,1,temporary_bank_failure,13596.61,escalate,Case routed to manual review.,passed,0.7348456503356523,9991.409717810237,25.0,9966.409717810237
CASE_000820,CUST_00229,regular,1,risk_decline,48937.44,reminder,Action passed all guardrails.,passed,0.1912617346212547,9359.859662323575,5.0,9354.859662323575
CASE_000821,CUST_00230,regular,1,timeout,12487.94,retry,Action passed all guardrails.,passed,0.796646189222502,9948.469812239253,2.0,9946.469812239253
CASE_000822,CUST_00235,regular,1,unknown_failure,1690.6,reminder,Action passed all guardrails.,passed,0.4914777809217762,830.8923364263549,5.0,825.8923364263549
CASE_000823,CUST_00235,regular,1,unknown_failure,22145.19,reminder,Action passed all guardrails.,passed,0.6004496990621526,13297.07267117419,5.0,13292.07267117419
CASE_000824,CUST_00236,regular,1,unknown_failure,36307.05,reminder,Action passed all guardrails.,passed,0.5557761592000952,20178.592800885817,5.0,20173.592800885817
CASE_000825,CUST_00239,regular,1,timeout,10804.27,retry,Action passed all guardrails.,passed,0.7318408817499211,7907.006483464221,2.0,7905.006483464221
CASE_000826,CUST_00241,new,1,unknown_failure,15693.1,reminder,Action passed all guardrails.,passed,0.4399812397546939,6904.669593594388,5.0,6899.669593594388
CASE_000827,CUST_00241,new,1,authentication_failed,4878.24,reminder,Action passed all guardrails.,passed,0.4610819784665221,2249.2685506345265,5.0,2244.2685506345265
CASE_000828,CUST_00244,regular,1,temporary_bank_failure,31422.31,retry,Action passed all guardrails.,passed,0.7430843913634056,23349.428101582256,2.0,23347.428101582256
CASE_000829,CUST_00244,regular,1,unknown_failure,35299.43,escalate,Case routed to manual review.,passed,0.4463271175344221,15755.092842508107,25.0,15730.092842508107
CASE_000830,CUST_00244,regular,1,authentication_failed,20921.87,reminder,Action passed all guardrails.,passed,0.5291092779883294,11069.955529865689,5.0,11064.955529865689
CASE_000831,CUST_00245,regular,1,unknown_failure,18050.29,reminder,Action passed all guardrails.,passed,0.5071387927383111,9154.00227917641,5.0,9149.00227917641
CASE_000832,CUST_00245,regular,1,unknown_failure,23036.62,reminder,Action passed all guardrails.,passed,0.487839974025197,11238.184102428331,5.0,11233.184102428331
CASE_000833,CUST_00246,new,0,limit_exceeded,981.55,escalate,Case routed to manual review.,passed,0.4612027479492631,452.6935572495992,25.0,427.6935572495992
CASE_000834,CUST_00246,new,0,blocked_instrument,16552.53,escalate,Case routed to manual review.,passed,0.3837528887837478,6352.08120417965,25.0,6327.08120417965
CASE_000835,CUST_00246,new,0,timeout,4711.13,retry,Action passed all guardrails.,passed,0.747933785719187,3523.6132959152337,2.0,3521.6132959152337
CASE_000836,CUST_00247,regular,1,risk_decline,30290.17,reminder,Action passed all guardrails.,passed,0.1453380004705723,4402.312741713716,5.0,4397.312741713716
CASE_000837,CUST_00248,regular,1,authentication_failed,1321.11,reminder,Action passed all guardrails.,passed,0.5189823296739978,685.6327455556152,5.0,680.6327455556152
CASE_000838,CUST_00249,regular,1,temporary_bank_failure,24920.59,retry,Action passed all guardrails.,passed,0.7712117453400708,19219.051708804316,2.0,19217.051708804316
CASE_000839,CUST_00250,new,1,expired_instrument,14653.31,reminder,Action passed all guardrails.,passed,0.4461480000750531,6537.544950979776,5.0,6532.544950979776
CASE_000840,CUST_00251,new,0,expired_instrument,3501.21,escalate,Case routed to manual review.,passed,0.3556615033215946,1245.2456120446002,25.0,1220.2456120446002
CASE_000841,CUST_00251,new,0,temporary_bank_failure,6138.08,retry,Action passed all guardrails.,passed,0.7804538109997975,4790.487928221637,2.0,4788.487928221637
CASE_000842,CUST_00256,regular,1,unknown_failure,34326.51,escalate,Case routed to manual review.,passed,0.5354967375108807,18381.734115134623,25.0,18356.734115134623
CASE_000843,CUST_00256,regular,1,insufficient_funds,17413.96,reminder,Action passed all guardrails.,passed,0.5954004272551688,10368.27922420442,5.0,10363.27922420442
CASE_000844,CUST_00257,new,1,expired_instrument,2317.21,reminder,Action passed all guardrails.,passed,0.4156480538773047,963.1438269250292,5.0,958.1438269250292
CASE_000845,CUST_00258,regular,1,expired_instrument,51393.7,reminder,High-value case permitted for controlled recovery.,passed,0.5595394483469713,28756.802546509734,5.0,28751.802546509734
CASE_000846,CUST_00258,regular,1,unknown_failure,35590.04,reminder,Action passed all guardrails.,passed,0.507151304477126,18049.535212393093,5.0,18044.535212393093
CASE_000847,CUST_00259,regular,1,temporary_bank_failure,10999.0,retry,Action passed all guardrails.,passed,0.81390195450067,8952.10759755287,2.0,8950.10759755287
CASE_000848,CUST_00259,regular,1,unknown_failure,25623.41,reminder,Action passed all guardrails.,passed,0.5722380786140125,14662.690905939076,5.0,14657.690905939076
CASE_000849,CUST_00259,regular,1,unknown_failure,43959.86,reminder,Action passed all guardrails.,passed,0.5527445575133326,24298.57336404805,5.0,24293.57336404805
CASE_000850,CUST_00260,regular,1,unknown_failure,41917.38,reminder,Action passed all guardrails.,passed,0.5234090407432229,21939.93565626916,5.0,21934.93565626916
CASE_000851,CUST_00262,regular,1,unknown_failure,28285.91,reminder,Action passed all guardrails.,passed,0.4945239667912412,13988.060417500035,5.0,13983.060417500035
CASE_000852,CUST_00262,regular,1,unknown_failure,29501.83,reminder,Action passed all guardrails.,passed,0.498155242345468,14696.4912732848,5.0,14691.4912732848
CASE_000853,CUST_00262,regular,1,unknown_failure,39325.66,reminder,Action passed all guardrails.,passed,0.5001482622137022,19668.660509406905,5.0,19663.660509406905
CASE_000854,CUST_00263,regular,1,unknown_failure,8299.67,reminder,Action passed all guardrails.,passed,0.5034150162821974,4178.178508186866,5.0,4173.178508186866
CASE_000855,CUST_00263,regular,1,unknown_failure,13016.14,reminder,Action passed all guardrails.,passed,0.4931704353447556,6419.175430308287,5.0,6414.175430308287
CASE_000856,CUST_00265,regular,1,unknown_failure,40176.17,reminder,Action passed all guardrails.,passed,0.4847219522452615,19474.271556137508,5.0,19469.271556137508
CASE_000857,CUST_00265,regular,1,unknown_failure,7711.28,reminder,Action passed all guardrails.,passed,0.5423391810855939,4182.129280321718,5.0,4177.129280321718
CASE_000858,CUST_00266,regular,1,unknown_failure,1266.22,reminder,Action passed all guardrails.,passed,0.4802217234579964,608.0663506769843,5.0,603.0663506769843
CASE_000859,CUST_00268,regular,1,unknown_failure,58702.63,reminder,High-value case permitted for controlled recovery.,passed,0.5179550357519122,30405.32282038127,5.0,30400.32282038127
CASE_000860,CUST_00268,regular,1,unknown_failure,37600.13,reminder,Action passed all guardrails.,passed,0.4910249117448676,18462.600514845548,5.0,18457.600514845548
CASE_000861,CUST_00269,regular,1,unknown_failure,12992.76,escalate,Case routed to manual review.,passed,0.5383983537721782,6995.280594957006,25.0,6970.280594957006
CASE_000862,CUST_00269,regular,1,unknown_failure,27847.83,escalate,Case routed to manual review.,passed,0.5274828785631441,14689.253530137084,25.0,14664.253530137084
CASE_000863,CUST_00269,regular,1,unknown_failure,26584.97,reminder,Action passed all guardrails.,passed,0.5420076588936282,14409.25735145734,5.0,14404.25735145734
CASE_000864,CUST_00269,regular,1,unknown_failure,19377.45,reminder,Action passed all guardrails.,passed,0.5239631805490845,10153.070332930858,5.0,10148.070332930858
CASE_000865,CUST_00269,regular,1,temporary_bank_failure,38248.55,retry,Action passed all guardrails.,passed,0.7474042569338435,28587.12909154696,2.0,28585.12909154696
CASE_000866,CUST_00270,high_value,1,unknown_failure,82722.7,reminder,High-value case permitted for controlled recovery.,passed,0.543410787756667,44952.40757235843,5.0,44947.40757235843
CASE_000867,CUST_00271,regular,1,limit_exceeded,56524.72,reminder,High-value case permitted for controlled recovery.,passed,0.517974423010373,29278.35922782289,5.0,29273.35922782289
CASE_000868,CUST_00272,new,0,limit_exceeded,16980.61,escalate,Case routed to manual review.,passed,0.3642699061502729,6185.525211074385,25.0,6160.525211074385
CASE_000869,CUST_00273,regular,1,temporary_bank_failure,74805.32,retry,High-value case permitted for controlled recovery.,passed,0.7564595659370974,56587.19989698568,2.0,56585.19989698568
CASE_000870,CUST_00273,regular,1,temporary_bank_failure,19855.28,retry,Action passed all guardrails.,passed,0.73203129809824,14534.686392504022,2.0,14532.686392504022
CASE_000871,CUST_00273,regular,1,unknown_failure,44657.18,reminder,Action passed all guardrails.,passed,0.5303255481036144,23682.843460261767,5.0,23677.843460261767
CASE_000872,CUST_00274,new,1,unknown_failure,9385.98,reminder,Action passed all guardrails.,passed,0.4609168657592746,4326.156483679236,5.0,4321.156483679236
CASE_000873,CUST_00274,new,1,unknown_failure,13271.69,reminder,Action passed all guardrails.,passed,0.4785562660760658,6351.250410919062,5.0,6346.250410919062
CASE_000874,CUST_00276,new,0,temporary_bank_failure,1762.86,retry,Action passed all guardrails.,passed,0.7395077638992419,1303.6486566674175,2.0,1301.6486566674175
CASE_000875,CUST_00277,regular,1,limit_exceeded,31629.79,reminder,Action passed all guardrails.,passed,0.4653116126864497,14717.708593833742,5.0,14712.708593833742
CASE_000876,CUST_00277,regular,1,unknown_failure,13872.0,reminder,Action passed all guardrails.,passed,0.5466831436114084,7583.588568177457,5.0,7578.588568177457
CASE_000877,CUST_00278,regular,1,expired_instrument,9708.28,reminder,Action passed all guardrails.,passed,0.564409560132047,5479.44604443875,5.0,5474.44604443875
CASE_000878,CUST_00279,new,0,timeout,1550.54,retry,Action passed all guardrails.,passed,0.7816140492505784,1211.9238479249918,2.0,1209.9238479249918
CASE_000879,CUST_00279,new,0,temporary_bank_failure,1049.41,retry,Action passed all guardrails.,passed,0.7495731605845211,786.6095704490023,2.0,784.6095704490023
CASE_000880,CUST_00279,new,0,unknown_failure,5283.14,escalate,Case routed to manual review.,passed,0.4201723503017309,2219.829350773087,25.0,2194.829350773087
CASE_000881,CUST_00280,high_value,1,unknown_failure,31689.26,reminder,Action passed all guardrails.,passed,0.5753678247084607,18232.980592820837,5.0,18227.980592820837
CASE_000882,CUST_00280,high_value,1,unknown_failure,16269.9,reminder,Action passed all guardrails.,passed,0.5401374015144351,8787.981508899707,5.0,8782.981508899707
CASE_000883,CUST_00282,regular,1,timeout,5850.65,retry,Action passed all guardrails.,passed,0.8235830687402775,4818.496281125304,2.0,4816.496281125304
CASE_000884,CUST_00283,regular,1,insufficient_funds,24702.23,reminder,Action passed all guardrails.,passed,0.5494537760108544,13572.733549388608,5.0,13567.733549388608
CASE_000885,CUST_00283,regular,1,timeout,1730.15,retry,Action passed all guardrails.,passed,0.7272705689829888,1258.2871749259182,2.0,1256.2871749259182
CASE_000886,CUST_00285,regular,0,unknown_failure,8933.23,escalate,Case routed to manual review.,passed,0.4840268714203378,4323.923368578305,25.0,4298.923368578305
CASE_000887,CUST_00285,regular,0,unknown_failure,35351.75,escalate,Case routed to manual review.,passed,0.5040488128118674,17819.007618321935,25.0,17794.007618321935
CASE_000888,CUST_00287,regular,1,unknown_failure,10968.45,reminder,Action passed all guardrails.,passed,0.5734488252579104,6289.844767400128,5.0,6284.844767400128
CASE_000889,CUST_00287,regular,1,unknown_failure,16537.45,reminder,Action passed all guardrails.,passed,0.57582913916796,9522.74559753318,5.0,9517.74559753318
CASE_000890,CUST_00288,high_value,1,insufficient_funds,14913.34,reminder,Action passed all guardrails.,passed,0.6205635609607654,9254.67537621862,5.0,9249.67537621862
CASE_000891,CUST_00289,regular,1,temporary_bank_failure,52543.83,retry,High-value case permitted for controlled recovery.,passed,0.8069879212626327,42402.23614687716,2.0,42400.23614687716
CASE_000892,CUST_00290,regular,1,unknown_failure,11287.06,reminder,Action passed all guardrails.,passed,0.5138245282792722,5799.568280159841,5.0,5794.568280159841
CASE_000893,CUST_00291,high_value,1,authentication_failed,35888.64,reminder,Action passed all guardrails.,passed,0.5595016635437808,20079.753782323874,5.0,20074.753782323874
CASE_000894,CUST_00293,regular,1,insufficient_funds,35878.95,reminder,Action passed all guardrails.,passed,0.5537970777812254,19869.657663858696,5.0,19864.657663858696
CASE_000895,CUST_00293,regular,1,unknown_failure,48022.03,reminder,Action passed all guardrails.,passed,0.4632592502204028,22246.64961186169,5.0,22241.64961186169
CASE_000896,CUST_00293,regular,1,unknown_failure,47867.75,reminder,Action passed all guardrails.,passed,0.4618489938101464,22107.67217345564,5.0,22102.67217345564
CASE_000897,CUST_00293,regular,1,unknown_failure,48305.2,reminder,Action passed all guardrails.,passed,0.4599649264673635,22218.697765991285,5.0,22213.697765991285
CASE_000898,CUST_00295,high_value,1,temporary_bank_failure,108647.65,retry,High-value case permitted for controlled recovery.,passed,0.8043759081400953,87393.55213603722,2.0,87391.55213603722
CASE_000899,CUST_00295,high_value,1,unknown_failure,19644.45,reminder,Action passed all guardrails.,passed,0.5882485978300546,11555.820167642616,5.0,11550.820167642616
CASE_000900,CUST_00296,regular,1,unknown_failure,41765.2,reminder,Action passed all guardrails.,passed,0.4966979910979691,20744.6909378049,5.0,20739.6909378049
CASE_000901,CUST_00297,regular,1,unknown_failure,13759.06,reminder,Action passed all guardrails.,passed,0.5403991003634887,7435.383645847262,5.0,7430.383645847262
CASE_000902,CUST_00297,regular,1,expired_instrument,45103.24,reminder,Action passed all guardrails.,passed,0.557001548466499,25122.57452085613,5.0,25117.57452085613
CASE_000903,CUST_00299,high_value,1,insufficient_funds,6942.49,reminder,Action passed all guardrails.,passed,0.6346666580460008,4406.166926817779,5.0,4401.166926817779
CASE_000904,CUST_00299,high_value,1,insufficient_funds,101305.32,reminder,High-value case permitted for controlled recovery.,passed,0.6719681610680629,68073.94958681166,5.0,68068.94958681166
CASE_000905,CUST_00300,regular,1,unknown_failure,41567.52,reminder,Action passed all guardrails.,passed,0.4865128909260639,20223.13432382698,5.0,20218.13432382698
CASE_000906,CUST_00301,regular,1,insufficient_funds,23615.79,reminder,Action passed all guardrails.,passed,0.5880806193588268,13887.988409847989,5.0,13882.988409847989
CASE_000907,CUST_00301,regular,1,insufficient_funds,6136.4,reminder,Action passed all guardrails.,passed,0.6277312730876599,3852.010184175116,5.0,3847.010184175116
CASE_000908,CUST_00302,high_value,1,unknown_failure,76059.44,reminder,High-value case permitted for controlled recovery.,passed,0.5279903805311931,40158.65266858945,5.0,40153.65266858945
CASE_000909,CUST_00303,regular,1,unknown_failure,46584.28,escalate,Case routed to manual review.,passed,0.5141580024222943,23951.680349080834,25.0,23926.680349080834
CASE_000910,CUST_00303,regular,1,unknown_failure,42532.88,escalate,Case routed to manual review.,passed,0.5146766469028403,21890.68006152088,25.0,21865.68006152088
CASE_000911,CUST_00303,regular,1,unknown_failure,30857.53,escalate,Case routed to manual review.,passed,0.5199985165686474,16045.869824972531,25.0,16020.869824972531
CASE_000912,CUST_00305,regular,1,insufficient_funds,10187.66,reminder,Action passed all guardrails.,passed,0.6046143481432155,6159.60541000471,5.0,6154.60541000471
CASE_000913,CUST_00305,regular,1,blocked_instrument,10976.41,escalate,Case routed to manual review.,passed,0.5342479585045039,5864.124634208421,25.0,5839.124634208421
CASE_000914,CUST_00305,regular,1,temporary_bank_failure,7266.94,retry,Action passed all guardrails.,passed,0.8053453027308466,5852.395994226898,2.0,5850.395994226898
CASE_000915,CUST_00306,regular,1,unknown_failure,35003.58,reminder,Action passed all guardrails.,passed,0.5182132336113081,18139.318379772118,5.0,18134.318379772118
CASE_000916,CUST_00308,new,0,expired_instrument,15402.87,escalate,Case routed to manual review.,passed,0.4220119338129783,6500.19495496991,25.0,6475.19495496991
CASE_000917,CUST_00308,new,0,timeout,19318.26,retry,Action passed all guardrails.,passed,0.6206453923079037,11989.789056406084,2.0,11987.789056406084
CASE_000918,CUST_00308,new,0,unknown_failure,546.83,escalate,Case routed to manual review.,passed,0.4550914222590331,248.85764243390716,25.0,223.85764243390716
CASE_000919,CUST_00308,new,0,risk_decline,4618.78,escalate,Case routed to manual review.,passed,0.1502552650169121,693.9960129548133,25.0,668.9960129548133
CASE_000920,CUST_00309,new,1,unknown_failure,4953.85,reminder,Action passed all guardrails.,passed,0.4185405210194181,2073.3869600520447,5.0,2068.3869600520447
CASE_000921,CUST_00309,new,1,limit_exceeded,18655.55,reminder,Action passed all guardrails.,passed,0.4726598300153106,8817.729091842128,5.0,8812.729091842128
CASE_000922,CUST_00310,high_value,1,insufficient_funds,142033.36,reminder,High-value case permitted for controlled recovery.,passed,0.6762771933565962,96053.92206380704,5.0,96048.92206380704
CASE_000923,CUST_00312,regular,1,authentication_failed,20874.07,reminder,Action passed all guardrails.,passed,0.5820286551817971,12149.306890270696,5.0,12144.306890270696
CASE_000924,CUST_00312,regular,1,unknown_failure,6423.78,reminder,Action passed all guardrails.,passed,0.5388411459312182,3461.396976410041,5.0,3456.396976410041
CASE_000925,CUST_00313,regular,1,insufficient_funds,5375.61,reminder,Action passed all guardrails.,passed,0.6582720885886423,3538.614022137991,5.0,3533.614022137991
CASE_000926,CUST_00313,regular,1,unknown_failure,19944.23,reminder,Action passed all guardrails.,passed,0.6005769642561505,11978.045107826443,5.0,11973.045107826443
CASE_000927,CUST_00313,regular,1,unknown_failure,5027.87,reminder,Action passed all guardrails.,passed,0.5834995878146734,2933.760072585762,5.0,2928.760072585762
CASE_000928,CUST_00314,regular,1,authentication_failed,15194.89,reminder,Action passed all guardrails.,passed,0.5434830632093133,8258.165362328562,5.0,8253.165362328562
CASE_000929,CUST_00315,high_value,1,authentication_failed,82603.03,reminder,High-value case permitted for controlled recovery.,passed,0.5187464420940121,42850.027918684944,5.0,42845.027918684944
CASE_000930,CUST_00316,regular,0,unknown_failure,42189.16,escalate,Case routed to manual review.,passed,0.5448670053678857,22987.48126818659,25.0,22962.48126818659
CASE_000931,CUST_00316,regular,0,unknown_failure,1358.5,escalate,Case routed to manual review.,passed,0.3668179011426551,498.322118702297,25.0,473.322118702297
CASE_000932,CUST_00319,regular,1,unknown_failure,42335.02,escalate,Case routed to manual review.,passed,0.5346590149995365,22634.80009318568,25.0,22609.80009318568
CASE_000933,CUST_00319,regular,1,unknown_failure,2746.32,reminder,Action passed all guardrails.,passed,0.4676582457124741,1284.339193365082,5.0,1279.339193365082
CASE_000934,CUST_00319,regular,1,authentication_failed,6360.06,reminder,Action passed all guardrails.,passed,0.5462352018284524,3474.0886577410674,5.0,3469.0886577410674
CASE_000935,CUST_00320,new,1,unknown_failure,6225.12,reminder,Action passed all guardrails.,passed,0.5274304208520165,3283.317661454305,5.0,3278.317661454305
CASE_000936,CUST_00321,regular,1,temporary_bank_failure,1307.61,retry,Action passed all guardrails.,passed,0.8283104973063853,1083.1070893828023,2.0,1081.1070893828023
CASE_000937,CUST_00321,regular,1,unknown_failure,16301.54,reminder,Action passed all guardrails.,passed,0.5341805477306831,8707.965566053641,5.0,8702.965566053641
CASE_000938,CUST_00322,regular,1,unknown_failure,28295.45,reminder,Action passed all guardrails.,passed,0.4932398098116667,13956.442376535526,5.0,13951.442376535526
CASE_000939,CUST_00324,regular,1,unknown_failure,40016.28,reminder,Action passed all guardrails.,passed,0.5057966710058596,20240.10121003836,5.0,20235.10121003836
CASE_000940,CUST_00325,regular,1,insufficient_funds,5415.31,reminder,Action passed all guardrails.,passed,0.5894511644444801,3192.060785327837,5.0,3187.060785327837
CASE_000941,CUST_00325,regular,1,unknown_failure,50904.35,escalate,Case routed to manual review.,passed,0.5136876839428914,26148.937654118326,25.0,26123.937654118326
CASE_000942,CUST_00326,new,1,insufficient_funds,12147.72,reminder,Action passed all guardrails.,passed,0.6349086450699554,7712.692445889198,5.0,7707.692445889198
CASE_000943,CUST_00327,regular,1,unknown_failure,32311.02,reminder,Action passed all guardrails.,passed,0.5814975978680353,18788.780514666047,5.0,18783.780514666047
CASE_000944,CUST_00327,regular,1,unknown_failure,12947.6,reminder,Action passed all guardrails.,passed,0.5752801876553042,7448.497757685816,5.0,7443.497757685816
CASE_000945,CUST_00328,regular,1,temporary_bank_failure,10809.33,retry,Action passed all guardrails.,passed,0.8050655080947665,8702.218748614003,2.0,8700.218748614003
CASE_000946,CUST_00328,regular,1,authentication_failed,2785.35,reminder,Action passed all guardrails.,passed,0.4784747768421888,1332.719719677391,5.0,1327.719719677391
CASE_000947,CUST_00330,regular,1,unknown_failure,44493.66,reminder,Action passed all guardrails.,passed,0.5644220102850533,25113.201022139667,5.0,25108.201022139667
CASE_000948,CUST_00332,regular,1,unknown_failure,10251.46,reminder,Action passed all guardrails.,passed,0.5329840233643725,5463.864396158929,5.0,5458.864396158929
CASE_000949,CUST_00333,new,1,timeout,15932.1,retry,Action passed all guardrails.,passed,0.6326695623039097,10079.75473358212,2.0,10077.75473358212
CASE_000950,CUST_00333,new,1,insufficient_funds,2979.73,reminder,Action passed all guardrails.,passed,0.5559286069290164,1656.517147924598,5.0,1651.517147924598
CASE_000951,CUST_00334,regular,1,temporary_bank_failure,44423.71,retry,Action passed all guardrails.,passed,0.7570812916332238,33632.35974593976,2.0,33630.35974593976
CASE_000952,CUST_00336,regular,1,expired_instrument,7442.37,reminder,Action passed all guardrails.,passed,0.5932492280281454,4415.180257199829,5.0,4410.180257199829
CASE_000953,CUST_00337,new,1,timeout,2706.9,retry,Action passed all guardrails.,passed,0.7250619723695046,1962.670253007012,2.0,1960.670253007012
CASE_000954,CUST_00338,regular,1,timeout,6180.71,retry,Action passed all guardrails.,passed,0.7840927393640533,4846.249835114798,2.0,4844.249835114798
CASE_000955,CUST_00338,regular,1,unknown_failure,5601.28,reminder,Action passed all guardrails.,passed,0.5399578163617202,3024.4549176305763,5.0,3019.4549176305763
CASE_000956,CUST_00339,high_value,1,timeout,109409.25,escalate,Case routed to manual review.,passed,0.7295621381232974,79820.84636046637,25.0,79795.84636046637
CASE_000957,CUST_00340,regular,1,temporary_bank_failure,46460.13,retry,Action passed all guardrails.,passed,0.8333059316494718,38715.50191420557,2.0,38713.50191420557
CASE_000958,CUST_00341,regular,1,insufficient_funds,60707.05,reminder,High-value case permitted for controlled recovery.,passed,0.5975515109356979,36275.58945194896,5.0,36270.58945194896
CASE_000959,CUST_00344,regular,1,timeout,27384.61,retry,Action passed all guardrails.,passed,0.7538824366777508,20644.776514269903,2.0,20642.776514269903
CASE_000960,CUST_00344,regular,1,unknown_failure,19967.23,reminder,Action passed all guardrails.,passed,0.5135692104861892,10254.554546696152,5.0,10249.554546696152
CASE_000961,CUST_00345,regular,1,insufficient_funds,6515.63,reminder,Action passed all guardrails.,passed,0.5898621272532083,3843.323372194822,5.0,3838.323372194822
CASE_000962,CUST_00350,new,1,insufficient_funds,24312.48,reminder,Action passed all guardrails.,passed,0.5527290390605711,13438.213707579354,5.0,13433.213707579354
CASE_000963,CUST_00354,regular,1,limit_exceeded,12012.05,reminder,Action passed all guardrails.,passed,0.4820128152991754,5789.96203801446,5.0,5784.96203801446
CASE_000964,CUST_00354,regular,1,authentication_failed,54661.48,reminder,High-value case permitted for controlled recovery.,passed,0.550354275636345,30083.17923061056,5.0,30078.17923061056
CASE_000965,CUST_00356,regular,1,limit_exceeded,70062.12,reminder,High-value case permitted for controlled recovery.,passed,0.5291399956340823,37072.66987091455,5.0,37067.66987091455
CASE_000966,CUST_00356,regular,1,unknown_failure,42995.9,escalate,Case routed to manual review.,passed,0.5371173925577083,23093.84569867197,25.0,23068.84569867197
CASE_000967,CUST_00356,regular,1,unknown_failure,37634.92,reminder,Action passed all guardrails.,passed,0.5342581016543233,20106.760915112325,5.0,20101.760915112325
CASE_000968,CUST_00356,regular,1,timeout,15264.77,retry,Action passed all guardrails.,passed,0.7209431565052762,11005.031467127044,2.0,11003.031467127044
CASE_000969,CUST_00357,regular,1,temporary_bank_failure,14993.54,retry,Action passed all guardrails.,passed,0.7930734562969619,11890.978589926752,2.0,11888.978589926752
CASE_000970,CUST_00358,high_value,0,expired_instrument,27522.77,escalate,Case routed to manual review.,passed,0.474462212401061,13058.514345605552,25.0,13033.514345605552
CASE_000971,CUST_00359,new,1,insufficient_funds,3171.34,reminder,Action passed all guardrails.,passed,0.5399785315475758,1712.455516238089,5.0,1707.455516238089
CASE_000972,CUST_00360,regular,1,unknown_failure,26380.79,escalate,Case routed to manual review.,passed,0.5178729230899818,13661.89683072296,25.0,13636.89683072296
CASE_000973,CUST_00360,regular,1,unknown_failure,1960.09,reminder,Action passed all guardrails.,passed,0.4274997736729187,837.9380313785512,5.0,832.9380313785512
CASE_000974,CUST_00361,new,1,temporary_bank_failure,15095.14,retry,Action passed all guardrails.,passed,0.7846702714777255,11844.707601794273,2.0,11842.707601794273
CASE_000975,CUST_00363,new,1,temporary_bank_failure,7462.05,escalate,Case routed to manual review.,passed,0.7327943501037365,5468.148080191587,25.0,5443.148080191587
CASE_000976,CUST_00364,high_value,1,expired_instrument,57341.64,reminder,High-value case permitted for controlled recovery.,passed,0.5502822534553699,31554.086876026573,5.0,31549.086876026573
CASE_000977,CUST_00365,regular,1,unknown_failure,45215.52,escalate,Case routed to manual review.,passed,0.494852992918367,22375.03539836028,25.0,22350.03539836028
CASE_000978,CUST_00366,regular,0,insufficient_funds,70798.73,escalate,Case routed to manual review.,passed,0.5159562365525462,36529.04628349985,25.0,36504.04628349985
CASE_000979,CUST_00366,regular,0,timeout,34905.8,retry,Action passed all guardrails.,passed,0.6726064257957305,23477.865377540613,2.0,23475.865377540613
CASE_000980,CUST_00366,regular,0,unknown_failure,23818.41,escalate,Case routed to manual review.,passed,0.5172153356264902,12319.246922239352,25.0,12294.246922239352
CASE_000981,CUST_00367,regular,1,unknown_failure,28491.49,reminder,Action passed all guardrails.,passed,0.5007113193675389,14266.01154864704,5.0,14261.01154864704
CASE_000982,CUST_00368,new,1,insufficient_funds,7085.33,reminder,Action passed all guardrails.,passed,0.5601898577775956,3969.130005007331,5.0,3964.130005007331
CASE_000983,CUST_00368,new,1,unknown_failure,3683.6,reminder,Action passed all guardrails.,passed,0.4003693736616651,1474.8006248201098,5.0,1469.8006248201098
CASE_000984,CUST_00368,new,1,unknown_failure,8016.63,reminder,Action passed all guardrails.,passed,0.4812747971184762,3858.2019768238906,5.0,3853.2019768238906
CASE_000985,CUST_00368,new,1,timeout,14955.77,retry,Action passed all guardrails.,passed,0.5801427341954647,8676.481299798505,2.0,8674.481299798505
CASE_000986,CUST_00369,regular,1,temporary_bank_failure,70387.52,retry,High-value case permitted for controlled recovery.,passed,0.7421613635591984,52238.89782075035,2.0,52236.89782075035
CASE_000987,CUST_00370,new,1,unknown_failure,7286.1,reminder,Action passed all guardrails.,passed,0.4699635795083485,3424.2016366557787,5.0,3419.2016366557787
CASE_000988,CUST_00370,new,1,insufficient_funds,6270.38,reminder,Action passed all guardrails.,passed,0.5905865208287443,3703.201908474142,5.0,3698.201908474142
CASE_000989,CUST_00371,regular,0,risk_decline,41969.74,escalate,Case routed to manual review.,passed,0.2213155741375766,9288.557104504816,25.0,9263.557104504816
CASE_000990,CUST_00372,regular,1,expired_instrument,7727.93,reminder,Action passed all guardrails.,passed,0.5449956997145633,4211.688617695166,5.0,4206.688617695166
CASE_000991,CUST_00374,regular,1,temporary_bank_failure,12628.35,retry,Action passed all guardrails.,passed,0.8527073673109555,10768.287081981303,2.0,10766.287081981303
CASE_000992,CUST_00374,regular,1,temporary_bank_failure,20625.64,retry,Action passed all guardrails.,passed,0.85011275426762,17534.119628932393,2.0,17532.119628932393
CASE_000993,CUST_00376,regular,0,insufficient_funds,59059.09,escalate,Case routed to manual review.,passed,0.5154744400315546,30443.451346523187,25.0,30418.451346523187
CASE_000994,CUST_00376,regular,0,unknown_failure,9978.9,escalate,Case routed to manual review.,passed,0.4985721844863985,4975.201971771323,25.0,4950.201971771323
CASE_000995,CUST_00376,regular,0,unknown_failure,43361.55,escalate,Case routed to manual review.,passed,0.5098070133456701,22106.022299538945,25.0,22081.022299538945
CASE_000996,CUST_00376,regular,0,unknown_failure,26892.54,escalate,Case routed to manual review.,passed,0.5211850125681798,14015.98879789028,25.0,13990.98879789028
CASE_000997,CUST_00379,regular,1,temporary_bank_failure,10237.37,retry,Action passed all guardrails.,passed,0.753494970555374,7713.806806714469,2.0,7711.806806714469
CASE_000998,CUST_00380,regular,1,authentication_failed,63328.5,reminder,High-value case permitted for controlled recovery.,passed,0.5429838448634666,34386.35241943604,5.0,34381.35241943604
CASE_000999,CUST_00382,regular,1,unknown_failure,42204.76,reminder,Action passed all guardrails.,passed,0.5537065456894543,23369.051871252454,5.0,23364.051871252454
CASE_001000,CUST_00383,new,0,insufficient_funds,2866.46,escalate,Case routed to manual review.,passed,0.4428331431344582,1269.3634914691993,25.0,1244.3634914691993
CASE_001001,CUST_00383,new,0,timeout,17797.75,retry,Action passed all guardrails.,passed,0.703070818399528,12513.0786581702,2.0,12511.0786581702
CASE_001002,CUST_00383,new,0,unknown_failure,10401.89,escalate,Case routed to manual review.,passed,0.445294004087001,4631.899248172535,25.0,4606.899248172535
CASE_001003,CUST_00384,regular,1,unknown_failure,13210.82,reminder,Action passed all guardrails.,passed,0.5558050955846457,7342.641072851549,5.0,7337.641072851549
CASE_001004,CUST_00384,regular,1,insufficient_funds,40643.14,reminder,Action passed all guardrails.,passed,0.6037043163909451,24536.43904968148,5.0,24531.43904968148
CASE_001005,CUST_00384,regular,1,unknown_failure,16433.76,reminder,Action passed all guardrails.,passed,0.542835492484054,8920.828202964747,5.0,8915.828202964747
CASE_001006,CUST_00385,new,1,unknown_failure,4097.05,reminder,Action passed all guardrails.,passed,0.4579499446603351,1876.243820770626,5.0,1871.243820770626
CASE_001007,CUST_00386,regular,1,unknown_failure,8918.55,reminder,Action passed all guardrails.,passed,0.5562640739147323,4961.068956412236,5.0,4956.068956412236
CASE_001008,CUST_00387,regular,1,timeout,14464.23,escalate,Case routed to manual review.,passed,0.6753147530037827,9767.907909839903,25.0,9742.907909839903
CASE_001009,CUST_00387,regular,1,risk_decline,39613.62,reminder,Action passed all guardrails.,passed,0.2350281939631718,9310.317564943382,5.0,9305.317564943382
CASE_001010,CUST_00389,regular,1,insufficient_funds,2859.96,reminder,Action passed all guardrails.,passed,0.5197936597390082,1486.5890751071738,5.0,1481.5890751071738
CASE_001011,CUST_00389,regular,1,unknown_failure,34075.23,reminder,Action passed all guardrails.,passed,0.5334914135779262,18178.84262069296,5.0,18173.84262069296
CASE_001012,CUST_00390,high_value,1,timeout,59215.72,escalate,Case routed to manual review.,passed,0.6415123722132198,37987.6170095138,25.0,37962.6170095138
CASE_001013,CUST_00392,regular,1,unknown_failure,30530.66,reminder,Action passed all guardrails.,passed,0.4901741494701565,14965.340298262528,5.0,14960.340298262528
CASE_001014,CUST_00392,regular,1,unknown_failure,14186.38,reminder,Action passed all guardrails.,passed,0.5440514613436002,7718.120770175622,5.0,7713.120770175622
CASE_001015,CUST_00395,regular,1,blocked_instrument,42546.28,reminder,Action passed all guardrails.,passed,0.4782591004281356,20348.14559936357,5.0,20343.14559936357
CASE_001016,CUST_00395,regular,1,insufficient_funds,14551.2,reminder,Action passed all guardrails.,passed,0.5701646117356337,8296.579298287554,5.0,8291.579298287554
CASE_001017,CUST_00396,regular,1,insufficient_funds,34249.51,reminder,Action passed all guardrails.,passed,0.6121721599845237,20966.596515111545,5.0,20961.596515111545
CASE_001018,CUST_00396,regular,1,unknown_failure,37112.87,reminder,Action passed all guardrails.,passed,0.5219039560676043,19369.35367402271,5.0,19364.35367402271
CASE_001019,CUST_00396,regular,1,unknown_failure,29480.71,reminder,Action passed all guardrails.,passed,0.5508585452780224,16239.701024363249,5.0,16234.701024363249
CASE_001020,CUST_00397,regular,0,unknown_failure,15137.56,escalate,Case routed to manual review.,passed,0.4667303269183926,7065.158327546784,25.0,7040.158327546784
CASE_001021,CUST_00397,regular,0,unknown_failure,3436.25,retry,Action passed all guardrails.,passed,0.3560993341203824,1223.6463368711643,2.0,1221.6463368711643
CASE_001022,CUST_00398,high_value,1,expired_instrument,70970.16,reminder,High-value case permitted for controlled recovery.,passed,0.6030645903944326,42799.59047062735,5.0,42794.59047062735
CASE_001023,CUST_00398,high_value,1,risk_decline,8536.82,reminder,Action passed all guardrails.,passed,0.352639610648551,3010.420880976764,5.0,3005.420880976764
CASE_001024,CUST_00398,high_value,1,unknown_failure,19195.71,reminder,Action passed all guardrails.,passed,0.5502532308546347,10562.50144604862,5.0,10557.50144604862
CASE_001025,CUST_00401,regular,1,temporary_bank_failure,2209.39,retry,Action passed all guardrails.,passed,0.7485202901888319,1653.7732439403032,2.0,1651.7732439403032
CASE_001026,CUST_00401,regular,1,temporary_bank_failure,9765.36,retry,Action passed all guardrails.,passed,0.8090366874113623,7900.534505779421,2.0,7898.534505779421
CASE_001027,CUST_00402,regular,0,unknown_failure,49115.14,escalate,Case routed to manual review.,passed,0.4312246835649116,21179.660704746333,25.0,21154.660704746333
CASE_001028,CUST_00402,regular,0,unknown_failure,31075.53,escalate,Case routed to manual review.,passed,0.4530452984413383,14078.62276307276,25.0,14053.62276307276
CASE_001029,CUST_00403,regular,1,unknown_failure,15358.73,escalate,Case routed to manual review.,passed,0.5104471749477046,7839.82033928456,25.0,7814.82033928456
CASE_001030,CUST_00403,regular,1,temporary_bank_failure,5695.93,retry,Action passed all guardrails.,passed,0.7880228809686532,4488.523168395781,2.0,4486.523168395781
CASE_001031,CUST_00404,regular,1,expired_instrument,34146.41,reminder,Action passed all guardrails.,passed,0.5411540919952762,18478.46949844842,5.0,18473.46949844842
CASE_001032,CUST_00405,new,1,blocked_instrument,4190.61,escalate,Case routed to manual review.,passed,0.3373196641223157,1413.5751576676175,25.0,1388.5751576676175
CASE_001033,CUST_00405,new,1,unknown_failure,16550.57,reminder,Action passed all guardrails.,passed,0.6072998796237026,10051.159168703663,5.0,10046.159168703663
CASE_001034,CUST_00405,new,1,unknown_failure,17332.29,reminder,Action passed all guardrails.,passed,0.6240727299908234,10816.60953729265,5.0,10811.60953729265
CASE_001035,CUST_00405,new,1,timeout,1407.99,retry,Action passed all guardrails.,passed,0.661705820309559,931.675177937656,2.0,929.675177937656
CASE_001036,CUST_00405,new,1,unknown_failure,19451.1,reminder,Action passed all guardrails.,passed,0.6242437489246481,12142.227584708222,5.0,12137.227584708222
CASE_001037,CUST_00405,new,1,insufficient_funds,13156.21,reminder,Action passed all guardrails.,passed,0.639977677473858,8419.680720158345,5.0,8414.680720158345
CASE_001038,CUST_00405,new,1,blocked_instrument,17011.08,reminder,Action passed all guardrails.,passed,0.4066169824158977,6916.99401723543,5.0,6911.99401723543
CASE_001039,CUST_00406,regular,1,unknown_failure,29563.29,reminder,Action passed all guardrails.,passed,0.4963600511190086,14674.036135646078,5.0,14669.036135646078
CASE_001040,CUST_00407,regular,1,insufficient_funds,21869.21,reminder,Action passed all guardrails.,passed,0.6153389189703676,13456.976040135953,5.0,13451.976040135953
CASE_001041,CUST_00408,regular,1,unknown_failure,35254.34,reminder,Action passed all guardrails.,passed,0.501822819485124,17691.432297887182,5.0,17686.432297887182
CASE_001042,CUST_00410,regular,1,unknown_failure,8146.07,reminder,Action passed all guardrails.,passed,0.5116420085134852,4167.871616291446,5.0,4162.871616291446
CASE_001043,CUST_00410,regular,1,temporary_bank_failure,18584.35,retry,Action passed all guardrails.,passed,0.7294495708512525,13556.346132049472,2.0,13554.346132049472
CASE_001044,CUST_00410,regular,1,risk_decline,35894.12,reminder,Action passed all guardrails.,passed,0.2198820724544665,7892.473494529316,5.0,7887.473494529316
CASE_001045,CUST_00411,regular,1,insufficient_funds,30434.99,reminder,Action passed all guardrails.,passed,0.6128847001912254,18653.139721472944,5.0,18648.139721472944
CASE_001046,CUST_00411,regular,1,unknown_failure,32063.42,reminder,Action passed all guardrails.,passed,0.5770395918870894,18501.86279130434,5.0,18496.86279130434
CASE_001047,CUST_00412,high_value,0,unknown_failure,66680.99,escalate,Case routed to manual review.,passed,0.5251974497771047,35020.685896612624,25.0,34995.685896612624
CASE_001048,CUST_00412,high_value,0,temporary_bank_failure,90575.49,retry,High-value case permitted for controlled recovery.,passed,0.8381899016567602,75919.46105561288,2.0,75917.46105561288
CASE_001049,CUST_00412,high_value,0,unknown_failure,17138.5,escalate,Case routed to manual review.,passed,0.4098234287209079,7023.75883313328,25.0,6998.75883313328
CASE_001050,CUST_00413,regular,1,unknown_failure,14690.59,reminder,Action passed all guardrails.,passed,0.5441287246239923,7993.572000673976,5.0,7988.572000673976
CASE_001051,CUST_00414,regular,1,unknown_failure,54964.32,reminder,High-value case permitted for controlled recovery.,passed,0.5286566866095997,29057.255292949754,5.0,29052.255292949754
CASE_001052,CUST_00415,new,1,unknown_failure,507.34,reminder,Action passed all guardrails.,passed,0.3215423151367554,163.1312781614815,5.0,158.1312781614815
CASE_001053,CUST_00415,new,1,expired_instrument,4178.9,reminder,Action passed all guardrails.,passed,0.494730870298914,2067.4308338921314,5.0,2062.4308338921314
CASE_001054,CUST_00415,new,1,temporary_bank_failure,8278.62,retry,Action passed all guardrails.,passed,0.7008020462093479,5801.673835789633,2.0,5799.673835789633
CASE_001055,CUST_00416,regular,1,unknown_failure,8935.49,reminder,Action passed all guardrails.,passed,0.5648711830200785,5047.400807164082,5.0,5042.400807164082
CASE_001056,CUST_00416,regular,1,unknown_failure,9829.46,reminder,Action passed all guardrails.,passed,0.5604818488563185,5509.233914059228,5.0,5504.233914059228
CASE_001057,CUST_00417,regular,1,temporary_bank_failure,25418.67,retry,Action passed all guardrails.,passed,0.8359357568993987,21248.37514582604,2.0,21246.37514582604
CASE_001058,CUST_00419,regular,1,risk_decline,3863.6,reminder,Action passed all guardrails.,passed,0.2776862769402444,1072.868699586328,5.0,1067.868699586328
CASE_001059,CUST_00420,regular,0,timeout,40512.33,retry,Action passed all guardrails.,passed,0.7180676032945006,29090.591706975894,2.0,29088.591706975894
CASE_001060,CUST_00421,regular,1,authentication_failed,21102.97,reminder,Action passed all guardrails.,passed,0.6110729153080189,12895.453399557664,5.0,12890.453399557664
CASE_001061,CUST_00422,regular,1,authentication_failed,12879.82,reminder,Action passed all guardrails.,passed,0.5839674578338812,7521.395742757979,5.0,7516.395742757979
CASE_001062,CUST_00423,regular,1,insufficient_funds,57809.79,reminder,High-value case permitted for controlled recovery.,passed,0.5806876521695674,33569.431227515735,5.0,33564.431227515735
CASE_001063,CUST_00424,high_value,1,unknown_failure,90518.21,reminder,High-value case permitted for controlled recovery.,passed,0.5365940646469486,48571.53422846607,5.0,48566.53422846607
CASE_001064,CUST_00424,high_value,1,temporary_bank_failure,43047.05,retry,Action passed all guardrails.,passed,0.8573129172558057,36904.79201475653,2.0,36902.79201475653
CASE_001065,CUST_00425,regular,1,timeout,28682.29,retry,Action passed all guardrails.,passed,0.7260713785670316,20825.389840759388,2.0,20823.389840759388
CASE_001066,CUST_00426,new,1,timeout,3520.66,retry,Action passed all guardrails.,passed,0.7683618947729407,2705.1409884513014,2.0,2703.1409884513014
CASE_001067,CUST_00427,regular,1,timeout,6250.82,retry,Action passed all guardrails.,passed,0.793833682215402,4962.111457465679,2.0,4960.111457465679
CASE_001068,CUST_00427,regular,1,unknown_failure,34836.44,reminder,Action passed all guardrails.,passed,0.5007542746310185,17444.496242926998,5.0,17439.496242926998
CASE_001069,CUST_00428,high_value,1,unknown_failure,12361.91,reminder,Action passed all guardrails.,passed,0.5362472415511671,6629.040137803788,5.0,6624.040137803788
CASE_001070,CUST_00429,regular,1,risk_decline,60795.45,reminder,High-value case permitted for controlled recovery.,passed,0.2491177481829525,15145.225603769282,5.0,15140.225603769282
CASE_001071,CUST_00430,regular,1,unknown_failure,2431.77,reminder,Action passed all guardrails.,passed,0.4628300952026359,1125.496340610914,5.0,1120.496340610914
CASE_001072,CUST_00431,regular,1,authentication_failed,18819.79,reminder,Action passed all guardrails.,passed,0.5668368024629736,10667.749586624646,5.0,10662.749586624646
CASE_001073,CUST_00431,regular,1,unknown_failure,44520.93,escalate,Case routed to manual review.,passed,0.5385417977461983,23976.38167953265,25.0,23951.38167953265
CASE_001074,CUST_00432,new,1,temporary_bank_failure,12286.26,retry,Action passed all guardrails.,passed,0.7687468175540039,9445.023274641057,2.0,9443.023274641057
CASE_001075,CUST_00433,new,1,timeout,6663.46,retry,Action passed all guardrails.,passed,0.6368641297144063,4243.718653786758,2.0,4241.718653786758
CASE_001076,CUST_00433,new,1,insufficient_funds,6503.59,escalate,Case routed to manual review.,passed,0.5417721987156138,3523.464253844879,25.0,3498.464253844879
CASE_001077,CUST_00434,regular,0,temporary_bank_failure,17275.15,retry,Action passed all guardrails.,passed,0.7750538561009023,13389.171622221504,2.0,13387.171622221504
CASE_001078,CUST_00434,regular,0,unknown_failure,19179.76,escalate,Case routed to manual review.,passed,0.5362145680941574,10284.466724549597,25.0,10259.466724549597
CASE_001079,CUST_00435,regular,1,limit_exceeded,27516.74,reminder,Action passed all guardrails.,passed,0.4639961927603727,12767.66259717706,5.0,12762.66259717706
CASE_001080,CUST_00436,regular,1,timeout,37610.75,escalate,Case routed to manual review.,passed,0.623212266682775,23439.48075913918,25.0,23414.48075913918
CASE_001081,CUST_00436,regular,1,unknown_failure,31124.18,escalate,Case routed to manual review.,passed,0.5086397276707039,15830.994439173968,25.0,15805.994439173968
CASE_001082,CUST_00436,regular,1,insufficient_funds,7875.48,reminder,Action passed all guardrails.,passed,0.616683542226581,4856.678903134593,5.0,4851.678903134593
CASE_001083,CUST_00437,regular,1,unknown_failure,21521.55,reminder,Action passed all guardrails.,passed,0.5564198673077986,11975.017995258151,5.0,11970.017995258151
CASE_001084,CUST_00440,new,1,unknown_failure,6968.29,reminder,Action passed all guardrails.,passed,0.4639075522754499,3232.6423574454952,5.0,3227.6423574454952
CASE_001085,CUST_00440,new,1,authentication_failed,9517.34,escalate,Case routed to manual review.,passed,0.5111083034072965,4864.3915003504,25.0,4839.3915003504
CASE_001086,CUST_00441,regular,0,timeout,65204.62,retry,High-value case permitted for controlled recovery.,passed,0.7112347146321131,46375.78929839537,2.0,46373.78929839537
CASE_001087,CUST_00442,regular,1,unknown_failure,52958.15,escalate,Case routed to manual review.,passed,0.477286016513247,25276.18445541101,25.0,25251.18445541101
CASE_001088,CUST_00443,new,1,unknown_failure,8976.51,reminder,Action passed all guardrails.,passed,0.4616426702344926,4143.940045786626,5.0,4138.940045786626
CASE_001089,CUST_00443,new,1,insufficient_funds,10257.94,reminder,Action passed all guardrails.,passed,0.5865318108091901,6016.608123372024,5.0,6011.608123372024
CASE_001090,CUST_00443,new,1,insufficient_funds,7250.85,reminder,Action passed all guardrails.,passed,0.5804339444024528,4208.639465770525,5.0,4203.639465770525
CASE_001091,CUST_00443,new,1,unknown_failure,13421.87,reminder,Action passed all guardrails.,passed,0.4729480823506925,6347.84767806029,5.0,6342.84767806029
CASE_001092,CUST_00443,new,1,timeout,5403.9,retry,Action passed all guardrails.,passed,0.6631701243857454,3583.705035168129,2.0,3581.705035168129
CASE_001093,CUST_00444,regular,1,temporary_bank_failure,6544.46,retry,Action passed all guardrails.,passed,0.8494491969878447,5559.18629171907,2.0,5557.18629171907
CASE_001094,CUST_00445,new,1,risk_decline,2799.95,reminder,Action passed all guardrails.,passed,0.2337622438549968,654.5225946817983,5.0,649.5225946817983
CASE_001095,CUST_00445,new,1,timeout,4170.91,retry,Action passed all guardrails.,passed,0.6996017837332583,2917.9760757908844,2.0,2915.9760757908844
CASE_001096,CUST_00445,new,1,insufficient_funds,12971.1,reminder,Action passed all guardrails.,passed,0.5602341765922125,7266.853527995248,5.0,7261.853527995248
CASE_001097,CUST_00446,regular,1,unknown_failure,7208.75,reminder,Action passed all guardrails.,passed,0.51859183883982,3738.398918236552,5.0,3733.398918236552
CASE_001098,CUST_00446,regular,1,unknown_failure,3005.51,reminder,Action passed all guardrails.,passed,0.5253671140802992,1578.9961150394802,5.0,1573.9961150394802
CASE_001099,CUST_00446,regular,1,unknown_failure,26379.82,reminder,Action passed all guardrails.,passed,0.526377963916149,13885.755940074505,5.0,13880.755940074505
CASE_001100,CUST_00447,regular,1,unknown_failure,29125.89,escalate,Case routed to manual review.,passed,0.509709545497546,14845.74415411152,25.0,14820.74415411152
CASE_001101,CUST_00447,regular,1,authentication_failed,14877.85,reminder,Action passed all guardrails.,passed,0.5462282474521268,8126.701931355626,5.0,8121.701931355626
CASE_001102,CUST_00449,new,1,temporary_bank_failure,9757.86,retry,Action passed all guardrails.,passed,0.757458852423632,7391.177437710462,2.0,7389.177437710462
CASE_001103,CUST_00449,new,1,unknown_failure,9216.95,reminder,Action passed all guardrails.,passed,0.4797788849629345,4422.09799375912,5.0,4417.09799375912
CASE_001104,CUST_00451,regular,1,risk_decline,5532.66,reminder,Action passed all guardrails.,passed,0.2889019986742145,1598.39653198488,5.0,1593.39653198488
CASE_001105,CUST_00452,regular,1,blocked_instrument,61019.82,reminder,High-value case permitted for controlled recovery.,passed,0.5208876792781656,31784.472429771395,5.0,31779.472429771395
CASE_001106,CUST_00452,regular,1,limit_exceeded,9624.32,reminder,Action passed all guardrails.,passed,0.5529571765759794,5321.83681366373,5.0,5316.83681366373
CASE_001107,CUST_00452,regular,1,unknown_failure,35745.6,escalate,Case routed to manual review.,passed,0.5074537523717114,18139.238850778245,25.0,18114.238850778245
CASE_001108,CUST_00453,regular,1,blocked_instrument,56553.33,escalate,Case routed to manual review.,passed,0.4632004202226525,26195.526220990345,25.0,26170.526220990345
CASE_001109,CUST_00453,regular,1,unknown_failure,12985.19,reminder,Action passed all guardrails.,passed,0.5747866938001669,7463.714428466989,5.0,7458.714428466989
CASE_001110,CUST_00456,regular,0,unknown_failure,45519.4,escalate,Case routed to manual review.,passed,0.5630726381345603,25630.728644302308,25.0,25605.728644302308
CASE_001111,CUST_00457,regular,1,insufficient_funds,12363.14,reminder,Action passed all guardrails.,passed,0.6523005263124758,8064.482728874822,5.0,8059.482728874822
CASE_001112,CUST_00458,regular,1,unknown_failure,26380.67,reminder,Action passed all guardrails.,passed,0.5173270418659012,13647.433973540525,5.0,13642.433973540525
CASE_001113,CUST_00458,regular,1,unknown_failure,46387.57,reminder,Action passed all guardrails.,passed,0.4927516413529184,22857.5512558734,5.0,22852.5512558734
CASE_001114,CUST_00459,new,1,timeout,11981.64,retry,Action passed all guardrails.,passed,0.58518815058088,7011.513752525895,2.0,7009.513752525895
CASE_001115,CUST_00460,regular,1,expired_instrument,17159.25,reminder,Action passed all guardrails.,passed,0.5531766654749526,9492.09669705108,5.0,9487.09669705108
CASE_001116,CUST_00461,regular,0,unknown_failure,7192.22,escalate,Case routed to manual review.,passed,0.4773917815825347,3433.506719333538,25.0,3408.506719333538
CASE_001117,CUST_00462,new,1,timeout,8944.46,retry,Action passed all guardrails.,passed,0.71951866194038,6435.705890979251,2.0,6433.705890979251
CASE_001118,CUST_00462,new,1,temporary_bank_failure,5504.9,retry,Action passed all guardrails.,passed,0.6634312732531947,3652.122816131512,2.0,3650.122816131512
CASE_001119,CUST_00462,new,1,risk_decline,22736.7,reminder,Action passed all guardrails.,passed,0.1939355936727869,4409.455412660054,5.0,4404.455412660054
CASE_001120,CUST_00463,regular,1,temporary_bank_failure,13334.64,retry,Action passed all guardrails.,passed,0.8048535934357216,10732.43292117171,2.0,10730.43292117171
CASE_001121,CUST_00463,regular,1,unknown_failure,22386.92,escalate,Case routed to manual review.,passed,0.5361781653142386,12003.377692636632,25.0,11978.377692636632
CASE_001122,CUST_00463,regular,1,unknown_failure,5030.83,reminder,Action passed all guardrails.,passed,0.5152267129234215,2592.0180041765366,5.0,2587.0180041765366
CASE_001123,CUST_00464,regular,1,timeout,41483.25,retry,Action passed all guardrails.,passed,0.6194428218307187,25696.501438709165,2.0,25694.501438709165
CASE_001124,CUST_00464,regular,1,timeout,6002.99,retry,Action passed all guardrails.,passed,0.673173298013432,4041.052576241652,2.0,4039.052576241652
CASE_001125,CUST_00464,regular,1,risk_decline,10708.69,reminder,Action passed all guardrails.,passed,0.247908520870256,2654.775498358102,5.0,2649.775498358102
CASE_001126,CUST_00464,regular,1,unknown_failure,45945.38,reminder,Action passed all guardrails.,passed,0.5144692842981116,23637.486765404767,5.0,23632.486765404767
CASE_001127,CUST_00466,regular,1,risk_decline,49374.97,reminder,Action passed all guardrails.,passed,0.2873040452476548,14185.6286149816,5.0,14180.6286149816
CASE_001128,CUST_00467,new,1,timeout,12226.19,retry,Action passed all guardrails.,passed,0.571711758375274,6989.856583130191,2.0,6987.856583130191
CASE_001129,CUST_00467,new,1,unknown_failure,19955.35,reminder,Action passed all guardrails.,passed,0.4573604991092679,9126.78883590013,5.0,9121.78883590013
CASE_001130,CUST_00467,new,1,temporary_bank_failure,17989.93,retry,Action passed all guardrails.,passed,0.7632348662951446,13730.54181820901,2.0,13728.54181820901
CASE_001131,CUST_00468,regular,1,insufficient_funds,14965.41,reminder,Action passed all guardrails.,passed,0.5974995488128588,8941.825722799445,5.0,8936.825722799445
CASE_001132,CUST_00469,new,1,insufficient_funds,19288.89,reminder,Action passed all guardrails.,passed,0.5193536036611514,10017.754532123545,5.0,10012.754532123545
CASE_001133,CUST_00469,new,1,temporary_bank_failure,8354.29,reminder,Action passed all guardrails.,passed,0.7682667205471119,6418.322980799532,5.0,6413.322980799532
CASE_001134,CUST_00470,regular,1,blocked_instrument,2037.7,reminder,Action passed all guardrails.,passed,0.4165571001635078,848.8184030031798,5.0,843.8184030031798
CASE_001135,CUST_00472,new,1,temporary_bank_failure,17177.94,retry,Action passed all guardrails.,passed,0.7859317847193094,13500.689042001211,2.0,13498.689042001211
CASE_001136,CUST_00476,new,1,unknown_failure,3805.16,reminder,Action passed all guardrails.,passed,0.3934751067493622,1497.235737198403,5.0,1492.235737198403
CASE_001137,CUST_00476,new,1,temporary_bank_failure,14795.24,retry,Action passed all guardrails.,passed,0.7289327531053301,10784.735026054104,2.0,10782.735026054104
CASE_001138,CUST_00477,regular,1,unknown_failure,38937.13,reminder,Action passed all guardrails.,passed,0.4870861512509657,18965.736792458512,5.0,18960.736792458512
CASE_001139,CUST_00478,regular,1,unknown_failure,16011.81,reminder,Action passed all guardrails.,passed,0.5576824283328111,8929.505082803587,5.0,8924.505082803587
CASE_001140,CUST_00478,regular,1,unknown_failure,47963.87,reminder,Action passed all guardrails.,passed,0.5093389635041451,24429.86783144756,5.0,24424.86783144756
CASE_001141,CUST_00479,regular,1,risk_decline,10243.31,escalate,Case routed to manual review.,passed,0.2399927668626623,2458.320308731977,25.0,2433.320308731977
CASE_001142,CUST_00480,regular,1,blocked_instrument,13561.94,escalate,Case routed to manual review.,passed,0.4076877918014582,5529.037371143869,25.0,5504.037371143869
CASE_001143,CUST_00480,regular,1,authentication_failed,28649.21,reminder,Action passed all guardrails.,passed,0.4638529553346602,13289.020726503302,5.0,13284.020726503302
CASE_001144,CUST_00482,regular,1,unknown_failure,2486.76,reminder,Action passed all guardrails.,passed,0.4999990947821568,1243.3777489404763,5.0,1238.3777489404763
CASE_001145,CUST_00482,regular,1,temporary_bank_failure,43742.97,retry,Action passed all guardrails.,passed,0.7540244924062395,32983.270750591364,2.0,32981.270750591364
CASE_001146,CUST_00483,high_value,1,temporary_bank_failure,33533.42,retry,Action passed all guardrails.,passed,0.8848837984347694,29673.180064108463,2.0,29671.180064108463
CASE_001147,CUST_00483,high_value,1,blocked_instrument,13655.12,reminder,Action passed all guardrails.,passed,0.5261254706682282,7184.306437031137,5.0,7179.306437031137
CASE_001148,CUST_00483,high_value,1,unknown_failure,48467.13,reminder,Action passed all guardrails.,passed,0.5911899614526216,28653.2807164192,5.0,28648.2807164192
CASE_001149,CUST_00484,new,1,insufficient_funds,7099.63,reminder,Action passed all guardrails.,passed,0.4698742874600105,3335.9335874797143,5.0,3330.9335874797143
CASE_001150,CUST_00488,regular,1,insufficient_funds,13567.52,reminder,Action passed all guardrails.,passed,0.5885157098250026,7984.698663364919,5.0,7979.698663364919
CASE_001151,CUST_00488,regular,1,timeout,44676.66,retry,Action passed all guardrails.,passed,0.698276041293763,31196.64128302741,2.0,31194.64128302741
CASE_001152,CUST_00489,regular,1,unknown_failure,19300.63,reminder,Action passed all guardrails.,passed,0.5292240730794758,10214.358021599925,5.0,10209.358021599925
CASE_001153,CUST_00490,regular,0,limit_exceeded,22586.7,escalate,Case routed to manual review.,passed,0.3950586728224227,8923.071725438216,25.0,8898.071725438216
CASE_001154,CUST_00491,regular,0,insufficient_funds,74362.82,escalate,Case routed to manual review.,passed,0.530037630726296,39415.092926926016,25.0,39390.092926926016
CASE_001155,CUST_00491,regular,0,timeout,11262.86,retry,Action passed all guardrails.,passed,0.7494804119500836,8441.29295253612,2.0,8439.29295253612
CASE_001156,CUST_00492,new,1,temporary_bank_failure,3710.56,retry,Action passed all guardrails.,passed,0.7464192651053128,2769.6334683291693,2.0,2767.6334683291693
CASE_001157,CUST_00492,new,1,insufficient_funds,19859.17,escalate,Case routed to manual review.,passed,0.5188385338341085,10303.702645962312,25.0,10278.702645962312
CASE_001158,CUST_00493,regular,1,temporary_bank_failure,59431.34,retry,High-value case permitted for controlled recovery.,passed,0.7792246965183677,46310.36787517992,2.0,46308.36787517992
CASE_001159,CUST_00493,regular,1,authentication_failed,23038.97,reminder,Action passed all guardrails.,passed,0.5619612193772555,12947.007674396007,5.0,12942.007674396007
CASE_001160,CUST_00495,new,1,unknown_failure,10393.45,reminder,Action passed all guardrails.,passed,0.4745929089128236,4932.657669139987,5.0,4927.657669139987
CASE_001161,CUST_00496,regular,1,unknown_failure,42335.33,escalate,Case routed to manual review.,passed,0.5260585510986356,22270.862360082603,25.0,22245.862360082603
CASE_001162,CUST_00496,regular,1,risk_decline,35876.97,reminder,Action passed all guardrails.,passed,0.2147137444034453,7703.278566550078,5.0,7698.278566550078
CASE_001163,CUST_00496,regular,1,temporary_bank_failure,16614.22,retry,Action passed all guardrails.,passed,0.8135344535902306,13516.240389527882,2.0,13514.240389527882
CASE_001164,CUST_00497,regular,1,expired_instrument,36138.79,reminder,Action passed all guardrails.,passed,0.5123949828833861,18517.334683476285,5.0,18512.334683476285
CASE_001165,CUST_00497,regular,1,expired_instrument,25674.26,reminder,Action passed all guardrails.,passed,0.5261644347487412,13508.882500492216,5.0,13503.882500492216
CASE_001166,CUST_00498,regular,0,unknown_failure,22279.76,escalate,Case routed to manual review.,passed,0.4773546878065532,10635.347879204932,25.0,10610.347879204932
CASE_001167,CUST_00498,regular,0,unknown_failure,19626.91,escalate,Case routed to manual review.,passed,0.4837936849562327,9495.375113204333,25.0,9470.375113204333
CASE_001168,CUST_00499,new,1,limit_exceeded,14122.06,reminder,Action passed all guardrails.,passed,0.5239290090806407,7398.956901977352,5.0,7393.956901977352
CASE_001169,CUST_00499,new,1,unknown_failure,5677.76,reminder,Action passed all guardrails.,passed,0.4789492137872158,2719.3586880725024,5.0,2714.3586880725024
CASE_001170,CUST_00499,new,1,temporary_bank_failure,15660.45,retry,Action passed all guardrails.,passed,0.7489990024329812,11729.66142765158,2.0,11727.66142765158
CASE_001171,CUST_00500,regular,1,unknown_failure,19242.35,reminder,Action passed all guardrails.,passed,0.5283918469109916,10167.50085540772,5.0,10162.50085540772
CASE_001172,CUST_00501,regular,1,unknown_failure,28184.52,reminder,Action passed all guardrails.,passed,0.4879578310201598,13752.857247544316,5.0,13747.857247544316
CASE_001173,CUST_00501,regular,1,unknown_failure,28791.53,reminder,Action passed all guardrails.,passed,0.4827456929113285,13898.987099827302,5.0,13893.987099827302
CASE_001174,CUST_00502,regular,1,unknown_failure,42114.29,reminder,Action passed all guardrails.,passed,0.5034539792253125,21202.606882748787,5.0,21197.606882748787
CASE_001175,CUST_00502,regular,1,insufficient_funds,24079.63,reminder,Action passed all guardrails.,passed,0.5638372014745698,13576.991191743096,5.0,13571.991191743096
CASE_001176,CUST_00505,new,1,insufficient_funds,4509.01,reminder,Action passed all guardrails.,passed,0.573393382041005,2585.436493556712,5.0,2580.436493556712
CASE_001177,CUST_00505,new,1,risk_decline,18052.45,reminder,Action passed all guardrails.,passed,0.2604081924723938,4701.005874198267,5.0,4696.005874198267
CASE_001178,CUST_00506,new,0,risk_decline,5659.04,escalate,Case routed to manual review.,passed,0.1116889161989587,632.0520443265553,25.0,607.0520443265553
CASE_001179,CUST_00507,regular,1,expired_instrument,34418.63,reminder,Action passed all guardrails.,passed,0.5527433262297641,19024.668030471545,5.0,19019.668030471545
CASE_001180,CUST_00507,regular,1,unknown_failure,43833.5,reminder,Action passed all guardrails.,passed,0.5600736582692473,24549.98869974505,5.0,24544.98869974505
CASE_001181,CUST_00508,regular,1,unknown_failure,41739.89,reminder,Action passed all guardrails.,passed,0.4940680511213829,20622.3461063209,5.0,20617.3461063209
CASE_001182,CUST_00509,regular,1,risk_decline,49705.16,reminder,Action passed all guardrails.,passed,0.159081179160125,7907.155463142682,5.0,7902.155463142682
CASE_001183,CUST_00511,regular,0,insufficient_funds,35767.59,escalate,Case routed to manual review.,passed,0.4617420623604565,16515.40077226324,25.0,16490.40077226324
CASE_001184,CUST_00511,regular,0,risk_decline,25366.87,escalate,Case routed to manual review.,passed,0.1179111027994318,2991.035616269823,25.0,2966.035616269823
CASE_001185,CUST_00513,regular,1,unknown_failure,39182.79,reminder,Action passed all guardrails.,passed,0.51716557331099,20263.990054274127,5.0,20258.990054274127
CASE_001186,CUST_00514,regular,0,blocked_instrument,47210.23,escalate,Case routed to manual review.,passed,0.4212419233194631,19886.928085554217,25.0,19861.928085554217
CASE_001187,CUST_00514,regular,0,unknown_failure,11204.12,escalate,Case routed to manual review.,passed,0.5373247336426016,6020.250794699746,25.0,5995.250794699746
CASE_001188,CUST_00515,new,1,temporary_bank_failure,6120.36,retry,Action passed all guardrails.,passed,0.7012695401495951,4292.022042749975,2.0,4290.022042749975
CASE_001189,CUST_00515,new,1,temporary_bank_failure,6530.35,retry,Action passed all guardrails.,passed,0.69961084329911,4568.703670538343,2.0,4566.703670538343
CASE_001190,CUST_00515,new,1,unknown_failure,19084.66,escalate,Case routed to manual review.,passed,0.4645794080240038,8866.340045139385,25.0,8841.340045139385
CASE_001191,CUST_00516,new,1,timeout,7462.75,retry,Action passed all guardrails.,passed,0.6115584232453694,4563.90762307438,2.0,4561.90762307438
CASE_001192,CUST_00516,new,1,unknown_failure,7996.69,reminder,Action passed all guardrails.,passed,0.4756924904824428,3803.9653817160456,5.0,3798.9653817160456
CASE_001193,CUST_00517,regular,1,unknown_failure,29447.93,escalate,Case routed to manual review.,passed,0.5039510186923547,14840.314321881153,25.0,14815.314321881153
CASE_001194,CUST_00518,regular,1,insufficient_funds,8735.13,reminder,Action passed all guardrails.,passed,0.6509954125776398,5686.529558269319,5.0,5681.529558269319
CASE_001195,CUST_00518,regular,1,timeout,68153.22,escalate,Case routed to manual review.,passed,0.748237530820458,50994.797050263456,25.0,50969.797050263456
CASE_001196,CUST_00520,regular,1,unknown_failure,47277.98,reminder,Action passed all guardrails.,passed,0.5553558930073728,26256.10480248471,5.0,26251.10480248471
CASE_001197,CUST_00520,regular,1,limit_exceeded,10596.92,reminder,Action passed all guardrails.,passed,0.5688302739557959,6027.848906687653,5.0,6022.848906687653
CASE_001198,CUST_00521,regular,1,timeout,17294.64,retry,Action passed all guardrails.,passed,0.7309907737206055,12642.222274819333,2.0,12640.222274819333
CASE_001199,CUST_00522,regular,1,unknown_failure,24732.74,escalate,Case routed to manual review.,passed,0.5302166983317586,13113.71174349782,25.0,13088.71174349782
CASE_001200,CUST_00523,high_value,1,unknown_failure,38228.13,reminder,Action passed all guardrails.,passed,0.5562579579051642,21264.701528333146,5.0,21259.701528333146
CASE_001201,CUST_00524,regular,1,expired_instrument,5708.04,reminder,Action passed all guardrails.,passed,0.5212622159365203,2975.385579054296,5.0,2970.385579054296
CASE_001202,CUST_00524,regular,1,unknown_failure,37575.12,escalate,Case routed to manual review.,passed,0.4742690751938911,17820.717412699483,25.0,17795.717412699483
CASE_001203,CUST_00525,regular,1,unknown_failure,7278.36,reminder,Action passed all guardrails.,passed,0.5534397385390891,4028.1336553933647,5.0,4023.1336553933647
CASE_001204,CUST_00525,regular,1,unknown_failure,11002.9,reminder,Action passed all guardrails.,passed,0.5536157139045547,6091.378338520424,5.0,6086.378338520424
CASE_001205,CUST_00526,regular,1,unknown_failure,2094.43,reminder,Action passed all guardrails.,passed,0.52922840236141,1108.4318427578078,5.0,1103.4318427578078
CASE_001206,CUST_00526,regular,1,unknown_failure,2044.58,reminder,Action passed all guardrails.,passed,0.5211905450432565,1065.6157645845412,5.0,1060.6157645845412
CASE_001207,CUST_00527,high_value,0,unknown_failure,92899.98,escalate,Case routed to manual review.,passed,0.5720198556750372,53140.63315181384,25.0,53115.63315181384
CASE_001208,CUST_00527,high_value,0,unknown_failure,31273.44,escalate,Case routed to manual review.,passed,0.5058737883982354,15820.41356904491,25.0,15795.41356904491
CASE_001209,CUST_00528,regular,1,temporary_bank_failure,47199.51,retry,Action passed all guardrails.,passed,0.8061256710894876,38048.736673844985,2.0,38046.736673844985
CASE_001210,CUST_00528,regular,1,unknown_failure,45525.76,escalate,Case routed to manual review.,passed,0.4979223024301518,22668.29123908251,25.0,22643.29123908251
CASE_001211,CUST_00528,regular,1,blocked_instrument,49974.34,escalate,Case routed to manual review.,passed,0.4076569963004598,20372.38933649792,25.0,20347.38933649792
CASE_001212,CUST_00529,regular,1,authentication_failed,11135.77,reminder,Action passed all guardrails.,passed,0.6011556299364599,6694.330829177532,5.0,6689.330829177532
CASE_001213,CUST_00530,regular,1,insufficient_funds,56444.78,reminder,High-value case permitted for controlled recovery.,passed,0.6123035369674807,34561.33843735132,5.0,34556.33843735132
CASE_001214,CUST_00531,regular,1,expired_instrument,7075.54,reminder,Action passed all guardrails.,passed,0.5616155170223389,3973.73305531224,5.0,3968.73305531224
CASE_001215,CUST_00532,regular,1,blocked_instrument,58237.32,escalate,Case routed to manual review.,passed,0.5587488006962512,32540.03270576381,25.0,32515.03270576381
CASE_001216,CUST_00532,regular,1,unknown_failure,31119.77,reminder,Action passed all guardrails.,passed,0.4889203233269673,15215.08801026086,5.0,15210.08801026086
CASE_001217,CUST_00533,regular,1,limit_exceeded,56310.31,reminder,High-value case permitted for controlled recovery.,passed,0.5238162852573709,29496.257405890985,5.0,29491.257405890985
CASE_001218,CUST_00534,regular,1,timeout,8853.63,retry,Action passed all guardrails.,passed,0.8198306949578648,7258.4776357998,2.0,7256.4776357998
CASE_001219,CUST_00534,regular,1,unknown_failure,12838.62,reminder,Action passed all guardrails.,passed,0.521271563053304,6692.40751484741,5.0,6687.40751484741
CASE_001220,CUST_00535,high_value,1,blocked_instrument,23487.35,escalate,Case routed to manual review.,passed,0.5185502881634279,12179.372110695287,25.0,12154.372110695287
CASE_001221,CUST_00536,high_value,1,unknown_failure,21929.47,reminder,Action passed all guardrails.,passed,0.5714029652374037,12530.56418408469,5.0,12525.56418408469
CASE_001222,CUST_00536,high_value,1,expired_instrument,82590.73,reminder,High-value case permitted for controlled recovery.,passed,0.5255495004520597,43405.51689347094,5.0,43400.51689347094
CASE_001223,CUST_00536,high_value,1,unknown_failure,75305.85,reminder,High-value case permitted for controlled recovery.,passed,0.5571416219962053,41956.02341480294,5.0,41951.02341480294
CASE_001224,CUST_00537,regular,1,insufficient_funds,47225.26,reminder,Action passed all guardrails.,passed,0.5678469801784314,26816.72127914127,5.0,26811.72127914127
CASE_001225,CUST_00537,regular,1,unknown_failure,17641.18,reminder,Action passed all guardrails.,passed,0.5419161893420138,9560.041041096549,5.0,9555.041041096549
CASE_001226,CUST_00538,regular,1,timeout,19180.86,retry,Action passed all guardrails.,passed,0.7428216962348063,14247.958960442347,2.0,14245.958960442347
CASE_001227,CUST_00539,regular,1,insufficient_funds,5120.51,reminder,Action passed all guardrails.,passed,0.5924516565477909,3033.6546318695287,5.0,3028.6546318695287
CASE_001228,CUST_00539,regular,1,temporary_bank_failure,46829.35,retry,Action passed all guardrails.,passed,0.7367726339012945,34502.58354338559,2.0,34500.58354338559
CASE_001229,CUST_00539,regular,1,unknown_failure,4472.41,reminder,Action passed all guardrails.,passed,0.5041432729699501,2254.7354154635345,5.0,2249.7354154635345
CASE_001230,CUST_00539,regular,1,temporary_bank_failure,13966.7,retry,Action passed all guardrails.,passed,0.775463074457732,10830.660122028808,2.0,10828.660122028808
CASE_001231,CUST_00540,regular,1,insufficient_funds,19069.95,reminder,Action passed all guardrails.,passed,0.6471014454893816,12340.192210410234,5.0,12335.192210410234
CASE_001232,CUST_00540,regular,1,timeout,29162.9,escalate,Case routed to manual review.,passed,0.782733838875472,22826.7886697415,25.0,22801.7886697415
CASE_001233,CUST_00542,high_value,1,unknown_failure,17791.34,reminder,Action passed all guardrails.,passed,0.5774245362174691,10273.156248187308,5.0,10268.156248187308
CASE_001234,CUST_00544,regular,1,expired_instrument,3947.8,reminder,Action passed all guardrails.,passed,0.5122041350083086,2022.079484185801,5.0,2017.079484185801
CASE_001235,CUST_00545,regular,1,insufficient_funds,13630.77,reminder,Action passed all guardrails.,passed,0.5899628328536569,8041.647683176641,5.0,8036.647683176641
CASE_001236,CUST_00545,regular,1,temporary_bank_failure,67891.13,retry,High-value case permitted for controlled recovery.,passed,0.7609468177631141,51661.53932784189,2.0,51659.53932784189
CASE_001237,CUST_00546,regular,1,temporary_bank_failure,33161.47,retry,Action passed all guardrails.,passed,0.8003383603956742,26540.396528110337,2.0,26538.396528110337
CASE_001238,CUST_00547,new,1,unknown_failure,7531.82,escalate,Case routed to manual review.,passed,0.4666160599874005,3514.468172934303,25.0,3489.468172934303
CASE_001239,CUST_00547,new,1,temporary_bank_failure,6076.37,retry,Action passed all guardrails.,passed,0.7627096002134798,4634.505733449182,2.0,4632.505733449182
CASE_001240,CUST_00547,new,1,expired_instrument,17354.12,escalate,Case routed to manual review.,passed,0.510769247029788,8863.950805264583,25.0,8838.950805264583
CASE_001241,CUST_00548,regular,1,insufficient_funds,9322.14,reminder,Action passed all guardrails.,passed,0.6574857807491618,6129.17449615299,5.0,6124.17449615299
CASE_001242,CUST_00549,regular,1,insufficient_funds,12743.91,reminder,Action passed all guardrails.,passed,0.5599007207280101,7135.324393892895,5.0,7130.324393892895
CASE_001243,CUST_00549,regular,1,temporary_bank_failure,39365.21,retry,Action passed all guardrails.,passed,0.8420913750959361,33149.1038198403,2.0,33147.1038198403
CASE_001244,CUST_00550,high_value,1,authentication_failed,47788.04,reminder,Action passed all guardrails.,passed,0.5352902369186437,25580.471253477623,5.0,25575.471253477623
CASE_001245,CUST_00550,high_value,1,risk_decline,56010.75,reminder,High-value case permitted for controlled recovery.,passed,0.4609666686949031,25819.08883860305,5.0,25814.08883860305
CASE_001246,CUST_00550,high_value,1,unknown_failure,62355.8,reminder,High-value case permitted for controlled recovery.,passed,0.5522355697510917,34435.09074028512,5.0,34430.09074028512
CASE_001247,CUST_00551,regular,1,unknown_failure,13032.57,reminder,Action passed all guardrails.,passed,0.5773809836769577,7524.758086438808,5.0,7519.758086438808
CASE_001248,CUST_00553,regular,0,timeout,28827.96,retry,Action passed all guardrails.,passed,0.666624008217428,19217.410243931685,2.0,19215.410243931685
CASE_001249,CUST_00554,regular,1,insufficient_funds,17595.14,reminder,Action passed all guardrails.,passed,0.5601614908788991,9856.119854622952,5.0,9851.119854622952
CASE_001250,CUST_00554,regular,1,temporary_bank_failure,5977.68,retry,Action passed all guardrails.,passed,0.8079805655075707,4829.849266823296,2.0,4827.849266823296
CASE_001251,CUST_00554,regular,1,unknown_failure,46821.11,escalate,Case routed to manual review.,passed,0.4649448143764726,21769.23229785041,25.0,21744.23229785041
CASE_001252,CUST_00554,regular,1,temporary_bank_failure,20140.56,retry,Action passed all guardrails.,passed,0.793864638088558,15988.878375300888,2.0,15986.878375300888
CASE_001253,CUST_00554,regular,1,insufficient_funds,32942.55,reminder,Action passed all guardrails.,passed,0.5411948202819896,17828.33742688046,5.0,17823.33742688046
CASE_001254,CUST_00554,regular,1,unknown_failure,41844.42,reminder,Action passed all guardrails.,passed,0.4723433947486533,19764.935394088443,5.0,19759.935394088443
CASE_001255,CUST_00554,regular,1,unknown_failure,32887.72,reminder,Action passed all guardrails.,passed,0.4705907205926532,15476.655853449414,5.0,15471.655853449414
CASE_001256,CUST_00555,regular,1,temporary_bank_failure,13365.86,retry,Action passed all guardrails.,passed,0.8079598941494672,10799.0788308166,2.0,10797.0788308166
CASE_001257,CUST_00555,regular,1,timeout,30262.32,retry,Action passed all guardrails.,passed,0.653376880570064,19772.70024041306,2.0,19770.70024041306
CASE_001258,CUST_00556,regular,1,unknown_failure,33558.18,escalate,Case routed to manual review.,passed,0.4958971409211348,16641.40551651681,25.0,16616.40551651681
CASE_001259,CUST_00557,regular,1,unknown_failure,27603.58,reminder,Action passed all guardrails.,passed,0.4903722415447492,13536.029399259807,5.0,13531.029399259807
CASE_001260,CUST_00557,regular,1,unknown_failure,24505.87,reminder,Action passed all guardrails.,passed,0.5038239594959593,12346.644454293242,5.0,12341.644454293242
CASE_001261,CUST_00558,new,1,expired_instrument,12278.91,reminder,Action passed all guardrails.,passed,0.4650909072399567,5710.8093918177765,5.0,5705.8093918177765
CASE_001262,CUST_00558,new,1,unknown_failure,3099.48,reminder,Action passed all guardrails.,passed,0.4061291560537676,1258.7891966055315,5.0,1253.7891966055315
CASE_001263,CUST_00558,new,1,blocked_instrument,6786.49,reminder,Action passed all guardrails.,passed,0.3814315245456728,2588.581227013963,5.0,2583.581227013963
CASE_001264,CUST_00558,new,1,unknown_failure,12647.45,reminder,Action passed all guardrails.,passed,0.4945241142569661,6254.469008859267,5.0,6249.469008859267
CASE_001265,CUST_00559,regular,1,temporary_bank_failure,5639.78,retry,Action passed all guardrails.,passed,0.809178814502718,4563.590494456139,2.0,4561.590494456139
CASE_001266,CUST_00559,regular,1,limit_exceeded,33881.35,reminder,Action passed all guardrails.,passed,0.5181545272246113,17555.774890981582,5.0,17550.774890981582
CASE_001267,CUST_00561,regular,1,unknown_failure,14972.36,reminder,Action passed all guardrails.,passed,0.5682211819455593,8507.612095714414,5.0,8502.612095714414
CASE_001268,CUST_00563,regular,1,blocked_instrument,4245.34,reminder,Action passed all guardrails.,passed,0.5197370614259671,2206.4605363541154,5.0,2201.4605363541154
CASE_001269,CUST_00563,regular,1,unknown_failure,15550.36,escalate,Case routed to manual review.,passed,0.5297708351277803,8238.127203737631,25.0,8213.127203737631
CASE_001270,CUST_00563,regular,1,expired_instrument,40533.61,reminder,Action passed all guardrails.,passed,0.557153178836426,22583.429661215945,5.0,22578.429661215945
CASE_001271,CUST_00564,new,1,authentication_failed,12714.99,reminder,Action passed all guardrails.,passed,0.5313543673422623,6756.165467213191,5.0,6751.165467213191
CASE_001272,CUST_00566,regular,1,temporary_bank_failure,69201.25,retry,High-value case permitted for controlled recovery.,passed,0.7646740459554042,52916.39982267142,2.0,52914.39982267142
CASE_001273,CUST_00567,new,1,insufficient_funds,12327.11,reminder,Action passed all guardrails.,passed,0.5584609900685539,6884.210055283971,5.0,6879.210055283971
CASE_001274,CUST_00567,new,1,risk_decline,2902.62,reminder,Action passed all guardrails.,passed,0.1879635332125488,545.5867107734084,5.0,540.5867107734084
CASE_001275,CUST_00568,regular,1,unknown_failure,3518.81,reminder,Action passed all guardrails.,passed,0.4380408821536899,1541.3826365312257,5.0,1536.3826365312257
CASE_001276,CUST_00569,regular,1,blocked_instrument,9935.22,escalate,Case routed to manual review.,passed,0.529261389722721,5258.328344400971,25.0,5233.328344400971
CASE_001277,CUST_00570,regular,1,insufficient_funds,7656.44,reminder,Action passed all guardrails.,passed,0.6070293737583868,4647.683978418663,5.0,4642.683978418663
CASE_001278,CUST_00570,regular,1,unknown_failure,36888.45,reminder,Action passed all guardrails.,passed,0.5227633252222789,19283.92878429577,5.0,19278.92878429577
CASE_001279,CUST_00570,regular,1,unknown_failure,6155.43,reminder,Action passed all guardrails.,passed,0.5171086493710946,3183.026093598317,5.0,3178.026093598317
CASE_001280,CUST_00571,high_value,0,unknown_failure,35930.62,escalate,Case routed to manual review.,passed,0.54016725617532,19408.54441807808,25.0,19383.54441807808
CASE_001281,CUST_00573,new,1,risk_decline,10975.53,reminder,Action passed all guardrails.,passed,0.2116013556958463,2322.437027480432,5.0,2317.437027480432
CASE_001282,CUST_00574,regular,1,risk_decline,7746.96,reminder,Action passed all guardrails.,passed,0.2033841125522352,1575.6085845776645,5.0,1570.6085845776645
CASE_001283,CUST_00574,regular,1,authentication_failed,3489.18,reminder,Action passed all guardrails.,passed,0.5626333204016087,1963.128928878885,5.0,1958.128928878885
CASE_001284,CUST_00574,regular,1,insufficient_funds,29544.65,reminder,Action passed all guardrails.,passed,0.5122901049905139,15135.431850407986,5.0,15130.431850407986
CASE_001285,CUST_00576,regular,1,unknown_failure,21925.9,reminder,Action passed all guardrails.,passed,0.5384682742030167,11806.401533347924,5.0,11801.401533347924
CASE_001286,CUST_00577,regular,1,unknown_failure,22223.6,reminder,Action passed all guardrails.,passed,0.5374242923462991,11943.502503387212,5.0,11938.502503387212
CASE_001287,CUST_00577,regular,1,timeout,30802.91,retry,Action passed all guardrails.,passed,0.7237254085328395,22292.848623750288,2.0,22290.848623750288
CASE_001288,CUST_00578,high_value,1,temporary_bank_failure,9131.34,retry,Action passed all guardrails.,passed,0.8538431704864968,7796.732296390168,2.0,7794.732296390168
CASE_001289,CUST_00579,regular,1,temporary_bank_failure,5182.18,retry,Action passed all guardrails.,passed,0.8376664422370076,4340.938283631776,2.0,4338.938283631776
CASE_001290,CUST_00580,new,1,temporary_bank_failure,8000.65,retry,Action passed all guardrails.,passed,0.7458328615270554,5967.147683576436,2.0,5965.147683576436
CASE_001291,CUST_00580,new,1,temporary_bank_failure,3356.39,retry,Action passed all guardrails.,passed,0.8163508185825014,2739.9917239821216,2.0,2737.9917239821216
CASE_001292,CUST_00582,regular,1,insufficient_funds,62339.72,reminder,High-value case permitted for controlled recovery.,passed,0.594475815448771,37059.45588184806,5.0,37054.45588184806
CASE_001293,CUST_00582,regular,1,unknown_failure,45673.04,reminder,Action passed all guardrails.,passed,0.5368566910839977,24519.877126147072,5.0,24514.877126147072
CASE_001294,CUST_00583,regular,1,timeout,30109.33,retry,Action passed all guardrails.,passed,0.7800660246245573,23487.26535720892,2.0,23485.26535720892
CASE_001295,CUST_00583,regular,1,expired_instrument,13660.69,reminder,Action passed all guardrails.,passed,0.5444614413156189,7437.718966765862,5.0,7432.718966765862
CASE_001296,CUST_00584,regular,1,unknown_failure,25725.98,reminder,Action passed all guardrails.,passed,0.5487147881785784,14116.225666386345,5.0,14111.225666386345
CASE_001297,CUST_00584,regular,1,timeout,34812.3,retry,Action passed all guardrails.,passed,0.6709426070965905,23357.05532102864,2.0,23355.05532102864
CASE_001298,CUST_00585,high_value,1,insufficient_funds,8717.41,reminder,Action passed all guardrails.,passed,0.6559052472369611,5717.794961315957,5.0,5712.794961315957
CASE_001299,CUST_00585,high_value,1,unknown_failure,19573.21,reminder,Action passed all guardrails.,passed,0.597341138355867,11691.88354267844,5.0,11686.88354267844
CASE_001300,CUST_00585,high_value,1,unknown_failure,58801.69,reminder,High-value case permitted for controlled recovery.,passed,0.6270597354657834,36872.172176341,5.0,36867.172176341
CASE_001301,CUST_00586,regular,1,temporary_bank_failure,28620.47,retry,Action passed all guardrails.,passed,0.7532145671463958,21557.354922576407,2.0,21555.354922576407
CASE_001302,CUST_00586,regular,1,unknown_failure,45485.3,escalate,Case routed to manual review.,passed,0.554009033421049,25199.267087866443,25.0,25174.267087866443
CASE_001303,CUST_00586,regular,1,unknown_failure,28384.27,reminder,Action passed all guardrails.,passed,0.5620220015728958,15952.5842385855,5.0,15947.5842385855
CASE_001304,CUST_00587,high_value,0,authentication_failed,129712.86,escalate,Case routed to manual review.,passed,0.4811335233095448,62409.205350357726,25.0,62384.205350357726
CASE_001305,CUST_00588,regular,1,unknown_failure,13902.33,reminder,Action passed all guardrails.,passed,0.5002904080123967,6955.202348022983,5.0,6950.202348022983
CASE_001306,CUST_00588,regular,1,unknown_failure,5102.98,reminder,Action passed all guardrails.,passed,0.5123780231704136,2614.654804678157,5.0,2609.654804678157
CASE_001307,CUST_00588,regular,1,unknown_failure,41869.66,reminder,Action passed all guardrails.,passed,0.4219476649184806,17666.805267930715,5.0,17661.805267930715
CASE_001308,CUST_00589,regular,1,unknown_failure,9040.49,reminder,Action passed all guardrails.,passed,0.520510808294424,4705.672757277657,5.0,4700.672757277657
CASE_001309,CUST_00589,regular,1,expired_instrument,40405.29,reminder,Action passed all guardrails.,passed,0.5432075450583758,21948.45838827174,5.0,21943.45838827174
CASE_001310,CUST_00590,high_value,1,authentication_failed,14778.56,reminder,Action passed all guardrails.,passed,0.5637454328245373,8331.345703723393,5.0,8326.345703723393
CASE_001311,CUST_00593,new,1,insufficient_funds,4221.59,reminder,Action passed all guardrails.,passed,0.4522846554336644,1909.3603785322036,5.0,1904.3603785322036
CASE_001312,CUST_00593,new,1,timeout,9946.79,retry,Action passed all guardrails.,passed,0.5727740841469583,5697.263532452123,2.0,5695.263532452123
CASE_001313,CUST_00594,regular,1,temporary_bank_failure,26641.56,escalate,Case routed to manual review.,passed,0.7576767272339797,20185.689989207705,25.0,20160.689989207705
CASE_001314,CUST_00594,regular,1,expired_instrument,3962.31,reminder,Action passed all guardrails.,passed,0.5670451989989452,2246.808862445511,5.0,2241.808862445511
CASE_001315,CUST_00595,regular,1,unknown_failure,19749.61,reminder,Action passed all guardrails.,passed,0.5393935493736197,10652.812236644731,5.0,10647.812236644731
CASE_001316,CUST_00596,regular,1,unknown_failure,16785.18,escalate,Case routed to manual review.,passed,0.5516250313962736,9259.125444492103,25.0,9234.125444492103
CASE_001317,CUST_00596,regular,1,timeout,17199.41,retry,Action passed all guardrails.,passed,0.6981135196565307,12007.140651115733,2.0,12005.140651115733
CASE_001318,CUST_00597,new,1,unknown_failure,18690.6,escalate,Case routed to manual review.,passed,0.4806624821530518,8983.87018892983,25.0,8958.87018892983
CASE_001319,CUST_00599,high_value,1,risk_decline,15162.41,reminder,Action passed all guardrails.,passed,0.3320139966438342,5034.132342852437,5.0,5029.132342852437
CASE_001320,CUST_00600,regular,1,limit_exceeded,45304.19,reminder,Action passed all guardrails.,passed,0.4968695735429467,22510.273565008632,5.0,22505.273565008632
CASE_001321,CUST_00600,regular,1,insufficient_funds,38019.18,reminder,Action passed all guardrails.,passed,0.5948152231219773,22614.387034614618,5.0,22609.387034614618
CASE_001322,CUST_00603,high_value,1,blocked_instrument,45824.49,escalate,Case routed to manual review.,passed,0.5398284547101746,24737.36362458185,25.0,24712.36362458185
CASE_001323,CUST_00607,regular,1,insufficient_funds,16998.93,reminder,Action passed all guardrails.,passed,0.5743774518943565,9763.802098330534,5.0,9758.802098330534
CASE_001324,CUST_00608,high_value,1,risk_decline,98599.13,reminder,High-value case permitted for controlled recovery.,passed,0.4940634833254309,48714.229620657,5.0,48709.229620657
CASE_001325,CUST_00608,high_value,1,unknown_failure,52446.75,reminder,High-value case permitted for controlled recovery.,passed,0.5678314778364584,29780.915560219277,5.0,29775.915560219277
CASE_001326,CUST_00608,high_value,1,unknown_failure,7941.09,retry,Action passed all guardrails.,passed,0.4743630635633508,3766.959780432289,2.0,3764.959780432289
CASE_001327,CUST_00608,high_value,1,unknown_failure,35345.38,reminder,Action passed all guardrails.,passed,0.5570109354494511,19687.76317761632,5.0,19682.76317761632
CASE_001328,CUST_00608,high_value,1,insufficient_funds,85491.3,reminder,High-value case permitted for controlled recovery.,passed,0.6380769592209555,54550.02874384648,5.0,54545.02874384648
CASE_001329,CUST_00610,regular,1,insufficient_funds,41347.89,reminder,Action passed all guardrails.,passed,0.5826869236633465,24092.874824070448,5.0,24087.874824070448
CASE_001330,CUST_00614,regular,1,insufficient_funds,43712.41,reminder,Action passed all guardrails.,passed,0.5282109623542772,23089.37415292473,5.0,23084.37415292473
CASE_001331,CUST_00615,new,1,limit_exceeded,3929.36,reminder,Action passed all guardrails.,passed,0.4656620103687929,1829.7536770627205,5.0,1824.7536770627205
CASE_001332,CUST_00617,regular,1,insufficient_funds,12250.69,reminder,Action passed all guardrails.,passed,0.6464590587192719,7919.569526061598,5.0,7914.569526061598
CASE_001333,CUST_00618,regular,1,unknown_failure,26466.37,escalate,Case routed to manual review.,passed,0.5134940371173312,13590.323179141022,25.0,13565.323179141022
CASE_001334,CUST_00619,regular,1,unknown_failure,3990.27,reminder,Action passed all guardrails.,passed,0.5034725987440948,2008.991606590599,5.0,2003.991606590599
CASE_001335,CUST_00619,regular,1,insufficient_funds,2983.09,reminder,Action passed all guardrails.,passed,0.5296916762833086,1580.117942603975,5.0,1575.117942603975
CASE_001336,CUST_00619,regular,1,unknown_failure,18903.26,reminder,Action passed all guardrails.,passed,0.5768697531621451,10904.71893015985,5.0,10899.71893015985
CASE_001337,CUST_00619,regular,1,unknown_failure,24117.88,reminder,Action passed all guardrails.,passed,0.582436364725831,14047.130352093827,5.0,14042.130352093827
CASE_001338,CUST_00620,regular,1,unknown_failure,11790.04,reminder,Action passed all guardrails.,passed,0.5365870712566706,6326.383033598997,5.0,6321.383033598997
CASE_001339,CUST_00621,new,1,unknown_failure,17836.8,reminder,Action passed all guardrails.,passed,0.5015456293380472,8945.969081376881,5.0,8940.969081376881
CASE_001340,CUST_00621,new,1,insufficient_funds,22256.04,reminder,Action passed all guardrails.,passed,0.6179703041913165,13753.571808894108,5.0,13748.571808894108
CASE_001341,CUST_00622,regular,1,timeout,3084.31,retry,Action passed all guardrails.,passed,0.7791626162400895,2403.1790488954707,2.0,2401.1790488954707
CASE_001342,CUST_00623,regular,1,timeout,8849.13,retry,Action passed all guardrails.,passed,0.6967235624008296,6165.397377748052,2.0,6163.397377748052
CASE_001343,CUST_00623,regular,1,timeout,20313.22,retry,Action passed all guardrails.,passed,0.6717239034862621,13644.87543077521,2.0,13642.87543077521
CASE_001344,CUST_00624,regular,1,risk_decline,9019.46,reminder,Action passed all guardrails.,passed,0.3489990950136046,3147.783377511406,5.0,3142.783377511406
CASE_001345,CUST_00624,regular,1,insufficient_funds,63152.97,reminder,High-value case permitted for controlled recovery.,passed,0.5736156609856433,36225.5326297565,5.0,36220.5326297565
CASE_001346,CUST_00625,new,1,expired_instrument,2111.06,reminder,Action passed all guardrails.,passed,0.4384914847409266,925.6818337771804,5.0,920.6818337771804
CASE_001347,CUST_00625,new,1,authentication_failed,17593.48,reminder,Action passed all guardrails.,passed,0.5575094633401932,9808.531593086424,5.0,9803.531593086424
CASE_001348,CUST_00626,high_value,1,temporary_bank_failure,52715.74,retry,High-value case permitted for controlled recovery.,passed,0.8312391013408945,43819.38434412025,2.0,43817.38434412025
CASE_001349,CUST_00626,high_value,1,unknown_failure,39220.41,reminder,Action passed all guardrails.,passed,0.5724083455848116,22450.090001258,5.0,22445.090001258
CASE_001350,CUST_00628,regular,1,temporary_bank_failure,3659.88,retry,Action passed all guardrails.,passed,0.8180676507221706,2994.029433525058,2.0,2992.029433525058
CASE_001351,CUST_00630,regular,1,unknown_failure,33839.22,escalate,Case routed to manual review.,passed,0.4550888296370388,15399.851025630278,25.0,15374.851025630278
CASE_001352,CUST_00631,regular,1,unknown_failure,30195.65,reminder,Action passed all guardrails.,passed,0.5752091922162126,17368.81544494348,5.0,17363.81544494348
CASE_001353,CUST_00631,regular,1,unknown_failure,17124.95,reminder,Action passed all guardrails.,passed,0.5678576297112734,9724.533515924071,5.0,9719.533515924071
CASE_001354,CUST_00631,regular,1,unknown_failure,45117.73,reminder,Action passed all guardrails.,passed,0.5765288119497274,26011.67127476857,5.0,26006.67127476857
CASE_001355,CUST_00632,high_value,1,risk_decline,50435.24,escalate,Case routed to manual review.,passed,0.4076195855809438,20558.39162747544,25.0,20533.39162747544
CASE_001356,CUST_00632,high_value,1,temporary_bank_failure,10921.62,retry,Action passed all guardrails.,passed,0.8094071415441492,8840.037225231412,2.0,8838.037225231412
CASE_001357,CUST_00632,high_value,1,expired_instrument,17486.73,escalate,Case routed to manual review.,passed,0.5246003368363101,9173.544448165609,25.0,9148.544448165609
CASE_001358,CUST_00633,regular,1,temporary_bank_failure,36610.43,retry,Action passed all guardrails.,passed,0.7873620916328528,28825.664740378143,2.0,28823.664740378143
CASE_001359,CUST_00633,regular,1,temporary_bank_failure,44105.07,retry,Action passed all guardrails.,passed,0.7640433428875467,33698.18512108925,2.0,33696.18512108925
CASE_001360,CUST_00634,regular,1,timeout,46456.84,escalate,Case routed to manual review.,passed,0.6891450989758298,32015.503599904285,25.0,31990.503599904285
CASE_001361,CUST_00636,regular,1,insufficient_funds,6057.56,reminder,Action passed all guardrails.,passed,0.6107772881083583,3699.8200693536673,5.0,3694.8200693536673
CASE_001362,CUST_00638,high_value,1,temporary_bank_failure,24848.03,retry,Action passed all guardrails.,passed,0.8061176747734409,20030.4361663007,2.0,20028.4361663007
CASE_001363,CUST_00639,new,1,blocked_instrument,3083.29,reminder,Action passed all guardrails.,passed,0.3750969307108581,1156.5326154914817,5.0,1151.5326154914817
CASE_001364,CUST_00639,new,1,unknown_failure,5789.99,reminder,Action passed all guardrails.,passed,0.4425274067193394,2562.229259630908,5.0,2557.229259630908
CASE_001365,CUST_00639,new,1,unknown_failure,19257.2,escalate,Case routed to manual review.,passed,0.4885214295899292,9407.554873899186,25.0,9382.554873899186
CASE_001366,CUST_00640,regular,1,timeout,2205.76,retry,Action passed all guardrails.,passed,0.6264453623802964,1381.7881225239626,2.0,1379.7881225239626
CASE_001367,CUST_00640,regular,1,unknown_failure,11794.41,escalate,Case routed to manual review.,passed,0.5059336267940481,5967.188627195988,25.0,5942.188627195988
CASE_001368,CUST_00642,regular,1,unknown_failure,6666.25,reminder,Action passed all guardrails.,passed,0.5338267920751697,3558.6228526711,5.0,3553.6228526711
CASE_001369,CUST_00642,regular,1,unknown_failure,19857.73,escalate,Case routed to manual review.,passed,0.5379258668560207,10681.98662404281,25.0,10656.98662404281
CASE_001370,CUST_00643,high_value,1,insufficient_funds,26539.78,reminder,Action passed all guardrails.,passed,0.6368467621891336,16901.772962211922,5.0,16896.772962211922
CASE_001371,CUST_00644,regular,1,limit_exceeded,71541.7,reminder,High-value case permitted for controlled recovery.,passed,0.5682050392165332,40650.35445411745,5.0,40645.35445411745
CASE_001372,CUST_00644,regular,1,unknown_failure,23987.4,reminder,Action passed all guardrails.,passed,0.5994206126538357,14378.54200397262,5.0,14373.54200397262
CASE_001373,CUST_00645,regular,1,unknown_failure,24588.81,reminder,Action passed all guardrails.,passed,0.5254037519920585,12919.053031019848,5.0,12914.053031019848
CASE_001374,CUST_00645,regular,1,insufficient_funds,7580.26,reminder,Action passed all guardrails.,passed,0.5970873072735935,4526.07703183373,5.0,4521.07703183373
CASE_001375,CUST_00645,regular,1,unknown_failure,10274.47,reminder,Action passed all guardrails.,passed,0.5316075970896872,5461.986308070078,5.0,5456.986308070078
CASE_001376,CUST_00645,regular,1,unknown_failure,37210.24,escalate,Case routed to manual review.,passed,0.4874029059503608,18136.37910711035,25.0,18111.37910711035
CASE_001377,CUST_00645,regular,1,insufficient_funds,11162.53,reminder,Action passed all guardrails.,passed,0.6056914696853268,6761.049201106552,5.0,6756.049201106552
CASE_001378,CUST_00646,new,1,authentication_failed,11397.5,reminder,Action passed all guardrails.,passed,0.4684101228713928,5338.704375426699,5.0,5333.704375426699
CASE_001379,CUST_00646,new,1,risk_decline,1762.79,reminder,Action passed all guardrails.,passed,0.1221369455802953,215.3017862994889,5.0,210.3017862994889
CASE_001380,CUST_00646,new,1,risk_decline,1381.78,reminder,Action passed all guardrails.,passed,0.120788472544501,166.90309559254064,5.0,161.90309559254064
CASE_001381,CUST_00647,regular,1,expired_instrument,72604.11,reminder,High-value case permitted for controlled recovery.,passed,0.5018241715277469,36434.49735025941,5.0,36429.49735025941
CASE_001382,CUST_00647,regular,1,unknown_failure,4089.42,reminder,Action passed all guardrails.,passed,0.5552650168107306,2270.711865046138,5.0,2265.711865046138
CASE_001383,CUST_00647,regular,1,unknown_failure,25727.59,reminder,Action passed all guardrails.,passed,0.5591348083544075,14385.191104070773,5.0,14380.191104070773
CASE_001384,CUST_00647,regular,1,unknown_failure,35748.93,reminder,Action passed all guardrails.,passed,0.534734519937842,19116.18692184152,5.0,19111.18692184152
CASE_001385,CUST_00647,regular,1,unknown_failure,20671.77,reminder,Action passed all guardrails.,passed,0.5596701286062167,11569.372174418131,5.0,11564.372174418131
CASE_001386,CUST_00648,high_value,0,temporary_bank_failure,17774.17,retry,Action passed all guardrails.,passed,0.8599223785159813,15284.406542547398,2.0,15282.406542547398
CASE_001387,CUST_00648,high_value,0,blocked_instrument,32524.34,escalate,Case routed to manual review.,passed,0.3987153053263801,12967.952153638998,25.0,12942.952153638998
CASE_001388,CUST_00649,regular,1,unknown_failure,29073.24,reminder,Action passed all guardrails.,passed,0.5336443583743887,15514.770505664614,5.0,15509.770505664614
CASE_001389,CUST_00649,regular,1,unknown_failure,41762.21,reminder,Action passed all guardrails.,passed,0.5293629209212232,22107.365469725515,5.0,22102.365469725515
CASE_001390,CUST_00650,regular,1,unknown_failure,24621.99,escalate,Case routed to manual review.,passed,0.5153280314822604,12688.4016378759,25.0,12663.4016378759
CASE_001391,CUST_00650,regular,1,insufficient_funds,45680.73,reminder,Action passed all guardrails.,passed,0.5493315510368696,25093.866263396463,5.0,25088.866263396463
CASE_001392,CUST_00652,regular,1,authentication_failed,1538.73,reminder,Action passed all guardrails.,passed,0.4774687078834232,734.6954248814599,5.0,729.6954248814599
CASE_001393,CUST_00653,regular,1,unknown_failure,35216.66,reminder,Action passed all guardrails.,passed,0.4949826931882107,17431.637211893532,5.0,17426.637211893532
CASE_001394,CUST_00654,regular,1,unknown_failure,24603.49,reminder,Action passed all guardrails.,passed,0.5719991503156493,14073.175374799575,5.0,14068.175374799575
CASE_001395,CUST_00655,regular,1,unknown_failure,17519.92,escalate,Case routed to manual review.,passed,0.5354369709201169,9380.812895562773,25.0,9355.812895562773
CASE_001396,CUST_00655,regular,1,insufficient_funds,15217.3,reminder,Action passed all guardrails.,passed,0.5955689340771765,9062.951140532618,5.0,9057.951140532618
CASE_001397,CUST_00656,regular,1,unknown_failure,27568.02,reminder,Action passed all guardrails.,passed,0.5058692933054397,13945.814795230228,5.0,13940.814795230228
CASE_001398,CUST_00657,high_value,0,unknown_failure,77992.32,escalate,Case routed to manual review.,passed,0.4663351798398413,36370.56257332645,25.0,36345.56257332645
CASE_001399,CUST_00658,regular,1,unknown_failure,21821.54,reminder,Action passed all guardrails.,passed,0.552930143254981,12065.787238244298,5.0,12060.787238244298
CASE_001400,CUST_00658,regular,1,authentication_failed,4932.72,reminder,Action passed all guardrails.,passed,0.5147509086800458,2539.122102264236,5.0,2534.122102264236
CASE_001401,CUST_00658,regular,1,authentication_failed,23161.17,reminder,Action passed all guardrails.,passed,0.5643088270303992,13070.05267535167,5.0,13065.05267535167
CASE_001402,CUST_00659,regular,1,unknown_failure,49541.02,escalate,Case routed to manual review.,passed,0.5100256180469876,25267.189344178176,25.0,25242.189344178176
CASE_001403,CUST_00659,regular,1,unknown_failure,15419.98,reminder,Action passed all guardrails.,passed,0.5309733343523031,8187.598196245826,5.0,8182.598196245826
CASE_001404,CUST_00659,regular,1,expired_instrument,47113.69,reminder,Action passed all guardrails.,passed,0.5280618838976795,24878.943898771264,5.0,24873.943898771264
CASE_001405,CUST_00659,regular,1,insufficient_funds,5991.76,reminder,Action passed all guardrails.,passed,0.6042833603153821,3620.720867003294,5.0,3615.720867003294
CASE_001406,CUST_00659,regular,1,unknown_failure,9655.0,reminder,Action passed all guardrails.,passed,0.5429676380896107,5242.352545755191,5.0,5237.352545755191
CASE_001407,CUST_00660,regular,0,insufficient_funds,61039.11,escalate,Case routed to manual review.,passed,0.4937177131285451,30136.08980060171,25.0,30111.08980060171
CASE_001408,CUST_00660,regular,0,unknown_failure,16232.65,escalate,Case routed to manual review.,passed,0.4927853841079741,7999.212665340306,25.0,7974.212665340306
CASE_001409,CUST_00660,regular,0,insufficient_funds,9616.51,escalate,Case routed to manual review.,passed,0.5146739358256768,4949.367050606979,25.0,4924.367050606979
CASE_001410,CUST_00663,new,1,insufficient_funds,11988.93,reminder,Action passed all guardrails.,passed,0.598931289213437,7180.545301189651,5.0,7175.545301189651
CASE_001411,CUST_00663,new,1,unknown_failure,13964.81,reminder,Action passed all guardrails.,passed,0.4801116350100637,6704.667761704888,5.0,6699.667761704888
CASE_001412,CUST_00663,new,1,unknown_failure,19068.06,reminder,Action passed all guardrails.,passed,0.5020130617350408,9572.415181947465,5.0,9567.415181947465
CASE_001413,CUST_00663,new,1,unknown_failure,11501.73,reminder,Action passed all guardrails.,passed,0.4864340093873927,5594.832638791257,5.0,5589.832638791257
CASE_001414,CUST_00663,new,1,authentication_failed,22570.18,reminder,Action passed all guardrails.,passed,0.5555706929644376,12539.330542932092,5.0,12534.330542932092
CASE_001415,CUST_00664,regular,1,timeout,4769.73,retry,Action passed all guardrails.,passed,0.6568187811091903,3132.8482448199384,2.0,3130.8482448199384
CASE_001416,CUST_00664,regular,1,temporary_bank_failure,44369.6,retry,Action passed all guardrails.,passed,0.8312538043899668,36882.39879926107,2.0,36880.39879926107
CASE_001417,CUST_00664,regular,1,unknown_failure,15486.92,reminder,Action passed all guardrails.,passed,0.5273921253905539,8167.679654553477,5.0,8162.679654553477
CASE_001418,CUST_00667,new,1,unknown_failure,11156.13,reminder,Action passed all guardrails.,passed,0.4938637301880624,5509.607976262948,5.0,5504.607976262948
CASE_001419,CUST_00668,high_value,1,authentication_failed,53367.96,reminder,High-value case permitted for controlled recovery.,passed,0.5626839559932842,30029.294856091357,5.0,30024.294856091357
CASE_001420,CUST_00670,regular,1,timeout,2526.06,retry,Action passed all guardrails.,passed,0.6857719705948299,1732.301144040776,2.0,1730.301144040776
CASE_001421,CUST_00670,regular,1,risk_decline,4167.88,reminder,Action passed all guardrails.,passed,0.2087315666293872,869.9681219232905,5.0,864.9681219232905
CASE_001422,CUST_00671,high_value,1,unknown_failure,65013.36,escalate,Case routed to manual review.,passed,0.5553889449430048,36107.70141759976,25.0,36082.70141759976
CASE_001423,CUST_00673,regular,1,temporary_bank_failure,6740.45,retry,Action passed all guardrails.,passed,0.8288343873889759,5586.716746476022,2.0,5584.716746476022
CASE_001424,CUST_00675,high_value,1,temporary_bank_failure,15501.81,retry,Action passed all guardrails.,passed,0.8555510051776444,13262.58912757286,2.0,13260.58912757286
CASE_001425,CUST_00676,regular,1,unknown_failure,66547.18,escalate,Case routed to manual review.,passed,0.5117762557882279,34057.26661366524,25.0,34032.26661366524
CASE_001426,CUST_00676,regular,1,unknown_failure,44555.43,escalate,Case routed to manual review.,passed,0.5412456037478127,24115.43061059341,25.0,24090.43061059341
CASE_001427,CUST_00676,regular,1,insufficient_funds,13238.87,reminder,Action passed all guardrails.,passed,0.5925976487762165,7845.323234453989,5.0,7840.323234453989
CASE_001428,CUST_00676,regular,1,risk_decline,8838.86,escalate,Case routed to manual review.,passed,0.2632876348333279,2327.162544022909,25.0,2302.162544022909
CASE_001429,CUST_00680,regular,1,unknown_failure,38657.21,reminder,Action passed all guardrails.,passed,0.5715669219208037,22095.18252974611,5.0,22090.18252974611
CASE_001430,CUST_00681,regular,1,insufficient_funds,34505.21,reminder,Action passed all guardrails.,passed,0.5776458255029089,19931.790514601227,5.0,19926.790514601227
CASE_001431,CUST_00684,regular,1,unknown_failure,47394.35,reminder,Action passed all guardrails.,passed,0.5468504048837115,25917.61948670033,5.0,25912.61948670033
CASE_001432,CUST_00685,regular,1,unknown_failure,12577.65,reminder,Action passed all guardrails.,passed,0.5072075998704605,6379.479668510698,5.0,6374.479668510698
CASE_001433,CUST_00687,regular,1,limit_exceeded,39855.21,reminder,Action passed all guardrails.,passed,0.5077238133600619,20235.43920346607,5.0,20230.43920346607
CASE_001434,CUST_00688,regular,1,risk_decline,1943.19,reminder,Action passed all guardrails.,passed,0.1680903014461338,326.6313928671128,5.0,321.6313928671128
CASE_001435,CUST_00688,regular,1,temporary_bank_failure,30028.9,retry,Action passed all guardrails.,passed,0.8367962915622812,25128.072159694588,2.0,25126.072159694588
CASE_001436,CUST_00688,regular,1,temporary_bank_failure,14343.49,retry,Action passed all guardrails.,passed,0.8430674832564484,12092.530015414037,2.0,12090.530015414037
CASE_001437,CUST_00689,new,1,authentication_failed,5187.42,reminder,Action passed all guardrails.,passed,0.4805920128576881,2493.032619338229,5.0,2488.032619338229
CASE_001438,CUST_00689,new,1,timeout,6458.63,retry,Action passed all guardrails.,passed,0.6407159039361447,4138.146958639102,2.0,4136.146958639102
CASE_001439,CUST_00690,regular,1,unknown_failure,40941.72,reminder,Action passed all guardrails.,passed,0.4855312178984318,19878.483174456585,5.0,19873.483174456585
CASE_001440,CUST_00690,regular,1,unknown_failure,32165.4,reminder,Action passed all guardrails.,passed,0.5079726722002927,16339.144190391296,5.0,16334.144190391296
CASE_001441,CUST_00691,high_value,1,insufficient_funds,98752.77,reminder,High-value case permitted for controlled recovery.,passed,0.560429060123116,55343.92207565425,5.0,55338.92207565425
CASE_001442,CUST_00691,high_value,1,unknown_failure,47708.17,reminder,Action passed all guardrails.,passed,0.5786945026365158,27608.455709848346,5.0,27603.455709848346
CASE_001443,CUST_00693,regular,1,unknown_failure,63183.85,reminder,High-value case permitted for controlled recovery.,passed,0.5045290346466285,31878.08684575737,5.0,31873.08684575737
CASE_001444,CUST_00694,regular,1,unknown_failure,34238.84,reminder,Action passed all guardrails.,passed,0.5607459119302465,19199.2895592338,5.0,19194.2895592338
CASE_001445,CUST_00694,regular,1,unknown_failure,20096.44,reminder,Action passed all guardrails.,passed,0.5985508733013534,12028.74171224825,5.0,12023.74171224825
CASE_001446,CUST_00694,regular,1,unknown_failure,4012.41,reminder,Action passed all guardrails.,passed,0.571925573178576,2294.7998890774497,5.0,2289.7998890774497
CASE_001447,CUST_00695,regular,1,temporary_bank_failure,8906.03,retry,Action passed all guardrails.,passed,0.7985990687294643,7112.347264076671,2.0,7110.347264076671
CASE_001448,CUST_00695,regular,1,limit_exceeded,48212.34,reminder,Action passed all guardrails.,passed,0.4741719487691504,22860.93921252086,5.0,22855.93921252086
CASE_001449,CUST_00697,high_value,1,unknown_failure,16178.4,reminder,Action passed all guardrails.,passed,0.5060049688295837,8186.350787712537,5.0,8181.350787712537
CASE_001450,CUST_00697,high_value,1,temporary_bank_failure,58086.9,retry,High-value case permitted for controlled recovery.,passed,0.8667748240410827,50348.26252659197,2.0,50346.26252659197
CASE_001451,CUST_00697,high_value,1,risk_decline,46212.84,escalate,Case routed to manual review.,passed,0.2711408957785765,12530.190834072033,25.0,12505.190834072033
CASE_001452,CUST_00697,high_value,1,unknown_failure,29339.11,reminder,Action passed all guardrails.,passed,0.5139328525387915,15078.332493249383,5.0,15073.332493249383
CASE_001453,CUST_00698,high_value,1,expired_instrument,112632.36,reminder,High-value case permitted for controlled recovery.,passed,0.6208809883086351,69931.29099233399,5.0,69926.29099233399
CASE_001454,CUST_00699,regular,1,unknown_failure,37631.74,reminder,Action passed all guardrails.,passed,0.4589896633859043,17272.57967522587,5.0,17267.57967522587
CASE_001455,CUST_00700,new,1,unknown_failure,4936.47,reminder,Action passed all guardrails.,passed,0.4236206598423442,2091.190678691937,5.0,2086.190678691937
CASE_001456,CUST_00701,regular,0,expired_instrument,36326.46,escalate,Case routed to manual review.,passed,0.4344475588649883,15781.941869206645,25.0,15756.941869206645
CASE_001457,CUST_00703,high_value,1,unknown_failure,72720.21,reminder,High-value case permitted for controlled recovery.,passed,0.5187227278429402,37721.62570051146,5.0,37716.62570051146
CASE_001458,CUST_00705,regular,1,unknown_failure,5169.36,reminder,Action passed all guardrails.,passed,0.5606204736585044,2898.0490517113262,5.0,2893.0490517113262
CASE_001459,CUST_00707,regular,1,unknown_failure,28755.48,escalate,Case routed to manual review.,passed,0.5245310719336336,15083.14274836616,25.0,15058.14274836616
CASE_001460,CUST_00707,regular,1,unknown_failure,49415.27,escalate,Case routed to manual review.,passed,0.5092384853180794,25164.15724638393,25.0,25139.15724638393
CASE_001461,CUST_00708,regular,1,authentication_failed,70243.84,reminder,High-value case permitted for controlled recovery.,passed,0.5430607079166333,38146.66947718272,5.0,38141.66947718272
CASE_001462,CUST_00709,new,1,unknown_failure,3421.87,reminder,Action passed all guardrails.,passed,0.397109896101834,1358.858440173983,5.0,1353.858440173983
CASE_001463,CUST_00710,regular,0,temporary_bank_failure,29675.78,retry,Action passed all guardrails.,passed,0.8249454122657078,24480.89856640645,2.0,24478.89856640645
CASE_001464,CUST_00711,new,1,insufficient_funds,13199.75,reminder,Action passed all guardrails.,passed,0.520330309664849,6868.23000499859,5.0,6863.23000499859
CASE_001465,CUST_00712,regular,1,timeout,7876.08,retry,Action passed all guardrails.,passed,0.7188383399145835,5661.628272234452,2.0,5659.628272234452
CASE_001466,CUST_00712,regular,1,risk_decline,28862.11,reminder,Action passed all guardrails.,passed,0.2331281410980831,6728.570052468395,5.0,6723.570052468395
CASE_001467,CUST_00712,regular,1,temporary_bank_failure,44604.67,retry,Action passed all guardrails.,passed,0.7591549780867776,33861.85727641794,2.0,33859.85727641794
CASE_001468,CUST_00713,high_value,1,temporary_bank_failure,35789.05,retry,Action passed all guardrails.,passed,0.8175440866698839,29259.126195032808,2.0,29257.126195032808
CASE_001469,CUST_00713,high_value,1,authentication_failed,17570.84,reminder,Action passed all guardrails.,passed,0.5219078104655961,9170.358632441314,5.0,9165.358632441314
CASE_001470,CUST_00713,high_value,1,unknown_failure,69852.73,reminder,High-value case permitted for controlled recovery.,passed,0.616772214957851,43083.22300295272,5.0,43078.22300295272
CASE_001471,CUST_00714,high_value,1,insufficient_funds,7008.33,reminder,Action passed all guardrails.,passed,0.5550723405856597,3890.130136696696,5.0,3885.130136696696
CASE_001472,CUST_00714,high_value,1,unknown_failure,84426.28,reminder,High-value case permitted for controlled recovery.,passed,0.5203215255503363,43928.810806139845,5.0,43923.810806139845
CASE_001473,CUST_00715,regular,1,temporary_bank_failure,45645.59,escalate,Case routed to manual review.,passed,0.7567078397423035,34540.375802662886,25.0,34515.375802662886
CASE_001474,CUST_00716,high_value,1,unknown_failure,76242.56,escalate,Case routed to manual review.,passed,0.5329555207827571,40633.893270610606,25.0,40608.893270610606
CASE_001475,CUST_00716,high_value,1,temporary_bank_failure,74792.68,retry,High-value case permitted for controlled recovery.,passed,0.8371510981308652,62612.77419415039,2.0,62610.77419415039
CASE_001476,CUST_00716,high_value,1,unknown_failure,73211.4,escalate,Case routed to manual review.,passed,0.5294979649366747,38765.28731016486,25.0,38740.28731016486
CASE_001477,CUST_00716,high_value,1,unknown_failure,45837.04,reminder,Action passed all guardrails.,passed,0.5465561054277621,25052.51406673655,5.0,25047.51406673655
CASE_001478,CUST_00717,new,1,unknown_failure,11460.43,retry,Action passed all guardrails.,passed,0.5235811326873717,6000.464920484335,2.0,5998.464920484335
CASE_001479,CUST_00717,new,1,temporary_bank_failure,3399.82,retry,Action passed all guardrails.,passed,0.8207266569138586,2790.322902708875,2.0,2788.322902708875
CASE_001480,CUST_00718,high_value,1,blocked_instrument,8095.05,reminder,Action passed all guardrails.,passed,0.3695944260886912,2991.88535890926,5.0,2986.88535890926
CASE_001481,CUST_00719,regular,1,temporary_bank_failure,29417.91,retry,Action passed all guardrails.,passed,0.8141617830278145,23950.938058551776,2.0,23948.938058551776
CASE_001482,CUST_00719,regular,1,timeout,13726.02,escalate,Case routed to manual review.,passed,0.7002146538821539,9611.160343479522,25.0,9586.160343479522
CASE_001483,CUST_00720,high_value,1,timeout,24549.74,escalate,Case routed to manual review.,passed,0.6013735554461824,14763.564429079364,25.0,14738.564429079364
CASE_001484,CUST_00720,high_value,1,blocked_instrument,63140.51,escalate,Case routed to manual review.,passed,0.4691219694851332,29620.60040549575,25.0,29595.60040549575
CASE_001485,CUST_00720,high_value,1,insufficient_funds,84432.98,reminder,High-value case permitted for controlled recovery.,passed,0.5953089561775553,50263.7091907604,5.0,50258.7091907604
CASE_001486,CUST_00723,regular,1,expired_instrument,68046.34,reminder,High-value case permitted for controlled recovery.,passed,0.5820922323218042,39609.24595192848,5.0,39604.24595192848
CASE_001487,CUST_00723,regular,1,insufficient_funds,43201.78,reminder,Action passed all guardrails.,passed,0.6149115467875046,26565.27336377348,5.0,26560.27336377348
CASE_001488,CUST_00724,new,1,authentication_failed,13566.14,reminder,Action passed all guardrails.,passed,0.5180802637238124,7028.349388914161,5.0,7023.349388914161
CASE_001489,CUST_00725,regular,1,unknown_failure,29931.1,reminder,Action passed all guardrails.,passed,0.5510871554514418,16494.64475853265,5.0,16489.64475853265
CASE_001490,CUST_00727,regular,1,unknown_failure,22135.4,reminder,Action passed all guardrails.,passed,0.5711428966542685,12642.476474600897,5.0,12637.476474600897
CASE_001491,CUST_00729,regular,1,authentication_failed,42212.04,reminder,Action passed all guardrails.,passed,0.5705075723195084,24082.288463053985,5.0,24077.288463053985
CASE_001492,CUST_00730,high_value,1,expired_instrument,5514.5,reminder,Action passed all guardrails.,passed,0.5416497684048739,2986.927647868677,5.0,2981.927647868677
CASE_001493,CUST_00731,regular,1,expired_instrument,55880.62,reminder,High-value case permitted for controlled recovery.,passed,0.5334570609129257,29809.91130719205,5.0,29804.91130719205
CASE_001494,CUST_00732,regular,0,temporary_bank_failure,36765.85,retry,Action passed all guardrails.,passed,0.818588253865924,30096.09295339648,2.0,30094.09295339648
CASE_001495,CUST_00732,regular,0,unknown_failure,42048.2,escalate,Case routed to manual review.,passed,0.5289714400548087,22242.296905712603,25.0,22217.296905712603
CASE_001496,CUST_00733,new,1,unknown_failure,5307.12,reminder,Action passed all guardrails.,passed,0.4688297198651565,2488.135582890769,5.0,2483.135582890769
CASE_001497,CUST_00733,new,1,timeout,13320.28,retry,Action passed all guardrails.,passed,0.574171741128859,7648.128359923919,2.0,7646.128359923919
CASE_001498,CUST_00733,new,1,unknown_failure,14184.73,retry,Action passed all guardrails.,passed,0.5211172093503356,7391.906912987985,2.0,7389.906912987985
CASE_001499,CUST_00734,high_value,1,temporary_bank_failure,53109.82,retry,High-value case permitted for controlled recovery.,passed,0.8635647053597292,45863.76606000825,2.0,45861.76606000825
CASE_001500,CUST_00734,high_value,1,authentication_failed,92197.28,reminder,High-value case permitted for controlled recovery.,passed,0.5096618998782396,46989.440888406025,5.0,46984.440888406025
CASE_001501,CUST_00735,new,1,unknown_failure,9855.11,escalate,Case routed to manual review.,passed,0.4568204081350329,4502.015372415644,25.0,4477.015372415644
CASE_001502,CUST_00737,regular,1,limit_exceeded,62880.28,escalate,Case routed to manual review.,passed,0.4466421289914584,28084.98213077902,25.0,28059.98213077902
CASE_001503,CUST_00737,regular,1,unknown_failure,6277.23,reminder,Action passed all guardrails.,passed,0.5050416289905371,3170.262464748269,5.0,3165.262464748269
CASE_001504,CUST_00737,regular,1,insufficient_funds,48410.67,escalate,Case routed to manual review.,passed,0.4891558165224906,23680.36081225084,25.0,23655.36081225084
CASE_001505,CUST_00739,regular,1,risk_decline,62960.82,reminder,High-value case permitted for controlled recovery.,passed,0.2086913420266484,13139.378020898246,5.0,13134.378020898246
CASE_001506,CUST_00740,regular,1,unknown_failure,4520.42,reminder,Action passed all guardrails.,passed,0.5197649749074051,2349.5559878709323,5.0,2344.5559878709323
CASE_001507,CUST_00741,regular,0,unknown_failure,41530.34,escalate,Case routed to manual review.,passed,0.5058669035921681,21008.82450092996,25.0,20983.82450092996
CASE_001508,CUST_00743,regular,1,temporary_bank_failure,3621.76,retry,Action passed all guardrails.,passed,0.8573707144225092,3105.190958666867,2.0,3103.190958666867
CASE_001509,CUST_00744,regular,1,unknown_failure,46858.31,reminder,Action passed all guardrails.,passed,0.547806831286318,25669.302320531988,5.0,25664.302320531988
CASE_001510,CUST_00744,regular,1,insufficient_funds,26332.18,reminder,Action passed all guardrails.,passed,0.5840954671622615,15380.506978500758,5.0,15375.506978500758
CASE_001511,CUST_00745,regular,1,insufficient_funds,9183.35,reminder,Action passed all guardrails.,passed,0.6287509188641752,5774.039750751324,5.0,5769.039750751324
CASE_001512,CUST_00745,regular,1,unknown_failure,43996.29,reminder,Action passed all guardrails.,passed,0.5281196893205993,23235.30700605899,5.0,23230.30700605899
CASE_001513,CUST_00745,regular,1,unknown_failure,63845.75,escalate,Case routed to manual review.,passed,0.5141814113689935,32828.29784491192,25.0,32803.29784491192
CASE_001514,CUST_00746,regular,1,insufficient_funds,2934.07,reminder,Action passed all guardrails.,passed,0.5590485159183323,1640.2874791005013,5.0,1635.2874791005013
CASE_001515,CUST_00747,regular,1,authentication_failed,9029.79,reminder,Action passed all guardrails.,passed,0.6113612630307133,5520.463819302105,5.0,5515.463819302105
CASE_001516,CUST_00747,regular,1,temporary_bank_failure,21998.41,retry,Action passed all guardrails.,passed,0.8653227377903516,19035.72436823465,2.0,19033.72436823465
CASE_001517,CUST_00748,regular,0,risk_decline,71592.06,escalate,Case routed to manual review.,passed,0.140210122959051,10037.931535491762,25.0,10012.931535491762
CASE_001518,CUST_00748,regular,0,unknown_failure,39159.47,escalate,Case routed to manual review.,passed,0.4892712215422723,19159.60172184797,25.0,19134.60172184797
CASE_001519,CUST_00749,regular,1,unknown_failure,48921.21,reminder,Action passed all guardrails.,passed,0.4977131392259997,24348.72900383437,5.0,24343.72900383437
CASE_001520,CUST_00750,new,1,authentication_failed,9806.08,reminder,Action passed all guardrails.,passed,0.4760689357053935,4668.370069041945,5.0,4663.370069041945
CASE_001521,CUST_00752,regular,1,limit_exceeded,9100.12,reminder,Action passed all guardrails.,passed,0.5363184479057215,4880.562234155815,5.0,4875.562234155815
CASE_001522,CUST_00752,regular,1,unknown_failure,31004.51,reminder,Action passed all guardrails.,passed,0.4944933668909179,15331.524538703132,5.0,15326.524538703132
CASE_001523,CUST_00753,regular,1,authentication_failed,4436.1,reminder,Action passed all guardrails.,passed,0.6047348618587439,2682.664320691574,5.0,2677.664320691574
CASE_001524,CUST_00754,regular,1,unknown_failure,19228.35,escalate,Case routed to manual review.,passed,0.5612860512452055,10792.604643460743,25.0,10767.604643460743
CASE_001525,CUST_00754,regular,1,temporary_bank_failure,3573.01,retry,Action passed all guardrails.,passed,0.7903811513965449,2824.039757751369,2.0,2822.039757751369
CASE_001526,CUST_00754,regular,1,limit_exceeded,1832.19,reminder,Action passed all guardrails.,passed,0.4333982324165418,794.0679074512637,5.0,789.0679074512637
CASE_001527,CUST_00756,new,1,unknown_failure,18662.38,reminder,Action passed all guardrails.,passed,0.499634926246971,9324.376854892947,5.0,9319.376854892947
CASE_001528,CUST_00756,new,1,insufficient_funds,22923.41,reminder,Action passed all guardrails.,passed,0.5481411165199186,12565.263551843867,5.0,12560.263551843867
CASE_001529,CUST_00756,new,1,unknown_failure,9183.56,reminder,Action passed all guardrails.,passed,0.4993444207453077,4585.759448579778,5.0,4580.759448579778
CASE_001530,CUST_00757,new,1,unknown_failure,21021.49,retry,Action passed all guardrails.,passed,0.5141130227879277,10807.421767406197,2.0,10805.421767406197
CASE_001531,CUST_00757,new,1,unknown_failure,1890.75,reminder,Action passed all guardrails.,passed,0.463480012870173,876.3248343342796,5.0,871.3248343342796
CASE_001532,CUST_00758,regular,1,unknown_failure,25485.17,escalate,Case routed to manual review.,passed,0.5122130278062981,13053.836089858232,25.0,13028.836089858232
CASE_001533,CUST_00758,regular,1,unknown_failure,35212.64,escalate,Case routed to manual review.,passed,0.4991547011076407,17576.554794410953,25.0,17551.554794410953
CASE_001534,CUST_00761,regular,1,expired_instrument,26732.4,reminder,Action passed all guardrails.,passed,0.593262952486679,15859.3425510549,5.0,15854.3425510549
CASE_001535,CUST_00763,regular,1,unknown_failure,18430.46,reminder,Action passed all guardrails.,passed,0.4851509677323237,8941.555504751883,5.0,8936.555504751883
CASE_001536,CUST_00763,regular,1,authentication_failed,14860.67,reminder,Action passed all guardrails.,passed,0.5443434348922576,8089.308152600325,5.0,8084.308152600325
CASE_001537,CUST_00764,regular,1,timeout,39613.12,retry,Action passed all guardrails.,passed,0.7923641712241137,31388.016998401366,2.0,31386.016998401366
CASE_001538,CUST_00764,regular,1,unknown_failure,25927.52,reminder,Action passed all guardrails.,passed,0.5613042260688436,14553.226547484464,5.0,14548.226547484464
CASE_001539,CUST_00764,regular,1,unknown_failure,41951.14,reminder,Action passed all guardrails.,passed,0.5243629798305977,21997.624777690577,5.0,21992.624777690577
CASE_001540,CUST_00768,regular,1,insufficient_funds,21527.65,reminder,Action passed all guardrails.,passed,0.5622310701420243,12103.513697142953,5.0,12098.513697142953
CASE_001541,CUST_00768,regular,1,risk_decline,8837.56,reminder,Action passed all guardrails.,passed,0.1990683461222459,1759.2784529561156,5.0,1754.2784529561156
CASE_001542,CUST_00769,new,1,unknown_failure,10064.11,reminder,Action passed all guardrails.,passed,0.5387122917088831,5421.659762110288,5.0,5416.659762110288
CASE_001543,CUST_00771,new,1,temporary_bank_failure,15633.98,retry,Action passed all guardrails.,passed,0.7795000279363362,12186.687846756122,2.0,12184.687846756122
CASE_001544,CUST_00771,new,1,insufficient_funds,15903.65,reminder,Action passed all guardrails.,passed,0.5736030780484449,9122.382592205153,5.0,9117.382592205153
CASE_001545,CUST_00772,regular,1,unknown_failure,40746.44,escalate,Case routed to manual review.,passed,0.4169373845627857,16988.714123844475,25.0,16963.714123844475
CASE_001546,CUST_00772,regular,1,unknown_failure,38229.05,reminder,Action passed all guardrails.,passed,0.4073966267825945,15574.386015103144,5.0,15569.386015103144
CASE_001547,CUST_00772,regular,1,unknown_failure,36945.71,reminder,Action passed all guardrails.,passed,0.409869529255497,15142.920765710109,5.0,15137.920765710109
CASE_001548,CUST_00773,regular,1,temporary_bank_failure,22011.89,retry,Action passed all guardrails.,passed,0.8237877458576162,18133.125245165804,2.0,18131.125245165804
CASE_001549,CUST_00774,regular,1,insufficient_funds,8411.06,reminder,Action passed all guardrails.,passed,0.600922430159664,5054.394615418742,5.0,5049.394615418742
CASE_001550,CUST_00774,regular,1,temporary_bank_failure,19641.26,retry,Action passed all guardrails.,passed,0.8112023327677488,15933.035930497872,2.0,15931.035930497872
CASE_001551,CUST_00776,regular,1,timeout,23085.53,retry,Action passed all guardrails.,passed,0.753192473798105,17387.84744964037,2.0,17385.84744964037
CASE_001552,CUST_00777,regular,1,authentication_failed,27549.8,reminder,Action passed all guardrails.,passed,0.5242116758474963,14441.926827263353,5.0,14436.926827263353
CASE_001553,CUST_00777,regular,1,authentication_failed,10304.26,reminder,Action passed all guardrails.,passed,0.5275166668664272,5435.668889725051,5.0,5430.668889725051
CASE_001554,CUST_00778,regular,1,unknown_failure,35912.26,reminder,Action passed all guardrails.,passed,0.5403818873445216,19406.334837607174,5.0,19401.334837607174
CASE_001555,CUST_00779,high_value,1,temporary_bank_failure,11902.56,retry,Action passed all guardrails.,passed,0.8214472555438878,9777.325245946457,2.0,9775.325245946457
CASE_001556,CUST_00779,high_value,1,unknown_failure,17416.43,reminder,Action passed all guardrails.,passed,0.6206216022405016,10809.012691909538,5.0,10804.012691909538
CASE_001557,CUST_00780,regular,1,insufficient_funds,70944.48,reminder,High-value case permitted for controlled recovery.,passed,0.5191977082898054,36834.21143181193,5.0,36829.21143181193
CASE_001558,CUST_00780,regular,1,unknown_failure,30926.99,escalate,Case routed to manual review.,passed,0.5095064239493772,15757.500078418148,25.0,15732.500078418148
CASE_001559,CUST_00780,regular,1,expired_instrument,5468.38,reminder,Action passed all guardrails.,passed,0.5662629732029977,3096.5411174038086,5.0,3091.5411174038086
CASE_001560,CUST_00780,regular,1,unknown_failure,42601.86,escalate,Case routed to manual review.,passed,0.4735016078417772,20172.04920705029,25.0,20147.04920705029
CASE_001561,CUST_00780,regular,1,temporary_bank_failure,31099.82,retry,Action passed all guardrails.,passed,0.8381711701754723,26066.97252164656,2.0,26064.97252164656
CASE_001562,CUST_00781,new,1,unknown_failure,7002.25,reminder,Action passed all guardrails.,passed,0.4677796028616758,3275.509724138169,5.0,3270.509724138169
CASE_001563,CUST_00781,new,1,temporary_bank_failure,10302.84,retry,Action passed all guardrails.,passed,0.767913796051541,7911.692974511659,2.0,7909.692974511659
CASE_001564,CUST_00782,regular,1,insufficient_funds,26691.82,reminder,Action passed all guardrails.,passed,0.5787615818892642,15448.1999667035,5.0,15443.1999667035
CASE_001565,CUST_00783,regular,1,risk_decline,8084.34,reminder,Action passed all guardrails.,passed,0.2712309508193535,2192.723224946933,5.0,2187.723224946933
CASE_001566,CUST_00784,new,1,authentication_failed,17751.33,reminder,Action passed all guardrails.,passed,0.5034362054105188,8936.662216189905,5.0,8931.662216189905
CASE_001567,CUST_00784,new,1,unknown_failure,959.6,reminder,Action passed all guardrails.,passed,0.5111163698913631,490.467268547752,5.0,485.467268547752
CASE_001568,CUST_00785,regular,1,unknown_failure,30959.26,escalate,Case routed to manual review.,passed,0.5031985918025793,15578.65603524992,25.0,15553.65603524992
CASE_001569,CUST_00786,new,1,unknown_failure,5354.99,reminder,Action passed all guardrails.,passed,0.4522280474223253,2421.6766716660777,5.0,2416.6766716660777
CASE_001570,CUST_00786,new,1,unknown_failure,23383.58,escalate,Case routed to manual review.,passed,0.4517019970996033,10562.409785338345,25.0,10537.409785338345
CASE_001571,CUST_00786,new,1,unknown_failure,8359.4,reminder,Action passed all guardrails.,passed,0.4624038607473498,3865.418833531396,5.0,3860.418833531396
CASE_001572,CUST_00787,regular,1,insufficient_funds,14743.5,reminder,Action passed all guardrails.,passed,0.54774603418828,8075.693655054907,5.0,8070.693655054907
CASE_001573,CUST_00787,regular,1,unknown_failure,15913.2,reminder,Action passed all guardrails.,passed,0.4914806860611698,7821.030453428609,5.0,7816.030453428609
CASE_001574,CUST_00787,regular,1,timeout,2162.41,retry,Action passed all guardrails.,passed,0.695359279521455,1503.6518596299895,2.0,1501.6518596299895
CASE_001575,CUST_00788,new,1,temporary_bank_failure,19178.42,retry,Action passed all guardrails.,passed,0.8325157757184374,15966.337203353993,2.0,15964.337203353993
CASE_001576,CUST_00788,new,1,unknown_failure,17643.79,reminder,Action passed all guardrails.,passed,0.5148086998505252,9083.1765903357,5.0,9078.1765903357
CASE_001577,CUST_00789,regular,1,authentication_failed,32068.79,reminder,Action passed all guardrails.,passed,0.5641267521640887,18090.86234853221,5.0,18085.86234853221
CASE_001578,CUST_00790,regular,0,unknown_failure,14622.15,escalate,Case routed to manual review.,passed,0.5181225535918638,7576.0656970032705,25.0,7551.0656970032705
CASE_001579,CUST_00790,regular,0,unknown_failure,13777.75,escalate,Case routed to manual review.,passed,0.5182912817335414,7140.887706904301,25.0,7115.887706904301
CASE_001580,CUST_00790,regular,0,unknown_failure,11567.34,escalate,Case routed to manual review.,passed,0.5164853400231809,5974.361533063741,25.0,5949.361533063741
CASE_001581,CUST_00792,regular,1,temporary_bank_failure,21699.83,retry,Action passed all guardrails.,passed,0.7759529388056574,16838.04686008317,2.0,16836.04686008317
CASE_001582,CUST_00792,regular,1,authentication_failed,5492.57,reminder,Action passed all guardrails.,passed,0.5284133394838135,2902.3472560486093,5.0,2897.3472560486093
CASE_001583,CUST_00792,regular,1,temporary_bank_failure,34017.87,retry,Action passed all guardrails.,passed,0.816057776987025,27760.547370033608,2.0,27758.547370033608
CASE_001584,CUST_00793,regular,1,temporary_bank_failure,31459.78,retry,Action passed all guardrails.,passed,0.8338554958504474,26232.910451245985,2.0,26230.910451245985
CASE_001585,CUST_00794,regular,1,unknown_failure,47723.36,reminder,Action passed all guardrails.,passed,0.4790037579209383,22859.668780613792,5.0,22854.668780613792
CASE_001586,CUST_00794,regular,1,authentication_failed,27697.88,reminder,Action passed all guardrails.,passed,0.5602239711994424,15517.016327405614,5.0,15512.016327405614
CASE_001587,CUST_00795,regular,1,risk_decline,6791.19,reminder,Action passed all guardrails.,passed,0.3423367357750296,2324.873816628024,5.0,2319.873816628024
CASE_001588,CUST_00796,regular,0,authentication_failed,40862.39,escalate,Case routed to manual review.,passed,0.5291734797963127,21623.293109094047,25.0,21598.293109094047
CASE_001589,CUST_00797,regular,1,temporary_bank_failure,16839.76,retry,Action passed all guardrails.,passed,0.7630121033082542,12848.940696806205,2.0,12846.940696806205
CASE_001590,CUST_00798,regular,1,temporary_bank_failure,8068.41,retry,Action passed all guardrails.,passed,0.8199844061670717,6615.970382562463,2.0,6613.970382562463
CASE_001591,CUST_00798,regular,1,unknown_failure,31104.07,reminder,Action passed all guardrails.,passed,0.5823269470266492,18112.738123203188,5.0,18107.738123203188
CASE_001592,CUST_00798,regular,1,unknown_failure,28591.32,reminder,Action passed all guardrails.,passed,0.5896026663126915,16857.518505399385,5.0,16852.518505399385
CASE_001593,CUST_00799,regular,1,temporary_bank_failure,13856.81,retry,Action passed all guardrails.,passed,0.851782567563212,11802.989200035592,2.0,11800.989200035592
CASE_001594,CUST_00799,regular,1,unknown_failure,42569.26,reminder,Action passed all guardrails.,passed,0.5496643555928401,23398.804865964063,5.0,23393.804865964063
CASE_001595,CUST_00800,high_value,1,unknown_failure,58377.15,reminder,High-value case permitted for controlled recovery.,passed,0.5479963966100365,31990.467844363597,5.0,31985.467844363597
CASE_001596,CUST_00800,high_value,1,unknown_failure,22547.72,reminder,Action passed all guardrails.,passed,0.5868239638496462,13231.542426171944,5.0,13226.542426171944
CASE_001597,CUST_00800,high_value,1,blocked_instrument,10600.16,reminder,Action passed all guardrails.,passed,0.4974402008921985,5272.945719889447,5.0,5267.945719889447
CASE_001598,CUST_00801,new,1,unknown_failure,2282.94,reminder,Action passed all guardrails.,passed,0.4772846708341655,1089.6122664341497,5.0,1084.6122664341497
CASE_001599,CUST_00802,high_value,1,unknown_failure,70481.61,reminder,High-value case permitted for controlled recovery.,passed,0.5969512058167876,42074.08207740856,5.0,42069.08207740856
CASE_001600,CUST_00804,regular,1,temporary_bank_failure,30400.86,retry,Action passed all guardrails.,passed,0.8288686073599769,25198.318490745627,2.0,25196.318490745627
CASE_001601,CUST_00806,new,1,temporary_bank_failure,4822.71,retry,Action passed all guardrails.,passed,0.7907333444979037,3813.477607843485,2.0,3811.477607843485
CASE_001602,CUST_00807,new,1,temporary_bank_failure,17366.16,retry,Action passed all guardrails.,passed,0.7997936131729079,13889.343853338823,2.0,13887.343853338823
CASE_001603,CUST_00807,new,1,expired_instrument,879.16,escalate,Case routed to manual review.,passed,0.4793485876215652,421.4241042933753,25.0,396.4241042933753
CASE_001604,CUST_00810,regular,1,unknown_failure,8324.25,reminder,Action passed all guardrails.,passed,0.5456649509830778,4542.251468220885,5.0,4537.251468220885
CASE_001605,CUST_00810,regular,1,unknown_failure,26033.4,reminder,Action passed all guardrails.,passed,0.5770364284022867,15022.220155168092,5.0,15017.220155168092
CASE_001606,CUST_00810,regular,1,unknown_failure,26268.91,reminder,Action passed all guardrails.,passed,0.5760855890737496,15133.140491675313,5.0,15128.140491675313
CASE_001607,CUST_00811,regular,1,authentication_failed,18233.21,reminder,Action passed all guardrails.,passed,0.6184123365153179,11275.64199827446,5.0,11270.64199827446
CASE_001608,CUST_00811,regular,1,timeout,4282.75,retry,Action passed all guardrails.,passed,0.7653068996325947,3277.6181244014947,2.0,3275.6181244014947
CASE_001609,CUST_00812,regular,1,limit_exceeded,22504.41,reminder,Action passed all guardrails.,passed,0.46695748080061,10508.602600504057,5.0,10503.602600504057
CASE_001610,CUST_00812,regular,1,unknown_failure,1000.86,reminder,Action passed all guardrails.,passed,0.5058103370993725,506.245333989278,5.0,501.245333989278
CASE_001611,CUST_00812,regular,1,timeout,32014.86,retry,Action passed all guardrails.,passed,0.7250125813709538,23211.17629082969,2.0,23209.17629082969
CASE_001612,CUST_00812,regular,1,temporary_bank_failure,44399.59,retry,Action passed all guardrails.,passed,0.7508600463024035,33337.87820320773,2.0,33335.87820320773
CASE_001613,CUST_00813,regular,1,temporary_bank_failure,6393.4,retry,Action passed all guardrails.,passed,0.846590099288985,5412.589140794196,2.0,5410.589140794196
CASE_001614,CUST_00814,regular,1,insufficient_funds,7309.43,reminder,Action passed all guardrails.,passed,0.5785824727617758,4229.108083879107,5.0,4224.108083879107
CASE_001615,CUST_00815,regular,1,insufficient_funds,18873.6,reminder,Action passed all guardrails.,passed,0.61703862659976,11645.74022299323,5.0,11640.74022299323
CASE_001616,CUST_00816,regular,1,timeout,19033.29,escalate,Case routed to manual review.,passed,0.6815613145107581,12972.354151864469,25.0,12947.354151864469
CASE_001617,CUST_00816,regular,1,limit_exceeded,33868.0,reminder,Action passed all guardrails.,passed,0.5293814467454597,17929.09083837523,5.0,17924.09083837523
CASE_001618,CUST_00816,regular,1,unknown_failure,1749.76,reminder,Action passed all guardrails.,passed,0.4715467123696579,825.0935754359326,5.0,820.0935754359326
CASE_001619,CUST_00818,regular,1,unknown_failure,4514.93,reminder,Action passed all guardrails.,passed,0.5462653410230007,2466.3497761449767,5.0,2461.3497761449767
CASE_001620,CUST_00819,high_value,0,temporary_bank_failure,16214.15,retry,Action passed all guardrails.,passed,0.8540115902914636,13847.072026724334,2.0,13845.072026724334
CASE_001621,CUST_00819,high_value,0,insufficient_funds,23306.6,escalate,Case routed to manual review.,passed,0.4768310352511316,11113.310206184024,25.0,11088.310206184024
CASE_001622,CUST_00820,regular,1,blocked_instrument,10887.35,escalate,Case routed to manual review.,passed,0.495371564567455,5393.283603493482,25.0,5368.283603493482
CASE_001623,CUST_00822,regular,1,authentication_failed,10209.03,reminder,Action passed all guardrails.,passed,0.547397243642796,5588.394882266613,5.0,5583.394882266613
CASE_001624,CUST_00823,high_value,1,unknown_failure,42287.96,reminder,Action passed all guardrails.,passed,0.53443458469196,22600.148340070216,5.0,22595.148340070216
CASE_001625,CUST_00824,regular,0,insufficient_funds,4221.24,escalate,Case routed to manual review.,passed,0.4862955569672436,2052.770256892408,25.0,2027.7702568924076
CASE_001626,CUST_00824,regular,0,unknown_failure,8267.31,escalate,Case routed to manual review.,passed,0.5010709590783875,4142.508950698343,25.0,4117.508950698343
CASE_001627,CUST_00825,high_value,1,authentication_failed,12657.11,reminder,Action passed all guardrails.,passed,0.5478807096209091,6934.586408549904,5.0,6929.586408549904
CASE_001628,CUST_00825,high_value,1,unknown_failure,81574.29,reminder,High-value case permitted for controlled recovery.,passed,0.5738208269843981,46809.02654846511,5.0,46804.02654846511
CASE_001629,CUST_00825,high_value,1,unknown_failure,78945.28,reminder,High-value case permitted for controlled recovery.,passed,0.5727478557335417,45215.739840284055,5.0,45210.739840284055
CASE_001630,CUST_00825,high_value,1,unknown_failure,32520.95,reminder,Action passed all guardrails.,passed,0.5636814549635293,18331.45641279619,5.0,18326.45641279619
CASE_001631,CUST_00826,new,1,temporary_bank_failure,18482.36,retry,Action passed all guardrails.,passed,0.6985677622145207,12911.180865643168,2.0,12909.180865643168
CASE_001632,CUST_00826,new,1,temporary_bank_failure,14523.03,retry,Action passed all guardrails.,passed,0.6832457304698503,9922.79824098555,2.0,9920.79824098555
CASE_001633,CUST_00827,new,1,unknown_failure,16796.34,reminder,Action passed all guardrails.,passed,0.4943518051859945,8303.300999517727,5.0,8298.300999517727
CASE_001634,CUST_00827,new,1,expired_instrument,4780.56,reminder,Action passed all guardrails.,passed,0.4510590796240187,2156.3149936873992,5.0,2151.3149936873992
CASE_001635,CUST_00830,new,1,unknown_failure,1221.59,reminder,Action passed all guardrails.,passed,0.4447340328886904,543.2826472364953,5.0,538.2826472364953
CASE_001636,CUST_00830,new,1,unknown_failure,18105.2,reminder,Action passed all guardrails.,passed,0.5147654949974787,9319.93224002835,5.0,9314.93224002835
CASE_001637,CUST_00831,high_value,1,unknown_failure,24740.59,reminder,Action passed all guardrails.,passed,0.5619306561481273,13902.495972191797,5.0,13897.495972191797
CASE_001638,CUST_00833,regular,1,unknown_failure,21842.39,reminder,Action passed all guardrails.,passed,0.5762198156028882,12586.017938126368,5.0,12581.017938126368
CASE_001639,CUST_00834,new,1,blocked_instrument,10579.59,escalate,Case routed to manual review.,passed,0.3752721390083693,3970.225369131554,25.0,3945.225369131554
CASE_001640,CUST_00834,new,1,temporary_bank_failure,15249.31,retry,Action passed all guardrails.,passed,0.6968340947742924,10626.239129782563,2.0,10624.239129782563
CASE_001641,CUST_00835,regular,1,unknown_failure,42390.09,escalate,Case routed to manual review.,passed,0.522182844744357,22135.37778516932,25.0,22110.37778516932
CASE_001642,CUST_00835,regular,1,unknown_failure,2441.8,reminder,Action passed all guardrails.,passed,0.4769687700256451,1164.6623426486203,5.0,1159.6623426486203
CASE_001643,CUST_00835,regular,1,unknown_failure,22757.92,reminder,Action passed all guardrails.,passed,0.5756279691986159,13100.095272784563,5.0,13095.095272784563
CASE_001644,CUST_00835,regular,1,authentication_failed,2699.42,reminder,Action passed all guardrails.,passed,0.5237346359480508,1413.779750970887,5.0,1408.779750970887
CASE_001645,CUST_00837,regular,1,unknown_failure,43010.21,reminder,Action passed all guardrails.,passed,0.4774173604674323,20533.82093134996,5.0,20528.82093134996
CASE_001646,CUST_00838,high_value,1,unknown_failure,41058.63,reminder,Action passed all guardrails.,passed,0.55027112056354,22593.378338903774,5.0,22588.378338903774
CASE_001647,CUST_00839,regular,1,unknown_failure,44618.51,reminder,Action passed all guardrails.,passed,0.5586237709576402,24924.960310711176,5.0,24919.960310711176
CASE_001648,CUST_00840,regular,1,unknown_failure,42140.46,escalate,Case routed to manual review.,passed,0.4740131120187127,19975.130586500083,25.0,19950.130586500083
CASE_001649,CUST_00840,regular,1,temporary_bank_failure,13443.09,retry,Action passed all guardrails.,passed,0.7844140423115232,10544.948568057614,2.0,10542.948568057614
CASE_001650,CUST_00840,regular,1,limit_exceeded,5743.4,reminder,Action passed all guardrails.,passed,0.4923056619794528,2827.508339012789,5.0,2822.508339012789
CASE_001651,CUST_00841,regular,1,timeout,34270.56,retry,Action passed all guardrails.,passed,0.7100860695916535,24335.047253104934,2.0,24333.047253104934
CASE_001652,CUST_00841,regular,1,insufficient_funds,49168.29,reminder,Action passed all guardrails.,passed,0.5889214337129666,28956.25984001492,5.0,28951.25984001492
CASE_001653,CUST_00842,regular,1,insufficient_funds,22876.47,reminder,Action passed all guardrails.,passed,0.6188481013639855,14157.060025410174,5.0,14152.060025410174
CASE_001654,CUST_00843,regular,1,unknown_failure,44414.16,reminder,Action passed all guardrails.,passed,0.5322412869459445,23639.049677023093,5.0,23634.049677023093
CASE_001655,CUST_00844,regular,1,temporary_bank_failure,42305.73,retry,Action passed all guardrails.,passed,0.774242748220654,32754.90466068097,2.0,32752.90466068097
CASE_001656,CUST_00844,regular,1,unknown_failure,21523.01,reminder,Action passed all guardrails.,passed,0.4883311031249078,10510.355215868422,5.0,10505.355215868422
CASE_001657,CUST_00845,regular,0,insufficient_funds,66731.08,escalate,Case routed to manual review.,passed,0.4699852154930983,31362.621013887187,25.0,31337.621013887187
CASE_001658,CUST_00845,regular,0,unknown_failure,26036.81,escalate,Case routed to manual review.,passed,0.5230109406278488,13617.536489048582,25.0,13592.536489048582
CASE_001659,CUST_00845,regular,0,temporary_bank_failure,22003.14,retry,Action passed all guardrails.,passed,0.7004297482033638,15411.65380988336,2.0,15409.65380988336
CASE_001660,CUST_00845,regular,0,unknown_failure,4270.9,escalate,Case routed to manual review.,passed,0.4768765835843911,2036.692200830576,25.0,2011.692200830576
CASE_001661,CUST_00846,regular,0,unknown_failure,31353.2,escalate,Case routed to manual review.,passed,0.4883452125094021,15311.185116849789,25.0,15286.185116849789
CASE_001662,CUST_00846,regular,0,unknown_failure,30230.59,escalate,Case routed to manual review.,passed,0.4896817924286864,14803.369497376723,25.0,14778.369497376723
CASE_001663,CUST_00847,regular,1,blocked_instrument,12342.15,escalate,Case routed to manual review.,passed,0.5061855193456833,6247.417607592325,25.0,6222.417607592325
CASE_001664,CUST_00847,regular,1,temporary_bank_failure,3590.6,escalate,Case routed to manual review.,passed,0.7719713288700991,2771.840253440978,25.0,2746.840253440978
CASE_001665,CUST_00848,regular,1,unknown_failure,32696.42,reminder,Action passed all guardrails.,passed,0.506414684326565,16557.947212908784,5.0,16552.947212908784
CASE_001666,CUST_00848,regular,1,unknown_failure,18459.93,reminder,Action passed all guardrails.,passed,0.5382696417264662,9936.419907395644,5.0,9931.419907395644
CASE_001667,CUST_00848,regular,1,timeout,42805.79,escalate,Case routed to manual review.,passed,0.7755993422883026,33200.142570131204,25.0,33175.142570131204
CASE_001668,CUST_00848,regular,1,timeout,11576.74,retry,Action passed all guardrails.,passed,0.7704964132355424,8919.836646960433,2.0,8917.836646960433
CASE_001669,CUST_00849,regular,0,unknown_failure,35244.95,escalate,Case routed to manual review.,passed,0.5328608551417798,18780.65419642927,25.0,18755.65419642927
CASE_001670,CUST_00849,regular,0,authentication_failed,43112.22,escalate,Case routed to manual review.,passed,0.4814738722814193,20757.40750604845,25.0,20732.40750604845
CASE_001671,CUST_00849,regular,0,unknown_failure,26570.93,escalate,Case routed to manual review.,passed,0.5455450171272425,14495.63846193676,25.0,14470.63846193676
CASE_001672,CUST_00851,regular,1,unknown_failure,43697.02,reminder,Action passed all guardrails.,passed,0.4771621835038356,20850.56547581077,5.0,20845.56547581077
CASE_001673,CUST_00854,regular,1,unknown_failure,36324.35,reminder,Action passed all guardrails.,passed,0.4795937180490466,17420.930072214884,5.0,17415.930072214884
CASE_001674,CUST_00855,high_value,1,unknown_failure,47218.46,reminder,Action passed all guardrails.,passed,0.621069829669066,29325.96090943561,5.0,29320.96090943561
CASE_001675,CUST_00855,high_value,1,unknown_failure,44147.22,reminder,Action passed all guardrails.,passed,0.6162506125102766,27205.751365625933,5.0,27200.751365625933
CASE_001676,CUST_00855,high_value,1,unknown_failure,56080.01,reminder,High-value case permitted for controlled recovery.,passed,0.6317610918473838,35429.168348412204,5.0,35424.168348412204
CASE_001677,CUST_00856,regular,0,unknown_failure,35279.0,escalate,Case routed to manual review.,passed,0.5085633905934204,17941.60785674528,25.0,17916.60785674528
CASE_001678,CUST_00856,regular,0,insufficient_funds,45407.32,escalate,Case routed to manual review.,passed,0.5041911551623621,22893.96912362703,25.0,22868.96912362703
CASE_001679,CUST_00859,regular,0,expired_instrument,21318.09,escalate,Case routed to manual review.,passed,0.4773674603621608,10176.562483071975,25.0,10151.562483071975
CASE_001680,CUST_00860,regular,0,unknown_failure,17252.52,escalate,Case routed to manual review.,passed,0.5071528249471675,8749.664255457506,25.0,8724.664255457506
CASE_001681,CUST_00860,regular,0,expired_instrument,28651.55,escalate,Case routed to manual review.,passed,0.4797003416639172,13744.158324200807,25.0,13719.158324200807
CASE_001682,CUST_00861,regular,1,timeout,14356.81,retry,Action passed all guardrails.,passed,0.7081496338619522,10166.769744925614,2.0,10164.769744925614
CASE_001683,CUST_00863,regular,1,unknown_failure,6723.99,reminder,Action passed all guardrails.,passed,0.540144619437801,3631.92701965358,5.0,3626.92701965358
CASE_001684,CUST_00864,regular,0,insufficient_funds,53233.47,escalate,Case routed to manual review.,passed,0.4702129320910029,25031.06601407844,25.0,25006.06601407844
CASE_001685,CUST_00866,regular,1,unknown_failure,21398.26,escalate,Case routed to manual review.,passed,0.5117352562558402,10950.244064529094,25.0,10925.244064529094
CASE_001686,CUST_00866,regular,1,insufficient_funds,16723.83,reminder,Action passed all guardrails.,passed,0.5757540447852926,9628.81276680162,5.0,9623.81276680162
CASE_001687,CUST_00866,regular,1,temporary_bank_failure,37648.18,retry,Action passed all guardrails.,passed,0.7354251098437908,27687.41691191881,2.0,27685.41691191881
CASE_001688,CUST_00867,regular,1,unknown_failure,48028.46,reminder,Action passed all guardrails.,passed,0.5244974696783333,25190.805742547043,5.0,25185.805742547043
CASE_001689,CUST_00868,regular,1,expired_instrument,32711.61,reminder,Action passed all guardrails.,passed,0.5088562389844526,16645.50683572621,5.0,16640.50683572621
CASE_001690,CUST_00868,regular,1,limit_exceeded,22568.78,reminder,Action passed all guardrails.,passed,0.5160719295795734,11647.113842856885,5.0,11642.113842856885
CASE_001691,CUST_00869,new,1,expired_instrument,3342.81,reminder,Action passed all guardrails.,passed,0.4757999581163307,1590.5088579908513,5.0,1585.5088579908513
CASE_001692,CUST_00870,high_value,1,temporary_bank_failure,30850.59,retry,Action passed all guardrails.,passed,0.8545737975041029,26364.105851542103,2.0,26362.105851542103
CASE_001693,CUST_00871,regular,1,temporary_bank_failure,46441.19,retry,Action passed all guardrails.,passed,0.8030537428987691,37294.771454172886,2.0,37292.771454172886
CASE_001694,CUST_00871,regular,1,unknown_failure,26552.09,reminder,Action passed all guardrails.,passed,0.5870315823722155,15586.91540798948,5.0,15581.91540798948
CASE_001695,CUST_00871,regular,1,unknown_failure,25954.75,reminder,Action passed all guardrails.,passed,0.5884792014198346,15273.830553051452,5.0,15268.830553051452
CASE_001696,CUST_00872,regular,1,insufficient_funds,28738.8,reminder,Action passed all guardrails.,passed,0.5511967120346936,15840.732067822652,5.0,15835.732067822652
CASE_001697,CUST_00874,new,1,unknown_failure,2053.8,reminder,Action passed all guardrails.,passed,0.4156928558055704,853.7499872534808,5.0,848.7499872534808
CASE_001698,CUST_00875,regular,0,unknown_failure,11405.88,escalate,Case routed to manual review.,passed,0.4660293428185887,5315.474760667685,25.0,5290.474760667685
CASE_001699,CUST_00876,high_value,1,unknown_failure,88692.38,reminder,High-value case permitted for controlled recovery.,passed,0.5188717371986331,46019.96928688131,5.0,46014.96928688131
CASE_001700,CUST_00876,high_value,1,timeout,9046.4,escalate,Case routed to manual review.,passed,0.7197343257894735,6511.004604821893,25.0,6486.004604821893
CASE_001701,CUST_00877,regular,1,temporary_bank_failure,27405.14,retry,Action passed all guardrails.,passed,0.8263232136322478,22645.503354841658,2.0,22643.503354841658
CASE_001702,CUST_00877,regular,1,limit_exceeded,26807.83,reminder,Action passed all guardrails.,passed,0.5183158690187023,13894.92370295564,5.0,13889.92370295564
CASE_001703,CUST_00878,regular,1,unknown_failure,8139.6,reminder,Action passed all guardrails.,passed,0.5388820611436773,4386.284424885076,5.0,4381.284424885076
CASE_001704,CUST_00878,regular,1,unknown_failure,20438.26,reminder,Action passed all guardrails.,passed,0.5341614152047495,10917.329885922622,5.0,10912.329885922622
CASE_001705,CUST_00878,regular,1,risk_decline,8906.36,reminder,Action passed all guardrails.,passed,0.247984460615437,2208.6388806469035,5.0,2203.6388806469035
CASE_001706,CUST_00879,high_value,1,unknown_failure,94164.53,reminder,High-value case permitted for controlled recovery.,passed,0.581965567799467,54800.51416801994,5.0,54795.51416801994
CASE_001707,CUST_00880,new,1,insufficient_funds,3783.13,reminder,Action passed all guardrails.,passed,0.5158589191352944,1951.5613527483065,5.0,1946.5613527483065
CASE_001708,CUST_00880,new,1,unknown_failure,15641.36,retry,Action passed all guardrails.,passed,0.4887160421464822,7644.183552988302,2.0,7642.183552988302
CASE_001709,CUST_00880,new,1,unknown_failure,17120.98,retry,Action passed all guardrails.,passed,0.4841048007834803,8288.34861211795,2.0,8286.34861211795
CASE_001710,CUST_00881,new,1,insufficient_funds,17438.23,reminder,Action passed all guardrails.,passed,0.5387027920705516,9394.023189768455,5.0,9389.023189768455
CASE_001711,CUST_00882,regular,0,timeout,47502.12,retry,Action passed all guardrails.,passed,0.7212748040922279,34262.082296965506,2.0,34260.082296965506
CASE_001712,CUST_00883,regular,1,risk_decline,27079.41,reminder,Action passed all guardrails.,passed,0.1988340732655121,5384.309391926841,5.0,5379.309391926841
CASE_001713,CUST_00884,regular,1,authentication_failed,11618.81,reminder,Action passed all guardrails.,passed,0.6005995228104624,6978.251741625428,5.0,6973.251741625428
CASE_001714,CUST_00884,regular,1,unknown_failure,8642.79,reminder,Action passed all guardrails.,passed,0.505920357119763,4372.563403311117,5.0,4367.563403311117
CASE_001715,CUST_00885,regular,1,expired_instrument,11333.74,reminder,Action passed all guardrails.,passed,0.5450963641725053,6177.98046647649,5.0,6172.98046647649
CASE_001716,CUST_00885,regular,1,unknown_failure,15012.8,reminder,Action passed all guardrails.,passed,0.5109048556088305,7670.11241628425,5.0,7665.11241628425
CASE_001717,CUST_00885,regular,1,unknown_failure,6030.68,escalate,Case routed to manual review.,passed,0.4820378994051078,2907.016319184396,25.0,2882.016319184396
CASE_001718,CUST_00885,regular,1,unknown_failure,15648.86,escalate,Case routed to manual review.,passed,0.501709102555429,7851.175506615551,25.0,7826.175506615551
CASE_001719,CUST_00885,regular,1,unknown_failure,48998.69,escalate,Case routed to manual review.,passed,0.4680654567175915,22934.59421341369,25.0,22909.59421341369
CASE_001720,CUST_00885,regular,1,unknown_failure,35678.67,reminder,Action passed all guardrails.,passed,0.4723728576714261,16853.63530581578,5.0,16848.63530581578
CASE_001721,CUST_00886,new,1,insufficient_funds,3533.0,reminder,Action passed all guardrails.,passed,0.6165961587187607,2178.434228753382,5.0,2173.434228753382
CASE_001722,CUST_00887,high_value,1,unknown_failure,76055.87,reminder,High-value case permitted for controlled recovery.,passed,0.6513826296912807,49541.47260405818,5.0,49536.47260405818
CASE_001723,CUST_00889,regular,1,limit_exceeded,13972.63,reminder,Action passed all guardrails.,passed,0.5515008114553646,7705.91678316557,5.0,7700.91678316557
CASE_001724,CUST_00889,regular,1,temporary_bank_failure,4480.17,retry,Action passed all guardrails.,passed,0.8189309955508854,3668.9500783372105,2.0,3666.9500783372105
CASE_001725,CUST_00889,regular,1,unknown_failure,14472.28,reminder,Action passed all guardrails.,passed,0.5384624471977385,7792.779305330887,5.0,7787.779305330887
CASE_001726,CUST_00891,regular,1,insufficient_funds,30187.57,reminder,Action passed all guardrails.,passed,0.5552834341798122,16762.657539143474,5.0,16757.657539143474
CASE_001727,CUST_00891,regular,1,insufficient_funds,37470.7,reminder,Action passed all guardrails.,passed,0.5624882788693102,21076.82955102826,5.0,21071.82955102826
CASE_001728,CUST_00891,regular,1,unknown_failure,7182.25,reminder,Action passed all guardrails.,passed,0.4950202852647018,3555.3594438424047,5.0,3550.3594438424047
CASE_001729,CUST_00891,regular,1,unknown_failure,36428.55,escalate,Case routed to manual review.,passed,0.497311450247183,18116.33503090202,25.0,18091.33503090202
CASE_001730,CUST_00893,regular,1,insufficient_funds,37451.06,reminder,Action passed all guardrails.,passed,0.5777246635543587,21636.4010382541,5.0,21631.4010382541
CASE_001731,CUST_00894,regular,1,insufficient_funds,42724.82,reminder,Action passed all guardrails.,passed,0.5448431953203273,23278.32744828583,5.0,23273.32744828583
CASE_001732,CUST_00898,regular,1,risk_decline,22801.32,reminder,Action passed all guardrails.,passed,0.4214454958968128,9609.513614501917,5.0,9604.513614501917
CASE_001733,CUST_00898,regular,1,unknown_failure,13149.7,escalate,Case routed to manual review.,passed,0.5903894065420863,7763.443579206472,25.0,7738.443579206472
CASE_001734,CUST_00898,regular,1,insufficient_funds,25295.33,reminder,Action passed all guardrails.,passed,0.6732108195709396,17029.089840617376,5.0,17024.089840617376
CASE_001735,CUST_00898,regular,1,authentication_failed,35106.8,escalate,Case routed to manual review.,passed,0.582920602498052,20464.47700777861,25.0,20439.47700777861
CASE_001736,CUST_00898,regular,1,unknown_failure,8263.37,escalate,Case routed to manual review.,passed,0.5714640907306298,4722.219223420764,25.0,4697.219223420764
CASE_001737,CUST_00898,regular,1,insufficient_funds,29764.16,reminder,Action passed all guardrails.,passed,0.6469483497622152,19255.87419405853,5.0,19250.87419405853
CASE_001738,CUST_00899,regular,1,temporary_bank_failure,13403.64,retry,Action passed all guardrails.,passed,0.7357925806327776,9862.298865472723,2.0,9860.298865472723
CASE_001739,CUST_00899,regular,1,unknown_failure,43584.78,reminder,Action passed all guardrails.,passed,0.5048781502890496,22005.003107155164,5.0,22000.003107155164
CASE_001740,CUST_00899,regular,1,blocked_instrument,3398.75,reminder,Action passed all guardrails.,passed,0.5556773077847345,1888.6082498333665,5.0,1883.6082498333665
CASE_001741,CUST_00899,regular,1,unknown_failure,10470.7,reminder,Action passed all guardrails.,passed,0.5044789153809007,5282.247379278798,5.0,5277.247379278798
CASE_001742,CUST_00899,regular,1,unknown_failure,15105.86,reminder,Action passed all guardrails.,passed,0.5202686113409571,7859.104805310912,5.0,7854.104805310912
CASE_001743,CUST_00899,regular,1,unknown_failure,44478.63,reminder,Action passed all guardrails.,passed,0.5055423676257094,22485.831918947904,5.0,22480.831918947904
CASE_001744,CUST_00900,regular,1,authentication_failed,57228.59,reminder,High-value case permitted for controlled recovery.,passed,0.5569305065890091,31872.3476200747,5.0,31867.3476200747
CASE_001745,CUST_00903,regular,1,insufficient_funds,15291.49,reminder,Action passed all guardrails.,passed,0.6245860944370338,9550.852017222958,5.0,9545.852017222958
CASE_001746,CUST_00903,regular,1,unknown_failure,8707.08,reminder,Action passed all guardrails.,passed,0.4663991429682474,4060.974649755968,5.0,4055.974649755968
CASE_001747,CUST_00903,regular,1,temporary_bank_failure,14395.74,retry,Action passed all guardrails.,passed,0.7044792833886471,10141.500599049285,2.0,10139.500599049285
CASE_001748,CUST_00903,regular,1,expired_instrument,49657.62,reminder,Action passed all guardrails.,passed,0.5527686455841692,27449.175350333357,5.0,27444.175350333357
CASE_001749,CUST_00904,regular,1,temporary_bank_failure,36590.05,retry,Action passed all guardrails.,passed,0.8337578452769218,30507.241246574835,2.0,30505.241246574835
CASE_001750,CUST_00905,new,1,temporary_bank_failure,10488.41,retry,Action passed all guardrails.,passed,0.7841846898868783,8224.850543256433,2.0,8222.850543256433
CASE_001751,CUST_00905,new,1,unknown_failure,2619.68,reminder,Action passed all guardrails.,passed,0.4586833918923909,1201.6037080726587,5.0,1196.6037080726587
CASE_001752,CUST_00905,new,1,unknown_failure,15128.17,reminder,Action passed all guardrails.,passed,0.4360064368008388,6595.979497017346,5.0,6590.979497017346
CASE_001753,CUST_00906,new,0,unknown_failure,8711.2,escalate,Case routed to manual review.,passed,0.4537559846019007,3952.759133064078,25.0,3927.759133064078
CASE_001754,CUST_00907,regular,1,unknown_failure,9694.29,reminder,Action passed all guardrails.,passed,0.5562403268068002,5392.355037759896,5.0,5387.355037759896
CASE_001755,CUST_00907,regular,1,insufficient_funds,26668.21,reminder,Action passed all guardrails.,passed,0.6280247358241805,16748.29554015377,5.0,16743.29554015377
CASE_001756,CUST_00908,high_value,1,authentication_failed,17124.52,reminder,Action passed all guardrails.,passed,0.5690865735835557,9745.334411063071,5.0,9740.334411063071
CASE_001757,CUST_00909,regular,1,unknown_failure,43563.64,reminder,Action passed all guardrails.,passed,0.4868489746686212,21208.91346683293,5.0,21203.91346683293
CASE_001758,CUST_00910,regular,1,temporary_bank_failure,24143.8,retry,Action passed all guardrails.,passed,0.8049310479521357,19434.09423554677,2.0,19432.09423554677
CASE_001759,CUST_00910,regular,1,insufficient_funds,31345.86,reminder,Action passed all guardrails.,passed,0.5518047837443191,17296.7954985797,5.0,17291.7954985797
CASE_001760,CUST_00911,regular,1,authentication_failed,42594.63,reminder,Action passed all guardrails.,passed,0.4847865901345118,20649.30543574118,5.0,20644.30543574118
CASE_001761,CUST_00913,regular,1,limit_exceeded,71651.87,reminder,High-value case permitted for controlled recovery.,passed,0.4956399985237052,35513.53274102072,5.0,35508.53274102072
CASE_001762,CUST_00913,regular,1,insufficient_funds,23672.75,reminder,Action passed all guardrails.,passed,0.5803969471462141,13739.59183055554,5.0,13734.59183055554
CASE_001763,CUST_00914,regular,0,expired_instrument,35193.85,escalate,Case routed to manual review.,passed,0.4698259623058388,16534.984443497342,25.0,16509.984443497342
CASE_001764,CUST_00915,new,1,insufficient_funds,11908.14,reminder,Action passed all guardrails.,passed,0.5890356726544382,7014.319254963222,5.0,7009.319254963222
CASE_001765,CUST_00917,regular,1,unknown_failure,8715.05,reminder,Action passed all guardrails.,passed,0.5528527539524226,4818.13939333306,5.0,4813.13939333306
CASE_001766,CUST_00917,regular,1,unknown_failure,12394.05,reminder,Action passed all guardrails.,passed,0.5633611616667151,6982.326405755351,5.0,6977.326405755351
CASE_001767,CUST_00918,regular,1,unknown_failure,35998.96,escalate,Case routed to manual review.,passed,0.5019550224860906,18069.85877627588,25.0,18044.85877627588
CASE_001768,CUST_00918,regular,1,insufficient_funds,11078.07,reminder,Action passed all guardrails.,passed,0.5964692555598983,6607.728165940442,5.0,6602.728165940442
CASE_001769,CUST_00919,regular,1,insufficient_funds,36691.52,reminder,Action passed all guardrails.,passed,0.5755711930868606,21118.581942570403,5.0,21113.581942570403
CASE_001770,CUST_00921,regular,1,timeout,18430.82,retry,Action passed all guardrails.,passed,0.7572265339765452,13956.305946945587,2.0,13954.305946945587
CASE_001771,CUST_00922,regular,1,unknown_failure,23804.92,reminder,Action passed all guardrails.,passed,0.5946591639943941,14155.813826153431,5.0,14150.813826153431
CASE_001772,CUST_00923,regular,1,insufficient_funds,34733.17,reminder,Action passed all guardrails.,passed,0.6146999600652995,21350.478211941256,5.0,21345.478211941256
CASE_001773,CUST_00924,regular,1,limit_exceeded,12040.16,reminder,Action passed all guardrails.,passed,0.5187618368742428,6245.975517859783,5.0,6240.975517859783
CASE_001774,CUST_00925,regular,1,temporary_bank_failure,10016.48,reminder,Action passed all guardrails.,passed,0.7076284082679282,7087.945798847537,5.0,7082.945798847537
CASE_001775,CUST_00925,regular,1,insufficient_funds,10694.33,reminder,Action passed all guardrails.,passed,0.6397810713406997,6842.029904670985,5.0,6837.029904670985
CASE_001776,CUST_00925,regular,1,unknown_failure,47043.19,escalate,Case routed to manual review.,passed,0.5570166313972312,26203.839223979918,25.0,26178.839223979918
CASE_001777,CUST_00927,new,1,timeout,9761.19,retry,Action passed all guardrails.,passed,0.6322890323860872,6171.893380036751,2.0,6169.893380036751
CASE_001778,CUST_00928,regular,1,insufficient_funds,52203.74,reminder,High-value case permitted for controlled recovery.,passed,0.5801373345972061,30285.338579605548,5.0,30280.338579605548
CASE_001779,CUST_00928,regular,1,authentication_failed,20435.56,reminder,Action passed all guardrails.,passed,0.5555010538801751,11351.975116631553,5.0,11346.975116631553
CASE_001780,CUST_00929,high_value,1,insufficient_funds,142326.87,reminder,High-value case permitted for controlled recovery.,passed,0.6799132052924066,96769.91838093566,5.0,96764.91838093566
CASE_001781,CUST_00930,regular,0,expired_instrument,25352.02,escalate,Case routed to manual review.,passed,0.5250615210012525,13311.370181654172,25.0,13286.370181654172
CASE_001782,CUST_00932,high_value,1,timeout,38185.4,reminder,Action passed all guardrails.,passed,0.6350213530658403,24248.54437536034,5.0,24243.54437536034
CASE_001783,CUST_00933,regular,1,insufficient_funds,11252.51,reminder,Action passed all guardrails.,passed,0.6512651830226862,7328.367984614607,5.0,7323.367984614607
CASE_001784,CUST_00934,regular,1,authentication_failed,6106.26,escalate,Case routed to manual review.,passed,0.5719828366031613,3492.67591583642,25.0,3467.67591583642
CASE_001785,CUST_00934,regular,1,unknown_failure,31185.52,reminder,Action passed all guardrails.,passed,0.5274403808114189,16448.50254460212,5.0,16443.50254460212
CASE_001786,CUST_00934,regular,1,risk_decline,24630.39,reminder,Action passed all guardrails.,passed,0.3067187756142135,7554.60306370057,5.0,7549.60306370057
CASE_001787,CUST_00936,regular,1,authentication_failed,26482.78,reminder,Action passed all guardrails.,passed,0.5538410310723092,14667.250180861129,5.0,14662.250180861129
CASE_001788,CUST_00939,high_value,1,insufficient_funds,53732.84,reminder,High-value case permitted for controlled recovery.,passed,0.5650867493108614,30363.715886840622,5.0,30358.715886840622
CASE_001789,CUST_00939,high_value,1,limit_exceeded,23557.94,reminder,Action passed all guardrails.,passed,0.4872130868787964,11477.736667905472,5.0,11472.736667905472
CASE_001790,CUST_00940,regular,1,unknown_failure,11918.41,reminder,Action passed all guardrails.,passed,0.5799463342626577,6912.038189739403,5.0,6907.038189739403
CASE_001791,CUST_00941,new,1,unknown_failure,23696.77,reminder,Action passed all guardrails.,passed,0.4815735227126325,11411.737005811028,5.0,11406.737005811028
CASE_001792,CUST_00942,new,1,insufficient_funds,16272.46,reminder,Action passed all guardrails.,passed,0.5291000263278381,8609.759014418692,5.0,8604.759014418692
CASE_001793,CUST_00942,new,1,unknown_failure,4419.25,reminder,Action passed all guardrails.,passed,0.4460459169500773,1971.1884184816288,5.0,1966.1884184816288
CASE_001794,CUST_00942,new,1,temporary_bank_failure,6324.54,retry,Action passed all guardrails.,passed,0.7102111975054993,4491.759127071431,2.0,4489.759127071431
CASE_001795,CUST_00943,high_value,1,unknown_failure,24914.34,reminder,Action passed all guardrails.,passed,0.5786219677039769,14415.9844348459,5.0,14410.9844348459
CASE_001796,CUST_00943,high_value,1,risk_decline,56173.87,reminder,High-value case permitted for controlled recovery.,passed,0.2540112794518752,14268.796590463313,5.0,14263.796590463313
CASE_001797,CUST_00944,regular,1,authentication_failed,66193.72,reminder,High-value case permitted for controlled recovery.,passed,0.5492460437269714,36356.6388295709,5.0,36351.6388295709
CASE_001798,CUST_00946,new,1,unknown_failure,16787.1,retry,Action passed all guardrails.,passed,0.5047997693818843,8474.124208590629,2.0,8472.124208590629
CASE_001799,CUST_00946,new,1,risk_decline,5750.56,reminder,Action passed all guardrails.,passed,0.2656308781135817,1527.5263024448388,5.0,1522.5263024448388
CASE_001800,CUST_00947,regular,1,temporary_bank_failure,3730.8,retry,Action passed all guardrails.,passed,0.8362818609356341,3120.000366778664,2.0,3118.000366778664
CASE_001801,CUST_00947,regular,1,authentication_failed,22699.76,reminder,Action passed all guardrails.,passed,0.6013674683993633,13650.897204473127,5.0,13645.897204473127
CASE_001802,CUST_00950,new,1,temporary_bank_failure,12882.53,retry,Action passed all guardrails.,passed,0.6780572702853694,8735.09312616938,2.0,8733.09312616938
CASE_001803,CUST_00951,regular,0,unknown_failure,44753.09,escalate,Case routed to manual review.,passed,0.4272221696713404,19119.51220929677,25.0,19094.51220929677
CASE_001804,CUST_00951,regular,0,blocked_instrument,11288.14,escalate,Case routed to manual review.,passed,0.4329575589616862,4887.285539617768,25.0,4862.285539617768
CASE_001805,CUST_00951,regular,0,authentication_failed,17415.19,escalate,Case routed to manual review.,passed,0.524839147423323,9140.17347181518,25.0,9115.17347181518
CASE_001806,CUST_00952,regular,1,insufficient_funds,12632.5,reminder,Action passed all guardrails.,passed,0.6381037457341027,8060.845567986052,5.0,8055.845567986052
CASE_001807,CUST_00953,regular,1,temporary_bank_failure,7954.57,retry,Action passed all guardrails.,passed,0.7673848269236735,6104.216322702246,2.0,6102.216322702246
CASE_001808,CUST_00953,regular,1,unknown_failure,33219.02,reminder,Action passed all guardrails.,passed,0.5470624519103408,18172.878531258644,5.0,18167.878531258644
CASE_001809,CUST_00955,new,0,expired_instrument,2242.04,escalate,Case routed to manual review.,passed,0.4125196131094513,924.885473375914,25.0,899.8854733759141
CASE_001810,CUST_00955,new,0,unknown_failure,12917.56,retry,Action passed all guardrails.,passed,0.4402592471974291,5687.075241227622,2.0,5685.075241227622
CASE_001811,CUST_00955,new,0,unknown_failure,15477.74,retry,Action passed all guardrails.,passed,0.4622568852138871,7154.691882550389,2.0,7152.691882550389
CASE_001812,CUST_00958,regular,1,unknown_failure,7705.9,reminder,Action passed all guardrails.,passed,0.5115997414565925,3942.336447690356,5.0,3937.336447690356
CASE_001813,CUST_00958,regular,1,temporary_bank_failure,49980.04,retry,Action passed all guardrails.,passed,0.8416930647304502,42067.85304295049,2.0,42065.85304295049
CASE_001814,CUST_00959,high_value,1,temporary_bank_failure,31393.11,retry,Action passed all guardrails.,passed,0.8683909315577044,27261.492037393487,2.0,27259.492037393487
CASE_001815,CUST_00959,high_value,1,unknown_failure,93465.88,reminder,High-value case permitted for controlled recovery.,passed,0.5941393168772354,55531.754094529664,5.0,55526.754094529664
CASE_001816,CUST_00960,regular,0,insufficient_funds,6908.8,escalate,Case routed to manual review.,passed,0.5801615392036219,4008.220042049983,25.0,3983.220042049983
CASE_001817,CUST_00960,regular,0,unknown_failure,42106.67,escalate,Case routed to manual review.,passed,0.5360017993072022,22569.25088283459,25.0,22544.25088283459
CASE_001818,CUST_00961,regular,1,insufficient_funds,35648.01,reminder,Action passed all guardrails.,passed,0.5696504631169155,20306.905405696438,5.0,20301.905405696438
CASE_001819,CUST_00961,regular,1,unknown_failure,37004.77,escalate,Case routed to manual review.,passed,0.4976587629839363,18415.748062705075,25.0,18390.748062705075
CASE_001820,CUST_00962,regular,1,insufficient_funds,8720.13,reminder,Action passed all guardrails.,passed,0.6423021764740713,5600.958478136843,5.0,5595.958478136843
CASE_001821,CUST_00962,regular,1,unknown_failure,14845.57,reminder,Action passed all guardrails.,passed,0.5490327479655654,8150.704092215159,5.0,8145.704092215159
CASE_001822,CUST_00964,new,1,unknown_failure,9936.06,reminder,Action passed all guardrails.,passed,0.473818615507414,4707.890192798596,5.0,4702.890192798596
CASE_001823,CUST_00964,new,1,unknown_failure,7284.42,reminder,Action passed all guardrails.,passed,0.4960757432624597,3613.624065735927,5.0,3608.624065735927
CASE_001824,CUST_00965,new,0,temporary_bank_failure,7470.02,retry,Action passed all guardrails.,passed,0.6908803851640117,5160.890294782871,2.0,5158.890294782871
CASE_001825,CUST_00965,new,0,unknown_failure,14601.55,escalate,Case routed to manual review.,passed,0.4701305540185491,6864.634791029545,25.0,6839.634791029545
CASE_001826,CUST_00965,new,0,timeout,16433.43,retry,Action passed all guardrails.,passed,0.6985548017478247,11479.651435686756,2.0,11477.651435686756
CASE_001827,CUST_00966,high_value,1,unknown_failure,86898.87,reminder,High-value case permitted for controlled recovery.,passed,0.5935798665558009,51581.419658449886,5.0,51576.419658449886
CASE_001828,CUST_00967,regular,1,temporary_bank_failure,66298.88,retry,High-value case permitted for controlled recovery.,passed,0.7830089262984177,51912.61484358764,2.0,51910.61484358764
CASE_001829,CUST_00968,high_value,1,temporary_bank_failure,22802.06,retry,Action passed all guardrails.,passed,0.8533635468786105,19458.44679773889,2.0,19456.44679773889
CASE_001830,CUST_00968,high_value,1,unknown_failure,36758.42,reminder,Action passed all guardrails.,passed,0.5226353772937464,19211.250705421997,5.0,19206.250705421997
CASE_001831,CUST_00969,new,1,unknown_failure,5035.47,reminder,Action passed all guardrails.,passed,0.522672457217639,2631.901478145705,5.0,2626.901478145705
CASE_001832,CUST_00969,new,1,unknown_failure,10760.25,reminder,Action passed all guardrails.,passed,0.5214388774086832,5610.812680636784,5.0,5605.812680636784
CASE_001833,CUST_00969,new,1,unknown_failure,6152.0,reminder,Action passed all guardrails.,passed,0.5251680424706667,3230.8337972795416,5.0,3225.8337972795416
CASE_001834,CUST_00971,new,1,unknown_failure,3027.86,reminder,Action passed all guardrails.,passed,0.4558157449259922,1380.146261431615,5.0,1375.146261431615
CASE_001835,CUST_00973,regular,1,insufficient_funds,13335.03,reminder,Action passed all guardrails.,passed,0.6298651465970997,8399.270625826723,5.0,8394.270625826723
CASE_001836,CUST_00973,regular,1,unknown_failure,21751.23,escalate,Case routed to manual review.,passed,0.5389932998998875,11723.76723458143,25.0,11698.76723458143
CASE_001837,CUST_00973,regular,1,unknown_failure,27940.73,escalate,Case routed to manual review.,passed,0.5421240063485864,15147.340487904135,25.0,15122.340487904135
CASE_001838,CUST_00974,high_value,1,blocked_instrument,89452.98,escalate,Case routed to manual review.,passed,0.52082164753308,46589.04842034366,25.0,46564.04842034366
CASE_001839,CUST_00975,new,1,blocked_instrument,6882.31,escalate,Case routed to manual review.,passed,0.392395783131902,2700.5894222065203,25.0,2675.5894222065203
CASE_001840,CUST_00975,new,1,blocked_instrument,21637.0,escalate,Case routed to manual review.,passed,0.4649323823656003,10059.741957244494,25.0,10034.741957244494
CASE_001841,CUST_00976,regular,0,risk_decline,5312.07,escalate,Case routed to manual review.,passed,0.1744953827025194,926.9316875925722,25.0,901.9316875925722
CASE_001842,CUST_00977,regular,1,unknown_failure,52167.15,escalate,Case routed to manual review.,passed,0.5199667882427049,27125.185437275424,25.0,27100.185437275424
CASE_001843,CUST_00977,regular,1,authentication_failed,30429.22,reminder,Action passed all guardrails.,passed,0.5132667210215605,15618.305972643688,5.0,15613.305972643688
CASE_001844,CUST_00977,regular,1,expired_instrument,47465.46,reminder,Action passed all guardrails.,passed,0.5449049687558609,25864.16499828257,5.0,25859.16499828257
CASE_001845,CUST_00978,new,1,insufficient_funds,13061.52,reminder,Action passed all guardrails.,passed,0.5507885736935135,7194.135971069301,5.0,7189.135971069301
CASE_001846,CUST_00978,new,1,unknown_failure,4048.08,reminder,Action passed all guardrails.,passed,0.4915677204541235,1989.9054578159285,5.0,1984.9054578159285
CASE_001847,CUST_00979,regular,1,unknown_failure,39257.52,escalate,Case routed to manual review.,passed,0.5017360930982705,19696.914709527213,25.0,19671.914709527213
CASE_001848,CUST_00980,high_value,1,temporary_bank_failure,127147.38,retry,High-value case permitted for controlled recovery.,passed,0.8332001158357494,105939.21174421204,2.0,105937.21174421204
CASE_001849,CUST_00980,high_value,1,unknown_failure,63387.94,reminder,High-value case permitted for controlled recovery.,passed,0.5984054754417484,37931.69037297302,5.0,37926.69037297302
CASE_001850,CUST_00980,high_value,1,insufficient_funds,13491.08,reminder,Action passed all guardrails.,passed,0.6469578733243702,8728.160425648945,5.0,8723.160425648945
CASE_001851,CUST_00981,regular,1,unknown_failure,14603.33,reminder,Action passed all guardrails.,passed,0.510908260064038,7460.961921440968,5.0,7455.961921440968
CASE_001852,CUST_00981,regular,1,unknown_failure,9864.18,reminder,Action passed all guardrails.,passed,0.5091460827515193,5022.308606555882,5.0,5017.308606555882
CASE_001853,CUST_00982,regular,1,unknown_failure,8024.54,reminder,Action passed all guardrails.,passed,0.5610783444459644,4502.395618140419,5.0,4497.395618140419
CASE_001854,CUST_00983,regular,1,temporary_bank_failure,13531.95,retry,Action passed all guardrails.,passed,0.8394657453184856,11359.608492362482,2.0,11357.608492362482
CASE_001855,CUST_00984,regular,1,insufficient_funds,11710.71,reminder,Action passed all guardrails.,passed,0.6078108350071603,7117.896423626701,5.0,7112.896423626701
CASE_001856,CUST_00986,new,1,unknown_failure,13625.04,reminder,Action passed all guardrails.,passed,0.4871261776994182,6637.113656201681,5.0,6632.113656201681
CASE_001857,CUST_00986,new,1,unknown_failure,11722.48,reminder,Action passed all guardrails.,passed,0.4926639789883605,5775.243640411476,5.0,5770.243640411476
CASE_001858,CUST_00988,high_value,1,unknown_failure,13530.81,reminder,Action passed all guardrails.,passed,0.5443208348158735,7365.101794934968,5.0,7360.101794934968
CASE_001859,CUST_00989,new,1,insufficient_funds,18734.02,reminder,Action passed all guardrails.,passed,0.552968049364466,10359.314496154891,5.0,10354.314496154891
CASE_001860,CUST_00989,new,1,insufficient_funds,12916.07,reminder,Action passed all guardrails.,passed,0.5587649599329663,7217.047336041387,5.0,7212.047336041387
CASE_001861,CUST_00989,new,1,unknown_failure,1166.24,reminder,Action passed all guardrails.,passed,0.5388672082018945,628.4484928933774,5.0,623.4484928933774
CASE_001862,CUST_00990,regular,1,temporary_bank_failure,21435.73,retry,Action passed all guardrails.,passed,0.8606904657144463,18449.528436629127,2.0,18447.528436629127
CASE_001863,CUST_00991,regular,1,blocked_instrument,8264.27,escalate,Case routed to manual review.,passed,0.5141018790175876,4248.676735708679,25.0,4223.676735708679
CASE_001864,CUST_00992,regular,1,authentication_failed,25546.13,reminder,Action passed all guardrails.,passed,0.5210691482232854,13311.300199501318,5.0,13306.300199501318
CASE_001865,CUST_00992,regular,1,unknown_failure,4864.0,reminder,Action passed all guardrails.,passed,0.4588394622481436,2231.7951443749707,5.0,2226.7951443749707
CASE_001866,CUST_00993,regular,0,unknown_failure,36171.94,escalate,Case routed to manual review.,passed,0.5492942614279269,19869.03906671529,25.0,19844.03906671529
CASE_001867,CUST_00995,regular,1,timeout,12425.94,retry,Action passed all guardrails.,passed,0.8044330133297128,9995.836357654212,2.0,9993.836357654212
CASE_001868,CUST_00997,regular,1,unknown_failure,4262.84,reminder,Action passed all guardrails.,passed,0.4778692371442201,2037.0800988678675,5.0,2032.0800988678675
CASE_001869,CUST_00998,regular,1,unknown_failure,4135.59,reminder,Action passed all guardrails.,passed,0.4774282162995135,1974.447357046105,5.0,1969.447357046105
CASE_001870,CUST_00998,regular,1,temporary_bank_failure,31605.47,retry,Action passed all guardrails.,passed,0.8442071237339213,26681.562922958736,2.0,26679.562922958736
CASE_001871,CUST_00999,regular,1,insufficient_funds,4135.56,reminder,Action passed all guardrails.,passed,0.6185123009038778,2557.894731126041,5.0,2552.894731126041
CASE_001872,CUST_00999,regular,1,limit_exceeded,5891.75,reminder,Action passed all guardrails.,passed,0.5343434106306256,3148.2177895829886,5.0,3143.2177895829886
CASE_001873,CUST_01001,regular,1,unknown_failure,33465.74,reminder,Action passed all guardrails.,passed,0.5015897002633154,16786.070495690044,5.0,16781.070495690044
CASE_001874,CUST_01002,regular,0,insufficient_funds,7426.97,escalate,Case routed to manual review.,passed,0.5627117078152996,4179.242972592995,25.0,4154.242972592995
CASE_001875,CUST_01002,regular,0,expired_instrument,10699.18,escalate,Case routed to manual review.,passed,0.5167461440551105,5528.760009551558,25.0,5503.760009551558
CASE_001876,CUST_01002,regular,0,unknown_failure,13569.45,escalate,Case routed to manual review.,passed,0.4967224416484965,6740.250335827192,25.0,6715.250335827192
CASE_001877,CUST_01005,regular,1,authentication_failed,10751.98,reminder,Action passed all guardrails.,passed,0.5790003196014025,6225.399856347888,5.0,6220.399856347888
CASE_001878,CUST_01005,regular,1,timeout,44242.13,retry,Action passed all guardrails.,passed,0.7092556551717394,31378.980899343263,2.0,31376.980899343263
CASE_001879,CUST_01006,regular,1,unknown_failure,14969.59,escalate,Case routed to manual review.,passed,0.5526906920127916,8273.553056247765,25.0,8248.553056247765
CASE_001880,CUST_01006,regular,1,authentication_failed,40004.41,reminder,Action passed all guardrails.,passed,0.5251434703556859,21008.054696931704,5.0,21003.054696931704
CASE_001881,CUST_01006,regular,1,unknown_failure,34702.02,escalate,Case routed to manual review.,passed,0.5565984231806831,19315.08961318453,25.0,19290.08961318453
CASE_001882,CUST_01007,regular,1,unknown_failure,23381.91,reminder,Action passed all guardrails.,passed,0.4896737606318658,11449.50780045583,5.0,11444.50780045583
CASE_001883,CUST_01007,regular,1,unknown_failure,26096.33,reminder,Action passed all guardrails.,passed,0.475837925026547,12417.62351800803,5.0,12412.62351800803
CASE_001884,CUST_01008,new,1,insufficient_funds,20386.7,reminder,Action passed all guardrails.,passed,0.561635678510134,11449.898087082547,5.0,11444.898087082547
CASE_001885,CUST_01009,regular,1,temporary_bank_failure,41234.99,retry,Action passed all guardrails.,passed,0.833160536314594,34355.36638332692,2.0,34353.36638332692
CASE_001886,CUST_01010,regular,1,unknown_failure,31144.56,escalate,Case routed to manual review.,passed,0.5379374328644851,16753.82465409393,25.0,16728.82465409393
CASE_001887,CUST_01010,regular,1,expired_instrument,45135.21,reminder,Action passed all guardrails.,passed,0.578777503302065,26123.2441548144,5.0,26118.2441548144
CASE_001888,CUST_01011,regular,1,unknown_failure,1105.29,reminder,Action passed all guardrails.,passed,0.5401843459672764,597.0603557541709,5.0,592.0603557541709
CASE_001889,CUST_01011,regular,1,insufficient_funds,19426.57,reminder,Action passed all guardrails.,passed,0.5906666603062147,11474.627223104902,5.0,11469.627223104902
CASE_001890,CUST_01012,high_value,1,unknown_failure,45795.57,reminder,Action passed all guardrails.,passed,0.4949166829666234,22664.991598965807,5.0,22659.991598965807
CASE_001891,CUST_01012,high_value,1,unknown_failure,42903.81,reminder,Action passed all guardrails.,passed,0.4895781377832175,21004.767403604987,5.0,20999.767403604987
CASE_001892,CUST_01012,high_value,1,blocked_instrument,51550.75,escalate,Case routed to manual review.,passed,0.4875732862522683,25134.76858626912,25.0,25109.76858626912
CASE_001893,CUST_01013,regular,1,insufficient_funds,13231.4,reminder,Action passed all guardrails.,passed,0.6037586396411256,7988.572064547589,5.0,7983.572064547589
CASE_001894,CUST_01013,regular,1,authentication_failed,48077.7,reminder,Action passed all guardrails.,passed,0.5125379243709051,24641.644566527066,5.0,24636.644566527066
CASE_001895,CUST_01013,regular,1,temporary_bank_failure,25380.83,escalate,Case routed to manual review.,passed,0.7587404758423979,19257.46303147501,25.0,19232.46303147501
CASE_001896,CUST_01013,regular,1,unknown_failure,26935.86,escalate,Case routed to manual review.,passed,0.5460884963729737,14709.363285912928,25.0,14684.363285912928
CASE_001897,CUST_01014,regular,1,temporary_bank_failure,8036.61,retry,Action passed all guardrails.,passed,0.8548073088241546,6869.752966169289,2.0,6867.752966169289
CASE_001898,CUST_01016,regular,1,temporary_bank_failure,48920.36,retry,Action passed all guardrails.,passed,0.8224154715625706,40232.86093841071,2.0,40230.86093841071
CASE_001899,CUST_01016,regular,1,unknown_failure,27270.45,reminder,Action passed all guardrails.,passed,0.5489738765545628,14970.764651887375,5.0,14965.764651887375
CASE_001900,CUST_01017,regular,1,unknown_failure,24825.92,reminder,Action passed all guardrails.,passed,0.4895115396544847,12152.574322539063,5.0,12147.574322539063
CASE_001901,CUST_01018,regular,1,unknown_failure,11417.01,reminder,Action passed all guardrails.,passed,0.5592937864523981,6385.462752864894,5.0,6380.462752864894
CASE_001902,CUST_01018,regular,1,unknown_failure,45578.19,reminder,Action passed all guardrails.,passed,0.5308678507880739,24195.99576811048,5.0,24190.99576811048
CASE_001903,CUST_01018,regular,1,unknown_failure,24327.97,reminder,Action passed all guardrails.,passed,0.5641313672397222,13724.170978266946,5.0,13719.170978266946
CASE_001904,CUST_01019,regular,1,temporary_bank_failure,17485.62,retry,Action passed all guardrails.,passed,0.7754881455020357,13559.891026753305,2.0,13557.891026753305
CASE_001905,CUST_01020,regular,1,limit_exceeded,39557.51,reminder,Action passed all guardrails.,passed,0.4350379740610809,17209.01900930095,5.0,17204.01900930095
CASE_001906,CUST_01021,regular,1,temporary_bank_failure,1764.13,retry,Action passed all guardrails.,passed,0.8077108525662593,1424.906946337715,2.0,1422.906946337715
CASE_001907,CUST_01021,regular,1,unknown_failure,1332.34,reminder,Action passed all guardrails.,passed,0.4331802868593583,577.1434233941975,5.0,572.1434233941975
CASE_001908,CUST_01021,regular,1,unknown_failure,1276.23,reminder,Action passed all guardrails.,passed,0.4320415584601495,551.3843981535966,5.0,546.3843981535966
CASE_001909,CUST_01022,new,1,unknown_failure,6798.02,reminder,Action passed all guardrails.,passed,0.4938463449056398,3357.1773295954376,5.0,3352.1773295954376
CASE_001910,CUST_01024,regular,1,insufficient_funds,14928.66,reminder,Action passed all guardrails.,passed,0.609630556706372,9100.967306680148,5.0,9095.967306680148
CASE_001911,CUST_01025,high_value,0,risk_decline,93680.08,escalate,Case routed to manual review.,passed,0.2946692401255788,27604.637988503437,25.0,27579.637988503437
CASE_001912,CUST_01027,regular,1,unknown_failure,1218.29,reminder,Action passed all guardrails.,passed,0.4582414506177732,558.2709768731269,5.0,553.2709768731269
CASE_001913,CUST_01028,regular,1,temporary_bank_failure,63833.45,retry,High-value case permitted for controlled recovery.,passed,0.7626707674959057,48683.90630341152,2.0,48681.90630341152
CASE_001914,CUST_01029,regular,1,insufficient_funds,10378.41,reminder,Action passed all guardrails.,passed,0.6283238773170684,6521.002811586236,5.0,6516.002811586236
CASE_001915,CUST_01030,regular,1,limit_exceeded,55476.8,reminder,High-value case permitted for controlled recovery.,passed,0.5036351579244566,27940.066929143493,5.0,27935.066929143493
CASE_001916,CUST_01030,regular,1,unknown_failure,14743.79,reminder,Action passed all guardrails.,passed,0.5214472054010552,7688.108092520023,5.0,7683.108092520023
CASE_001917,CUST_01030,regular,1,temporary_bank_failure,8317.18,retry,Action passed all guardrails.,passed,0.8550451111694409,7111.564097716251,2.0,7109.564097716251
CASE_001918,CUST_01031,regular,1,unknown_failure,14486.28,reminder,Action passed all guardrails.,passed,0.594262632197334,8608.654883547595,5.0,8603.654883547595
CASE_001919,CUST_01031,regular,1,unknown_failure,39659.76,reminder,Action passed all guardrails.,passed,0.544992428079929,21614.268899467246,5.0,21609.268899467246
CASE_001920,CUST_01032,high_value,1,unknown_failure,59503.53,reminder,High-value case permitted for controlled recovery.,passed,0.5838365645954237,34740.33653650073,5.0,34735.33653650073
CASE_001921,CUST_01034,regular,1,unknown_failure,22291.32,reminder,Action passed all guardrails.,passed,0.5437404802503412,12120.693042214034,5.0,12115.693042214034
CASE_001922,CUST_01034,regular,1,unknown_failure,5883.84,reminder,Action passed all guardrails.,passed,0.5036560179276869,2963.431424523641,5.0,2958.431424523641
CASE_001923,CUST_01034,regular,1,unknown_failure,5675.84,reminder,Action passed all guardrails.,passed,0.5009277128639302,2843.18554978161,5.0,2838.18554978161
CASE_001924,CUST_01034,regular,1,risk_decline,30118.13,reminder,Action passed all guardrails.,passed,0.2075182755339228,6250.062399906507,5.0,6245.062399906507
CASE_001925,CUST_01034,regular,1,temporary_bank_failure,10924.35,retry,Action passed all guardrails.,passed,0.7615576031354204,8319.52180181243,2.0,8317.52180181243
CASE_001926,CUST_01036,regular,1,unknown_failure,41388.1,escalate,Case routed to manual review.,passed,0.4769035775103068,19738.13295635433,25.0,19713.13295635433
CASE_001927,CUST_01039,high_value,1,unknown_failure,64741.06,reminder,High-value case permitted for controlled recovery.,passed,0.5923293562022406,38348.03038965063,5.0,38343.03038965063
CASE_001928,CUST_01039,high_value,1,insufficient_funds,5604.1,reminder,Action passed all guardrails.,passed,0.6014554667807832,3370.616581386188,5.0,3365.616581386188
CASE_001929,CUST_01039,high_value,1,limit_exceeded,37391.81,reminder,Action passed all guardrails.,passed,0.5142249398696082,19227.801248865813,5.0,19222.801248865813
CASE_001930,CUST_01040,regular,1,unknown_failure,24654.28,escalate,Case routed to manual review.,passed,0.5181950854598435,12775.726731550909,25.0,12750.726731550909
CASE_001931,CUST_01041,regular,1,unknown_failure,5813.42,reminder,Action passed all guardrails.,passed,0.5610880810204116,3261.8406719656814,5.0,3256.8406719656814
CASE_001932,CUST_01042,high_value,1,unknown_failure,36325.48,reminder,Action passed all guardrails.,passed,0.5794259112306556,21047.92434989096,5.0,21042.92434989096
CASE_001933,CUST_01042,high_value,1,unknown_failure,68227.45,reminder,High-value case permitted for controlled recovery.,passed,0.5339931522009687,36432.991092133976,5.0,36427.991092133976
CASE_001934,CUST_01042,high_value,1,unknown_failure,17338.01,reminder,Action passed all guardrails.,passed,0.6103968271826917,10583.06629366178,5.0,10578.06629366178
CASE_001935,CUST_01043,new,1,unknown_failure,2791.38,reminder,Action passed all guardrails.,passed,0.4283053247118801,1195.562917294248,5.0,1190.562917294248
CASE_001936,CUST_01044,regular,1,unknown_failure,12817.77,reminder,Action passed all guardrails.,passed,0.5329532231953621,6831.271835676816,5.0,6826.271835676816
CASE_001937,CUST_01046,regular,1,timeout,41579.21,retry,Action passed all guardrails.,passed,0.7002266937041516,29114.8727451306,2.0,29112.8727451306
CASE_001938,CUST_01047,regular,1,temporary_bank_failure,40780.15,retry,Action passed all guardrails.,passed,0.770584260111947,31424.54171500422,2.0,31422.54171500422
CASE_001939,CUST_01048,new,1,risk_decline,14459.94,reminder,Action passed all guardrails.,passed,0.2971638998341244,4296.9721617674495,5.0,4291.9721617674495
CASE_001940,CUST_01049,high_value,1,insufficient_funds,33234.53,reminder,Action passed all guardrails.,passed,0.6103685434583506,20285.311668622853,5.0,20280.311668622853
CASE_001941,CUST_01050,high_value,1,insufficient_funds,133919.04,reminder,High-value case permitted for controlled recovery.,passed,0.6278436260622501,84080.21567237552,5.0,84075.21567237552
CASE_001942,CUST_01051,high_value,0,limit_exceeded,58521.32,escalate,Case routed to manual review.,passed,0.5630987619236092,32953.28283813535,25.0,32928.28283813535
CASE_001943,CUST_01052,regular,1,insufficient_funds,23967.11,reminder,Action passed all guardrails.,passed,0.595747546127605,14278.346970270384,5.0,14273.346970270384
CASE_001944,CUST_01052,regular,1,insufficient_funds,43415.21,reminder,Action passed all guardrails.,passed,0.5473154736859942,23761.81622632691,5.0,23756.81622632691
CASE_001945,CUST_01053,new,1,insufficient_funds,3668.99,reminder,Action passed all guardrails.,passed,0.5014611458773868,1839.8559296126728,5.0,1834.8559296126728
CASE_001946,CUST_01053,new,1,authentication_failed,16016.65,reminder,Action passed all guardrails.,passed,0.4941971478675587,7915.382748392933,5.0,7910.382748392933
CASE_001947,CUST_01054,regular,1,timeout,25949.31,retry,Action passed all guardrails.,passed,0.687661888606091,17844.351522624926,2.0,17842.351522624926
CASE_001948,CUST_01054,regular,1,unknown_failure,8102.95,escalate,Case routed to manual review.,passed,0.4760952657442309,3857.776133562216,25.0,3832.776133562216
CASE_001949,CUST_01054,regular,1,unknown_failure,12882.26,escalate,Case routed to manual review.,passed,0.4838002568636954,6232.440696984909,25.0,6207.440696984909
CASE_001950,CUST_01055,regular,1,expired_instrument,10316.47,reminder,Action passed all guardrails.,passed,0.5763527906731047,5945.926274395364,5.0,5940.926274395364
CASE_001951,CUST_01055,regular,1,unknown_failure,18212.3,reminder,Action passed all guardrails.,passed,0.4956156951391401,9026.30172458256,5.0,9021.30172458256
CASE_001952,CUST_01056,high_value,1,unknown_failure,83208.51,reminder,High-value case permitted for controlled recovery.,passed,0.6024501566811579,50128.97988670569,5.0,50123.97988670569
CASE_001953,CUST_01056,high_value,1,unknown_failure,30030.17,reminder,Action passed all guardrails.,passed,0.5706685156393526,17137.272538297417,5.0,17132.272538297417
CASE_001954,CUST_01056,high_value,1,temporary_bank_failure,8754.97,retry,Action passed all guardrails.,passed,0.8728217200360084,7641.527974263652,2.0,7639.527974263652
CASE_001955,CUST_01056,high_value,1,temporary_bank_failure,18124.22,retry,Action passed all guardrails.,passed,0.8923419823774281,16173.002403844632,2.0,16171.002403844632
CASE_001956,CUST_01057,regular,1,risk_decline,40287.03,reminder,Action passed all guardrails.,passed,0.1855884725028526,7476.8083593766,5.0,7471.8083593766
CASE_001957,CUST_01057,regular,1,unknown_failure,14882.56,reminder,Action passed all guardrails.,passed,0.5420536063960351,8067.145320405375,5.0,8062.145320405375
CASE_001958,CUST_01058,regular,1,risk_decline,30858.94,reminder,Action passed all guardrails.,passed,0.228082035144825,7038.369837612047,5.0,7033.369837612047
CASE_001959,CUST_01059,regular,1,unknown_failure,40811.07,reminder,Action passed all guardrails.,passed,0.4887394212794553,19945.97873359534,5.0,19940.97873359534
CASE_001960,CUST_01059,regular,1,unknown_failure,39576.84,reminder,Action passed all guardrails.,passed,0.4805799943735918,19019.837544524544,5.0,19014.837544524544
CASE_001961,CUST_01059,regular,1,unknown_failure,16898.2,reminder,Action passed all guardrails.,passed,0.5375600338846055,9083.79696458884,5.0,9078.79696458884
CASE_001962,CUST_01061,regular,1,temporary_bank_failure,3429.75,retry,Action passed all guardrails.,passed,0.7893289771749081,2707.2010594656413,2.0,2705.2010594656413
CASE_001963,CUST_01062,regular,1,timeout,13522.94,retry,Action passed all guardrails.,passed,0.7960377236140364,10764.770374169197,2.0,10762.770374169197
CASE_001964,CUST_01064,regular,1,unknown_failure,6857.5,reminder,Action passed all guardrails.,passed,0.4704503822266572,3226.113496119301,5.0,3221.113496119301
CASE_001965,CUST_01064,regular,1,insufficient_funds,31566.01,reminder,Action passed all guardrails.,passed,0.6078868657068781,19188.56288177197,5.0,19183.56288177197
CASE_001966,CUST_01065,regular,1,authentication_failed,9786.53,reminder,Action passed all guardrails.,passed,0.6295423199011645,6161.034799982343,5.0,6156.034799982343
CASE_001967,CUST_01066,regular,1,insufficient_funds,33757.22,reminder,Action passed all guardrails.,passed,0.5828339661396492,19674.85441844869,5.0,19669.85441844869
CASE_001968,CUST_01066,regular,1,authentication_failed,1636.06,reminder,Action passed all guardrails.,passed,0.4652469456649031,761.1719179245214,5.0,756.1719179245214
CASE_001969,CUST_01066,regular,1,timeout,11786.17,escalate,Case routed to manual review.,passed,0.6956642743640266,8199.21740058106,25.0,8174.217400581059
CASE_001970,CUST_01067,high_value,1,expired_instrument,6753.41,reminder,Action passed all guardrails.,passed,0.6109922598776767,4126.2812377805,5.0,4121.2812377805
CASE_001971,CUST_01067,high_value,1,expired_instrument,91602.2,reminder,High-value case permitted for controlled recovery.,passed,0.5892557747828067,53977.12533280961,5.0,53972.12533280961
CASE_001972,CUST_01067,high_value,1,unknown_failure,38515.99,reminder,Action passed all guardrails.,passed,0.5863017466730449,22581.99221184153,5.0,22576.99221184153
CASE_001973,CUST_01068,regular,1,blocked_instrument,34990.73,escalate,Case routed to manual review.,passed,0.4905993311220886,17166.428733473604,25.0,17141.428733473604
CASE_001974,CUST_01070,regular,1,unknown_failure,27628.05,escalate,Case routed to manual review.,passed,0.5382167947576384,14869.880516403771,25.0,14844.880516403771
CASE_001975,CUST_01070,regular,1,unknown_failure,47622.97,escalate,Case routed to manual review.,passed,0.5188017134636518,24706.87843622809,25.0,24681.87843622809
CASE_001976,CUST_01071,regular,1,authentication_failed,39552.12,reminder,Action passed all guardrails.,passed,0.5010086493309277,19815.954219374773,5.0,19810.954219374773
CASE_001977,CUST_01072,regular,1,unknown_failure,36073.49,reminder,Action passed all guardrails.,passed,0.4919377435540609,17745.911272719983,5.0,17740.911272719983
CASE_001978,CUST_01075,new,1,unknown_failure,13061.26,reminder,Action passed all guardrails.,passed,0.4786189856105225,6251.367011995293,5.0,6246.367011995293
CASE_001979,CUST_01078,high_value,1,timeout,66248.21,escalate,Case routed to manual review.,passed,0.7219582370578709,47828.44089983962,25.0,47803.44089983962
CASE_001980,CUST_01078,high_value,1,unknown_failure,10291.65,reminder,Action passed all guardrails.,passed,0.5676012070296169,5841.5529623263565,5.0,5836.5529623263565
CASE_001981,CUST_01078,high_value,1,unknown_failure,16169.38,reminder,Action passed all guardrails.,passed,0.578589111675826,9355.427210548867,5.0,9350.427210548867
CASE_001982,CUST_01079,regular,1,temporary_bank_failure,6554.75,retry,Action passed all guardrails.,passed,0.7457646076931679,4888.300562276792,2.0,4886.300562276792
CASE_001983,CUST_01079,regular,1,unknown_failure,20126.98,reminder,Action passed all guardrails.,passed,0.5368368110040826,10804.90375834295,5.0,10799.90375834295
CASE_001984,CUST_01080,regular,1,unknown_failure,31348.98,reminder,Action passed all guardrails.,passed,0.5570765601533123,17463.781942714984,5.0,17458.781942714984
CASE_001985,CUST_01081,regular,0,temporary_bank_failure,8858.36,retry,Action passed all guardrails.,passed,0.7989407864742122,7077.305105271703,2.0,7075.305105271703
CASE_001986,CUST_01081,regular,0,unknown_failure,35169.38,retry,Action passed all guardrails.,passed,0.4615482549541047,16232.365966817788,2.0,16230.365966817788
CASE_001987,CUST_01082,regular,1,unknown_failure,21682.15,reminder,Action passed all guardrails.,passed,0.5818812616077186,12616.436796367796,5.0,12611.436796367796
CASE_001988,CUST_01083,regular,1,timeout,61309.58,retry,High-value case permitted for controlled recovery.,passed,0.6880403551079862,42183.46519472149,2.0,42181.46519472149
CASE_001989,CUST_01084,new,1,insufficient_funds,7766.43,reminder,Action passed all guardrails.,passed,0.5364907957094099,4166.618210521433,5.0,4161.618210521433
CASE_001990,CUST_01084,new,1,unknown_failure,16689.86,reminder,Action passed all guardrails.,passed,0.4677224435564031,7806.222101814271,5.0,7801.222101814271
CASE_001991,CUST_01084,new,1,limit_exceeded,6866.14,reminder,Action passed all guardrails.,passed,0.5144227277222054,3532.098467722544,5.0,3527.098467722544
CASE_001992,CUST_01085,regular,1,unknown_failure,8695.18,escalate,Case routed to manual review.,passed,0.5279560583141372,4590.672959131919,25.0,4565.672959131919
CASE_001993,CUST_01085,regular,1,unknown_failure,22739.84,escalate,Case routed to manual review.,passed,0.5442878392986467,12377.018379596935,25.0,12352.018379596935
CASE_001994,CUST_01085,regular,1,expired_instrument,8341.56,reminder,Action passed all guardrails.,passed,0.5943241097975954,4957.590221323229,5.0,4952.590221323229
CASE_001995,CUST_01087,regular,1,blocked_instrument,38010.42,reminder,Action passed all guardrails.,passed,0.5192591013439585,19737.256530906427,5.0,19732.256530906427
CASE_001996,CUST_01088,regular,1,insufficient_funds,1920.9,reminder,Action passed all guardrails.,passed,0.4541047305042676,872.2897768256477,5.0,867.2897768256477
CASE_001997,CUST_01089,regular,1,expired_instrument,24164.71,reminder,Action passed all guardrails.,passed,0.5586374030720364,13499.310840388867,5.0,13494.310840388867
CASE_001998,CUST_01089,regular,1,unknown_failure,36832.84,escalate,Case routed to manual review.,passed,0.5187520069490571,19107.109671633505,25.0,19082.109671633505
CASE_001999,CUST_01089,regular,1,authentication_failed,41166.19,reminder,Action passed all guardrails.,passed,0.5391930661184383,22196.524206514197,5.0,22191.524206514197
CASE_002000,CUST_01090,high_value,1,expired_instrument,98972.02,reminder,High-value case permitted for controlled recovery.,passed,0.5678123666308378,56197.53690643461,5.0,56192.53690643461
CASE_002001,CUST_01091,new,1,unknown_failure,19939.96,reminder,Action passed all guardrails.,passed,0.5219786364421863,10408.233131511735,5.0,10403.233131511735
CASE_002002,CUST_01093,regular,1,unknown_failure,17080.5,reminder,Action passed all guardrails.,passed,0.4911002708838368,8388.238176831375,5.0,8383.238176831375
CASE_002003,CUST_01095,regular,1,risk_decline,3455.1,reminder,Action passed all guardrails.,passed,0.1879148064019924,649.264447599524,5.0,644.264447599524
CASE_002004,CUST_01096,new,1,insufficient_funds,7982.67,reminder,Action passed all guardrails.,passed,0.5382289334104053,4296.50395986724,5.0,4291.50395986724
CASE_002005,CUST_01096,new,1,temporary_bank_failure,16425.72,retry,Action passed all guardrails.,passed,0.6395141252500267,10504.479957401869,2.0,10502.479957401869
CASE_002006,CUST_01096,new,1,unknown_failure,6806.47,reminder,Action passed all guardrails.,passed,0.4637306368897848,3156.368668071214,5.0,3151.368668071214
CASE_002007,CUST_01097,regular,1,limit_exceeded,30422.47,reminder,Action passed all guardrails.,passed,0.4269206455037101,12987.98053021726,5.0,12982.98053021726
CASE_002008,CUST_01098,regular,1,unknown_failure,10988.35,reminder,Action passed all guardrails.,passed,0.5636382682234872,6193.454564633556,5.0,6188.454564633556
CASE_002009,CUST_01100,regular,1,blocked_instrument,35476.96,reminder,Action passed all guardrails.,passed,0.4713798714275618,16723.124843440753,5.0,16718.124843440753
CASE_002010,CUST_01100,regular,1,unknown_failure,34940.23,reminder,Action passed all guardrails.,passed,0.505249984624795,17653.5506702868,5.0,17648.5506702868
CASE_002011,CUST_01101,regular,1,unknown_failure,8404.08,escalate,Case routed to manual review.,passed,0.4755034643085903,3996.169154326538,25.0,3971.169154326538
CASE_002012,CUST_01101,regular,1,risk_decline,14886.11,escalate,Case routed to manual review.,passed,0.3010593933968756,4481.603246639164,25.0,4456.603246639164
CASE_002013,CUST_01101,regular,1,unknown_failure,62978.61,escalate,Case routed to manual review.,passed,0.4909692604085547,30920.56157325881,25.0,30895.56157325881
CASE_002014,CUST_01101,regular,1,expired_instrument,29948.64,reminder,Action passed all guardrails.,passed,0.5774665160678356,17294.336801769823,5.0,17289.336801769823
CASE_002015,CUST_01102,regular,1,temporary_bank_failure,48872.76,retry,Action passed all guardrails.,passed,0.8189002746469527,40021.9165867546,2.0,40019.9165867546
CASE_002016,CUST_01104,new,1,unknown_failure,15445.32,reminder,Action passed all guardrails.,passed,0.5038919396950524,7782.772254010787,5.0,7777.772254010787
CASE_002017,CUST_01105,high_value,1,unknown_failure,62190.07,reminder,High-value case permitted for controlled recovery.,passed,0.5058992392221708,31461.90910017355,5.0,31456.90910017355
CASE_002018,CUST_01107,regular,1,limit_exceeded,13752.03,reminder,Action passed all guardrails.,passed,0.5453906154762036,7500.228105747216,5.0,7495.228105747216
CASE_002019,CUST_01108,regular,1,risk_decline,9817.02,reminder,Action passed all guardrails.,passed,0.3140881192378886,3083.409348320738,5.0,3078.409348320738
CASE_002020,CUST_01108,regular,1,unknown_failure,44361.44,reminder,Action passed all guardrails.,passed,0.4983329062555361,22106.765320880597,5.0,22101.765320880597
CASE_002021,CUST_01108,regular,1,unknown_failure,10742.83,reminder,Action passed all guardrails.,passed,0.5457213354903085,5862.591534545351,5.0,5857.591534545351
CASE_002022,CUST_01112,regular,1,authentication_failed,34822.62,reminder,Action passed all guardrails.,passed,0.5396147983961967,18790.80107092737,5.0,18785.80107092737
CASE_002023,CUST_01113,regular,1,unknown_failure,19209.03,reminder,Action passed all guardrails.,passed,0.5113620799779137,9822.769535158144,5.0,9817.769535158144
CASE_002024,CUST_01116,regular,0,insufficient_funds,30927.98,escalate,Case routed to manual review.,passed,0.5256358761281763,16256.855864174711,25.0,16231.855864174711
CASE_002025,CUST_01117,new,0,timeout,1869.52,retry,Action passed all guardrails.,passed,0.726626869482749,1358.443465035389,2.0,1356.443465035389
CASE_002026,CUST_01117,new,0,blocked_instrument,15516.69,escalate,Case routed to manual review.,passed,0.2690384952631607,4174.586929064933,25.0,4149.586929064933
CASE_002027,CUST_01119,regular,1,insufficient_funds,17597.47,reminder,Action passed all guardrails.,passed,0.6136914719249185,10799.417266454597,5.0,10794.417266454597
CASE_002028,CUST_01119,regular,1,insufficient_funds,41239.4,reminder,Action passed all guardrails.,passed,0.6053984003755123,24966.266792445906,5.0,24961.266792445906
CASE_002029,CUST_01120,new,1,temporary_bank_failure,19566.2,retry,Action passed all guardrails.,passed,0.7810613916035215,15282.403400392825,2.0,15280.403400392825
CASE_002030,CUST_01121,high_value,1,timeout,16811.18,escalate,Case routed to manual review.,passed,0.6019671331239949,10119.77782903144,25.0,10094.77782903144
CASE_002031,CUST_01121,high_value,1,blocked_instrument,30362.62,escalate,Case routed to manual review.,passed,0.5160126297984943,15667.495393772357,25.0,15642.495393772357
CASE_002032,CUST_01123,regular,1,unknown_failure,9674.08,reminder,Action passed all guardrails.,passed,0.5386472019011141,5210.91612296753,5.0,5205.91612296753
CASE_002033,CUST_01124,regular,1,unknown_failure,1245.66,reminder,Action passed all guardrails.,passed,0.4296985471314381,535.2582922197472,5.0,530.2582922197472
CASE_002034,CUST_01124,regular,1,temporary_bank_failure,14418.58,retry,Action passed all guardrails.,passed,0.8447404063339194,12179.957127958123,2.0,12177.957127958123
CASE_002035,CUST_01125,regular,1,risk_decline,13598.27,reminder,Action passed all guardrails.,passed,0.2164615942595712,2943.5032033721,5.0,2938.5032033721
CASE_002036,CUST_01126,regular,1,temporary_bank_failure,4648.17,retry,Action passed all guardrails.,passed,0.8303069348424902,3859.4077853268177,2.0,3857.4077853268177
CASE_002037,CUST_01128,regular,1,insufficient_funds,34305.0,reminder,Action passed all guardrails.,passed,0.6107313502712038,20951.13897105365,5.0,20946.13897105365
CASE_002038,CUST_01129,high_value,1,risk_decline,64130.97,reminder,High-value case permitted for controlled recovery.,passed,0.373966979659016,23982.865153502964,5.0,23977.865153502964
CASE_002039,CUST_01129,high_value,1,insufficient_funds,58995.88,reminder,High-value case permitted for controlled recovery.,passed,0.5863629405831658,34592.99767909158,5.0,34587.99767909158
CASE_002040,CUST_01130,high_value,1,expired_instrument,134672.72,reminder,High-value case permitted for controlled recovery.,passed,0.6215729085234559,83708.91426916499,5.0,83703.91426916499
CASE_002041,CUST_01130,high_value,1,unknown_failure,26005.38,reminder,Action passed all guardrails.,passed,0.5332904573250586,13868.420993111937,5.0,13863.420993111937
CASE_002042,CUST_01130,high_value,1,unknown_failure,56703.92,reminder,High-value case permitted for controlled recovery.,passed,0.5572179918818547,31596.44443422934,5.0,31591.44443422934
CASE_002043,CUST_01131,new,1,timeout,4676.34,retry,Action passed all guardrails.,passed,0.6587333217064132,3080.4609816285683,2.0,3078.4609816285683
CASE_002044,CUST_01132,regular,1,insufficient_funds,41828.92,escalate,Case routed to manual review.,passed,0.519238194659432,21719.172905353807,25.0,21694.172905353807
CASE_002045,CUST_01132,regular,1,unknown_failure,9373.59,reminder,Action passed all guardrails.,passed,0.528671170271518,4955.546794945399,5.0,4950.546794945399
CASE_002046,CUST_01133,regular,1,temporary_bank_failure,37214.69,retry,Action passed all guardrails.,passed,0.8314590925329717,30942.492376295857,2.0,30940.492376295857
CASE_002047,CUST_01134,regular,1,insufficient_funds,13621.59,reminder,Action passed all guardrails.,passed,0.5914655425601643,8056.701119882108,5.0,8051.701119882108
CASE_002048,CUST_01134,regular,1,unknown_failure,28769.9,reminder,Action passed all guardrails.,passed,0.5123255763793018,14739.555599874877,5.0,14734.555599874877
CASE_002049,CUST_01135,regular,1,blocked_instrument,13113.82,reminder,Action passed all guardrails.,passed,0.5410735822213815,7095.541564006397,5.0,7090.541564006397
CASE_002050,CUST_01136,regular,1,timeout,17851.72,retry,Action passed all guardrails.,passed,0.7107771668433686,12688.5949648811,2.0,12686.5949648811
CASE_002051,CUST_01137,regular,1,authentication_failed,27883.05,reminder,Action passed all guardrails.,passed,0.5687085431238846,15857.328743350432,5.0,15852.328743350432
CASE_002052,CUST_01139,high_value,1,unknown_failure,12598.14,reminder,Action passed all guardrails.,passed,0.5794683918208091,7300.223925733408,5.0,7295.223925733408
CASE_002053,CUST_01140,regular,1,risk_decline,8385.96,reminder,Action passed all guardrails.,passed,0.2664862691616106,2234.7431937385,5.0,2229.7431937385
CASE_002054,CUST_01140,regular,1,temporary_bank_failure,37809.18,retry,Action passed all guardrails.,passed,0.8417274074907067,31825.02306074948,2.0,31823.02306074948
CASE_002055,CUST_01141,regular,1,insufficient_funds,14897.73,reminder,Action passed all guardrails.,passed,0.5961734301588233,8881.630795680006,5.0,8876.630795680006
CASE_002056,CUST_01141,regular,1,unknown_failure,10833.16,reminder,Action passed all guardrails.,passed,0.5542871867492265,6004.681780004251,5.0,5999.681780004251
CASE_002057,CUST_01141,regular,1,temporary_bank_failure,46421.18,retry,Action passed all guardrails.,passed,0.8145705097464437,37813.32425563142,2.0,37811.32425563142
CASE_002058,CUST_01143,high_value,1,temporary_bank_failure,31689.54,retry,Action passed all guardrails.,passed,0.8592440964696643,27229.05016483929,2.0,27227.05016483929
CASE_002059,CUST_01144,new,1,unknown_failure,13567.15,reminder,Action passed all guardrails.,passed,0.5019732877418558,6810.346890786918,5.0,6805.346890786918
CASE_002060,CUST_01147,regular,1,unknown_failure,27242.44,reminder,Action passed all guardrails.,passed,0.5542652908200767,15099.538929248489,5.0,15094.538929248489
CASE_002061,CUST_01148,regular,1,temporary_bank_failure,5851.82,retry,Action passed all guardrails.,passed,0.8006915495297778,4685.502823369345,2.0,4683.502823369345
CASE_002062,CUST_01149,regular,1,unknown_failure,5815.21,reminder,Action passed all guardrails.,passed,0.5890081271711768,3425.205951207099,5.0,3420.205951207099
CASE_002063,CUST_01149,regular,1,unknown_failure,44224.79,reminder,Action passed all guardrails.,passed,0.5636797884747483,24928.620272540164,5.0,24923.620272540164
CASE_002064,CUST_01150,regular,1,unknown_failure,8587.23,reminder,Action passed all guardrails.,passed,0.4941863269671686,4243.69165252228,5.0,4238.69165252228
CASE_002065,CUST_01150,regular,1,unknown_failure,29744.94,escalate,Case routed to manual review.,passed,0.4808766247560705,14303.64635077183,25.0,14278.64635077183
CASE_002066,CUST_01152,regular,1,temporary_bank_failure,2811.76,retry,Action passed all guardrails.,passed,0.848367012876175,2385.404432124714,2.0,2383.404432124714
CASE_002067,CUST_01153,new,1,authentication_failed,13741.48,reminder,Action passed all guardrails.,passed,0.5449220318532343,7488.035202270582,5.0,7483.035202270582
CASE_002068,CUST_01153,new,1,unknown_failure,14182.9,retry,Action passed all guardrails.,passed,0.529968845023171,7516.4951320791315,2.0,7514.4951320791315
CASE_002069,CUST_01156,regular,1,timeout,36022.41,retry,Action passed all guardrails.,passed,0.6694061648944665,24113.62332835608,2.0,24111.62332835608
CASE_002070,CUST_01156,regular,1,unknown_failure,41021.63,escalate,Case routed to manual review.,passed,0.5213884219718212,21388.20293241192,25.0,21363.20293241192
CASE_002071,CUST_01157,regular,0,unknown_failure,3526.37,escalate,Case routed to manual review.,passed,0.384432687161977,1355.651895027381,25.0,1330.651895027381
CASE_002072,CUST_01157,regular,0,unknown_failure,49113.34,escalate,Case routed to manual review.,passed,0.4892955453414287,24030.938478839,25.0,24005.938478839
CASE_002073,CUST_01157,regular,0,temporary_bank_failure,21680.74,retry,Action passed all guardrails.,passed,0.7949380718525834,17234.84565193718,2.0,17232.84565193718
CASE_002074,CUST_01158,new,1,timeout,6111.19,retry,Action passed all guardrails.,passed,0.7706756054838034,4709.745053476564,2.0,4707.745053476564
CASE_002075,CUST_01158,new,1,unknown_failure,11665.8,reminder,Action passed all guardrails.,passed,0.5250763383492637,6125.43554791484,5.0,6120.43554791484
CASE_002076,CUST_01158,new,1,unknown_failure,15819.21,reminder,Action passed all guardrails.,passed,0.5385785363892718,8519.886968634532,5.0,8514.886968634532
CASE_002077,CUST_01159,new,1,insufficient_funds,2594.56,reminder,Action passed all guardrails.,passed,0.5582944670117099,1448.528492329902,5.0,1443.528492329902
CASE_002078,CUST_01159,new,1,temporary_bank_failure,19648.01,retry,Action passed all guardrails.,passed,0.7869965705115559,15462.916487376757,2.0,15460.916487376757
CASE_002079,CUST_01159,new,1,temporary_bank_failure,13196.19,retry,Action passed all guardrails.,passed,0.727180218603675,9596.00832893563,2.0,9594.00832893563
CASE_002080,CUST_01160,regular,1,insufficient_funds,37202.74,reminder,Action passed all guardrails.,passed,0.6146713888248201,22867.45986388869,5.0,22862.45986388869
CASE_002081,CUST_01160,regular,1,unknown_failure,35299.71,reminder,Action passed all guardrails.,passed,0.5202346326933416,18364.13166603148,5.0,18359.13166603148
CASE_002082,CUST_01161,regular,1,unknown_failure,26250.24,reminder,Action passed all guardrails.,passed,0.5558168745414885,14590.326352763965,5.0,14585.326352763965
CASE_002083,CUST_01161,regular,1,risk_decline,46033.76,reminder,Action passed all guardrails.,passed,0.2015454195937737,9277.893474679076,5.0,9272.893474679076
CASE_002084,CUST_01161,regular,1,unknown_failure,39520.15,reminder,Action passed all guardrails.,passed,0.530843392993722,20979.01051762084,5.0,20974.01051762084
CASE_002085,CUST_01161,regular,1,unknown_failure,39410.91,reminder,Action passed all guardrails.,passed,0.530843392993722,20921.02118537021,5.0,20916.02118537021
CASE_002086,CUST_01162,regular,1,authentication_failed,10482.04,reminder,Action passed all guardrails.,passed,0.5561692333283004,5829.788150516578,5.0,5824.788150516578
CASE_002087,CUST_01162,regular,1,unknown_failure,9470.9,reminder,Action passed all guardrails.,passed,0.4981621275260494,4718.043693586461,5.0,4713.043693586461
CASE_002088,CUST_01162,regular,1,timeout,12052.92,retry,Action passed all guardrails.,passed,0.7289351403480098,8785.796931803334,2.0,8783.796931803334
CASE_002089,CUST_01163,regular,1,unknown_failure,49911.75,reminder,Action passed all guardrails.,passed,0.5011196991152179,25011.76114231398,5.0,25006.76114231398
CASE_002090,CUST_01164,regular,1,temporary_bank_failure,3862.86,retry,Action passed all guardrails.,passed,0.8072478492272513,3118.2854268659803,2.0,3116.2854268659803
CASE_002091,CUST_01164,regular,1,blocked_instrument,3246.26,reminder,Action passed all guardrails.,passed,0.3661523954865804,1188.6258753722666,5.0,1183.6258753722666
CASE_002092,CUST_01165,regular,1,timeout,4991.01,retry,Action passed all guardrails.,passed,0.6436091231036467,3212.259569501532,2.0,3210.259569501532
CASE_002093,CUST_01165,regular,1,unknown_failure,8429.21,reminder,Action passed all guardrails.,passed,0.5580252500473146,4703.712017951324,5.0,4698.712017951324
CASE_002094,CUST_01166,regular,1,unknown_failure,38159.26,escalate,Case routed to manual review.,passed,0.4367851319282547,16667.397413384573,25.0,16642.397413384573
CASE_002095,CUST_01166,regular,1,unknown_failure,23770.98,escalate,Case routed to manual review.,passed,0.4910045650804785,11671.659696436753,25.0,11646.659696436753
CASE_002096,CUST_01167,regular,1,authentication_failed,38459.98,escalate,Case routed to manual review.,passed,0.536705349123426,20641.676993179983,25.0,20616.676993179983
CASE_002097,CUST_01167,regular,1,unknown_failure,31899.03,escalate,Case routed to manual review.,passed,0.5037473068906693,16069.050454924663,25.0,16044.050454924663
CASE_002098,CUST_01168,high_value,1,unknown_failure,54489.92,escalate,Case routed to manual review.,passed,0.562878662736173,30671.21330220105,25.0,30646.21330220105
CASE_002099,CUST_01168,high_value,1,unknown_failure,73904.89,escalate,Case routed to manual review.,passed,0.5708611538088726,42189.43077751781,25.0,42164.43077751781
CASE_002100,CUST_01169,regular,1,unknown_failure,12680.08,reminder,Action passed all guardrails.,passed,0.5571571109184534,7064.796739014863,5.0,7059.796739014863
CASE_002101,CUST_01169,regular,1,unknown_failure,44882.34,escalate,Case routed to manual review.,passed,0.5580636672029792,25047.20325305096,25.0,25022.20325305096
CASE_002102,CUST_01170,regular,1,insufficient_funds,3978.83,reminder,Action passed all guardrails.,passed,0.6459112509000761,2569.9710624187496,5.0,2564.9710624187496
CASE_002103,CUST_01170,regular,1,timeout,19548.01,retry,Action passed all guardrails.,passed,0.7443707133008803,14550.96614731274,2.0,14548.96614731274
CASE_002104,CUST_01172,regular,1,unknown_failure,32349.88,reminder,Action passed all guardrails.,passed,0.5142335936602646,16635.39504687832,5.0,16630.39504687832
CASE_002105,CUST_01172,regular,1,timeout,11466.29,retry,Action passed all guardrails.,passed,0.7375373705577377,8456.817376652483,2.0,8454.817376652483
CASE_002106,CUST_01173,regular,1,authentication_failed,65657.84,reminder,High-value case permitted for controlled recovery.,passed,0.5726264521056879,37597.41597212292,5.0,37592.41597212292
CASE_002107,CUST_01175,high_value,1,unknown_failure,92836.94,reminder,High-value case permitted for controlled recovery.,passed,0.5713024185403833,53037.968351888456,5.0,53032.968351888456
CASE_002108,CUST_01175,high_value,1,unknown_failure,48053.76,reminder,Action passed all guardrails.,passed,0.592405650501661,28467.318951850702,5.0,28462.318951850702
CASE_002109,CUST_01176,regular,1,insufficient_funds,22567.16,reminder,Action passed all guardrails.,passed,0.5805197511437677,13100.68210722159,5.0,13095.68210722159
CASE_002110,CUST_01176,regular,1,timeout,37747.91,retry,Action passed all guardrails.,passed,0.6996941854478691,26411.993139809478,2.0,26409.993139809478
CASE_002111,CUST_01177,regular,1,unknown_failure,11052.21,reminder,Action passed all guardrails.,passed,0.5452026121261515,6025.693761766773,5.0,6020.693761766773
CASE_002112,CUST_01178,regular,1,unknown_failure,39401.63,reminder,Action passed all guardrails.,passed,0.5342394933420344,21049.9068480503,5.0,21044.9068480503
CASE_002113,CUST_01180,regular,1,temporary_bank_failure,12214.59,retry,Action passed all guardrails.,passed,0.8534633988520809,10424.70549698464,2.0,10422.70549698464
CASE_002114,CUST_01180,regular,1,unknown_failure,4417.37,reminder,Action passed all guardrails.,passed,0.5561197618748962,2456.5867525133103,5.0,2451.5867525133103
CASE_002115,CUST_01182,regular,1,temporary_bank_failure,5100.37,retry,Action passed all guardrails.,passed,0.8201654100657979,4183.147052537293,2.0,4181.147052537293
CASE_002116,CUST_01182,regular,1,risk_decline,3463.34,reminder,Action passed all guardrails.,passed,0.2189888443073256,758.4328240433333,5.0,753.4328240433333
CASE_002117,CUST_01182,regular,1,authentication_failed,41152.03,reminder,Action passed all guardrails.,passed,0.4837487998610597,19907.24512434633,5.0,19902.24512434633
CASE_002118,CUST_01182,regular,1,unknown_failure,31723.06,escalate,Case routed to manual review.,passed,0.4799835411026782,15226.54667341273,25.0,15201.54667341273
CASE_002119,CUST_01183,regular,0,temporary_bank_failure,10089.36,retry,Action passed all guardrails.,passed,0.7909405655421119,7980.084104357962,2.0,7978.084104357962
CASE_002120,CUST_01183,regular,0,authentication_failed,14641.59,escalate,Case routed to manual review.,passed,0.4969854708395032,7276.657499988962,25.0,7251.657499988962
CASE_002121,CUST_01185,regular,1,risk_decline,36601.85,reminder,Action passed all guardrails.,passed,0.3599970484753177,13176.55796873631,5.0,13171.55796873631
CASE_002122,CUST_01186,regular,1,unknown_failure,23237.16,reminder,Action passed all guardrails.,passed,0.5646484022728983,13120.8252673597,5.0,13115.8252673597
CASE_002123,CUST_01187,high_value,1,insufficient_funds,97105.88,reminder,High-value case permitted for controlled recovery.,passed,0.6313372683481852,61306.56101974667,5.0,61301.56101974667
CASE_002124,CUST_01187,high_value,1,unknown_failure,77295.28,reminder,High-value case permitted for controlled recovery.,passed,0.5953031211091736,46014.12143100749,5.0,46009.12143100749
CASE_002125,CUST_01191,regular,0,unknown_failure,20966.43,escalate,Case routed to manual review.,passed,0.5367700085896994,11254.15081119533,25.0,11229.15081119533
CASE_002126,CUST_01191,regular,0,blocked_instrument,30494.93,escalate,Case routed to manual review.,passed,0.4283772426583154,13063.334028458345,25.0,13038.334028458345
CASE_002127,CUST_01191,regular,0,unknown_failure,40765.17,escalate,Case routed to manual review.,passed,0.5176971373585476,21104.011812934543,25.0,21079.011812934543
CASE_002128,CUST_01191,regular,0,temporary_bank_failure,32400.13,retry,Action passed all guardrails.,passed,0.7589900457587333,24591.376151288907,2.0,24589.376151288907
CASE_002129,CUST_01192,regular,1,temporary_bank_failure,9811.4,retry,Action passed all guardrails.,passed,0.8694012578994208,8530.043501754377,2.0,8528.043501754377
CASE_002130,CUST_01193,regular,1,temporary_bank_failure,38342.81,retry,Action passed all guardrails.,passed,0.8380596603389876,32133.56232504233,2.0,32131.56232504233
CASE_002131,CUST_01194,regular,1,timeout,12476.21,retry,Action passed all guardrails.,passed,0.7634017583236699,9524.360651215353,2.0,9522.360651215353
CASE_002132,CUST_01194,regular,1,limit_exceeded,22462.18,reminder,Action passed all guardrails.,passed,0.4372213701048217,9820.945115141123,5.0,9815.945115141123
CASE_002133,CUST_01194,regular,1,temporary_bank_failure,48239.77,retry,Action passed all guardrails.,passed,0.733803423070876,35398.508354151745,2.0,35396.508354151745
CASE_002134,CUST_01195,high_value,0,temporary_bank_failure,23915.25,retry,Action passed all guardrails.,passed,0.8366526502244086,20008.757293279286,2.0,20006.757293279286
CASE_002135,CUST_01196,regular,1,insufficient_funds,1739.79,reminder,Action passed all guardrails.,passed,0.4393351938952514,764.3509769870195,5.0,759.3509769870195
CASE_002136,CUST_01196,regular,1,unknown_failure,28619.48,reminder,Action passed all guardrails.,passed,0.58465539826676,16732.533477587574,5.0,16727.533477587574
CASE_002137,CUST_01196,regular,1,unknown_failure,31607.14,reminder,Action passed all guardrails.,passed,0.5885698116856232,18603.008437721128,5.0,18598.008437721128
CASE_002138,CUST_01199,new,1,insufficient_funds,4715.33,reminder,Action passed all guardrails.,passed,0.4590822632552235,2164.724368395253,5.0,2159.724368395253
CASE_002139,CUST_01200,regular,1,authentication_failed,54466.89,reminder,High-value case permitted for controlled recovery.,passed,0.5574424831896783,30362.15841321905,5.0,30357.15841321905
CASE_002140,CUST_01201,regular,1,unknown_failure,18093.55,escalate,Case routed to manual review.,passed,0.5207033296121494,9421.371729503904,25.0,9396.371729503904
CASE_002141,CUST_01202,new,1,unknown_failure,13422.39,reminder,Action passed all guardrails.,passed,0.4283662021887775,5749.698228596625,5.0,5744.698228596625
CASE_002142,CUST_01203,regular,1,unknown_failure,27168.01,reminder,Action passed all guardrails.,passed,0.5689008014319124,15455.902662310207,5.0,15450.902662310207
CASE_002143,CUST_01204,high_value,1,limit_exceeded,112619.9,reminder,High-value case permitted for controlled recovery.,passed,0.5604303976612385,63115.61534156891,5.0,63110.61534156891
CASE_002144,CUST_01205,regular,1,unknown_failure,1976.29,reminder,Action passed all guardrails.,passed,0.4738951453464881,936.554236796811,5.0,931.554236796811
CASE_002145,CUST_01205,regular,1,unknown_failure,6509.04,reminder,Action passed all guardrails.,passed,0.5361320929175528,3489.705238084068,5.0,3484.705238084068
CASE_002146,CUST_01206,regular,1,insufficient_funds,12914.46,reminder,Action passed all guardrails.,passed,0.6444957163538271,8323.314149022845,5.0,8318.314149022845
CASE_002147,CUST_01206,regular,1,unknown_failure,18352.62,reminder,Action passed all guardrails.,passed,0.5640028271451595,10350.929565520795,5.0,10345.929565520795
CASE_002148,CUST_01206,regular,1,unknown_failure,30172.74,reminder,Action passed all guardrails.,passed,0.5337353740889513,16104.258671188669,5.0,16099.258671188669
CASE_002149,CUST_01207,regular,1,temporary_bank_failure,18032.54,retry,Action passed all guardrails.,passed,0.8572042441358948,15457.569820550289,2.0,15455.569820550289
CASE_002150,CUST_01209,new,1,temporary_bank_failure,14999.78,retry,Action passed all guardrails.,passed,0.7697900437381648,11546.68130226285,2.0,11544.68130226285
CASE_002151,CUST_01210,regular,1,unknown_failure,24310.68,escalate,Case routed to manual review.,passed,0.5279159745098214,12833.996323196425,25.0,12808.996323196425
CASE_002152,CUST_01210,regular,1,expired_instrument,47241.4,reminder,Action passed all guardrails.,passed,0.5427614028584165,25640.808536995595,5.0,25635.808536995595
CASE_002153,CUST_01212,regular,1,expired_instrument,56301.82,reminder,High-value case permitted for controlled recovery.,passed,0.5035179519077262,28348.97709507746,5.0,28343.97709507746
CASE_002154,CUST_01215,regular,1,timeout,11324.58,retry,Action passed all guardrails.,passed,0.7201865085795331,8155.809731329609,2.0,8153.809731329609
CASE_002155,CUST_01216,high_value,1,unknown_failure,17263.06,reminder,Action passed all guardrails.,passed,0.5580869031702596,9634.287694642382,5.0,9629.287694642382
CASE_002156,CUST_01216,high_value,1,unknown_failure,56338.43,reminder,High-value case permitted for controlled recovery.,passed,0.5431102584355045,30597.97927715058,5.0,30592.97927715058
CASE_002157,CUST_01217,regular,1,unknown_failure,47763.77,reminder,Action passed all guardrails.,passed,0.4921688432192062,23507.83942868822,5.0,23502.83942868822
CASE_002158,CUST_01218,regular,1,unknown_failure,47171.46,escalate,Case routed to manual review.,passed,0.5421154593401695,25572.37770564643,25.0,25547.37770564643
CASE_002159,CUST_01218,regular,1,insufficient_funds,9234.83,reminder,Action passed all guardrails.,passed,0.6149643411002702,5679.091146123008,5.0,5674.091146123008
CASE_002160,CUST_01218,regular,1,unknown_failure,47195.2,escalate,Case routed to manual review.,passed,0.5421154593401695,25585.247526651165,25.0,25560.247526651165
CASE_002161,CUST_01219,regular,1,insufficient_funds,33679.37,reminder,Action passed all guardrails.,passed,0.5644393485040946,19009.96166082835,5.0,19004.96166082835
CASE_002162,CUST_01220,high_value,1,unknown_failure,28964.23,reminder,Action passed all guardrails.,passed,0.5361207271730237,15528.324049606708,5.0,15523.324049606708
CASE_002163,CUST_01221,regular,1,authentication_failed,68515.98,reminder,High-value case permitted for controlled recovery.,passed,0.5788120597181629,39657.87550740845,5.0,39652.87550740845
CASE_002164,CUST_01221,regular,1,blocked_instrument,6707.33,reminder,Action passed all guardrails.,passed,0.5755952419266683,3860.707234032,5.0,3855.707234032
CASE_002165,CUST_01222,new,1,authentication_failed,3622.47,reminder,Action passed all guardrails.,passed,0.4296908952283091,1556.542377237693,5.0,1551.542377237693
CASE_002166,CUST_01222,new,1,expired_instrument,5716.87,reminder,Action passed all guardrails.,passed,0.5216183674265589,2982.024396189872,5.0,2977.024396189872
CASE_002167,CUST_01223,regular,1,insufficient_funds,10255.17,reminder,Action passed all guardrails.,passed,0.5927528412144466,6078.781154637157,5.0,6073.781154637157
CASE_002168,CUST_01224,high_value,1,temporary_bank_failure,69601.75,retry,High-value case permitted for controlled recovery.,passed,0.8453543427995017,58838.14162894522,2.0,58836.14162894522
CASE_002169,CUST_01224,high_value,1,blocked_instrument,99098.79,escalate,Case routed to manual review.,passed,0.4479288005568593,44389.20214133608,25.0,44364.20214133608
CASE_002170,CUST_01225,regular,1,unknown_failure,8028.75,reminder,Action passed all guardrails.,passed,0.5515780961820843,4428.482639721909,5.0,4423.482639721909
CASE_002171,CUST_01226,new,1,unknown_failure,2626.57,reminder,Action passed all guardrails.,passed,0.4226105640808377,1110.016229297806,5.0,1105.016229297806
CASE_002172,CUST_01227,regular,1,expired_instrument,39969.84,reminder,Action passed all guardrails.,passed,0.5356710880213303,21410.687680838488,5.0,21405.687680838488
CASE_002173,CUST_01228,regular,1,timeout,14578.5,retry,Action passed all guardrails.,passed,0.7759940669464211,11312.8295049784,2.0,11310.8295049784
CASE_002174,CUST_01228,regular,1,unknown_failure,8990.33,reminder,Action passed all guardrails.,passed,0.5918832994426096,5321.2261834778765,5.0,5316.2261834778765
CASE_002175,CUST_01228,regular,1,unknown_failure,10187.89,reminder,Action passed all guardrails.,passed,0.593133557222979,6042.779436296415,5.0,6037.779436296415
CASE_002176,CUST_01229,new,1,unknown_failure,13347.36,reminder,Action passed all guardrails.,passed,0.4774400539679691,6372.564278729913,5.0,6367.564278729913
CASE_002177,CUST_01230,regular,1,insufficient_funds,43172.06,escalate,Case routed to manual review.,passed,0.5671829381564767,24486.4558370677,25.0,24461.4558370677
CASE_002178,CUST_01230,regular,1,insufficient_funds,18918.0,escalate,Case routed to manual review.,passed,0.5811568522169246,10994.32533023978,25.0,10969.32533023978
CASE_002179,CUST_01230,regular,1,insufficient_funds,11439.39,escalate,Case routed to manual review.,passed,0.592119325316112,6773.483888827878,25.0,6748.483888827878
CASE_002180,CUST_01231,regular,1,insufficient_funds,34269.4,reminder,Action passed all guardrails.,passed,0.5459225446634924,18708.43805209109,5.0,18703.43805209109
CASE_002181,CUST_01232,regular,1,insufficient_funds,39554.35,reminder,Action passed all guardrails.,passed,0.5658890212567705,22383.37240794774,5.0,22378.37240794774
CASE_002182,CUST_01232,regular,1,authentication_failed,13849.78,reminder,Action passed all guardrails.,passed,0.5875317022652654,8137.184819399428,5.0,8132.184819399428
CASE_002183,CUST_01232,regular,1,unknown_failure,29962.5,escalate,Case routed to manual review.,passed,0.5049285473470837,15128.921599886997,25.0,15103.921599886997
CASE_002184,CUST_01233,regular,1,expired_instrument,7277.96,reminder,Action passed all guardrails.,passed,0.5999539093160418,4366.44055384578,5.0,4361.44055384578
CASE_002185,CUST_01233,regular,1,unknown_failure,33016.09,reminder,Action passed all guardrails.,passed,0.5185851798644071,17121.654971069453,5.0,17116.654971069453
CASE_002186,CUST_01234,new,1,unknown_failure,16106.82,reminder,Action passed all guardrails.,passed,0.4750627831484027,7651.7507368703555,5.0,7646.7507368703555
CASE_002187,CUST_01234,new,1,temporary_bank_failure,2470.89,retry,Action passed all guardrails.,passed,0.7601745576865078,1878.307712842015,2.0,1876.307712842015
CASE_002188,CUST_01234,new,1,unknown_failure,3606.53,reminder,Action passed all guardrails.,passed,0.4066199404804886,1466.4870139410966,5.0,1461.4870139410966
CASE_002189,CUST_01235,new,1,temporary_bank_failure,5335.47,retry,Action passed all guardrails.,passed,0.7208279085740663,3845.9556813596737,2.0,3843.9556813596737
CASE_002190,CUST_01236,new,1,limit_exceeded,17798.76,reminder,Action passed all guardrails.,passed,0.4439476227530563,7901.717189952188,5.0,7896.717189952188
CASE_002191,CUST_01237,new,1,temporary_bank_failure,7121.96,retry,Action passed all guardrails.,passed,0.7800079786839618,5555.185623868028,2.0,5553.185623868028
CASE_002192,CUST_01237,new,1,unknown_failure,18226.75,reminder,Action passed all guardrails.,passed,0.4954888675676037,9031.15171693782,5.0,9026.15171693782
CASE_002193,CUST_01237,new,1,unknown_failure,4278.49,reminder,Action passed all guardrails.,passed,0.4372838333655967,1870.914508216372,5.0,1865.914508216372
CASE_002194,CUST_01237,new,1,unknown_failure,11328.49,reminder,Action passed all guardrails.,passed,0.4953619487327106,5611.7028825990255,5.0,5606.7028825990255
CASE_002195,CUST_01238,new,1,expired_instrument,17976.83,reminder,Action passed all guardrails.,passed,0.4853301666410261,8724.697899577399,5.0,8719.697899577399
CASE_002196,CUST_01238,new,1,unknown_failure,14633.68,reminder,Action passed all guardrails.,passed,0.4992383565008625,7305.694352759542,5.0,7300.694352759542
CASE_002197,CUST_01238,new,1,unknown_failure,4193.52,reminder,Action passed all guardrails.,passed,0.4305044753220221,1805.3291273524064,5.0,1800.3291273524064
CASE_002198,CUST_01238,new,1,insufficient_funds,9489.23,reminder,Action passed all guardrails.,passed,0.5447118297571637,5168.895836286571,5.0,5163.895836286571
CASE_002199,CUST_01239,regular,1,authentication_failed,35715.22,reminder,Action passed all guardrails.,passed,0.535098959696743,19111.17706734031,5.0,19106.17706734031
CASE_002200,CUST_01239,regular,1,authentication_failed,72001.57,reminder,High-value case permitted for controlled recovery.,passed,0.5484747214694804,39491.0410511153,5.0,39486.0410511153
CASE_002201,CUST_01239,regular,1,risk_decline,31053.98,reminder,Action passed all guardrails.,passed,0.3784180595798944,11751.386853832848,5.0,11746.386853832848
CASE_002202,CUST_01239,regular,1,unknown_failure,16568.32,escalate,Case routed to manual review.,passed,0.5316412012200575,8808.401546998304,25.0,8783.401546998304
CASE_002203,CUST_01239,regular,1,insufficient_funds,24690.23,reminder,Action passed all guardrails.,passed,0.6727887780963325,16611.30967261741,5.0,16606.30967261741
CASE_002204,CUST_01240,regular,0,unknown_failure,44196.22,retry,Action passed all guardrails.,passed,0.4390423897319553,19404.01404591924,2.0,19402.01404591924
CASE_002205,CUST_01241,regular,1,expired_instrument,4307.5,reminder,Action passed all guardrails.,passed,0.584526410715485,2517.8475141569515,5.0,2512.8475141569515
CASE_002206,CUST_01242,regular,1,unknown_failure,18415.02,reminder,Action passed all guardrails.,passed,0.554567851666011,10212.378079786626,5.0,10207.378079786626
CASE_002207,CUST_01244,new,1,limit_exceeded,14524.6,reminder,Action passed all guardrails.,passed,0.4951467042526749,7191.807820588401,5.0,7186.807820588401
CASE_002208,CUST_01245,regular,1,unknown_failure,49467.9,reminder,Action passed all guardrails.,passed,0.5082861279789131,25143.84735024808,5.0,25138.84735024808
CASE_002209,CUST_01245,regular,1,unknown_failure,15996.18,reminder,Action passed all guardrails.,passed,0.5488070917237668,8778.817024489885,5.0,8773.817024489885
CASE_002210,CUST_01246,high_value,1,unknown_failure,75610.77,reminder,High-value case permitted for controlled recovery.,passed,0.5971688928037124,45152.39980493616,5.0,45147.39980493616
CASE_002211,CUST_01247,high_value,1,unknown_failure,14991.3,reminder,Action passed all guardrails.,passed,0.5580061058330517,8365.236934375027,5.0,8360.236934375027
CASE_002212,CUST_01247,high_value,1,unknown_failure,5809.72,reminder,Action passed all guardrails.,passed,0.5132192777271475,2981.660302196964,5.0,2976.660302196964
CASE_002213,CUST_01248,high_value,1,temporary_bank_failure,121116.9,retry,High-value case permitted for controlled recovery.,passed,0.8734209988233486,105786.04377238762,2.0,105784.04377238762
CASE_002214,CUST_01248,high_value,1,timeout,77169.26,escalate,Case routed to manual review.,passed,0.7120855039058875,54951.11139314445,25.0,54926.11139314445
CASE_002215,CUST_01248,high_value,1,temporary_bank_failure,24542.69,retry,Action passed all guardrails.,passed,0.8551494496670842,20987.66784684985,2.0,20985.66784684985
CASE_002216,CUST_01250,regular,1,timeout,5147.03,retry,Action passed all guardrails.,passed,0.6975495886785205,3590.308659416005,2.0,3588.308659416005
CASE_002217,CUST_01251,regular,1,insufficient_funds,11237.02,reminder,Action passed all guardrails.,passed,0.6423537806119589,7218.142279812195,5.0,7213.142279812195
CASE_002218,CUST_01251,regular,1,limit_exceeded,5965.72,reminder,Action passed all guardrails.,passed,0.5410073360797186,3227.498284997499,5.0,3222.498284997499
CASE_002219,CUST_01251,regular,1,unknown_failure,26220.6,reminder,Action passed all guardrails.,passed,0.5638901000897047,14785.536758412112,5.0,14780.536758412112
CASE_002220,CUST_01252,regular,1,unknown_failure,24228.75,reminder,Action passed all guardrails.,passed,0.5910989813062348,14321.589443323435,5.0,14316.589443323435
CASE_002221,CUST_01253,new,1,limit_exceeded,5218.97,reminder,Action passed all guardrails.,passed,0.5188983734813326,2708.11504424787,5.0,2703.11504424787
CASE_002222,CUST_01254,regular,0,unknown_failure,10613.95,escalate,Case routed to manual review.,passed,0.500894856728438,5316.472964572805,25.0,5291.472964572805
CASE_002223,CUST_01255,regular,1,insufficient_funds,5966.93,reminder,Action passed all guardrails.,passed,0.6000544336218733,3580.4828016113643,5.0,3575.4828016113643
CASE_002224,CUST_01256,new,1,timeout,9296.8,retry,Action passed all guardrails.,passed,0.64473107072681,5993.935818333007,2.0,5991.935818333007
CASE_002225,CUST_01257,regular,1,risk_decline,63821.92,reminder,High-value case permitted for controlled recovery.,passed,0.2604999158543128,16625.604789660687,5.0,16620.604789660687
CASE_002226,CUST_01257,regular,1,expired_instrument,1363.62,reminder,Action passed all guardrails.,passed,0.4702590773703603,641.2546830837707,5.0,636.2546830837707
CASE_002227,CUST_01257,regular,1,unknown_failure,19270.65,reminder,Action passed all guardrails.,passed,0.5607297367899915,10805.62650227205,5.0,10800.62650227205
CASE_002228,CUST_01258,regular,1,authentication_failed,5138.34,reminder,Action passed all guardrails.,passed,0.5582762009615013,2868.6129344485207,5.0,2863.6129344485207
CASE_002229,CUST_01258,regular,1,unknown_failure,39462.74,escalate,Case routed to manual review.,passed,0.5204885184127457,20539.903075107395,25.0,20514.903075107395
CASE_002230,CUST_01259,regular,1,unknown_failure,65010.14,escalate,Case routed to manual review.,passed,0.5146370499032928,33456.62666340006,25.0,33431.62666340006
CASE_002231,CUST_01259,regular,1,unknown_failure,41107.63,escalate,Case routed to manual review.,passed,0.5101555331619165,20971.284899672795,25.0,20946.284899672795
CASE_002232,CUST_01260,regular,1,temporary_bank_failure,5891.04,retry,Action passed all guardrails.,passed,0.8513294566102768,5015.215882069405,2.0,5013.215882069405
CASE_002233,CUST_01260,regular,1,temporary_bank_failure,19490.08,retry,Action passed all guardrails.,passed,0.8370867254089425,16314.887245158325,2.0,16312.887245158325
CASE_002234,CUST_01261,regular,1,unknown_failure,43776.74,escalate,Case routed to manual review.,passed,0.5410052360148556,23683.44555566097,25.0,23658.44555566097
CASE_002235,CUST_01261,regular,1,blocked_instrument,23114.8,escalate,Case routed to manual review.,passed,0.5350737929825645,12368.123710033382,25.0,12343.123710033382
CASE_002236,CUST_01262,high_value,1,unknown_failure,15223.04,reminder,Action passed all guardrails.,passed,0.566235107403406,8619.819689406346,5.0,8614.819689406346
CASE_002237,CUST_01263,regular,1,unknown_failure,47354.38,reminder,Action passed all guardrails.,passed,0.5644913753678428,26731.139095891464,5.0,26726.139095891464
CASE_002238,CUST_01263,regular,1,temporary_bank_failure,5296.11,retry,Action passed all guardrails.,passed,0.8163181289621911,4323.31060597795,2.0,4321.31060597795
CASE_002239,CUST_01263,regular,1,authentication_failed,7771.36,reminder,Action passed all guardrails.,passed,0.6085642284552653,4729.37170244811,5.0,4724.37170244811
CASE_002240,CUST_01264,high_value,1,temporary_bank_failure,133158.05,retry,High-value case permitted for controlled recovery.,passed,0.8362044807935497,111347.35806373152,2.0,111345.35806373152
CASE_002241,CUST_01264,high_value,1,insufficient_funds,14071.63,reminder,Action passed all guardrails.,passed,0.6636117304854323,9338.098735050724,5.0,9333.098735050724
CASE_002242,CUST_01264,high_value,1,unknown_failure,42422.89,reminder,Action passed all guardrails.,passed,0.5564672416232241,23606.94857998546,5.0,23601.94857998546
CASE_002243,CUST_01265,new,1,risk_decline,9869.44,reminder,Action passed all guardrails.,passed,0.2255689097557067,2226.238820699363,5.0,2221.238820699363
CASE_002244,CUST_01265,new,1,unknown_failure,800.98,escalate,Case routed to manual review.,passed,0.4675090220247902,374.4653764614165,25.0,349.4653764614165
CASE_002245,CUST_01265,new,1,unknown_failure,5073.26,escalate,Case routed to manual review.,passed,0.4632616786766262,2350.246943962981,25.0,2325.246943962981
CASE_002246,CUST_01265,new,1,risk_decline,10086.39,reminder,Action passed all guardrails.,passed,0.2284721731589701,2304.4594426289045,5.0,2299.4594426289045
CASE_002247,CUST_01267,regular,1,unknown_failure,29534.74,reminder,Action passed all guardrails.,passed,0.5380149311115411,15890.131106497278,5.0,15885.131106497278
CASE_002248,CUST_01268,high_value,1,unknown_failure,38855.02,reminder,Action passed all guardrails.,passed,0.5720311910110881,22226.283367359647,5.0,22221.283367359647
CASE_002249,CUST_01269,regular,1,authentication_failed,12205.12,reminder,Action passed all guardrails.,passed,0.6072426166756391,7411.469005640176,5.0,7406.469005640176
CASE_002250,CUST_01269,regular,1,unknown_failure,1330.83,reminder,Action passed all guardrails.,passed,0.5143415175583544,684.5011218121848,5.0,679.5011218121848
CASE_002251,CUST_01269,regular,1,timeout,74635.46,escalate,Case routed to manual review.,passed,0.6655272701234717,49671.93394820957,25.0,49646.93394820957
CASE_002252,CUST_01272,regular,1,limit_exceeded,36220.14,reminder,Action passed all guardrails.,passed,0.4947521990297738,17919.993914166273,5.0,17914.993914166273
CASE_002253,CUST_01272,regular,1,unknown_failure,22946.35,reminder,Action passed all guardrails.,passed,0.5270881146310075,12094.748359163215,5.0,12089.748359163215
CASE_002254,CUST_01273,regular,1,unknown_failure,8660.61,reminder,Action passed all guardrails.,passed,0.5232731340615391,4531.864537584706,5.0,4526.864537584706
CASE_002255,CUST_01273,regular,1,insufficient_funds,49747.02,reminder,Action passed all guardrails.,passed,0.5882451738020513,29263.44442603412,5.0,29258.44442603412
CASE_002256,CUST_01274,regular,1,timeout,27772.38,escalate,Case routed to manual review.,passed,0.6394691980801084,17759.58156737604,25.0,17734.58156737604
CASE_002257,CUST_01274,regular,1,temporary_bank_failure,74502.77,retry,High-value case permitted for controlled recovery.,passed,0.7640617799647462,56924.7190585041,2.0,56922.7190585041
CASE_002258,CUST_01274,regular,1,timeout,41640.53,escalate,Case routed to manual review.,passed,0.6468822410036604,26936.51936298015,25.0,26911.51936298015
CASE_002259,CUST_01274,regular,1,unknown_failure,6495.51,reminder,Action passed all guardrails.,passed,0.5130420906180185,3332.4700300302457,5.0,3327.4700300302457
CASE_002260,CUST_01275,regular,1,unknown_failure,22810.86,reminder,Action passed all guardrails.,passed,0.5459715096687684,12454.079671042922,5.0,12449.079671042922
CASE_002261,CUST_01276,high_value,1,unknown_failure,93006.15,reminder,High-value case permitted for controlled recovery.,passed,0.560248490739855,52106.55516702457,5.0,52101.55516702457
CASE_002262,CUST_01278,new,1,temporary_bank_failure,2294.71,retry,Action passed all guardrails.,passed,0.7576962942626878,1738.6932634075324,2.0,1736.6932634075324
CASE_002263,CUST_01278,new,1,temporary_bank_failure,14308.66,retry,Action passed all guardrails.,passed,0.7698676860249843,11015.774964318252,2.0,11013.774964318252
CASE_002264,CUST_01280,regular,1,unknown_failure,32857.17,reminder,Action passed all guardrails.,passed,0.5170394235818088,16988.4522373295,5.0,16983.4522373295
CASE_002265,CUST_01280,regular,1,unknown_failure,21260.43,reminder,Action passed all guardrails.,passed,0.5568294947764147,11838.434495629332,5.0,11833.434495629332
CASE_002266,CUST_01281,regular,1,expired_instrument,69171.02,reminder,High-value case permitted for controlled recovery.,passed,0.5288113975538117,36578.42375642266,5.0,36573.42375642266
CASE_002267,CUST_01281,regular,1,unknown_failure,41205.82,reminder,Action passed all guardrails.,passed,0.5393423378109834,22224.04329021857,5.0,22219.04329021857
CASE_002268,CUST_01282,regular,1,authentication_failed,5755.32,reminder,Action passed all guardrails.,passed,0.5835543798976635,3358.54219371262,5.0,3353.54219371262
CASE_002269,CUST_01282,regular,1,unknown_failure,33566.51,reminder,Action passed all guardrails.,passed,0.4665043334106356,15658.922372471434,5.0,15653.922372471434
CASE_002270,CUST_01283,regular,1,temporary_bank_failure,5332.58,retry,Action passed all guardrails.,passed,0.7621569430773307,4064.262871515312,2.0,4062.262871515312
CASE_002271,CUST_01283,regular,1,blocked_instrument,12492.76,reminder,Action passed all guardrails.,passed,0.6004993045894286,7501.89369240263,5.0,7496.89369240263
CASE_002272,CUST_01283,regular,1,unknown_failure,46866.75,escalate,Case routed to manual review.,passed,0.5291100868692801,24797.670163780836,25.0,24772.670163780836
CASE_002273,CUST_01285,regular,1,unknown_failure,33879.47,escalate,Case routed to manual review.,passed,0.4984027417453827,16885.620736880443,25.0,16860.620736880443
CASE_002274,CUST_01286,new,1,blocked_instrument,17969.81,escalate,Case routed to manual review.,passed,0.4477424812703185,8045.847317356183,25.0,8020.847317356183
CASE_002275,CUST_01287,new,1,unknown_failure,18829.4,reminder,Action passed all guardrails.,passed,0.5048237138970948,9505.527638453956,5.0,9500.527638453956
CASE_002276,CUST_01288,regular,1,temporary_bank_failure,38596.03,retry,Action passed all guardrails.,passed,0.8368797297075197,32300.23515418332,2.0,32298.23515418332
CASE_002277,CUST_01288,regular,1,unknown_failure,40319.26,escalate,Case routed to manual review.,passed,0.5308787731675657,21404.639283824108,25.0,21379.639283824108
CASE_002278,CUST_01289,high_value,1,temporary_bank_failure,16030.01,retry,Action passed all guardrails.,passed,0.8585951358090972,13763.288612971186,2.0,13761.288612971186
CASE_002279,CUST_01289,high_value,1,temporary_bank_failure,12787.63,retry,Action passed all guardrails.,passed,0.8518363982967904,10892.968681951985,2.0,10890.968681951985
CASE_002280,CUST_01290,regular,1,insufficient_funds,13188.22,reminder,Action passed all guardrails.,passed,0.5981028674593942,7887.9121986853315,5.0,7882.9121986853315
CASE_002281,CUST_01290,regular,1,unknown_failure,10267.99,reminder,Action passed all guardrails.,passed,0.5177353569359392,5316.101467664655,5.0,5311.101467664655
CASE_002282,CUST_01291,new,1,insufficient_funds,15562.14,reminder,Action passed all guardrails.,passed,0.5425666371424914,8443.497966540652,5.0,8438.497966540652
CASE_002283,CUST_01291,new,1,unknown_failure,19149.65,reminder,Action passed all guardrails.,passed,0.4941279691286771,9462.377664024973,5.0,9457.377664024973
CASE_002284,CUST_01291,new,1,unknown_failure,12411.19,reminder,Action passed all guardrails.,passed,0.4875985360322037,6051.678074417527,5.0,6046.678074417527
CASE_002285,CUST_01291,new,1,unknown_failure,9951.76,reminder,Action passed all guardrails.,passed,0.4938840342193257,4915.015376382517,5.0,4910.015376382517
CASE_002286,CUST_01291,new,1,unknown_failure,18521.22,reminder,Action passed all guardrails.,passed,0.4878208957062007,9035.0381299716,5.0,9030.0381299716
CASE_002287,CUST_01291,new,1,unknown_failure,19541.28,reminder,Action passed all guardrails.,passed,0.4933602266958687,9640.890330727443,5.0,9635.890330727443
CASE_002288,CUST_01292,high_value,0,insufficient_funds,55390.62,escalate,Case routed to manual review.,passed,0.563202620779298,31196.1423505902,25.0,31171.1423505902
CASE_002289,CUST_01292,high_value,0,temporary_bank_failure,10767.79,retry,Action passed all guardrails.,passed,0.8190036916081542,8818.859760461368,2.0,8816.859760461368
CASE_002290,CUST_01293,regular,1,unknown_failure,2442.82,reminder,Action passed all guardrails.,passed,0.5030744898077357,1228.920425192133,5.0,1223.920425192133
CASE_002291,CUST_01294,regular,1,risk_decline,60717.74,reminder,High-value case permitted for controlled recovery.,passed,0.2690315173857312,16334.985724432308,5.0,16329.985724432308
CASE_002292,CUST_01294,regular,1,unknown_failure,28097.15,reminder,Action passed all guardrails.,passed,0.5856515031695846,16455.138132281296,5.0,16450.138132281296
CASE_002293,CUST_01295,regular,1,expired_instrument,7115.03,reminder,Action passed all guardrails.,passed,0.6210523133375898,4418.805840966352,5.0,4413.805840966352
CASE_002294,CUST_01296,regular,1,risk_decline,8913.89,reminder,Action passed all guardrails.,passed,0.2007487999717965,1789.4527205805975,5.0,1784.4527205805975
CASE_002295,CUST_01297,regular,1,temporary_bank_failure,71930.97,retry,High-value case permitted for controlled recovery.,passed,0.7909998285817306,56897.3849397176,2.0,56895.3849397176
CASE_002296,CUST_01297,regular,1,limit_exceeded,5406.6,reminder,Action passed all guardrails.,passed,0.5534337254731209,2992.194780142976,5.0,2987.194780142976
CASE_002297,CUST_01298,regular,1,insufficient_funds,25353.12,reminder,Action passed all guardrails.,passed,0.4976087518657595,12615.934399102824,5.0,12610.934399102824
CASE_002298,CUST_01298,regular,1,insufficient_funds,46302.73,escalate,Case routed to manual review.,passed,0.5093262581291,23583.196212062023,25.0,23558.196212062023
CASE_002299,CUST_01301,regular,1,unknown_failure,27762.4,reminder,Action passed all guardrails.,passed,0.4774486360793991,13255.12001429071,5.0,13250.12001429071
CASE_002300,CUST_01301,regular,1,insufficient_funds,30064.22,reminder,Action passed all guardrails.,passed,0.5455172410623025,16400.550349090096,5.0,16395.550349090096
CASE_002301,CUST_01301,regular,1,unknown_failure,15081.14,reminder,Action passed all guardrails.,passed,0.4957371715445368,7476.281687267176,5.0,7471.281687267176
CASE_002302,CUST_01301,regular,1,unknown_failure,7613.32,reminder,Action passed all guardrails.,passed,0.5033273409845769,3831.9921116646983,5.0,3826.9921116646983
CASE_002303,CUST_01301,regular,1,unknown_failure,6995.38,reminder,Action passed all guardrails.,passed,0.5045254113238237,3529.3469718664496,5.0,3524.3469718664496
CASE_002304,CUST_01303,regular,1,blocked_instrument,74064.59,escalate,Case routed to manual review.,passed,0.5473329348138608,40537.98941048532,25.0,40512.98941048532
CASE_002305,CUST_01303,regular,1,temporary_bank_failure,5072.32,retry,Action passed all guardrails.,passed,0.8480138481048209,4301.397602019045,2.0,4299.397602019045
CASE_002306,CUST_01303,regular,1,unknown_failure,32963.85,reminder,Action passed all guardrails.,passed,0.4994959199889552,16465.308582127924,5.0,16460.308582127924
CASE_002307,CUST_01304,new,1,temporary_bank_failure,7173.33,retry,Action passed all guardrails.,passed,0.716214743161614,5137.644703563501,2.0,5135.644703563501
CASE_002308,CUST_01304,new,1,unknown_failure,11416.97,reminder,Action passed all guardrails.,passed,0.4346257937874103,4962.10964889705,5.0,4957.10964889705
CASE_002309,CUST_01306,new,1,temporary_bank_failure,4240.57,retry,Action passed all guardrails.,passed,0.7263805934114408,3080.267753002753,2.0,3078.267753002753
CASE_002310,CUST_01308,new,1,temporary_bank_failure,963.26,retry,Action passed all guardrails.,passed,0.7337108464714415,706.7543099720807,2.0,704.7543099720807
CASE_002311,CUST_01309,regular,1,timeout,33127.89,retry,Action passed all guardrails.,passed,0.6446158135773771,21354.76176445185,2.0,21352.76176445185
CASE_002312,CUST_01309,regular,1,unknown_failure,33646.31,escalate,Case routed to manual review.,passed,0.5178601433428464,17424.082919557844,25.0,17399.082919557844
CASE_002313,CUST_01310,regular,1,temporary_bank_failure,15419.22,escalate,Case routed to manual review.,passed,0.7432254449268062,11459.956644924308,25.0,11434.956644924308
CASE_002314,CUST_01310,regular,1,insufficient_funds,19491.8,reminder,Action passed all guardrails.,passed,0.5954643330497639,11606.671686939388,5.0,11601.671686939388
CASE_002315,CUST_01311,regular,1,unknown_failure,15273.6,reminder,Action passed all guardrails.,passed,0.5511253570164378,8417.668252926265,5.0,8412.668252926265
CASE_002316,CUST_01312,regular,1,unknown_failure,12752.87,reminder,Action passed all guardrails.,passed,0.5527296942133711,7048.889935442875,5.0,7043.889935442875
CASE_002317,CUST_01315,regular,1,unknown_failure,10273.34,reminder,Action passed all guardrails.,passed,0.5149976744917009,5290.74620926257,5.0,5285.74620926257
CASE_002318,CUST_01316,regular,1,unknown_failure,44585.25,reminder,Action passed all guardrails.,passed,0.5329608384906643,23762.19222431589,5.0,23757.19222431589
CASE_002319,CUST_01317,regular,1,unknown_failure,7890.81,reminder,Action passed all guardrails.,passed,0.5949342948922308,4694.513483478564,5.0,4689.513483478564
CASE_002320,CUST_01317,regular,1,timeout,14220.37,retry,Action passed all guardrails.,passed,0.7399857427544752,10522.871056693455,2.0,10520.871056693455
CASE_002321,CUST_01317,regular,1,timeout,5756.49,retry,Action passed all guardrails.,passed,0.721492602961514,4153.264954021925,2.0,4151.264954021925
CASE_002322,CUST_01318,regular,1,temporary_bank_failure,56404.1,retry,High-value case permitted for controlled recovery.,passed,0.790650379059746,44595.92304552382,2.0,44593.92304552382
CASE_002323,CUST_01319,regular,1,insufficient_funds,3770.54,reminder,Action passed all guardrails.,passed,0.5143150072281298,1939.2453073539527,5.0,1934.2453073539527
CASE_002324,CUST_01319,regular,1,insufficient_funds,20244.71,reminder,Action passed all guardrails.,passed,0.567539400903385,11489.670584862766,5.0,11484.670584862766
CASE_002325,CUST_01321,regular,1,unknown_failure,28464.47,reminder,Action passed all guardrails.,passed,0.5763000301771904,16404.07491997773,5.0,16399.07491997773
CASE_002326,CUST_01321,regular,1,unknown_failure,49980.45,reminder,Action passed all guardrails.,passed,0.5764169505822135,28809.578577726792,5.0,28804.578577726792
CASE_002327,CUST_01321,regular,1,unknown_failure,37053.44,reminder,Action passed all guardrails.,passed,0.5646707245459459,20922.99281171973,5.0,20917.99281171973
CASE_002328,CUST_01322,regular,1,blocked_instrument,17367.19,reminder,Action passed all guardrails.,passed,0.5444694454512727,9455.904308346888,5.0,9450.904308346888
CASE_002329,CUST_01322,regular,1,unknown_failure,11447.02,reminder,Action passed all guardrails.,passed,0.5425119241157748,6210.144845591756,5.0,6205.144845591756
CASE_002330,CUST_01323,regular,1,insufficient_funds,10072.74,reminder,Action passed all guardrails.,passed,0.5920539923278647,5963.605930680576,5.0,5958.605930680576
CASE_002331,CUST_01323,regular,1,risk_decline,16262.46,reminder,Action passed all guardrails.,passed,0.2394797737581423,3894.530241550839,5.0,3889.530241550839
CASE_002332,CUST_01323,regular,1,unknown_failure,40275.47,reminder,Action passed all guardrails.,passed,0.4898597216953009,19729.330525347443,5.0,19724.330525347443
CASE_002333,CUST_01324,regular,1,temporary_bank_failure,16254.11,retry,Action passed all guardrails.,passed,0.7653900745722582,12440.734465005688,2.0,12438.734465005688
CASE_002334,CUST_01324,regular,1,timeout,44369.46,retry,Action passed all guardrails.,passed,0.6572877327808385,29163.5017681101,2.0,29161.5017681101
CASE_002335,CUST_01325,regular,1,insufficient_funds,14187.77,reminder,Action passed all guardrails.,passed,0.6036672667873593,8564.692337707693,5.0,8559.692337707693
CASE_002336,CUST_01326,regular,1,temporary_bank_failure,12925.83,retry,Action passed all guardrails.,passed,0.7762142907951686,10033.213966388914,2.0,10031.213966388914
CASE_002337,CUST_01326,regular,1,temporary_bank_failure,32288.08,retry,Action passed all guardrails.,passed,0.8383036902808385,27067.216616082937,2.0,27065.216616082937
CASE_002338,CUST_01326,regular,1,authentication_failed,28550.96,reminder,Action passed all guardrails.,passed,0.5287857697622013,15097.341361049816,5.0,15092.341361049816
CASE_002339,CUST_01328,regular,1,insufficient_funds,6934.09,reminder,Action passed all guardrails.,passed,0.5824619417947275,4038.8435259794014,5.0,4033.8435259794014
CASE_002340,CUST_01328,regular,1,risk_decline,11384.34,reminder,Action passed all guardrails.,passed,0.2435664650461621,2772.8434506836256,5.0,2767.8434506836256
CASE_002341,CUST_01328,regular,1,unknown_failure,48270.8,reminder,Action passed all guardrails.,passed,0.491592818396712,23729.578618264008,5.0,23724.578618264008
CASE_002342,CUST_01329,regular,1,temporary_bank_failure,6879.67,retry,Action passed all guardrails.,passed,0.8026362554834356,5521.872567761728,2.0,5519.872567761728
CASE_002343,CUST_01329,regular,1,unknown_failure,31356.56,reminder,Action passed all guardrails.,passed,0.560435826771043,17573.339628295817,5.0,17568.339628295817
CASE_002344,CUST_01330,regular,1,unknown_failure,20056.54,reminder,Action passed all guardrails.,passed,0.5442859899270652,10916.49372841178,5.0,10911.49372841178
CASE_002345,CUST_01332,regular,1,blocked_instrument,13960.2,escalate,Case routed to manual review.,passed,0.4826125318707999,6737.367467422741,25.0,6712.367467422741
CASE_002346,CUST_01332,regular,1,unknown_failure,16770.97,reminder,Action passed all guardrails.,passed,0.5765057930898376,9668.561360735875,5.0,9663.561360735875
CASE_002347,CUST_01332,regular,1,unknown_failure,68784.24,reminder,High-value case permitted for controlled recovery.,passed,0.5339117292522559,36724.7125237022,5.0,36719.7125237022
CASE_002348,CUST_01332,regular,1,unknown_failure,29919.88,reminder,Action passed all guardrails.,passed,0.510206193419292,15265.308082362006,5.0,15260.308082362006
CASE_002349,CUST_01333,regular,1,unknown_failure,19617.21,reminder,Action passed all guardrails.,passed,0.5557380802494506,10902.030625250323,5.0,10897.030625250323
CASE_002350,CUST_01333,regular,1,unknown_failure,24745.16,reminder,Action passed all guardrails.,passed,0.5621104777850067,13909.513710466435,5.0,13904.513710466435
CASE_002351,CUST_01334,regular,1,unknown_failure,44533.42,reminder,Action passed all guardrails.,passed,0.5341466240330724,23787.375949646907,5.0,23782.375949646907
CASE_002352,CUST_01334,regular,1,unknown_failure,29248.29,reminder,Action passed all guardrails.,passed,0.5391816723821962,15770.141916519464,5.0,15765.141916519464
CASE_002353,CUST_01335,regular,1,risk_decline,37783.14,reminder,Action passed all guardrails.,passed,0.1506523761798202,5692.119820534811,5.0,5687.119820534811
CASE_002354,CUST_01335,regular,1,unknown_failure,37140.98,escalate,Case routed to manual review.,passed,0.5056780880428042,18781.37975443603,25.0,18756.37975443603
CASE_002355,CUST_01336,regular,1,timeout,7106.2,retry,Action passed all guardrails.,passed,0.829462924655956,5894.329435190154,2.0,5892.329435190154
CASE_002356,CUST_01337,regular,1,unknown_failure,11032.07,reminder,Action passed all guardrails.,passed,0.5468156951455398,6032.509025944256,5.0,6027.509025944256
CASE_002357,CUST_01338,new,1,temporary_bank_failure,8831.11,retry,Action passed all guardrails.,passed,0.7230109454477457,6384.989190453042,2.0,6382.989190453042
CASE_002358,CUST_01339,regular,1,insufficient_funds,43378.39,reminder,Action passed all guardrails.,passed,0.5512237134694928,23911.197220127917,5.0,23906.197220127917
CASE_002359,CUST_01341,regular,1,insufficient_funds,25887.65,reminder,Action passed all guardrails.,passed,0.5750227749957256,14885.988341118098,5.0,14880.988341118098
CASE_002360,CUST_01342,regular,1,temporary_bank_failure,18012.07,retry,Action passed all guardrails.,passed,0.7820207040314228,14085.81166246327,2.0,14083.81166246327
CASE_002361,CUST_01343,regular,1,unknown_failure,25042.56,escalate,Case routed to manual review.,passed,0.4848368611559994,12141.556185710786,25.0,12116.556185710786
CASE_002362,CUST_01345,regular,1,authentication_failed,29659.36,reminder,Action passed all guardrails.,passed,0.5254902905362887,15585.70570352038,5.0,15580.70570352038
CASE_002363,CUST_01345,regular,1,unknown_failure,12692.61,reminder,Action passed all guardrails.,passed,0.5214531956108304,6618.602045141982,5.0,6613.602045141982
CASE_002364,CUST_01345,regular,1,authentication_failed,32858.1,reminder,Action passed all guardrails.,passed,0.5299500320842467,17413.151149227386,5.0,17408.151149227386
CASE_002365,CUST_01346,high_value,0,unknown_failure,93843.1,escalate,Case routed to manual review.,passed,0.5508857756581653,51696.82893366678,25.0,51671.82893366678
CASE_002366,CUST_01347,high_value,1,unknown_failure,73025.82,reminder,High-value case permitted for controlled recovery.,passed,0.5402204841795837,39450.04383801113,5.0,39445.04383801113
CASE_002367,CUST_01347,high_value,1,unknown_failure,77131.32,reminder,High-value case permitted for controlled recovery.,passed,0.5378184873181028,41482.64984724853,5.0,41477.64984724853
CASE_002368,CUST_01347,high_value,1,unknown_failure,77013.6,reminder,High-value case permitted for controlled recovery.,passed,0.5378184873181028,41419.33785492145,5.0,41414.33785492145
CASE_002369,CUST_01349,high_value,1,risk_decline,9913.11,reminder,Action passed all guardrails.,passed,0.4002761122681365,3967.981131286387,5.0,3962.981131286387
CASE_002370,CUST_01349,high_value,1,blocked_instrument,67289.32,escalate,Case routed to manual review.,passed,0.4743957840946367,31921.76972259492,25.0,31896.76972259492
CASE_002371,CUST_01350,regular,0,unknown_failure,26268.56,escalate,Case routed to manual review.,passed,0.5129395276613955,13474.182758745028,25.0,13449.182758745028
CASE_002372,CUST_01350,regular,0,risk_decline,16332.06,escalate,Case routed to manual review.,passed,0.1703197616813594,2781.672566965663,25.0,2756.672566965663
CASE_002373,CUST_01350,regular,0,temporary_bank_failure,8252.69,escalate,Case routed to manual review.,passed,0.7740641994207329,6388.1118779174885,25.0,6363.1118779174885
CASE_002374,CUST_01350,regular,0,unknown_failure,27854.68,escalate,Case routed to manual review.,passed,0.5039381481390128,14037.0358562048,25.0,14012.0358562048
CASE_002375,CUST_01350,regular,0,temporary_bank_failure,36555.46,retry,Action passed all guardrails.,passed,0.7349455924276052,26866.274206163624,2.0,26864.274206163624
CASE_002376,CUST_01351,regular,1,unknown_failure,48755.96,reminder,Action passed all guardrails.,passed,0.4928117276471764,24027.508880696627,5.0,24022.508880696627
CASE_002377,CUST_01352,high_value,1,insufficient_funds,7293.97,reminder,Action passed all guardrails.,passed,0.6147097495795552,4483.674472140788,5.0,4478.674472140788
CASE_002378,CUST_01352,high_value,1,unknown_failure,91505.75,reminder,High-value case permitted for controlled recovery.,passed,0.5907980757836604,54061.42102314068,5.0,54056.42102314068
CASE_002379,CUST_01353,high_value,1,unknown_failure,50885.6,reminder,High-value case permitted for controlled recovery.,passed,0.5453338835757964,27749.641866084545,5.0,27744.641866084545
CASE_002380,CUST_01356,regular,1,unknown_failure,5965.37,reminder,Action passed all guardrails.,passed,0.5195906209725647,3099.550302631108,5.0,3094.550302631108
CASE_002381,CUST_01358,regular,1,temporary_bank_failure,7138.34,retry,Action passed all guardrails.,passed,0.8482934639552944,6055.4071654906365,2.0,6053.4071654906365
CASE_002382,CUST_01358,regular,1,unknown_failure,34583.15,escalate,Case routed to manual review.,passed,0.5182851848424065,17923.93429018267,25.0,17898.93429018267
CASE_002383,CUST_01359,regular,1,blocked_instrument,72361.89,escalate,Case routed to manual review.,passed,0.5094063945350836,36861.60948664432,25.0,36836.60948664432
CASE_002384,CUST_01360,regular,1,insufficient_funds,24405.68,reminder,Action passed all guardrails.,passed,0.595231576555097,14527.0313832992,5.0,14522.0313832992
CASE_002385,CUST_01361,regular,1,unknown_failure,26833.65,reminder,Action passed all guardrails.,passed,0.5285797046590855,14183.722791925273,5.0,14178.722791925273
CASE_002386,CUST_01361,regular,1,unknown_failure,46388.72,escalate,Case routed to manual review.,passed,0.53222192739898,24689.09396797161,25.0,24664.09396797161
CASE_002387,CUST_01361,regular,1,blocked_instrument,27520.54,escalate,Case routed to manual review.,passed,0.4435470270085389,12206.653698669576,25.0,12181.653698669576
CASE_002388,CUST_01362,new,1,unknown_failure,9815.3,reminder,Action passed all guardrails.,passed,0.4932901454819001,4841.790764948494,5.0,4836.790764948494
CASE_002389,CUST_01362,new,1,unknown_failure,1079.12,reminder,Action passed all guardrails.,passed,0.5398616706924182,582.5755260776023,5.0,577.5755260776023
CASE_002390,CUST_01363,regular,1,unknown_failure,18995.19,escalate,Case routed to manual review.,passed,0.5208190419254852,9893.056656992558,25.0,9868.056656992558
CASE_002391,CUST_01364,regular,1,risk_decline,20771.73,reminder,Action passed all guardrails.,passed,0.4018655704932007,8347.443126580732,5.0,8342.443126580732
CASE_002392,CUST_01364,regular,1,unknown_failure,43008.1,reminder,Action passed all guardrails.,passed,0.5680253654091035,24429.691718051265,5.0,24424.691718051265
CASE_002393,CUST_01365,regular,1,unknown_failure,11100.53,reminder,Action passed all guardrails.,passed,0.5397196145682025,5991.173773102769,5.0,5986.173773102769
CASE_002394,CUST_01365,regular,1,unknown_failure,42371.75,reminder,Action passed all guardrails.,passed,0.4903753863303875,20778.0632757446,5.0,20773.0632757446
CASE_002395,CUST_01366,regular,1,unknown_failure,33093.07,reminder,Action passed all guardrails.,passed,0.5771673331277737,19100.238956910733,5.0,19095.238956910733
CASE_002396,CUST_01367,new,1,unknown_failure,4352.61,reminder,Action passed all guardrails.,passed,0.4757090814298191,2070.5761049222447,5.0,2065.5761049222447
CASE_002397,CUST_01368,regular,1,unknown_failure,15184.19,reminder,Action passed all guardrails.,passed,0.5457427240467135,8286.661213042868,5.0,8281.661213042868
CASE_002398,CUST_01368,regular,1,temporary_bank_failure,43534.27,retry,Action passed all guardrails.,passed,0.7537063176358715,32812.054332665786,2.0,32810.054332665786
CASE_002399,CUST_01368,regular,1,insufficient_funds,25923.73,reminder,Action passed all guardrails.,passed,0.6259547977983463,16227.083170328924,5.0,16222.083170328924
CASE_002400,CUST_01368,regular,1,insufficient_funds,49241.07,reminder,Action passed all guardrails.,passed,0.6026793174595381,29676.574458577332,5.0,29671.574458577332
CASE_002401,CUST_01369,regular,1,unknown_failure,12284.66,reminder,Action passed all guardrails.,passed,0.5475683483605884,6726.690986371386,5.0,6721.690986371386
CASE_002402,CUST_01369,regular,1,unknown_failure,20454.1,reminder,Action passed all guardrails.,passed,0.5449748229456783,11146.9695260132,5.0,11141.9695260132
CASE_002403,CUST_01370,regular,1,unknown_failure,48010.33,escalate,Case routed to manual review.,passed,0.4896347104035035,23507.52402592664,25.0,23482.52402592664
CASE_002404,CUST_01370,regular,1,temporary_bank_failure,6757.72,retry,Action passed all guardrails.,passed,0.775604661392376,5241.319132384488,2.0,5239.319132384488
CASE_002405,CUST_01371,regular,1,unknown_failure,37841.18,reminder,Action passed all guardrails.,passed,0.4886850477584561,18492.418855536336,5.0,18487.418855536336
CASE_002406,CUST_01371,regular,1,unknown_failure,47987.8,reminder,Action passed all guardrails.,passed,0.4852587864675912,23286.501593249475,5.0,23281.501593249475
CASE_002407,CUST_01372,regular,1,insufficient_funds,32972.51,reminder,Action passed all guardrails.,passed,0.5571756391396382,18371.479333288116,5.0,18366.479333288116
CASE_002408,CUST_01376,regular,1,unknown_failure,4269.78,reminder,Action passed all guardrails.,passed,0.5681979273686711,2426.0801463202047,5.0,2421.0801463202047
CASE_002409,CUST_01377,regular,1,insufficient_funds,14255.95,reminder,Action passed all guardrails.,passed,0.6174759091716132,8802.70568735506,5.0,8797.70568735506
CASE_002410,CUST_01377,regular,1,unknown_failure,17206.08,escalate,Case routed to manual review.,passed,0.5122545312676127,8813.892445353045,25.0,8788.892445353045
CASE_002411,CUST_01378,regular,1,unknown_failure,14402.55,reminder,Action passed all guardrails.,passed,0.5208348627790905,7501.35015291899,5.0,7496.35015291899
CASE_002412,CUST_01381,regular,1,timeout,5997.94,retry,Action passed all guardrails.,passed,0.8040093309829055,4822.399726675608,2.0,4820.399726675608
CASE_002413,CUST_01381,regular,1,unknown_failure,24318.8,reminder,Action passed all guardrails.,passed,0.4964637366217314,12073.40231815656,5.0,12068.40231815656
CASE_002414,CUST_01382,regular,1,expired_instrument,13728.4,reminder,Action passed all guardrails.,passed,0.5622168679037465,7718.338049329793,5.0,7713.338049329793
CASE_002415,CUST_01382,regular,1,unknown_failure,36502.69,escalate,Case routed to manual review.,passed,0.5093332388029068,18592.03332271848,25.0,18567.03332271848
CASE_002416,CUST_01384,new,1,insufficient_funds,13051.79,reminder,Action passed all guardrails.,passed,0.5428284280179766,7084.882648520747,5.0,7079.882648520747
CASE_002417,CUST_01385,regular,1,unknown_failure,9132.75,reminder,Action passed all guardrails.,passed,0.4969813035286358,4538.805999801149,5.0,4533.805999801149
CASE_002418,CUST_01385,regular,1,unknown_failure,38838.01,escalate,Case routed to manual review.,passed,0.4752795871205752,18458.91335738477,25.0,18433.91335738477
CASE_002419,CUST_01385,regular,1,unknown_failure,33728.47,escalate,Case routed to manual review.,passed,0.4776524581064056,16110.48660366816,25.0,16085.48660366816
CASE_002420,CUST_01386,high_value,1,expired_instrument,136828.86,reminder,High-value case permitted for controlled recovery.,passed,0.636132731488236,87041.31645822142,5.0,87036.31645822142
CASE_002421,CUST_01386,high_value,1,temporary_bank_failure,60298.07,retry,High-value case permitted for controlled recovery.,passed,0.8780097819526327,52942.29529286458,2.0,52940.29529286458
CASE_002422,CUST_01387,high_value,1,blocked_instrument,63046.03,escalate,Case routed to manual review.,passed,0.4121624113963111,25985.203753764174,25.0,25960.203753764174
CASE_002423,CUST_01389,regular,1,unknown_failure,37309.4,reminder,Action passed all guardrails.,passed,0.5278263524092466,19692.884512577544,5.0,19687.884512577544
CASE_002424,CUST_01390,regular,1,timeout,66528.49,escalate,Case routed to manual review.,passed,0.682287670758162,45391.56848115768,25.0,45366.56848115768
CASE_002425,CUST_01391,new,1,temporary_bank_failure,17380.5,retry,Action passed all guardrails.,passed,0.7128487997595659,12389.668564221136,2.0,12387.668564221136
CASE_002426,CUST_01391,new,1,unknown_failure,15405.03,reminder,Action passed all guardrails.,passed,0.5031806754867103,7751.513401293037,5.0,7746.513401293037
CASE_002427,CUST_01392,new,1,authentication_failed,12940.22,reminder,Action passed all guardrails.,passed,0.5193958739000106,6721.096875358395,5.0,6716.096875358395
CASE_002428,CUST_01392,new,1,unknown_failure,11225.75,retry,Action passed all guardrails.,passed,0.536074698474498,6017.840546400095,2.0,6015.840546400095
CASE_002429,CUST_01393,regular,1,expired_instrument,38850.26,reminder,Action passed all guardrails.,passed,0.5297608070095983,20581.34509013272,5.0,20576.34509013272
CASE_002430,CUST_01393,regular,1,temporary_bank_failure,20315.06,retry,Action passed all guardrails.,passed,0.7877521749490087,16003.23269921961,2.0,16001.23269921961
CASE_002431,CUST_01394,regular,1,limit_exceeded,28642.34,reminder,Action passed all guardrails.,passed,0.5378076402032481,15404.0692852991,5.0,15399.0692852991
CASE_002432,CUST_01395,regular,1,blocked_instrument,6262.81,reminder,Action passed all guardrails.,passed,0.4522797204000069,2832.5419557183677,5.0,2827.5419557183677
CASE_002433,CUST_01397,regular,1,unknown_failure,21614.74,reminder,Action passed all guardrails.,passed,0.4945569554538366,10689.72000732626,5.0,10684.72000732626
CASE_002434,CUST_01398,regular,1,timeout,5662.46,retry,Action passed all guardrails.,passed,0.7415813707240013,4199.174848469828,2.0,4197.174848469828
CASE_002435,CUST_01398,regular,1,temporary_bank_failure,68144.77,retry,High-value case permitted for controlled recovery.,passed,0.7337362361076638,50000.28705022245,2.0,49998.28705022245
CASE_002436,CUST_01400,regular,1,unknown_failure,35633.41,reminder,Action passed all guardrails.,passed,0.5364706740775179,19116.27948238057,5.0,19111.27948238057
CASE_002437,CUST_01401,regular,1,unknown_failure,49578.5,reminder,Action passed all guardrails.,passed,0.4867853771805009,24134.08882254347,5.0,24129.08882254347
CASE_002438,CUST_01401,regular,1,authentication_failed,46692.55,reminder,Action passed all guardrails.,passed,0.4813277919717146,22474.421993028885,5.0,22469.421993028885
CASE_002439,CUST_01401,regular,1,temporary_bank_failure,48555.92,retry,Action passed all guardrails.,passed,0.735091169964297,35693.028041492806,2.0,35691.028041492806
CASE_002440,CUST_01401,regular,1,unknown_failure,38036.07,reminder,Action passed all guardrails.,passed,0.4864178923462888,18501.425002535907,5.0,18496.425002535907
CASE_002441,CUST_01402,new,1,timeout,5421.98,retry,Action passed all guardrails.,passed,0.6723990882766405,3645.734408654179,2.0,3643.734408654179
CASE_002442,CUST_01402,new,1,timeout,19570.0,retry,Action passed all guardrails.,passed,0.5980988432237563,11704.794361888911,2.0,11702.794361888911
CASE_002443,CUST_01403,regular,1,unknown_failure,14194.0,reminder,Action passed all guardrails.,passed,0.549852270025151,7804.603120736993,5.0,7799.603120736993
CASE_002444,CUST_01403,regular,1,unknown_failure,1678.67,reminder,Action passed all guardrails.,passed,0.5097674902873512,855.731392920668,5.0,850.731392920668
CASE_002445,CUST_01404,regular,1,insufficient_funds,19157.76,reminder,Action passed all guardrails.,passed,0.6241097198857093,11956.544227237646,5.0,11951.544227237646
CASE_002446,CUST_01404,regular,1,insufficient_funds,37382.43,reminder,Action passed all guardrails.,passed,0.6052302795943392,22624.978560815813,5.0,22619.978560815813
CASE_002447,CUST_01404,regular,1,unknown_failure,46192.38,reminder,Action passed all guardrails.,passed,0.5484142930774808,25332.56142326636,5.0,25327.56142326636
CASE_002448,CUST_01405,regular,1,unknown_failure,3213.29,reminder,Action passed all guardrails.,passed,0.4944372754133426,1588.7703527129397,5.0,1583.7703527129397
CASE_002449,CUST_01405,regular,1,expired_instrument,33492.8,reminder,Action passed all guardrails.,passed,0.5393229073199994,18063.43427028728,5.0,18058.43427028728
CASE_002450,CUST_01405,regular,1,unknown_failure,36934.2,reminder,Action passed all guardrails.,passed,0.5297422700200378,19565.60694937408,5.0,19560.60694937408
CASE_002451,CUST_01406,new,1,temporary_bank_failure,3497.71,retry,Action passed all guardrails.,passed,0.7314386990040946,2558.360451893612,2.0,2556.360451893612
CASE_002452,CUST_01406,new,1,temporary_bank_failure,13916.68,retry,Action passed all guardrails.,passed,0.7620061531438042,10604.595791333317,2.0,10602.595791333317
CASE_002453,CUST_01407,new,1,authentication_failed,3768.71,reminder,Action passed all guardrails.,passed,0.4711475914391455,1775.618639332622,5.0,1770.618639332622
CASE_002454,CUST_01407,new,1,expired_instrument,7084.99,reminder,Action passed all guardrails.,passed,0.4946642729960627,3504.6914275343747,5.0,3499.6914275343747
CASE_002455,CUST_01408,regular,1,unknown_failure,14976.14,reminder,Action passed all guardrails.,passed,0.5651272652332072,8463.425041949644,5.0,8458.425041949644
CASE_002456,CUST_01408,regular,1,unknown_failure,37909.6,reminder,Action passed all guardrails.,passed,0.5567800285643671,21107.308170863733,5.0,21102.308170863733
CASE_002457,CUST_01408,regular,1,unknown_failure,43341.92,reminder,Action passed all guardrails.,passed,0.5466259311937698,23691.817379725875,5.0,23686.817379725875
CASE_002458,CUST_01408,regular,1,risk_decline,36614.26,reminder,Action passed all guardrails.,passed,0.2906520580473075,10642.010022879207,5.0,10637.010022879207
CASE_002459,CUST_01408,regular,1,temporary_bank_failure,22881.05,retry,Action passed all guardrails.,passed,0.7962366907335512,18218.73153250892,2.0,18216.73153250892
CASE_002460,CUST_01409,regular,1,temporary_bank_failure,1785.51,retry,Action passed all guardrails.,passed,0.8072159916542339,1441.292225258551,2.0,1439.292225258551
CASE_002461,CUST_01409,regular,1,timeout,45918.11,retry,Action passed all guardrails.,passed,0.6289320301278516,28879.370141934003,2.0,28877.370141934003
CASE_002462,CUST_01410,regular,1,temporary_bank_failure,51753.08,retry,High-value case permitted for controlled recovery.,passed,0.8239617021774638,42642.55588972646,2.0,42640.55588972646
CASE_002463,CUST_01410,regular,1,insufficient_funds,46873.07,reminder,Action passed all guardrails.,passed,0.545654671576777,25576.50961664528,5.0,25571.50961664528
CASE_002464,CUST_01412,regular,1,unknown_failure,47438.98,reminder,Action passed all guardrails.,passed,0.4527296934644078,21477.03487366417,5.0,21472.03487366417
CASE_002465,CUST_01412,regular,1,timeout,67551.85,retry,High-value case permitted for controlled recovery.,passed,0.6790706928529832,45872.4815830008,2.0,45870.4815830008
CASE_002466,CUST_01412,regular,1,unknown_failure,45164.27,reminder,Action passed all guardrails.,passed,0.4583933692080162,20703.00189312053,5.0,20698.00189312053
CASE_002467,CUST_01412,regular,1,unknown_failure,45825.49,reminder,Action passed all guardrails.,passed,0.4625203427246958,21195.22134032712,5.0,21190.22134032712
CASE_002468,CUST_01413,regular,1,temporary_bank_failure,5665.46,retry,Action passed all guardrails.,passed,0.8558119892120944,4848.568592401552,2.0,4846.568592401552
CASE_002469,CUST_01413,regular,1,unknown_failure,11228.69,reminder,Action passed all guardrails.,passed,0.5853789057058821,6573.038264710582,5.0,6568.038264710582
CASE_002470,CUST_01414,regular,1,timeout,6012.71,retry,Action passed all guardrails.,passed,0.7193126789043713,4325.018537575103,2.0,4323.018537575103
CASE_002471,CUST_01414,regular,1,unknown_failure,35086.69,escalate,Case routed to manual review.,passed,0.4895169952633974,17175.531062538295,25.0,17150.531062538295
CASE_002472,CUST_01414,regular,1,unknown_failure,8782.82,escalate,Case routed to manual review.,passed,0.4773228551235738,4192.2407184364265,25.0,4167.2407184364265
CASE_002473,CUST_01415,new,1,risk_decline,1725.18,reminder,Action passed all guardrails.,passed,0.1649337696616199,284.5404407448335,5.0,279.5404407448335
CASE_002474,CUST_01415,new,1,expired_instrument,20081.68,reminder,Action passed all guardrails.,passed,0.5373299327857481,10790.487764624902,5.0,10785.487764624902
CASE_002475,CUST_01417,regular,1,unknown_failure,42149.57,reminder,Action passed all guardrails.,passed,0.5212012332436574,21968.407864689863,5.0,21963.407864689863
CASE_002476,CUST_01418,regular,0,insufficient_funds,36890.68,escalate,Case routed to manual review.,passed,0.5064146317868649,18681.98012856706,25.0,18656.98012856706
CASE_002477,CUST_01419,regular,1,insufficient_funds,7731.21,reminder,Action passed all guardrails.,passed,0.654457704015133,5059.749945858836,5.0,5054.749945858836
CASE_002478,CUST_01419,regular,1,unknown_failure,46059.57,reminder,Action passed all guardrails.,passed,0.5169371977146301,23809.905043740844,5.0,23804.905043740844
CASE_002479,CUST_01420,regular,1,limit_exceeded,35285.04,reminder,Action passed all guardrails.,passed,0.4225070724964002,14908.178953318382,5.0,14903.178953318382
CASE_002480,CUST_01421,regular,1,risk_decline,42428.85,reminder,Action passed all guardrails.,passed,0.1586544349810101,6731.525223644031,5.0,6726.525223644031
CASE_002481,CUST_01421,regular,1,limit_exceeded,4565.92,reminder,Action passed all guardrails.,passed,0.5248154421970632,2396.265323836415,5.0,2391.265323836415
CASE_002482,CUST_01422,regular,1,unknown_failure,8769.28,reminder,Action passed all guardrails.,passed,0.5123473617413935,4492.917472371568,5.0,4487.917472371568
CASE_002483,CUST_01423,regular,1,unknown_failure,13016.76,reminder,Action passed all guardrails.,passed,0.5859468755345703,7627.129851583373,5.0,7622.129851583373
CASE_002484,CUST_01424,high_value,0,unknown_failure,97576.29,escalate,Case routed to manual review.,passed,0.5575587354078063,54404.51285818537,25.0,54379.51285818537
CASE_002485,CUST_01425,regular,1,temporary_bank_failure,46444.57,retry,Action passed all guardrails.,passed,0.8048888257561809,37382.71541005075,2.0,37380.71541005075
CASE_002486,CUST_01425,regular,1,unknown_failure,30116.89,reminder,Action passed all guardrails.,passed,0.5014880594621597,15103.26072313532,5.0,15098.26072313532
CASE_002487,CUST_01426,regular,1,unknown_failure,18006.54,reminder,Action passed all guardrails.,passed,0.5313976805099688,9568.633590009977,5.0,9563.633590009977
CASE_002488,CUST_01426,regular,1,unknown_failure,22467.76,reminder,Action passed all guardrails.,passed,0.5417920232777121,12172.85314891805,5.0,12167.85314891805
CASE_002489,CUST_01428,regular,1,temporary_bank_failure,30273.92,retry,Action passed all guardrails.,passed,0.840341269208092,25440.42435670424,2.0,25438.42435670424
CASE_002490,CUST_01429,new,1,insufficient_funds,24836.93,reminder,Action passed all guardrails.,passed,0.5628394233149578,13979.203358113977,5.0,13974.203358113977
CASE_002491,CUST_01429,new,1,timeout,7162.01,retry,Action passed all guardrails.,passed,0.6625600332678727,4745.261583864837,2.0,4743.261583864837
CASE_002492,CUST_01430,regular,1,unknown_failure,2357.04,reminder,Action passed all guardrails.,passed,0.5353537711564784,1261.8502527666658,5.0,1256.8502527666658
CASE_002493,CUST_01430,regular,1,authentication_failed,33318.35,reminder,Action passed all guardrails.,passed,0.5526438624063426,18413.181633006363,5.0,18408.181633006363
CASE_002494,CUST_01431,regular,1,unknown_failure,45627.7,reminder,Action passed all guardrails.,passed,0.5409113148498541,24680.539200574687,5.0,24675.539200574687
CASE_002495,CUST_01431,regular,1,insufficient_funds,21834.69,reminder,Action passed all guardrails.,passed,0.6247358914209747,13640.914521050645,5.0,13635.914521050645
CASE_002496,CUST_01431,regular,1,unknown_failure,3749.06,reminder,Action passed all guardrails.,passed,0.5357278516922175,2008.4758596652248,5.0,2003.4758596652248
CASE_002497,CUST_01431,regular,1,unknown_failure,29237.33,reminder,Action passed all guardrails.,passed,0.549151148617114,16055.713351997609,5.0,16050.713351997609
CASE_002498,CUST_01432,high_value,0,unknown_failure,22392.03,escalate,Case routed to manual review.,passed,0.5194863486866931,11632.353904382891,25.0,11607.353904382891
CASE_002499,CUST_01432,high_value,0,temporary_bank_failure,18327.33,retry,Action passed all guardrails.,passed,0.8209389716489235,15045.619443270469,2.0,15043.619443270469
CASE_002500,CUST_01433,regular,1,blocked_instrument,44314.7,escalate,Case routed to manual review.,passed,0.5244821079667088,23242.26726991231,25.0,23217.26726991231
CASE_002501,CUST_01433,regular,1,risk_decline,8686.97,reminder,Action passed all guardrails.,passed,0.2636563862811223,2290.375117932521,5.0,2285.375117932521
CASE_002502,CUST_01435,new,1,authentication_failed,9075.26,reminder,Action passed all guardrails.,passed,0.4788009240172362,4345.242873696663,5.0,4340.242873696663
CASE_002503,CUST_01436,regular,1,temporary_bank_failure,28677.89,retry,Action passed all guardrails.,passed,0.8360750202169648,23976.86746152989,2.0,23974.86746152989
CASE_002504,CUST_01436,regular,1,unknown_failure,40866.67,escalate,Case routed to manual review.,passed,0.5004328454590821,20451.023952537304,25.0,20426.023952537304
CASE_002505,CUST_01437,regular,1,limit_exceeded,14126.47,reminder,Action passed all guardrails.,passed,0.5010405474283752,7077.93426203052,5.0,7072.93426203052
CASE_002506,CUST_01437,regular,1,unknown_failure,22195.73,reminder,Action passed all guardrails.,passed,0.4984519118707708,11063.504053867424,5.0,11058.504053867424
CASE_002507,CUST_01437,regular,1,unknown_failure,15402.59,reminder,Action passed all guardrails.,passed,0.4903603245446087,7552.819031227546,5.0,7547.819031227546
CASE_002508,CUST_01437,regular,1,authentication_failed,14651.85,reminder,Action passed all guardrails.,passed,0.6054384008994766,8870.792634218997,5.0,8865.792634218997
CASE_002509,CUST_01439,high_value,1,unknown_failure,23580.35,reminder,Action passed all guardrails.,passed,0.6196103870079408,14610.629789282695,5.0,14605.629789282695
CASE_002510,CUST_01439,high_value,1,authentication_failed,24693.07,reminder,Action passed all guardrails.,passed,0.6196782666291805,15301.758815353018,5.0,15296.758815353018
CASE_002511,CUST_01440,regular,1,unknown_failure,47092.89,reminder,Action passed all guardrails.,passed,0.5296557019598638,24943.01771026865,5.0,24938.01771026865
CASE_002512,CUST_01442,new,1,timeout,2317.36,retry,Action passed all guardrails.,passed,0.7109691613266966,1647.5714956920335,2.0,1645.5714956920335
CASE_002513,CUST_01442,new,1,unknown_failure,5828.86,reminder,Action passed all guardrails.,passed,0.4510201922141901,2628.9335575896043,5.0,2623.9335575896043
CASE_002514,CUST_01442,new,1,insufficient_funds,12376.11,reminder,Action passed all guardrails.,passed,0.5328049281049025,6594.0523987683655,5.0,6589.0523987683655
CASE_002515,CUST_01443,regular,1,unknown_failure,48215.8,escalate,Case routed to manual review.,passed,0.5044366775569064,24321.817957748288,25.0,24296.817957748288
CASE_002516,CUST_01443,regular,1,limit_exceeded,18724.08,reminder,Action passed all guardrails.,passed,0.4878183853219169,9133.9504722384,5.0,9128.9504722384
CASE_002517,CUST_01443,regular,1,timeout,38580.17,retry,Action passed all guardrails.,passed,0.711881573385167,27464.51212106722,2.0,27462.51212106722
CASE_002518,CUST_01444,regular,1,temporary_bank_failure,5443.14,retry,Action passed all guardrails.,passed,0.8302484489786457,4519.158542573626,2.0,4517.158542573626
CASE_002519,CUST_01445,regular,1,authentication_failed,27471.34,reminder,Action passed all guardrails.,passed,0.5608480070267341,15407.2462893538,5.0,15402.2462893538
CASE_002520,CUST_01446,new,1,authentication_failed,4216.01,reminder,Action passed all guardrails.,passed,0.4663908266171547,1966.308388926191,5.0,1961.308388926191
CASE_002521,CUST_01447,regular,1,insufficient_funds,32965.64,reminder,Action passed all guardrails.,passed,0.6260606322113196,20638.489419650763,5.0,20633.489419650763
CASE_002522,CUST_01447,regular,1,unknown_failure,9611.08,escalate,Case routed to manual review.,passed,0.511687666598328,4917.871098689858,25.0,4892.871098689858
CASE_002523,CUST_01450,new,1,authentication_failed,20708.02,escalate,Case routed to manual review.,passed,0.5050406739293274,10458.39237654199,25.0,10433.39237654199
CASE_002524,CUST_01452,regular,1,temporary_bank_failure,21694.46,retry,Action passed all guardrails.,passed,0.7359699174658911,15966.469935667075,2.0,15964.469935667075
CASE_002525,CUST_01454,regular,0,blocked_instrument,12403.86,escalate,Case routed to manual review.,passed,0.5298945007588776,6572.737202183012,25.0,6547.737202183012
CASE_002526,CUST_01454,regular,0,unknown_failure,47087.66,escalate,Case routed to manual review.,passed,0.5245157487378871,24698.219241215054,25.0,24673.219241215054
CASE_002527,CUST_01454,regular,0,unknown_failure,23278.08,escalate,Case routed to manual review.,passed,0.5435131011563737,12651.941449766162,25.0,12626.941449766162
CASE_002528,CUST_01454,regular,0,temporary_bank_failure,8475.5,retry,Action passed all guardrails.,passed,0.7526526818719761,6379.107805205934,2.0,6377.107805205934
CASE_002529,CUST_01454,regular,0,unknown_failure,11565.08,escalate,Case routed to manual review.,passed,0.5265796454975327,6089.935726550605,25.0,6064.935726550605
CASE_002530,CUST_01455,regular,1,unknown_failure,49560.78,reminder,Action passed all guardrails.,passed,0.4949125438155559,24528.251703283127,5.0,24523.251703283127
CASE_002531,CUST_01455,regular,1,unknown_failure,41368.49,reminder,Action passed all guardrails.,passed,0.4874614058682268,20165.54229404568,5.0,20160.54229404568
CASE_002532,CUST_01456,regular,1,unknown_failure,33758.3,escalate,Case routed to manual review.,passed,0.5432637040210682,18339.659099454428,25.0,18314.659099454428
CASE_002533,CUST_01456,regular,1,unknown_failure,16784.53,escalate,Case routed to manual review.,passed,0.5569306867111629,9347.819819024113,25.0,9322.819819024113
CASE_002534,CUST_01456,regular,1,unknown_failure,2727.11,reminder,Action passed all guardrails.,passed,0.4339333748759707,1183.3840459580083,5.0,1178.3840459580083
CASE_002535,CUST_01457,regular,0,unknown_failure,32853.93,escalate,Case routed to manual review.,passed,0.5389639011951842,17707.082282393498,25.0,17682.082282393498
CASE_002536,CUST_01458,regular,1,blocked_instrument,44157.54,escalate,Case routed to manual review.,passed,0.549221098512702,24252.252626418576,25.0,24227.252626418576
CASE_002537,CUST_01459,regular,1,unknown_failure,30624.7,reminder,Action passed all guardrails.,passed,0.5338606822133833,16349.3232345802,5.0,16344.3232345802
CASE_002538,CUST_01460,regular,1,limit_exceeded,8930.59,reminder,Action passed all guardrails.,passed,0.5023077924629133,4485.90494829137,5.0,4480.90494829137
CASE_002539,CUST_01461,regular,1,expired_instrument,24431.21,reminder,Action passed all guardrails.,passed,0.570898389519691,13947.738443017368,5.0,13942.738443017368
CASE_002540,CUST_01461,regular,1,blocked_instrument,6134.16,reminder,Action passed all guardrails.,passed,0.5592774690846862,3430.697479760519,5.0,3425.697479760519
CASE_002541,CUST_01462,new,1,insufficient_funds,6181.9,reminder,Action passed all guardrails.,passed,0.5499864672122295,3399.961341659281,5.0,3394.961341659281
CASE_002542,CUST_01462,new,1,unknown_failure,11435.99,reminder,Action passed all guardrails.,passed,0.5218085564348357,5967.3974333032165,5.0,5962.3974333032165
CASE_002543,CUST_01463,regular,1,unknown_failure,1688.21,reminder,Action passed all guardrails.,passed,0.4489167823478057,757.8658011273891,5.0,752.8658011273891
CASE_002544,CUST_01463,regular,1,unknown_failure,32390.09,reminder,Action passed all guardrails.,passed,0.5258327394143505,17031.76975457736,5.0,17026.76975457736
CASE_002545,CUST_01464,new,0,temporary_bank_failure,12776.76,retry,Action passed all guardrails.,passed,0.7561122478782437,9660.66472420083,2.0,9658.66472420083
CASE_002546,CUST_01464,new,0,temporary_bank_failure,4752.62,retry,Action passed all guardrails.,passed,0.7890625959115752,3750.114674581271,2.0,3748.114674581271
CASE_002547,CUST_01464,new,0,insufficient_funds,8856.34,escalate,Case routed to manual review.,passed,0.4273001390685304,3784.315313638189,25.0,3759.315313638189
CASE_002548,CUST_01465,regular,1,insufficient_funds,31459.75,reminder,Action passed all guardrails.,passed,0.5676757977524712,17858.938678343307,5.0,17853.938678343307
CASE_002549,CUST_01466,regular,1,unknown_failure,11846.96,reminder,Action passed all guardrails.,passed,0.5311404244690389,6292.399363067724,5.0,6287.399363067724
CASE_002550,CUST_01467,regular,1,limit_exceeded,32798.53,reminder,Action passed all guardrails.,passed,0.4500364434245866,14760.533790754604,5.0,14755.533790754604
CASE_002551,CUST_01468,high_value,1,insufficient_funds,85144.93,reminder,High-value case permitted for controlled recovery.,passed,0.5854256819545257,49846.02871022035,5.0,49841.02871022035
CASE_002552,CUST_01469,regular,1,unknown_failure,2760.02,reminder,Action passed all guardrails.,passed,0.445347099940955,1229.166902779035,5.0,1224.166902779035
CASE_002553,CUST_01470,regular,1,temporary_bank_failure,11018.5,retry,Action passed all guardrails.,passed,0.8451500795932332,9312.28615199804,2.0,9310.28615199804
CASE_002554,CUST_01472,regular,1,temporary_bank_failure,54335.58,retry,High-value case permitted for controlled recovery.,passed,0.8072481524889564,43862.29656941589,2.0,43860.29656941589
CASE_002555,CUST_01472,regular,1,unknown_failure,10646.22,reminder,Action passed all guardrails.,passed,0.5556114740506899,5915.161987267936,5.0,5910.161987267936
CASE_002556,CUST_01472,regular,1,unknown_failure,27484.95,reminder,Action passed all guardrails.,passed,0.5606591203062024,15409.687888659955,5.0,15404.687888659955
CASE_002557,CUST_01472,regular,1,unknown_failure,18511.18,reminder,Action passed all guardrails.,passed,0.5444273314051405,10077.992328560207,5.0,10072.992328560207
CASE_002558,CUST_01474,high_value,1,limit_exceeded,23347.38,reminder,Action passed all guardrails.,passed,0.5409803752249471,12630.474392919426,5.0,12625.474392919426
CASE_002559,CUST_01474,high_value,1,timeout,66304.18,escalate,Case routed to manual review.,passed,0.6473524820342234,42922.17549224391,25.0,42897.17549224391
CASE_002560,CUST_01475,regular,1,insufficient_funds,24336.56,reminder,Action passed all guardrails.,passed,0.5934821855474897,14443.314817507617,5.0,14438.314817507617
CASE_002561,CUST_01475,regular,1,authentication_failed,7447.22,reminder,Action passed all guardrails.,passed,0.6041329683449119,4499.111124517595,5.0,4494.111124517595
CASE_002562,CUST_01475,regular,1,blocked_instrument,12360.52,reminder,Action passed all guardrails.,passed,0.5278438270406788,6524.424181012852,5.0,6519.424181012852
CASE_002563,CUST_01475,regular,1,unknown_failure,20601.06,reminder,Action passed all guardrails.,passed,0.5412541353028698,11150.40891662254,5.0,11145.40891662254
CASE_002564,CUST_01478,regular,1,authentication_failed,9715.1,reminder,Action passed all guardrails.,passed,0.5425661632950576,5271.084533027814,5.0,5266.084533027814
CASE_002565,CUST_01478,regular,1,unknown_failure,35696.74,reminder,Action passed all guardrails.,passed,0.5482641344145346,19571.24225752069,5.0,19566.24225752069
CASE_002566,CUST_01478,regular,1,unknown_failure,42292.21,reminder,Action passed all guardrails.,passed,0.547126294356828,23139.180137460786,5.0,23134.180137460786
CASE_002567,CUST_01479,high_value,1,temporary_bank_failure,83416.79,retry,High-value case permitted for controlled recovery.,passed,0.8593655501875812,71685.51563323192,2.0,71683.51563323192
CASE_002568,CUST_01480,regular,0,insufficient_funds,15428.0,escalate,Case routed to manual review.,passed,0.5655395185861992,8725.14369274788,25.0,8700.14369274788
CASE_002569,CUST_01480,regular,0,insufficient_funds,20513.05,escalate,Case routed to manual review.,passed,0.553866166279898,11361.484362207862,25.0,11336.484362207862
CASE_002570,CUST_01482,regular,1,risk_decline,49502.66,reminder,Action passed all guardrails.,passed,0.2788443295144698,13803.536036882768,5.0,13798.536036882768
CASE_002571,CUST_01482,regular,1,unknown_failure,43491.01,reminder,Action passed all guardrails.,passed,0.5683556591842603,24718.36165713926,5.0,24713.36165713926
CASE_002572,CUST_01482,regular,1,unknown_failure,16086.83,reminder,Action passed all guardrails.,passed,0.6014892728601301,9676.055679324529,5.0,9671.055679324529
CASE_002573,CUST_01482,regular,1,unknown_failure,2746.25,reminder,Action passed all guardrails.,passed,0.5183806203692863,1423.6027786891525,5.0,1418.6027786891525
CASE_002574,CUST_01483,new,1,insufficient_funds,19855.34,reminder,Action passed all guardrails.,passed,0.5713645413277411,11344.637232006353,5.0,11339.637232006353
CASE_002575,CUST_01484,regular,1,risk_decline,13660.81,reminder,Action passed all guardrails.,passed,0.237400056969101,3243.0770722440643,5.0,3238.0770722440643
CASE_002576,CUST_01484,regular,1,temporary_bank_failure,38498.85,retry,Action passed all guardrails.,passed,0.8568159804052997,32986.42990722657,2.0,32984.42990722657
CASE_002577,CUST_01485,regular,1,insufficient_funds,10339.59,reminder,Action passed all guardrails.,passed,0.5733960755665631,5928.680328967281,5.0,5923.680328967281
CASE_002578,CUST_01485,regular,1,unknown_failure,12983.99,reminder,Action passed all guardrails.,passed,0.524125211528272,6805.236505230968,5.0,6800.236505230968
CASE_002579,CUST_01486,regular,1,unknown_failure,9199.25,reminder,Action passed all guardrails.,passed,0.5528916347635632,5086.188371098709,5.0,5081.188371098709
CASE_002580,CUST_01488,regular,1,temporary_bank_failure,14908.07,retry,Action passed all guardrails.,passed,0.8117898626258058,12102.220097315896,2.0,12100.220097315896
CASE_002581,CUST_01489,regular,1,unknown_failure,30849.34,reminder,Action passed all guardrails.,passed,0.5673189613235081,17501.41552631575,5.0,17496.41552631575
CASE_002582,CUST_01489,regular,1,insufficient_funds,49820.53,reminder,Action passed all guardrails.,passed,0.6104600481142456,30413.44314087721,5.0,30408.44314087721
CASE_002583,CUST_01490,regular,1,unknown_failure,3602.55,reminder,Action passed all guardrails.,passed,0.4783073071376526,1723.1259893287506,5.0,1718.1259893287506
CASE_002584,CUST_01491,new,1,unknown_failure,6552.43,reminder,Action passed all guardrails.,passed,0.4999527515208052,3275.9054076474704,5.0,3270.9054076474704
CASE_002585,CUST_01491,new,1,unknown_failure,14043.6,reminder,Action passed all guardrails.,passed,0.4898610747909093,6879.412989933614,5.0,6874.412989933614
CASE_002586,CUST_01492,regular,1,authentication_failed,14335.65,reminder,Action passed all guardrails.,passed,0.5891537673053733,8445.902204271275,5.0,8440.902204271275
CASE_002587,CUST_01493,regular,1,temporary_bank_failure,7283.61,retry,Action passed all guardrails.,passed,0.7982059464618911,5813.820813709294,2.0,5811.820813709294
CASE_002588,CUST_01494,regular,1,unknown_failure,39293.59,reminder,Action passed all guardrails.,passed,0.502195096209531,19733.048210467863,5.0,19728.048210467863
CASE_002589,CUST_01494,regular,1,unknown_failure,39030.02,reminder,Action passed all guardrails.,passed,0.5150771265442747,20103.470550565573,5.0,20098.470550565573
CASE_002590,CUST_01496,high_value,1,unknown_failure,69607.79,reminder,High-value case permitted for controlled recovery.,passed,0.5696387142238134,39651.291995561216,5.0,39646.291995561216
CASE_002591,CUST_01496,high_value,1,unknown_failure,84998.78,reminder,High-value case permitted for controlled recovery.,passed,0.5618160495578122,47753.67879683357,5.0,47748.67879683357
CASE_002592,CUST_01496,high_value,1,limit_exceeded,6496.33,reminder,Action passed all guardrails.,passed,0.4939897118283308,3209.1201846417407,5.0,3204.1201846417407
CASE_002593,CUST_01497,regular,1,unknown_failure,6836.38,reminder,Action passed all guardrails.,passed,0.5090257011740308,3479.8931229921204,5.0,3474.8931229921204
CASE_002594,CUST_01497,regular,1,unknown_failure,17497.35,escalate,Case routed to manual review.,passed,0.5361955174270405,9382.000636852026,25.0,9357.000636852026
CASE_002595,CUST_01498,regular,1,unknown_failure,13789.95,reminder,Action passed all guardrails.,passed,0.5920244611082223,8163.98771745933,5.0,8158.98771745933
CASE_002596,CUST_01498,regular,1,limit_exceeded,9726.72,reminder,Action passed all guardrails.,passed,0.525768530359247,5114.003279615895,5.0,5109.003279615895
CASE_002597,CUST_01499,new,1,insufficient_funds,13455.85,reminder,Action passed all guardrails.,passed,0.6711377316350238,9030.728646221134,5.0,9025.728646221134
CASE_002598,CUST_01499,new,1,temporary_bank_failure,4419.44,escalate,Case routed to manual review.,passed,0.8120107899981293,3588.632965749332,25.0,3563.632965749332
CASE_002599,CUST_01500,regular,1,insufficient_funds,22342.84,reminder,Action passed all guardrails.,passed,0.6014784424804943,13438.736603790889,5.0,13433.736603790889
CASE_002600,CUST_01500,regular,1,timeout,66353.73,escalate,Case routed to manual review.,passed,0.6843250514267564,45407.5196946071,25.0,45382.5196946071
CASE_002601,CUST_01500,regular,1,unknown_failure,40760.38,reminder,Action passed all guardrails.,passed,0.5365095691435989,21868.333911929367,5.0,21863.333911929367
CASE_002602,CUST_01501,new,1,temporary_bank_failure,14966.88,retry,Action passed all guardrails.,passed,0.7659919815955243,11464.51006950242,2.0,11462.51006950242
CASE_002603,CUST_01501,new,1,authentication_failed,7313.79,reminder,Action passed all guardrails.,passed,0.4647460216623081,3399.0548057735728,5.0,3394.0548057735728
CASE_002604,CUST_01501,new,1,temporary_bank_failure,8326.85,retry,Action passed all guardrails.,passed,0.717073576308648,5970.964108885666,2.0,5968.964108885666
CASE_002605,CUST_01501,new,1,unknown_failure,15806.72,reminder,Action passed all guardrails.,passed,0.4742765070219325,7496.755949073721,5.0,7491.755949073721
CASE_002606,CUST_01502,high_value,1,risk_decline,24586.3,reminder,Action passed all guardrails.,passed,0.3860678407147212,9491.97975216435,5.0,9486.97975216435
CASE_002607,CUST_01504,regular,0,temporary_bank_failure,1944.35,retry,Action passed all guardrails.,passed,0.7280913485930841,1415.664413636963,2.0,1413.664413636963
CASE_002608,CUST_01504,regular,0,expired_instrument,16798.54,escalate,Case routed to manual review.,passed,0.4501955547079685,7562.628033583997,25.0,7537.628033583997
CASE_002609,CUST_01505,regular,1,timeout,26442.75,retry,Action passed all guardrails.,passed,0.6748021615500295,17843.624857327042,2.0,17841.624857327042
CASE_002610,CUST_01506,high_value,1,unknown_failure,85327.55,reminder,High-value case permitted for controlled recovery.,passed,0.5221853075006339,44556.79293502571,5.0,44551.79293502571
CASE_002611,CUST_01506,high_value,1,unknown_failure,78539.37,reminder,High-value case permitted for controlled recovery.,passed,0.5188591402824978,40750.869996529,5.0,40745.869996529
CASE_002612,CUST_01507,regular,1,temporary_bank_failure,7141.55,retry,Action passed all guardrails.,passed,0.8571725559019817,6121.540666601798,2.0,6119.540666601798
CASE_002613,CUST_01508,regular,1,temporary_bank_failure,9870.75,retry,Action passed all guardrails.,passed,0.8482720217992137,8373.081059174589,2.0,8371.081059174589
CASE_002614,CUST_01509,regular,1,temporary_bank_failure,5127.74,retry,Action passed all guardrails.,passed,0.8416619080086307,4315.823432172176,2.0,4313.823432172176
CASE_002615,CUST_01510,regular,1,blocked_instrument,15976.15,reminder,Action passed all guardrails.,passed,0.5197908912991778,8304.257248029358,5.0,8299.257248029358
CASE_002616,CUST_01511,new,1,blocked_instrument,1586.46,escalate,Case routed to manual review.,passed,0.4220079853128061,669.4987883793543,25.0,644.4987883793543
CASE_002617,CUST_01511,new,1,unknown_failure,8028.81,reminder,Action passed all guardrails.,passed,0.464938122575194,3732.899847912944,5.0,3727.899847912944
CASE_002618,CUST_01511,new,1,insufficient_funds,16522.72,reminder,Action passed all guardrails.,passed,0.6067604725351122,10025.33339476535,5.0,10020.33339476535
CASE_002619,CUST_01512,new,1,risk_decline,23959.53,reminder,Action passed all guardrails.,passed,0.2629623255836031,6300.453728690107,5.0,6295.453728690107
CASE_002620,CUST_01512,new,1,insufficient_funds,9885.86,reminder,Action passed all guardrails.,passed,0.5609227030517744,5545.203313191415,5.0,5540.203313191415
CASE_002621,CUST_01514,regular,0,timeout,37176.35,retry,Action passed all guardrails.,passed,0.7198864465121844,26762.750495793243,2.0,26760.750495793243
CASE_002622,CUST_01515,new,1,unknown_failure,11984.49,reminder,Action passed all guardrails.,passed,0.4869787393371377,5836.191831798534,5.0,5831.191831798534
CASE_002623,CUST_01518,high_value,1,insufficient_funds,72080.38,reminder,High-value case permitted for controlled recovery.,passed,0.6530798486888175,47074.24366383247,5.0,47069.24366383247
CASE_002624,CUST_01518,high_value,1,unknown_failure,9407.38,retry,Action passed all guardrails.,passed,0.481389314511633,4528.612209550446,2.0,4526.612209550446
CASE_002625,CUST_01518,high_value,1,unknown_failure,10184.0,retry,Action passed all guardrails.,passed,0.4857728951139819,4947.111163840792,2.0,4945.111163840792
CASE_002626,CUST_01519,new,1,temporary_bank_failure,6359.34,retry,Action passed all guardrails.,passed,0.7484738837772031,4759.799908059719,2.0,4757.799908059719
CASE_002627,CUST_01519,new,1,timeout,4391.3,retry,Action passed all guardrails.,passed,0.7405496648839468,3251.975743404876,2.0,3249.975743404876
CASE_002628,CUST_01523,regular,1,unknown_failure,48663.75,reminder,Action passed all guardrails.,passed,0.5482368225076855,26679.259671308377,5.0,26674.259671308377
CASE_002629,CUST_01524,high_value,1,unknown_failure,87537.72,reminder,High-value case permitted for controlled recovery.,passed,0.6430594222649756,56291.9556495932,5.0,56286.9556495932
CASE_002630,CUST_01525,regular,1,temporary_bank_failure,21595.1,retry,Action passed all guardrails.,passed,0.8152964234394243,17606.40779381671,2.0,17604.40779381671
CASE_002631,CUST_01525,regular,1,unknown_failure,25317.3,escalate,Case routed to manual review.,passed,0.5119564235382571,12961.354361645115,25.0,12936.354361645115
CASE_002632,CUST_01525,regular,1,unknown_failure,5212.41,reminder,Action passed all guardrails.,passed,0.5253794507682987,2738.493102979188,5.0,2733.493102979188
CASE_002633,CUST_01526,regular,1,unknown_failure,14809.24,reminder,Action passed all guardrails.,passed,0.5755120383577587,8522.895898929253,5.0,8517.895898929253
CASE_002634,CUST_01526,regular,1,unknown_failure,40459.85,reminder,Action passed all guardrails.,passed,0.5182132430048421,20966.830079989457,5.0,20961.830079989457
CASE_002635,CUST_01528,regular,1,unknown_failure,40341.58,reminder,Action passed all guardrails.,passed,0.5324820224020503,21481.166105294105,5.0,21476.166105294105
CASE_002636,CUST_01529,new,1,temporary_bank_failure,14937.92,retry,Action passed all guardrails.,passed,0.7379373938306434,11023.249754050645,2.0,11021.249754050645
CASE_002637,CUST_01529,new,1,insufficient_funds,11432.19,reminder,Action passed all guardrails.,passed,0.5947924784283785,6799.780623964124,5.0,6794.780623964124
CASE_002638,CUST_01530,regular,1,unknown_failure,37973.43,reminder,Action passed all guardrails.,passed,0.548540099575015,20829.949073404863,5.0,20824.949073404863
CASE_002639,CUST_01532,high_value,1,unknown_failure,14539.66,reminder,Action passed all guardrails.,passed,0.5360877520582878,7794.533645091806,5.0,7789.533645091806
CASE_002640,CUST_01534,regular,1,unknown_failure,7318.14,reminder,Action passed all guardrails.,passed,0.5461907029052424,3997.100030558971,5.0,3992.100030558971
CASE_002641,CUST_01534,regular,1,unknown_failure,12665.35,reminder,Action passed all guardrails.,passed,0.5210417984440903,6599.176741923859,5.0,6594.176741923859
CASE_002642,CUST_01536,regular,0,unknown_failure,34748.62,escalate,Case routed to manual review.,passed,0.5123332264999273,17802.872601019906,25.0,17777.872601019906
CASE_002643,CUST_01536,regular,0,unknown_failure,2217.07,escalate,Case routed to manual review.,passed,0.3473991581874223,770.2082516425884,25.0,745.2082516425884
CASE_002644,CUST_01540,high_value,1,unknown_failure,70319.19,reminder,High-value case permitted for controlled recovery.,passed,0.5795671090346726,40754.68965795986,5.0,40749.68965795986
CASE_002645,CUST_01541,new,1,unknown_failure,7132.37,reminder,Action passed all guardrails.,passed,0.4804740635635516,3426.9187967387684,5.0,3421.9187967387684
CASE_002646,CUST_01541,new,1,blocked_instrument,881.54,escalate,Case routed to manual review.,passed,0.4474783930279495,394.4701025898586,25.0,369.4701025898586
CASE_002647,CUST_01543,new,1,temporary_bank_failure,13346.69,retry,Action passed all guardrails.,passed,0.7637467035546889,10193.49049086633,2.0,10191.49049086633
CASE_002648,CUST_01544,regular,1,insufficient_funds,14401.16,reminder,Action passed all guardrails.,passed,0.5949526592242319,8568.008437913639,5.0,8563.008437913639
CASE_002649,CUST_01545,high_value,1,risk_decline,93553.82,reminder,High-value case permitted for controlled recovery.,passed,0.2501588872107128,23403.31950551133,5.0,23398.31950551133
CASE_002650,CUST_01546,new,1,timeout,15921.36,retry,Action passed all guardrails.,passed,0.5974343598972465,9511.967520293623,2.0,9509.967520293623
CASE_002651,CUST_01546,new,1,unknown_failure,11164.52,reminder,Action passed all guardrails.,passed,0.4960964302953828,5538.678517961407,5.0,5533.678517961407
CASE_002652,CUST_01547,regular,1,risk_decline,9246.44,reminder,Action passed all guardrails.,passed,0.2797397488147697,2586.59680303084,5.0,2581.59680303084
CASE_002653,CUST_01547,regular,1,timeout,3045.21,retry,Action passed all guardrails.,passed,0.7513076962855122,2287.8897098056045,2.0,2285.8897098056045
CASE_002654,CUST_01548,high_value,1,insufficient_funds,21924.29,reminder,Action passed all guardrails.,passed,0.6563510257518671,14390.030230381402,5.0,14385.030230381402
CASE_002655,CUST_01548,high_value,1,insufficient_funds,47524.16,reminder,Action passed all guardrails.,passed,0.6481683637558813,30803.657026072706,5.0,30798.657026072706
CASE_002656,CUST_01549,high_value,1,insufficient_funds,26865.78,reminder,Action passed all guardrails.,passed,0.6141320141583297,16499.13558333457,5.0,16494.13558333457
CASE_002657,CUST_01549,high_value,1,unknown_failure,24789.11,reminder,Action passed all guardrails.,passed,0.5760871008419413,14280.686512351976,5.0,14275.686512351976
CASE_002658,CUST_01551,regular,1,authentication_failed,11691.02,reminder,Action passed all guardrails.,passed,0.5509619647777799,6441.3073494563205,5.0,6436.3073494563205
CASE_002659,CUST_01551,regular,1,unknown_failure,42582.28,escalate,Case routed to manual review.,passed,0.5475329064448448,23315.199531448183,25.0,23290.199531448183
CASE_002660,CUST_01551,regular,1,insufficient_funds,17368.2,reminder,Action passed all guardrails.,passed,0.5842784325352026,10147.864671957906,5.0,10142.864671957906
CASE_002661,CUST_01552,regular,1,limit_exceeded,10280.18,reminder,Action passed all guardrails.,passed,0.4550164878993218,4677.651398572851,5.0,4672.651398572851
CASE_002662,CUST_01553,regular,0,temporary_bank_failure,15357.26,retry,Action passed all guardrails.,passed,0.8333644083607926,12798.193893942866,2.0,12796.193893942866
CASE_002663,CUST_01554,regular,1,unknown_failure,42758.25,escalate,Case routed to manual review.,passed,0.5113690271173208,21865.244703739183,25.0,21840.244703739183
CASE_002664,CUST_01556,regular,1,timeout,9094.5,retry,Action passed all guardrails.,passed,0.7130099014965462,6484.46854916034,2.0,6482.46854916034
CASE_002665,CUST_01557,regular,1,unknown_failure,19248.3,reminder,Action passed all guardrails.,passed,0.4829053260200669,9295.106586832051,5.0,9290.106586832051
CASE_002666,CUST_01558,regular,1,risk_decline,5948.81,reminder,Action passed all guardrails.,passed,0.3024144698323052,1799.0062222831154,5.0,1794.0062222831154
CASE_002667,CUST_01558,regular,1,temporary_bank_failure,28514.34,retry,Action passed all guardrails.,passed,0.7903913024592739,22537.486331366574,2.0,22535.486331366574
CASE_002668,CUST_01560,regular,1,unknown_failure,22779.07,escalate,Case routed to manual review.,passed,0.5226154093572234,11904.692992826847,25.0,11879.692992826847
CASE_002669,CUST_01561,regular,1,risk_decline,5852.34,reminder,Action passed all guardrails.,passed,0.26793227047862,1568.0307438128473,5.0,1563.0307438128473
CASE_002670,CUST_01561,regular,1,limit_exceeded,39711.67,reminder,Action passed all guardrails.,passed,0.5133239535347235,20384.95144586627,5.0,20379.95144586627
CASE_002671,CUST_01562,regular,1,limit_exceeded,10228.06,reminder,Action passed all guardrails.,passed,0.4579022792498291,4683.451986304007,5.0,4678.451986304007
CASE_002672,CUST_01562,regular,1,unknown_failure,32136.64,reminder,Action passed all guardrails.,passed,0.4551447667338892,14626.823516410974,5.0,14621.823516410974
CASE_002673,CUST_01563,regular,0,expired_instrument,74077.55,escalate,Case routed to manual review.,passed,0.4623108005590821,34246.851443955435,25.0,34221.851443955435
CASE_002674,CUST_01566,new,1,limit_exceeded,19171.33,reminder,Action passed all guardrails.,passed,0.4512032198210968,8650.165824252788,5.0,8645.165824252788
CASE_002675,CUST_01566,new,1,limit_exceeded,12558.96,reminder,Action passed all guardrails.,passed,0.4761346593357016,5979.756141210703,5.0,5974.756141210703
CASE_002676,CUST_01567,high_value,1,insufficient_funds,58673.2,reminder,High-value case permitted for controlled recovery.,passed,0.6329186741146843,37135.363950065694,5.0,37130.363950065694
CASE_002677,CUST_01567,high_value,1,expired_instrument,23997.55,reminder,Action passed all guardrails.,passed,0.611501583157186,14674.539816893726,5.0,14669.539816893726
CASE_002678,CUST_01567,high_value,1,expired_instrument,33324.81,reminder,Action passed all guardrails.,passed,0.6065747838367476,20213.989422150684,5.0,20208.989422150684
CASE_002679,CUST_01568,new,1,risk_decline,6266.9,reminder,Action passed all guardrails.,passed,0.2298233785896045,1440.280131283193,5.0,1435.280131283193
CASE_002680,CUST_01570,regular,1,unknown_failure,45682.8,escalate,Case routed to manual review.,passed,0.5529184202699833,25258.861609509597,25.0,25233.861609509597
CASE_002681,CUST_01570,regular,1,blocked_instrument,19435.36,reminder,Action passed all guardrails.,passed,0.5275365495295792,10252.862753265204,5.0,10247.862753265204
CASE_002682,CUST_01570,regular,1,temporary_bank_failure,11828.62,retry,Action passed all guardrails.,passed,0.7519193955226353,8894.168800266954,2.0,8892.168800266954
CASE_002683,CUST_01572,regular,1,unknown_failure,1235.24,reminder,Action passed all guardrails.,passed,0.4821265636025679,595.5420164244359,5.0,590.5420164244359
CASE_002684,CUST_01573,regular,1,unknown_failure,24125.09,escalate,Case routed to manual review.,passed,0.534411816169492,12892.733162152448,25.0,12867.733162152448
CASE_002685,CUST_01573,regular,1,unknown_failure,21721.86,escalate,Case routed to manual review.,passed,0.532814678952698,11573.725862155452,25.0,11548.725862155452
CASE_002686,CUST_01574,regular,1,timeout,15534.7,retry,Action passed all guardrails.,passed,0.6851656654312126,10643.843062774258,2.0,10641.843062774258
CASE_002687,CUST_01574,regular,1,risk_decline,33571.12,reminder,Action passed all guardrails.,passed,0.2912862258598934,9778.804842689586,5.0,9773.804842689586
CASE_002688,CUST_01575,regular,1,unknown_failure,4177.75,reminder,Action passed all guardrails.,passed,0.5608863655484335,2343.243013669968,5.0,2338.243013669968
CASE_002689,CUST_01575,regular,1,unknown_failure,30866.95,reminder,Action passed all guardrails.,passed,0.5635835558577788,17396.105439484265,5.0,17391.105439484265
CASE_002690,CUST_01575,regular,1,unknown_failure,9309.21,reminder,Action passed all guardrails.,passed,0.559435835306664,5207.905672395149,5.0,5202.905672395149
CASE_002691,CUST_01578,regular,1,unknown_failure,47891.68,escalate,Case routed to manual review.,passed,0.5443562717531045,26070.13637279272,25.0,26045.13637279272
CASE_002692,CUST_01578,regular,1,temporary_bank_failure,15256.14,retry,Action passed all guardrails.,passed,0.7831345234839885,11947.609929105016,2.0,11945.609929105016
CASE_002693,CUST_01578,regular,1,temporary_bank_failure,42427.77,retry,Action passed all guardrails.,passed,0.7454623409357585,31628.304744883942,2.0,31626.304744883942
CASE_002694,CUST_01579,regular,1,temporary_bank_failure,47603.06,retry,Action passed all guardrails.,passed,0.7056228489305334,33589.806815011114,2.0,33587.806815011114
CASE_002695,CUST_01579,regular,1,unknown_failure,36610.79,reminder,Action passed all guardrails.,passed,0.476651927915576,17450.60363601229,5.0,17445.60363601229
CASE_002696,CUST_01580,regular,1,unknown_failure,2926.08,reminder,Action passed all guardrails.,passed,0.5325232143760907,1558.2055271215916,5.0,1553.2055271215916
CASE_002697,CUST_01580,regular,1,limit_exceeded,49535.95,reminder,Action passed all guardrails.,passed,0.4628800244157439,22929.20174545707,5.0,22924.20174545707
CASE_002698,CUST_01581,regular,1,temporary_bank_failure,38016.88,retry,Action passed all guardrails.,passed,0.8230891710722007,31291.282245951323,2.0,31289.282245951323
CASE_002699,CUST_01582,regular,1,temporary_bank_failure,4048.18,retry,Action passed all guardrails.,passed,0.8198097329985679,3318.737364930142,2.0,3316.737364930142
CASE_002700,CUST_01583,new,1,insufficient_funds,19935.37,reminder,Action passed all guardrails.,passed,0.549399594597049,10952.484196142172,5.0,10947.484196142172
CASE_002701,CUST_01584,high_value,1,unknown_failure,80943.14,reminder,High-value case permitted for controlled recovery.,passed,0.5899370620348247,47751.35820347349,5.0,47746.35820347349
CASE_002702,CUST_01584,high_value,1,unknown_failure,40018.53,reminder,Action passed all guardrails.,passed,0.5443767836831872,21785.15864912914,5.0,21780.15864912914
CASE_002703,CUST_01584,high_value,1,insufficient_funds,96272.74,reminder,High-value case permitted for controlled recovery.,passed,0.6789589057183179,65365.23420090413,5.0,65360.23420090413
CASE_002704,CUST_01585,regular,1,unknown_failure,20629.96,reminder,Action passed all guardrails.,passed,0.5657212433497075,11670.806621454733,5.0,11665.806621454733
CASE_002705,CUST_01585,regular,1,unknown_failure,44146.85,reminder,Action passed all guardrails.,passed,0.5632395899569719,24865.253691891943,5.0,24860.253691891943
CASE_002706,CUST_01586,regular,1,risk_decline,1126.99,reminder,Action passed all guardrails.,passed,0.194793877972243,219.53075253593815,5.0,214.53075253593815
CASE_002707,CUST_01586,regular,1,unknown_failure,41849.6,reminder,Action passed all guardrails.,passed,0.4892230761098579,20473.790045967107,5.0,20468.790045967107
CASE_002708,CUST_01588,new,1,timeout,15969.34,retry,Action passed all guardrails.,passed,0.6107900565265039,9753.91408129096,2.0,9751.91408129096
CASE_002709,CUST_01588,new,1,unknown_failure,8781.59,reminder,Action passed all guardrails.,passed,0.5532264087666456,4858.207498961087,5.0,4853.207498961087
CASE_002710,CUST_01588,new,1,temporary_bank_failure,15666.27,retry,Action passed all guardrails.,passed,0.7071672996531215,11078.673851536709,2.0,11076.673851536709
CASE_002711,CUST_01589,regular,1,unknown_failure,20780.73,reminder,Action passed all guardrails.,passed,0.5609034243155577,11655.98261677704,5.0,11650.98261677704
CASE_002712,CUST_01590,new,1,unknown_failure,2623.49,reminder,Action passed all guardrails.,passed,0.407468554027675,1068.989676806065,5.0,1063.989676806065
CASE_002713,CUST_01590,new,1,blocked_instrument,12559.63,reminder,Action passed all guardrails.,passed,0.3550269538431255,4459.007180296734,5.0,4454.007180296734
CASE_002714,CUST_01591,regular,1,blocked_instrument,5557.41,reminder,Action passed all guardrails.,passed,0.5600152259274492,3112.2342167214656,5.0,3107.2342167214656
CASE_002715,CUST_01591,regular,1,unknown_failure,26184.81,escalate,Case routed to manual review.,passed,0.5117594265819574,13400.323350757504,25.0,13375.323350757504
CASE_002716,CUST_01591,regular,1,temporary_bank_failure,13810.46,retry,Action passed all guardrails.,passed,0.8100157032363722,11186.689468917788,2.0,11184.689468917788
CASE_002717,CUST_01592,regular,1,temporary_bank_failure,22209.96,retry,Action passed all guardrails.,passed,0.7613665077201023,16909.919681803163,2.0,16907.919681803163
CASE_002718,CUST_01593,regular,1,unknown_failure,38373.45,reminder,Action passed all guardrails.,passed,0.4952215273774221,19003.358519741138,5.0,18998.358519741138
CASE_002719,CUST_01596,regular,1,insufficient_funds,27078.03,reminder,Action passed all guardrails.,passed,0.5914264836640802,16014.664067450474,5.0,16009.664067450474
CASE_002720,CUST_01596,regular,1,limit_exceeded,41524.27,reminder,Action passed all guardrails.,passed,0.456423740734529,18952.66264467058,5.0,18947.66264467058
CASE_002721,CUST_01598,regular,1,temporary_bank_failure,21669.33,retry,Action passed all guardrails.,passed,0.7926993232861289,17177.263227063813,2.0,17175.263227063813
CASE_002722,CUST_01599,regular,1,authentication_failed,43002.55,escalate,Case routed to manual review.,passed,0.5320975041422393,22881.549526751856,25.0,22856.549526751856
CASE_002723,CUST_01601,high_value,1,unknown_failure,52444.77,reminder,High-value case permitted for controlled recovery.,passed,0.6309745375183362,33091.314496005514,5.0,33086.314496005514
CASE_002724,CUST_01601,high_value,1,unknown_failure,73349.99,reminder,High-value case permitted for controlled recovery.,passed,0.638629440178563,46843.4630508032,5.0,46838.4630508032
CASE_002725,CUST_01603,regular,1,authentication_failed,8291.86,reminder,Action passed all guardrails.,passed,0.5765540805890168,4780.705718672845,5.0,4775.705718672845
CASE_002726,CUST_01603,regular,1,unknown_failure,35466.39,reminder,Action passed all guardrails.,passed,0.5750920802923438,20396.44000555958,5.0,20391.44000555958
CASE_002727,CUST_01604,new,1,temporary_bank_failure,2438.85,retry,Action passed all guardrails.,passed,0.7311788491052783,1783.235536140408,2.0,1781.235536140408
CASE_002728,CUST_01604,new,1,unknown_failure,15486.02,reminder,Action passed all guardrails.,passed,0.4769126234662363,7385.478425250605,5.0,7380.478425250605
CASE_002729,CUST_01607,regular,1,risk_decline,7899.69,reminder,Action passed all guardrails.,passed,0.2786661629224076,2201.3763005765145,5.0,2196.3763005765145
CASE_002730,CUST_01607,regular,1,unknown_failure,11301.17,reminder,Action passed all guardrails.,passed,0.5432286883751545,6139.119756204645,5.0,6134.119756204645
CASE_002731,CUST_01607,regular,1,insufficient_funds,11429.68,reminder,Action passed all guardrails.,passed,0.6422079116237747,7340.230923328025,5.0,7335.230923328025
CASE_002732,CUST_01608,regular,1,unknown_failure,34302.73,reminder,Action passed all guardrails.,passed,0.5264583182696113,18058.957547856546,5.0,18053.957547856546
CASE_002733,CUST_01608,regular,1,insufficient_funds,70756.27,reminder,High-value case permitted for controlled recovery.,passed,0.6124153732848463,43332.227504293376,5.0,43327.227504293376
CASE_002734,CUST_01609,new,1,unknown_failure,5166.76,reminder,Action passed all guardrails.,passed,0.4669260119699763,2412.4946416059947,5.0,2407.4946416059947
CASE_002735,CUST_01609,new,1,risk_decline,2501.81,reminder,Action passed all guardrails.,passed,0.1267668031106706,317.146455690307,5.0,312.146455690307
CASE_002736,CUST_01610,regular,1,timeout,11922.43,retry,Action passed all guardrails.,passed,0.8023445168461023,9565.896337981476,2.0,9563.896337981476
CASE_002737,CUST_01610,regular,1,unknown_failure,40397.72,reminder,Action passed all guardrails.,passed,0.5126852453771958,20711.31499087925,5.0,20706.31499087925
CASE_002738,CUST_01611,regular,1,expired_instrument,12573.07,reminder,Action passed all guardrails.,passed,0.5551060404069595,6979.38710345953,5.0,6974.38710345953
CASE_002739,CUST_01611,regular,1,unknown_failure,14723.45,reminder,Action passed all guardrails.,passed,0.5175586379842398,7620.248728429056,5.0,7615.248728429056
CASE_002740,CUST_01613,regular,1,unknown_failure,36218.05,escalate,Case routed to manual review.,passed,0.5566721266990556,20161.578918392734,25.0,20136.578918392734
CASE_002741,CUST_01613,regular,1,temporary_bank_failure,40700.08,retry,Action passed all guardrails.,passed,0.7580161885948775,30851.319517106604,2.0,30849.319517106604
CASE_002742,CUST_01613,regular,1,temporary_bank_failure,38755.21,retry,Action passed all guardrails.,passed,0.7543768855111299,29236.0346171298,2.0,29234.0346171298
CASE_002743,CUST_01613,regular,1,unknown_failure,11249.86,reminder,Action passed all guardrails.,passed,0.538242702852306,6055.155053110044,5.0,6050.155053110044
CASE_002744,CUST_01614,regular,1,insufficient_funds,1158.0,reminder,Action passed all guardrails.,passed,0.5768143655187268,667.9510352706856,5.0,662.9510352706856
CASE_002745,CUST_01614,regular,1,unknown_failure,13459.43,reminder,Action passed all guardrails.,passed,0.5376789868361365,7236.8526857919005,5.0,7231.8526857919005
CASE_002746,CUST_01616,regular,1,unknown_failure,40664.76,reminder,Action passed all guardrails.,passed,0.4861225387352443,19768.05636825941,5.0,19763.05636825941
CASE_002747,CUST_01617,new,1,unknown_failure,6550.1,reminder,Action passed all guardrails.,passed,0.487141978554457,3190.8286737295493,5.0,3185.8286737295493
CASE_002748,CUST_01617,new,1,timeout,3587.7,retry,Action passed all guardrails.,passed,0.7305304509746547,2620.924098961769,2.0,2618.924098961769
CASE_002749,CUST_01617,new,1,authentication_failed,19788.71,reminder,Action passed all guardrails.,passed,0.5107027077140235,10106.147779167572,5.0,10101.147779167572
CASE_002750,CUST_01619,new,1,timeout,2023.1,retry,Action passed all guardrails.,passed,0.7184049077119837,1453.4049687921142,2.0,1451.4049687921142
CASE_002751,CUST_01619,new,1,authentication_failed,3256.21,reminder,Action passed all guardrails.,passed,0.5765553043233052,1877.3851474905896,5.0,1872.3851474905896
CASE_002752,CUST_01620,regular,1,timeout,39786.41,retry,Action passed all guardrails.,passed,0.705971069116698,28088.05440401529,2.0,28086.05440401529
CASE_002753,CUST_01621,high_value,1,insufficient_funds,128129.7,reminder,High-value case permitted for controlled recovery.,passed,0.692263603491102,88699.52783623386,5.0,88694.52783623386
CASE_002754,CUST_01622,regular,1,unknown_failure,64539.16,escalate,Case routed to manual review.,passed,0.5025598315315644,32434.78937678868,25.0,32409.78937678868
CASE_002755,CUST_01623,regular,1,unknown_failure,18281.13,reminder,Action passed all guardrails.,passed,0.5135182013003885,9387.692995338572,5.0,9382.692995338572
CASE_002756,CUST_01623,regular,1,insufficient_funds,27460.01,reminder,Action passed all guardrails.,passed,0.5478200196842099,15043.1432187286,5.0,15038.1432187286
CASE_002757,CUST_01623,regular,1,blocked_instrument,35091.24,reminder,Action passed all guardrails.,passed,0.4718755392950943,16558.697799533584,5.0,16553.697799533584
CASE_002758,CUST_01625,regular,0,unknown_failure,30563.92,escalate,Case routed to manual review.,passed,0.4827637953398405,14755.154019663256,25.0,14730.154019663256
CASE_002759,CUST_01626,regular,1,unknown_failure,49387.85,escalate,Case routed to manual review.,passed,0.4345090311631838,21459.466854732647,25.0,21434.466854732647
CASE_002760,CUST_01627,regular,1,unknown_failure,45769.06,reminder,Action passed all guardrails.,passed,0.5552614672183565,25413.79540880499,5.0,25408.79540880499
CASE_002761,CUST_01627,regular,1,temporary_bank_failure,2126.8,retry,Action passed all guardrails.,passed,0.8117719836026496,1726.4766547261152,2.0,1724.4766547261152
CASE_002762,CUST_01628,high_value,1,unknown_failure,69040.24,reminder,High-value case permitted for controlled recovery.,passed,0.5741214351979504,39637.48167521095,5.0,39632.48167521095
CASE_002763,CUST_01628,high_value,1,temporary_bank_failure,10855.91,retry,Action passed all guardrails.,passed,0.8830101170986956,9585.8783603129,2.0,9583.8783603129
CASE_002764,CUST_01628,high_value,1,limit_exceeded,21908.28,reminder,Action passed all guardrails.,passed,0.5635900201548463,12347.287966758016,5.0,12342.287966758016
CASE_002765,CUST_01630,regular,1,temporary_bank_failure,8957.56,retry,Action passed all guardrails.,passed,0.7708050263292777,6904.532271646084,2.0,6902.532271646084
CASE_002766,CUST_01630,regular,1,unknown_failure,6084.8,reminder,Action passed all guardrails.,passed,0.5429030311765723,3303.4563641032078,5.0,3298.4563641032078
CASE_002767,CUST_01631,regular,1,insufficient_funds,13442.04,reminder,Action passed all guardrails.,passed,0.5837302740087837,7846.525692437032,5.0,7841.525692437032
CASE_002768,CUST_01631,regular,1,unknown_failure,42017.02,reminder,Action passed all guardrails.,passed,0.4821784622532806,20259.70209206533,5.0,20254.70209206533
CASE_002769,CUST_01631,regular,1,unknown_failure,35706.45,reminder,Action passed all guardrails.,passed,0.4785870738193867,17088.64542197824,5.0,17083.64542197824
CASE_002770,CUST_01632,regular,1,unknown_failure,29582.96,reminder,Action passed all guardrails.,passed,0.5659494947118173,16742.461264079902,5.0,16737.461264079902
CASE_002771,CUST_01633,high_value,1,unknown_failure,56642.12,reminder,High-value case permitted for controlled recovery.,passed,0.5646335863502279,31982.04335407997,5.0,31977.04335407997
CASE_002772,CUST_01633,high_value,1,temporary_bank_failure,53668.49,retry,High-value case permitted for controlled recovery.,passed,0.8389553169749007,45025.46503951428,2.0,45023.46503951428
CASE_002773,CUST_01634,regular,0,unknown_failure,37053.9,escalate,Case routed to manual review.,passed,0.5378514306247568,19929.49312522668,25.0,19904.49312522668
CASE_002774,CUST_01634,regular,0,authentication_failed,15070.31,escalate,Case routed to manual review.,passed,0.5130264631290253,7731.467837557981,25.0,7706.467837557981
CASE_002775,CUST_01636,regular,1,authentication_failed,45529.9,reminder,Action passed all guardrails.,passed,0.5144150601734027,23421.266248189007,5.0,23416.266248189007
CASE_002776,CUST_01636,regular,1,risk_decline,49929.92,reminder,Action passed all guardrails.,passed,0.2139691988852275,10683.464982803502,5.0,10678.464982803502
CASE_002777,CUST_01637,regular,1,temporary_bank_failure,9719.44,retry,Action passed all guardrails.,passed,0.831382015791281,8080.567619562409,2.0,8078.567619562409
CASE_002778,CUST_01637,regular,1,unknown_failure,31516.0,reminder,Action passed all guardrails.,passed,0.4969077947691581,15660.546059944789,5.0,15655.546059944789
CASE_002779,CUST_01638,regular,0,unknown_failure,30242.61,escalate,Case routed to manual review.,passed,0.5117334869857578,15476.15627085035,25.0,15451.15627085035
CASE_002780,CUST_01640,new,1,authentication_failed,7259.18,reminder,Action passed all guardrails.,passed,0.4835398829588131,3510.103047576957,5.0,3505.103047576957
CASE_002781,CUST_01640,new,1,unknown_failure,1319.39,reminder,Action passed all guardrails.,passed,0.4624479077009219,610.1491449415195,5.0,605.1491449415195
CASE_002782,CUST_01641,regular,1,limit_exceeded,13641.5,reminder,Action passed all guardrails.,passed,0.5350500272785016,7298.884947119679,5.0,7293.884947119679
CASE_002783,CUST_01642,regular,1,unknown_failure,41018.71,reminder,Action passed all guardrails.,passed,0.5266045835158374,21600.640695906917,5.0,21595.640695906917
CASE_002784,CUST_01642,regular,1,unknown_failure,45620.82,escalate,Case routed to manual review.,passed,0.5332995956223039,24329.564857957917,25.0,24304.564857957917
CASE_002785,CUST_01642,regular,1,temporary_bank_failure,48058.72,retry,Action passed all guardrails.,passed,0.8509183135024884,40894.04497148831,2.0,40892.04497148831
CASE_002786,CUST_01643,regular,1,blocked_instrument,13966.72,reminder,Action passed all guardrails.,passed,0.5321062262025374,7431.778671627503,5.0,7426.778671627503
CASE_002787,CUST_01643,regular,1,unknown_failure,10623.74,reminder,Action passed all guardrails.,passed,0.5587294354426817,5935.796252489836,5.0,5930.796252489836
CASE_002788,CUST_01644,regular,1,insufficient_funds,46883.72,reminder,Action passed all guardrails.,passed,0.6409922375146181,30052.10058580885,5.0,30047.10058580885
CASE_002789,CUST_01644,regular,1,unknown_failure,40800.87,escalate,Case routed to manual review.,passed,0.5136654752498742,20957.99827915833,25.0,20932.99827915833
CASE_002790,CUST_01645,regular,1,risk_decline,47854.94,escalate,Case routed to manual review.,passed,0.1371494248690664,6563.277498143683,25.0,6538.277498143683
CASE_002791,CUST_01646,regular,1,unknown_failure,7397.9,reminder,Action passed all guardrails.,passed,0.5623084987181877,4159.9020426672805,5.0,4154.9020426672805
CASE_002792,CUST_01647,regular,1,temporary_bank_failure,30554.78,retry,Action passed all guardrails.,passed,0.795007289967415,24291.272843350573,2.0,24289.272843350573
CASE_002793,CUST_01647,regular,1,unknown_failure,15663.76,reminder,Action passed all guardrails.,passed,0.5113907225639468,8010.301544468248,5.0,8005.301544468248
CASE_002794,CUST_01649,regular,1,unknown_failure,13937.97,reminder,Action passed all guardrails.,passed,0.5201756006500668,7250.191916592612,5.0,7245.191916592612
CASE_002795,CUST_01649,regular,1,unknown_failure,27454.2,escalate,Case routed to manual review.,passed,0.5080239659633741,13947.391566351664,25.0,13922.391566351664
CASE_002796,CUST_01650,regular,1,unknown_failure,12584.82,reminder,Action passed all guardrails.,passed,0.5513681636995064,6938.869093888821,5.0,6933.869093888821
CASE_002797,CUST_01650,regular,1,unknown_failure,41739.29,escalate,Case routed to manual review.,passed,0.5136303328127304,21438.56541406707,25.0,21413.56541406707
CASE_002798,CUST_01650,regular,1,temporary_bank_failure,33214.03,retry,Action passed all guardrails.,passed,0.8390370673445446,27867.802325893725,2.0,27865.802325893725
CASE_002799,CUST_01650,regular,1,unknown_failure,38659.17,escalate,Case routed to manual review.,passed,0.5148599477955399,19904.0582480189,25.0,19879.0582480189
CASE_002800,CUST_01651,regular,1,timeout,10156.12,escalate,Case routed to manual review.,passed,0.7157916183344578,7269.665570798954,25.0,7244.665570798954
CASE_002801,CUST_01652,regular,1,expired_instrument,11178.84,reminder,Action passed all guardrails.,passed,0.5312392268297128,5938.638318453067,5.0,5933.638318453067
CASE_002802,CUST_01652,regular,1,unknown_failure,49746.75,reminder,Action passed all guardrails.,passed,0.4926204510193266,24506.266421745688,5.0,24501.266421745688
CASE_002803,CUST_01653,regular,1,unknown_failure,20787.72,reminder,Action passed all guardrails.,passed,0.5641695618627262,11727.798884525031,5.0,11722.798884525031
CASE_002804,CUST_01653,regular,1,unknown_failure,45742.41,reminder,Action passed all guardrails.,passed,0.5192579354742123,23752.109380214966,5.0,23747.109380214966
CASE_002805,CUST_01653,regular,1,unknown_failure,47264.23,reminder,Action passed all guardrails.,passed,0.5213744717411825,24642.36294850375,5.0,24637.36294850375
CASE_002806,CUST_01654,new,1,blocked_instrument,5805.21,escalate,Case routed to manual review.,passed,0.4268913664660578,2478.1940295224235,25.0,2453.1940295224235
CASE_002807,CUST_01654,new,1,temporary_bank_failure,7335.12,retry,Action passed all guardrails.,passed,0.7377394799312185,5411.407614033079,2.0,5409.407614033079
CASE_002808,CUST_01654,new,1,timeout,9260.24,retry,Action passed all guardrails.,passed,0.7555365532425485,6996.449811798778,2.0,6994.449811798778
CASE_002809,CUST_01655,high_value,1,limit_exceeded,55889.54,reminder,High-value case permitted for controlled recovery.,passed,0.5255886862274465,29374.90990245632,5.0,29369.90990245632
CASE_002810,CUST_01656,high_value,1,unknown_failure,31637.84,reminder,Action passed all guardrails.,passed,0.5564383693963287,17604.508100821946,5.0,17599.508100821946
CASE_002811,CUST_01656,high_value,1,authentication_failed,15885.72,reminder,Action passed all guardrails.,passed,0.5697341210654473,9050.636721691795,5.0,9045.636721691795
CASE_002812,CUST_01656,high_value,1,unknown_failure,94757.92,reminder,High-value case permitted for controlled recovery.,passed,0.6058256619385544,57406.77960792058,5.0,57401.77960792058
CASE_002813,CUST_01658,regular,1,unknown_failure,28866.96,reminder,Action passed all guardrails.,passed,0.5209404035441622,15037.965791493189,5.0,15032.965791493189
CASE_002814,CUST_01659,high_value,1,authentication_failed,70447.63,reminder,High-value case permitted for controlled recovery.,passed,0.510295759375466,35949.12684705186,5.0,35944.12684705186
CASE_002815,CUST_01659,high_value,1,authentication_failed,90670.92,reminder,High-value case permitted for controlled recovery.,passed,0.4935408433670707,44749.802325668206,5.0,44744.802325668206
CASE_002816,CUST_01659,high_value,1,unknown_failure,37692.85,reminder,Action passed all guardrails.,passed,0.5475164128302346,20637.454021348105,5.0,20632.454021348105
CASE_002817,CUST_01659,high_value,1,unknown_failure,40709.8,reminder,Action passed all guardrails.,passed,0.5441151890623893,22150.82052369206,5.0,22145.82052369206
CASE_002818,CUST_01661,regular,1,limit_exceeded,7102.59,reminder,Action passed all guardrails.,passed,0.4949078410340349,3515.1274826499266,5.0,3510.1274826499266
CASE_002819,CUST_01661,regular,1,risk_decline,22189.18,reminder,Action passed all guardrails.,passed,0.2505800112174104,5560.164973305139,5.0,5555.164973305139
CASE_002820,CUST_01662,regular,1,unknown_failure,41109.43,escalate,Case routed to manual review.,passed,0.4741177769501165,19490.71156328643,25.0,19465.71156328643
CASE_002821,CUST_01662,regular,1,insufficient_funds,10225.52,reminder,Action passed all guardrails.,passed,0.5691233254241436,5819.581946591089,5.0,5814.581946591089
CASE_002822,CUST_01663,regular,0,expired_instrument,12918.42,escalate,Case routed to manual review.,passed,0.5103335375294961,6592.702977891792,25.0,6567.702977891792
CASE_002823,CUST_01664,regular,1,unknown_failure,20156.78,reminder,Action passed all guardrails.,passed,0.5606369952741642,11300.636573602367,5.0,11295.636573602367
CASE_002824,CUST_01664,regular,1,unknown_failure,40694.45,reminder,Action passed all guardrails.,passed,0.5197598583979088,21151.341569580774,5.0,21146.341569580774
CASE_002825,CUST_01665,regular,1,unknown_failure,5868.8,reminder,Action passed all guardrails.,passed,0.5726283654244387,3360.641351002946,5.0,3355.641351002946
CASE_002826,CUST_01666,regular,0,unknown_failure,23242.18,escalate,Case routed to manual review.,passed,0.4790181964848926,11133.42714597724,25.0,11108.42714597724
CASE_002827,CUST_01669,new,1,unknown_failure,1529.73,reminder,Action passed all guardrails.,passed,0.5075478149008888,776.4111188883367,5.0,771.4111188883367
CASE_002828,CUST_01669,new,1,timeout,8027.42,retry,Action passed all guardrails.,passed,0.6105811274539501,4901.3911541463885,2.0,4899.3911541463885
CASE_002829,CUST_01669,new,1,unknown_failure,10489.83,reminder,Action passed all guardrails.,passed,0.407481487119512,4274.411528030871,5.0,4269.411528030871
CASE_002830,CUST_01669,new,1,limit_exceeded,8961.29,reminder,Action passed all guardrails.,passed,0.4447636633012409,3985.6561683047776,5.0,3980.6561683047776
CASE_002831,CUST_01670,new,1,temporary_bank_failure,2569.94,retry,Action passed all guardrails.,passed,0.7478412087614633,1921.907036044435,2.0,1919.907036044435
CASE_002832,CUST_01672,high_value,1,authentication_failed,111830.72,reminder,High-value case permitted for controlled recovery.,passed,0.5705256851728243,63802.29815137027,5.0,63797.29815137027
CASE_002833,CUST_01672,high_value,1,unknown_failure,71551.66,reminder,High-value case permitted for controlled recovery.,passed,0.5098204089019975,36478.4965588167,5.0,36473.4965588167
CASE_002834,CUST_01672,high_value,1,unknown_failure,41056.92,reminder,Action passed all guardrails.,passed,0.4840194683756886,19872.348591543177,5.0,19867.348591543177
CASE_002835,CUST_01673,regular,0,unknown_failure,45531.95,retry,Action passed all guardrails.,passed,0.4461561051104222,20314.35747008249,2.0,20312.35747008249
CASE_002836,CUST_01673,regular,0,unknown_failure,39420.44,retry,Action passed all guardrails.,passed,0.465079251590248,18333.62873255828,2.0,18331.62873255828
CASE_002837,CUST_01674,regular,1,limit_exceeded,29063.01,reminder,Action passed all guardrails.,passed,0.417242295246683,12126.3169991773,5.0,12121.3169991773
CASE_002838,CUST_01675,regular,1,timeout,38816.62,retry,Action passed all guardrails.,passed,0.6883558572535088,26719.647735783696,2.0,26717.647735783696
CASE_002839,CUST_01675,regular,1,unknown_failure,46623.07,reminder,Action passed all guardrails.,passed,0.4497353784053074,20968.04402886713,5.0,20963.04402886713
CASE_002840,CUST_01676,regular,1,blocked_instrument,8140.23,reminder,Action passed all guardrails.,passed,0.4925706322397863,4009.6382376772754,5.0,4004.6382376772754
CASE_002841,CUST_01677,regular,1,unknown_failure,40342.59,escalate,Case routed to manual review.,passed,0.50599281180811,20413.060549721737,25.0,20388.060549721737
CASE_002842,CUST_01678,regular,1,timeout,11591.95,retry,Action passed all guardrails.,passed,0.671206249672037,7780.58928588577,2.0,7778.58928588577
CASE_002843,CUST_01680,regular,1,authentication_failed,4698.97,reminder,Action passed all guardrails.,passed,0.5779284662718998,2715.668525157669,5.0,2710.668525157669
CASE_002844,CUST_01683,regular,1,temporary_bank_failure,4202.26,retry,Action passed all guardrails.,passed,0.8419665961957676,3538.1625485296267,2.0,3536.1625485296267
CASE_002845,CUST_01683,regular,1,unknown_failure,48124.98,reminder,Action passed all guardrails.,passed,0.532905151299495,25646.04974818517,5.0,25641.04974818517
CASE_002846,CUST_01683,regular,1,unknown_failure,21369.78,reminder,Action passed all guardrails.,passed,0.5657173769932533,12089.255888522885,5.0,12084.255888522885
CASE_002847,CUST_01685,new,1,insufficient_funds,8322.68,reminder,Action passed all guardrails.,passed,0.5812973832715946,4837.952105806836,5.0,4832.952105806836
CASE_002848,CUST_01685,new,1,temporary_bank_failure,5488.14,escalate,Case routed to manual review.,passed,0.7791484944282258,4276.076018211324,25.0,4251.076018211324
CASE_002849,CUST_01685,new,1,risk_decline,6489.01,reminder,Action passed all guardrails.,passed,0.2165480560772252,1405.1825013656753,5.0,1400.1825013656753
CASE_002850,CUST_01685,new,1,unknown_failure,16493.31,reminder,Action passed all guardrails.,passed,0.5042010074603279,8315.943518355502,5.0,8310.943518355502
CASE_002851,CUST_01685,new,1,authentication_failed,16936.48,reminder,Action passed all guardrails.,passed,0.5648408792185516,9566.416254067415,5.0,9561.416254067415
CASE_002852,CUST_01686,regular,1,unknown_failure,44326.05,reminder,Action passed all guardrails.,passed,0.5555200176957538,24624.008080382868,5.0,24619.008080382868
CASE_002853,CUST_01687,new,1,timeout,11144.37,retry,Action passed all guardrails.,passed,0.6880428245058076,7667.803812137787,2.0,7665.803812137787
CASE_002854,CUST_01687,new,1,insufficient_funds,17278.37,reminder,Action passed all guardrails.,passed,0.5741404463593853,9920.211064162611,5.0,9915.211064162611
CASE_002855,CUST_01687,new,1,insufficient_funds,8277.56,reminder,Action passed all guardrails.,passed,0.536853827718729,4443.839770171442,5.0,4438.839770171442
CASE_002856,CUST_01688,regular,0,insufficient_funds,20450.65,escalate,Case routed to manual review.,passed,0.4969458031163117,10162.8646885006,25.0,10137.8646885006
CASE_002857,CUST_01689,regular,1,timeout,29547.37,escalate,Case routed to manual review.,passed,0.7068667720380459,20886.0540541138,25.0,20861.0540541138
CASE_002858,CUST_01690,regular,1,risk_decline,1340.5,reminder,Action passed all guardrails.,passed,0.2422167408662756,324.69154113124245,5.0,319.69154113124245
CASE_002859,CUST_01690,regular,1,blocked_instrument,12275.02,escalate,Case routed to manual review.,passed,0.5545541756363047,6807.163597019154,25.0,6782.163597019154
CASE_002860,CUST_01691,regular,1,temporary_bank_failure,49599.36,retry,Action passed all guardrails.,passed,0.8375356124750566,41541.23035597082,2.0,41539.23035597082
CASE_002861,CUST_01691,regular,1,unknown_failure,40661.56,reminder,Action passed all guardrails.,passed,0.5357891254219845,21786.02167069355,5.0,21781.02167069355
CASE_002862,CUST_01691,regular,1,unknown_failure,44765.96,reminder,Action passed all guardrails.,passed,0.545717910207255,24429.58613962157,5.0,24424.58613962157
CASE_002863,CUST_01692,high_value,0,unknown_failure,98253.36,escalate,Case routed to manual review.,passed,0.4909389938471722,48236.405700504,25.0,48211.405700504
CASE_002864,CUST_01693,regular,1,unknown_failure,35810.32,reminder,Action passed all guardrails.,passed,0.5349540612301432,19156.876117951026,5.0,19151.876117951026
CASE_002865,CUST_01693,regular,1,authentication_failed,3952.57,reminder,Action passed all guardrails.,passed,0.613203423831159,2423.7294569323244,5.0,2418.7294569323244
CASE_002866,CUST_01694,regular,0,risk_decline,13324.51,escalate,Case routed to manual review.,passed,0.1852626298020178,2468.533763423285,25.0,2443.533763423285
CASE_002867,CUST_01695,high_value,1,unknown_failure,87334.45,reminder,High-value case permitted for controlled recovery.,passed,0.5621131784367207,49091.84527652286,5.0,49086.84527652286
CASE_002868,CUST_01695,high_value,1,insufficient_funds,19375.77,reminder,Action passed all guardrails.,passed,0.6453633742904719,12504.412306676097,5.0,12499.412306676097
CASE_002869,CUST_01695,high_value,1,insufficient_funds,45650.57,reminder,Action passed all guardrails.,passed,0.6396228911067733,29199.14956407213,5.0,29194.14956407213
CASE_002870,CUST_01697,high_value,1,unknown_failure,18433.7,reminder,Action passed all guardrails.,passed,0.5850630728406533,10784.87716582275,5.0,10779.87716582275
CASE_002871,CUST_01698,regular,1,unknown_failure,8771.21,reminder,Action passed all guardrails.,passed,0.5389435635539268,4727.187174079838,5.0,4722.187174079838
CASE_002872,CUST_01699,high_value,1,unknown_failure,59905.08,reminder,High-value case permitted for controlled recovery.,passed,0.5553256900642155,33266.82988935203,5.0,33261.82988935203
CASE_002873,CUST_01699,high_value,1,temporary_bank_failure,24001.89,retry,Action passed all guardrails.,passed,0.8304487655474055,19932.339921304618,2.0,19930.339921304618
CASE_002874,CUST_01699,high_value,1,unknown_failure,68739.85,reminder,High-value case permitted for controlled recovery.,passed,0.5383207997201307,37004.09102464183,5.0,36999.09102464183
CASE_002875,CUST_01700,new,1,risk_decline,20023.55,reminder,Action passed all guardrails.,passed,0.2701465457534779,5409.292866222054,5.0,5404.292866222054
CASE_002876,CUST_01701,high_value,0,risk_decline,79451.63,escalate,Case routed to manual review.,passed,0.349522367858845,27770.12184784485,25.0,27745.12184784485
CASE_002877,CUST_01702,regular,1,unknown_failure,14386.55,reminder,Action passed all guardrails.,passed,0.6015747433365322,8654.585123748186,5.0,8649.585123748186
CASE_002878,CUST_01703,high_value,1,unknown_failure,62221.05,reminder,High-value case permitted for controlled recovery.,passed,0.5778008629835337,35951.376385741605,5.0,35946.376385741605
CASE_002879,CUST_01704,regular,1,authentication_failed,4294.63,reminder,Action passed all guardrails.,passed,0.6161388217856523,2646.088268205316,5.0,2641.088268205316
CASE_002880,CUST_01705,regular,1,temporary_bank_failure,2907.02,retry,Action passed all guardrails.,passed,0.8007386222205661,2327.76318956763,2.0,2325.76318956763
CASE_002881,CUST_01705,regular,1,unknown_failure,36699.26,reminder,Action passed all guardrails.,passed,0.4864523687622027,17852.441958819956,5.0,17847.441958819956
CASE_002882,CUST_01706,regular,1,temporary_bank_failure,35649.36,retry,Action passed all guardrails.,passed,0.8191992489655343,29203.92893810196,2.0,29201.92893810196
CASE_002883,CUST_01707,new,1,timeout,21938.78,retry,Action passed all guardrails.,passed,0.635567907229934,13943.58449177793,2.0,13941.58449177793
CASE_002884,CUST_01708,regular,0,unknown_failure,38423.99,escalate,Case routed to manual review.,passed,0.483573434751073,18580.82082114088,25.0,18555.82082114088
CASE_002885,CUST_01708,regular,0,unknown_failure,3612.82,escalate,Case routed to manual review.,passed,0.3828235088179852,1383.0724291277936,25.0,1358.0724291277936
CASE_002886,CUST_01709,high_value,1,limit_exceeded,121428.38,reminder,High-value case permitted for controlled recovery.,passed,0.6453801537440984,78367.4665532968,5.0,78362.4665532968
CASE_002887,CUST_01709,high_value,1,blocked_instrument,69625.49,escalate,Case routed to manual review.,passed,0.4508179727301956,31388.42225214651,25.0,31363.42225214651
CASE_002888,CUST_01710,regular,1,unknown_failure,17278.51,reminder,Action passed all guardrails.,passed,0.5953090874686834,10286.05402091852,5.0,10281.05402091852
CASE_002889,CUST_01711,regular,1,temporary_bank_failure,29791.44,retry,Action passed all guardrails.,passed,0.8043104922372198,23961.5677708556,2.0,23959.5677708556
CASE_002890,CUST_01711,regular,1,timeout,47073.65,retry,Action passed all guardrails.,passed,0.7070062718889852,33281.36579070693,2.0,33279.36579070693
CASE_002891,CUST_01712,regular,1,unknown_failure,40953.65,reminder,Action passed all guardrails.,passed,0.5267905486130464,21573.99575120669,5.0,21568.99575120669
CASE_002892,CUST_01713,regular,1,risk_decline,21730.28,reminder,Action passed all guardrails.,passed,0.3034849127267383,6594.812129327587,5.0,6589.812129327587
CASE_002893,CUST_01714,regular,1,unknown_failure,49955.65,escalate,Case routed to manual review.,passed,0.5137581067066922,25665.12016330217,25.0,25640.12016330217
CASE_002894,CUST_01714,regular,1,temporary_bank_failure,2399.95,retry,Action passed all guardrails.,passed,0.7881064420476359,1891.416055592224,2.0,1889.416055592224
CASE_002895,CUST_01714,regular,1,insufficient_funds,15276.28,reminder,Action passed all guardrails.,passed,0.5968119935883542,9117.067121413904,5.0,9112.067121413904
CASE_002896,CUST_01715,new,1,unknown_failure,6706.57,reminder,Action passed all guardrails.,passed,0.4560543307820713,3058.560293193116,5.0,3053.560293193116
CASE_002897,CUST_01715,new,1,risk_decline,19699.88,reminder,Action passed all guardrails.,passed,0.3481161197731076,6857.845785595847,5.0,6852.845785595847
CASE_002898,CUST_01717,high_value,1,insufficient_funds,30644.04,reminder,Action passed all guardrails.,passed,0.6204234692153509,19012.28160757398,5.0,19007.28160757398
CASE_002899,CUST_01718,new,1,unknown_failure,1982.95,escalate,Case routed to manual review.,passed,0.4505905729322079,893.4985765959218,25.0,868.4985765959218
CASE_002900,CUST_01718,new,1,unknown_failure,9094.15,escalate,Case routed to manual review.,passed,0.4791900963345695,4357.826614581025,25.0,4332.826614581025
CASE_002901,CUST_01718,new,1,unknown_failure,14733.84,reminder,Action passed all guardrails.,passed,0.4725777555021283,6962.885037127478,5.0,6957.885037127478
CASE_002902,CUST_01718,new,1,unknown_failure,11022.33,reminder,Action passed all guardrails.,passed,0.4876211389549621,5374.721108537447,5.0,5369.721108537447
CASE_002903,CUST_01718,new,1,unknown_failure,11230.9,escalate,Case routed to manual review.,passed,0.4847188730280021,5443.829191090189,25.0,5418.829191090189
CASE_002904,CUST_01719,regular,1,unknown_failure,24938.42,reminder,Action passed all guardrails.,passed,0.5579182489408073,13913.599617750408,5.0,13908.599617750408
CASE_002905,CUST_01721,new,1,insufficient_funds,18326.2,reminder,Action passed all guardrails.,passed,0.5073807996588301,9298.362010707651,5.0,9293.362010707651
CASE_002906,CUST_01721,new,1,unknown_failure,16206.95,reminder,Action passed all guardrails.,passed,0.4387925003372054,7111.488113340071,5.0,7106.488113340071
CASE_002907,CUST_01721,new,1,authentication_failed,12726.42,reminder,Action passed all guardrails.,passed,0.4879863674045044,6210.319465864033,5.0,6205.319465864033
CASE_002908,CUST_01722,new,1,unknown_failure,7567.26,reminder,Action passed all guardrails.,passed,0.4804379362933047,3635.598777794873,5.0,3630.598777794873
CASE_002909,CUST_01722,new,1,insufficient_funds,17873.63,reminder,Action passed all guardrails.,passed,0.5345693249069556,9554.69432273671,5.0,9549.69432273671
CASE_002910,CUST_01722,new,1,insufficient_funds,18604.44,reminder,Action passed all guardrails.,passed,0.5366524319458762,9984.117970991136,5.0,9979.117970991136
CASE_002911,CUST_01723,high_value,1,unknown_failure,5504.57,reminder,Action passed all guardrails.,passed,0.4728688768951761,2602.93983369088,5.0,2597.93983369088
CASE_002912,CUST_01724,regular,1,insufficient_funds,41187.97,reminder,Action passed all guardrails.,passed,0.6080514798236999,25044.40610943416,5.0,25039.40610943416
CASE_002913,CUST_01725,high_value,1,unknown_failure,37627.62,reminder,Action passed all guardrails.,passed,0.5516227311630849,20756.25051156672,5.0,20751.25051156672
CASE_002914,CUST_01726,new,1,temporary_bank_failure,10945.95,retry,Action passed all guardrails.,passed,0.7046308194960825,7712.853718663145,2.0,7710.853718663145
CASE_002915,CUST_01726,new,1,unknown_failure,5057.02,reminder,Action passed all guardrails.,passed,0.4789476465215934,2422.0478274126285,5.0,2417.0478274126285
CASE_002916,CUST_01727,regular,0,unknown_failure,17227.2,escalate,Case routed to manual review.,passed,0.4511878020780119,7772.702503958328,25.0,7747.702503958328
CASE_002917,CUST_01727,regular,0,unknown_failure,16573.69,escalate,Case routed to manual review.,passed,0.4505510727711921,7467.293809277178,25.0,7442.293809277178
CASE_002918,CUST_01728,new,1,unknown_failure,14119.01,reminder,Action passed all guardrails.,passed,0.4726451338729759,6673.281371603886,5.0,6668.281371603886
CASE_002919,CUST_01729,regular,1,unknown_failure,45726.03,reminder,Action passed all guardrails.,passed,0.4781222566754778,21862.6326524106,5.0,21857.6326524106
CASE_002920,CUST_01729,regular,1,unknown_failure,6492.35,reminder,Action passed all guardrails.,passed,0.5159226835573656,3349.550634593663,5.0,3344.550634593663
CASE_002921,CUST_01730,regular,1,risk_decline,48365.35,reminder,Action passed all guardrails.,passed,0.2665519665752149,12891.87915659857,5.0,12886.87915659857
CASE_002922,CUST_01734,high_value,1,unknown_failure,48111.32,reminder,Action passed all guardrails.,passed,0.5333193149336394,25658.696222953105,5.0,25653.696222953105
CASE_002923,CUST_01734,high_value,1,authentication_failed,17978.54,reminder,Action passed all guardrails.,passed,0.5796022453505758,10420.402152125142,5.0,10415.402152125142
CASE_002924,CUST_01734,high_value,1,unknown_failure,38268.1,reminder,Action passed all guardrails.,passed,0.5356031030982107,20496.51310967264,5.0,20491.51310967264
CASE_002925,CUST_01735,new,1,timeout,5903.92,retry,Action passed all guardrails.,passed,0.7243690754611508,4276.617071996598,2.0,4274.617071996598
CASE_002926,CUST_01735,new,1,unknown_failure,18731.33,reminder,Action passed all guardrails.,passed,0.4826006934062332,9039.75284642098,5.0,9034.75284642098
CASE_002927,CUST_01735,new,1,unknown_failure,14932.45,reminder,Action passed all guardrails.,passed,0.4569849007543649,6823.904181269517,5.0,6818.904181269517
CASE_002928,CUST_01735,new,1,unknown_failure,7354.78,reminder,Action passed all guardrails.,passed,0.4659188529340829,3426.7306611825347,5.0,3421.7306611825347
CASE_002929,CUST_01736,regular,1,insufficient_funds,34295.38,reminder,Action passed all guardrails.,passed,0.5744693658786971,19701.64520116895,5.0,19696.64520116895
CASE_002930,CUST_01736,regular,1,limit_exceeded,40461.73,reminder,Action passed all guardrails.,passed,0.4448404118026983,17999.012635449595,5.0,17994.012635449595
CASE_002931,CUST_01737,high_value,1,expired_instrument,14315.73,reminder,Action passed all guardrails.,passed,0.6091310813883436,8720.156095763552,5.0,8715.156095763552
CASE_002932,CUST_01737,high_value,1,unknown_failure,25589.01,reminder,Action passed all guardrails.,passed,0.5826704910613477,14909.961022473735,5.0,14904.961022473735
CASE_002933,CUST_01738,regular,1,unknown_failure,26957.51,reminder,Action passed all guardrails.,passed,0.4910299831638569,13236.945681439503,5.0,13231.945681439503
CASE_002934,CUST_01738,regular,1,unknown_failure,3888.66,reminder,Action passed all guardrails.,passed,0.5190663344430075,2018.4724920951453,5.0,2013.4724920951453
CASE_002935,CUST_01739,regular,1,limit_exceeded,4703.73,reminder,Action passed all guardrails.,passed,0.4459792006527711,2097.765745486459,5.0,2092.765745486459
CASE_002936,CUST_01740,regular,1,unknown_failure,8846.69,reminder,Action passed all guardrails.,passed,0.5331733539186989,4716.819378379015,5.0,4711.819378379015
CASE_002937,CUST_01741,regular,1,unknown_failure,32976.34,reminder,Action passed all guardrails.,passed,0.4629094398424659,15265.0590774547,5.0,15260.0590774547
CASE_002938,CUST_01741,regular,1,temporary_bank_failure,6413.69,retry,Action passed all guardrails.,passed,0.8091025213274541,5189.332750012679,2.0,5187.332750012679
CASE_002939,CUST_01742,regular,1,unknown_failure,25751.57,reminder,Action passed all guardrails.,passed,0.5471368900705676,14089.633924234528,5.0,14084.633924234528
CASE_002940,CUST_01743,high_value,1,temporary_bank_failure,26781.8,retry,Action passed all guardrails.,passed,0.860757446753582,23052.63378746508,2.0,23050.63378746508
CASE_002941,CUST_01743,high_value,1,unknown_failure,67232.04,reminder,High-value case permitted for controlled recovery.,passed,0.5661299320635023,38062.07023769066,5.0,38057.07023769066
CASE_002942,CUST_01743,high_value,1,temporary_bank_failure,54412.82,retry,High-value case permitted for controlled recovery.,passed,0.8593194821892935,46757.99630685923,2.0,46755.99630685923
CASE_002943,CUST_01744,new,1,unknown_failure,2211.37,reminder,Action passed all guardrails.,passed,0.489539255833006,1082.5524241714345,5.0,1077.5524241714345
CASE_002944,CUST_01745,regular,1,authentication_failed,2500.34,reminder,Action passed all guardrails.,passed,0.5208223308980151,1302.2329068375432,5.0,1297.2329068375432
CASE_002945,CUST_01746,regular,1,unknown_failure,16253.24,escalate,Case routed to manual review.,passed,0.5038267617809733,8188.817277648986,25.0,8163.817277648986
CASE_002946,CUST_01746,regular,1,unknown_failure,7317.62,escalate,Case routed to manual review.,passed,0.484353526730739,3544.3150542753906,25.0,3519.3150542753906
CASE_002947,CUST_01746,regular,1,insufficient_funds,6726.01,reminder,Action passed all guardrails.,passed,0.5659650623977848,3806.686669338125,5.0,3801.686669338125
CASE_002948,CUST_01746,regular,1,unknown_failure,35017.34,escalate,Case routed to manual review.,passed,0.4907503335860981,17184.771286297815,25.0,17159.771286297815
CASE_002949,CUST_01746,regular,1,unknown_failure,2144.42,reminder,Action passed all guardrails.,passed,0.4267113809204195,915.048419473366,5.0,910.048419473366
CASE_002950,CUST_01747,regular,1,temporary_bank_failure,12176.33,retry,Action passed all guardrails.,passed,0.8393782996450008,10220.547171316412,2.0,10218.547171316412
CASE_002951,CUST_01747,regular,1,unknown_failure,18201.59,reminder,Action passed all guardrails.,passed,0.5352463939012899,9742.33541076978,5.0,9737.33541076978
CASE_002952,CUST_01748,regular,1,unknown_failure,1699.3,reminder,Action passed all guardrails.,passed,0.5026180246180655,854.0988092334786,5.0,849.0988092334786
CASE_002953,CUST_01748,regular,1,unknown_failure,23466.5,reminder,Action passed all guardrails.,passed,0.5020380717250966,11781.07641013698,5.0,11776.07641013698
CASE_002954,CUST_01748,regular,1,unknown_failure,2395.79,reminder,Action passed all guardrails.,passed,0.5022011496982187,1203.1684924354954,5.0,1198.1684924354954
CASE_002955,CUST_01749,regular,0,temporary_bank_failure,6100.82,retry,Action passed all guardrails.,passed,0.8073421978122135,4925.449427256708,2.0,4923.449427256708
CASE_002956,CUST_01750,regular,1,limit_exceeded,26980.26,reminder,Action passed all guardrails.,passed,0.5179105618209723,13973.361614675903,5.0,13968.361614675903
CASE_002957,CUST_01751,high_value,1,unknown_failure,82863.28,reminder,High-value case permitted for controlled recovery.,passed,0.5610273155858395,46488.56353903779,5.0,46483.56353903779
CASE_002958,CUST_01751,high_value,1,insufficient_funds,81024.55,reminder,High-value case permitted for controlled recovery.,passed,0.6700136632674343,54287.5555600954,5.0,54282.5555600954
CASE_002959,CUST_01753,new,1,unknown_failure,2387.72,reminder,Action passed all guardrails.,passed,0.4938291258149171,1179.1256802907938,5.0,1174.1256802907938
CASE_002960,CUST_01753,new,1,unknown_failure,3758.55,reminder,Action passed all guardrails.,passed,0.4472007630209804,1680.826427852506,5.0,1675.826427852506
CASE_002961,CUST_01754,regular,1,unknown_failure,6025.97,reminder,Action passed all guardrails.,passed,0.5303721630642844,3196.0067434604857,5.0,3191.0067434604857
CASE_002962,CUST_01755,regular,1,unknown_failure,35662.04,reminder,Action passed all guardrails.,passed,0.50391029826177,17970.469213023174,5.0,17965.469213023174
CASE_002963,CUST_01755,regular,1,unknown_failure,29261.72,reminder,Action passed all guardrails.,passed,0.5146405755612219,15059.26842271132,5.0,15054.26842271132
CASE_002964,CUST_01756,regular,1,unknown_failure,36071.75,reminder,Action passed all guardrails.,passed,0.5176138873016295,18671.238739272558,5.0,18666.238739272558
CASE_002965,CUST_01757,regular,1,insufficient_funds,48256.06,reminder,Action passed all guardrails.,passed,0.5587869695340689,26964.8575290542,5.0,26959.8575290542
CASE_002966,CUST_01761,regular,1,unknown_failure,19107.66,reminder,Action passed all guardrails.,passed,0.5497058531186206,10503.592541400543,5.0,10498.592541400543
CASE_002967,CUST_01761,regular,1,insufficient_funds,50774.32,reminder,High-value case permitted for controlled recovery.,passed,0.6361718213715816,32301.19163330352,5.0,32296.19163330352
CASE_002968,CUST_01761,regular,1,unknown_failure,16462.47,reminder,Action passed all guardrails.,passed,0.5547486069470243,9132.53229940718,5.0,9127.53229940718
CASE_002969,CUST_01761,regular,1,unknown_failure,46893.96,reminder,Action passed all guardrails.,passed,0.550661998086795,25822.72171180224,5.0,25817.72171180224
CASE_002970,CUST_01762,regular,1,unknown_failure,9021.46,reminder,Action passed all guardrails.,passed,0.5315381530282876,4795.250186018575,5.0,4790.250186018575
CASE_002971,CUST_01763,regular,1,risk_decline,48947.43,reminder,Action passed all guardrails.,passed,0.2050156602860116,10034.989680753331,5.0,10029.989680753331
CASE_002972,CUST_01764,high_value,1,unknown_failure,90399.49,reminder,High-value case permitted for controlled recovery.,passed,0.5509226139111953,49803.12332703896,5.0,49798.12332703896
CASE_002973,CUST_01765,regular,1,insufficient_funds,2609.02,reminder,Action passed all guardrails.,passed,0.5819581941247289,1518.3405676353002,5.0,1513.3405676353002
CASE_002974,CUST_01765,regular,1,unknown_failure,48611.78,escalate,Case routed to manual review.,passed,0.5082148249583707,24705.227263614823,25.0,24680.227263614823
CASE_002975,CUST_01766,regular,0,limit_exceeded,1140.67,escalate,Case routed to manual review.,passed,0.3469335040994341,395.7366401211016,25.0,370.7366401211016
CASE_002976,CUST_01766,regular,0,insufficient_funds,34931.94,escalate,Case routed to manual review.,passed,0.5257694836074804,18366.14805520749,25.0,18341.14805520749
CASE_002977,CUST_01766,regular,0,unknown_failure,7008.48,escalate,Case routed to manual review.,passed,0.5164644986744853,3619.631109670157,25.0,3594.6311096701565
CASE_002978,CUST_01768,regular,1,unknown_failure,7437.07,reminder,Action passed all guardrails.,passed,0.5092623312576272,3787.419605926161,5.0,3782.419605926161
CASE_002979,CUST_01769,new,1,insufficient_funds,8848.11,reminder,Action passed all guardrails.,passed,0.5881074674377748,5203.63956371085,5.0,5198.63956371085
CASE_002980,CUST_01769,new,1,limit_exceeded,7140.04,reminder,Action passed all guardrails.,passed,0.5807824716813774,4146.810079103902,5.0,4141.810079103902
CASE_002981,CUST_01771,regular,1,temporary_bank_failure,14568.18,retry,Action passed all guardrails.,passed,0.8469778359556798,12338.925570212816,2.0,12336.925570212816
CASE_002982,CUST_01771,regular,1,temporary_bank_failure,47343.9,retry,Action passed all guardrails.,passed,0.8363378917298802,39595.497512270274,2.0,39593.497512270274
CASE_002983,CUST_01773,regular,1,unknown_failure,45772.34,escalate,Case routed to manual review.,passed,0.4874603056398784,22312.19884625243,25.0,22287.19884625243
CASE_002984,CUST_01774,regular,1,authentication_failed,17955.42,reminder,Action passed all guardrails.,passed,0.5223260941504038,9378.584397430042,5.0,9373.584397430042
CASE_002985,CUST_01774,regular,1,blocked_instrument,22164.07,reminder,Action passed all guardrails.,passed,0.521537364407571,11559.390652344911,5.0,11554.390652344911
CASE_002986,CUST_01775,new,1,risk_decline,3647.35,reminder,Action passed all guardrails.,passed,0.1363207971565929,497.2096595090991,5.0,492.2096595090991
CASE_002987,CUST_01776,regular,1,authentication_failed,17267.34,reminder,Action passed all guardrails.,passed,0.5510678786935254,9515.47642447986,5.0,9510.47642447986
CASE_002988,CUST_01776,regular,1,unknown_failure,14790.02,reminder,Action passed all guardrails.,passed,0.4755936108546828,7034.039016412977,5.0,7029.039016412977
CASE_002989,CUST_01776,regular,1,temporary_bank_failure,34147.43,retry,Action passed all guardrails.,passed,0.7626785755313505,26043.513270456504,2.0,26041.513270456504
CASE_002990,CUST_01776,regular,1,expired_instrument,46630.55,reminder,Action passed all guardrails.,passed,0.547884192676996,25548.14124083429,5.0,25543.14124083429
CASE_002991,CUST_01777,new,1,insufficient_funds,9816.93,reminder,Action passed all guardrails.,passed,0.4966639536020669,4875.715266034738,5.0,4870.715266034738
CASE_002992,CUST_01777,new,1,unknown_failure,15531.21,reminder,Action passed all guardrails.,passed,0.4353548040355237,6761.586885984565,5.0,6756.586885984565
CASE_002993,CUST_01777,new,1,unknown_failure,13856.44,reminder,Action passed all guardrails.,passed,0.4504189310151228,6241.2028924751885,5.0,6236.2028924751885
CASE_002994,CUST_01778,regular,1,insufficient_funds,27255.83,reminder,Action passed all guardrails.,passed,0.5682809436016477,15488.968791046098,5.0,15483.968791046098
CASE_002995,CUST_01778,regular,1,limit_exceeded,3231.56,reminder,Action passed all guardrails.,passed,0.4884494069450354,1578.453565507299,5.0,1573.453565507299
CASE_002996,CUST_01778,regular,1,authentication_failed,24734.26,reminder,Action passed all guardrails.,passed,0.5607846063329986,13870.592257038032,5.0,13865.592257038032
CASE_002997,CUST_01780,regular,0,insufficient_funds,67283.36,escalate,Case routed to manual review.,passed,0.5292378625016977,35608.90162833223,25.0,35583.90162833223
CASE_002998,CUST_01780,regular,0,insufficient_funds,22372.04,escalate,Case routed to manual review.,passed,0.5321355189149647,11904.957114586348,25.0,11879.957114586348
CASE_002999,CUST_01782,regular,1,risk_decline,23419.44,reminder,Action passed all guardrails.,passed,0.4293778350694549,10055.788445738996,5.0,10050.788445738996
CASE_003000,CUST_01782,regular,1,unknown_failure,41829.83,reminder,Action passed all guardrails.,passed,0.5188155136169179,21701.96473595836,5.0,21696.96473595836
CASE_003001,CUST_01783,regular,1,risk_decline,39954.68,reminder,Action passed all guardrails.,passed,0.2708733580914085,10822.65834306764,5.0,10817.65834306764
CASE_003002,CUST_01784,new,1,temporary_bank_failure,12493.68,retry,Action passed all guardrails.,passed,0.7570972140841129,9458.9303216584,2.0,9456.9303216584
CASE_003003,CUST_01785,new,1,unknown_failure,14879.77,reminder,Action passed all guardrails.,passed,0.4088943271168601,6084.253541803642,5.0,6079.253541803642
CASE_003004,CUST_01787,regular,1,risk_decline,43557.05,reminder,Action passed all guardrails.,passed,0.2038407123503363,8878.70009987922,5.0,8873.70009987922
CASE_003005,CUST_01788,new,1,unknown_failure,6997.39,reminder,Action passed all guardrails.,passed,0.5244490684539782,3669.774667109183,5.0,3664.774667109183
CASE_003006,CUST_01788,new,1,authentication_failed,7616.76,reminder,Action passed all guardrails.,passed,0.4822134391542944,3672.9040348128633,5.0,3667.9040348128633
CASE_003007,CUST_01789,regular,1,unknown_failure,31327.18,escalate,Case routed to manual review.,passed,0.5148460772065423,16128.675732943248,25.0,16103.675732943248
CASE_003008,CUST_01790,high_value,1,expired_instrument,71870.88,reminder,High-value case permitted for controlled recovery.,passed,0.6193100515390506,44510.35839695692,5.0,44505.35839695692
CASE_003009,CUST_01790,high_value,1,unknown_failure,94461.89,reminder,High-value case permitted for controlled recovery.,passed,0.5920252822905434,55923.82709294826,5.0,55918.82709294826
CASE_003010,CUST_01790,high_value,1,expired_instrument,20076.39,reminder,Action passed all guardrails.,passed,0.5775429956997894,11594.978423437296,5.0,11589.978423437296
CASE_003011,CUST_01790,high_value,1,unknown_failure,60485.5,reminder,High-value case permitted for controlled recovery.,passed,0.5719794455693051,34596.4627549822,5.0,34591.4627549822
CASE_003012,CUST_01792,new,1,unknown_failure,7345.36,reminder,Action passed all guardrails.,passed,0.4404600907726221,3235.337932357588,5.0,3230.337932357588
CASE_003013,CUST_01792,new,1,insufficient_funds,16351.99,reminder,Action passed all guardrails.,passed,0.5649358937929093,9237.826085942716,5.0,9232.826085942716
CASE_003014,CUST_01792,new,1,risk_decline,11180.28,reminder,Action passed all guardrails.,passed,0.2308830451253781,2581.337091754363,5.0,2576.337091754363
CASE_003015,CUST_01792,new,1,limit_exceeded,8835.38,reminder,Action passed all guardrails.,passed,0.4671677477439361,4127.604575061819,5.0,4122.604575061819
CASE_003016,CUST_01795,new,0,insufficient_funds,5162.96,escalate,Case routed to manual review.,passed,0.4291556844445402,2215.7136325597835,25.0,2190.7136325597835
CASE_003017,CUST_01795,new,0,insufficient_funds,11646.61,escalate,Case routed to manual review.,passed,0.4473232324371686,5209.799232135053,25.0,5184.799232135053
CASE_003018,CUST_01796,regular,1,unknown_failure,6920.06,reminder,Action passed all guardrails.,passed,0.5738012746019358,3970.739248321872,5.0,3965.739248321872
CASE_003019,CUST_01796,regular,1,unknown_failure,36244.8,reminder,Action passed all guardrails.,passed,0.511735525975316,18547.75179187013,5.0,18542.75179187013
CASE_003020,CUST_01796,regular,1,unknown_failure,4980.27,reminder,Action passed all guardrails.,passed,0.5216565967185193,2597.9906989393403,5.0,2592.9906989393403
CASE_003021,CUST_01797,regular,1,insufficient_funds,31559.08,reminder,Action passed all guardrails.,passed,0.5548636962333916,17510.987778525305,5.0,17505.987778525305
CASE_003022,CUST_01798,regular,0,temporary_bank_failure,7438.7,retry,Action passed all guardrails.,passed,0.7915116285563694,5887.817551342265,2.0,5885.817551342265
CASE_003023,CUST_01799,regular,1,authentication_failed,14497.45,reminder,Action passed all guardrails.,passed,0.5711076163801683,8279.60411309067,5.0,8274.60411309067
CASE_003024,CUST_01799,regular,1,unknown_failure,22416.86,escalate,Case routed to manual review.,passed,0.5260581992500152,11792.573004439697,25.0,11767.573004439697
CASE_003025,CUST_01799,regular,1,unknown_failure,48248.56,reminder,Action passed all guardrails.,passed,0.4987522699030024,24064.078819551207,5.0,24059.078819551207
CASE_003026,CUST_01799,regular,1,timeout,29149.47,retry,Action passed all guardrails.,passed,0.6717305082410151,19580.588298056224,2.0,19578.588298056224
CASE_003027,CUST_01800,regular,1,temporary_bank_failure,26376.72,retry,Action passed all guardrails.,passed,0.7964309379515799,21007.2358496862,2.0,21005.2358496862
CASE_003028,CUST_01801,high_value,1,unknown_failure,70426.96,reminder,High-value case permitted for controlled recovery.,passed,0.5397492209257825,38012.89679217125,5.0,38007.89679217125
CASE_003029,CUST_01802,regular,1,unknown_failure,35185.7,reminder,Action passed all guardrails.,passed,0.501747577113976,17654.339724059224,5.0,17649.339724059224
CASE_003030,CUST_01803,regular,0,authentication_failed,6253.16,escalate,Case routed to manual review.,passed,0.4802407951713066,3003.022530733408,25.0,2978.022530733408
CASE_003031,CUST_01803,regular,0,unknown_failure,38710.24,escalate,Case routed to manual review.,passed,0.4939478795025254,19120.84096303384,25.0,19095.84096303384
CASE_003032,CUST_01803,regular,0,unknown_failure,47641.61,escalate,Case routed to manual review.,passed,0.4910258501380113,23393.262052193582,25.0,23368.262052193582
CASE_003033,CUST_01807,regular,1,unknown_failure,37511.77,reminder,Action passed all guardrails.,passed,0.4998578536797006,18750.552839926582,5.0,18745.552839926582
CASE_003034,CUST_01807,regular,1,unknown_failure,23385.22,reminder,Action passed all guardrails.,passed,0.5104503984237924,11936.99486622804,5.0,11931.99486622804
CASE_003035,CUST_01808,regular,1,limit_exceeded,45378.56,reminder,Action passed all guardrails.,passed,0.4838703499169279,21957.339705926308,5.0,21952.339705926308
CASE_003036,CUST_01808,regular,1,unknown_failure,2594.13,reminder,Action passed all guardrails.,passed,0.474524951700947,1230.9794129559778,5.0,1225.9794129559778
CASE_003037,CUST_01808,regular,1,unknown_failure,4531.54,reminder,Action passed all guardrails.,passed,0.5417675686432742,2455.041408009743,5.0,2450.041408009743
CASE_003038,CUST_01809,regular,1,unknown_failure,7447.61,escalate,Case routed to manual review.,passed,0.4815867491049414,3586.6702885014524,25.0,3561.6702885014524
CASE_003039,CUST_01809,regular,1,limit_exceeded,46598.6,reminder,Action passed all guardrails.,passed,0.4427810684507482,20632.97789630904,5.0,20627.97789630904
CASE_003040,CUST_01810,high_value,1,temporary_bank_failure,97243.46,retry,High-value case permitted for controlled recovery.,passed,0.839494425595188,81635.34259558865,2.0,81633.34259558865
CASE_003041,CUST_01810,high_value,1,unknown_failure,79937.74,reminder,High-value case permitted for controlled recovery.,passed,0.6124808986979298,48960.33883508145,5.0,48955.33883508145
CASE_003042,CUST_01810,high_value,1,unknown_failure,26367.4,reminder,Action passed all guardrails.,passed,0.5479076212375785,14446.89941221973,5.0,14441.89941221973
CASE_003043,CUST_01810,high_value,1,unknown_failure,53472.21,reminder,High-value case permitted for controlled recovery.,passed,0.5962737500547919,31884.07518041734,5.0,31879.07518041734
CASE_003044,CUST_01811,regular,1,insufficient_funds,17294.62,reminder,Action passed all guardrails.,passed,0.6561894737123893,11348.547595855762,5.0,11343.547595855762
CASE_003045,CUST_01812,regular,1,unknown_failure,28967.46,reminder,Action passed all guardrails.,passed,0.5692422401518783,16489.50182190993,5.0,16484.50182190993
CASE_003046,CUST_01812,regular,1,unknown_failure,39315.97,reminder,Action passed all guardrails.,passed,0.5557324539148163,21849.1604861413,5.0,21844.1604861413
CASE_003047,CUST_01812,regular,1,temporary_bank_failure,24687.06,retry,Action passed all guardrails.,passed,0.7618086743706454,18806.816452708583,2.0,18804.816452708583
CASE_003048,CUST_01813,new,1,unknown_failure,7630.7,reminder,Action passed all guardrails.,passed,0.4590733966166955,3503.051367563018,5.0,3498.051367563018
CASE_003049,CUST_01813,new,1,unknown_failure,10038.0,reminder,Action passed all guardrails.,passed,0.4697532537068028,4715.383160708887,5.0,4710.383160708887
CASE_003050,CUST_01814,regular,1,timeout,1865.89,retry,Action passed all guardrails.,passed,0.6004301941504763,1120.336694963432,2.0,1118.336694963432
CASE_003051,CUST_01814,regular,1,insufficient_funds,18070.43,reminder,Action passed all guardrails.,passed,0.5256813518146326,9499.288070271692,5.0,9494.288070271692
CASE_003052,CUST_01814,regular,1,unknown_failure,40313.39,escalate,Case routed to manual review.,passed,0.4645911131001837,18729.242732941817,25.0,18704.242732941817
CASE_003053,CUST_01814,regular,1,expired_instrument,24405.5,escalate,Case routed to manual review.,passed,0.5163497397882948,12601.773574403229,25.0,12576.773574403229
CASE_003054,CUST_01815,regular,0,timeout,9104.58,retry,Action passed all guardrails.,passed,0.8045957009046786,7325.505926542718,2.0,7323.505926542718
CASE_003055,CUST_01816,regular,1,unknown_failure,10947.15,reminder,Action passed all guardrails.,passed,0.517324863258738,5663.232876822895,5.0,5658.232876822895
CASE_003056,CUST_01818,high_value,1,unknown_failure,62518.05,reminder,High-value case permitted for controlled recovery.,passed,0.5286719115422269,33051.53699939252,5.0,33046.53699939252
CASE_003057,CUST_01819,regular,1,blocked_instrument,13098.42,reminder,Action passed all guardrails.,passed,0.445799706797593,5839.271795511729,5.0,5834.271795511729
CASE_003058,CUST_01819,regular,1,unknown_failure,34441.68,reminder,Action passed all guardrails.,passed,0.5377711045971096,18521.74029778018,5.0,18516.74029778018
CASE_003059,CUST_01820,regular,1,expired_instrument,37303.86,reminder,Action passed all guardrails.,passed,0.524411958447664,19562.590280257475,5.0,19557.590280257475
CASE_003060,CUST_01821,regular,0,unknown_failure,38783.1,escalate,Case routed to manual review.,passed,0.4617633948244655,17908.61591781673,25.0,17883.61591781673
CASE_003061,CUST_01822,regular,1,expired_instrument,38749.75,reminder,Action passed all guardrails.,passed,0.512894289879733,19874.525509267183,5.0,19869.525509267183
CASE_003062,CUST_01822,regular,1,unknown_failure,27170.73,reminder,Action passed all guardrails.,passed,0.5181101910945438,14077.432112478256,5.0,14072.432112478256
CASE_003063,CUST_01822,regular,1,insufficient_funds,14464.53,reminder,Action passed all guardrails.,passed,0.6147266550181685,8891.73214330995,5.0,8886.73214330995
CASE_003064,CUST_01823,high_value,1,insufficient_funds,36948.16,reminder,Action passed all guardrails.,passed,0.5588235018122528,20647.50015671941,5.0,20642.50015671941
CASE_003065,CUST_01825,high_value,1,unknown_failure,59264.87,reminder,High-value case permitted for controlled recovery.,passed,0.4913717063662982,29121.08029947684,5.0,29116.08029947684
CASE_003066,CUST_01825,high_value,1,unknown_failure,86729.59,reminder,High-value case permitted for controlled recovery.,passed,0.4633143332857484,40183.06216699631,5.0,40178.06216699631
CASE_003067,CUST_01827,new,1,insufficient_funds,7789.56,reminder,Action passed all guardrails.,passed,0.607766530319774,4734.233853917699,5.0,4729.233853917699
CASE_003068,CUST_01827,new,1,unknown_failure,7923.98,reminder,Action passed all guardrails.,passed,0.4795417154641875,3799.8789625039126,5.0,3794.8789625039126
CASE_003069,CUST_01828,new,1,unknown_failure,16290.23,reminder,Action passed all guardrails.,passed,0.5782093680106892,9419.16359304877,5.0,9414.16359304877
CASE_003070,CUST_01828,new,1,unknown_failure,18783.29,reminder,Action passed all guardrails.,passed,0.5944737192626165,11166.172266288311,5.0,11161.172266288311
CASE_003071,CUST_01829,regular,1,unknown_failure,20308.38,escalate,Case routed to manual review.,passed,0.5017444846453731,10189.617657082405,25.0,10164.617657082405
CASE_003072,CUST_01830,regular,1,insufficient_funds,29546.54,reminder,Action passed all guardrails.,passed,0.587517552739492,17359.11087271951,5.0,17354.11087271951
CASE_003073,CUST_01831,new,1,timeout,1104.61,retry,Action passed all guardrails.,passed,0.746777217189028,824.8975818791722,2.0,822.8975818791722
CASE_003074,CUST_01832,regular,1,insufficient_funds,31212.11,reminder,Action passed all guardrails.,passed,0.5624790084493989,17556.156684413567,5.0,17551.156684413567
CASE_003075,CUST_01833,regular,1,risk_decline,45930.33,escalate,Case routed to manual review.,passed,0.1524170047028148,7000.56332361184,25.0,6975.56332361184
CASE_003076,CUST_01833,regular,1,insufficient_funds,25754.9,reminder,Action passed all guardrails.,passed,0.5322932684995229,13709.15990087836,5.0,13704.15990087836
CASE_003077,CUST_01833,regular,1,unknown_failure,31269.26,reminder,Action passed all guardrails.,passed,0.4934529404529343,15429.908292787322,5.0,15424.908292787322
CASE_003078,CUST_01834,new,1,unknown_failure,8314.61,reminder,Action passed all guardrails.,passed,0.4442174442807252,3693.494804390961,5.0,3688.494804390961
CASE_003079,CUST_01835,new,1,unknown_failure,9284.51,reminder,Action passed all guardrails.,passed,0.4301421555885098,3993.6591449830753,5.0,3988.6591449830753
CASE_003080,CUST_01835,new,1,unknown_failure,9607.14,reminder,Action passed all guardrails.,passed,0.4310458881616374,4141.118193993194,5.0,4136.118193993194
CASE_003081,CUST_01835,new,1,unknown_failure,10215.5,reminder,Action passed all guardrails.,passed,0.4354940776233977,4448.789749961819,5.0,4443.789749961819
CASE_003082,CUST_01836,regular,1,risk_decline,45474.8,reminder,Action passed all guardrails.,passed,0.22355316896422,10166.035648014113,5.0,10161.035648014113
CASE_003083,CUST_01838,regular,1,limit_exceeded,5996.67,reminder,Action passed all guardrails.,passed,0.4685848200233158,2809.9485326892177,5.0,2804.9485326892177
CASE_003084,CUST_01838,regular,1,unknown_failure,17407.68,reminder,Action passed all guardrails.,passed,0.5399562723064387,9399.386002303349,5.0,9394.386002303349
CASE_003085,CUST_01839,regular,1,temporary_bank_failure,40232.45,retry,Action passed all guardrails.,passed,0.809706070812912,32576.45900867694,2.0,32574.45900867694
CASE_003086,CUST_01839,regular,1,unknown_failure,6975.37,reminder,Action passed all guardrails.,passed,0.5405364797765031,3770.4419449386255,5.0,3765.4419449386255
CASE_003087,CUST_01840,regular,1,temporary_bank_failure,41325.99,retry,Action passed all guardrails.,passed,0.8000954667561201,33064.73725820875,2.0,33062.73725820875
CASE_003088,CUST_01840,regular,1,timeout,5895.64,retry,Action passed all guardrails.,passed,0.8147595335375822,4803.528896305512,2.0,4801.528896305512
CASE_003089,CUST_01841,regular,0,unknown_failure,8981.03,escalate,Case routed to manual review.,passed,0.4670032604120178,4194.170291858145,25.0,4169.170291858145
CASE_003090,CUST_01841,regular,0,unknown_failure,32261.94,retry,Action passed all guardrails.,passed,0.4665267954981031,15051.059484752072,2.0,15049.059484752072
CASE_003091,CUST_01842,regular,1,authentication_failed,3932.96,reminder,Action passed all guardrails.,passed,0.5298787183364411,2083.9918040684893,5.0,2078.9918040684893
CASE_003092,CUST_01842,regular,1,unknown_failure,41386.5,escalate,Case routed to manual review.,passed,0.5448118658964463,22547.856287923278,25.0,22522.856287923278
CASE_003093,CUST_01842,regular,1,insufficient_funds,5413.74,reminder,Action passed all guardrails.,passed,0.5980302253664032,3237.5801522751112,5.0,3232.5801522751112
CASE_003094,CUST_01842,regular,1,unknown_failure,45479.2,escalate,Case routed to manual review.,passed,0.551565705571253,25084.767036816127,25.0,25059.767036816127
CASE_003095,CUST_01843,regular,1,unknown_failure,26933.35,reminder,Action passed all guardrails.,passed,0.5466667054707848,14723.56571179156,5.0,14718.56571179156
CASE_003096,CUST_01843,regular,1,unknown_failure,29044.77,reminder,Action passed all guardrails.,passed,0.5370678011082258,15599.010757594164,5.0,15594.010757594164
CASE_003097,CUST_01846,regular,1,insufficient_funds,20721.13,reminder,Action passed all guardrails.,passed,0.5859992490287103,12142.56661902628,5.0,12137.56661902628
CASE_003098,CUST_01847,high_value,1,unknown_failure,19836.67,reminder,Action passed all guardrails.,passed,0.5617389408578444,11143.029995946576,5.0,11138.029995946576
CASE_003099,CUST_01848,regular,1,risk_decline,49986.52,reminder,Action passed all guardrails.,passed,0.1451998996080862,7258.037685757593,5.0,7253.037685757593
CASE_003100,CUST_01849,high_value,1,unknown_failure,92980.03,reminder,High-value case permitted for controlled recovery.,passed,0.4760176235311844,44260.13291645824,5.0,44255.13291645824
CASE_003101,CUST_01849,high_value,1,unknown_failure,55017.07,reminder,High-value case permitted for controlled recovery.,passed,0.4900950538768868,26963.59388579845,5.0,26958.59388579845
CASE_003102,CUST_01852,regular,1,limit_exceeded,47605.63,reminder,Action passed all guardrails.,passed,0.5279202115237219,25131.974259320043,5.0,25126.974259320043
CASE_003103,CUST_01852,regular,1,unknown_failure,24836.99,reminder,Action passed all guardrails.,passed,0.5825009858687599,14467.57116101253,5.0,14462.57116101253
CASE_003104,CUST_01853,high_value,0,timeout,136466.67,escalate,Case routed to manual review.,passed,0.6846588525017462,93433.11368693448,25.0,93408.11368693448
CASE_003105,CUST_01854,new,1,expired_instrument,2590.26,reminder,Action passed all guardrails.,passed,0.4130389905489798,1069.8783756594005,5.0,1064.8783756594005
CASE_003106,CUST_01855,regular,1,unknown_failure,19181.54,reminder,Action passed all guardrails.,passed,0.4930832964805437,9458.096974773409,5.0,9453.096974773409
CASE_003107,CUST_01855,regular,1,unknown_failure,15806.69,reminder,Action passed all guardrails.,passed,0.5041201075656486,7968.470263056863,5.0,7963.470263056863
CASE_003108,CUST_01855,regular,1,limit_exceeded,39665.96,reminder,Action passed all guardrails.,passed,0.4512285825292881,17898.414905463444,5.0,17893.414905463444
CASE_003109,CUST_01855,regular,1,unknown_failure,43766.07,escalate,Case routed to manual review.,passed,0.4667920546238336,20429.653738110526,25.0,20404.653738110526
CASE_003110,CUST_01857,regular,1,unknown_failure,2496.45,reminder,Action passed all guardrails.,passed,0.4498049673888651,1122.9156108379325,5.0,1117.9156108379325
CASE_003111,CUST_01857,regular,1,unknown_failure,24225.48,reminder,Action passed all guardrails.,passed,0.5196877386241846,12589.684918285411,5.0,12584.684918285411
CASE_003112,CUST_01857,regular,1,unknown_failure,5031.96,reminder,Action passed all guardrails.,passed,0.4937395876355614,2484.47785539864,5.0,2479.47785539864
CASE_003113,CUST_01857,regular,1,insufficient_funds,49276.85,reminder,Action passed all guardrails.,passed,0.60575525591368,29849.71088237002,5.0,29844.71088237002
CASE_003114,CUST_01859,regular,1,temporary_bank_failure,12651.32,retry,Action passed all guardrails.,passed,0.809221868700483,10237.724811927794,2.0,10235.724811927794
CASE_003115,CUST_01859,regular,1,limit_exceeded,35093.22,reminder,Action passed all guardrails.,passed,0.5880473509085862,20636.475055852214,5.0,20631.475055852214
CASE_003116,CUST_01860,regular,1,temporary_bank_failure,41356.67,retry,Action passed all guardrails.,passed,0.7889907483188223,32630.03001127459,2.0,32628.03001127459
CASE_003117,CUST_01860,regular,1,expired_instrument,7355.82,reminder,Action passed all guardrails.,passed,0.5600833854114391,4119.872568077171,5.0,4114.872568077171
CASE_003118,CUST_01861,regular,0,unknown_failure,1682.87,escalate,Case routed to manual review.,passed,0.4190573382494293,705.219022819817,25.0,680.219022819817
CASE_003119,CUST_01861,regular,0,unknown_failure,17115.16,escalate,Case routed to manual review.,passed,0.4892544467808319,8373.668137365423,25.0,8348.668137365423
CASE_003120,CUST_01861,regular,0,authentication_failed,37351.23,escalate,Case routed to manual review.,passed,0.4557819890466132,17024.01790273753,25.0,16999.01790273753
CASE_003121,CUST_01863,regular,1,limit_exceeded,2452.47,reminder,Action passed all guardrails.,passed,0.4902283822781567,1202.270400685711,5.0,1197.270400685711
CASE_003122,CUST_01863,regular,1,unknown_failure,22228.84,reminder,Action passed all guardrails.,passed,0.5304471250352076,11791.224270867626,5.0,11786.224270867626
CASE_003123,CUST_01864,regular,1,temporary_bank_failure,60307.0,retry,High-value case permitted for controlled recovery.,passed,0.8037069824807749,48469.15699246809,2.0,48467.15699246809
CASE_003124,CUST_01864,regular,1,unknown_failure,6992.12,reminder,Action passed all guardrails.,passed,0.5761574902913118,4028.562311015687,5.0,4023.562311015687
CASE_003125,CUST_01865,high_value,1,unknown_failure,39145.22,reminder,Action passed all guardrails.,passed,0.5241015603239725,20516.070881225176,5.0,20511.070881225176
CASE_003126,CUST_01865,high_value,1,limit_exceeded,9708.98,reminder,Action passed all guardrails.,passed,0.4630686889305226,4495.924639452665,5.0,4490.924639452665
CASE_003127,CUST_01866,regular,1,blocked_instrument,2299.91,reminder,Action passed all guardrails.,passed,0.46656498889311,1073.0574836051526,5.0,1068.0574836051526
CASE_003128,CUST_01866,regular,1,unknown_failure,45682.97,escalate,Case routed to manual review.,passed,0.5132136170565486,23445.122271585795,25.0,23420.122271585795
CASE_003129,CUST_01866,regular,1,unknown_failure,20691.86,reminder,Action passed all guardrails.,passed,0.5094944233844079,10542.387279450892,5.0,10537.387279450892
CASE_003130,CUST_01867,high_value,1,risk_decline,7087.27,reminder,Action passed all guardrails.,passed,0.3547384083574778,2514.126879399701,5.0,2509.126879399701
CASE_003131,CUST_01867,high_value,1,limit_exceeded,24641.71,reminder,Action passed all guardrails.,passed,0.5006687255208606,12337.333540354646,5.0,12332.333540354646
CASE_003132,CUST_01867,high_value,1,unknown_failure,12337.15,reminder,Action passed all guardrails.,passed,0.4763982924591118,5877.397193811932,5.0,5872.397193811932
CASE_003133,CUST_01870,regular,1,unknown_failure,37277.92,reminder,Action passed all guardrails.,passed,0.5518093019400636,20570.303012977536,5.0,20565.303012977536
CASE_003134,CUST_01870,regular,1,unknown_failure,34474.01,reminder,Action passed all guardrails.,passed,0.5570521752742608,19203.82226092662,5.0,19198.82226092662
CASE_003135,CUST_01871,high_value,0,unknown_failure,5768.58,retry,Action passed all guardrails.,passed,0.3832730243785381,2210.9411029695475,2.0,2208.9411029695475
CASE_003136,CUST_01871,high_value,0,unknown_failure,34755.02,escalate,Case routed to manual review.,passed,0.5402482183984834,18776.33763540365,25.0,18751.33763540365
CASE_003137,CUST_01872,regular,1,temporary_bank_failure,1178.77,retry,Action passed all guardrails.,passed,0.7985527394804569,941.3100127173782,2.0,939.3100127173782
CASE_003138,CUST_01872,regular,1,unknown_failure,40436.59,reminder,Action passed all guardrails.,passed,0.5547245311458229,22431.168428885867,5.0,22426.168428885867
CASE_003139,CUST_01873,regular,1,unknown_failure,31834.57,reminder,Action passed all guardrails.,passed,0.5040197188400636,16045.251020794323,5.0,16040.251020794323
CASE_003140,CUST_01874,regular,1,unknown_failure,1417.55,reminder,Action passed all guardrails.,passed,0.5050909652443717,715.9916977821591,5.0,710.9916977821591
CASE_003141,CUST_01875,high_value,1,authentication_failed,11359.98,reminder,Action passed all guardrails.,passed,0.5648128796778202,6416.263016882444,5.0,6411.263016882444
CASE_003142,CUST_01876,new,1,timeout,4378.52,retry,Action passed all guardrails.,passed,0.6619109175906448,2898.1901908889904,2.0,2896.1901908889904
CASE_003143,CUST_01878,regular,0,limit_exceeded,22706.53,escalate,Case routed to manual review.,passed,0.3290042322513825,7470.544469742983,25.0,7445.544469742983
CASE_003144,CUST_01878,regular,0,authentication_failed,30731.16,escalate,Case routed to manual review.,passed,0.549078691627828,16873.82512500544,25.0,16848.82512500544
CASE_003145,CUST_01878,regular,0,timeout,9768.33,retry,Action passed all guardrails.,passed,0.8039997827950713,7853.7351982705795,2.0,7851.7351982705795
CASE_003146,CUST_01878,regular,0,temporary_bank_failure,1773.57,escalate,Case routed to manual review.,passed,0.7509563523581341,1331.8736578518158,25.0,1306.8736578518158
CASE_003147,CUST_01879,new,1,timeout,16530.09,retry,Action passed all guardrails.,passed,0.5675455781008748,9381.579485109489,2.0,9379.579485109489
CASE_003148,CUST_01879,new,1,timeout,10251.97,retry,Action passed all guardrails.,passed,0.6063898515699744,6216.69056659983,2.0,6214.69056659983
CASE_003149,CUST_01880,regular,1,unknown_failure,24450.88,escalate,Case routed to manual review.,passed,0.5141143691186809,12570.548745596574,25.0,12545.548745596574
CASE_003150,CUST_01881,regular,1,temporary_bank_failure,29659.09,retry,Action passed all guardrails.,passed,0.8364951939758851,24809.686242698237,2.0,24807.686242698237
CASE_003151,CUST_01882,regular,1,unknown_failure,18408.05,reminder,Action passed all guardrails.,passed,0.5159365303145917,9497.38544685752,5.0,9492.38544685752
CASE_003152,CUST_01883,new,1,temporary_bank_failure,3729.44,retry,Action passed all guardrails.,passed,0.7372438860607309,2749.506838430332,2.0,2747.506838430332
CASE_003153,CUST_01883,new,1,unknown_failure,8199.05,reminder,Action passed all guardrails.,passed,0.47866075215855,3924.56343998556,5.0,3919.56343998556
CASE_003154,CUST_01883,new,1,blocked_instrument,24710.41,reminder,Action passed all guardrails.,passed,0.3876912850916058,9580.010608040468,5.0,9575.010608040468
CASE_003155,CUST_01884,regular,0,unknown_failure,46809.94,escalate,Case routed to manual review.,passed,0.4765987853860799,22309.56054799528,25.0,22284.56054799528
CASE_003156,CUST_01885,regular,1,insufficient_funds,51557.77,reminder,High-value case permitted for controlled recovery.,passed,0.5767709828618002,29737.025677062637,5.0,29732.025677062637
CASE_003157,CUST_01885,regular,1,unknown_failure,32260.48,reminder,Action passed all guardrails.,passed,0.4690372769986053,15131.36769386797,5.0,15126.36769386797
CASE_003158,CUST_01887,regular,1,unknown_failure,48425.28,escalate,Case routed to manual review.,passed,0.4653141229841734,22532.966693463037,25.0,22507.966693463037
CASE_003159,CUST_01887,regular,1,unknown_failure,11339.27,reminder,Action passed all guardrails.,passed,0.5366627854168448,6085.364222793665,5.0,6080.364222793665
CASE_003160,CUST_01888,regular,1,temporary_bank_failure,74293.32,retry,High-value case permitted for controlled recovery.,passed,0.7893806456369716,58645.70890811415,2.0,58643.70890811415
CASE_003161,CUST_01890,regular,1,insufficient_funds,9037.22,reminder,Action passed all guardrails.,passed,0.6547475705744561,5917.097839746885,5.0,5912.097839746885
CASE_003162,CUST_01891,regular,1,unknown_failure,17005.48,escalate,Case routed to manual review.,passed,0.5102729868495373,8677.437072410068,25.0,8652.437072410068
CASE_003163,CUST_01892,regular,1,insufficient_funds,22533.96,reminder,Action passed all guardrails.,passed,0.6296746033185159,14189.062324195304,5.0,14184.062324195304
CASE_003164,CUST_01893,regular,1,unknown_failure,3913.89,reminder,Action passed all guardrails.,passed,0.5326283453769576,2084.6487546874205,5.0,2079.6487546874205
CASE_003165,CUST_01893,regular,1,authentication_failed,6527.08,reminder,Action passed all guardrails.,passed,0.6170619163860555,4027.612493205095,5.0,4022.612493205095
CASE_003166,CUST_01894,regular,1,authentication_failed,60762.46,reminder,High-value case permitted for controlled recovery.,passed,0.5663826235067918,34414.8015055265,5.0,34409.8015055265
CASE_003167,CUST_01894,regular,1,unknown_failure,43948.45,reminder,Action passed all guardrails.,passed,0.5665963613077463,24901.03185511542,5.0,24896.03185511542
CASE_003168,CUST_01895,high_value,0,unknown_failure,96422.39,escalate,Case routed to manual review.,passed,0.5432852716720685,52384.86434642015,25.0,52359.86434642015
CASE_003169,CUST_01896,regular,1,expired_instrument,2262.6,reminder,Action passed all guardrails.,passed,0.4595846675247123,1039.8562687414142,5.0,1034.8562687414142
CASE_003170,CUST_01897,regular,1,unknown_failure,23057.01,reminder,Action passed all guardrails.,passed,0.5039763540421723,11620.187834913908,5.0,11615.187834913908
CASE_003171,CUST_01898,regular,1,timeout,7656.97,retry,Action passed all guardrails.,passed,0.702869225998432,5381.848577393214,2.0,5379.848577393214
CASE_003172,CUST_01898,regular,1,timeout,42529.48,retry,Action passed all guardrails.,passed,0.6582422190666606,27994.69929095116,2.0,27992.69929095116
CASE_003173,CUST_01899,high_value,1,insufficient_funds,144684.83,reminder,High-value case permitted for controlled recovery.,passed,0.6753230172400806,97708.99594446812,5.0,97703.99594446812
CASE_003174,CUST_01900,regular,1,unknown_failure,15037.79,reminder,Action passed all guardrails.,passed,0.5112843936215165,7688.587341557704,5.0,7683.587341557704
CASE_003175,CUST_01901,regular,1,risk_decline,5775.87,reminder,Action passed all guardrails.,passed,0.3039966203752099,1755.8449597265635,5.0,1750.8449597265635
CASE_003176,CUST_01901,regular,1,unknown_failure,48916.81,reminder,Action passed all guardrails.,passed,0.4610296025517066,22552.097472397345,5.0,22547.097472397345
CASE_003177,CUST_01902,regular,1,expired_instrument,25309.24,reminder,Action passed all guardrails.,passed,0.4852120450964667,12280.3481002373,5.0,12275.3481002373
CASE_003178,CUST_01902,regular,1,limit_exceeded,25305.57,reminder,Action passed all guardrails.,passed,0.4862184615882371,12304.035315013443,5.0,12299.035315013443
CASE_003179,CUST_01902,regular,1,unknown_failure,34841.44,escalate,Case routed to manual review.,passed,0.4753332593594878,16561.295235978032,25.0,16536.295235978032
CASE_003180,CUST_01903,regular,1,temporary_bank_failure,3702.41,retry,Action passed all guardrails.,passed,0.8184789452839838,3030.3446318088745,2.0,3028.3446318088745
CASE_003181,CUST_01903,regular,1,unknown_failure,20708.65,reminder,Action passed all guardrails.,passed,0.5340396278919131,11059.239740143868,5.0,11054.239740143868
CASE_003182,CUST_01903,regular,1,unknown_failure,27527.4,reminder,Action passed all guardrails.,passed,0.49551888907055,13640.34666700066,5.0,13635.34666700066
CASE_003183,CUST_01903,regular,1,timeout,26334.52,retry,Action passed all guardrails.,passed,0.693132742362722,18253.31806640595,2.0,18251.31806640595
CASE_003184,CUST_01904,high_value,1,risk_decline,24514.9,reminder,Action passed all guardrails.,passed,0.3832267829131657,9394.766260437966,5.0,9389.766260437966
CASE_003185,CUST_01905,new,1,blocked_instrument,16112.29,escalate,Case routed to manual review.,passed,0.398476969445745,6420.376490030984,25.0,6395.376490030984
CASE_003186,CUST_01905,new,1,temporary_bank_failure,8041.97,retry,Action passed all guardrails.,passed,0.7835709330015947,6301.453936070835,2.0,6299.453936070835
CASE_003187,CUST_01906,regular,1,unknown_failure,35631.71,reminder,Action passed all guardrails.,passed,0.4744557047646942,16905.6680800212,5.0,16900.6680800212
CASE_003188,CUST_01906,regular,1,unknown_failure,32967.83,reminder,Action passed all guardrails.,passed,0.4728228437107158,15587.94313157145,5.0,15582.94313157145
CASE_003189,CUST_01909,regular,0,temporary_bank_failure,3490.93,retry,Action passed all guardrails.,passed,0.8317337688390066,2903.5243656531534,2.0,2901.5243656531534
CASE_003190,CUST_01910,regular,1,unknown_failure,49675.65,escalate,Case routed to manual review.,passed,0.5289103012126833,26273.963004435835,25.0,26248.963004435835
CASE_003191,CUST_01910,regular,1,unknown_failure,2990.93,reminder,Action passed all guardrails.,passed,0.4956557117024704,1482.4715378022695,5.0,1477.4715378022695
CASE_003192,CUST_01911,regular,1,temporary_bank_failure,26552.49,retry,Action passed all guardrails.,passed,0.8024916079748999,21308.15039583745,2.0,21306.15039583745
CASE_003193,CUST_01911,regular,1,unknown_failure,21152.07,reminder,Action passed all guardrails.,passed,0.5050297895078122,10682.42545975451,5.0,10677.42545975451
CASE_003194,CUST_01911,regular,1,unknown_failure,21597.7,reminder,Action passed all guardrails.,passed,0.504172767872474,10888.972188679332,5.0,10883.972188679332
CASE_003195,CUST_01912,new,1,unknown_failure,11291.62,reminder,Action passed all guardrails.,passed,0.4808579033767946,5429.664718927482,5.0,5424.664718927482
CASE_003196,CUST_01912,new,1,unknown_failure,11316.88,reminder,Action passed all guardrails.,passed,0.4790954908094285,5421.866178031404,5.0,5416.866178031404
CASE_003197,CUST_01912,new,1,insufficient_funds,5807.82,reminder,Action passed all guardrails.,passed,0.5829994621074595,3385.955936016945,5.0,3380.955936016945
CASE_003198,CUST_01913,new,1,authentication_failed,6628.3,reminder,Action passed all guardrails.,passed,0.4957554527650633,3286.015867562669,5.0,3281.015867562669
CASE_003199,CUST_01913,new,1,temporary_bank_failure,9650.36,retry,Action passed all guardrails.,passed,0.7761079420672388,7489.721039807999,2.0,7487.721039807999
CASE_003200,CUST_01914,regular,1,unknown_failure,4619.3,reminder,Action passed all guardrails.,passed,0.4703287906991396,2172.5897828765355,5.0,2167.5897828765355
CASE_003201,CUST_01914,regular,1,unknown_failure,34380.75,escalate,Case routed to manual review.,passed,0.5051658198470501,17367.97976070647,25.0,17342.97976070647
CASE_003202,CUST_01914,regular,1,expired_instrument,19772.15,reminder,Action passed all guardrails.,passed,0.5414753824853636,10706.132483807984,5.0,10701.132483807984
CASE_003203,CUST_01915,new,1,unknown_failure,3172.25,reminder,Action passed all guardrails.,passed,0.4016450685393659,1274.1185686740034,5.0,1269.1185686740034
CASE_003204,CUST_01916,high_value,1,insufficient_funds,10314.69,reminder,Action passed all guardrails.,passed,0.6587109089856023,6794.398825804702,5.0,6789.398825804702
CASE_003205,CUST_01918,regular,1,unknown_failure,20564.29,escalate,Case routed to manual review.,passed,0.5109071076411332,10506.44192459348,25.0,10481.44192459348
CASE_003206,CUST_01919,regular,1,authentication_failed,16594.63,reminder,Action passed all guardrails.,passed,0.5957131861815209,9885.639910803451,5.0,9880.639910803451
CASE_003207,CUST_01920,high_value,1,insufficient_funds,15463.89,reminder,Action passed all guardrails.,passed,0.6653305182901896,10288.59794848248,5.0,10283.59794848248
CASE_003208,CUST_01921,new,1,insufficient_funds,5646.24,reminder,Action passed all guardrails.,passed,0.5271399704086314,2976.3587865200307,5.0,2971.3587865200307
CASE_003209,CUST_01923,regular,1,unknown_failure,9117.96,reminder,Action passed all guardrails.,passed,0.4824473110376056,4398.935284148446,5.0,4393.935284148446
CASE_003210,CUST_01928,regular,1,authentication_failed,24348.64,reminder,Action passed all guardrails.,passed,0.589951327196043,14364.51248341866,5.0,14359.51248341866
CASE_003211,CUST_01929,regular,1,timeout,18087.16,retry,Action passed all guardrails.,passed,0.734538869893981,13285.722065991617,2.0,13283.722065991617
CASE_003212,CUST_01929,regular,1,unknown_failure,39835.11,escalate,Case routed to manual review.,passed,0.5072003537742032,20204.381884634306,25.0,20179.381884634306
CASE_003213,CUST_01931,regular,1,unknown_failure,36605.22,reminder,Action passed all guardrails.,passed,0.4179394805960044,15298.766633902474,5.0,15293.766633902474
CASE_003214,CUST_01933,high_value,1,temporary_bank_failure,126124.13,retry,High-value case permitted for controlled recovery.,passed,0.8512959680320358,107368.96334054832,2.0,107366.96334054832
CASE_003215,CUST_01933,high_value,1,unknown_failure,5026.94,reminder,Action passed all guardrails.,passed,0.4540175869230989,2282.3191684072026,5.0,2277.3191684072026
CASE_003216,CUST_01935,regular,0,unknown_failure,40727.4,retry,Action passed all guardrails.,passed,0.4646401833213349,18923.586602201336,2.0,18921.586602201336
CASE_003217,CUST_01936,regular,1,blocked_instrument,2920.1,reminder,Action passed all guardrails.,passed,0.5554677895652688,1622.0214923095414,5.0,1617.0214923095414
CASE_003218,CUST_01937,regular,1,unknown_failure,15457.75,reminder,Action passed all guardrails.,passed,0.5607986112857202,8668.684733601842,5.0,8663.684733601842
CASE_003219,CUST_01937,regular,1,unknown_failure,30553.23,reminder,Action passed all guardrails.,passed,0.5681753066121792,17359.59082324243,5.0,17354.59082324243
CASE_003220,CUST_01938,regular,1,temporary_bank_failure,26679.17,retry,Action passed all guardrails.,passed,0.7298997417860154,19473.119294065207,2.0,19471.119294065207
CASE_003221,CUST_01939,high_value,1,temporary_bank_failure,23575.24,retry,Action passed all guardrails.,passed,0.8107230030293432,19112.98936993749,2.0,19110.98936993749
CASE_003222,CUST_01941,new,1,temporary_bank_failure,5133.23,retry,Action passed all guardrails.,passed,0.751176762725762,3855.9630937267625,2.0,3853.9630937267625
CASE_003223,CUST_01941,new,1,limit_exceeded,19446.79,reminder,Action passed all guardrails.,passed,0.4820476051321413,9374.278547007676,5.0,9369.278547007676
CASE_003224,CUST_01942,regular,1,unknown_failure,7181.27,reminder,Action passed all guardrails.,passed,0.562377855459919,4038.5872220786528,5.0,4033.5872220786528
CASE_003225,CUST_01942,regular,1,unknown_failure,49633.19,reminder,Action passed all guardrails.,passed,0.5588069110038318,27735.36958716628,5.0,27730.36958716628
CASE_003226,CUST_01943,regular,1,insufficient_funds,3959.79,reminder,Action passed all guardrails.,passed,0.5980945971979547,2368.329005038489,5.0,2363.329005038489
CASE_003227,CUST_01943,regular,1,unknown_failure,39813.54,escalate,Case routed to manual review.,passed,0.5472898544286712,21789.54651089008,25.0,21764.54651089008
CASE_003228,CUST_01944,regular,1,timeout,35868.54,retry,Action passed all guardrails.,passed,0.6304785610893013,22614.34548757405,2.0,22612.34548757405
CASE_003229,CUST_01944,regular,1,unknown_failure,4755.21,reminder,Action passed all guardrails.,passed,0.4593500701863002,2184.3060472505967,5.0,2179.3060472505967
CASE_003230,CUST_01944,regular,1,blocked_instrument,22359.87,reminder,Action passed all guardrails.,passed,0.5188266651027413,11600.896784230832,5.0,11595.896784230832
CASE_003231,CUST_01945,new,1,insufficient_funds,3465.15,reminder,Action passed all guardrails.,passed,0.5926619708290833,2053.6626282183984,5.0,2048.6626282183984
CASE_003232,CUST_01945,new,1,temporary_bank_failure,14673.08,retry,Action passed all guardrails.,passed,0.7635628283472463,11203.818465365412,2.0,11201.818465365412
CASE_003233,CUST_01945,new,1,temporary_bank_failure,9001.67,retry,Action passed all guardrails.,passed,0.7708843330540349,6939.246374322514,2.0,6937.246374322514
CASE_003234,CUST_01945,new,1,timeout,7113.61,retry,Action passed all guardrails.,passed,0.6940666020365254,4937.319120913047,2.0,4935.319120913047
CASE_003235,CUST_01946,regular,1,expired_instrument,4117.0,reminder,Action passed all guardrails.,passed,0.574548157207467,2365.4147632231416,5.0,2360.4147632231416
CASE_003236,CUST_01946,regular,1,unknown_failure,4607.4,reminder,Action passed all guardrails.,passed,0.5658037298357715,2606.8841048453337,5.0,2601.8841048453337
CASE_003237,CUST_01948,regular,1,timeout,2559.42,retry,Action passed all guardrails.,passed,0.6736405682836574,1724.1291432765584,2.0,1722.1291432765584
CASE_003238,CUST_01950,regular,1,unknown_failure,33390.13,reminder,Action passed all guardrails.,passed,0.5646306663095334,18853.09135006194,5.0,18848.09135006194
CASE_003239,CUST_01951,regular,1,expired_instrument,20075.65,reminder,Action passed all guardrails.,passed,0.520779368446687,10454.984328156734,5.0,10449.984328156734
CASE_003240,CUST_01952,regular,1,limit_exceeded,9684.98,reminder,Action passed all guardrails.,passed,0.4998046198364915,4840.597747024023,5.0,4835.597747024023
CASE_003241,CUST_01952,regular,1,insufficient_funds,13452.77,reminder,Action passed all guardrails.,passed,0.5968068304415305,8028.705024358908,5.0,8023.705024358908
CASE_003242,CUST_01954,new,0,temporary_bank_failure,7553.49,retry,Action passed all guardrails.,passed,0.7830943471240327,5915.09532005791,2.0,5913.09532005791
CASE_003243,CUST_01954,new,0,unknown_failure,8252.07,escalate,Case routed to manual review.,passed,0.4009273774375815,3308.480783531344,25.0,3283.480783531344
CASE_003244,CUST_01955,regular,1,unknown_failure,47743.43,reminder,Action passed all guardrails.,passed,0.4613346459278977,22025.69837443337,5.0,22020.69837443337
CASE_003245,CUST_01955,regular,1,timeout,20742.97,retry,Action passed all guardrails.,passed,0.7384764835240797,15318.19554344548,2.0,15316.19554344548
CASE_003246,CUST_01957,new,1,insufficient_funds,6387.2,reminder,Action passed all guardrails.,passed,0.4689760201484419,2995.443635892128,5.0,2990.443635892128
CASE_003247,CUST_01957,new,1,unknown_failure,17476.73,escalate,Case routed to manual review.,passed,0.448471995227107,7837.823973145439,25.0,7812.823973145439
CASE_003248,CUST_01958,regular,1,unknown_failure,33020.09,reminder,Action passed all guardrails.,passed,0.5321672060612751,17572.209039191846,5.0,17567.209039191846
CASE_003249,CUST_01958,regular,1,unknown_failure,16000.88,reminder,Action passed all guardrails.,passed,0.5698957065524338,9118.832813060706,5.0,9113.832813060706
CASE_003250,CUST_01959,regular,1,insufficient_funds,4516.94,reminder,Action passed all guardrails.,passed,0.6314881197346847,2852.393947554386,5.0,2847.393947554386
CASE_003251,CUST_01959,regular,1,timeout,43119.11,retry,Action passed all guardrails.,passed,0.742875480646756,32032.129566310345,2.0,32030.129566310345
CASE_003252,CUST_01961,regular,1,insufficient_funds,44571.64,escalate,Case routed to manual review.,passed,0.6287980664048517,28026.561048493146,25.0,28001.561048493146
CASE_003253,CUST_01962,regular,1,blocked_instrument,23657.19,escalate,Case routed to manual review.,passed,0.5868471924710192,13883.155533253472,25.0,13858.155533253472
CASE_003254,CUST_01963,regular,1,insufficient_funds,14728.97,reminder,Action passed all guardrails.,passed,0.5992515825871313,8826.35858237838,5.0,8821.35858237838
CASE_003255,CUST_01964,regular,1,unknown_failure,23691.59,reminder,Action passed all guardrails.,passed,0.525810238220388,12457.280581719762,5.0,12452.280581719762
CASE_003256,CUST_01964,regular,1,unknown_failure,5994.04,reminder,Action passed all guardrails.,passed,0.5025133989366317,3012.085413762128,5.0,3007.085413762128
CASE_003257,CUST_01964,regular,1,unknown_failure,33436.68,escalate,Case routed to manual review.,passed,0.5072890438520422,16962.061426786702,25.0,16937.061426786702
CASE_003258,CUST_01964,regular,1,timeout,27361.08,retry,Action passed all guardrails.,passed,0.6848464103959652,18738.13742255684,2.0,18736.13742255684
CASE_003259,CUST_01965,regular,0,unknown_failure,29493.56,escalate,Case routed to manual review.,passed,0.4809581573315005,14185.168270746051,25.0,14160.168270746051
CASE_003260,CUST_01965,regular,0,unknown_failure,14168.98,escalate,Case routed to manual review.,passed,0.5068665010796637,7181.781316467733,25.0,7156.781316467733
CASE_003261,CUST_01966,regular,1,temporary_bank_failure,11724.21,retry,Action passed all guardrails.,passed,0.8475186596836027,9936.486745049093,2.0,9934.486745049093
CASE_003262,CUST_01968,regular,0,unknown_failure,4017.74,escalate,Case routed to manual review.,passed,0.414240193377312,1664.3093945397616,25.0,1639.3093945397616
CASE_003263,CUST_01968,regular,0,authentication_failed,69529.51,escalate,Case routed to manual review.,passed,0.4372401566593182,30401.09384484563,25.0,30376.09384484563
CASE_003264,CUST_01969,regular,1,unknown_failure,1527.78,reminder,Action passed all guardrails.,passed,0.4748928497519012,725.5317979939597,5.0,720.5317979939597
CASE_003265,CUST_01969,regular,1,unknown_failure,25140.7,reminder,Action passed all guardrails.,passed,0.5021277581269123,12623.843328741266,5.0,12618.843328741266
CASE_003266,CUST_01971,regular,1,authentication_failed,39897.94,reminder,Action passed all guardrails.,passed,0.537422636909566,21442.056122059654,5.0,21437.056122059654
CASE_003267,CUST_01971,regular,1,timeout,45857.95,retry,Action passed all guardrails.,passed,0.6867541864142191,31493.13914287394,2.0,31491.13914287394
CASE_003268,CUST_01971,regular,1,unknown_failure,16970.0,reminder,Action passed all guardrails.,passed,0.5264023309108508,8933.047555557137,5.0,8928.047555557137
CASE_003269,CUST_01972,regular,0,risk_decline,4777.32,escalate,Case routed to manual review.,passed,0.1911790505454108,913.323501751602,25.0,888.3235017516021
CASE_003270,CUST_01972,regular,0,unknown_failure,10266.79,escalate,Case routed to manual review.,passed,0.5367649756721679,5510.853284581257,25.0,5485.853284581257
CASE_003271,CUST_01972,regular,0,authentication_failed,10542.29,escalate,Case routed to manual review.,passed,0.5405956977050961,5699.1166179594575,25.0,5674.1166179594575
CASE_003272,CUST_01973,new,1,temporary_bank_failure,3541.09,retry,Action passed all guardrails.,passed,0.8046028242756188,2849.171015014151,2.0,2847.171015014151
CASE_003273,CUST_01973,new,1,temporary_bank_failure,18746.39,retry,Action passed all guardrails.,passed,0.7549254673731969,14152.127232310224,2.0,14150.127232310224
CASE_003274,CUST_01973,new,1,insufficient_funds,3698.68,reminder,Action passed all guardrails.,passed,0.6530106888199728,2415.2775745246568,5.0,2410.2775745246568
CASE_003275,CUST_01973,new,1,temporary_bank_failure,5054.85,retry,Action passed all guardrails.,passed,0.7706783981635094,3895.663700956816,2.0,3893.663700956816
CASE_003276,CUST_01975,regular,1,risk_decline,16832.41,escalate,Case routed to manual review.,passed,0.1796178994839156,3023.4021274520574,25.0,2998.4021274520574
CASE_003277,CUST_01976,regular,1,unknown_failure,18757.54,reminder,Action passed all guardrails.,passed,0.5707255608273307,10705.40753624109,5.0,10700.40753624109
CASE_003278,CUST_01977,regular,1,unknown_failure,31927.22,reminder,Action passed all guardrails.,passed,0.504681520928299,16113.077948612408,5.0,16108.077948612408
CASE_003279,CUST_01978,regular,1,unknown_failure,23061.45,reminder,Action passed all guardrails.,passed,0.5000958565092358,11532.935590094918,5.0,11527.935590094918
CASE_003280,CUST_01979,regular,1,authentication_failed,47290.87,escalate,Case routed to manual review.,passed,0.4863272524666081,22998.838873855544,25.0,22973.838873855544
CASE_003281,CUST_01979,regular,1,timeout,2898.4,retry,Action passed all guardrails.,passed,0.6932750269412125,2009.3883380864104,2.0,2007.3883380864104
CASE_003282,CUST_01980,regular,1,limit_exceeded,26730.36,reminder,Action passed all guardrails.,passed,0.5012326795824161,13398.129969002634,5.0,13393.129969002634
CASE_003283,CUST_01981,regular,1,unknown_failure,35819.81,escalate,Case routed to manual review.,passed,0.5326357459612279,19078.91121953945,25.0,19053.91121953945
CASE_003284,CUST_01982,high_value,1,temporary_bank_failure,17128.3,retry,Action passed all guardrails.,passed,0.8780292191355206,15039.147874118937,2.0,15037.147874118937
CASE_003285,CUST_01985,regular,1,expired_instrument,29989.22,reminder,Action passed all guardrails.,passed,0.5330054275386373,15984.417027650254,5.0,15979.417027650254
CASE_003286,CUST_01985,regular,1,risk_decline,24135.79,reminder,Action passed all guardrails.,passed,0.2330369000158911,5624.529681034546,5.0,5619.529681034546
CASE_003287,CUST_01986,regular,1,blocked_instrument,23547.05,escalate,Case routed to manual review.,passed,0.5875671504980963,13835.473071136195,25.0,13810.473071136195
CASE_003288,CUST_01986,regular,1,unknown_failure,6995.86,reminder,Action passed all guardrails.,passed,0.5119663858815567,3581.645160333348,5.0,3576.645160333348
CASE_003289,CUST_01987,regular,1,unknown_failure,1626.87,reminder,Action passed all guardrails.,passed,0.4975488998205551,809.4473786510665,5.0,804.4473786510665
CASE_003290,CUST_01988,regular,1,expired_instrument,14765.38,reminder,Action passed all guardrails.,passed,0.5805213142292928,8571.617802694915,5.0,8566.617802694915
CASE_003291,CUST_01988,regular,1,unknown_failure,20365.8,reminder,Action passed all guardrails.,passed,0.5938888991493274,12095.022542295372,5.0,12090.022542295372
CASE_003292,CUST_01989,regular,1,temporary_bank_failure,35487.64,retry,Action passed all guardrails.,passed,0.787605712404019,27950.26798373736,2.0,27948.26798373736
CASE_003293,CUST_01989,regular,1,insufficient_funds,6415.08,reminder,Action passed all guardrails.,passed,0.606621115279143,3891.522984204924,5.0,3886.522984204924
CASE_003294,CUST_01990,regular,1,temporary_bank_failure,48622.3,retry,Action passed all guardrails.,passed,0.8416484580788216,40922.88382324589,2.0,40920.88382324589
CASE_003295,CUST_01990,regular,1,unknown_failure,43331.22,escalate,Case routed to manual review.,passed,0.5329501375899066,23093.379660938517,25.0,23068.379660938517
CASE_003296,CUST_01991,regular,1,timeout,47209.86,retry,Action passed all guardrails.,passed,0.7474089100735518,35285.07000732497,2.0,35283.07000732497
CASE_003297,CUST_01991,regular,1,limit_exceeded,4679.48,reminder,Action passed all guardrails.,passed,0.5271147284940826,2466.622829693489,5.0,2461.622829693489
CASE_003298,CUST_01993,regular,1,insufficient_funds,50954.86,reminder,High-value case permitted for controlled recovery.,passed,0.5805214272997339,29580.38805505812,5.0,29575.38805505812
CASE_003299,CUST_01993,regular,1,unknown_failure,35850.84,escalate,Case routed to manual review.,passed,0.4705979965475499,16871.333478546763,25.0,16846.333478546763
CASE_003300,CUST_01993,regular,1,insufficient_funds,4444.08,reminder,Action passed all guardrails.,passed,0.6229777026413247,2768.5627487542583,5.0,2763.5627487542583
CASE_003301,CUST_01994,regular,1,timeout,2450.99,retry,Action passed all guardrails.,passed,0.6783626599173003,1662.6600958307035,2.0,1660.6600958307035
CASE_003302,CUST_01994,regular,1,insufficient_funds,3243.3,reminder,Action passed all guardrails.,passed,0.5514513094625056,1788.5220319797447,5.0,1783.5220319797447
CASE_003303,CUST_01994,regular,1,unknown_failure,34646.58,reminder,Action passed all guardrails.,passed,0.5452858037716884,18892.288223240103,5.0,18887.288223240103
CASE_003304,CUST_01994,regular,1,unknown_failure,4816.04,reminder,Action passed all guardrails.,passed,0.5122598296011809,2467.063829752471,5.0,2462.063829752471
CASE_003305,CUST_01995,high_value,1,insufficient_funds,14628.78,reminder,Action passed all guardrails.,passed,0.6563815933055741,9602.061924516716,5.0,9597.061924516716
CASE_003306,CUST_01995,high_value,1,unknown_failure,39669.13,reminder,Action passed all guardrails.,passed,0.5635020709345506,22353.63690717191,5.0,22348.63690717191
CASE_003307,CUST_01996,high_value,1,insufficient_funds,14705.03,reminder,Action passed all guardrails.,passed,0.6651850409642569,9781.565982930628,5.0,9776.565982930628
CASE_003308,CUST_01997,regular,1,timeout,8953.37,retry,Action passed all guardrails.,passed,0.7077573111651028,6336.8130770662965,2.0,6334.8130770662965
CASE_003309,CUST_01997,regular,1,unknown_failure,46707.27,escalate,Case routed to manual review.,passed,0.4818387755770172,22505.373787345143,25.0,22480.373787345143
CASE_003310,CUST_01998,high_value,1,unknown_failure,19376.84,reminder,Action passed all guardrails.,passed,0.5550892934040834,10755.87642400398,5.0,10750.87642400398
CASE_003311,CUST_01999,regular,1,unknown_failure,1212.33,reminder,Action passed all guardrails.,passed,0.5168859651448116,626.6363621240093,5.0,621.6363621240093
CASE_003312,CUST_01999,regular,1,insufficient_funds,8686.08,reminder,Action passed all guardrails.,passed,0.5601603025779054,4865.597201015892,5.0,4860.597201015892
