case_id,customer_id,event_ids,surfaces,event_types,recovery_amount,failure_categories,dedup_status,dedup_score,case_created_at
CASE_000001,CUST_01698,PAY_000755|CHK_000331,payment|checkout,payment_failed|checkout_abandoned,8478.68,limit_exceeded,matched,0.9949921961122878,2026-06-01 00:46:15.864262
CASE_000002,CUST_01132,PAY_004671|CHK_003385,payment|checkout,payment_failed|checkout_abandoned,13042.46,temporary_bank_failure,matched,0.994711930622495,2026-05-31 12:05:16.084614
CASE_000003,CUST_01561,PAY_001688|CHK_002305,payment|checkout,payment_failed|checkout_abandoned,17945.34,blocked_instrument,matched,0.9938358119712416,2026-08-01 18:12:15.928679
CASE_000004,CUST_00126,PAY_001544|CHK_003369,payment|checkout,payment_failed|checkout_abandoned,46945.17,timeout,matched,0.993808930183872,2026-06-07 07:40:15.918246
CASE_000005,CUST_00495,PAY_001042|CHK_001854,payment|checkout,payment_failed|checkout_abandoned,4216.94,expired_instrument,matched,0.9937316882752791,2026-08-08 18:51:15.884917
CASE_000006,CUST_00484,PAY_006384|CHK_002670,payment|checkout,payment_failed|checkout_abandoned,19108.54,temporary_bank_failure,matched,0.9931393697384636,2026-06-08 08:58:16.165448
CASE_000007,CUST_00758,PAY_001163|CHK_002601,payment|checkout,payment_failed|checkout_abandoned,26683.81,unknown_failure,matched,0.9930236209813283,2026-06-29 19:51:15.890862
CASE_000008,CUST_00825,PAY_005800|CHK_000635,payment|checkout,payment_failed|checkout_abandoned,54006.26,unknown_failure,matched,0.992904486031393,2026-08-25 05:46:16.133445
CASE_000009,CUST_00443,PAY_003426|CHK_000271,payment|checkout,payment_failed|checkout_abandoned,13415.5,insufficient_funds,matched,0.9927850123613232,2026-08-19 03:45:16.029538
CASE_000010,CUST_01786,PAY_004428|CHK_002795,payment|checkout,payment_failed|checkout_abandoned,7189.61,timeout,matched,0.9919413245873792,2026-06-24 00:54:16.073506
CASE_000011,CUST_00672,PAY_002734|CHK_000839,payment|checkout,payment_failed|checkout_abandoned,4174.91,timeout,matched,0.9917236319665175,2026-06-16 02:26:15.991170
CASE_000012,CUST_01554,PAY_006248|CHK_000014,payment|checkout,payment_failed|checkout_abandoned,48132.54,timeout,matched,0.99064490259604,2026-06-28 06:08:16.157551
CASE_000013,CUST_00385,PAY_000534|CHK_000535,payment|checkout,payment_failed|checkout_abandoned,16759.79,insufficient_funds,matched,0.9904398876716236,2026-06-30 21:16:15.850654
CASE_000014,CUST_00056,PAY_005058|CHK_001190,payment|checkout,payment_failed|checkout_abandoned,15019.46,expired_instrument,matched,0.9901877338540208,2026-06-15 03:00:16.101256
CASE_000015,CUST_01630,PAY_002857|CHK_000353,payment|checkout,payment_failed|checkout_abandoned,15404.32,insufficient_funds,matched,0.990097585900867,2026-06-29 18:06:16.000472
CASE_000016,CUST_00618,PAY_003682|CHK_001366,payment|checkout,payment_failed|checkout_abandoned,27718.35,unknown_failure,matched,0.9897360623317526,2026-06-19 20:14:16.040691
CASE_000017,CUST_00856,PAY_001886|CHK_001290,payment|checkout,payment_failed|checkout_abandoned,9395.95,unknown_failure,matched,0.9897055971514914,2026-08-11 22:41:15.942675
CASE_000018,CUST_01884,PAY_002345|CHK_003308,payment|checkout,payment_failed|checkout_abandoned,19908.85,unknown_failure,matched,0.9893069651045752,2026-06-09 16:38:15.967740
CASE_000019,CUST_01682,PAY_001713|CHK_000015,payment|checkout,payment_failed|checkout_abandoned,4684.36,insufficient_funds,matched,0.9888270400510066,2026-07-30 08:34:15.929677
CASE_000020,CUST_01943,PAY_003978|CHK_001488,payment|checkout,payment_failed|checkout_abandoned,31815.77,blocked_instrument,matched,0.9884587875411749,2026-07-30 05:06:16.054832
CASE_000021,CUST_00899,PAY_001409|CHK_001804,payment|checkout,payment_failed|checkout_abandoned,8465.23,timeout,matched,0.9879129611494444,2026-07-26 23:10:15.904164
CASE_000022,CUST_00257,PAY_003398|CHK_002215,payment|checkout,payment_failed|checkout_abandoned,13338.08,temporary_bank_failure,matched,0.9876376809855691,2026-06-23 22:52:16.028439
CASE_000023,CUST_00685,PAY_003542|CHK_000184,payment|checkout,payment_failed|checkout_abandoned,12992.05,timeout,matched,0.9874018395437552,2026-07-12 00:52:16.035151
CASE_000024,CUST_00721,PAY_004654|CHK_002516,payment|checkout,payment_failed|checkout_abandoned,6881.27,unknown_failure,matched,0.9869764722048239,2026-08-13 15:27:16.083515
CASE_000025,CUST_01775,PAY_005825|CHK_000861,payment|checkout,payment_failed|checkout_abandoned,17812.74,insufficient_funds,matched,0.9864440993730705,2026-08-24 05:59:16.134573
CASE_000026,CUST_00516,PAY_006624|CHK_002020,payment|checkout,payment_failed|checkout_abandoned,7586.59,authentication_failed,matched,0.9862815159526364,2026-08-20 10:17:16.176411
CASE_000027,CUST_01995,PAY_001406|CHK_003230,payment|checkout,payment_failed|checkout_abandoned,38704.19,unknown_failure,matched,0.986276699987492,2026-06-10 15:13:15.904164
CASE_000028,CUST_01525,PAY_001669|CHK_003382,payment|checkout,payment_failed|checkout_abandoned,49243.32,insufficient_funds,matched,0.9858769412785329,2026-06-06 13:08:15.926518
CASE_000029,CUST_01370,PAY_005897|CHK_001476,payment|checkout,payment_failed|checkout_abandoned,8920.39,insufficient_funds,matched,0.9857561954503484,2026-05-28 05:16:16.137864
CASE_000030,CUST_00748,PAY_004099|CHK_001865,payment|checkout,payment_failed|checkout_abandoned,37604.95,insufficient_funds,matched,0.9853170050308093,2026-06-15 20:10:16.059278
CASE_000031,CUST_01494,PAY_003181|CHK_000937,payment|checkout,payment_failed|checkout_abandoned,40773.77,temporary_bank_failure,matched,0.9851845651424106,2026-07-17 19:38:16.019313
CASE_000032,CUST_01955,PAY_006034|CHK_003018,payment|checkout,payment_failed|checkout_abandoned,14019.67,unknown_failure,matched,0.9849195661841145,2026-06-24 11:17:16.144429
CASE_000033,CUST_01446,PAY_004389|CHK_000327,payment|checkout,payment_failed|checkout_abandoned,13155.67,insufficient_funds,matched,0.9845488588655014,2026-07-23 16:58:16.072413
CASE_000034,CUST_00790,PAY_005292|CHK_003259,payment|checkout,payment_failed|checkout_abandoned,14162.24,blocked_instrument,matched,0.9841466133417689,2026-06-29 12:09:16.111146
CASE_000035,CUST_00935,PAY_005267|CHK_002108,payment|checkout,payment_failed|checkout_abandoned,35404.43,risk_decline,matched,0.9836536130899124,2026-06-10 11:38:16.110047
CASE_000036,CUST_00726,PAY_002121|CHK_000677,payment|checkout,payment_failed|checkout_abandoned,5234.47,insufficient_funds,matched,0.9835249238859585,2026-06-17 04:09:15.954997
CASE_000037,CUST_01616,PAY_002575|CHK_002232,payment|checkout,payment_failed|checkout_abandoned,41435.35,insufficient_funds,matched,0.9834090751549636,2026-07-08 21:59:15.983965
CASE_000038,CUST_01497,PAY_004487|CHK_000933,payment|checkout,payment_failed|checkout_abandoned,17857.47,authentication_failed,matched,0.9833027373605182,2026-07-08 13:28:16.076723
CASE_000039,CUST_00927,PAY_005442|CHK_002318,payment|checkout,payment_failed|checkout_abandoned,2795.31,insufficient_funds,matched,0.9832222275883533,2026-07-29 18:38:16.117856
CASE_000040,CUST_01973,PAY_002905|CHK_001913,payment|checkout,payment_failed|checkout_abandoned,16512.68,insufficient_funds,matched,0.9830814743578874,2026-06-01 00:01:16.004535
CASE_000041,CUST_00275,PAY_000634|CHK_003044,payment|checkout,payment_failed|checkout_abandoned,24066.75,timeout,matched,0.9829606337928193,2026-07-17 08:53:15.857176
CASE_000042,CUST_00665,PAY_006364|CHK_003105,payment|checkout,payment_failed|checkout_abandoned,33671.45,unknown_failure,matched,0.9829578974010459,2026-08-25 04:42:16.164348
CASE_000043,CUST_01604,PAY_000328|CHK_002490,payment|checkout,payment_failed|checkout_abandoned,12026.69,limit_exceeded,matched,0.9826083303515394,2026-07-10 09:58:15.810394
CASE_000044,CUST_01094,PAY_000960|CHK_000380,payment|checkout,payment_failed|checkout_abandoned,16785.24,limit_exceeded,matched,0.9823259403301154,2026-08-20 05:58:15.874564
CASE_000045,CUST_00124,PAY_002911|CHK_000795,payment|checkout,payment_failed|checkout_abandoned,14899.58,insufficient_funds,matched,0.9822091058942601,2026-06-04 01:33:16.004535
CASE_000046,CUST_01196,PAY_004979|CHK_001092,payment|checkout,payment_failed|checkout_abandoned,39690.25,temporary_bank_failure,matched,0.981957638280882,2026-06-19 09:21:16.097955
CASE_000047,CUST_01064,PAY_003943|CHK_000663,payment|checkout,payment_failed|checkout_abandoned,6902.33,timeout,matched,0.9819005812368995,2026-05-27 09:10:16.052224
CASE_000048,CUST_01297,PAY_002176|CHK_002546,payment|checkout,payment_failed|checkout_abandoned,18447.18,insufficient_funds,matched,0.9816829410601873,2026-07-25 15:10:15.956990
CASE_000049,CUST_00394,PAY_005746|CHK_001818,payment|checkout,payment_failed|checkout_abandoned,30067.05,temporary_bank_failure,matched,0.981274714901085,2026-06-11 15:42:16.130946
CASE_000050,CUST_01604,PAY_003133|CHK_001561,payment|checkout,payment_failed|checkout_abandoned,14220.9,insufficient_funds,matched,0.9810266755268655,2026-06-29 04:48:16.017114
CASE_000051,CUST_01044,PAY_003274|CHK_000552,payment|checkout,payment_failed|checkout_abandoned,16695.03,timeout,matched,0.9809550781480078,2026-07-26 05:35:16.022647
CASE_000052,CUST_00184,PAY_001777|CHK_001490,payment|checkout,payment_failed|checkout_abandoned,42955.24,unknown_failure,matched,0.9809169562963163,2026-07-17 01:14:15.934330
CASE_000053,CUST_01852,PAY_001264|CHK_001993,payment|checkout,payment_failed|checkout_abandoned,47520.88,insufficient_funds,matched,0.9809103128281014,2026-06-24 09:35:15.896933
CASE_000054,CUST_00435,PAY_006482|CHK_000005,payment|checkout,payment_failed|checkout_abandoned,5481.62,temporary_bank_failure,matched,0.9807282022062416,2026-08-18 12:17:16.169826
CASE_000055,CUST_00067,PAY_004616|CHK_000142,payment|checkout,payment_failed|checkout_abandoned,33687.49,insufficient_funds,matched,0.9806681517547184,2026-07-14 10:21:16.082425
CASE_000056,CUST_00009,PAY_003971|CHK_002394,payment|checkout,payment_failed|checkout_abandoned,8672.46,blocked_instrument,matched,0.9805702111434742,2026-07-01 08:02:16.053736
CASE_000057,CUST_01859,PAY_002733|CHK_003089,payment|checkout,payment_failed|checkout_abandoned,24457.64,risk_decline,matched,0.9803504739895864,2026-07-14 07:36:15.991170
CASE_000058,CUST_01136,PAY_005038|CHK_001812,payment|checkout,payment_failed|checkout_abandoned,46323.85,risk_decline,matched,0.9802989439805005,2026-06-24 22:45:16.100154
CASE_000059,CUST_00280,PAY_006037|CHK_000176,payment|checkout,payment_failed|checkout_abandoned,91833.35,temporary_bank_failure,matched,0.9802466209473766,2026-08-08 05:15:16.144429
CASE_000060,CUST_01358,PAY_004833|CHK_001333,payment|checkout,payment_failed|checkout_abandoned,34166.7,insufficient_funds,matched,0.9802462704914434,2026-08-17 03:05:16.091395
CASE_000061,CUST_00830,PAY_004507|CHK_000688,payment|checkout,payment_failed|checkout_abandoned,19293.13,risk_decline,matched,0.9801479123225038,2026-08-21 16:05:16.076723
CASE_000062,CUST_00953,PAY_002454|CHK_000537,payment|checkout,payment_failed|checkout_abandoned,38867.89,temporary_bank_failure,matched,0.9800285461998466,2026-08-10 22:37:15.974716
CASE_000063,CUST_00151,PAY_000439|CHK_001844,payment|checkout,payment_failed|checkout_abandoned,33989.35,risk_decline,matched,0.9798615101331577,2026-07-10 00:56:15.837553
CASE_000064,CUST_01831,PAY_000832|CHK_002771,payment|checkout,payment_failed|checkout_abandoned,14719.8,risk_decline,matched,0.9796637522248943,2026-08-20 18:55:15.868693
CASE_000065,CUST_00325,PAY_004131|CHK_002531,payment|checkout,payment_failed|checkout_abandoned,48965.38,timeout,matched,0.9793064612408015,2026-08-22 05:10:16.061473
CASE_000066,CUST_00627,PAY_001050|CHK_000780,payment|checkout,payment_failed|checkout_abandoned,38523.6,expired_instrument,matched,0.9791384761548765,2026-07-29 20:32:15.885914
CASE_000067,CUST_00280,PAY_001487|CHK_003383,payment|checkout,payment_failed|checkout_abandoned,19461.02,authentication_failed,matched,0.9791218129025783,2026-07-23 23:23:15.911673
CASE_000068,CUST_00965,PAY_003411|CHK_003354,payment|checkout,payment_failed|checkout_abandoned,15711.46,temporary_bank_failure,matched,0.9790170575420037,2026-07-30 05:47:16.029538
CASE_000069,CUST_01347,PAY_003389|CHK_002617,payment|checkout,payment_failed|checkout_abandoned,72971.05,risk_decline,matched,0.9789296392580041,2026-08-18 15:31:16.028439
CASE_000070,CUST_01735,PAY_006049|CHK_002903,payment|checkout,payment_failed|checkout_abandoned,18526.95,expired_instrument,matched,0.9788871819160735,2026-06-08 17:39:16.144429
CASE_000071,CUST_01541,PAY_003832|CHK_002991,payment|checkout,payment_failed|checkout_abandoned,2067.05,risk_decline,matched,0.9788701423660665,2026-08-18 10:55:16.047537
CASE_000072,CUST_01870,PAY_005388|CHK_001573,payment|checkout,payment_failed|checkout_abandoned,36302.18,expired_instrument,matched,0.9788493366269219,2026-05-30 22:57:16.115522
CASE_000073,CUST_01268,PAY_003370|CHK_001738,payment|checkout,payment_failed|checkout_abandoned,84914.28,timeout,matched,0.9788455604875883,2026-07-16 11:06:16.027342
CASE_000074,CUST_01012,PAY_006830|CHK_003143,payment|checkout,payment_failed|checkout_abandoned,45105.94,authentication_failed,matched,0.978598929788651,2026-05-31 18:52:16.185492
CASE_000075,CUST_01659,PAY_006980|CHK_002162,payment|checkout,payment_failed|checkout_abandoned,39268.71,expired_instrument,matched,0.9785189703201354,2026-08-10 05:21:16.192076
CASE_000076,CUST_00858,PAY_002968|CHK_001521,payment|checkout,payment_failed|checkout_abandoned,5711.61,authentication_failed,matched,0.9784663562463123,2026-08-04 18:30:16.010236
CASE_000077,CUST_00241,PAY_004054|CHK_002208,payment|checkout,payment_failed|checkout_abandoned,13017.55,timeout,matched,0.9784593053651076,2026-07-23 06:04:16.058182
CASE_000078,CUST_01837,PAY_005307|CHK_001382,payment|checkout,payment_failed|checkout_abandoned,49995.32,timeout,matched,0.9784100565146231,2026-07-31 19:52:16.112234
CASE_000079,CUST_00269,PAY_000073|CHK_001127,payment|checkout,payment_failed|checkout_abandoned,26460.05,unknown_failure,matched,0.9783424130591842,2026-05-30 00:54:15.793269
CASE_000080,CUST_00209,PAY_000807|CHK_001617,payment|checkout,payment_failed|checkout_abandoned,10485.72,insufficient_funds,matched,0.9780087204312151,2026-08-06 18:26:15.866685
CASE_000081,CUST_00454,PAY_006619|CHK_003287,payment|checkout,payment_failed|checkout_abandoned,95885.6,unknown_failure,matched,0.9779725306916668,2026-07-04 17:44:16.175315
CASE_000082,CUST_01144,PAY_005753|CHK_002328,payment|checkout,payment_failed|checkout_abandoned,13322.33,blocked_instrument,matched,0.977951970071635,2026-07-13 09:48:16.130946
CASE_000083,CUST_00691,PAY_001784|CHK_002086,payment|checkout,payment_failed|checkout_abandoned,49033.25,authentication_failed,matched,0.9777348831320244,2026-08-02 19:19:15.935333
CASE_000084,CUST_00825,PAY_001336|CHK_002975,payment|checkout,payment_failed|checkout_abandoned,83014.83,insufficient_funds,matched,0.9776883877254221,2026-08-11 05:03:15.900175
CASE_000085,CUST_00893,PAY_002856|CHK_000485,payment|checkout,payment_failed|checkout_abandoned,9783.88,blocked_instrument,matched,0.9776232764733647,2026-07-11 11:51:16.000472
CASE_000086,CUST_01289,PAY_003860|CHK_001933,payment|checkout,payment_failed|checkout_abandoned,15109.11,unknown_failure,matched,0.9775757589295464,2026-08-08 19:20:16.048637
CASE_000087,CUST_00410,PAY_004588|CHK_001768,payment|checkout,payment_failed|checkout_abandoned,23354.13,authentication_failed,matched,0.9770877071136168,2026-06-17 08:49:16.081333
CASE_000088,CUST_01824,PAY_003552|CHK_000420,payment|checkout,payment_failed|checkout_abandoned,28124.01,blocked_instrument,matched,0.9770286047402201,2026-08-12 12:08:16.035151
CASE_000089,CUST_00150,PAY_000899|CHK_001998,payment|checkout,payment_failed|checkout_abandoned,32652.07,risk_decline,matched,0.976788038161814,2026-06-08 06:42:15.870913
CASE_000090,CUST_01144,PAY_000654|CHK_001325,payment|checkout,payment_failed|checkout_abandoned,15603.33,insufficient_funds,matched,0.9766234627480159,2026-07-07 19:03:15.859175
CASE_000091,CUST_01169,PAY_006006|CHK_001519,payment|checkout,payment_failed|checkout_abandoned,12519.3,temporary_bank_failure,matched,0.9765640051760083,2026-06-23 21:56:16.142241
CASE_000092,CUST_00814,PAY_002065|CHK_002833,payment|checkout,payment_failed|checkout_abandoned,49096.47,temporary_bank_failure,matched,0.9760870117885596,2026-06-15 13:49:15.952006
CASE_000093,CUST_00087,PAY_003582|CHK_000378,payment|checkout,payment_failed|checkout_abandoned,19123.32,authentication_failed,matched,0.9760744072333325,2026-07-16 12:40:16.036252
CASE_000094,CUST_01603,PAY_002311|CHK_002070,payment|checkout,payment_failed|checkout_abandoned,49898.51,temporary_bank_failure,matched,0.9757600200776425,2026-07-15 06:22:15.964527
CASE_000095,CUST_01944,PAY_003421|CHK_000790,payment|checkout,payment_failed|checkout_abandoned,8490.29,insufficient_funds,matched,0.9755914508089698,2026-07-17 23:23:16.029538
CASE_000096,CUST_01622,PAY_003998|CHK_000587,payment|checkout,payment_failed|checkout_abandoned,23074.16,expired_instrument,matched,0.9754520516071272,2026-08-05 05:46:16.054832
CASE_000097,CUST_01835,PAY_005248|CHK_003337,payment|checkout,payment_failed|checkout_abandoned,9321.75,temporary_bank_failure,matched,0.9753114892589911,2026-06-10 21:23:16.108952
CASE_000098,CUST_00502,PAY_001999|CHK_002395,payment|checkout,payment_failed|checkout_abandoned,10287.69,authentication_failed,matched,0.975053805405619,2026-07-12 04:40:15.949016
CASE_000099,CUST_00558,PAY_001203|CHK_001675,payment|checkout,payment_failed|checkout_abandoned,12827.74,expired_instrument,matched,0.9749721709877708,2026-08-16 06:23:15.894616
CASE_000100,CUST_01054,PAY_001850|CHK_000553,payment|checkout,payment_failed|checkout_abandoned,7775.74,risk_decline,matched,0.9749459115431099,2026-06-19 14:19:15.939046
CASE_000101,CUST_01156,PAY_003517|CHK_001336,payment|checkout,payment_failed|checkout_abandoned,41554.33,temporary_bank_failure,matched,0.9749097564962945,2026-07-19 12:52:16.033923
CASE_000102,CUST_00786,PAY_002146|CHK_001052,payment|checkout,payment_failed|checkout_abandoned,10809.82,limit_exceeded,matched,0.9748823831787518,2026-07-04 05:33:15.955994
CASE_000103,CUST_00155,PAY_004910|CHK_003093,payment|checkout,payment_failed|checkout_abandoned,31464.65,unknown_failure,matched,0.9748512638610136,2026-08-12 23:30:16.094679
CASE_000104,CUST_01964,PAY_000216|CHK_001542,payment|checkout,payment_failed|checkout_abandoned,5737.27,unknown_failure,matched,0.974785856339339,2026-06-29 04:40:15.802421
CASE_000105,CUST_00480,PAY_001568|CHK_003108,payment|checkout,payment_failed|checkout_abandoned,46040.21,unknown_failure,matched,0.97469178868018,2026-08-12 10:17:15.920317
CASE_000106,CUST_01828,PAY_006794|CHK_000338,payment|checkout,payment_failed|checkout_abandoned,20453.0,timeout,matched,0.9745382095536107,2026-08-04 22:42:16.183300
CASE_000107,CUST_00293,PAY_002647|CHK_001624,payment|checkout,payment_failed|checkout_abandoned,45932.73,timeout,matched,0.9745189416130936,2026-08-22 17:56:15.987013
CASE_000108,CUST_01329,PAY_002934|CHK_000493,payment|checkout,payment_failed|checkout_abandoned,32476.76,timeout,matched,0.9744687028166876,2026-06-06 21:34:16.006577
CASE_000109,CUST_01644,PAY_003884|CHK_002672,payment|checkout,payment_failed|checkout_abandoned,35686.1,unknown_failure,matched,0.974441236690663,2026-07-12 23:53:16.049734
CASE_000110,CUST_00029,PAY_001352|CHK_002279,payment|checkout,payment_failed|checkout_abandoned,3167.09,temporary_bank_failure,matched,0.9743932442715553,2026-07-06 12:05:15.901174
CASE_000111,CUST_00174,PAY_006449|CHK_001140,payment|checkout,payment_failed|checkout_abandoned,29577.92,limit_exceeded,matched,0.9741477170958758,2026-07-14 20:36:16.168737
CASE_000112,CUST_01889,PAY_004799|CHK_000449,payment|checkout,payment_failed|checkout_abandoned,31356.48,insufficient_funds,matched,0.9740966460521079,2026-07-06 21:24:16.090299
CASE_000113,CUST_00147,PAY_000977|CHK_001228,payment|checkout,payment_failed|checkout_abandoned,4050.58,temporary_bank_failure,matched,0.9738752845271541,2026-07-21 17:16:15.874564
CASE_000114,CUST_00951,PAY_000491|CHK_003041,payment|checkout,payment_failed|checkout_abandoned,42848.81,temporary_bank_failure,matched,0.9736636413525188,2026-05-29 02:03:15.846526
CASE_000115,CUST_00283,PAY_000199|CHK_002103,payment|checkout,payment_failed|checkout_abandoned,29937.16,insufficient_funds,matched,0.9735019969978597,2026-05-29 04:22:15.801320
CASE_000116,CUST_00770,PAY_003326|CHK_001184,payment|checkout,payment_failed|checkout_abandoned,62016.38,timeout,matched,0.9734413134078449,2026-05-26 21:24:16.025148
CASE_000117,CUST_01259,PAY_001192|CHK_001536,payment|checkout,payment_failed|checkout_abandoned,9622.16,temporary_bank_failure,matched,0.9733971466790086,2026-06-04 16:43:15.893201
CASE_000118,CUST_00562,PAY_000202|CHK_001001,payment|checkout,payment_failed|checkout_abandoned,56444.35,insufficient_funds,matched,0.9732424281615432,2026-07-02 20:13:15.802421
CASE_000119,CUST_00568,PAY_002665|CHK_002382,payment|checkout,payment_failed|checkout_abandoned,3556.4,insufficient_funds,matched,0.9730742386183282,2026-07-18 13:55:15.988026
CASE_000120,CUST_01809,PAY_001707|CHK_002178,payment|checkout,payment_failed|checkout_abandoned,7247.83,insufficient_funds,matched,0.9729155929736517,2026-06-18 11:48:15.929677
CASE_000121,CUST_00141,PAY_003495|CHK_001455,payment|checkout,payment_failed|checkout_abandoned,29669.8,authentication_failed,matched,0.9727525295081193,2026-06-13 05:49:16.032831
CASE_000122,CUST_00412,PAY_000409|CHK_002812,payment|checkout,payment_failed|checkout_abandoned,85018.62,timeout,matched,0.9727486961091583,2026-07-19 00:42:15.814057
CASE_000123,CUST_00631,PAY_000766|CHK_000971,payment|checkout,payment_failed|checkout_abandoned,46376.55,expired_instrument,matched,0.972654587825097,2026-08-19 08:04:15.865396
CASE_000124,CUST_01973,PAY_004243|CHK_001609,payment|checkout,payment_failed|checkout_abandoned,2980.8,unknown_failure,matched,0.9723067632850241,2026-07-11 14:55:16.065831
CASE_000125,CUST_01506,PAY_000961|CHK_002091,payment|checkout,payment_failed|checkout_abandoned,80819.82,insufficient_funds,matched,0.972142123058428,2026-06-07 21:19:15.874564
CASE_000126,CUST_00642,PAY_002250|CHK_002252,payment|checkout,payment_failed|checkout_abandoned,6741.08,insufficient_funds,matched,0.9720923551320164,2026-05-31 17:40:15.960976
CASE_000127,CUST_01536,PAY_005701|CHK_001173,payment|checkout,payment_failed|checkout_abandoned,2353.61,insufficient_funds,matched,0.9719730777637567,2026-07-04 22:21:16.128754
CASE_000128,CUST_01255,PAY_005584|CHK_000228,payment|checkout,payment_failed|checkout_abandoned,31347.88,timeout,matched,0.9719413625419008,2026-05-30 16:37:16.124375
CASE_000129,CUST_00108,PAY_005188|CHK_001696,payment|checkout,payment_failed|checkout_abandoned,15252.06,limit_exceeded,matched,0.9717060842928757,2026-06-01 00:43:16.106760
CASE_000130,CUST_00449,PAY_005899|CHK_000770,payment|checkout,payment_failed|checkout_abandoned,8991.86,expired_instrument,matched,0.9716805242618201,2026-06-06 18:03:16.137864
CASE_000131,CUST_00735,PAY_000646|CHK_003336,payment|checkout,payment_failed|checkout_abandoned,16964.39,authentication_failed,matched,0.971663299318946,2026-07-15 14:12:15.858179
CASE_000132,CUST_01226,PAY_000639|CHK_003314,payment|checkout,payment_failed|checkout_abandoned,2481.14,insufficient_funds,matched,0.971378145619442,2026-06-06 12:17:15.858179
CASE_000133,CUST_01915,PAY_001016|CHK_003364,payment|checkout,payment_failed|checkout_abandoned,3273.69,timeout,matched,0.9713363131512147,2026-07-09 08:24:15.881802
CASE_000134,CUST_00462,PAY_006601|CHK_002542,payment|checkout,payment_failed|checkout_abandoned,1114.85,risk_decline,matched,0.9712597235303204,2026-07-24 08:57:16.175315
CASE_000135,CUST_00946,PAY_000549|CHK_001902,payment|checkout,payment_failed|checkout_abandoned,5300.8,insufficient_funds,matched,0.9711359291679243,2026-08-10 17:53:15.850654
CASE_000136,CUST_00725,PAY_005262|CHK_001772,payment|checkout,payment_failed|checkout_abandoned,8689.05,temporary_bank_failure,matched,0.971132416662351,2026-06-11 03:52:16.110047
CASE_000137,CUST_00533,PAY_003557|CHK_001628,payment|checkout,payment_failed|checkout_abandoned,23870.25,timeout,matched,0.9710792408960945,2026-08-18 17:59:16.035151
CASE_000138,CUST_00903,PAY_003533|CHK_000393,payment|checkout,payment_failed|checkout_abandoned,43892.75,insufficient_funds,matched,0.9710428044621391,2026-05-29 07:45:16.033923
CASE_000139,CUST_01857,PAY_004724|CHK_002160,payment|checkout,payment_failed|checkout_abandoned,5046.68,authentication_failed,matched,0.9709292864043512,2026-06-28 22:04:16.086999
CASE_000140,CUST_00328,PAY_002544|CHK_003301,payment|checkout,payment_failed|checkout_abandoned,3938.6,temporary_bank_failure,matched,0.9708888663202379,2026-06-11 10:00:15.981693
CASE_000141,CUST_01824,PAY_001588|CHK_000702,payment|checkout,payment_failed|checkout_abandoned,30031.77,temporary_bank_failure,matched,0.9708161459791858,2026-06-10 23:56:15.922362
CASE_000142,CUST_00425,PAY_004222|CHK_001161,payment|checkout,payment_failed|checkout_abandoned,12684.86,timeout,matched,0.9707893565855499,2026-07-02 14:32:16.064741
CASE_000143,CUST_01230,PAY_000429|CHK_003472,payment|checkout,payment_failed|checkout_abandoned,19834.28,insufficient_funds,matched,0.9707591917741518,2026-06-27 21:13:15.836105
CASE_000144,CUST_01827,PAY_006492|CHK_001390,payment|checkout,payment_failed|checkout_abandoned,14647.69,risk_decline,matched,0.970621080297758,2026-06-16 07:09:16.169826
CASE_000145,CUST_01385,PAY_007000|CHK_001234,payment|checkout,payment_failed|checkout_abandoned,17632.55,insufficient_funds,matched,0.9703498792794514,2026-08-13 00:41:16.193165
CASE_000146,CUST_01742,PAY_003273|CHK_002358,payment|checkout,payment_failed|checkout_abandoned,25038.86,temporary_bank_failure,matched,0.9702529758853948,2026-06-05 20:25:16.022647
CASE_000147,CUST_00869,PAY_002181|CHK_002412,payment|checkout,payment_failed|checkout_abandoned,10514.62,unknown_failure,matched,0.9702476747191582,2026-08-17 04:23:15.957986
CASE_000148,CUST_01238,PAY_002914|CHK_001484,payment|checkout,payment_failed|checkout_abandoned,13946.24,authentication_failed,matched,0.9701837086156875,2026-07-11 20:11:16.004535
CASE_000149,CUST_00824,PAY_005300|CHK_002336,payment|checkout,payment_failed|checkout_abandoned,22826.27,risk_decline,matched,0.9701766761863999,2026-07-20 00:50:16.112234
CASE_000150,CUST_00980,PAY_005146|CHK_003207,payment|checkout,payment_failed|checkout_abandoned,13917.4,temporary_bank_failure,matched,0.9699534874808993,2026-06-21 23:20:16.104574
CASE_000151,CUST_01499,PAY_004644|CHK_002027,payment|checkout,payment_failed|checkout_abandoned,11625.52,insufficient_funds,matched,0.969912852643724,2026-07-21 17:16:16.083515
CASE_000152,CUST_00808,PAY_006153|CHK_003237,payment|checkout,payment_failed|checkout_abandoned,84956.19,insufficient_funds,matched,0.9696009723756835,2026-06-19 04:35:16.150982
CASE_000153,CUST_00396,PAY_001450|CHK_000076,payment|checkout,payment_failed|checkout_abandoned,30901.78,limit_exceeded,matched,0.9695858460436764,2026-08-06 23:44:15.906250
CASE_000154,CUST_01158,PAY_001486|CHK_003208,payment|checkout,payment_failed|checkout_abandoned,12168.32,temporary_bank_failure,matched,0.9694307294132085,2026-07-05 21:06:15.911673
CASE_000155,CUST_00363,PAY_001732|CHK_002658,payment|checkout,payment_failed|checkout_abandoned,14480.07,temporary_bank_failure,matched,0.9694114680845236,2026-06-21 20:38:15.930673
CASE_000156,CUST_01366,PAY_005067|CHK_000134,payment|checkout,payment_failed|checkout_abandoned,44161.32,timeout,matched,0.9692295105007429,2026-06-06 19:55:16.101256
CASE_000157,CUST_00099,PAY_001284|CHK_001947,payment|checkout,payment_failed|checkout_abandoned,36951.68,insufficient_funds,matched,0.9691561135455216,2026-08-01 09:20:15.898119
CASE_000158,CUST_01267,PAY_000855|CHK_001271,payment|checkout,payment_failed|checkout_abandoned,37013.35,insufficient_funds,matched,0.9691128673843357,2026-08-12 11:31:15.869689
CASE_000159,CUST_01579,PAY_005458|CHK_000497,payment|checkout,payment_failed|checkout_abandoned,44837.23,temporary_bank_failure,matched,0.9689626431353289,2026-07-02 13:12:16.118986
CASE_000160,CUST_01730,PAY_002959|CHK_000866,payment|checkout,payment_failed|checkout_abandoned,24574.51,unknown_failure,matched,0.9686212315796598,2026-08-19 13:58:16.008603
CASE_000161,CUST_01918,PAY_004668|CHK_001307,payment|checkout,payment_failed|checkout_abandoned,34065.21,timeout,matched,0.9682294729725723,2026-06-24 18:54:16.084614
CASE_000162,CUST_00176,PAY_002291|CHK_002448,payment|checkout,payment_failed|checkout_abandoned,4792.87,risk_decline,matched,0.9681545364955306,2026-06-14 15:38:15.963530
CASE_000163,CUST_01529,PAY_001340|CHK_002200,payment|checkout,payment_failed|checkout_abandoned,9327.15,unknown_failure,matched,0.9681333526318329,2026-06-08 02:03:15.900175
CASE_000164,CUST_01391,PAY_004145|CHK_003438,payment|checkout,payment_failed|checkout_abandoned,2419.15,insufficient_funds,matched,0.9678444104563817,2026-07-16 09:28:16.061473
CASE_000165,CUST_00242,PAY_002195|CHK_001787,payment|checkout,payment_failed|checkout_abandoned,9678.71,expired_instrument,matched,0.9675814743562589,2026-06-12 06:12:15.957986
CASE_000166,CUST_01391,PAY_000173|CHK_001678,payment|checkout,payment_failed|checkout_abandoned,19581.77,expired_instrument,matched,0.967510440549779,2026-08-14 09:04:15.800228
CASE_000167,CUST_00054,PAY_006835|CHK_001769,payment|checkout,payment_failed|checkout_abandoned,11341.74,insufficient_funds,matched,0.9673731925906726,2026-08-12 20:27:16.185492
CASE_000168,CUST_00178,PAY_006051|CHK_001616,payment|checkout,payment_failed|checkout_abandoned,93817.18,risk_decline,matched,0.966897042856235,2026-07-25 14:45:16.144429
CASE_000169,CUST_01725,PAY_004260|CHK_003021,payment|checkout,payment_failed|checkout_abandoned,37186.36,timeout,matched,0.9667959207503922,2026-07-29 20:57:16.066930
CASE_000170,CUST_01097,PAY_002567|CHK_000219,payment|checkout,payment_failed|checkout_abandoned,38764.1,temporary_bank_failure,matched,0.9667729319424703,2026-08-06 02:33:15.982689
CASE_000171,CUST_01291,PAY_001773|CHK_002599,payment|checkout,payment_failed|checkout_abandoned,19643.13,temporary_bank_failure,matched,0.9666383043333725,2026-08-01 05:11:15.934330
CASE_000172,CUST_00245,PAY_002622|CHK_001510,payment|checkout,payment_failed|checkout_abandoned,18867.16,unknown_failure,matched,0.9665520724899773,2026-05-30 14:32:15.985998
CASE_000173,CUST_00303,PAY_004119|CHK_001321,payment|checkout,payment_failed|checkout_abandoned,22579.36,authentication_failed,matched,0.9664573486582435,2026-05-26 23:37:16.060374
CASE_000174,CUST_01803,PAY_005859|CHK_002326,payment|checkout,payment_failed|checkout_abandoned,44220.41,authentication_failed,matched,0.9663581895152535,2026-08-21 21:30:16.135675
CASE_000175,CUST_01441,PAY_000571|CHK_001337,payment|checkout,payment_failed|checkout_abandoned,28947.41,insufficient_funds,matched,0.9661134565521867,2026-07-30 18:02:15.853104
CASE_000176,CUST_01490,PAY_002554|CHK_001803,payment|checkout,payment_failed|checkout_abandoned,3894.18,authentication_failed,matched,0.9658551693381747,2026-06-28 19:09:15.982689
CASE_000177,CUST_00871,PAY_006203|CHK_003159,payment|checkout,payment_failed|checkout_abandoned,27802.11,limit_exceeded,matched,0.9658348128373468,2026-07-12 01:43:16.154267
CASE_000178,CUST_00221,PAY_005970|CHK_002294,payment|checkout,payment_failed|checkout_abandoned,15431.48,insufficient_funds,matched,0.96574963861751,2026-06-10 13:49:16.141149
CASE_000179,CUST_00405,PAY_006950|CHK_001746,payment|checkout,payment_failed|checkout_abandoned,17542.31,timeout,matched,0.965739827498963,2026-05-29 21:46:16.190976
CASE_000180,CUST_01137,PAY_004032|CHK_002818,payment|checkout,payment_failed|checkout_abandoned,33913.17,insufficient_funds,matched,0.9657217830123224,2026-08-01 13:32:16.057089
CASE_000181,CUST_00200,PAY_002946|CHK_001279,payment|checkout,payment_failed|checkout_abandoned,18644.91,temporary_bank_failure,matched,0.9657155505175408,2026-08-18 12:54:16.007590
CASE_000182,CUST_00349,PAY_003622|CHK_003245,payment|checkout,payment_failed|checkout_abandoned,10400.39,timeout,matched,0.9657015073473207,2026-07-16 01:05:16.038451
CASE_000183,CUST_01071,PAY_003994|CHK_001705,payment|checkout,payment_failed|checkout_abandoned,24940.88,temporary_bank_failure,matched,0.9653806833510997,2026-06-23 08:23:16.054832
CASE_000184,CUST_00360,PAY_002137|CHK_003030,payment|checkout,payment_failed|checkout_abandoned,25984.21,insufficient_funds,matched,0.9652969320385127,2026-06-18 02:41:15.955994
CASE_000185,CUST_01444,PAY_005569|CHK_002573,payment|checkout,payment_failed|checkout_abandoned,40097.07,timeout,matched,0.9652879293923471,2026-08-18 21:26:16.123281
CASE_000186,CUST_01783,PAY_001836|CHK_000899,payment|checkout,payment_failed|checkout_abandoned,32309.47,temporary_bank_failure,matched,0.9652779137888123,2026-07-26 02:38:15.939046
CASE_000187,CUST_01718,PAY_001446|CHK_003180,payment|checkout,payment_failed|checkout_abandoned,9355.17,limit_exceeded,matched,0.9650192166470519,2026-06-23 04:57:15.905161
CASE_000188,CUST_00007,PAY_005387|CHK_002950,payment|checkout,payment_failed|checkout_abandoned,22401.38,timeout,matched,0.9649396180552765,2026-07-18 23:40:16.115522
CASE_000189,CUST_01239,PAY_001139|CHK_002622,payment|checkout,payment_failed|checkout_abandoned,36512.85,unknown_failure,matched,0.9649233466208929,2026-07-24 01:28:15.890862
CASE_000190,CUST_00760,PAY_006063|CHK_002444,payment|checkout,payment_failed|checkout_abandoned,5415.97,expired_instrument,matched,0.9648417437483754,2026-07-31 12:33:16.145524
CASE_000191,CUST_00709,PAY_006163|CHK_000481,payment|checkout,payment_failed|checkout_abandoned,3373.58,insufficient_funds,matched,0.9647601855200312,2026-08-01 18:12:16.152079
CASE_000192,CUST_00658,PAY_002222|CHK_001992,payment|checkout,payment_failed|checkout_abandoned,29626.63,limit_exceeded,matched,0.96468953935099,2026-08-25 19:10:15.958983
CASE_000193,CUST_00342,PAY_004665|CHK_001238,payment|checkout,payment_failed|checkout_abandoned,54225.56,blocked_instrument,matched,0.964636937103298,2026-06-09 22:15:16.084614
CASE_000194,CUST_00885,PAY_006802|CHK_002416,payment|checkout,payment_failed|checkout_abandoned,15460.21,insufficient_funds,matched,0.9643166836744851,2026-08-25 13:22:16.184396
CASE_000195,CUST_00309,PAY_005745|CHK_003043,payment|checkout,payment_failed|checkout_abandoned,5165.83,blocked_instrument,matched,0.96429220097362,2026-07-23 20:59:16.130946
CASE_000196,CUST_00117,PAY_003696|CHK_002928,payment|checkout,payment_failed|checkout_abandoned,39610.53,temporary_bank_failure,matched,0.9642278681956541,2026-08-13 03:42:16.041793
CASE_000197,CUST_00184,PAY_001219|CHK_001157,payment|checkout,payment_failed|checkout_abandoned,44165.14,blocked_instrument,matched,0.9637596109611437,2026-07-10 05:01:15.894616
CASE_000198,CUST_01764,PAY_000677|CHK_002046,payment|checkout,payment_failed|checkout_abandoned,6227.58,risk_decline,matched,0.9637186809857655,2026-06-23 00:05:15.861169
CASE_000199,CUST_01879,PAY_003989|CHK_001736,payment|checkout,payment_failed|checkout_abandoned,9301.77,unknown_failure,matched,0.9637007875920388,2026-08-10 19:42:16.054832
CASE_000200,CUST_01052,PAY_006756|CHK_002457,payment|checkout,payment_failed|checkout_abandoned,16949.93,authentication_failed,matched,0.9636610900130232,2026-07-09 06:25:16.182203
CASE_000201,CUST_01130,PAY_001511|CHK_003379,payment|checkout,payment_failed|checkout_abandoned,82519.58,limit_exceeded,matched,0.9636344333874053,2026-08-24 16:52:15.913792
CASE_000202,CUST_00185,PAY_003675|CHK_002534,payment|checkout,payment_failed|checkout_abandoned,12801.63,insufficient_funds,matched,0.9635499502797691,2026-05-29 06:41:16.040691
CASE_000203,CUST_00897,PAY_002922|CHK_002525,payment|checkout,payment_failed|checkout_abandoned,34544.9,insufficient_funds,matched,0.9634453542105106,2026-07-02 01:29:16.005550
CASE_000204,CUST_01237,PAY_003732|CHK_001712,payment|checkout,payment_failed|checkout_abandoned,18069.25,risk_decline,matched,0.9631307131667827,2026-06-23 08:40:16.042895
CASE_000205,CUST_00517,PAY_006599|CHK_002665,payment|checkout,payment_failed|checkout_abandoned,18309.1,insufficient_funds,matched,0.9631105540110898,2026-06-09 05:09:16.175315
CASE_000206,CUST_00502,PAY_002963|CHK_003035,payment|checkout,payment_failed|checkout_abandoned,35763.96,insufficient_funds,matched,0.9630682741322083,2026-07-20 11:04:16.009204
CASE_000207,CUST_00556,PAY_005285|CHK_001867,payment|checkout,payment_failed|checkout_abandoned,12307.71,risk_decline,matched,0.9630575597193413,2026-08-13 15:13:16.111146
CASE_000208,CUST_00590,PAY_005166|CHK_003102,payment|checkout,payment_failed|checkout_abandoned,78227.2,insufficient_funds,matched,0.9630509961866063,2026-07-22 20:41:16.105667
CASE_000209,CUST_00460,PAY_003584|CHK_001143,payment|checkout,payment_failed|checkout_abandoned,44577.47,unknown_failure,matched,0.962962467176057,2026-08-22 18:35:16.036252
CASE_000210,CUST_01882,PAY_001857|CHK_002885,payment|checkout,payment_failed|checkout_abandoned,49891.36,risk_decline,matched,0.9628856708745652,2026-08-09 11:10:15.940226
CASE_000211,CUST_01822,PAY_006695|CHK_002229,payment|checkout,payment_failed|checkout_abandoned,28965.12,limit_exceeded,matched,0.9627442938265058,2026-08-11 01:42:16.178598
CASE_000212,CUST_01573,PAY_002512|CHK_000876,payment|checkout,payment_failed|checkout_abandoned,33536.47,unknown_failure,matched,0.9627175108835908,2026-07-29 17:56:15.979699
CASE_000213,CUST_00479,PAY_006659|CHK_000049,payment|checkout,payment_failed|checkout_abandoned,44931.76,insufficient_funds,matched,0.9627125845949501,2026-06-27 18:57:16.177504
CASE_000214,CUST_01685,PAY_002648|CHK_002392,payment|checkout,payment_failed|checkout_abandoned,17262.12,expired_instrument,matched,0.962699457926759,2026-07-10 03:39:15.987013
CASE_000215,CUST_00925,PAY_002690|CHK_001664,payment|checkout,payment_failed|checkout_abandoned,34770.3,temporary_bank_failure,matched,0.9622516366937682,2026-07-28 09:44:15.989040
CASE_000216,CUST_00212,PAY_003111|CHK_002647,payment|checkout,payment_failed|checkout_abandoned,44998.2,temporary_bank_failure,matched,0.962226289051562,2026-08-18 09:24:16.016001
CASE_000217,CUST_01813,PAY_005996|CHK_000667,payment|checkout,payment_failed|checkout_abandoned,7241.57,insufficient_funds,matched,0.9621998575201541,2026-05-31 21:49:16.142241
CASE_000218,CUST_01789,PAY_003803|CHK_000230,payment|checkout,payment_failed|checkout_abandoned,21722.42,temporary_bank_failure,matched,0.9621931449933602,2026-06-03 23:08:16.046439
CASE_000219,CUST_01177,PAY_005884|CHK_000618,payment|checkout,payment_failed|checkout_abandoned,12137.38,limit_exceeded,matched,0.9621349660671781,2026-07-21 10:40:16.136763
CASE_000220,CUST_00925,PAY_003227|CHK_001162,payment|checkout,payment_failed|checkout_abandoned,7599.01,timeout,matched,0.9621096585827189,2026-08-01 21:25:16.021505
CASE_000221,CUST_01034,PAY_004359|CHK_003281,payment|checkout,payment_failed|checkout_abandoned,5961.26,insufficient_funds,matched,0.9619814947772041,2026-06-21 08:04:16.071320
CASE_000222,CUST_00027,PAY_006503|CHK_002287,payment|checkout,payment_failed|checkout_abandoned,59230.2,temporary_bank_failure,matched,0.9619431556874704,2026-06-03 17:58:16.170924
CASE_000223,CUST_00687,PAY_005718|CHK_002834,payment|checkout,payment_failed|checkout_abandoned,21834.39,authentication_failed,matched,0.9619318114680555,2026-07-20 03:59:16.129856
CASE_000224,CUST_01670,PAY_000509|CHK_000762,payment|checkout,payment_failed|checkout_abandoned,17400.77,unknown_failure,matched,0.9617914521726465,2026-07-08 02:49:15.848661
CASE_000225,CUST_01852,PAY_001920|CHK_003350,payment|checkout,payment_failed|checkout_abandoned,31285.22,temporary_bank_failure,matched,0.9617813239322309,2026-06-17 10:11:15.944669
CASE_000226,CUST_00439,PAY_000107|CHK_001995,payment|checkout,payment_failed|checkout_abandoned,3398.53,timeout,matched,0.961700000523102,2026-07-10 04:24:15.795834
CASE_000227,CUST_00869,PAY_000045|CHK_002233,payment|checkout,payment_failed|checkout_abandoned,6322.2,insufficient_funds,matched,0.9616978530680248,2026-06-27 03:54:15.792231
CASE_000228,CUST_00912,PAY_001157|CHK_000631,payment|checkout,payment_failed|checkout_abandoned,19534.14,timeout,matched,0.9616597608085127,2026-08-07 23:39:15.890862
CASE_000229,CUST_01017,PAY_005512|CHK_001214,payment|checkout,payment_failed|checkout_abandoned,23814.83,authentication_failed,matched,0.9616083121548865,2026-08-15 22:11:16.121098
CASE_000230,CUST_01012,PAY_002735|CHK_002535,payment|checkout,payment_failed|checkout_abandoned,15128.08,insufficient_funds,matched,0.961552524253647,2026-08-04 20:40:15.991170
CASE_000231,CUST_00652,PAY_001914|CHK_001529,payment|checkout,payment_failed|checkout_abandoned,43298.19,unknown_failure,matched,0.9615405822968581,2026-05-30 08:34:15.944669
CASE_000232,CUST_00259,PAY_000067|CHK_003156,payment|checkout,payment_failed|checkout_abandoned,5127.8,temporary_bank_failure,matched,0.9615287474377142,2026-07-18 02:55:15.793269
CASE_000233,CUST_00775,PAY_001617|CHK_001107,payment|checkout,payment_failed|checkout_abandoned,16930.51,risk_decline,matched,0.9612899823061051,2026-07-09 05:40:15.924525
CASE_000234,CUST_01285,PAY_004354|CHK_000894,payment|checkout,payment_failed|checkout_abandoned,8655.65,insufficient_funds,matched,0.9612771186065364,2026-07-25 01:00:16.070229
CASE_000235,CUST_01282,PAY_001965|CHK_001113,payment|checkout,payment_failed|checkout_abandoned,17676.45,timeout,matched,0.9612686017271567,2026-06-02 00:15:15.947023
CASE_000236,CUST_00616,PAY_002071|CHK_000149,payment|checkout,payment_failed|checkout_abandoned,48055.37,temporary_bank_failure,matched,0.9611756785280534,2026-07-27 12:44:15.952006
CASE_000237,CUST_00252,PAY_004362|CHK_000890,payment|checkout,payment_failed|checkout_abandoned,17435.49,insufficient_funds,matched,0.961144726455446,2026-06-10 17:01:16.071320
CASE_000238,CUST_01070,PAY_002500|CHK_002453,payment|checkout,payment_failed|checkout_abandoned,26404.81,temporary_bank_failure,matched,0.961098742362976,2026-06-01 09:06:15.978702
CASE_000239,CUST_00314,PAY_004475|CHK_000561,payment|checkout,payment_failed|checkout_abandoned,20015.41,temporary_bank_failure,matched,0.9609575115429118,2026-06-15 07:40:16.075713
CASE_000240,CUST_00007,PAY_003245|CHK_000274,payment|checkout,payment_failed|checkout_abandoned,30230.53,insufficient_funds,matched,0.9609190852205811,2026-08-10 20:05:16.021505
CASE_000241,CUST_01201,PAY_003463|CHK_001915,payment|checkout,payment_failed|checkout_abandoned,8675.17,insufficient_funds,matched,0.9607685513815739,2026-05-28 14:49:16.031728
CASE_000242,CUST_00526,PAY_005643|CHK_000161,payment|checkout,payment_failed|checkout_abandoned,2251.5,timeout,matched,0.9607350655118809,2026-07-06 20:07:16.126564
CASE_000243,CUST_00331,PAY_002172|CHK_000373,payment|checkout,payment_failed|checkout_abandoned,19887.1,risk_decline,matched,0.9605618298629095,2026-07-11 10:18:15.956990
CASE_000244,CUST_00899,PAY_005298|CHK_000919,payment|checkout,payment_failed|checkout_abandoned,17142.47,insufficient_funds,matched,0.9603843172671279,2026-07-06 03:45:16.112234
CASE_000245,CUST_00064,PAY_001245|CHK_002089,payment|checkout,payment_failed|checkout_abandoned,21384.27,risk_decline,matched,0.9602879908923708,2026-06-19 15:29:15.895750
CASE_000246,CUST_01891,PAY_006852|CHK_001652,payment|checkout,payment_failed|checkout_abandoned,1264.31,authentication_failed,matched,0.9601462941138733,2026-05-30 15:25:16.186589
CASE_000247,CUST_00876,PAY_006358|CHK_001834,payment|checkout,payment_failed|checkout_abandoned,91520.01,insufficient_funds,matched,0.9601152838051481,2026-06-16 08:41:16.164348
CASE_000248,CUST_01377,PAY_003228|CHK_002024,payment|checkout,payment_failed|checkout_abandoned,30441.99,risk_decline,matched,0.9600048318676495,2026-07-11 22:33:16.021505
CASE_000249,CUST_00225,PAY_001072|CHK_001814,payment|checkout,payment_failed|checkout_abandoned,14876.35,insufficient_funds,matched,0.96000111101028,2026-05-31 06:09:15.886910
CASE_000250,CUST_01480,PAY_003936|CHK_000706,payment|checkout,payment_failed|checkout_abandoned,11042.9,blocked_instrument,matched,0.9598699843338254,2026-08-11 13:52:16.052224
CASE_000251,CUST_01262,PAY_006531|CHK_002630,payment|checkout,payment_failed|checkout_abandoned,16030.59,authentication_failed,matched,0.9595672180499907,2026-07-15 05:25:16.172026
CASE_000252,CUST_00577,PAY_006144|CHK_002406,payment|checkout,payment_failed|checkout_abandoned,9310.88,timeout,matched,0.9595498504020148,2026-06-03 18:25:16.149901
CASE_000253,CUST_00398,PAY_004156|CHK_001651,payment|checkout,payment_failed|checkout_abandoned,20671.23,temporary_bank_failure,matched,0.9595469202042324,2026-07-28 02:21:16.062562
CASE_000254,CUST_00446,PAY_006583|CHK_002354,payment|checkout,payment_failed|checkout_abandoned,2511.89,timeout,matched,0.9594776609113722,2026-07-16 17:13:16.174222
CASE_000255,CUST_01864,PAY_000239|CHK_002437,payment|checkout,payment_failed|checkout_abandoned,30208.75,timeout,matched,0.9593868539744279,2026-07-16 05:56:15.803512
CASE_000256,CUST_00777,PAY_000612|CHK_000916,payment|checkout,payment_failed|checkout_abandoned,27588.82,unknown_failure,matched,0.9593565670602964,2026-06-03 03:53:15.856169
CASE_000257,CUST_00510,PAY_002270|CHK_000052,payment|checkout,payment_failed|checkout_abandoned,8814.12,insufficient_funds,matched,0.9593498727042519,2026-07-25 18:08:15.960976
CASE_000258,CUST_00926,PAY_005567|CHK_001098,payment|checkout,payment_failed|checkout_abandoned,33123.16,insufficient_funds,matched,0.9593090467348057,2026-05-29 19:22:16.123281
CASE_000259,CUST_01742,PAY_004857|CHK_000340,payment|checkout,payment_failed|checkout_abandoned,34104.84,temporary_bank_failure,matched,0.9593046392633227,2026-08-23 17:14:16.092492
CASE_000260,CUST_00350,PAY_003814|CHK_000251,payment|checkout,payment_failed|checkout_abandoned,18641.38,temporary_bank_failure,matched,0.9592570611427075,2026-07-12 18:41:16.046439
CASE_000261,CUST_01301,PAY_003831|CHK_001976,payment|checkout,payment_failed|checkout_abandoned,7408.55,expired_instrument,matched,0.9592216669328756,2026-08-11 02:21:16.047537
CASE_000262,CUST_01147,PAY_006373|CHK_000920,payment|checkout,payment_failed|checkout_abandoned,49020.62,blocked_instrument,matched,0.959015936218949,2026-05-31 13:44:16.165448
CASE_000263,CUST_00182,PAY_003825|CHK_002653,payment|checkout,payment_failed|checkout_abandoned,16193.02,timeout,matched,0.9588438832149764,2026-05-27 02:54:16.047537
CASE_000264,CUST_00540,PAY_003686|CHK_001139,payment|checkout,payment_failed|checkout_abandoned,48213.59,timeout,matched,0.9588266922712502,2026-05-31 16:42:16.040691
CASE_000265,CUST_01728,PAY_006879|CHK_002482,payment|checkout,payment_failed|checkout_abandoned,14293.52,insufficient_funds,matched,0.958751672086372,2026-08-25 02:06:16.187677
CASE_000266,CUST_01861,PAY_005479|CHK_000077,payment|checkout,payment_failed|checkout_abandoned,37760.59,limit_exceeded,matched,0.9585894765621454,2026-07-13 10:11:16.120005
CASE_000267,CUST_01405,PAY_005335|CHK_001379,payment|checkout,payment_failed|checkout_abandoned,18518.02,timeout,matched,0.9585638388385415,2026-07-10 20:26:16.113335
CASE_000268,CUST_01290,PAY_004943|CHK_001141,payment|checkout,payment_failed|checkout_abandoned,10614.39,authentication_failed,matched,0.9583254517373742,2026-05-29 15:07:16.095770
CASE_000269,CUST_00174,PAY_001940|CHK_001105,payment|checkout,payment_failed|checkout_abandoned,40378.73,temporary_bank_failure,matched,0.9582878998285593,2026-06-21 16:43:15.946028
CASE_000270,CUST_00730,PAY_004768|CHK_000396,payment|checkout,payment_failed|checkout_abandoned,94080.27,timeout,matched,0.9580712348968954,2026-06-10 13:17:16.089201
CASE_000271,CUST_01362,PAY_002566|CHK_000584,payment|checkout,payment_failed|checkout_abandoned,3420.54,insufficient_funds,matched,0.9580670742046578,2026-07-29 22:33:15.982689
CASE_000272,CUST_01867,PAY_003461|CHK_002607,payment|checkout,payment_failed|checkout_abandoned,87304.64,insufficient_funds,matched,0.9580225131473221,2026-07-12 10:06:16.031728
CASE_000273,CUST_01483,PAY_005291|CHK_001033,payment|checkout,payment_failed|checkout_abandoned,12831.36,insufficient_funds,matched,0.9580151441468403,2026-07-31 13:09:16.111146
CASE_000274,CUST_00158,PAY_001347|CHK_000592,payment|checkout,payment_failed|checkout_abandoned,24128.72,timeout,matched,0.9579683399883807,2026-07-06 01:30:15.901174
CASE_000275,CUST_01914,PAY_001168|CHK_002052,payment|checkout,payment_failed|checkout_abandoned,38391.89,expired_instrument,matched,0.9577867580453406,2026-07-03 17:24:15.892172
CASE_000276,CUST_00453,PAY_000395|CHK_000941,payment|checkout,payment_failed|checkout_abandoned,41020.82,risk_decline,matched,0.95770780870137,2026-08-02 12:26:15.814057
CASE_000277,CUST_01718,PAY_003018|CHK_000234,payment|checkout,payment_failed|checkout_abandoned,11468.84,authentication_failed,matched,0.9576641607462772,2026-07-14 22:50:16.011817
CASE_000278,CUST_01700,PAY_005287|CHK_000285,payment|checkout,payment_failed|checkout_abandoned,13618.98,blocked_instrument,matched,0.9575274616748097,2026-08-08 03:04:16.111146
CASE_000279,CUST_00248,PAY_001530|CHK_001065,payment|checkout,payment_failed|checkout_abandoned,18889.91,insufficient_funds,matched,0.9574782670572103,2026-06-20 23:16:15.916229
CASE_000280,CUST_01426,PAY_003293|CHK_001220,payment|checkout,payment_failed|checkout_abandoned,19196.92,temporary_bank_failure,matched,0.9574393936342104,2026-05-30 21:34:16.023746
CASE_000281,CUST_00183,PAY_005135|CHK_003015,payment|checkout,payment_failed|checkout_abandoned,43076.35,unknown_failure,matched,0.9573709923065544,2026-08-18 02:19:16.104574
CASE_000282,CUST_01101,PAY_004010|CHK_000194,payment|checkout,payment_failed|checkout_abandoned,5835.49,timeout,matched,0.9573571399602547,2026-06-03 08:47:16.055991
CASE_000283,CUST_01701,PAY_006486|CHK_001387,payment|checkout,payment_failed|checkout_abandoned,82200.81,temporary_bank_failure,matched,0.9573486012485765,2026-06-05 11:20:16.169826
CASE_000284,CUST_00636,PAY_005266|CHK_001552,payment|checkout,payment_failed|checkout_abandoned,14111.49,timeout,matched,0.9572483799844429,2026-07-03 14:30:16.110047
CASE_000285,CUST_00564,PAY_006331|CHK_000560,payment|checkout,payment_failed|checkout_abandoned,17346.63,insufficient_funds,matched,0.9569725954455323,2026-06-20 20:20:16.163150
CASE_000286,CUST_00425,PAY_005771|CHK_002362,payment|checkout,payment_failed|checkout_abandoned,12646.66,insufficient_funds,matched,0.9567970005958535,2026-07-16 22:09:16.132362
CASE_000287,CUST_00827,PAY_006186|CHK_000936,payment|checkout,payment_failed|checkout_abandoned,857.48,authentication_failed,matched,0.9567887945556229,2026-08-20 08:48:16.153175
CASE_000288,CUST_00741,PAY_004869|CHK_000470,payment|checkout,payment_failed|checkout_abandoned,40793.64,insufficient_funds,matched,0.9566406634302145,2026-07-04 23:37:16.092492
CASE_000289,CUST_00345,PAY_006803|CHK_002721,payment|checkout,payment_failed|checkout_abandoned,42430.63,expired_instrument,matched,0.9565788469189462,2026-08-18 12:19:16.184396
CASE_000290,CUST_01488,PAY_004531|CHK_001071,payment|checkout,payment_failed|checkout_abandoned,31090.91,temporary_bank_failure,matched,0.9565016202127531,2026-07-29 18:44:16.078040
CASE_000291,CUST_01585,PAY_005232|CHK_000808,payment|checkout,payment_failed|checkout_abandoned,14704.71,insufficient_funds,matched,0.9565007986103319,2026-08-01 01:21:16.108952
CASE_000292,CUST_01356,PAY_005678|CHK_002335,payment|checkout,payment_failed|checkout_abandoned,30979.72,temporary_bank_failure,matched,0.9563759937145978,2026-07-11 06:27:16.127657
CASE_000293,CUST_00833,PAY_000185|CHK_003220,payment|checkout,payment_failed|checkout_abandoned,22104.41,risk_decline,matched,0.9563459658301469,2026-08-10 14:53:15.801320
CASE_000294,CUST_00825,PAY_000463|CHK_001728,payment|checkout,payment_failed|checkout_abandoned,18655.88,timeout,matched,0.956317103359489,2026-08-25 08:03:15.840546
CASE_000295,CUST_00959,PAY_000411|CHK_001688,payment|checkout,payment_failed|checkout_abandoned,47299.84,temporary_bank_failure,matched,0.9562144696942363,2026-08-17 13:38:15.815161
CASE_000296,CUST_01744,PAY_004904|CHK_000168,payment|checkout,payment_failed|checkout_abandoned,15660.54,limit_exceeded,matched,0.9558386205073388,2026-06-18 11:25:16.094679
CASE_000297,CUST_00663,PAY_006908|CHK_001635,payment|checkout,payment_failed|checkout_abandoned,13202.8,expired_instrument,matched,0.9557626075950221,2026-06-26 09:01:16.188773
CASE_000298,CUST_01094,PAY_004540|CHK_000370,payment|checkout,payment_failed|checkout_abandoned,4432.86,authentication_failed,matched,0.9554908907567575,2026-07-31 06:51:16.079147
CASE_000299,CUST_00145,PAY_003530|CHK_002635,payment|checkout,payment_failed|checkout_abandoned,4114.93,blocked_instrument,matched,0.9554810511154908,2026-06-13 16:15:16.033923
CASE_000300,CUST_01761,PAY_005410|CHK_001453,payment|checkout,payment_failed|checkout_abandoned,46106.15,insufficient_funds,matched,0.9554784439458366,2026-08-22 16:19:16.116432
CASE_000301,CUST_00460,PAY_001861|CHK_000964,payment|checkout,payment_failed|checkout_abandoned,44306.97,temporary_bank_failure,matched,0.9554343870727338,2026-06-26 10:50:15.940226
CASE_000302,CUST_01604,PAY_004297|CHK_002602,payment|checkout,payment_failed|checkout_abandoned,10386.52,temporary_bank_failure,matched,0.955332421253702,2026-08-21 11:50:16.068024
CASE_000303,CUST_00597,PAY_005065|CHK_001159,payment|checkout,payment_failed|checkout_abandoned,17446.74,temporary_bank_failure,matched,0.9550784349014964,2026-08-11 21:00:16.101256
CASE_000304,CUST_00895,PAY_004235|CHK_002877,payment|checkout,payment_failed|checkout_abandoned,4327.56,timeout,matched,0.9550097052380556,2026-05-30 16:22:16.065831
CASE_000305,CUST_00848,PAY_000814|CHK_000245,payment|checkout,payment_failed|checkout_abandoned,17436.75,expired_instrument,matched,0.955001240196711,2026-06-24 00:34:15.867714
CASE_000306,CUST_00773,PAY_002746|CHK_002425,payment|checkout,payment_failed|checkout_abandoned,44164.19,temporary_bank_failure,matched,0.9549127830966924,2026-08-05 18:09:15.992183
CASE_000307,CUST_01912,PAY_000342|CHK_001931,payment|checkout,payment_failed|checkout_abandoned,18120.82,timeout,matched,0.9547902780705657,2026-08-13 23:28:15.811865
CASE_000308,CUST_00463,PAY_002789|CHK_002704,payment|checkout,payment_failed|checkout_abandoned,44677.15,temporary_bank_failure,matched,0.9544836410907042,2026-07-19 08:38:15.995388
CASE_000309,CUST_01251,PAY_001382|CHK_002092,payment|checkout,payment_failed|checkout_abandoned,26897.01,limit_exceeded,matched,0.9544106417404761,2026-06-25 17:43:15.902171
CASE_000310,CUST_01853,PAY_003703|CHK_003427,payment|checkout,payment_failed|checkout_abandoned,31559.53,risk_decline,matched,0.9543049600759792,2026-07-12 21:30:16.041793
CASE_000311,CUST_00845,PAY_001081|CHK_000929,payment|checkout,payment_failed|checkout_abandoned,43358.28,authentication_failed,matched,0.954120520924723,2026-05-31 15:05:15.886910
CASE_000312,CUST_01158,PAY_003822|CHK_002563,payment|checkout,payment_failed|checkout_abandoned,6795.33,insufficient_funds,matched,0.9540758776002539,2026-06-29 03:02:16.047537
CASE_000313,CUST_00154,PAY_006882|CHK_002608,payment|checkout,payment_failed|checkout_abandoned,33358.43,insufficient_funds,matched,0.9538169290674385,2026-06-30 14:38:16.187677
CASE_000314,CUST_01295,PAY_002624|CHK_002246,payment|checkout,payment_failed|checkout_abandoned,1307.16,timeout,matched,0.9537288472719483,2026-07-29 11:21:15.985998
CASE_000315,CUST_01384,PAY_003964|CHK_002739,payment|checkout,payment_failed|checkout_abandoned,19279.79,insufficient_funds,matched,0.9537159043514247,2026-08-13 10:41:16.053736
CASE_000316,CUST_01429,PAY_005739|CHK_001400,payment|checkout,payment_failed|checkout_abandoned,2898.73,limit_exceeded,matched,0.9536819064824174,2026-06-26 19:15:16.130946
CASE_000317,CUST_01194,PAY_005212|CHK_001352,payment|checkout,payment_failed|checkout_abandoned,21447.01,unknown_failure,matched,0.9536256431808237,2026-08-02 00:05:16.107855
CASE_000318,CUST_01965,PAY_005827|CHK_000521,payment|checkout,payment_failed|checkout_abandoned,29580.63,risk_decline,matched,0.9534798971489113,2026-08-17 05:51:16.134573
CASE_000319,CUST_01571,PAY_002508|CHK_001023,payment|checkout,payment_failed|checkout_abandoned,724.27,insufficient_funds,matched,0.9534145722206113,2026-07-05 09:51:15.979699
CASE_000320,CUST_00588,PAY_006521|CHK_003402,payment|checkout,payment_failed|checkout_abandoned,38314.11,insufficient_funds,matched,0.9533990132268939,2026-08-07 17:52:16.172026
CASE_000321,CUST_01895,PAY_004706|CHK_000116,payment|checkout,payment_failed|checkout_abandoned,68111.54,risk_decline,matched,0.9533878569704276,2026-08-18 04:01:16.085903
CASE_000322,CUST_01385,PAY_004655|CHK_000055,payment|checkout,payment_failed|checkout_abandoned,8804.16,limit_exceeded,matched,0.9533319703412932,2026-06-01 07:02:16.083515
CASE_000323,CUST_01670,PAY_006585|CHK_001551,payment|checkout,payment_failed|checkout_abandoned,18550.61,temporary_bank_failure,matched,0.953326087090637,2026-08-12 18:11:16.174222
CASE_000324,CUST_01194,PAY_002594|CHK_000348,payment|checkout,payment_failed|checkout_abandoned,2590.18,risk_decline,matched,0.9531806841394979,2026-06-23 11:46:15.983965
CASE_000325,CUST_01942,PAY_006773|CHK_002680,payment|checkout,payment_failed|checkout_abandoned,13493.3,timeout,matched,0.9531644552810985,2026-07-30 15:11:16.183300
CASE_000326,CUST_00641,PAY_002339|CHK_001790,payment|checkout,payment_failed|checkout_abandoned,40483.04,timeout,matched,0.9531536421726783,2026-06-16 04:05:15.966732
CASE_000327,CUST_01472,PAY_002944|CHK_002972,payment|checkout,payment_failed|checkout_abandoned,24186.46,temporary_bank_failure,matched,0.9529857056386093,2026-08-06 03:38:16.006577
CASE_000328,CUST_00757,PAY_000278|CHK_002219,payment|checkout,payment_failed|checkout_abandoned,3276.76,insufficient_funds,matched,0.9528966485864763,2026-07-05 11:36:15.806857
CASE_000329,CUST_01938,PAY_002282|CHK_001442,payment|checkout,payment_failed|checkout_abandoned,35715.27,insufficient_funds,matched,0.9528444397405741,2026-07-18 07:19:15.962529
CASE_000330,CUST_00847,PAY_006945|CHK_003242,payment|checkout,payment_failed|checkout_abandoned,42821.94,blocked_instrument,matched,0.9524615773285063,2026-06-02 19:53:16.189879
CASE_000331,CUST_01916,PAY_003594|CHK_003405,payment|checkout,payment_failed|checkout_abandoned,99619.69,temporary_bank_failure,matched,0.9520922874283186,2026-07-20 15:56:16.037350
CASE_000332,CUST_00878,PAY_004727|CHK_002450,payment|checkout,payment_failed|checkout_abandoned,49158.86,timeout,matched,0.9519961640688983,2026-07-15 02:16:16.086999
CASE_000333,CUST_01723,PAY_003773|CHK_000743,payment|checkout,payment_failed|checkout_abandoned,62967.91,expired_instrument,matched,0.9519558376375099,2026-07-09 15:04:16.045043
CASE_000334,CUST_00707,PAY_002814|CHK_002337,payment|checkout,payment_failed|checkout_abandoned,18543.06,authentication_failed,matched,0.9518401412711817,2026-05-27 22:25:15.997413
CASE_000335,CUST_00476,PAY_002160|CHK_002890,payment|checkout,payment_failed|checkout_abandoned,8973.59,temporary_bank_failure,matched,0.9514988823375656,2026-06-08 11:17:15.956990
CASE_000336,CUST_00595,PAY_006325|CHK_001571,payment|checkout,payment_failed|checkout_abandoned,38242.39,blocked_instrument,matched,0.9514105224595011,2026-08-24 18:00:16.161644
CASE_000337,CUST_00179,PAY_003643|CHK_000685,payment|checkout,payment_failed|checkout_abandoned,42886.85,expired_instrument,matched,0.9513883435261754,2026-05-30 09:31:16.039598
CASE_000338,CUST_00774,PAY_006752|CHK_001758,payment|checkout,payment_failed|checkout_abandoned,46970.49,insufficient_funds,matched,0.9513131766349467,2026-08-12 09:37:16.182203
CASE_000339,CUST_01491,PAY_000862|CHK_002700,payment|checkout,payment_failed|checkout_abandoned,5752.81,expired_instrument,matched,0.951307537340689,2026-06-01 21:59:15.869689
CASE_000340,CUST_00915,PAY_005522|CHK_003028,payment|checkout,payment_failed|checkout_abandoned,10956.24,limit_exceeded,matched,0.9512768979138828,2026-07-17 18:17:16.121098
CASE_000341,CUST_00236,PAY_006682|CHK_002906,payment|checkout,payment_failed|checkout_abandoned,15929.15,insufficient_funds,matched,0.9512426397167737,2026-07-25 08:28:16.178598
CASE_000342,CUST_01735,PAY_006044|CHK_002983,payment|checkout,payment_failed|checkout_abandoned,7956.46,insufficient_funds,matched,0.9511632525296705,2026-07-18 05:27:16.144429
CASE_000343,CUST_01769,PAY_001717|CHK_002726,payment|checkout,payment_failed|checkout_abandoned,3006.65,insufficient_funds,matched,0.9505606646008755,2026-06-22 21:57:15.929677
CASE_000344,CUST_01064,PAY_002750|CHK_000914,payment|checkout,payment_failed|checkout_abandoned,27777.17,insufficient_funds,matched,0.9505343450914706,2026-08-01 14:13:15.992183
CASE_000345,CUST_01308,PAY_000057|CHK_002886,payment|checkout,payment_failed|checkout_abandoned,522.9,insufficient_funds,matched,0.9504948364888124,2026-05-30 23:33:15.792231
CASE_000346,CUST_00118,PAY_006598|CHK_000150,payment|checkout,payment_failed|checkout_abandoned,2059.1,timeout,matched,0.9504842865545358,2026-07-03 05:02:16.175315
CASE_000347,CUST_01821,PAY_004299|CHK_003463,payment|checkout,payment_failed|checkout_abandoned,22662.22,insufficient_funds,matched,0.9504598247656232,2026-07-03 22:01:16.068024
CASE_000348,CUST_01096,PAY_004962|CHK_002064,payment|checkout,payment_failed|checkout_abandoned,6637.98,risk_decline,matched,0.9503308837929612,2026-06-10 10:16:16.096861
CASE_000349,CUST_01938,PAY_003074|CHK_001881,payment|checkout,payment_failed|checkout_abandoned,22890.99,temporary_bank_failure,matched,0.9503057538504596,2026-06-02 05:31:16.014908
CASE_000350,CUST_00456,PAY_001560|CHK_002915,payment|checkout,payment_failed|checkout_abandoned,50366.23,expired_instrument,matched,0.9502921362742015,2026-08-25 02:25:15.919294
CASE_000351,CUST_00244,PAY_004694|CHK_003451,payment|checkout,payment_failed|checkout_abandoned,38557.75,risk_decline,matched,0.9502889976002806,2026-07-25 05:58:16.085903
CASE_000352,CUST_01823,PAY_004025|CHK_001035,payment|checkout,payment_failed|checkout_abandoned,68687.8,unknown_failure,matched,0.9501380740102319,2026-07-25 20:42:16.055991
CASE_000353,CUST_01965,PAY_003634|CHK_001492,payment|checkout,payment_failed|checkout_abandoned,15224.19,temporary_bank_failure,matched,0.9500213306367475,2026-08-07 03:51:16.038451
CASE_000354,CUST_01254,PAY_001895|CHK_000545,payment|checkout,payment_failed|checkout_abandoned,35683.32,unknown_failure,matched,0.9500133741292383,2026-07-29 00:53:15.942675
CASE_000355,CUST_00973,PAY_002545|CHK_000019,payment|checkout,payment_failed|checkout_abandoned,20822.36,expired_instrument,matched,0.9499789040883613,2026-06-15 18:17:15.981693
CASE_000356,CUST_01636,PAY_005451|CHK_002987,payment|checkout,payment_failed|checkout_abandoned,32451.29,insufficient_funds,matched,0.9497971224290656,2026-08-14 02:12:16.117856
CASE_000357,CUST_01955,PAY_000944|CHK_002940,payment|checkout,payment_failed|checkout_abandoned,37337.76,unknown_failure,matched,0.9497869181225654,2026-07-09 18:55:15.873190
CASE_000358,CUST_01327,PAY_004628|CHK_000472,payment|checkout,payment_failed|checkout_abandoned,90287.55,authentication_failed,matched,0.9497839195437244,2026-06-02 09:47:16.082425
CASE_000359,CUST_01787,PAY_006727|CHK_001534,payment|checkout,payment_failed|checkout_abandoned,10393.64,timeout,matched,0.949593746218307,2026-06-13 16:37:16.181112
CASE_000360,CUST_01494,PAY_001485|CHK_000343,payment|checkout,payment_failed|checkout_abandoned,20725.08,authentication_failed,matched,0.9495757201741399,2026-05-31 10:55:15.911673
CASE_000361,CUST_01276,PAY_000506|CHK_003436,payment|checkout,payment_failed|checkout_abandoned,61130.75,blocked_instrument,matched,0.9495726416556134,2026-07-01 18:07:15.847581
CASE_000362,CUST_00849,PAY_004993|CHK_002686,payment|checkout,payment_failed|checkout_abandoned,28519.91,authentication_failed,matched,0.9495184091472317,2026-07-28 13:58:16.097955
CASE_000363,CUST_00663,PAY_001590|CHK_001329,payment|checkout,payment_failed|checkout_abandoned,8480.16,risk_decline,matched,0.9494815192166186,2026-08-18 12:37:15.922362
CASE_000364,CUST_00363,PAY_002524|CHK_000458,payment|checkout,payment_failed|checkout_abandoned,6571.74,timeout,matched,0.9493320236852545,2026-06-13 12:27:15.980696
CASE_000365,CUST_01239,PAY_006537|CHK_000091,payment|checkout,payment_failed|checkout_abandoned,3655.78,temporary_bank_failure,matched,0.9491846473256049,2026-07-12 13:43:16.172026
CASE_000366,CUST_01457,PAY_004784|CHK_001076,payment|checkout,payment_failed|checkout_abandoned,46020.41,temporary_bank_failure,matched,0.948929750348209,2026-05-31 16:59:16.089201
CASE_000367,CUST_01178,PAY_003848|CHK_002435,payment|checkout,payment_failed|checkout_abandoned,37192.41,limit_exceeded,matched,0.9488813167794182,2026-07-04 12:54:16.048637
CASE_000368,CUST_00044,PAY_006261|CHK_000739,payment|checkout,payment_failed|checkout_abandoned,19973.14,authentication_failed,matched,0.9488146945236341,2026-08-08 08:30:16.158641
CASE_000369,CUST_00213,PAY_003312|CHK_002789,payment|checkout,payment_failed|checkout_abandoned,68256.72,timeout,matched,0.9485086215686895,2026-08-02 02:45:16.025148
CASE_000370,CUST_01290,PAY_002279|CHK_000867,payment|checkout,payment_failed|checkout_abandoned,19253.78,temporary_bank_failure,matched,0.9483611604809261,2026-08-01 03:03:15.962529
CASE_000371,CUST_00148,PAY_004600|CHK_001155,payment|checkout,payment_failed|checkout_abandoned,3829.92,insufficient_funds,matched,0.9482530879670245,2026-07-14 13:50:16.081333
CASE_000372,CUST_00962,PAY_005423|CHK_000548,payment|checkout,payment_failed|checkout_abandoned,10727.87,timeout,matched,0.9482204352878167,2026-08-24 23:36:16.116432
CASE_000373,CUST_01144,PAY_005898|CHK_000752,payment|checkout,payment_failed|checkout_abandoned,6140.03,authentication_failed,matched,0.9480623343859884,2026-05-29 04:47:16.137864
CASE_000374,CUST_01088,PAY_005879|CHK_000366,payment|checkout,payment_failed|checkout_abandoned,17918.87,temporary_bank_failure,matched,0.9479556515623535,2026-06-25 18:08:16.136763
CASE_000375,CUST_00038,PAY_005909|CHK_001939,payment|checkout,payment_failed|checkout_abandoned,41506.45,temporary_bank_failure,matched,0.9478824961073655,2026-06-18 01:38:16.137864
CASE_000376,CUST_01616,PAY_002871|CHK_003335,payment|checkout,payment_failed|checkout_abandoned,42801.42,timeout,matched,0.9477120774653427,2026-08-18 02:33:16.001494
CASE_000377,CUST_01401,PAY_006386|CHK_000674,payment|checkout,payment_failed|checkout_abandoned,40172.25,timeout,matched,0.9476462379710704,2026-07-28 14:11:16.165448
CASE_000378,CUST_01518,PAY_000068|CHK_002780,payment|checkout,payment_failed|checkout_abandoned,10167.47,expired_instrument,matched,0.9475910291460031,2026-06-25 01:31:15.793269
CASE_000379,CUST_00580,PAY_002232|CHK_003078,payment|checkout,payment_failed|checkout_abandoned,8537.67,expired_instrument,matched,0.9469996819975474,2026-07-10 12:43:15.959980
CASE_000380,CUST_00613,PAY_003986|CHK_000463,payment|checkout,payment_failed|checkout_abandoned,40490.39,timeout,matched,0.9468530424407151,2026-08-10 09:57:16.054832
CASE_000381,CUST_01809,PAY_006488|CHK_000072,payment|checkout,payment_failed|checkout_abandoned,40086.69,insufficient_funds,matched,0.9467895347558004,2026-06-12 06:25:16.169826
CASE_000382,CUST_00932,PAY_000430|CHK_003125,payment|checkout,payment_failed|checkout_abandoned,95553.31,temporary_bank_failure,matched,0.9467719924848467,2026-08-14 00:35:15.836105
CASE_000383,CUST_01304,PAY_003742|CHK_000303,payment|checkout,payment_failed|checkout_abandoned,10952.6,temporary_bank_failure,matched,0.9466962943349828,2026-08-04 07:04:16.044031
CASE_000384,CUST_00810,PAY_003404|CHK_001501,payment|checkout,payment_failed|checkout_abandoned,22385.29,risk_decline,matched,0.9465518642177768,2026-07-18 23:16:16.028439
CASE_000385,CUST_01311,PAY_006428|CHK_002156,payment|checkout,payment_failed|checkout_abandoned,5554.63,temporary_bank_failure,matched,0.9464412241079364,2026-07-20 17:20:16.167635
CASE_000386,CUST_00411,PAY_004967|CHK_001653,payment|checkout,payment_failed|checkout_abandoned,23856.63,authentication_failed,matched,0.9462505873629259,2026-08-19 14:39:16.096861
CASE_000387,CUST_00316,PAY_006405|CHK_003458,payment|checkout,payment_failed|checkout_abandoned,2792.39,authentication_failed,matched,0.9462124430645035,2026-06-24 04:28:16.166543
CASE_000388,CUST_01968,PAY_005856|CHK_001372,payment|checkout,payment_failed|checkout_abandoned,42227.7,risk_decline,matched,0.9460630206396907,2026-07-10 03:54:16.135675
CASE_000389,CUST_01505,PAY_004723|CHK_000727,payment|checkout,payment_failed|checkout_abandoned,24503.23,expired_instrument,matched,0.9459896852827612,2026-08-12 02:06:16.086999
CASE_000390,CUST_00952,PAY_005074|CHK_002361,payment|checkout,payment_failed|checkout_abandoned,35866.37,insufficient_funds,matched,0.9458180572621218,2026-06-19 16:35:16.102352
CASE_000391,CUST_00413,PAY_006696|CHK_003390,payment|checkout,payment_failed|checkout_abandoned,28740.62,temporary_bank_failure,matched,0.9457866029179453,2026-06-17 21:14:16.178598
CASE_000392,CUST_01161,PAY_005384|CHK_003351,payment|checkout,payment_failed|checkout_abandoned,37521.99,temporary_bank_failure,matched,0.9457607885402667,2026-07-10 06:45:16.115522
CASE_000393,CUST_01253,PAY_005984|CHK_000038,payment|checkout,payment_failed|checkout_abandoned,17810.31,timeout,matched,0.9455142541033816,2026-07-10 15:59:16.141149
CASE_000394,CUST_00494,PAY_000125|CHK_001591,payment|checkout,payment_failed|checkout_abandoned,24520.08,insufficient_funds,matched,0.9455091473328525,2026-06-10 03:48:15.796935
CASE_000395,CUST_01619,PAY_000031|CHK_000835,payment|checkout,payment_failed|checkout_abandoned,4654.92,timeout,matched,0.945396569651036,2026-08-03 04:48:15.791127
CASE_000396,CUST_00957,PAY_003728|CHK_001944,payment|checkout,payment_failed|checkout_abandoned,27825.3,temporary_bank_failure,matched,0.9453125482923814,2026-05-31 12:32:16.042895
CASE_000397,CUST_01090,PAY_005419|CHK_002430,payment|checkout,payment_failed|checkout_abandoned,84192.66,timeout,matched,0.9450630274658147,2026-08-05 15:30:16.116432
CASE_000398,CUST_01339,PAY_002764|CHK_003088,payment|checkout,payment_failed|checkout_abandoned,1577.11,risk_decline,matched,0.9450000176130884,2026-06-08 05:54:15.993192
CASE_000399,CUST_01865,PAY_002772|CHK_001281,payment|checkout,payment_failed|checkout_abandoned,38478.04,insufficient_funds,matched,0.9447755039844372,2026-08-16 00:51:15.994371
CASE_000400,CUST_00669,PAY_005062|CHK_003116,payment|checkout,payment_failed|checkout_abandoned,78018.06,temporary_bank_failure,matched,0.9446793644104113,2026-08-25 00:12:16.101256
CASE_000401,CUST_00633,PAY_005247|CHK_002982,payment|checkout,payment_failed|checkout_abandoned,16035.28,insufficient_funds,matched,0.9446120415594725,2026-05-30 13:17:16.108952
CASE_000402,CUST_00757,PAY_005252|CHK_000599,payment|checkout,payment_failed|checkout_abandoned,6305.38,timeout,matched,0.9445947666913017,2026-06-16 17:16:16.110047
CASE_000403,CUST_00639,PAY_001900|CHK_003329,payment|checkout,payment_failed|checkout_abandoned,3978.19,expired_instrument,matched,0.944157064309816,2026-08-14 14:23:15.943671
CASE_000404,CUST_00845,PAY_003779|CHK_000195,payment|checkout,payment_failed|checkout_abandoned,14390.83,temporary_bank_failure,matched,0.9440695042915832,2026-06-06 17:53:16.045043
CASE_000405,CUST_01883,PAY_000496|CHK_000066,payment|checkout,payment_failed|checkout_abandoned,2664.69,insufficient_funds,matched,0.9438573405036483,2026-05-28 03:51:15.846526
CASE_000406,CUST_00671,PAY_002396|CHK_003169,payment|checkout,payment_failed|checkout_abandoned,90922.85,expired_instrument,matched,0.9437597487259192,2026-07-27 09:53:15.970729
CASE_000407,CUST_01882,PAY_004817|CHK_003221,payment|checkout,payment_failed|checkout_abandoned,16740.4,expired_instrument,matched,0.9436970110896062,2026-06-26 01:19:16.090299
CASE_000408,CUST_00150,PAY_003381|CHK_001418,payment|checkout,payment_failed|checkout_abandoned,12086.38,temporary_bank_failure,matched,0.9436331961173561,2026-07-14 09:31:16.027342
CASE_000409,CUST_01889,PAY_004093|CHK_001584,payment|checkout,payment_failed|checkout_abandoned,4009.77,temporary_bank_failure,matched,0.9434648433700686,2026-07-02 05:51:16.059278
CASE_000410,CUST_00965,PAY_000284|CHK_000622,payment|checkout,payment_failed|checkout_abandoned,602.36,insufficient_funds,matched,0.9434513690594771,2026-06-07 10:16:15.806857
CASE_000411,CUST_00956,PAY_000187|CHK_003095,payment|checkout,payment_failed|checkout_abandoned,12766.69,limit_exceeded,matched,0.943403814275013,2026-07-20 06:33:15.801320
CASE_000412,CUST_01782,PAY_005282|CHK_002742,payment|checkout,payment_failed|checkout_abandoned,32437.77,expired_instrument,matched,0.9431833086347593,2026-07-19 21:12:16.111146
CASE_000413,CUST_01544,PAY_000808|CHK_003271,payment|checkout,payment_failed|checkout_abandoned,8526.25,temporary_bank_failure,matched,0.9430872012901333,2026-07-24 16:43:15.866685
CASE_000414,CUST_00462,PAY_002316|CHK_002036,payment|checkout,payment_failed|checkout_abandoned,9331.94,limit_exceeded,matched,0.9426287805346178,2026-08-01 16:50:15.964527
CASE_000415,CUST_01957,PAY_003258|CHK_002694,payment|checkout,payment_failed|checkout_abandoned,16148.5,insufficient_funds,matched,0.9422343458112725,2026-08-01 12:03:16.022647
CASE_000416,CUST_01828,PAY_004411|CHK_003342,payment|checkout,payment_failed|checkout_abandoned,13675.8,risk_decline,matched,0.9422196629569508,2026-07-29 18:19:16.073506
CASE_000417,CUST_01828,PAY_000810|CHK_001850,payment|checkout,payment_failed|checkout_abandoned,7249.55,insufficient_funds,matched,0.9420034730125011,2026-07-29 00:24:15.867714
CASE_000418,CUST_01650,PAY_005589|CHK_001990,payment|checkout,payment_failed|checkout_abandoned,29046.68,temporary_bank_failure,matched,0.9419014416334902,2026-06-07 10:07:16.124375
CASE_000419,CUST_01180,PAY_003364|CHK_003272,payment|checkout,payment_failed|checkout_abandoned,39203.57,temporary_bank_failure,matched,0.9418627247042383,2026-06-04 08:55:16.027342
CASE_000420,CUST_01464,PAY_004598|CHK_003375,payment|checkout,payment_failed|checkout_abandoned,10572.85,temporary_bank_failure,matched,0.9417515683514326,2026-06-09 04:48:16.081333
CASE_000421,CUST_00911,PAY_002740|CHK_003040,payment|checkout,payment_failed|checkout_abandoned,11483.45,insufficient_funds,matched,0.9416366887419141,2026-07-24 17:03:15.992183
CASE_000422,CUST_00756,PAY_003500|CHK_000060,payment|checkout,payment_failed|checkout_abandoned,12296.2,unknown_failure,matched,0.9416334585752779,2026-06-02 21:05:16.032831
CASE_000423,CUST_00293,PAY_001402|CHK_001600,payment|checkout,payment_failed|checkout_abandoned,31785.03,risk_decline,matched,0.941441618113936,2026-06-21 06:51:15.903167
CASE_000424,CUST_01776,PAY_003786|CHK_001231,payment|checkout,payment_failed|checkout_abandoned,45143.4,timeout,matched,0.9413524863730541,2026-07-22 03:22:16.045043
CASE_000425,CUST_00248,PAY_006755|CHK_001358,payment|checkout,payment_failed|checkout_abandoned,32943.69,limit_exceeded,matched,0.9413078111468387,2026-06-02 10:14:16.182203
CASE_000426,CUST_01948,PAY_001358|CHK_002069,payment|checkout,payment_failed|checkout_abandoned,35840.81,expired_instrument,matched,0.94126297384338,2026-07-15 12:40:15.901174
CASE_000427,CUST_00128,PAY_001502|CHK_000039,payment|checkout,payment_failed|checkout_abandoned,3536.19,limit_exceeded,matched,0.9412390454132837,2026-07-11 14:47:15.912787
CASE_000428,CUST_00132,PAY_004110|CHK_001199,payment|checkout,payment_failed|checkout_abandoned,9754.03,timeout,matched,0.9412220663891973,2026-07-03 04:56:16.060374
CASE_000429,CUST_01308,PAY_000678|CHK_000925,payment|checkout,payment_failed|checkout_abandoned,14611.13,temporary_bank_failure,matched,0.9410102378574873,2026-07-23 00:33:15.861169
CASE_000430,CUST_00700,PAY_004451|CHK_001527,payment|checkout,payment_failed|checkout_abandoned,19811.32,insufficient_funds,matched,0.9409939822283423,2026-07-27 17:36:16.074624
CASE_000431,CUST_01203,PAY_003439|CHK_001037,payment|checkout,payment_failed|checkout_abandoned,6210.49,blocked_instrument,matched,0.9408782774520743,2026-06-29 12:45:16.030632
CASE_000432,CUST_00037,PAY_006749|CHK_000344,payment|checkout,payment_failed|checkout_abandoned,34252.37,authentication_failed,matched,0.940876485902857,2026-07-31 14:09:16.182203
CASE_000433,CUST_00087,PAY_004698|CHK_000987,payment|checkout,payment_failed|checkout_abandoned,13045.79,authentication_failed,matched,0.9407767740056796,2026-05-29 20:16:16.085903
CASE_000434,CUST_00357,PAY_004613|CHK_002527,payment|checkout,payment_failed|checkout_abandoned,2607.18,timeout,matched,0.9407390552244188,2026-07-01 00:09:16.081333
CASE_000435,CUST_01582,PAY_004582|CHK_003083,payment|checkout,payment_failed|checkout_abandoned,38916.45,authentication_failed,matched,0.9402464895950171,2026-07-25 05:55:16.080239
CASE_000436,CUST_00967,PAY_003100|CHK_000720,payment|checkout,payment_failed|checkout_abandoned,49351.03,expired_instrument,matched,0.9396446790922546,2026-08-08 12:10:16.016001
CASE_000437,CUST_01036,PAY_002661|CHK_002691,payment|checkout,payment_failed|checkout_abandoned,1219.81,temporary_bank_failure,matched,0.9396284849461984,2026-06-12 15:18:15.987013
CASE_000438,CUST_01827,PAY_000762|CHK_003182,payment|checkout,payment_failed|checkout_abandoned,6922.05,timeout,matched,0.9395714359667053,2026-07-29 17:40:15.865396
CASE_000439,CUST_01936,PAY_003118|CHK_000906,payment|checkout,payment_failed|checkout_abandoned,49821.88,expired_instrument,matched,0.9394753083941789,2026-07-21 20:25:16.016001
CASE_000440,CUST_00586,PAY_004027|CHK_002902,payment|checkout,payment_failed|checkout_abandoned,29442.73,temporary_bank_failure,matched,0.939264058658208,2026-05-29 02:59:16.057089
CASE_000441,CUST_00118,PAY_005696|CHK_000291,payment|checkout,payment_failed|checkout_abandoned,17906.71,unknown_failure,matched,0.9388546507922946,2026-08-05 08:34:16.128754
CASE_000442,CUST_00522,PAY_003204|CHK_000671,payment|checkout,payment_failed|checkout_abandoned,26944.7,insufficient_funds,matched,0.9387485190862107,2026-07-13 12:05:16.020411
CASE_000443,CUST_01401,PAY_005294|CHK_003150,payment|checkout,payment_failed|checkout_abandoned,47064.4,unknown_failure,matched,0.9386104736866459,2026-07-10 00:35:16.111146
CASE_000444,CUST_01025,PAY_002361|CHK_003433,payment|checkout,payment_failed|checkout_abandoned,44986.04,risk_decline,matched,0.9385639016508727,2026-07-12 14:41:15.968736
CASE_000445,CUST_00269,PAY_002966|CHK_000047,payment|checkout,payment_failed|checkout_abandoned,45120.41,insufficient_funds,matched,0.9383457191422782,2026-08-06 14:17:16.009720
CASE_000446,CUST_01498,PAY_003999|CHK_003303,payment|checkout,payment_failed|checkout_abandoned,27744.02,insufficient_funds,matched,0.9375948302453005,2026-08-16 18:53:16.054832
CASE_000447,CUST_00387,PAY_006268|CHK_002386,payment|checkout,payment_failed|checkout_abandoned,32728.72,risk_decline,matched,0.9375128069645118,2026-07-03 14:48:16.159652
CASE_000448,CUST_00147,PAY_003473|CHK_000422,payment|checkout,payment_failed|checkout_abandoned,14674.82,blocked_instrument,matched,0.9372468297547923,2026-05-27 13:31:16.031728
CASE_000449,CUST_01499,PAY_004300|CHK_000865,payment|checkout,payment_failed|checkout_abandoned,4746.46,timeout,matched,0.9372245175000598,2026-08-21 18:12:16.068024
CASE_000450,CUST_00455,PAY_003569|CHK_001396,payment|checkout,payment_failed|checkout_abandoned,12649.25,authentication_failed,matched,0.9372127025537307,2026-07-12 11:08:16.036252
CASE_000451,CUST_00214,PAY_006020|CHK_001177,payment|checkout,payment_failed|checkout_abandoned,80697.18,unknown_failure,matched,0.9371754560279142,2026-08-13 20:24:16.143340
CASE_000452,CUST_01583,PAY_001553|CHK_000256,payment|checkout,payment_failed|checkout_abandoned,6559.94,authentication_failed,matched,0.9371408012539411,2026-07-20 15:52:15.918246
CASE_000453,CUST_01022,PAY_004881|CHK_003115,payment|checkout,payment_failed|checkout_abandoned,11003.62,risk_decline,matched,0.9371393217262439,2026-08-25 16:19:16.093587
CASE_000454,CUST_01083,PAY_001317|CHK_003194,payment|checkout,payment_failed|checkout_abandoned,27965.59,limit_exceeded,matched,0.9370660152748829,2026-06-07 01:34:15.899131
CASE_000455,CUST_01728,PAY_003003|CHK_001847,payment|checkout,payment_failed|checkout_abandoned,2428.18,authentication_failed,matched,0.9370646098907185,2026-07-17 16:24:16.011817
CASE_000456,CUST_00041,PAY_006380|CHK_000714,payment|checkout,payment_failed|checkout_abandoned,13354.13,authentication_failed,matched,0.9368773241353466,2026-07-06 21:17:16.165448
CASE_000457,CUST_01640,PAY_006679|CHK_003475,payment|checkout,payment_failed|checkout_abandoned,4508.3,authentication_failed,matched,0.9368720840819524,2026-08-04 07:53:16.178598
CASE_000458,CUST_01496,PAY_005019|CHK_002530,payment|checkout,payment_failed|checkout_abandoned,71696.31,temporary_bank_failure,matched,0.9367775054718064,2026-05-29 22:55:16.099054
CASE_000459,CUST_00993,PAY_006961|CHK_002243,payment|checkout,payment_failed|checkout_abandoned,27935.09,insufficient_funds,matched,0.9367700518714397,2026-07-16 10:06:16.190976
CASE_000460,CUST_01834,PAY_006161|CHK_000225,payment|checkout,payment_failed|checkout_abandoned,1290.36,authentication_failed,matched,0.9367443969124897,2026-07-25 15:24:16.152079
CASE_000461,CUST_01144,PAY_001369|CHK_002550,payment|checkout,payment_failed|checkout_abandoned,17085.62,unknown_failure,matched,0.9363615227958431,2026-08-02 22:21:15.902171
CASE_000462,CUST_01281,PAY_002736|CHK_003497,payment|checkout,payment_failed|checkout_abandoned,51124.92,timeout,matched,0.9360808962309053,2026-08-14 04:47:15.991170
CASE_000463,CUST_01579,PAY_005963|CHK_001275,payment|checkout,payment_failed|checkout_abandoned,5455.31,temporary_bank_failure,matched,0.9358437864514879,2026-06-18 08:44:16.141149
CASE_000464,CUST_00232,PAY_001520|CHK_003201,payment|checkout,payment_failed|checkout_abandoned,36457.73,timeout,matched,0.9357994628299677,2026-08-06 20:49:15.914951
CASE_000465,CUST_00528,PAY_005255|CHK_002190,payment|checkout,payment_failed|checkout_abandoned,39380.67,risk_decline,matched,0.9357938095009557,2026-05-27 05:10:16.110047
CASE_000466,CUST_00055,PAY_001048|CHK_002188,payment|checkout,payment_failed|checkout_abandoned,3360.95,insufficient_funds,matched,0.935723985116642,2026-06-20 21:59:15.885914
CASE_000467,CUST_01808,PAY_002127|CHK_001189,payment|checkout,payment_failed|checkout_abandoned,35282.02,limit_exceeded,matched,0.9356200100095049,2026-06-05 01:41:15.954997
CASE_000468,CUST_00886,PAY_006206|CHK_001114,payment|checkout,payment_failed|checkout_abandoned,14396.43,insufficient_funds,matched,0.9354903640462717,2026-08-14 22:41:16.155366
CASE_000469,CUST_01711,PAY_000303|CHK_002816,payment|checkout,payment_failed|checkout_abandoned,28078.12,blocked_instrument,matched,0.9350561987610124,2026-08-08 02:33:15.809274
CASE_000470,CUST_00391,PAY_001869|CHK_001833,payment|checkout,payment_failed|checkout_abandoned,49332.29,blocked_instrument,matched,0.9342944239856785,2026-06-03 21:42:15.940226
CASE_000471,CUST_01151,PAY_005042|CHK_003185,payment|checkout,payment_failed|checkout_abandoned,3727.59,risk_decline,matched,0.9342578359386807,2026-08-15 13:30:16.100154
CASE_000472,CUST_01118,PAY_002480|CHK_002671,payment|checkout,payment_failed|checkout_abandoned,30467.01,insufficient_funds,matched,0.9341893554153603,2026-06-09 08:36:15.976709
CASE_000473,CUST_01444,PAY_001864|CHK_000315,payment|checkout,payment_failed|checkout_abandoned,38199.52,temporary_bank_failure,matched,0.9341728005424618,2026-07-27 16:30:15.940226
CASE_000474,CUST_01552,PAY_000914|CHK_002109,payment|checkout,payment_failed|checkout_abandoned,2967.45,timeout,matched,0.9341393424208215,2026-06-09 09:18:15.872191
CASE_000475,CUST_01420,PAY_000800|CHK_001607,payment|checkout,payment_failed|checkout_abandoned,49429.01,timeout,matched,0.93405929208149,2026-07-27 01:10:15.866685
CASE_000476,CUST_01281,PAY_003423|CHK_003038,payment|checkout,payment_failed|checkout_abandoned,21402.5,unknown_failure,matched,0.9340445378914717,2026-06-27 15:31:16.029538
CASE_000477,CUST_01677,PAY_006077|CHK_000567,payment|checkout,payment_failed|checkout_abandoned,15184.93,insufficient_funds,matched,0.9332608983965609,2026-08-06 10:20:16.145524
CASE_000478,CUST_00634,PAY_004351|CHK_003094,payment|checkout,payment_failed|checkout_abandoned,49085.55,temporary_bank_failure,matched,0.9326005056477924,2026-06-18 18:00:16.070229
CASE_000479,CUST_00078,PAY_006071|CHK_000258,payment|checkout,payment_failed|checkout_abandoned,38223.49,blocked_instrument,matched,0.9320682419370916,2026-08-07 23:42:16.145524
CASE_000480,CUST_01737,PAY_004296|CHK_000360,payment|checkout,payment_failed|checkout_abandoned,66127.07,temporary_bank_failure,matched,0.9318120871091236,2026-06-26 16:50:16.068024
CASE_000481,CUST_01783,PAY_002805|CHK_000010,payment|checkout,payment_failed|checkout_abandoned,38384.78,temporary_bank_failure,matched,0.9317413034541295,2026-06-05 13:19:15.996401
CASE_000482,CUST_01235,PAY_003094|CHK_003376,payment|checkout,payment_failed|checkout_abandoned,18038.94,unknown_failure,matched,0.9316581489821464,2026-07-11 22:37:16.014908
CASE_000483,CUST_00979,PAY_005983|CHK_001481,payment|checkout,payment_failed|checkout_abandoned,31970.15,blocked_instrument,matched,0.9316199099437722,2026-08-07 12:20:16.141149
CASE_000484,CUST_01068,PAY_006978|CHK_003023,payment|checkout,payment_failed|checkout_abandoned,25513.38,temporary_bank_failure,matched,0.931374173080948,2026-08-05 15:31:16.192076
CASE_000485,CUST_01466,PAY_006512|CHK_002112,payment|checkout,payment_failed|checkout_abandoned,31953.13,expired_instrument,matched,0.9308880026428988,2026-07-04 22:48:16.170924
CASE_000486,CUST_00936,PAY_002589|CHK_000307,payment|checkout,payment_failed|checkout_abandoned,2451.79,timeout,matched,0.9308732667425296,2026-08-06 05:26:15.983965
CASE_000487,CUST_00403,PAY_004994|CHK_002841,payment|checkout,payment_failed|checkout_abandoned,13556.09,timeout,matched,0.9308441406941251,2026-07-04 21:34:16.097955
CASE_000488,CUST_01150,PAY_006728|CHK_000705,payment|checkout,payment_failed|checkout_abandoned,24245.31,authentication_failed,matched,0.9306534318733534,2026-06-08 03:10:16.181112
CASE_000489,CUST_01333,PAY_005931|CHK_001765,payment|checkout,payment_failed|checkout_abandoned,17720.8,insufficient_funds,matched,0.9305407079690409,2026-07-06 15:13:16.138958
CASE_000490,CUST_00733,PAY_004378|CHK_002065,payment|checkout,payment_failed|checkout_abandoned,13659.65,authentication_failed,matched,0.9304190586467769,2026-08-02 05:55:16.071320
CASE_000491,CUST_01166,PAY_003598|CHK_000204,payment|checkout,payment_failed|checkout_abandoned,28258.3,insufficient_funds,matched,0.930144897448026,2026-06-18 14:29:16.037350
CASE_000492,CUST_00712,PAY_003337|CHK_000580,payment|checkout,payment_failed|checkout_abandoned,4967.38,timeout,matched,0.9298207024852359,2026-08-20 21:26:16.026242
CASE_000493,CUST_00524,PAY_003629|CHK_000280,payment|checkout,payment_failed|checkout_abandoned,23422.06,risk_decline,matched,0.9295730598988019,2026-06-05 05:42:16.038451
CASE_000494,CUST_00243,PAY_002248|CHK_001151,payment|checkout,payment_failed|checkout_abandoned,43291.6,blocked_instrument,matched,0.9295540628359004,2026-06-28 16:50:15.959980
CASE_000495,CUST_01329,PAY_003164|CHK_002202,payment|checkout,payment_failed|checkout_abandoned,46446.91,limit_exceeded,matched,0.9289313514074455,2026-08-03 21:13:16.018219
CASE_000496,CUST_00336,PAY_004901|CHK_002055,payment|checkout,payment_failed|checkout_abandoned,34146.31,timeout,matched,0.9280215868615576,2026-07-07 23:48:16.094679
CASE_000497,CUST_01414,PAY_006701|CHK_000082,payment|checkout,payment_failed|checkout_abandoned,8254.88,temporary_bank_failure,matched,0.9271293532499026,2026-05-30 14:57:16.180011
CASE_000498,CUST_00209,PAY_002776|CHK_001283,payment|checkout,payment_failed|checkout_abandoned,37987.5,timeout,matched,0.9269254491609081,2026-07-13 22:04:15.994371
CASE_000499,CUST_00215,PAY_006621|CHK_000087,payment|checkout,payment_failed|checkout_abandoned,4062.71,timeout,matched,0.92685434517026,2026-07-20 17:41:16.176411
CASE_000500,CUST_01997,PAY_005123|CHK_000105,payment|checkout,payment_failed|checkout_abandoned,3942.57,insufficient_funds,matched,0.926393705966751,2026-06-15 04:08:16.103451
CASE_000501,CUST_01649,PAY_002255|CHK_000375,payment|checkout,payment_failed|checkout_abandoned,38002.44,unknown_failure,matched,0.9263616353756934,2026-07-29 06:32:15.960976
CASE_000502,CUST_01558,PAY_001921|CHK_000363,payment|checkout,payment_failed|checkout_abandoned,24008.05,insufficient_funds,matched,0.9263241426660362,2026-08-08 02:30:15.944669
CASE_000503,CUST_00258,PAY_000680|CHK_002597,payment|checkout,payment_failed|checkout_abandoned,28386.09,temporary_bank_failure,matched,0.9262829734563653,2026-06-16 23:29:15.861169
CASE_000504,CUST_01022,PAY_002156|CHK_002920,payment|checkout,payment_failed|checkout_abandoned,3793.01,insufficient_funds,matched,0.926101411983271,2026-07-31 12:04:15.956990
CASE_000505,CUST_00683,PAY_000989|CHK_001604,payment|checkout,payment_failed|checkout_abandoned,1520.57,blocked_instrument,matched,0.9247470630531095,2026-07-27 02:20:15.875676
CASE_000506,CUST_00121,PAY_006939|CHK_001384,payment|checkout,payment_failed|checkout_abandoned,15674.16,insufficient_funds,matched,0.924712324828465,2026-07-14 20:28:16.189879
CASE_000507,CUST_01707,PAY_001483|CHK_000226,payment|checkout,payment_failed|checkout_abandoned,19942.34,insufficient_funds,matched,0.9237812736341093,2026-08-22 12:17:15.910237
CASE_000508,CUST_01662,PAY_004180|CHK_001692,payment|checkout,payment_failed|checkout_abandoned,4512.69,temporary_bank_failure,matched,0.9235626200780465,2026-06-18 04:02:16.062562
CASE_000509,CUST_00763,PAY_005594|CHK_000272,payment|checkout,payment_failed|checkout_abandoned,36173.23,temporary_bank_failure,matched,0.9233760582219379,2026-07-14 17:32:16.124375
CASE_000510,CUST_01951,PAY_004764|CHK_003409,payment|checkout,payment_failed|checkout_abandoned,16244.9,timeout,matched,0.9229261371603122,2026-06-30 03:53:16.088099
CASE_000511,CUST_01183,PAY_006840|CHK_000044,payment|checkout,payment_failed|checkout_abandoned,47535.04,authentication_failed,matched,0.9220686120292643,2026-07-19 07:07:16.185492
CASE_000512,CUST_00273,PAY_002889|CHK_001633,payment|checkout,payment_failed|checkout_abandoned,32245.33,insufficient_funds,matched,0.9220001647439249,2026-06-10 01:43:16.002508
CASE_000513,CUST_00085,PAY_000243|CHK_002088,payment|checkout,payment_failed|checkout_abandoned,10061.35,unknown_failure,matched,0.921742037599328,2026-06-21 04:43:15.804626
CASE_000514,CUST_00192,PAY_004182|CHK_001331,payment|checkout,payment_failed|checkout_abandoned,19349.79,authentication_failed,matched,0.9213714541604844,2026-07-28 16:16:16.063651
CASE_000515,CUST_01110,PAY_003747|CHK_001655,payment|checkout,payment_failed|checkout_abandoned,38786.32,unknown_failure,matched,0.9209467123689199,2026-06-19 15:11:16.044031
CASE_000516,CUST_00604,PAY_004436|CHK_001775,payment|checkout,payment_failed|checkout_abandoned,8123.23,insufficient_funds,matched,0.9207726958501866,2026-08-18 19:22:16.074624
CASE_000517,CUST_01515,PAY_001935|CHK_000292,payment|checkout,payment_failed|checkout_abandoned,5373.64,temporary_bank_failure,matched,0.9207107534805705,2026-06-24 17:05:15.946028
CASE_000518,CUST_00711,PAY_003913|CHK_003442,payment|checkout,payment_failed|checkout_abandoned,12908.33,insufficient_funds,matched,0.9204761281625465,2026-08-25 03:27:16.050771
CASE_000519,CUST_01370,PAY_002824|CHK_001693,payment|checkout,payment_failed|checkout_abandoned,23686.79,unknown_failure,matched,0.9198555179208889,2026-07-22 08:28:15.998426
CASE_000520,CUST_00001,CHK_001508,checkout,checkout_abandoned,36059.8,,independent,,2026-06-24 15:43:16.584626
CASE_000521,CUST_00001,CHK_002364,checkout,checkout_abandoned,43314.37,,independent,,2026-07-05 10:56:16.760451
CASE_000522,CUST_00002,PAY_000599,payment,payment_failed,1852.27,risk_decline,independent,,2026-08-06 13:18:15.855172
CASE_000523,CUST_00004,CHK_002839,checkout,checkout_abandoned,16644.42,,independent,,2026-07-31 02:44:16.851823
CASE_000524,CUST_00005,INV_000005,invoice,invoice_overdue,34326.94,limit_exceeded,independent,,2026-04-13 20:32:17.001862
CASE_000525,CUST_00005,CHK_002289,checkout,checkout_abandoned,18066.27,,independent,,2026-07-20 21:09:16.747077
CASE_000526,CUST_00005,PAY_001095,payment,payment_failed,35807.68,limit_exceeded,independent,,2026-08-06 05:19:15.888396
CASE_000527,CUST_00006,SUB_000006,subscription,subscription_failed,5724.03,limit_exceeded,independent,,2026-03-31 20:32:16.211102
CASE_000528,CUST_00006,CHK_001185,checkout,checkout_abandoned,43850.94,,independent,,2026-07-25 10:35:16.524124
CASE_000529,CUST_00007,CHK_002009,checkout,checkout_abandoned,6411.96,,independent,,2026-08-09 13:32:16.695887
CASE_000530,CUST_00009,PAY_002384,payment,payment_failed,7097.98,blocked_instrument,independent,,2026-05-29 10:53:15.969733
CASE_000531,CUST_00010,INV_000010,invoice,invoice_overdue,56805.71,insufficient_funds,independent,,2026-04-25 20:32:17.001862
CASE_000532,CUST_00010,PAY_006437,payment,payment_failed,49236.91,timeout,independent,,2026-07-25 08:25:16.167635
CASE_000533,CUST_00010,PAY_003842,payment,payment_failed,43288.25,insufficient_funds,independent,,2026-07-29 08:11:16.048637
CASE_000534,CUST_00010,CHK_003311,checkout,checkout_abandoned,18983.01,,independent,,2026-08-05 12:45:16.950512
CASE_000535,CUST_00011,INV_000011,invoice,invoice_overdue,38297.76,insufficient_funds,independent,,2026-03-11 20:32:17.001862
CASE_000536,CUST_00011,CHK_002916,checkout,checkout_abandoned,47640.19,,independent,,2026-07-06 03:18:16.866172
CASE_000537,CUST_00011,CHK_000666,checkout,checkout_abandoned,16393.42,,independent,,2026-08-15 17:14:16.435985
CASE_000538,CUST_00012,PAY_004412,payment,payment_failed,28740.79,insufficient_funds,independent,,2026-06-23 18:55:16.073506
CASE_000539,CUST_00013,PAY_003749,payment,payment_failed,66204.88,expired_instrument,independent,,2026-08-20 03:02:16.044031
CASE_000540,CUST_00014,PAY_006395,payment,payment_failed,39622.32,insufficient_funds,independent,,2026-06-05 20:21:16.165448
CASE_000541,CUST_00014,CHK_000799,checkout,checkout_abandoned,3338.34,,independent,,2026-06-30 05:26:16.460262
CASE_000542,CUST_00014,CHK_003188,checkout,checkout_abandoned,38603.74,,independent,,2026-07-10 15:24:16.928369
CASE_000543,CUST_00016,SUB_000016,subscription,subscription_failed,1878.07,unknown_failure,independent,,2026-05-25 20:32:16.212199
CASE_000544,CUST_00017,INV_000017,invoice,invoice_overdue,26185.58,insufficient_funds,independent,,2026-05-26 20:32:17.001862
CASE_000545,CUST_00017,SUB_000017,subscription,subscription_failed,5326.75,temporary_bank_failure,independent,,2026-06-25 20:32:16.212199
CASE_000546,CUST_00017,PAY_002844,payment,payment_failed,16285.78,timeout,independent,,2026-08-01 23:28:15.999438
CASE_000547,CUST_00019,INV_000019,invoice,invoice_overdue,40325.68,temporary_bank_failure,independent,,2026-06-29 20:32:17.001862
CASE_000548,CUST_00021,INV_000021,invoice,invoice_overdue,22847.19,blocked_instrument,independent,,2026-02-28 20:32:17.001862
CASE_000549,CUST_00023,INV_000023,invoice,invoice_overdue,31637.08,risk_decline,independent,,2026-06-19 20:32:17.001862
CASE_000550,CUST_00023,PAY_001033,payment,payment_failed,21997.49,timeout,independent,,2026-07-24 14:25:15.883917
CASE_000551,CUST_00024,SUB_000024,subscription,subscription_failed,2685.17,timeout,independent,,2026-05-10 20:32:16.212199
CASE_000552,CUST_00025,INV_000025,invoice,invoice_overdue,55538.82,risk_decline,independent,,2026-03-11 20:32:17.001862
CASE_000553,CUST_00026,INV_000026,invoice,invoice_overdue,24252.32,temporary_bank_failure,independent,,2026-07-17 20:32:17.001862
CASE_000554,CUST_00027,INV_000027,invoice,invoice_overdue,126358.99,unknown_failure,independent,,2026-03-12 20:32:17.001862
CASE_000555,CUST_00027,SUB_000027,subscription,subscription_failed,21448.62,unknown_failure,independent,,2026-05-06 20:32:16.212199
CASE_000556,CUST_00027,CHK_000083,checkout,checkout_abandoned,44051.72,,independent,,2026-07-28 10:54:16.330561
CASE_000557,CUST_00030,CHK_001877,checkout,checkout_abandoned,80837.21,,independent,,2026-07-24 20:15:16.675697
CASE_000558,CUST_00031,INV_000031,invoice,invoice_overdue,55024.42,temporary_bank_failure,independent,,2026-04-21 20:32:17.003303
CASE_000559,CUST_00032,SUB_000032,subscription,subscription_failed,5681.96,timeout,independent,,2026-05-21 20:32:16.212199
CASE_000560,CUST_00033,CHK_001797,checkout,checkout_abandoned,42885.15,,independent,,2026-06-30 22:56:16.659786
CASE_000561,CUST_00034,SUB_000034,subscription,subscription_failed,4157.03,unknown_failure,independent,,2026-08-19 20:32:16.212199
CASE_000562,CUST_00035,INV_000035,invoice,invoice_overdue,22404.23,timeout,independent,,2026-06-07 20:32:17.003303
CASE_000563,CUST_00037,PAY_002338,payment,payment_failed,17392.75,temporary_bank_failure,independent,,2026-06-08 17:54:15.966732
CASE_000564,CUST_00037,CHK_003000,checkout,checkout_abandoned,34675.79,,independent,,2026-06-18 01:07:16.880129
CASE_000565,CUST_00037,SUB_000037,subscription,subscription_failed,11192.28,authentication_failed,independent,,2026-08-13 20:32:16.213290
CASE_000566,CUST_00038,SUB_000038,subscription,subscription_failed,13054.04,timeout,independent,,2026-05-23 20:32:16.213290
CASE_000567,CUST_00038,CHK_002000,checkout,checkout_abandoned,6775.72,,independent,,2026-07-27 14:59:16.695887
CASE_000568,CUST_00042,INV_000042,invoice,invoice_overdue,60512.35,risk_decline,independent,,2026-03-10 20:32:17.003303
CASE_000569,CUST_00042,PAY_006704,payment,payment_failed,28925.29,blocked_instrument,independent,,2026-06-25 12:49:16.180011
CASE_000570,CUST_00043,CHK_000379,checkout,checkout_abandoned,4630.37,,independent,,2026-07-25 05:22:16.392153
CASE_000571,CUST_00043,PAY_006505,payment,payment_failed,49388.57,authentication_failed,independent,,2026-08-03 01:09:16.170924
CASE_000572,CUST_00044,PAY_004699,payment,payment_failed,18910.84,limit_exceeded,independent,,2026-06-29 00:14:16.085903
CASE_000573,CUST_00046,INV_000046,invoice,invoice_overdue,5180.43,temporary_bank_failure,independent,,2026-06-05 20:32:17.003303
CASE_000574,CUST_00046,PAY_004104,payment,payment_failed,24906.84,temporary_bank_failure,independent,,2026-08-10 06:35:16.059278
CASE_000575,CUST_00048,INV_000048,invoice,invoice_overdue,18453.99,timeout,independent,,2026-03-28 20:32:17.003303
CASE_000576,CUST_00049,SUB_000049,subscription,subscription_failed,4130.99,expired_instrument,independent,,2026-03-17 20:32:16.213290
CASE_000577,CUST_00050,SUB_000050,subscription,subscription_failed,10479.75,risk_decline,independent,,2026-05-02 20:32:16.213290
CASE_000578,CUST_00050,PAY_000030,payment,payment_failed,31889.76,expired_instrument,independent,,2026-07-13 10:40:15.791127
CASE_000579,CUST_00051,INV_000051,invoice,invoice_overdue,18211.12,blocked_instrument,independent,,2026-04-14 20:32:17.004300
CASE_000580,CUST_00051,SUB_000051,subscription,subscription_failed,8794.53,blocked_instrument,independent,,2026-07-11 20:32:16.213290
CASE_000581,CUST_00051,PAY_000204,payment,payment_failed,24721.16,insufficient_funds,independent,,2026-08-05 06:35:15.802421
CASE_000582,CUST_00054,CHK_002040,checkout,checkout_abandoned,25481.39,,independent,,2026-06-02 06:17:16.701377
CASE_000583,CUST_00054,CHK_003229,checkout,checkout_abandoned,29479.92,,independent,,2026-07-31 17:32:16.936037
CASE_000584,CUST_00056,CHK_001078,checkout,checkout_abandoned,15512.85,,independent,,2026-06-15 01:54:16.101256
CASE_000585,CUST_00057,CHK_001375,checkout,checkout_abandoned,32081.71,,independent,,2026-08-13 12:47:16.557093
CASE_000586,CUST_00058,PAY_004158,payment,payment_failed,5603.7,insufficient_funds,independent,,2026-07-07 03:37:16.062562
CASE_000587,CUST_00059,CHK_001987,checkout,checkout_abandoned,15512.3,,independent,,2026-05-30 23:08:16.691597
CASE_000588,CUST_00059,PAY_006253,payment,payment_failed,9669.67,risk_decline,independent,,2026-07-09 14:38:16.158641
CASE_000589,CUST_00059,PAY_002618,payment,payment_failed,12522.4,temporary_bank_failure,independent,,2026-07-11 01:33:15.985998
CASE_000590,CUST_00059,PAY_003457,payment,payment_failed,11686.91,insufficient_funds,independent,,2026-08-04 10:05:16.030632
CASE_000591,CUST_00061,SUB_000061,subscription,subscription_failed,10370.43,temporary_bank_failure,independent,,2026-04-15 20:32:16.213290
CASE_000592,CUST_00062,PAY_005885,payment,payment_failed,4461.21,timeout,independent,,2026-07-08 12:02:16.136763
CASE_000593,CUST_00062,CHK_001729,checkout,checkout_abandoned,33492.54,,independent,,2026-07-17 18:26:16.647826
CASE_000594,CUST_00063,CHK_001801,checkout,checkout_abandoned,45704.23,,independent,,2026-07-16 04:11:16.659786
CASE_000595,CUST_00063,CHK_001574,checkout,checkout_abandoned,1626.52,,independent,,2026-08-22 21:15:16.615242
CASE_000596,CUST_00064,INV_000064,invoice,invoice_overdue,139142.34,risk_decline,independent,,2026-04-06 20:32:17.004300
CASE_000597,CUST_00065,CHK_003135,checkout,checkout_abandoned,56300.65,,independent,,2026-08-13 10:53:16.918539
CASE_000598,CUST_00067,SUB_000067,subscription,subscription_failed,14723.25,temporary_bank_failure,independent,,2026-03-26 20:32:16.214386
CASE_000599,CUST_00067,CHK_003117,checkout,checkout_abandoned,22099.64,,independent,,2026-06-01 21:33:16.914552
CASE_000600,CUST_00068,INV_000068,invoice,invoice_overdue,46451.72,timeout,independent,,2026-07-03 20:32:17.004300
CASE_000601,CUST_00069,CHK_000178,checkout,checkout_abandoned,19163.29,,independent,,2026-06-05 11:02:16.345048
CASE_000602,CUST_00069,PAY_001654,payment,payment_failed,18081.95,temporary_bank_failure,independent,,2026-06-13 20:28:15.925521
CASE_000603,CUST_00069,PAY_001566,payment,payment_failed,14252.61,insufficient_funds,independent,,2026-06-27 08:13:15.919294
CASE_000604,CUST_00069,PAY_004844,payment,payment_failed,8753.44,authentication_failed,independent,,2026-07-15 20:12:16.092492
CASE_000605,CUST_00073,INV_000073,invoice,invoice_overdue,23201.53,timeout,independent,,2026-04-17 20:32:17.005297
CASE_000606,CUST_00074,SUB_000074,subscription,subscription_failed,13313.67,temporary_bank_failure,independent,,2026-04-01 20:32:16.214386
CASE_000607,CUST_00075,PAY_005808,payment,payment_failed,6374.53,unknown_failure,independent,,2026-06-13 14:40:16.133445
CASE_000608,CUST_00077,PAY_005122,payment,payment_failed,34475.49,insufficient_funds,independent,,2026-07-27 14:20:16.103451
CASE_000609,CUST_00078,INV_000078,invoice,invoice_overdue,14375.91,authentication_failed,independent,,2026-08-10 20:32:17.005297
CASE_000610,CUST_00079,PAY_005853,payment,payment_failed,8477.56,temporary_bank_failure,independent,,2026-06-08 03:14:16.135675
CASE_000611,CUST_00080,SUB_000080,subscription,subscription_failed,7223.5,risk_decline,independent,,2026-06-05 20:32:16.214386
CASE_000612,CUST_00080,PAY_002482,payment,payment_failed,2924.94,authentication_failed,independent,,2026-07-03 17:05:15.976709
CASE_000613,CUST_00080,INV_000080,invoice,invoice_overdue,18278.97,limit_exceeded,independent,,2026-07-14 20:32:17.005297
CASE_000614,CUST_00080,PAY_004641,payment,payment_failed,13024.37,insufficient_funds,independent,,2026-08-10 16:29:16.083515
CASE_000615,CUST_00081,SUB_000081,subscription,subscription_failed,14384.51,unknown_failure,independent,,2026-04-27 20:32:16.214386
CASE_000616,CUST_00082,SUB_000082,subscription,subscription_failed,12554.52,risk_decline,independent,,2026-03-15 20:32:16.214386
CASE_000617,CUST_00083,PAY_000242,payment,payment_failed,38191.43,insufficient_funds,independent,,2026-08-24 08:38:15.804626
CASE_000618,CUST_00086,PAY_005806,payment,payment_failed,19787.74,risk_decline,independent,,2026-06-21 08:01:16.133445
CASE_000619,CUST_00087,PAY_001318,payment,payment_failed,4812.39,unknown_failure,independent,,2026-06-12 10:59:15.900175
CASE_000620,CUST_00088,CHK_003307,checkout,checkout_abandoned,20051.97,,independent,,2026-06-21 16:43:16.949425
CASE_000621,CUST_00089,PAY_004369,payment,payment_failed,4383.84,insufficient_funds,independent,,2026-06-22 15:50:16.071320
CASE_000622,CUST_00090,PAY_006387,payment,payment_failed,23187.9,limit_exceeded,independent,,2026-07-27 23:07:16.165448
CASE_000623,CUST_00091,PAY_006442,payment,payment_failed,87895.46,timeout,independent,,2026-06-05 20:19:16.167635
CASE_000624,CUST_00091,SUB_000091,subscription,subscription_failed,5591.54,temporary_bank_failure,independent,,2026-06-08 20:32:16.214386
CASE_000625,CUST_00091,CHK_003001,checkout,checkout_abandoned,18522.07,,independent,,2026-08-23 13:38:16.880129
CASE_000626,CUST_00092,PAY_006785,payment,payment_failed,4540.8,blocked_instrument,independent,,2026-06-03 07:23:16.183300
CASE_000627,CUST_00092,CHK_000988,checkout,checkout_abandoned,14752.05,,independent,,2026-06-06 21:04:16.488834
CASE_000628,CUST_00093,PAY_006132,payment,payment_failed,85453.86,limit_exceeded,independent,,2026-07-08 12:12:16.149901
CASE_000629,CUST_00097,SUB_000097,subscription,subscription_failed,10390.14,unknown_failure,independent,,2026-03-01 20:32:16.214386
CASE_000630,CUST_00097,PAY_003149,payment,payment_failed,3194.33,insufficient_funds,independent,,2026-06-14 15:40:16.017114
CASE_000631,CUST_00097,CHK_001191,checkout,checkout_abandoned,4096.1,,independent,,2026-07-20 15:14:16.526306
CASE_000632,CUST_00100,CHK_001570,checkout,checkout_abandoned,29649.39,,independent,,2026-07-10 04:51:16.613196
CASE_000633,CUST_00101,CHK_000455,checkout,checkout_abandoned,12899.82,,independent,,2026-08-15 13:10:16.401707
CASE_000634,CUST_00102,SUB_000102,subscription,subscription_failed,9630.26,temporary_bank_failure,independent,,2026-05-14 20:32:16.215476
CASE_000635,CUST_00102,PAY_000675,payment,payment_failed,23075.87,temporary_bank_failure,independent,,2026-07-14 09:54:15.861169
CASE_000636,CUST_00104,CHK_003372,checkout,checkout_abandoned,19078.57,,independent,,2026-08-04 08:54:16.961417
CASE_000637,CUST_00105,CHK_000536,checkout,checkout_abandoned,13162.89,,independent,,2026-07-11 13:31:16.414775
CASE_000638,CUST_00105,CHK_001011,checkout,checkout_abandoned,80272.18,,independent,,2026-07-21 12:52:16.491104
CASE_000639,CUST_00105,INV_000105,invoice,invoice_overdue,53471.74,insufficient_funds,independent,,2026-08-11 20:32:17.006582
CASE_000640,CUST_00106,INV_000106,invoice,invoice_overdue,19230.66,insufficient_funds,independent,,2026-04-02 20:32:17.006582
CASE_000641,CUST_00106,SUB_000106,subscription,subscription_failed,7367.38,timeout,independent,,2026-04-07 20:32:16.215476
CASE_000642,CUST_00106,CHK_002339,checkout,checkout_abandoned,9829.75,,independent,,2026-07-20 13:36:16.755468
CASE_000643,CUST_00107,INV_000107,invoice,invoice_overdue,38511.02,expired_instrument,independent,,2026-07-07 20:32:17.006582
CASE_000644,CUST_00108,CHK_001121,checkout,checkout_abandoned,14741.71,,independent,,2026-05-31 22:51:16.106760
CASE_000645,CUST_00108,INV_000108,invoice,invoice_overdue,50757.5,temporary_bank_failure,independent,,2026-07-17 20:32:17.006582
CASE_000646,CUST_00108,CHK_002182,checkout,checkout_abandoned,15319.67,,independent,,2026-08-11 01:51:16.727128
CASE_000647,CUST_00108,CHK_001900,checkout,checkout_abandoned,12688.04,,independent,,2026-08-15 08:22:16.678106
CASE_000648,CUST_00109,PAY_005306,payment,payment_failed,79987.06,risk_decline,independent,,2026-07-20 10:42:16.112234
CASE_000649,CUST_00110,SUB_000110,subscription,subscription_failed,9033.6,insufficient_funds,independent,,2026-06-15 20:32:16.215476
CASE_000650,CUST_00110,CHK_002139,checkout,checkout_abandoned,13188.53,,independent,,2026-07-19 11:34:16.719123
CASE_000651,CUST_00110,CHK_001410,checkout,checkout_abandoned,28791.68,,independent,,2026-08-23 17:00:16.568109
CASE_000652,CUST_00111,CHK_002195,checkout,checkout_abandoned,14006.63,,independent,,2026-06-11 10:25:16.729120
CASE_000653,CUST_00111,CHK_000027,checkout,checkout_abandoned,9857.07,,independent,,2026-06-11 18:27:16.316920
CASE_000654,CUST_00111,CHK_002248,checkout,checkout_abandoned,5982.62,,independent,,2026-06-18 13:49:16.741591
CASE_000655,CUST_00112,CHK_002245,checkout,checkout_abandoned,29154.54,,independent,,2026-06-28 08:18:16.740492
CASE_000656,CUST_00112,PAY_006934,payment,payment_failed,34004.93,timeout,independent,,2026-08-02 01:08:16.189879
CASE_000657,CUST_00113,INV_000113,invoice,invoice_overdue,6478.92,timeout,independent,,2026-03-22 20:32:17.006582
CASE_000658,CUST_00114,CHK_002468,checkout,checkout_abandoned,20681.75,,independent,,2026-05-30 23:55:16.784372
CASE_000659,CUST_00114,INV_000114,invoice,invoice_overdue,57377.56,authentication_failed,independent,,2026-07-28 20:32:17.006582
CASE_000660,CUST_00115,INV_000115,invoice,invoice_overdue,73667.67,temporary_bank_failure,independent,,2026-05-06 20:32:17.006582
CASE_000661,CUST_00115,CHK_000254,checkout,checkout_abandoned,13423.39,,independent,,2026-07-13 08:29:16.359323
CASE_000662,CUST_00116,PAY_001703,payment,payment_failed,6384.77,expired_instrument,independent,,2026-06-21 04:48:15.928679
CASE_000663,CUST_00116,PAY_005826,payment,payment_failed,13339.84,limit_exceeded,independent,,2026-08-02 09:42:16.134573
CASE_000664,CUST_00116,PAY_005625,payment,payment_failed,16194.18,expired_instrument,independent,,2026-08-10 05:05:16.125467
CASE_000665,CUST_00117,PAY_005334,payment,payment_failed,38073.08,limit_exceeded,independent,,2026-06-26 21:17:16.113335
CASE_000666,CUST_00117,INV_000117,invoice,invoice_overdue,63430.2,temporary_bank_failure,independent,,2026-08-15 20:32:17.006582
CASE_000667,CUST_00118,CHK_002648,checkout,checkout_abandoned,6590.7,,independent,,2026-08-03 21:34:16.816265
CASE_000668,CUST_00119,INV_000119,invoice,invoice_overdue,5496.07,timeout,independent,,2026-04-05 20:32:17.006582
CASE_000669,CUST_00119,PAY_005118,payment,payment_failed,4179.17,timeout,independent,,2026-06-30 21:21:16.103451
CASE_000670,CUST_00119,PAY_003543,payment,payment_failed,18671.29,expired_instrument,independent,,2026-07-23 05:01:16.035151
CASE_000671,CUST_00122,CHK_002999,checkout,checkout_abandoned,7245.0,,independent,,2026-06-17 23:21:16.880129
CASE_000672,CUST_00122,CHK_001445,checkout,checkout_abandoned,26637.49,,independent,,2026-07-14 08:23:16.573592
CASE_000673,CUST_00123,INV_000123,invoice,invoice_overdue,15489.36,timeout,independent,,2026-07-15 20:32:17.007583
CASE_000674,CUST_00124,CHK_001507,checkout,checkout_abandoned,93137.26,,independent,,2026-06-10 07:02:16.584626
CASE_000675,CUST_00124,INV_000124,invoice,invoice_overdue,123338.71,temporary_bank_failure,independent,,2026-06-10 20:32:17.007583
CASE_000676,CUST_00125,CHK_001300,checkout,checkout_abandoned,23104.06,,independent,,2026-08-14 09:55:16.543916
CASE_000677,CUST_00126,CHK_001888,checkout,checkout_abandoned,48868.14,,independent,,2026-06-07 05:50:15.918246
CASE_000678,CUST_00126,CHK_001952,checkout,checkout_abandoned,7465.15,,independent,,2026-07-16 18:52:16.689082
CASE_000679,CUST_00126,INV_000126,invoice,invoice_overdue,33895.12,expired_instrument,independent,,2026-08-05 20:32:17.007583
CASE_000680,CUST_00127,INV_000127,invoice,invoice_overdue,56025.86,temporary_bank_failure,independent,,2026-05-20 20:32:17.007583
CASE_000681,CUST_00127,PAY_001963,payment,payment_failed,25054.06,unknown_failure,independent,,2026-06-07 20:38:15.947023
CASE_000682,CUST_00128,PAY_005997,payment,payment_failed,1734.21,temporary_bank_failure,independent,,2026-06-20 02:51:16.142241
CASE_000683,CUST_00128,INV_000128,invoice,invoice_overdue,18310.65,unknown_failure,independent,,2026-07-03 20:32:17.007583
CASE_000684,CUST_00132,INV_000132,invoice,invoice_overdue,62973.74,temporary_bank_failure,independent,,2026-05-08 20:32:17.007583
CASE_000685,CUST_00132,PAY_002086,payment,payment_failed,20407.82,authentication_failed,independent,,2026-07-12 04:43:15.953003
CASE_000686,CUST_00132,PAY_005221,payment,payment_failed,38461.15,risk_decline,independent,,2026-08-01 19:01:16.107855
CASE_000687,CUST_00133,SUB_000133,subscription,subscription_failed,12410.88,timeout,independent,,2026-06-18 20:32:16.216576
CASE_000688,CUST_00133,PAY_006425,payment,payment_failed,25850.69,expired_instrument,independent,,2026-07-21 12:53:16.167635
CASE_000689,CUST_00133,PAY_002332,payment,payment_failed,24680.18,insufficient_funds,independent,,2026-08-17 10:14:15.966732
CASE_000690,CUST_00135,CHK_000836,checkout,checkout_abandoned,48926.22,,independent,,2026-06-21 00:57:16.465739
CASE_000691,CUST_00136,PAY_001030,payment,payment_failed,22840.02,insufficient_funds,independent,,2026-05-28 19:15:15.882798
CASE_000692,CUST_00137,PAY_004202,payment,payment_failed,12386.35,temporary_bank_failure,independent,,2026-06-14 19:38:16.063651
CASE_000693,CUST_00138,CHK_000006,checkout,checkout_abandoned,21040.62,,independent,,2026-06-22 22:49:16.311424
CASE_000694,CUST_00138,CHK_001245,checkout,checkout_abandoned,48031.17,,independent,,2026-08-15 21:21:16.535059
CASE_000695,CUST_00138,SUB_000138,subscription,subscription_failed,10779.57,temporary_bank_failure,independent,,2026-08-22 20:32:16.216576
CASE_000696,CUST_00139,PAY_000718,payment,payment_failed,1570.31,blocked_instrument,independent,,2026-08-08 04:50:15.863198
CASE_000697,CUST_00140,SUB_000140,subscription,subscription_failed,14423.84,expired_instrument,independent,,2026-07-24 20:32:16.216576
CASE_000698,CUST_00142,PAY_006431,payment,payment_failed,6609.05,insufficient_funds,independent,,2026-06-11 22:50:16.167635
CASE_000699,CUST_00143,CHK_002860,checkout,checkout_abandoned,1101.15,,independent,,2026-06-15 16:53:16.855130
CASE_000700,CUST_00143,PAY_002048,payment,payment_failed,16378.03,insufficient_funds,independent,,2026-07-22 06:57:15.951010
CASE_000701,CUST_00144,PAY_006810,payment,payment_failed,18127.22,insufficient_funds,independent,,2026-06-07 06:50:16.184396
CASE_000702,CUST_00145,INV_000145,invoice,invoice_overdue,62815.02,expired_instrument,independent,,2026-02-26 20:32:17.008579
CASE_000703,CUST_00145,PAY_002471,payment,payment_failed,17830.78,temporary_bank_failure,independent,,2026-07-14 10:18:15.976709
CASE_000704,CUST_00146,INV_000146,invoice,invoice_overdue,48116.37,insufficient_funds,independent,,2026-05-09 20:32:17.008579
CASE_000705,CUST_00146,PAY_006928,payment,payment_failed,90972.69,expired_instrument,independent,,2026-05-26 21:40:16.189879
CASE_000706,CUST_00146,PAY_002467,payment,payment_failed,15906.41,expired_instrument,independent,,2026-07-20 15:30:15.975713
CASE_000707,CUST_00147,CHK_002663,checkout,checkout_abandoned,655.84,,independent,,2026-06-30 18:26:16.819255
CASE_000708,CUST_00148,CHK_003235,checkout,checkout_abandoned,29352.91,,independent,,2026-08-03 04:51:16.937261
CASE_000709,CUST_00149,CHK_003047,checkout,checkout_abandoned,41273.38,,independent,,2026-06-13 05:31:16.895544
CASE_000710,CUST_00149,CHK_002740,checkout,checkout_abandoned,35216.27,,independent,,2026-07-03 09:55:16.836198
CASE_000711,CUST_00149,PAY_006007,payment,payment_failed,16691.42,risk_decline,independent,,2026-08-02 07:53:16.142241
CASE_000712,CUST_00150,CHK_002340,checkout,checkout_abandoned,34232.42,,independent,,2026-06-08 09:03:15.870913
CASE_000713,CUST_00151,INV_000151,invoice,invoice_overdue,6291.79,insufficient_funds,independent,,2026-06-30 20:32:17.008579
CASE_000714,CUST_00151,PAY_006324,payment,payment_failed,29621.53,risk_decline,independent,,2026-08-12 23:24:16.161644
CASE_000715,CUST_00152,INV_000152,invoice,invoice_overdue,63584.22,insufficient_funds,independent,,2026-03-01 20:32:17.008579
CASE_000716,CUST_00152,CHK_000811,checkout,checkout_abandoned,38228.81,,independent,,2026-07-03 23:22:16.462451
CASE_000717,CUST_00152,CHK_000502,checkout,checkout_abandoned,29031.05,,independent,,2026-08-07 14:17:16.410269
CASE_000718,CUST_00152,PAY_005660,payment,payment_failed,25559.16,limit_exceeded,independent,,2026-08-11 07:31:16.127657
CASE_000719,CUST_00153,PAY_005131,payment,payment_failed,97278.26,authentication_failed,independent,,2026-06-02 23:48:16.104574
CASE_000720,CUST_00154,CHK_001106,checkout,checkout_abandoned,32541.9,,independent,,2026-07-13 03:41:16.507683
CASE_000721,CUST_00155,CHK_000921,checkout,checkout_abandoned,45824.37,,independent,,2026-06-13 13:16:16.478933
CASE_000722,CUST_00155,CHK_000304,checkout,checkout_abandoned,37142.64,,independent,,2026-06-16 00:50:16.372514
CASE_000723,CUST_00155,CHK_002709,checkout,checkout_abandoned,31433.42,,independent,,2026-08-12 23:06:16.094679
CASE_000724,CUST_00158,CHK_001934,checkout,checkout_abandoned,39951.89,,independent,,2026-06-28 23:36:16.685788
CASE_000725,CUST_00159,INV_000159,invoice,invoice_overdue,116866.6,limit_exceeded,independent,,2026-06-03 20:32:17.008579
CASE_000726,CUST_00160,PAY_002806,payment,payment_failed,25244.15,authentication_failed,independent,,2026-05-28 13:55:15.996401
CASE_000727,CUST_00160,PAY_001700,payment,payment_failed,16206.54,insufficient_funds,independent,,2026-07-02 22:01:15.928679
CASE_000728,CUST_00160,SUB_000160,subscription,subscription_failed,14244.18,timeout,independent,,2026-07-28 20:32:16.216576
CASE_000729,CUST_00161,SUB_000161,subscription,subscription_failed,6589.18,blocked_instrument,independent,,2026-05-18 20:32:16.216576
CASE_000730,CUST_00162,CHK_000107,checkout,checkout_abandoned,1706.69,,independent,,2026-05-30 10:53:16.334938
CASE_000731,CUST_00164,PAY_000801,payment,payment_failed,13716.23,insufficient_funds,independent,,2026-08-25 08:38:15.866685
CASE_000732,CUST_00168,CHK_002322,checkout,checkout_abandoned,38229.4,,independent,,2026-07-10 23:21:16.750371
CASE_000733,CUST_00168,CHK_003411,checkout,checkout_abandoned,29051.34,,independent,,2026-07-23 05:50:16.971685
CASE_000734,CUST_00169,CHK_002143,checkout,checkout_abandoned,76475.68,,independent,,2026-06-06 18:37:16.720143
CASE_000735,CUST_00169,CHK_000563,checkout,checkout_abandoned,6114.88,,independent,,2026-07-11 04:12:16.421359
CASE_000736,CUST_00170,CHK_002851,checkout,checkout_abandoned,22213.41,,independent,,2026-07-15 21:26:16.854035
CASE_000737,CUST_00170,INV_000170,invoice,invoice_overdue,24313.66,temporary_bank_failure,independent,,2026-08-03 20:32:17.009576
CASE_000738,CUST_00170,CHK_000152,checkout,checkout_abandoned,24205.62,,independent,,2026-08-24 15:59:16.340649
CASE_000739,CUST_00171,CHK_001940,checkout,checkout_abandoned,9196.45,,independent,,2026-08-21 13:48:16.686891
CASE_000740,CUST_00172,CHK_000643,checkout,checkout_abandoned,20258.01,,independent,,2026-06-03 00:45:16.433788
CASE_000741,CUST_00172,CHK_002586,checkout,checkout_abandoned,1958.59,,independent,,2026-07-10 13:40:16.803308
CASE_000742,CUST_00172,CHK_003081,checkout,checkout_abandoned,9441.76,,independent,,2026-08-01 21:15:16.901018
CASE_000743,CUST_00173,INV_000173,invoice,invoice_overdue,18182.04,authentication_failed,independent,,2026-08-25 20:32:17.009576
CASE_000744,CUST_00174,SUB_000174,subscription,subscription_failed,6811.75,timeout,independent,,2026-02-28 20:32:16.217672
CASE_000745,CUST_00174,CHK_002856,checkout,checkout_abandoned,38551.09,,independent,,2026-06-21 14:02:15.946028
CASE_000746,CUST_00174,PAY_005801,payment,payment_failed,10945.92,expired_instrument,independent,,2026-07-23 16:13:16.133445
CASE_000747,CUST_00175,INV_000175,invoice,invoice_overdue,57796.23,risk_decline,independent,,2026-05-24 20:32:17.009576
CASE_000748,CUST_00175,CHK_000081,checkout,checkout_abandoned,13128.3,,independent,,2026-08-21 09:30:16.329467
CASE_000749,CUST_00176,CHK_000690,checkout,checkout_abandoned,24886.37,,independent,,2026-07-06 12:42:16.441477
CASE_000750,CUST_00177,SUB_000177,subscription,subscription_failed,1453.96,temporary_bank_failure,independent,,2026-05-16 20:32:16.217672
CASE_000751,CUST_00177,INV_000177,invoice,invoice_overdue,1002.47,unknown_failure,independent,,2026-07-03 20:32:17.009576
CASE_000752,CUST_00178,CHK_000868,checkout,checkout_abandoned,64660.96,,independent,,2026-07-02 11:00:16.470115
CASE_000753,CUST_00178,CHK_001244,checkout,checkout_abandoned,88995.22,,independent,,2026-07-27 15:06:16.535059
CASE_000754,CUST_00179,CHK_003007,checkout,checkout_abandoned,43377.13,,independent,,2026-05-30 13:41:16.039598
CASE_000755,CUST_00179,INV_000179,invoice,invoice_overdue,58672.19,timeout,independent,,2026-06-24 20:32:17.009576
CASE_000756,CUST_00180,INV_000180,invoice,invoice_overdue,36502.69,insufficient_funds,independent,,2026-03-03 20:32:17.009576
CASE_000757,CUST_00180,CHK_000944,checkout,checkout_abandoned,46037.96,,independent,,2026-06-07 18:43:16.484460
CASE_000758,CUST_00180,PAY_005169,payment,payment_failed,41216.71,insufficient_funds,independent,,2026-08-19 18:47:16.105667
CASE_000759,CUST_00182,CHK_000763,checkout,checkout_abandoned,3738.16,,independent,,2026-08-07 13:52:16.455765
CASE_000760,CUST_00183,CHK_001779,checkout,checkout_abandoned,33649.46,,independent,,2026-06-01 06:40:16.657792
CASE_000761,CUST_00184,CHK_002606,checkout,checkout_abandoned,43514.31,,independent,,2026-07-10 02:31:15.894616
CASE_000762,CUST_00185,PAY_003265,payment,payment_failed,4881.78,expired_instrument,independent,,2026-06-17 06:53:16.022647
CASE_000763,CUST_00186,SUB_000186,subscription,subscription_failed,1719.57,temporary_bank_failure,independent,,2026-04-14 20:32:16.217672
CASE_000764,CUST_00188,SUB_000188,subscription,subscription_failed,9519.43,timeout,independent,,2026-07-02 20:32:16.217672
CASE_000765,CUST_00189,CHK_001895,checkout,checkout_abandoned,21665.26,,independent,,2026-07-04 09:40:16.678106
CASE_000766,CUST_00192,INV_000192,invoice,invoice_overdue,6477.23,temporary_bank_failure,independent,,2026-04-02 20:32:17.010574
CASE_000767,CUST_00192,CHK_002296,checkout,checkout_abandoned,12648.0,,independent,,2026-07-03 21:26:16.748173
CASE_000768,CUST_00192,CHK_000402,checkout,checkout_abandoned,6659.74,,independent,,2026-07-29 23:50:16.396211
CASE_000769,CUST_00192,CHK_002797,checkout,checkout_abandoned,15085.81,,independent,,2026-08-05 05:07:16.846165
CASE_000770,CUST_00192,PAY_000127,payment,payment_failed,7209.34,timeout,independent,,2026-08-14 22:31:15.798035
CASE_000771,CUST_00194,SUB_000194,subscription,subscription_failed,1044.22,insufficient_funds,independent,,2026-05-11 20:32:16.217672
CASE_000772,CUST_00194,CHK_001319,checkout,checkout_abandoned,1300.89,,independent,,2026-06-28 17:23:16.545020
CASE_000773,CUST_00195,PAY_005937,payment,payment_failed,85614.08,risk_decline,independent,,2026-07-10 07:08:16.140058
CASE_000774,CUST_00195,SUB_000195,subscription,subscription_failed,15680.69,limit_exceeded,independent,,2026-08-25 20:32:16.217672
CASE_000775,CUST_00196,CHK_002631,checkout,checkout_abandoned,9692.05,,independent,,2026-07-11 16:20:16.813275
CASE_000776,CUST_00196,CHK_000145,checkout,checkout_abandoned,83135.98,,independent,,2026-08-21 13:25:16.338465
CASE_000777,CUST_00197,CHK_002413,checkout,checkout_abandoned,6386.91,,independent,,2026-08-17 10:43:16.771415
CASE_000778,CUST_00200,CHK_002898,checkout,checkout_abandoned,17604.59,,independent,,2026-08-18 14:54:16.007590
CASE_000779,CUST_00201,INV_000201,invoice,invoice_overdue,7200.61,expired_instrument,independent,,2026-06-21 20:32:17.010574
CASE_000780,CUST_00201,CHK_002511,checkout,checkout_abandoned,28314.53,,independent,,2026-08-07 23:22:16.789355
CASE_000781,CUST_00202,PAY_004048,payment,payment_failed,16828.6,temporary_bank_failure,independent,,2026-06-03 01:13:16.057089
CASE_000782,CUST_00202,INV_000202,invoice,invoice_overdue,8723.86,authentication_failed,independent,,2026-06-03 20:32:17.010574
CASE_000783,CUST_00202,PAY_003489,payment,payment_failed,28615.06,timeout,independent,,2026-06-22 16:49:16.032831
CASE_000784,CUST_00202,PAY_004308,payment,payment_failed,14659.78,insufficient_funds,independent,,2026-07-12 06:12:16.069125
CASE_000785,CUST_00203,INV_000203,invoice,invoice_overdue,13222.17,temporary_bank_failure,independent,,2026-03-19 20:32:17.010574
CASE_000786,CUST_00203,CHK_002973,checkout,checkout_abandoned,5085.07,,independent,,2026-06-01 11:10:16.873835
CASE_000787,CUST_00203,PAY_000252,payment,payment_failed,11396.95,blocked_instrument,independent,,2026-07-12 07:32:15.804626
CASE_000788,CUST_00203,CHK_002300,checkout,checkout_abandoned,9340.73,,independent,,2026-07-22 09:22:16.748173
CASE_000789,CUST_00204,INV_000204,invoice,invoice_overdue,16780.29,unknown_failure,independent,,2026-03-21 20:32:17.011569
CASE_000790,CUST_00204,PAY_006066,payment,payment_failed,73378.2,timeout,independent,,2026-07-01 10:56:16.145524
CASE_000791,CUST_00205,INV_000205,invoice,invoice_overdue,45022.76,expired_instrument,independent,,2026-04-29 20:32:17.011569
CASE_000792,CUST_00206,PAY_006258,payment,payment_failed,5145.35,insufficient_funds,independent,,2026-06-06 10:21:16.158641
CASE_000793,CUST_00206,CHK_002508,checkout,checkout_abandoned,7337.54,,independent,,2026-07-22 15:31:16.789355
CASE_000794,CUST_00207,SUB_000207,subscription,subscription_failed,5031.35,authentication_failed,independent,,2026-03-14 20:32:16.218772
CASE_000795,CUST_00207,PAY_001107,payment,payment_failed,10348.78,temporary_bank_failure,independent,,2026-07-05 22:24:15.888396
CASE_000796,CUST_00207,CHK_000089,checkout,checkout_abandoned,13051.91,,independent,,2026-07-17 05:06:16.331655
CASE_000797,CUST_00207,PAY_002958,payment,payment_failed,6594.54,temporary_bank_failure,independent,,2026-08-21 01:28:16.007590
CASE_000798,CUST_00209,PAY_006812,payment,payment_failed,41582.98,insufficient_funds,independent,,2026-05-30 09:09:16.184396
CASE_000799,CUST_00209,CHK_002411,checkout,checkout_abandoned,10584.78,,independent,,2026-08-06 15:47:15.866685
CASE_000800,CUST_00211,INV_000211,invoice,invoice_overdue,23886.02,timeout,independent,,2026-08-02 20:32:17.011569
CASE_000801,CUST_00212,SUB_000212,subscription,subscription_failed,5910.54,insufficient_funds,independent,,2026-08-20 20:32:16.218772
CASE_000802,CUST_00213,CHK_000040,checkout,checkout_abandoned,93392.48,,independent,,2026-08-22 06:27:16.320024
CASE_000803,CUST_00217,SUB_000217,subscription,subscription_failed,15045.93,temporary_bank_failure,independent,,2026-04-06 20:32:16.218772
CASE_000804,CUST_00217,CHK_001198,checkout,checkout_abandoned,65968.22,,independent,,2026-08-05 01:03:16.526306
CASE_000805,CUST_00218,PAY_005471,payment,payment_failed,5711.0,insufficient_funds,independent,,2026-06-06 01:39:16.118986
CASE_000806,CUST_00219,CHK_000879,checkout,checkout_abandoned,17150.7,,independent,,2026-06-09 12:55:16.471212
CASE_000807,CUST_00220,SUB_000220,subscription,subscription_failed,4322.81,unknown_failure,independent,,2026-05-02 20:32:16.218772
CASE_000808,CUST_00220,INV_000220,invoice,invoice_overdue,62979.29,insufficient_funds,independent,,2026-07-10 20:32:17.011569
CASE_000809,CUST_00221,INV_000221,invoice,invoice_overdue,11424.03,insufficient_funds,independent,,2026-05-13 20:32:17.011569
CASE_000810,CUST_00221,PAY_002477,payment,payment_failed,29538.0,timeout,independent,,2026-05-28 14:21:15.976709
CASE_000811,CUST_00222,CHK_000837,checkout,checkout_abandoned,17676.18,,independent,,2026-05-29 03:11:16.465739
CASE_000812,CUST_00222,PAY_004830,payment,payment_failed,11360.0,unknown_failure,independent,,2026-06-11 03:22:16.091395
CASE_000813,CUST_00222,PAY_005966,payment,payment_failed,24453.68,insufficient_funds,independent,,2026-07-10 23:56:16.141149
CASE_000814,CUST_00223,SUB_000223,subscription,subscription_failed,14262.7,temporary_bank_failure,independent,,2026-05-16 20:32:16.218772
CASE_000815,CUST_00224,PAY_005081,payment,payment_failed,26338.55,temporary_bank_failure,independent,,2026-06-23 03:00:16.102352
CASE_000816,CUST_00224,INV_000224,invoice,invoice_overdue,57051.27,temporary_bank_failure,independent,,2026-07-26 20:32:17.012566
CASE_000817,CUST_00225,PAY_004289,payment,payment_failed,13897.53,insufficient_funds,independent,,2026-07-18 07:49:16.068024
CASE_000818,CUST_00225,CHK_001504,checkout,checkout_abandoned,18583.74,,independent,,2026-08-04 01:40:16.583509
CASE_000819,CUST_00225,PAY_002643,payment,payment_failed,13596.61,temporary_bank_failure,independent,,2026-08-05 05:56:15.987013
CASE_000820,CUST_00229,PAY_006926,payment,payment_failed,48937.44,risk_decline,independent,,2026-06-03 00:53:16.189879
CASE_000821,CUST_00230,SUB_000230,subscription,subscription_failed,12487.94,timeout,independent,,2026-08-19 20:32:16.218772
CASE_000822,CUST_00235,CHK_000011,checkout,checkout_abandoned,1690.6,,independent,,2026-06-13 18:55:16.312515
CASE_000823,CUST_00235,CHK_002831,checkout,checkout_abandoned,22145.19,,independent,,2026-07-11 19:44:16.850729
CASE_000824,CUST_00236,CHK_001500,checkout,checkout_abandoned,36307.05,,independent,,2026-07-04 09:30:16.581294
CASE_000825,CUST_00239,PAY_002990,payment,payment_failed,10804.27,timeout,independent,,2026-06-06 05:43:16.010751
CASE_000826,CUST_00241,CHK_002941,checkout,checkout_abandoned,15693.1,,independent,,2026-08-04 16:19:16.870557
CASE_000827,CUST_00241,PAY_006880,payment,payment_failed,4878.24,authentication_failed,independent,,2026-08-13 09:37:16.187677
CASE_000828,CUST_00244,PAY_000474,payment,payment_failed,31422.31,temporary_bank_failure,independent,,2026-06-22 14:49:15.842539
CASE_000829,CUST_00244,CHK_003126,checkout,checkout_abandoned,35299.43,,independent,,2026-07-25 04:16:16.085903
CASE_000830,CUST_00244,PAY_002116,payment,payment_failed,20921.87,authentication_failed,independent,,2026-08-03 06:33:15.954000
CASE_000831,CUST_00245,CHK_002769,checkout,checkout_abandoned,18050.29,,independent,,2026-05-30 17:20:15.985998
CASE_000832,CUST_00245,CHK_002713,checkout,checkout_abandoned,23036.62,,independent,,2026-08-09 22:09:16.832211
CASE_000833,CUST_00246,SUB_000246,subscription,subscription_failed,981.55,limit_exceeded,independent,,2026-03-29 20:32:16.219864
CASE_000834,CUST_00246,PAY_002768,payment,payment_failed,16552.53,blocked_instrument,independent,,2026-06-18 05:39:15.993192
CASE_000835,CUST_00246,PAY_004019,payment,payment_failed,4711.13,timeout,independent,,2026-06-28 07:17:16.055991
CASE_000836,CUST_00247,PAY_006124,payment,payment_failed,30290.17,risk_decline,independent,,2026-08-20 16:01:16.148882
CASE_000837,CUST_00248,PAY_004173,payment,payment_failed,1321.11,authentication_failed,independent,,2026-05-28 02:57:16.062562
CASE_000838,CUST_00249,INV_000249,invoice,invoice_overdue,24920.59,temporary_bank_failure,independent,,2026-04-29 20:32:17.012566
CASE_000839,CUST_00250,PAY_005483,payment,payment_failed,14653.31,expired_instrument,independent,,2026-07-09 07:00:16.120005
CASE_000840,CUST_00251,INV_000251,invoice,invoice_overdue,3501.21,expired_instrument,independent,,2026-02-28 20:32:17.012566
CASE_000841,CUST_00251,SUB_000251,subscription,subscription_failed,6138.08,temporary_bank_failure,independent,,2026-06-05 20:32:16.219864
CASE_000842,CUST_00256,CHK_002066,checkout,checkout_abandoned,34326.51,,independent,,2026-07-10 02:49:16.706898
CASE_000843,CUST_00256,PAY_002737,payment,payment_failed,17413.96,insufficient_funds,independent,,2026-08-22 03:46:15.991170
CASE_000844,CUST_00257,SUB_000257,subscription,subscription_failed,2317.21,expired_instrument,independent,,2026-06-06 20:32:16.219864
CASE_000845,CUST_00258,INV_000258,invoice,invoice_overdue,51393.7,expired_instrument,independent,,2026-03-12 20:32:17.013886
CASE_000846,CUST_00258,CHK_000249,checkout,checkout_abandoned,35590.04,,independent,,2026-05-31 11:21:16.358230
CASE_000847,CUST_00259,SUB_000259,subscription,subscription_failed,10999.0,temporary_bank_failure,independent,,2026-03-16 20:32:16.219864
CASE_000848,CUST_00259,CHK_000457,checkout,checkout_abandoned,25623.41,,independent,,2026-06-27 01:16:16.401707
CASE_000849,CUST_00259,INV_000259,invoice,invoice_overdue,43959.86,unknown_failure,independent,,2026-07-23 20:32:17.013886
CASE_000850,CUST_00260,CHK_002197,checkout,checkout_abandoned,41917.38,,independent,,2026-08-04 02:56:16.729120
CASE_000851,CUST_00262,CHK_000735,checkout,checkout_abandoned,28285.91,,independent,,2026-06-20 13:00:16.450292
CASE_000852,CUST_00262,CHK_001654,checkout,checkout_abandoned,29501.83,,independent,,2026-07-14 10:04:16.633873
CASE_000853,CUST_00262,CHK_002684,checkout,checkout_abandoned,39325.66,,independent,,2026-08-07 13:31:16.824238
CASE_000854,CUST_00263,CHK_002098,checkout,checkout_abandoned,8299.67,,independent,,2026-06-30 01:50:16.712532
CASE_000855,CUST_00263,CHK_001764,checkout,checkout_abandoned,13016.14,,independent,,2026-07-27 01:08:16.652809
CASE_000856,CUST_00265,CHK_000661,checkout,checkout_abandoned,40176.17,,independent,,2026-06-24 00:04:16.434884
CASE_000857,CUST_00265,CHK_001988,checkout,checkout_abandoned,7711.28,,independent,,2026-07-02 06:37:16.691597
CASE_000858,CUST_00266,CHK_001660,checkout,checkout_abandoned,1266.22,,independent,,2026-06-07 00:40:16.634869
CASE_000859,CUST_00268,INV_000268,invoice,invoice_overdue,58702.63,unknown_failure,independent,,2026-06-22 20:32:17.013886
CASE_000860,CUST_00268,CHK_002532,checkout,checkout_abandoned,37600.13,,independent,,2026-08-25 02:49:16.795335
CASE_000861,CUST_00269,SUB_000269,subscription,subscription_failed,12992.76,unknown_failure,independent,,2026-03-11 20:32:16.219864
CASE_000862,CUST_00269,CHK_001926,checkout,checkout_abandoned,27847.83,,independent,,2026-05-29 23:35:15.793269
CASE_000863,CUST_00269,CHK_003109,checkout,checkout_abandoned,26584.97,,independent,,2026-05-30 00:00:15.793269
CASE_000864,CUST_00269,CHK_000904,checkout,checkout_abandoned,19377.45,,independent,,2026-06-28 14:33:16.474503
CASE_000865,CUST_00269,PAY_001776,payment,payment_failed,38248.55,temporary_bank_failure,independent,,2026-08-09 08:53:15.934330
CASE_000866,CUST_00270,CHK_003392,checkout,checkout_abandoned,82722.7,,independent,,2026-06-21 13:31:16.967982
CASE_000867,CUST_00271,INV_000271,invoice,invoice_overdue,56524.72,limit_exceeded,independent,,2026-07-15 20:32:17.013886
CASE_000868,CUST_00272,INV_000272,invoice,invoice_overdue,16980.61,limit_exceeded,independent,,2026-03-21 20:32:17.013886
CASE_000869,CUST_00273,INV_000273,invoice,invoice_overdue,74805.32,temporary_bank_failure,independent,,2026-07-06 20:32:17.014887
CASE_000870,CUST_00273,PAY_002572,payment,payment_failed,19855.28,temporary_bank_failure,independent,,2026-07-09 07:28:15.983965
CASE_000871,CUST_00273,CHK_001217,checkout,checkout_abandoned,44657.18,,independent,,2026-07-12 20:19:16.529589
CASE_000872,CUST_00274,CHK_002096,checkout,checkout_abandoned,9385.98,,independent,,2026-06-12 19:57:16.712532
CASE_000873,CUST_00274,PAY_000357,payment,payment_failed,13271.69,unknown_failure,independent,,2026-06-21 07:29:15.811865
CASE_000874,CUST_00276,SUB_000276,subscription,subscription_failed,1762.86,temporary_bank_failure,independent,,2026-08-25 20:32:16.220957
CASE_000875,CUST_00277,INV_000277,invoice,invoice_overdue,31629.79,limit_exceeded,independent,,2026-05-23 20:32:17.014887
CASE_000876,CUST_00277,CHK_002539,checkout,checkout_abandoned,13872.0,,independent,,2026-06-16 13:31:16.797328
CASE_000877,CUST_00278,INV_000278,invoice,invoice_overdue,9708.28,expired_instrument,independent,,2026-07-22 20:32:17.014887
CASE_000878,CUST_00279,SUB_000279,subscription,subscription_failed,1550.54,timeout,independent,,2026-04-12 20:32:16.220957
CASE_000879,CUST_00279,PAY_004626,payment,payment_failed,1049.41,temporary_bank_failure,independent,,2026-06-27 08:25:16.082425
CASE_000880,CUST_00279,PAY_002304,payment,payment_failed,5283.14,unknown_failure,independent,,2026-08-01 20:24:15.964527
CASE_000881,CUST_00280,CHK_002654,checkout,checkout_abandoned,31689.26,,independent,,2026-07-31 04:30:16.818258
CASE_000882,CUST_00280,CHK_000669,checkout,checkout_abandoned,16269.9,,independent,,2026-08-04 13:57:16.437090
CASE_000883,CUST_00282,SUB_000282,subscription,subscription_failed,5850.65,timeout,independent,,2026-05-09 20:32:16.220957
CASE_000884,CUST_00283,INV_000283,invoice,invoice_overdue,24702.23,insufficient_funds,independent,,2026-05-19 20:32:17.014887
CASE_000885,CUST_00283,PAY_005855,payment,payment_failed,1730.15,timeout,independent,,2026-08-09 18:04:16.135675
CASE_000886,CUST_00285,CHK_000870,checkout,checkout_abandoned,8933.23,,independent,,2026-07-30 12:41:16.470115
CASE_000887,CUST_00285,CHK_003068,checkout,checkout_abandoned,35351.75,,independent,,2026-08-10 02:33:16.898836
CASE_000888,CUST_00287,CHK_001577,checkout,checkout_abandoned,10968.45,,independent,,2026-06-13 17:28:16.616238
CASE_000889,CUST_00287,CHK_002895,checkout,checkout_abandoned,16537.45,,independent,,2026-07-11 03:15:16.860636
CASE_000890,CUST_00288,SUB_000288,subscription,subscription_failed,14913.34,insufficient_funds,independent,,2026-08-23 20:32:16.220957
CASE_000891,CUST_00289,INV_000289,invoice,invoice_overdue,52543.83,temporary_bank_failure,independent,,2026-05-16 20:32:17.014887
CASE_000892,CUST_00290,SUB_000290,subscription,subscription_failed,11287.06,unknown_failure,independent,,2026-07-24 20:32:16.220957
CASE_000893,CUST_00291,INV_000291,invoice,invoice_overdue,35888.64,authentication_failed,independent,,2026-07-23 20:32:17.014887
CASE_000894,CUST_00293,INV_000293,invoice,invoice_overdue,35878.95,insufficient_funds,independent,,2026-03-03 20:32:17.014887
CASE_000895,CUST_00293,CHK_001415,checkout,checkout_abandoned,48022.03,,independent,,2026-08-22 14:57:15.987013
CASE_000896,CUST_00293,CHK_003163,checkout,checkout_abandoned,47867.75,,independent,,2026-08-22 20:03:15.987013
CASE_000897,CUST_00293,CHK_000419,checkout,checkout_abandoned,48305.2,,independent,,2026-08-22 20:55:15.987013
CASE_000898,CUST_00295,INV_000295,invoice,invoice_overdue,108647.65,temporary_bank_failure,independent,,2026-05-04 20:32:17.015884
CASE_000899,CUST_00295,CHK_003216,checkout,checkout_abandoned,19644.45,,independent,,2026-07-24 07:09:16.934944
CASE_000900,CUST_00296,CHK_000213,checkout,checkout_abandoned,41765.2,,independent,,2026-06-04 19:31:16.350532
CASE_000901,CUST_00297,CHK_003353,checkout,checkout_abandoned,13759.06,,independent,,2026-05-29 05:17:16.958260
CASE_000902,CUST_00297,PAY_005968,payment,payment_failed,45103.24,expired_instrument,independent,,2026-08-23 08:26:16.141149
CASE_000903,CUST_00299,SUB_000299,subscription,subscription_failed,6942.49,insufficient_funds,independent,,2026-06-24 20:32:16.220957
CASE_000904,CUST_00299,INV_000299,invoice,invoice_overdue,101305.32,insufficient_funds,independent,,2026-06-28 20:32:17.015884
CASE_000905,CUST_00300,CHK_003199,checkout,checkout_abandoned,41567.52,,independent,,2026-06-14 14:28:16.930560
CASE_000906,CUST_00301,PAY_001010,payment,payment_failed,23615.79,insufficient_funds,independent,,2026-06-22 00:57:15.880804
CASE_000907,CUST_00301,PAY_003765,payment,payment_failed,6136.4,insufficient_funds,independent,,2026-08-19 16:30:16.045043
CASE_000908,CUST_00302,CHK_002480,checkout,checkout_abandoned,76059.44,,independent,,2026-08-20 11:01:16.785369
CASE_000909,CUST_00303,INV_000303,invoice,invoice_overdue,46584.28,unknown_failure,independent,,2026-05-04 20:32:17.015884
CASE_000910,CUST_00303,CHK_001116,checkout,checkout_abandoned,42532.88,,independent,,2026-07-06 18:30:16.510881
CASE_000911,CUST_00303,CHK_003144,checkout,checkout_abandoned,30857.53,,independent,,2026-07-19 09:06:16.920532
CASE_000912,CUST_00305,PAY_004774,payment,payment_failed,10187.66,insufficient_funds,independent,,2026-06-20 08:46:16.089201
CASE_000913,CUST_00305,PAY_006907,payment,payment_failed,10976.41,blocked_instrument,independent,,2026-07-11 22:57:16.188773
CASE_000914,CUST_00305,SUB_000305,subscription,subscription_failed,7266.94,temporary_bank_failure,independent,,2026-08-10 20:32:16.222048
CASE_000915,CUST_00306,CHK_001922,checkout,checkout_abandoned,35003.58,,independent,,2026-08-18 21:51:16.682506
CASE_000916,CUST_00308,INV_000308,invoice,invoice_overdue,15402.87,expired_instrument,independent,,2026-03-12 20:32:17.015884
CASE_000917,CUST_00308,PAY_001404,payment,payment_failed,19318.26,timeout,independent,,2026-05-27 01:13:15.903167
CASE_000918,CUST_00308,CHK_000411,checkout,checkout_abandoned,546.83,,independent,,2026-06-02 20:55:16.396211
CASE_000919,CUST_00308,PAY_003762,payment,payment_failed,4618.78,risk_decline,independent,,2026-07-21 11:52:16.045043
CASE_000920,CUST_00309,CHK_000328,checkout,checkout_abandoned,4953.85,,independent,,2026-07-23 21:42:16.130946
CASE_000921,CUST_00309,PAY_002783,payment,payment_failed,18655.55,limit_exceeded,independent,,2026-08-17 03:56:15.995388
CASE_000922,CUST_00310,INV_000310,invoice,invoice_overdue,142033.36,insufficient_funds,independent,,2026-06-09 20:32:17.015884
CASE_000923,CUST_00312,INV_000312,invoice,invoice_overdue,20874.07,authentication_failed,independent,,2026-03-09 20:32:17.015884
CASE_000924,CUST_00312,CHK_001251,checkout,checkout_abandoned,6423.78,,independent,,2026-08-24 14:11:16.535059
CASE_000925,CUST_00313,INV_000313,invoice,invoice_overdue,5375.61,insufficient_funds,independent,,2026-06-05 20:32:17.015884
CASE_000926,CUST_00313,CHK_001730,checkout,checkout_abandoned,19944.23,,independent,,2026-07-20 11:00:16.647826
CASE_000927,CUST_00313,CHK_000465,checkout,checkout_abandoned,5027.87,,independent,,2026-07-20 11:46:16.403778
CASE_000928,CUST_00314,INV_000314,invoice,invoice_overdue,15194.89,authentication_failed,independent,,2026-03-07 20:32:17.015884
CASE_000929,CUST_00315,PAY_003401,payment,payment_failed,82603.03,authentication_failed,independent,,2026-05-27 13:32:16.028439
CASE_000930,CUST_00316,CHK_001462,checkout,checkout_abandoned,42189.16,,independent,,2026-07-10 16:24:16.575790
CASE_000931,CUST_00316,CHK_001086,checkout,checkout_abandoned,1358.5,,independent,,2026-07-28 23:14:16.504267
CASE_000932,CUST_00319,CHK_003124,checkout,checkout_abandoned,42335.02,,independent,,2026-05-28 10:21:16.916545
CASE_000933,CUST_00319,CHK_002369,checkout,checkout_abandoned,2746.32,,independent,,2026-06-22 16:05:16.760451
CASE_000934,CUST_00319,PAY_005957,payment,payment_failed,6360.06,authentication_failed,independent,,2026-07-13 01:27:16.140058
CASE_000935,CUST_00320,CHK_001268,checkout,checkout_abandoned,6225.12,,independent,,2026-08-06 18:00:16.536156
CASE_000936,CUST_00321,SUB_000321,subscription,subscription_failed,1307.61,temporary_bank_failure,independent,,2026-05-07 20:32:16.222048
CASE_000937,CUST_00321,CHK_002258,checkout,checkout_abandoned,16301.54,,independent,,2026-07-22 01:52:16.743783
CASE_000938,CUST_00322,CHK_002588,checkout,checkout_abandoned,28295.45,,independent,,2026-08-11 13:04:16.803308
CASE_000939,CUST_00324,CHK_002615,checkout,checkout_abandoned,40016.28,,independent,,2026-06-12 01:33:16.810285
CASE_000940,CUST_00325,SUB_000325,subscription,subscription_failed,5415.31,insufficient_funds,independent,,2026-03-31 20:32:16.222048
CASE_000941,CUST_00325,CHK_000222,checkout,checkout_abandoned,50904.35,,independent,,2026-08-22 03:38:16.061473
CASE_000942,CUST_00326,INV_000326,invoice,invoice_overdue,12147.72,insufficient_funds,independent,,2026-06-20 20:32:17.016983
CASE_000943,CUST_00327,PAY_000569,payment,payment_failed,32311.02,unknown_failure,independent,,2026-06-24 09:52:15.853104
CASE_000944,CUST_00327,CHK_001860,checkout,checkout_abandoned,12947.6,,independent,,2026-08-01 07:52:16.672296
CASE_000945,CUST_00328,PAY_003766,payment,payment_failed,10809.33,temporary_bank_failure,independent,,2026-06-19 12:20:16.045043
CASE_000946,CUST_00328,SUB_000328,subscription,subscription_failed,2785.35,authentication_failed,independent,,2026-06-26 20:32:16.222048
CASE_000947,CUST_00330,CHK_000717,checkout,checkout_abandoned,44493.66,,independent,,2026-06-02 06:55:16.446983
CASE_000948,CUST_00332,SUB_000332,subscription,subscription_failed,10251.46,unknown_failure,independent,,2026-06-18 20:32:16.222048
CASE_000949,CUST_00333,INV_000333,invoice,invoice_overdue,15932.1,timeout,independent,,2026-05-18 20:32:17.016983
CASE_000950,CUST_00333,PAY_002488,payment,payment_failed,2979.73,insufficient_funds,independent,,2026-08-19 03:06:15.977706
CASE_000951,CUST_00334,PAY_005813,payment,payment_failed,44423.71,temporary_bank_failure,independent,,2026-08-12 04:41:16.134573
CASE_000952,CUST_00336,SUB_000336,subscription,subscription_failed,7442.37,expired_instrument,independent,,2026-04-10 20:32:16.222048
CASE_000953,CUST_00337,PAY_006198,payment,payment_failed,2706.9,timeout,independent,,2026-07-24 03:26:16.154267
CASE_000954,CUST_00338,SUB_000338,subscription,subscription_failed,6180.71,timeout,independent,,2026-03-28 20:32:16.223139
CASE_000955,CUST_00338,CHK_001024,checkout,checkout_abandoned,5601.28,,independent,,2026-05-29 10:00:16.492199
CASE_000956,CUST_00339,INV_000339,invoice,invoice_overdue,109409.25,timeout,independent,,2026-07-06 20:32:17.017987
CASE_000957,CUST_00340,PAY_004795,payment,payment_failed,46460.13,temporary_bank_failure,independent,,2026-08-01 14:36:16.090299
CASE_000958,CUST_00341,INV_000341,invoice,invoice_overdue,60707.05,insufficient_funds,independent,,2026-05-29 20:32:17.017987
CASE_000959,CUST_00344,INV_000344,invoice,invoice_overdue,27384.61,timeout,independent,,2026-05-04 20:32:17.017987
CASE_000960,CUST_00344,CHK_003091,checkout,checkout_abandoned,19967.23,,independent,,2026-06-06 08:20:16.904311
CASE_000961,CUST_00345,PAY_002346,payment,payment_failed,6515.63,insufficient_funds,independent,,2026-07-04 17:27:15.967740
CASE_000962,CUST_00350,INV_000350,invoice,invoice_overdue,24312.48,insufficient_funds,independent,,2026-02-27 20:32:17.017987
CASE_000963,CUST_00354,SUB_000354,subscription,subscription_failed,12012.05,limit_exceeded,independent,,2026-07-07 20:32:16.223139
CASE_000964,CUST_00354,INV_000354,invoice,invoice_overdue,54661.48,authentication_failed,independent,,2026-07-25 20:32:17.017987
CASE_000965,CUST_00356,INV_000356,invoice,invoice_overdue,70062.12,limit_exceeded,independent,,2026-03-29 20:32:17.017987
CASE_000966,CUST_00356,CHK_001439,checkout,checkout_abandoned,42995.9,,independent,,2026-06-21 14:20:16.572495
CASE_000967,CUST_00356,CHK_000473,checkout,checkout_abandoned,37634.92,,independent,,2026-06-26 14:28:16.405883
CASE_000968,CUST_00356,PAY_000908,payment,payment_failed,15264.77,timeout,independent,,2026-07-25 21:45:15.872191
CASE_000969,CUST_00357,PAY_002801,payment,payment_failed,14993.54,temporary_bank_failure,independent,,2026-06-20 11:45:15.996401
CASE_000970,CUST_00358,PAY_004364,payment,payment_failed,27522.77,expired_instrument,independent,,2026-08-25 07:17:16.071320
CASE_000971,CUST_00359,PAY_006539,payment,payment_failed,3171.34,insufficient_funds,independent,,2026-07-08 11:10:16.172026
CASE_000972,CUST_00360,CHK_001676,checkout,checkout_abandoned,26380.79,,independent,,2026-06-18 00:12:15.955994
CASE_000973,CUST_00360,CHK_000999,checkout,checkout_abandoned,1960.09,,independent,,2026-07-01 08:12:16.489933
CASE_000974,CUST_00361,PAY_000091,payment,payment_failed,15095.14,temporary_bank_failure,independent,,2026-06-27 02:48:15.794738
CASE_000975,CUST_00363,PAY_003323,payment,payment_failed,7462.05,temporary_bank_failure,independent,,2026-05-29 07:48:16.025148
CASE_000976,CUST_00364,PAY_002561,payment,payment_failed,57341.64,expired_instrument,independent,,2026-08-15 09:37:15.982689
CASE_000977,CUST_00365,CHK_002891,checkout,checkout_abandoned,45215.52,,independent,,2026-06-10 12:41:16.859534
CASE_000978,CUST_00366,INV_000366,invoice,invoice_overdue,70798.73,insufficient_funds,independent,,2026-03-23 20:32:17.018983
CASE_000979,CUST_00366,PAY_003062,payment,payment_failed,34905.8,timeout,independent,,2026-06-30 04:49:16.013893
CASE_000980,CUST_00366,CHK_000676,checkout,checkout_abandoned,23818.41,,independent,,2026-07-24 14:36:16.438191
CASE_000981,CUST_00367,CHK_002945,checkout,checkout_abandoned,28491.49,,independent,,2026-08-17 05:50:16.870557
CASE_000982,CUST_00368,SUB_000368,subscription,subscription_failed,7085.33,insufficient_funds,independent,,2026-04-05 20:32:16.223139
CASE_000983,CUST_00368,CHK_000760,checkout,checkout_abandoned,3683.6,,independent,,2026-07-09 12:34:16.454673
CASE_000984,CUST_00368,CHK_002041,checkout,checkout_abandoned,8016.63,,independent,,2026-07-23 08:27:16.701377
CASE_000985,CUST_00368,PAY_004716,payment,payment_failed,14955.77,timeout,independent,,2026-08-20 20:16:16.086999
CASE_000986,CUST_00369,INV_000369,invoice,invoice_overdue,70387.52,temporary_bank_failure,independent,,2026-06-26 20:32:17.018983
CASE_000987,CUST_00370,PAY_000761,payment,payment_failed,7286.1,unknown_failure,independent,,2026-07-24 07:46:15.865396
CASE_000988,CUST_00370,INV_000370,invoice,invoice_overdue,6270.38,insufficient_funds,independent,,2026-08-25 20:32:17.018983
CASE_000989,CUST_00371,PAY_003460,payment,payment_failed,41969.74,risk_decline,independent,,2026-08-14 04:22:16.031728
CASE_000990,CUST_00372,INV_000372,invoice,invoice_overdue,7727.93,expired_instrument,independent,,2026-07-10 20:32:17.018983
CASE_000991,CUST_00374,PAY_006658,payment,payment_failed,12628.35,temporary_bank_failure,independent,,2026-06-04 17:23:16.177504
CASE_000992,CUST_00374,INV_000374,invoice,invoice_overdue,20625.64,temporary_bank_failure,independent,,2026-08-02 20:32:17.018983
CASE_000993,CUST_00376,INV_000376,invoice,invoice_overdue,59059.09,insufficient_funds,independent,,2026-06-21 20:32:17.018983
CASE_000994,CUST_00376,CHK_001524,checkout,checkout_abandoned,9978.9,,independent,,2026-07-04 04:55:16.587919
CASE_000995,CUST_00376,CHK_001659,checkout,checkout_abandoned,43361.55,,independent,,2026-07-04 22:26:16.634869
CASE_000996,CUST_00376,CHK_002782,checkout,checkout_abandoned,26892.54,,independent,,2026-07-10 16:54:16.842178
CASE_000997,CUST_00379,SUB_000379,subscription,subscription_failed,10237.37,temporary_bank_failure,independent,,2026-04-26 20:32:16.224265
CASE_000998,CUST_00380,INV_000380,invoice,invoice_overdue,63328.5,authentication_failed,independent,,2026-06-14 20:32:17.018983
CASE_000999,CUST_00382,CHK_002576,checkout,checkout_abandoned,42204.76,,independent,,2026-08-18 12:58:16.803308
CASE_001000,CUST_00383,SUB_000383,subscription,subscription_failed,2866.46,insufficient_funds,independent,,2026-04-17 20:32:16.224265
CASE_001001,CUST_00383,INV_000383,invoice,invoice_overdue,17797.75,timeout,independent,,2026-05-11 20:32:17.019980
CASE_001002,CUST_00383,CHK_002943,checkout,checkout_abandoned,10401.89,,independent,,2026-06-24 23:03:16.870557
CASE_001003,CUST_00384,CHK_001270,checkout,checkout_abandoned,13210.82,,independent,,2026-06-26 03:38:16.537272
CASE_001004,CUST_00384,PAY_005260,payment,payment_failed,40643.14,insufficient_funds,independent,,2026-06-30 16:53:16.110047
CASE_001005,CUST_00384,CHK_003098,checkout,checkout_abandoned,16433.76,,independent,,2026-07-02 14:56:16.907564
CASE_001006,CUST_00385,SUB_000385,subscription,subscription_failed,4097.05,unknown_failure,independent,,2026-07-16 20:32:16.224265
CASE_001007,CUST_00386,CHK_001463,checkout,checkout_abandoned,8918.55,,independent,,2026-08-11 06:07:16.575790
CASE_001008,CUST_00387,SUB_000387,subscription,subscription_failed,14464.23,timeout,independent,,2026-03-24 20:32:16.224265
CASE_001009,CUST_00387,PAY_000928,payment,payment_failed,39613.62,risk_decline,independent,,2026-08-09 12:01:15.873190
CASE_001010,CUST_00389,SUB_000389,subscription,subscription_failed,2859.96,insufficient_funds,independent,,2026-07-15 20:32:16.224265
CASE_001011,CUST_00389,CHK_002908,checkout,checkout_abandoned,34075.23,,independent,,2026-08-01 07:25:16.865067
CASE_001012,CUST_00390,PAY_002815,payment,payment_failed,59215.72,timeout,independent,,2026-08-01 17:49:15.997413
CASE_001013,CUST_00392,CHK_003134,checkout,checkout_abandoned,30530.66,,independent,,2026-07-04 11:55:16.918539
CASE_001014,CUST_00392,CHK_000838,checkout,checkout_abandoned,14186.38,,independent,,2026-07-15 10:03:16.465739
CASE_001015,CUST_00395,INV_000395,invoice,invoice_overdue,42546.28,blocked_instrument,independent,,2026-04-24 20:32:17.019980
CASE_001016,CUST_00395,PAY_002761,payment,payment_failed,14551.2,insufficient_funds,independent,,2026-08-01 07:54:15.993192
CASE_001017,CUST_00396,PAY_006336,payment,payment_failed,34249.51,insufficient_funds,independent,,2026-06-15 16:00:16.163150
CASE_001018,CUST_00396,CHK_003251,checkout,checkout_abandoned,37112.87,,independent,,2026-06-24 15:37:16.940813
CASE_001019,CUST_00396,CHK_000716,checkout,checkout_abandoned,29480.71,,independent,,2026-08-07 02:20:15.906250
CASE_001020,CUST_00397,CHK_001668,checkout,checkout_abandoned,15137.56,,independent,,2026-07-17 05:14:16.635866
CASE_001021,CUST_00397,CHK_001084,checkout,checkout_abandoned,3436.25,,independent,,2026-08-15 06:16:16.504267
CASE_001022,CUST_00398,INV_000398,invoice,invoice_overdue,70970.16,expired_instrument,independent,,2026-03-09 20:32:17.019980
CASE_001023,CUST_00398,SUB_000398,subscription,subscription_failed,8536.82,risk_decline,independent,,2026-07-16 20:32:16.224265
CASE_001024,CUST_00398,CHK_001204,checkout,checkout_abandoned,19195.71,,independent,,2026-07-28 01:44:16.062562
CASE_001025,CUST_00401,SUB_000401,subscription,subscription_failed,2209.39,temporary_bank_failure,independent,,2026-07-11 20:32:16.228266
CASE_001026,CUST_00401,PAY_003937,payment,payment_failed,9765.36,temporary_bank_failure,independent,,2026-08-23 01:42:16.052224
CASE_001027,CUST_00402,CHK_002675,checkout,checkout_abandoned,49115.14,,independent,,2026-06-12 19:28:16.823241
CASE_001028,CUST_00402,CHK_001346,checkout,checkout_abandoned,31075.53,,independent,,2026-08-19 05:51:16.552738
CASE_001029,CUST_00403,CHK_001739,checkout,checkout_abandoned,15358.73,,independent,,2026-06-10 14:05:16.649819
CASE_001030,CUST_00403,PAY_001586,payment,payment_failed,5695.93,temporary_bank_failure,independent,,2026-06-12 05:51:15.922362
CASE_001031,CUST_00404,PAY_006378,payment,payment_failed,34146.41,expired_instrument,independent,,2026-07-10 18:47:16.165448
CASE_001032,CUST_00405,SUB_000405,subscription,subscription_failed,4190.61,blocked_instrument,independent,,2026-04-16 20:32:16.228266
CASE_001033,CUST_00405,CHK_003410,checkout,checkout_abandoned,16550.57,,independent,,2026-05-29 20:08:16.190976
CASE_001034,CUST_00405,CHK_000229,checkout,checkout_abandoned,17332.29,,independent,,2026-05-29 23:36:16.190976
CASE_001035,CUST_00405,PAY_005671,payment,payment_failed,1407.99,timeout,independent,,2026-06-09 19:24:16.127657
CASE_001036,CUST_00405,CHK_002809,checkout,checkout_abandoned,19451.1,,independent,,2026-06-12 19:58:16.846165
CASE_001037,CUST_00405,PAY_003335,payment,payment_failed,13156.21,insufficient_funds,independent,,2026-06-16 16:04:16.025148
CASE_001038,CUST_00405,INV_000405,invoice,invoice_overdue,17011.08,blocked_instrument,independent,,2026-07-05 20:32:17.020977
CASE_001039,CUST_00406,CHK_001840,checkout,checkout_abandoned,29563.29,,independent,,2026-06-14 19:46:16.669000
CASE_001040,CUST_00407,PAY_004327,payment,payment_failed,21869.21,insufficient_funds,independent,,2026-06-04 00:54:16.069125
CASE_001041,CUST_00408,CHK_002967,checkout,checkout_abandoned,35254.34,,independent,,2026-06-22 19:45:16.872743
CASE_001042,CUST_00410,CHK_002116,checkout,checkout_abandoned,8146.07,,independent,,2026-07-07 21:06:16.716917
CASE_001043,CUST_00410,INV_000410,invoice,invoice_overdue,18584.35,temporary_bank_failure,independent,,2026-08-02 20:32:17.020977
CASE_001044,CUST_00410,PAY_001526,payment,payment_failed,35894.12,risk_decline,independent,,2026-08-08 17:19:15.914951
CASE_001045,CUST_00411,INV_000411,invoice,invoice_overdue,30434.99,insufficient_funds,independent,,2026-03-20 20:32:17.020977
CASE_001046,CUST_00411,CHK_001742,checkout,checkout_abandoned,32063.42,,independent,,2026-08-25 03:25:16.649819
CASE_001047,CUST_00412,CHK_000961,checkout,checkout_abandoned,66680.99,,independent,,2026-07-08 17:45:16.485555
CASE_001048,CUST_00412,PAY_003893,payment,payment_failed,90575.49,temporary_bank_failure,independent,,2026-07-29 09:00:16.050771
CASE_001049,CUST_00412,CHK_000364,checkout,checkout_abandoned,17138.5,,independent,,2026-08-04 15:40:16.387606
CASE_001050,CUST_00413,CHK_001380,checkout,checkout_abandoned,14690.59,,independent,,2026-07-24 11:33:16.559297
CASE_001051,CUST_00414,INV_000414,invoice,invoice_overdue,54964.32,unknown_failure,independent,,2026-04-12 20:32:17.020977
CASE_001052,CUST_00415,CHK_001119,checkout,checkout_abandoned,507.34,,independent,,2026-08-03 01:50:16.510881
CASE_001053,CUST_00415,SUB_000415,subscription,subscription_failed,4178.9,expired_instrument,independent,,2026-08-17 20:32:16.229687
CASE_001054,CUST_00415,PAY_001641,payment,payment_failed,8278.62,temporary_bank_failure,independent,,2026-08-22 03:25:15.925521
CASE_001055,CUST_00416,CHK_001578,checkout,checkout_abandoned,8935.49,,independent,,2026-05-31 02:38:16.616238
CASE_001056,CUST_00416,PAY_003466,payment,payment_failed,9829.46,unknown_failure,independent,,2026-07-23 17:47:16.031728
CASE_001057,CUST_00417,PAY_000455,payment,payment_failed,25418.67,temporary_bank_failure,independent,,2026-07-05 11:36:15.839549
CASE_001058,CUST_00419,SUB_000419,subscription,subscription_failed,3863.6,risk_decline,independent,,2026-05-30 20:32:16.229687
CASE_001059,CUST_00420,PAY_001113,payment,payment_failed,40512.33,timeout,independent,,2026-06-29 23:28:15.889538
CASE_001060,CUST_00421,INV_000421,invoice,invoice_overdue,21102.97,authentication_failed,independent,,2026-06-28 20:32:17.020977
CASE_001061,CUST_00422,PAY_000422,payment,payment_failed,12879.82,authentication_failed,independent,,2026-05-28 23:20:15.835108
CASE_001062,CUST_00423,INV_000423,invoice,invoice_overdue,57809.79,insufficient_funds,independent,,2026-03-10 20:32:17.020977
CASE_001063,CUST_00424,CHK_001374,checkout,checkout_abandoned,90518.21,,independent,,2026-05-29 01:03:16.557093
CASE_001064,CUST_00424,PAY_001878,payment,payment_failed,43047.05,temporary_bank_failure,independent,,2026-07-12 17:11:15.941675
CASE_001065,CUST_00425,PAY_000083,payment,payment_failed,28682.29,timeout,independent,,2026-08-18 15:05:15.794738
CASE_001066,CUST_00426,PAY_003883,payment,payment_failed,3520.66,timeout,independent,,2026-08-16 17:08:16.049734
CASE_001067,CUST_00427,SUB_000427,subscription,subscription_failed,6250.82,timeout,independent,,2026-03-30 20:32:16.229687
CASE_001068,CUST_00427,CHK_000114,checkout,checkout_abandoned,34836.44,,independent,,2026-07-18 10:29:16.334938
CASE_001069,CUST_00428,INV_000428,invoice,invoice_overdue,12361.91,unknown_failure,independent,,2026-03-15 20:32:17.021973
CASE_001070,CUST_00429,INV_000429,invoice,invoice_overdue,60795.45,risk_decline,independent,,2026-06-16 20:32:17.021973
CASE_001071,CUST_00430,CHK_001408,checkout,checkout_abandoned,2431.77,,independent,,2026-06-10 01:48:16.568109
CASE_001072,CUST_00431,PAY_006017,payment,payment_failed,18819.79,authentication_failed,independent,,2026-06-12 06:43:16.143340
CASE_001073,CUST_00431,CHK_003107,checkout,checkout_abandoned,44520.93,,independent,,2026-06-14 20:12:16.910566
CASE_001074,CUST_00432,PAY_003737,payment,payment_failed,12286.26,temporary_bank_failure,independent,,2026-07-13 05:30:16.044031
CASE_001075,CUST_00433,SUB_000433,subscription,subscription_failed,6663.46,timeout,independent,,2026-04-04 20:32:16.229687
CASE_001076,CUST_00433,PAY_005263,payment,payment_failed,6503.59,insufficient_funds,independent,,2026-07-16 10:08:16.110047
CASE_001077,CUST_00434,PAY_004746,payment,payment_failed,17275.15,temporary_bank_failure,independent,,2026-06-25 00:47:16.088099
CASE_001078,CUST_00434,CHK_002045,checkout,checkout_abandoned,19179.76,,independent,,2026-07-07 18:09:16.701377
CASE_001079,CUST_00435,PAY_002659,payment,payment_failed,27516.74,limit_exceeded,independent,,2026-08-16 08:17:15.987013
CASE_001080,CUST_00436,PAY_003888,payment,payment_failed,37610.75,timeout,independent,,2026-06-06 07:42:16.050771
CASE_001081,CUST_00436,CHK_001206,checkout,checkout_abandoned,31124.18,,independent,,2026-07-19 10:37:16.528499
CASE_001082,CUST_00436,SUB_000436,subscription,subscription_failed,7875.48,insufficient_funds,independent,,2026-07-23 20:32:16.229687
CASE_001083,CUST_00437,CHK_002338,checkout,checkout_abandoned,21521.55,,independent,,2026-06-21 02:13:16.755468
CASE_001084,CUST_00440,CHK_003284,checkout,checkout_abandoned,6968.29,,independent,,2026-07-22 23:29:16.946264
CASE_001085,CUST_00440,PAY_004946,payment,payment_failed,9517.34,authentication_failed,independent,,2026-08-09 22:44:16.096861
CASE_001086,CUST_00441,INV_000441,invoice,invoice_overdue,65204.62,timeout,independent,,2026-03-05 20:32:17.021973
CASE_001087,CUST_00442,INV_000442,invoice,invoice_overdue,52958.15,unknown_failure,independent,,2026-03-13 20:32:17.021973
CASE_001088,CUST_00443,CHK_000332,checkout,checkout_abandoned,8976.51,,independent,,2026-06-19 07:02:16.379161
CASE_001089,CUST_00443,PAY_001814,payment,payment_failed,10257.94,insufficient_funds,independent,,2026-07-17 19:22:15.936493
CASE_001090,CUST_00443,SUB_000443,subscription,subscription_failed,7250.85,insufficient_funds,independent,,2026-07-25 20:32:16.230783
CASE_001091,CUST_00443,CHK_000738,checkout,checkout_abandoned,13421.87,,independent,,2026-08-19 02:37:16.029538
CASE_001092,CUST_00443,PAY_004583,payment,payment_failed,5403.9,timeout,independent,,2026-08-25 01:55:16.080239
CASE_001093,CUST_00444,SUB_000444,subscription,subscription_failed,6544.46,temporary_bank_failure,independent,,2026-05-08 20:32:16.230783
CASE_001094,CUST_00445,SUB_000445,subscription,subscription_failed,2799.95,risk_decline,independent,,2026-05-07 20:32:16.230783
CASE_001095,CUST_00445,PAY_004002,payment,payment_failed,4170.91,timeout,independent,,2026-07-12 15:01:16.054832
CASE_001096,CUST_00445,PAY_004621,payment,payment_failed,12971.1,insufficient_funds,independent,,2026-08-03 02:47:16.082425
CASE_001097,CUST_00446,CHK_001239,checkout,checkout_abandoned,7208.75,,independent,,2026-06-14 09:52:16.535059
CASE_001098,CUST_00446,CHK_001825,checkout,checkout_abandoned,3005.51,,independent,,2026-06-16 02:41:16.665705
CASE_001099,CUST_00446,CHK_000902,checkout,checkout_abandoned,26379.82,,independent,,2026-07-09 11:55:16.474503
CASE_001100,CUST_00447,CHK_000812,checkout,checkout_abandoned,29125.89,,independent,,2026-05-27 18:14:16.462451
CASE_001101,CUST_00447,PAY_002469,payment,payment_failed,14877.85,authentication_failed,independent,,2026-07-09 12:48:15.975713
CASE_001102,CUST_00449,PAY_002899,payment,payment_failed,9757.86,temporary_bank_failure,independent,,2026-06-02 13:14:16.003521
CASE_001103,CUST_00449,CHK_000546,checkout,checkout_abandoned,9216.95,,independent,,2026-06-06 18:00:16.137864
CASE_001104,CUST_00451,INV_000451,invoice,invoice_overdue,5532.66,risk_decline,independent,,2026-06-08 20:32:17.022970
CASE_001105,CUST_00452,INV_000452,invoice,invoice_overdue,61019.82,blocked_instrument,independent,,2026-03-28 20:32:17.022970
CASE_001106,CUST_00452,PAY_005424,payment,payment_failed,9624.32,limit_exceeded,independent,,2026-06-01 15:46:16.116432
CASE_001107,CUST_00452,CHK_002620,checkout,checkout_abandoned,35745.6,,independent,,2026-07-14 06:22:16.811281
CASE_001108,CUST_00453,INV_000453,invoice,invoice_overdue,56553.33,blocked_instrument,independent,,2026-05-19 20:32:17.022970
CASE_001109,CUST_00453,CHK_002540,checkout,checkout_abandoned,12985.19,,independent,,2026-05-28 03:12:16.797328
CASE_001110,CUST_00456,CHK_001040,checkout,checkout_abandoned,45519.4,,independent,,2026-08-25 00:14:15.919294
CASE_001111,CUST_00457,SUB_000457,subscription,subscription_failed,12363.14,insufficient_funds,independent,,2026-07-17 20:32:16.230783
CASE_001112,CUST_00458,CHK_002076,checkout,checkout_abandoned,26380.67,,independent,,2026-06-29 16:54:16.707998
CASE_001113,CUST_00458,CHK_001211,checkout,checkout_abandoned,46387.57,,independent,,2026-07-08 16:00:16.529589
CASE_001114,CUST_00459,PAY_005120,payment,payment_failed,11981.64,timeout,independent,,2026-06-15 07:26:16.103451
CASE_001115,CUST_00460,INV_000460,invoice,invoice_overdue,17159.25,expired_instrument,independent,,2026-04-08 20:32:17.022970
CASE_001116,CUST_00461,CHK_001559,checkout,checkout_abandoned,7192.22,,independent,,2026-07-15 15:05:16.595599
CASE_001117,CUST_00462,PAY_002960,payment,payment_failed,8944.46,timeout,independent,,2026-06-30 12:04:16.008603
CASE_001118,CUST_00462,SUB_000462,subscription,subscription_failed,5504.9,temporary_bank_failure,independent,,2026-07-13 20:32:16.230783
CASE_001119,CUST_00462,INV_000462,invoice,invoice_overdue,22736.7,risk_decline,independent,,2026-07-24 20:32:17.022970
CASE_001120,CUST_00463,SUB_000463,subscription,subscription_failed,13334.64,temporary_bank_failure,independent,,2026-05-06 20:32:16.231825
CASE_001121,CUST_00463,CHK_000325,checkout,checkout_abandoned,22386.92,,independent,,2026-07-05 12:37:16.375824
CASE_001122,CUST_00463,CHK_000310,checkout,checkout_abandoned,5030.83,,independent,,2026-07-09 15:02:16.373617
CASE_001123,CUST_00464,PAY_006420,payment,payment_failed,41483.25,timeout,independent,,2026-06-16 18:28:16.166543
CASE_001124,CUST_00464,PAY_003356,payment,payment_failed,6002.99,timeout,independent,,2026-06-20 06:21:16.026242
CASE_001125,CUST_00464,SUB_000464,subscription,subscription_failed,10708.69,risk_decline,independent,,2026-07-05 20:32:16.231825
CASE_001126,CUST_00464,PAY_005769,payment,payment_failed,45945.38,unknown_failure,independent,,2026-07-10 21:53:16.132362
CASE_001127,CUST_00466,INV_000466,invoice,invoice_overdue,49374.97,risk_decline,independent,,2026-06-26 20:32:17.022970
CASE_001128,CUST_00467,PAY_000044,payment,payment_failed,12226.19,timeout,independent,,2026-06-24 03:00:15.792231
CASE_001129,CUST_00467,PAY_004314,payment,payment_failed,19955.35,unknown_failure,independent,,2026-06-26 19:13:16.069125
CASE_001130,CUST_00467,PAY_000724,payment,payment_failed,17989.93,temporary_bank_failure,independent,,2026-08-22 04:13:15.863198
CASE_001131,CUST_00468,SUB_000468,subscription,subscription_failed,14965.41,insufficient_funds,independent,,2026-04-15 20:32:16.231825
CASE_001132,CUST_00469,INV_000469,invoice,invoice_overdue,19288.89,insufficient_funds,independent,,2026-03-23 20:32:17.023968
CASE_001133,CUST_00469,PAY_005776,payment,payment_failed,8354.29,temporary_bank_failure,independent,,2026-07-05 04:52:16.132362
CASE_001134,CUST_00470,PAY_000530,payment,payment_failed,2037.7,blocked_instrument,independent,,2026-07-12 06:19:15.849657
CASE_001135,CUST_00472,PAY_001125,payment,payment_failed,17177.94,temporary_bank_failure,independent,,2026-06-09 04:52:15.889538
CASE_001136,CUST_00476,CHK_000386,checkout,checkout_abandoned,3805.16,,independent,,2026-07-05 21:53:16.393156
CASE_001137,CUST_00476,PAY_004130,payment,payment_failed,14795.24,temporary_bank_failure,independent,,2026-07-31 20:50:16.060374
CASE_001138,CUST_00477,CHK_001294,checkout,checkout_abandoned,38937.13,,independent,,2026-08-02 17:21:16.543916
CASE_001139,CUST_00478,CHK_001793,checkout,checkout_abandoned,16011.81,,independent,,2026-08-16 02:59:16.659786
CASE_001140,CUST_00478,CHK_001700,checkout,checkout_abandoned,47963.87,,independent,,2026-08-23 17:35:16.642843
CASE_001141,CUST_00479,SUB_000479,subscription,subscription_failed,10243.31,risk_decline,independent,,2026-06-22 20:32:16.231825
CASE_001142,CUST_00480,PAY_005464,payment,payment_failed,13561.94,blocked_instrument,independent,,2026-06-22 00:08:16.118986
CASE_001143,CUST_00480,PAY_001894,payment,payment_failed,28649.21,authentication_failed,independent,,2026-08-02 16:33:15.942675
CASE_001144,CUST_00482,CHK_001174,checkout,checkout_abandoned,2486.76,,independent,,2026-06-17 19:24:16.521910
CASE_001145,CUST_00482,PAY_006731,payment,payment_failed,43742.97,temporary_bank_failure,independent,,2026-08-07 10:55:16.181112
CASE_001146,CUST_00483,PAY_004806,payment,payment_failed,33533.42,temporary_bank_failure,independent,,2026-07-30 14:37:16.090299
CASE_001147,CUST_00483,SUB_000483,subscription,subscription_failed,13655.12,blocked_instrument,independent,,2026-08-15 20:32:16.231825
CASE_001148,CUST_00483,CHK_000414,checkout,checkout_abandoned,48467.13,,independent,,2026-08-23 07:13:16.396211
CASE_001149,CUST_00484,INV_000484,invoice,invoice_overdue,7099.63,insufficient_funds,independent,,2026-08-01 20:32:17.023968
CASE_001150,CUST_00488,PAY_006809,payment,payment_failed,13567.52,insufficient_funds,independent,,2026-08-12 02:00:16.184396
CASE_001151,CUST_00488,PAY_000583,payment,payment_failed,44676.66,timeout,independent,,2026-08-18 14:43:15.853104
CASE_001152,CUST_00489,CHK_001269,checkout,checkout_abandoned,19300.63,,independent,,2026-06-17 06:15:16.537272
CASE_001153,CUST_00490,PAY_003878,payment,payment_failed,22586.7,limit_exceeded,independent,,2026-08-21 22:20:16.049734
CASE_001154,CUST_00491,INV_000491,invoice,invoice_overdue,74362.82,insufficient_funds,independent,,2026-06-24 20:32:17.023968
CASE_001155,CUST_00491,PAY_005025,payment,payment_failed,11262.86,timeout,independent,,2026-07-23 17:15:16.100154
CASE_001156,CUST_00492,SUB_000492,subscription,subscription_failed,3710.56,temporary_bank_failure,independent,,2026-04-20 20:32:16.231825
CASE_001157,CUST_00492,PAY_003392,payment,payment_failed,19859.17,insufficient_funds,independent,,2026-06-06 02:18:16.028439
CASE_001158,CUST_00493,INV_000493,invoice,invoice_overdue,59431.34,temporary_bank_failure,independent,,2026-05-12 20:32:17.024964
CASE_001159,CUST_00493,PAY_003764,payment,payment_failed,23038.97,authentication_failed,independent,,2026-07-31 10:05:16.045043
CASE_001160,CUST_00495,CHK_000123,checkout,checkout_abandoned,10393.45,,independent,,2026-08-07 11:30:16.336167
CASE_001161,CUST_00496,CHK_000468,checkout,checkout_abandoned,42335.33,,independent,,2026-05-31 18:01:16.403778
CASE_001162,CUST_00496,PAY_006877,payment,payment_failed,35876.97,risk_decline,independent,,2026-06-23 10:00:16.187677
CASE_001163,CUST_00496,INV_000496,invoice,invoice_overdue,16614.22,temporary_bank_failure,independent,,2026-07-19 20:32:17.024964
CASE_001164,CUST_00497,PAY_001635,payment,payment_failed,36138.79,expired_instrument,independent,,2026-07-30 14:33:15.924525
CASE_001165,CUST_00497,PAY_004599,payment,payment_failed,25674.26,expired_instrument,independent,,2026-08-14 03:41:16.081333
CASE_001166,CUST_00498,CHK_000309,checkout,checkout_abandoned,22279.76,,independent,,2026-05-27 10:09:16.373617
CASE_001167,CUST_00498,PAY_004176,payment,payment_failed,19626.91,unknown_failure,independent,,2026-08-22 11:27:16.062562
CASE_001168,CUST_00499,PAY_005426,payment,payment_failed,14122.06,limit_exceeded,independent,,2026-07-01 02:32:16.116432
CASE_001169,CUST_00499,CHK_001128,checkout,checkout_abandoned,5677.76,,independent,,2026-07-10 21:58:16.511973
CASE_001170,CUST_00499,PAY_004108,payment,payment_failed,15660.45,temporary_bank_failure,independent,,2026-07-13 08:05:16.060374
CASE_001171,CUST_00500,CHK_003305,checkout,checkout_abandoned,19242.35,,independent,,2026-07-09 20:26:16.949425
CASE_001172,CUST_00501,PAY_002221,payment,payment_failed,28184.52,unknown_failure,independent,,2026-06-08 21:06:15.958983
CASE_001173,CUST_00501,CHK_001108,checkout,checkout_abandoned,28791.53,,independent,,2026-07-19 20:34:16.507683
CASE_001174,CUST_00502,CHK_001565,checkout,checkout_abandoned,42114.29,,independent,,2026-06-05 09:02:16.613196
CASE_001175,CUST_00502,PAY_006869,payment,payment_failed,24079.63,insufficient_funds,independent,,2026-07-18 04:55:16.186589
CASE_001176,CUST_00505,PAY_006705,payment,payment_failed,4509.01,insufficient_funds,independent,,2026-06-11 07:23:16.180011
CASE_001177,CUST_00505,PAY_001719,payment,payment_failed,18052.45,risk_decline,independent,,2026-06-29 10:42:15.929677
CASE_001178,CUST_00506,PAY_003134,payment,payment_failed,5659.04,risk_decline,independent,,2026-06-14 19:10:16.017114
CASE_001179,CUST_00507,INV_000507,invoice,invoice_overdue,34418.63,expired_instrument,independent,,2026-06-22 20:32:17.024964
CASE_001180,CUST_00507,CHK_003346,checkout,checkout_abandoned,43833.5,,independent,,2026-07-14 14:38:16.957163
CASE_001181,CUST_00508,CHK_003086,checkout,checkout_abandoned,41739.89,,independent,,2026-05-27 13:16:16.902117
CASE_001182,CUST_00509,PAY_001750,payment,payment_failed,49705.16,risk_decline,independent,,2026-05-29 02:01:15.931936
CASE_001183,CUST_00511,PAY_006403,payment,payment_failed,35767.59,insufficient_funds,independent,,2026-06-02 20:34:16.166543
CASE_001184,CUST_00511,INV_000511,invoice,invoice_overdue,25366.87,risk_decline,independent,,2026-06-08 20:32:17.024964
CASE_001185,CUST_00513,CHK_000416,checkout,checkout_abandoned,39182.79,,independent,,2026-06-24 04:50:16.396211
CASE_001186,CUST_00514,PAY_001863,payment,payment_failed,47210.23,blocked_instrument,independent,,2026-06-13 03:10:15.940226
CASE_001187,CUST_00514,CHK_003488,checkout,checkout_abandoned,11204.12,,independent,,2026-07-19 04:55:16.985862
CASE_001188,CUST_00515,PAY_000226,payment,payment_failed,6120.36,temporary_bank_failure,independent,,2026-06-16 19:02:15.803512
CASE_001189,CUST_00515,PAY_002838,payment,payment_failed,6530.35,temporary_bank_failure,independent,,2026-07-31 00:27:15.999438
CASE_001190,CUST_00515,CHK_000392,checkout,checkout_abandoned,19084.66,,independent,,2026-08-07 18:33:16.393156
CASE_001191,CUST_00516,SUB_000516,subscription,subscription_failed,7462.75,timeout,independent,,2026-06-11 20:32:16.232929
CASE_001192,CUST_00516,CHK_002986,checkout,checkout_abandoned,7996.69,,independent,,2026-06-16 01:39:16.877604
CASE_001193,CUST_00517,CHK_000262,checkout,checkout_abandoned,29447.93,,independent,,2026-08-13 06:56:16.361522
CASE_001194,CUST_00518,SUB_000518,subscription,subscription_failed,8735.13,insufficient_funds,independent,,2026-06-01 20:32:16.232929
CASE_001195,CUST_00518,INV_000518,invoice,invoice_overdue,68153.22,timeout,independent,,2026-07-13 20:32:17.025961
CASE_001196,CUST_00520,CHK_000831,checkout,checkout_abandoned,47277.98,,independent,,2026-06-19 19:17:16.464649
CASE_001197,CUST_00520,PAY_005256,payment,payment_failed,10596.92,limit_exceeded,independent,,2026-08-15 05:17:16.110047
CASE_001198,CUST_00521,PAY_005002,payment,payment_failed,17294.64,timeout,independent,,2026-07-22 14:40:16.099054
CASE_001199,CUST_00522,CHK_002849,checkout,checkout_abandoned,24732.74,,independent,,2026-07-13 14:13:16.020411
CASE_001200,CUST_00523,CHK_001370,checkout,checkout_abandoned,38228.13,,independent,,2026-08-10 16:37:16.555990
CASE_001201,CUST_00524,SUB_000524,subscription,subscription_failed,5708.04,expired_instrument,independent,,2026-05-14 20:32:16.232929
CASE_001202,CUST_00524,CHK_001754,checkout,checkout_abandoned,37575.12,,independent,,2026-06-24 18:26:16.651812
CASE_001203,CUST_00525,CHK_002253,checkout,checkout_abandoned,7278.36,,independent,,2026-06-01 05:35:16.742685
CASE_001204,CUST_00525,SUB_000525,subscription,subscription_failed,11002.9,unknown_failure,independent,,2026-08-12 20:32:16.232929
CASE_001205,CUST_00526,CHK_002633,checkout,checkout_abandoned,2094.43,,independent,,2026-07-06 19:41:16.126564
CASE_001206,CUST_00526,CHK_000397,checkout,checkout_abandoned,2044.58,,independent,,2026-07-06 19:45:16.126564
CASE_001207,CUST_00527,CHK_002875,checkout,checkout_abandoned,92899.98,,independent,,2026-07-05 07:20:16.856233
CASE_001208,CUST_00527,CHK_001207,checkout,checkout_abandoned,31273.44,,independent,,2026-08-09 11:22:16.528499
CASE_001209,CUST_00528,PAY_000727,payment,payment_failed,47199.51,temporary_bank_failure,independent,,2026-07-02 22:03:15.863198
CASE_001210,CUST_00528,CHK_002497,checkout,checkout_abandoned,45525.76,,independent,,2026-07-21 06:57:16.788358
CASE_001211,CUST_00528,INV_000528,invoice,invoice_overdue,49974.34,blocked_instrument,independent,,2026-07-23 20:32:17.025961
CASE_001212,CUST_00529,SUB_000529,subscription,subscription_failed,11135.77,authentication_failed,independent,,2026-03-21 20:32:16.234032
CASE_001213,CUST_00530,INV_000530,invoice,invoice_overdue,56444.78,insufficient_funds,independent,,2026-04-26 20:32:17.025961
CASE_001214,CUST_00531,INV_000531,invoice,invoice_overdue,7075.54,expired_instrument,independent,,2026-06-30 20:32:17.025961
CASE_001215,CUST_00532,INV_000532,invoice,invoice_overdue,58237.32,blocked_instrument,independent,,2026-05-23 20:32:17.025961
CASE_001216,CUST_00532,CHK_000991,checkout,checkout_abandoned,31119.77,,independent,,2026-07-21 21:34:16.488834
CASE_001217,CUST_00533,INV_000533,invoice,invoice_overdue,56310.31,limit_exceeded,independent,,2026-04-07 20:32:17.025961
CASE_001218,CUST_00534,SUB_000534,subscription,subscription_failed,8853.63,timeout,independent,,2026-05-18 20:32:16.234032
CASE_001219,CUST_00534,CHK_002529,checkout,checkout_abandoned,12838.62,,independent,,2026-05-29 04:45:16.793342
CASE_001220,CUST_00535,SUB_000535,subscription,subscription_failed,23487.35,blocked_instrument,independent,,2026-06-30 20:32:16.234032
CASE_001221,CUST_00536,SUB_000536,subscription,subscription_failed,21929.47,unknown_failure,independent,,2026-03-07 20:32:16.234032
CASE_001222,CUST_00536,PAY_003763,payment,payment_failed,82590.73,expired_instrument,independent,,2026-06-18 11:51:16.045043
CASE_001223,CUST_00536,CHK_000092,checkout,checkout_abandoned,75305.85,,independent,,2026-06-21 20:47:16.332747
CASE_001224,CUST_00537,PAY_001985,payment,payment_failed,47225.26,insufficient_funds,independent,,2026-07-24 02:10:15.948020
CASE_001225,CUST_00537,PAY_000147,payment,payment_failed,17641.18,unknown_failure,independent,,2026-08-14 14:21:15.799129
CASE_001226,CUST_00538,PAY_002344,payment,payment_failed,19180.86,timeout,independent,,2026-05-29 02:27:15.966732
CASE_001227,CUST_00539,SUB_000539,subscription,subscription_failed,5120.51,insufficient_funds,independent,,2026-06-18 20:32:16.234032
CASE_001228,CUST_00539,PAY_003544,payment,payment_failed,46829.35,temporary_bank_failure,independent,,2026-08-18 14:00:16.035151
CASE_001229,CUST_00539,CHK_001369,checkout,checkout_abandoned,4472.41,,independent,,2026-08-22 01:18:16.555990
CASE_001230,CUST_00539,PAY_006836,payment,payment_failed,13966.7,temporary_bank_failure,independent,,2026-08-24 17:39:16.185492
CASE_001231,CUST_00540,PAY_005091,payment,payment_failed,19069.95,insufficient_funds,independent,,2026-08-18 06:57:16.102352
CASE_001232,CUST_00540,PAY_005955,payment,payment_failed,29162.9,timeout,independent,,2026-08-19 10:29:16.140058
CASE_001233,CUST_00542,CHK_002443,checkout,checkout_abandoned,17791.34,,independent,,2026-08-07 14:32:16.777396
CASE_001234,CUST_00544,PAY_004177,payment,payment_failed,3947.8,expired_instrument,independent,,2026-07-08 01:29:16.062562
CASE_001235,CUST_00545,PAY_001314,payment,payment_failed,13630.77,insufficient_funds,independent,,2026-06-23 19:05:15.899131
CASE_001236,CUST_00545,INV_000545,invoice,invoice_overdue,67891.13,temporary_bank_failure,independent,,2026-08-25 20:32:17.026957
CASE_001237,CUST_00546,INV_000546,invoice,invoice_overdue,33161.47,temporary_bank_failure,independent,,2026-03-16 20:32:17.026957
CASE_001238,CUST_00547,CHK_000935,checkout,checkout_abandoned,7531.82,,independent,,2026-06-07 19:59:16.482268
CASE_001239,CUST_00547,SUB_000547,subscription,subscription_failed,6076.37,temporary_bank_failure,independent,,2026-07-06 20:32:16.234032
CASE_001240,CUST_00547,PAY_006445,payment,payment_failed,17354.12,expired_instrument,independent,,2026-08-08 03:15:16.167635
CASE_001241,CUST_00548,PAY_001764,payment,payment_failed,9322.14,insufficient_funds,independent,,2026-08-06 03:43:15.933265
CASE_001242,CUST_00549,SUB_000549,subscription,subscription_failed,12743.91,insufficient_funds,independent,,2026-05-11 20:32:16.234032
CASE_001243,CUST_00549,PAY_003804,payment,payment_failed,39365.21,temporary_bank_failure,independent,,2026-08-17 15:34:16.046439
CASE_001244,CUST_00550,INV_000550,invoice,invoice_overdue,47788.04,authentication_failed,independent,,2026-04-23 20:32:17.026957
CASE_001245,CUST_00550,PAY_004504,payment,payment_failed,56010.75,risk_decline,independent,,2026-07-25 05:59:16.076723
CASE_001246,CUST_00550,CHK_002484,checkout,checkout_abandoned,62355.8,,independent,,2026-08-08 21:58:16.786365
CASE_001247,CUST_00551,CHK_000993,checkout,checkout_abandoned,13032.57,,independent,,2026-07-07 12:30:16.488834
CASE_001248,CUST_00553,PAY_006766,payment,payment_failed,28827.96,timeout,independent,,2026-07-19 23:20:16.182203
CASE_001249,CUST_00554,INV_000554,invoice,invoice_overdue,17595.14,insufficient_funds,independent,,2026-02-26 20:32:17.026957
CASE_001250,CUST_00554,SUB_000554,subscription,subscription_failed,5977.68,temporary_bank_failure,independent,,2026-04-07 20:32:16.235257
CASE_001251,CUST_00554,CHK_002295,checkout,checkout_abandoned,46821.11,,independent,,2026-05-31 22:20:16.748173
CASE_001252,CUST_00554,PAY_003733,payment,payment_failed,20140.56,temporary_bank_failure,independent,,2026-06-09 08:38:16.042895
CASE_001253,CUST_00554,PAY_002816,payment,payment_failed,32942.55,insufficient_funds,independent,,2026-06-11 16:08:15.997413
CASE_001254,CUST_00554,CHK_001183,checkout,checkout_abandoned,41844.42,,independent,,2026-07-22 18:19:16.523010
CASE_001255,CUST_00554,CHK_000120,checkout,checkout_abandoned,32887.72,,independent,,2026-07-28 19:22:16.336167
CASE_001256,CUST_00555,SUB_000555,subscription,subscription_failed,13365.86,temporary_bank_failure,independent,,2026-03-23 20:32:16.235257
CASE_001257,CUST_00555,PAY_000996,payment,payment_failed,30262.32,timeout,independent,,2026-07-28 18:59:15.875676
CASE_001258,CUST_00556,CHK_000611,checkout,checkout_abandoned,33558.18,,independent,,2026-06-08 01:00:16.429372
CASE_001259,CUST_00557,CHK_001254,checkout,checkout_abandoned,27603.58,,independent,,2026-06-11 22:49:16.535059
CASE_001260,CUST_00557,CHK_003273,checkout,checkout_abandoned,24505.87,,independent,,2026-08-11 08:01:16.944140
CASE_001261,CUST_00558,PAY_005069,payment,payment_failed,12278.91,expired_instrument,independent,,2026-06-12 06:10:16.101256
CASE_001262,CUST_00558,CHK_000729,checkout,checkout_abandoned,3099.48,,independent,,2026-07-15 05:38:16.449194
CASE_001263,CUST_00558,SUB_000558,subscription,subscription_failed,6786.49,blocked_instrument,independent,,2026-07-19 20:32:16.235257
CASE_001264,CUST_00558,CHK_001208,checkout,checkout_abandoned,12647.45,,independent,,2026-08-16 09:06:15.894616
CASE_001265,CUST_00559,SUB_000559,subscription,subscription_failed,5639.78,temporary_bank_failure,independent,,2026-05-14 20:32:16.235257
CASE_001266,CUST_00559,PAY_005742,payment,payment_failed,33881.35,limit_exceeded,independent,,2026-07-21 18:05:16.130946
CASE_001267,CUST_00561,CHK_000850,checkout,checkout_abandoned,14972.36,,independent,,2026-08-23 08:45:16.466831
CASE_001268,CUST_00563,SUB_000563,subscription,subscription_failed,4245.34,blocked_instrument,independent,,2026-03-30 20:32:16.235257
CASE_001269,CUST_00563,CHK_001937,checkout,checkout_abandoned,15550.36,,independent,,2026-06-16 00:00:16.685788
CASE_001270,CUST_00563,PAY_005459,payment,payment_failed,40533.61,expired_instrument,independent,,2026-08-17 20:07:16.118986
CASE_001271,CUST_00564,INV_000564,invoice,invoice_overdue,12714.99,authentication_failed,independent,,2026-03-10 20:32:17.027954
CASE_001272,CUST_00566,INV_000566,invoice,invoice_overdue,69201.25,temporary_bank_failure,independent,,2026-05-06 20:32:17.027954
CASE_001273,CUST_00567,INV_000567,invoice,invoice_overdue,12327.11,insufficient_funds,independent,,2026-05-14 20:32:17.027954
CASE_001274,CUST_00567,SUB_000567,subscription,subscription_failed,2902.62,risk_decline,independent,,2026-06-30 20:32:16.235257
CASE_001275,CUST_00568,CHK_002142,checkout,checkout_abandoned,3518.81,,independent,,2026-07-18 12:48:15.988026
CASE_001276,CUST_00569,SUB_000569,subscription,subscription_failed,9935.22,blocked_instrument,independent,,2026-05-19 20:32:16.235257
CASE_001277,CUST_00570,PAY_005882,payment,payment_failed,7656.44,insufficient_funds,independent,,2026-06-10 06:39:16.136763
CASE_001278,CUST_00570,CHK_000125,checkout,checkout_abandoned,36888.45,,independent,,2026-06-15 16:35:16.336167
CASE_001279,CUST_00570,SUB_000570,subscription,subscription_failed,6155.43,unknown_failure,independent,,2026-07-29 20:32:16.235257
CASE_001280,CUST_00571,CHK_001458,checkout,checkout_abandoned,35930.62,,independent,,2026-06-24 11:05:16.574699
CASE_001281,CUST_00573,PAY_005902,payment,payment_failed,10975.53,risk_decline,independent,,2026-07-15 16:09:16.137864
CASE_001282,CUST_00574,PAY_004198,payment,payment_failed,7746.96,risk_decline,independent,,2026-05-28 05:51:16.063651
CASE_001283,CUST_00574,PAY_003541,payment,payment_failed,3489.18,authentication_failed,independent,,2026-05-31 12:12:16.035151
CASE_001284,CUST_00574,PAY_003073,payment,payment_failed,29544.65,insufficient_funds,independent,,2026-07-01 15:12:16.013893
CASE_001285,CUST_00576,CHK_001714,checkout,checkout_abandoned,21925.9,,independent,,2026-08-01 20:08:16.645833
CASE_001286,CUST_00577,CHK_000774,checkout,checkout_abandoned,22223.6,,independent,,2026-06-29 20:18:16.456860
CASE_001287,CUST_00577,PAY_003970,payment,payment_failed,30802.91,timeout,independent,,2026-07-12 06:12:16.053736
CASE_001288,CUST_00578,SUB_000578,subscription,subscription_failed,9131.34,temporary_bank_failure,independent,,2026-06-12 20:32:16.235257
CASE_001289,CUST_00579,SUB_000579,subscription,subscription_failed,5182.18,temporary_bank_failure,independent,,2026-07-26 20:32:16.236470
CASE_001290,CUST_00580,INV_000580,invoice,invoice_overdue,8000.65,temporary_bank_failure,independent,,2026-02-27 20:32:17.028950
CASE_001291,CUST_00580,SUB_000580,subscription,subscription_failed,3356.39,temporary_bank_failure,independent,,2026-05-03 20:32:16.236470
CASE_001292,CUST_00582,INV_000582,invoice,invoice_overdue,62339.72,insufficient_funds,independent,,2026-04-20 20:32:17.028950
CASE_001293,CUST_00582,CHK_002035,checkout,checkout_abandoned,45673.04,,independent,,2026-06-10 04:16:16.700286
CASE_001294,CUST_00583,INV_000583,invoice,invoice_overdue,30109.33,timeout,independent,,2026-04-27 20:32:17.028950
CASE_001295,CUST_00583,SUB_000583,subscription,subscription_failed,13660.69,expired_instrument,independent,,2026-05-12 20:32:16.236470
CASE_001296,CUST_00584,PAY_003089,payment,payment_failed,25725.98,unknown_failure,independent,,2026-07-12 18:39:16.014908
CASE_001297,CUST_00584,PAY_004829,payment,payment_failed,34812.3,timeout,independent,,2026-07-25 17:31:16.091395
CASE_001298,CUST_00585,SUB_000585,subscription,subscription_failed,8717.41,insufficient_funds,independent,,2026-05-14 20:32:16.236470
CASE_001299,CUST_00585,CHK_000786,checkout,checkout_abandoned,19573.21,,independent,,2026-08-03 02:35:16.459056
CASE_001300,CUST_00585,CHK_001966,checkout,checkout_abandoned,58801.69,,independent,,2026-08-10 03:28:16.689082
CASE_001301,CUST_00586,INV_000586,invoice,invoice_overdue,28620.47,temporary_bank_failure,independent,,2026-04-11 20:32:17.028950
CASE_001302,CUST_00586,PAY_005946,payment,payment_failed,45485.3,unknown_failure,independent,,2026-05-27 11:30:16.140058
CASE_001303,CUST_00586,CHK_001716,checkout,checkout_abandoned,28384.27,,independent,,2026-05-29 05:48:16.057089
CASE_001304,CUST_00587,INV_000587,invoice,invoice_overdue,129712.86,authentication_failed,independent,,2026-05-31 20:32:17.028950
CASE_001305,CUST_00588,CHK_003358,checkout,checkout_abandoned,13902.33,,independent,,2026-06-29 23:41:16.959271
CASE_001306,CUST_00588,CHK_001013,checkout,checkout_abandoned,5102.98,,independent,,2026-07-05 21:54:16.491104
CASE_001307,CUST_00588,CHK_001258,checkout,checkout_abandoned,41869.66,,independent,,2026-07-21 02:12:16.536156
CASE_001308,CUST_00589,CHK_000350,checkout,checkout_abandoned,9040.49,,independent,,2026-06-18 08:34:16.384616
CASE_001309,CUST_00589,PAY_006867,payment,payment_failed,40405.29,expired_instrument,independent,,2026-08-03 08:57:16.186589
CASE_001310,CUST_00590,SUB_000590,subscription,subscription_failed,14778.56,authentication_failed,independent,,2026-08-05 20:32:16.236470
CASE_001311,CUST_00593,SUB_000593,subscription,subscription_failed,4221.59,insufficient_funds,independent,,2026-03-19 20:32:16.236470
CASE_001312,CUST_00593,PAY_003705,payment,payment_failed,9946.79,timeout,independent,,2026-06-20 14:07:16.041793
CASE_001313,CUST_00594,PAY_001172,payment,payment_failed,26641.56,temporary_bank_failure,independent,,2026-05-31 18:38:15.892172
CASE_001314,CUST_00594,PAY_006193,payment,payment_failed,3962.31,expired_instrument,independent,,2026-06-29 19:46:16.154267
CASE_001315,CUST_00595,CHK_001262,checkout,checkout_abandoned,19749.61,,independent,,2026-07-22 06:06:16.536156
CASE_001316,CUST_00596,CHK_003113,checkout,checkout_abandoned,16785.18,,independent,,2026-06-17 14:26:16.912558
CASE_001317,CUST_00596,PAY_004892,payment,payment_failed,17199.41,timeout,independent,,2026-08-14 10:36:16.093587
CASE_001318,CUST_00597,CHK_003439,checkout,checkout_abandoned,18690.6,,independent,,2026-06-04 06:27:16.975471
CASE_001319,CUST_00599,SUB_000599,subscription,subscription_failed,15162.41,risk_decline,independent,,2026-05-21 20:32:16.237565
CASE_001320,CUST_00600,PAY_004207,payment,payment_failed,45304.19,limit_exceeded,independent,,2026-08-13 02:26:16.064741
CASE_001321,CUST_00600,PAY_004662,payment,payment_failed,38019.18,insufficient_funds,independent,,2026-08-25 13:16:16.084614
CASE_001322,CUST_00603,INV_000603,invoice,invoice_overdue,45824.49,blocked_instrument,independent,,2026-05-17 20:32:17.029947
CASE_001323,CUST_00607,PAY_000119,payment,payment_failed,16998.93,insufficient_funds,independent,,2026-08-12 19:38:15.796935
CASE_001324,CUST_00608,PAY_003432,payment,payment_failed,98599.13,risk_decline,independent,,2026-05-31 19:50:16.029538
CASE_001325,CUST_00608,CHK_001669,checkout,checkout_abandoned,52446.75,,independent,,2026-06-10 00:32:16.635866
CASE_001326,CUST_00608,SUB_000608,subscription,subscription_failed,7941.09,unknown_failure,independent,,2026-06-11 20:32:16.237565
CASE_001327,CUST_00608,CHK_000069,checkout,checkout_abandoned,35345.38,,independent,,2026-08-10 16:02:16.327269
CASE_001328,CUST_00608,PAY_001954,payment,payment_failed,85491.3,insufficient_funds,independent,,2026-08-23 11:16:15.947023
CASE_001329,CUST_00610,PAY_001812,payment,payment_failed,41347.89,insufficient_funds,independent,,2026-05-27 13:29:15.936493
CASE_001330,CUST_00614,PAY_002873,payment,payment_failed,43712.41,insufficient_funds,independent,,2026-08-20 16:50:16.001494
CASE_001331,CUST_00615,PAY_003833,payment,payment_failed,3929.36,limit_exceeded,independent,,2026-07-30 03:45:16.047537
CASE_001332,CUST_00617,SUB_000617,subscription,subscription_failed,12250.69,insufficient_funds,independent,,2026-03-23 20:32:16.237565
CASE_001333,CUST_00618,CHK_001593,checkout,checkout_abandoned,26466.37,,independent,,2026-06-19 20:00:16.040691
CASE_001334,CUST_00619,CHK_002234,checkout,checkout_abandoned,3990.27,,independent,,2026-05-31 00:39:16.739399
CASE_001335,CUST_00619,PAY_004516,payment,payment_failed,2983.09,insufficient_funds,independent,,2026-06-16 00:34:16.078040
CASE_001336,CUST_00619,CHK_001774,checkout,checkout_abandoned,18903.26,,independent,,2026-06-16 01:53:16.656796
CASE_001337,CUST_00619,CHK_003495,checkout,checkout_abandoned,24117.88,,independent,,2026-07-17 13:04:16.985862
CASE_001338,CUST_00620,CHK_002257,checkout,checkout_abandoned,11790.04,,independent,,2026-08-06 10:08:16.743783
CASE_001339,CUST_00621,CHK_001489,checkout,checkout_abandoned,17836.8,,independent,,2026-06-24 19:28:16.580191
CASE_001340,CUST_00621,INV_000621,invoice,invoice_overdue,22256.04,insufficient_funds,independent,,2026-08-12 20:32:17.029947
CASE_001341,CUST_00622,SUB_000622,subscription,subscription_failed,3084.31,timeout,independent,,2026-05-18 20:32:16.237565
CASE_001342,CUST_00623,SUB_000623,subscription,subscription_failed,8849.13,timeout,independent,,2026-05-12 20:32:16.237565
CASE_001343,CUST_00623,PAY_001469,payment,payment_failed,20313.22,timeout,independent,,2026-06-09 19:33:15.908244
CASE_001344,CUST_00624,SUB_000624,subscription,subscription_failed,9019.46,risk_decline,independent,,2026-04-12 20:32:16.238660
CASE_001345,CUST_00624,INV_000624,invoice,invoice_overdue,63152.97,insufficient_funds,independent,,2026-04-20 20:32:17.030944
CASE_001346,CUST_00625,PAY_004978,payment,payment_failed,2111.06,expired_instrument,independent,,2026-07-03 18:03:16.097955
CASE_001347,CUST_00625,PAY_004148,payment,payment_failed,17593.48,authentication_failed,independent,,2026-07-23 13:05:16.061473
CASE_001348,CUST_00626,INV_000626,invoice,invoice_overdue,52715.74,temporary_bank_failure,independent,,2026-03-14 20:32:17.030944
CASE_001349,CUST_00626,CHK_000054,checkout,checkout_abandoned,39220.41,,independent,,2026-07-10 06:48:16.323013
CASE_001350,CUST_00628,PAY_003787,payment,payment_failed,3659.88,temporary_bank_failure,independent,,2026-06-08 19:06:16.045043
CASE_001351,CUST_00630,CHK_002304,checkout,checkout_abandoned,33839.22,,independent,,2026-07-20 09:25:16.748173
CASE_001352,CUST_00631,CHK_001878,checkout,checkout_abandoned,30195.65,,independent,,2026-06-07 13:59:16.675697
CASE_001353,CUST_00631,CHK_001707,checkout,checkout_abandoned,17124.95,,independent,,2026-07-04 20:45:16.644835
CASE_001354,CUST_00631,CHK_002715,checkout,checkout_abandoned,45117.73,,independent,,2026-08-19 06:40:15.865396
CASE_001355,CUST_00632,PAY_003025,payment,payment_failed,50435.24,risk_decline,independent,,2026-06-22 15:05:16.011817
CASE_001356,CUST_00632,PAY_003336,payment,payment_failed,10921.62,temporary_bank_failure,independent,,2026-06-26 04:13:16.025148
CASE_001357,CUST_00632,INV_000632,invoice,invoice_overdue,17486.73,expired_instrument,independent,,2026-07-03 20:32:17.030944
CASE_001358,CUST_00633,PAY_000168,payment,payment_failed,36610.43,temporary_bank_failure,independent,,2026-05-27 17:13:15.800228
CASE_001359,CUST_00633,PAY_001165,payment,payment_failed,44105.07,temporary_bank_failure,independent,,2026-08-19 22:29:15.892172
CASE_001360,CUST_00634,INV_000634,invoice,invoice_overdue,46456.84,timeout,independent,,2026-07-12 20:32:17.030944
CASE_001361,CUST_00636,SUB_000636,subscription,subscription_failed,6057.56,insufficient_funds,independent,,2026-03-20 20:32:16.238660
CASE_001362,CUST_00638,SUB_000638,subscription,subscription_failed,24848.03,temporary_bank_failure,independent,,2026-02-27 20:32:16.238660
CASE_001363,CUST_00639,SUB_000639,subscription,subscription_failed,3083.29,blocked_instrument,independent,,2026-05-18 20:32:16.238660
CASE_001364,CUST_00639,CHK_002911,checkout,checkout_abandoned,5789.99,,independent,,2026-06-03 13:33:16.865067
CASE_001365,CUST_00639,CHK_003111,checkout,checkout_abandoned,19257.2,,independent,,2026-06-11 04:22:16.912558
CASE_001366,CUST_00640,PAY_006889,payment,payment_failed,2205.76,timeout,independent,,2026-06-30 07:25:16.187677
CASE_001367,CUST_00640,PAY_001972,payment,payment_failed,11794.41,unknown_failure,independent,,2026-07-31 21:27:15.948020
CASE_001368,CUST_00642,CHK_000095,checkout,checkout_abandoned,6666.25,,independent,,2026-05-31 16:51:15.960976
CASE_001369,CUST_00642,CHK_001827,checkout,checkout_abandoned,19857.73,,independent,,2026-08-13 19:11:16.665705
CASE_001370,CUST_00643,PAY_005835,payment,payment_failed,26539.78,insufficient_funds,independent,,2026-08-10 01:36:16.134573
CASE_001371,CUST_00644,INV_000644,invoice,invoice_overdue,71541.7,limit_exceeded,independent,,2026-03-16 20:32:17.030944
CASE_001372,CUST_00644,CHK_001512,checkout,checkout_abandoned,23987.4,,independent,,2026-07-24 09:38:16.585723
CASE_001373,CUST_00645,CHK_000365,checkout,checkout_abandoned,24588.81,,independent,,2026-06-04 16:55:16.387606
CASE_001374,CUST_00645,PAY_001381,payment,payment_failed,7580.26,insufficient_funds,independent,,2026-06-12 20:56:15.902171
CASE_001375,CUST_00645,CHK_001305,checkout,checkout_abandoned,10274.47,,independent,,2026-06-19 17:03:16.543916
CASE_001376,CUST_00645,CHK_002866,checkout,checkout_abandoned,37210.24,,independent,,2026-07-18 23:53:16.855130
CASE_001377,CUST_00645,PAY_006604,payment,payment_failed,11162.53,insufficient_funds,independent,,2026-08-02 17:34:16.175315
CASE_001378,CUST_00646,INV_000646,invoice,invoice_overdue,11397.5,authentication_failed,independent,,2026-05-30 20:32:17.030944
CASE_001379,CUST_00646,SUB_000646,subscription,subscription_failed,1762.79,risk_decline,independent,,2026-06-03 20:32:16.238660
CASE_001380,CUST_00646,PAY_002174,payment,payment_failed,1381.78,risk_decline,independent,,2026-07-04 20:38:15.956990
CASE_001381,CUST_00647,INV_000647,invoice,invoice_overdue,72604.11,expired_instrument,independent,,2026-04-05 20:32:17.030944
CASE_001382,CUST_00647,CHK_002781,checkout,checkout_abandoned,4089.42,,independent,,2026-05-27 01:16:16.842178
CASE_001383,CUST_00647,PAY_005274,payment,payment_failed,25727.59,unknown_failure,independent,,2026-06-25 07:53:16.111146
CASE_001384,CUST_00647,CHK_002827,checkout,checkout_abandoned,35748.93,,independent,,2026-07-07 05:23:16.849634
CASE_001385,CUST_00647,CHK_002093,checkout,checkout_abandoned,20671.77,,independent,,2026-07-19 05:44:16.712532
CASE_001386,CUST_00648,SUB_000648,subscription,subscription_failed,17774.17,temporary_bank_failure,independent,,2026-07-31 20:32:16.239757
CASE_001387,CUST_00648,PAY_002543,payment,payment_failed,32524.34,blocked_instrument,independent,,2026-08-21 14:27:15.981693
CASE_001388,CUST_00649,CHK_000214,checkout,checkout_abandoned,29073.24,,independent,,2026-07-19 21:37:16.350532
CASE_001389,CUST_00649,CHK_003074,checkout,checkout_abandoned,41762.21,,independent,,2026-08-16 14:27:16.899926
CASE_001390,CUST_00650,CHK_000270,checkout,checkout_abandoned,24621.99,,independent,,2026-06-09 21:28:16.362613
CASE_001391,CUST_00650,PAY_005986,payment,payment_failed,45680.73,insufficient_funds,independent,,2026-06-10 17:53:16.142241
CASE_001392,CUST_00652,PAY_005560,payment,payment_failed,1538.73,authentication_failed,independent,,2026-07-02 03:44:16.123281
CASE_001393,CUST_00653,CHK_003480,checkout,checkout_abandoned,35216.66,,independent,,2026-07-16 09:44:16.985117
CASE_001394,CUST_00654,CHK_000185,checkout,checkout_abandoned,24603.49,,independent,,2026-06-16 19:31:16.346147
CASE_001395,CUST_00655,CHK_001028,checkout,checkout_abandoned,17519.92,,independent,,2026-06-04 03:05:16.492199
CASE_001396,CUST_00655,PAY_004344,payment,payment_failed,15217.3,insufficient_funds,independent,,2026-07-06 19:34:16.070229
CASE_001397,CUST_00656,CHK_001438,checkout,checkout_abandoned,27568.02,,independent,,2026-08-05 14:05:16.572495
CASE_001398,CUST_00657,CHK_001064,checkout,checkout_abandoned,77992.32,,independent,,2026-06-04 19:35:16.499895
CASE_001399,CUST_00658,CHK_003077,checkout,checkout_abandoned,21821.54,,independent,,2026-06-06 01:43:16.899926
CASE_001400,CUST_00658,SUB_000658,subscription,subscription_failed,4932.72,authentication_failed,independent,,2026-06-10 20:32:16.239757
CASE_001401,CUST_00658,PAY_002615,payment,payment_failed,23161.17,authentication_failed,independent,,2026-08-11 02:09:15.984985
CASE_001402,CUST_00659,INV_000659,invoice,invoice_overdue,49541.02,unknown_failure,independent,,2026-02-27 20:32:17.032433
CASE_001403,CUST_00659,CHK_001109,checkout,checkout_abandoned,15419.98,,independent,,2026-07-27 12:30:16.508701
CASE_001404,CUST_00659,PAY_003861,payment,payment_failed,47113.69,expired_instrument,independent,,2026-08-02 16:52:16.048637
CASE_001405,CUST_00659,SUB_000659,subscription,subscription_failed,5991.76,insufficient_funds,independent,,2026-08-05 20:32:16.239757
CASE_001406,CUST_00659,CHK_000297,checkout,checkout_abandoned,9655.0,,independent,,2026-08-13 16:39:16.371424
CASE_001407,CUST_00660,INV_000660,invoice,invoice_overdue,61039.11,insufficient_funds,independent,,2026-05-06 20:32:17.032433
CASE_001408,CUST_00660,CHK_003073,checkout,checkout_abandoned,16232.65,,independent,,2026-06-11 23:53:16.899926
CASE_001409,CUST_00660,SUB_000660,subscription,subscription_failed,9616.51,insufficient_funds,independent,,2026-07-25 20:32:16.239757
CASE_001410,CUST_00663,PAY_002997,payment,payment_failed,11988.93,insufficient_funds,independent,,2026-06-13 23:32:16.010751
CASE_001411,CUST_00663,CHK_001622,checkout,checkout_abandoned,13964.81,,independent,,2026-06-26 12:00:16.188773
CASE_001412,CUST_00663,CHK_002417,checkout,checkout_abandoned,19068.06,,independent,,2026-07-31 14:52:16.772411
CASE_001413,CUST_00663,PAY_004336,payment,payment_failed,11501.73,unknown_failure,independent,,2026-08-10 13:05:16.070229
CASE_001414,CUST_00663,INV_000663,invoice,invoice_overdue,22570.18,authentication_failed,independent,,2026-08-20 20:32:17.032433
CASE_001415,CUST_00664,SUB_000664,subscription,subscription_failed,4769.73,timeout,independent,,2026-03-28 20:32:16.239757
CASE_001416,CUST_00664,PAY_000089,payment,payment_failed,44369.6,temporary_bank_failure,independent,,2026-07-25 08:03:15.794738
CASE_001417,CUST_00664,CHK_000466,checkout,checkout_abandoned,15486.92,,independent,,2026-08-03 05:37:16.403778
CASE_001418,CUST_00667,PAY_001956,payment,payment_failed,11156.13,unknown_failure,independent,,2026-08-22 15:48:15.947023
CASE_001419,CUST_00668,PAY_002538,payment,payment_failed,53367.96,authentication_failed,independent,,2026-08-17 08:31:15.981693
CASE_001420,CUST_00670,SUB_000670,subscription,subscription_failed,2526.06,timeout,independent,,2026-04-08 20:32:16.239757
CASE_001421,CUST_00670,PAY_003369,payment,payment_failed,4167.88,risk_decline,independent,,2026-06-26 06:01:16.027342
CASE_001422,CUST_00671,CHK_000434,checkout,checkout_abandoned,65013.36,,independent,,2026-08-18 05:43:16.399673
CASE_001423,CUST_00673,PAY_006509,payment,payment_failed,6740.45,temporary_bank_failure,independent,,2026-07-04 12:35:16.170924
CASE_001424,CUST_00675,PAY_004020,payment,payment_failed,15501.81,temporary_bank_failure,independent,,2026-08-09 12:27:16.055991
CASE_001425,CUST_00676,INV_000676,invoice,invoice_overdue,66547.18,unknown_failure,independent,,2026-07-05 20:32:17.032433
CASE_001426,CUST_00676,CHK_002745,checkout,checkout_abandoned,44555.43,,independent,,2026-07-06 22:13:16.837195
CASE_001427,CUST_00676,SUB_000676,subscription,subscription_failed,13238.87,insufficient_funds,independent,,2026-07-22 20:32:16.240850
CASE_001428,CUST_00676,PAY_000528,payment,payment_failed,8838.86,risk_decline,independent,,2026-08-17 21:58:15.849657
CASE_001429,CUST_00680,CHK_001491,checkout,checkout_abandoned,38657.21,,independent,,2026-06-22 10:43:16.580191
CASE_001430,CUST_00681,PAY_004563,payment,payment_failed,34505.21,insufficient_funds,independent,,2026-06-22 13:52:16.080239
CASE_001431,CUST_00684,CHK_002566,checkout,checkout_abandoned,47394.35,,independent,,2026-07-16 06:15:16.802312
CASE_001432,CUST_00685,CHK_000730,checkout,checkout_abandoned,12577.65,,independent,,2026-07-11 22:50:16.035151
CASE_001433,CUST_00687,PAY_004382,payment,payment_failed,39855.21,limit_exceeded,independent,,2026-06-07 00:16:16.072413
CASE_001434,CUST_00688,SUB_000688,subscription,subscription_failed,1943.19,risk_decline,independent,,2026-04-07 20:32:16.240850
CASE_001435,CUST_00688,PAY_002057,payment,payment_failed,30028.9,temporary_bank_failure,independent,,2026-06-27 15:18:15.952006
CASE_001436,CUST_00688,INV_000688,invoice,invoice_overdue,14343.49,temporary_bank_failure,independent,,2026-07-20 20:32:17.033433
CASE_001437,CUST_00689,INV_000689,invoice,invoice_overdue,5187.42,authentication_failed,independent,,2026-05-10 20:32:17.033433
CASE_001438,CUST_00689,PAY_001190,payment,payment_failed,6458.63,timeout,independent,,2026-07-10 05:14:15.893201
CASE_001439,CUST_00690,CHK_002271,checkout,checkout_abandoned,40941.72,,independent,,2026-06-05 01:46:16.744889
CASE_001440,CUST_00690,CHK_003421,checkout,checkout_abandoned,32165.4,,independent,,2026-06-20 08:10:16.971685
CASE_001441,CUST_00691,PAY_000105,payment,payment_failed,98752.77,insufficient_funds,independent,,2026-07-20 01:42:15.795834
CASE_001442,CUST_00691,CHK_002610,checkout,checkout_abandoned,47708.17,,independent,,2026-08-02 17:17:15.935333
CASE_001443,CUST_00693,INV_000693,invoice,invoice_overdue,63183.85,unknown_failure,independent,,2026-08-07 20:32:17.033433
CASE_001444,CUST_00694,CHK_000282,checkout,checkout_abandoned,34238.84,,independent,,2026-06-08 17:48:16.367042
CASE_001445,CUST_00694,CHK_003440,checkout,checkout_abandoned,20096.44,,independent,,2026-06-12 04:42:16.975471
CASE_001446,CUST_00694,CHK_000644,checkout,checkout_abandoned,4012.41,,independent,,2026-07-16 03:55:16.433788
CASE_001447,CUST_00695,SUB_000695,subscription,subscription_failed,8906.03,temporary_bank_failure,independent,,2026-03-24 20:32:16.240850
CASE_001448,CUST_00695,PAY_005358,payment,payment_failed,48212.34,limit_exceeded,independent,,2026-07-08 00:31:16.114423
CASE_001449,CUST_00697,CHK_003218,checkout,checkout_abandoned,16178.4,,independent,,2026-07-13 23:29:16.934944
CASE_001450,CUST_00697,PAY_004739,payment,payment_failed,58086.9,temporary_bank_failure,independent,,2026-08-04 02:56:16.086999
CASE_001451,CUST_00697,INV_000697,invoice,invoice_overdue,46212.84,risk_decline,independent,,2026-08-17 20:32:17.033433
CASE_001452,CUST_00697,CHK_000299,checkout,checkout_abandoned,29339.11,,independent,,2026-08-24 08:41:16.371424
CASE_001453,CUST_00698,INV_000698,invoice,invoice_overdue,112632.36,expired_instrument,independent,,2026-05-14 20:32:17.033433
CASE_001454,CUST_00699,PAY_003961,payment,payment_failed,37631.74,unknown_failure,independent,,2026-07-15 18:17:16.053736
CASE_001455,CUST_00700,CHK_002955,checkout,checkout_abandoned,4936.47,,independent,,2026-06-26 06:45:16.872743
CASE_001456,CUST_00701,INV_000701,invoice,invoice_overdue,36326.46,expired_instrument,independent,,2026-05-13 20:32:17.034430
CASE_001457,CUST_00703,CHK_000313,checkout,checkout_abandoned,72720.21,,independent,,2026-08-14 06:35:16.373617
CASE_001458,CUST_00705,CHK_002099,checkout,checkout_abandoned,5169.36,,independent,,2026-07-04 19:38:16.712532
CASE_001459,CUST_00707,CHK_002059,checkout,checkout_abandoned,28755.48,,independent,,2026-08-09 04:18:16.704673
CASE_001460,CUST_00707,CHK_001862,checkout,checkout_abandoned,49415.27,,independent,,2026-08-18 19:42:16.672296
CASE_001461,CUST_00708,INV_000708,invoice,invoice_overdue,70243.84,authentication_failed,independent,,2026-08-09 20:32:17.034430
CASE_001462,CUST_00709,CHK_002564,checkout,checkout_abandoned,3421.87,,independent,,2026-08-01 16:32:16.152079
CASE_001463,CUST_00710,INV_000710,invoice,invoice_overdue,29675.78,temporary_bank_failure,independent,,2026-03-13 20:32:17.034430
CASE_001464,CUST_00711,PAY_000344,payment,payment_failed,13199.75,insufficient_funds,independent,,2026-08-06 15:00:15.811865
CASE_001465,CUST_00712,SUB_000712,subscription,subscription_failed,7876.08,timeout,independent,,2026-03-04 20:32:16.241968
CASE_001466,CUST_00712,PAY_000551,payment,payment_failed,28862.11,risk_decline,independent,,2026-06-18 20:51:15.850654
CASE_001467,CUST_00712,PAY_000340,payment,payment_failed,44604.67,temporary_bank_failure,independent,,2026-07-13 20:36:15.811865
CASE_001468,CUST_00713,INV_000713,invoice,invoice_overdue,35789.05,temporary_bank_failure,independent,,2026-03-10 20:32:17.034430
CASE_001469,CUST_00713,SUB_000713,subscription,subscription_failed,17570.84,authentication_failed,independent,,2026-05-29 20:32:16.241968
CASE_001470,CUST_00713,CHK_002536,checkout,checkout_abandoned,69852.73,,independent,,2026-08-07 03:06:16.796332
CASE_001471,CUST_00714,SUB_000714,subscription,subscription_failed,7008.33,insufficient_funds,independent,,2026-05-15 20:32:16.241968
CASE_001472,CUST_00714,CHK_000967,checkout,checkout_abandoned,84426.28,,independent,,2026-08-11 14:14:16.486648
CASE_001473,CUST_00715,PAY_005545,payment,payment_failed,45645.59,temporary_bank_failure,independent,,2026-06-05 08:08:16.122191
CASE_001474,CUST_00716,CHK_003183,checkout,checkout_abandoned,76242.56,,independent,,2026-06-17 03:18:16.928369
CASE_001475,CUST_00716,INV_000716,invoice,invoice_overdue,74792.68,temporary_bank_failure,independent,,2026-06-21 20:32:17.034430
CASE_001476,CUST_00716,CHK_001778,checkout,checkout_abandoned,73211.4,,independent,,2026-07-05 15:56:16.657792
CASE_001477,CUST_00716,CHK_002931,checkout,checkout_abandoned,45837.04,,independent,,2026-07-24 06:44:16.869450
CASE_001478,CUST_00717,PAY_002616,payment,payment_failed,11460.43,unknown_failure,independent,,2026-08-06 08:47:15.984985
CASE_001479,CUST_00717,PAY_003887,payment,payment_failed,3399.82,temporary_bank_failure,independent,,2026-08-14 17:41:16.050771
CASE_001480,CUST_00718,SUB_000718,subscription,subscription_failed,8095.05,blocked_instrument,independent,,2026-07-20 20:32:16.241968
CASE_001481,CUST_00719,PAY_000249,payment,payment_failed,29417.91,temporary_bank_failure,independent,,2026-06-15 00:04:15.804626
CASE_001482,CUST_00719,PAY_006743,payment,payment_failed,13726.02,timeout,independent,,2026-07-21 22:40:16.181112
CASE_001483,CUST_00720,SUB_000720,subscription,subscription_failed,24549.74,timeout,independent,,2026-04-01 20:32:16.241968
CASE_001484,CUST_00720,PAY_000153,payment,payment_failed,63140.51,blocked_instrument,independent,,2026-06-14 17:56:15.799129
CASE_001485,CUST_00720,PAY_001980,payment,payment_failed,84432.98,insufficient_funds,independent,,2026-07-04 22:18:15.948020
CASE_001486,CUST_00723,INV_000723,invoice,invoice_overdue,68046.34,expired_instrument,independent,,2026-03-02 20:32:17.035427
CASE_001487,CUST_00723,PAY_001022,payment,payment_failed,43201.78,insufficient_funds,independent,,2026-06-14 18:36:15.881802
CASE_001488,CUST_00724,INV_000724,invoice,invoice_overdue,13566.14,authentication_failed,independent,,2026-04-13 20:32:17.035427
CASE_001489,CUST_00725,CHK_003489,checkout,checkout_abandoned,29931.1,,independent,,2026-07-30 06:50:16.985862
CASE_001490,CUST_00727,CHK_001943,checkout,checkout_abandoned,22135.4,,independent,,2026-08-07 09:27:16.686891
CASE_001491,CUST_00729,INV_000729,invoice,invoice_overdue,42212.04,authentication_failed,independent,,2026-07-13 20:32:17.035427
CASE_001492,CUST_00730,SUB_000730,subscription,subscription_failed,5514.5,expired_instrument,independent,,2026-03-08 20:32:16.243070
CASE_001493,CUST_00731,INV_000731,invoice,invoice_overdue,55880.62,expired_instrument,independent,,2026-03-24 20:32:17.035427
CASE_001494,CUST_00732,PAY_001008,payment,payment_failed,36765.85,temporary_bank_failure,independent,,2026-07-01 22:38:15.878811
CASE_001495,CUST_00732,CHK_002104,checkout,checkout_abandoned,42048.2,,independent,,2026-08-04 20:55:16.713624
CASE_001496,CUST_00733,CHK_002783,checkout,checkout_abandoned,5307.12,,independent,,2026-07-07 12:11:16.842178
CASE_001497,CUST_00733,PAY_003791,payment,payment_failed,13320.28,timeout,independent,,2026-07-22 03:40:16.046439
CASE_001498,CUST_00733,CHK_002708,checkout,checkout_abandoned,14184.73,,independent,,2026-08-02 05:22:16.071320
CASE_001499,CUST_00734,PAY_001475,payment,payment_failed,53109.82,temporary_bank_failure,independent,,2026-08-06 12:22:15.909241
CASE_001500,CUST_00734,PAY_006014,payment,payment_failed,92197.28,authentication_failed,independent,,2026-08-11 06:04:16.143340
CASE_001501,CUST_00735,CHK_000701,checkout,checkout_abandoned,9855.11,,independent,,2026-07-02 09:25:16.442578
CASE_001502,CUST_00737,INV_000737,invoice,invoice_overdue,62880.28,limit_exceeded,independent,,2026-03-12 20:32:17.035427
CASE_001503,CUST_00737,CHK_001810,checkout,checkout_abandoned,6277.23,,independent,,2026-07-03 02:52:16.662415
CASE_001504,CUST_00737,PAY_000424,payment,payment_failed,48410.67,insufficient_funds,independent,,2026-07-17 15:06:15.836105
CASE_001505,CUST_00739,INV_000739,invoice,invoice_overdue,62960.82,risk_decline,independent,,2026-04-19 20:32:17.035427
CASE_001506,CUST_00740,CHK_000101,checkout,checkout_abandoned,4520.42,,independent,,2026-06-11 03:22:16.333840
CASE_001507,CUST_00741,CHK_003099,checkout,checkout_abandoned,41530.34,,independent,,2026-07-05 03:30:16.092492
CASE_001508,CUST_00743,SUB_000743,subscription,subscription_failed,3621.76,temporary_bank_failure,independent,,2026-04-08 20:32:16.243070
CASE_001509,CUST_00744,INV_000744,invoice,invoice_overdue,46858.31,unknown_failure,independent,,2026-04-19 20:32:17.036423
CASE_001510,CUST_00744,PAY_004055,payment,payment_failed,26332.18,insufficient_funds,independent,,2026-07-07 08:41:16.058182
CASE_001511,CUST_00745,SUB_000745,subscription,subscription_failed,9183.35,insufficient_funds,independent,,2026-05-03 20:32:16.243070
CASE_001512,CUST_00745,CHK_000979,checkout,checkout_abandoned,43996.29,,independent,,2026-05-30 01:27:16.487741
CASE_001513,CUST_00745,INV_000745,invoice,invoice_overdue,63845.75,unknown_failure,independent,,2026-08-06 20:32:17.036423
CASE_001514,CUST_00746,SUB_000746,subscription,subscription_failed,2934.07,insufficient_funds,independent,,2026-07-27 20:32:16.243070
CASE_001515,CUST_00747,SUB_000747,subscription,subscription_failed,9029.79,authentication_failed,independent,,2026-03-10 20:32:16.243070
CASE_001516,CUST_00747,PAY_006997,payment,payment_failed,21998.41,temporary_bank_failure,independent,,2026-08-10 14:27:16.193165
CASE_001517,CUST_00748,INV_000748,invoice,invoice_overdue,71592.06,risk_decline,independent,,2026-05-21 20:32:17.036423
CASE_001518,CUST_00748,CHK_001395,checkout,checkout_abandoned,39159.47,,independent,,2026-06-15 18:31:16.059278
CASE_001519,CUST_00749,CHK_002461,checkout,checkout_abandoned,48921.21,,independent,,2026-07-27 21:38:16.783375
CASE_001520,CUST_00750,PAY_000626,payment,payment_failed,9806.08,authentication_failed,independent,,2026-08-03 20:09:15.857176
CASE_001521,CUST_00752,INV_000752,invoice,invoice_overdue,9100.12,limit_exceeded,independent,,2026-07-11 20:32:17.036423
CASE_001522,CUST_00752,CHK_001266,checkout,checkout_abandoned,31004.51,,independent,,2026-07-25 08:01:16.536156
CASE_001523,CUST_00753,SUB_000753,subscription,subscription_failed,4436.1,authentication_failed,independent,,2026-07-07 20:32:16.244165
CASE_001524,CUST_00754,INV_000754,invoice,invoice_overdue,19228.35,unknown_failure,independent,,2026-07-02 20:32:17.036423
CASE_001525,CUST_00754,PAY_005500,payment,payment_failed,3573.01,temporary_bank_failure,independent,,2026-07-19 03:48:16.120005
CASE_001526,CUST_00754,SUB_000754,subscription,subscription_failed,1832.19,limit_exceeded,independent,,2026-07-20 20:32:16.244165
CASE_001527,CUST_00756,CHK_002012,checkout,checkout_abandoned,18662.38,,independent,,2026-07-12 22:40:16.695887
CASE_001528,CUST_00756,INV_000756,invoice,invoice_overdue,22923.41,insufficient_funds,independent,,2026-07-21 20:32:17.036423
CASE_001529,CUST_00756,CHK_002399,checkout,checkout_abandoned,9183.56,,independent,,2026-08-01 22:14:16.768425
CASE_001530,CUST_00757,INV_000757,invoice,invoice_overdue,21021.49,unknown_failure,independent,,2026-06-18 20:32:17.036423
CASE_001531,CUST_00757,CHK_002621,checkout,checkout_abandoned,1890.75,,independent,,2026-08-20 17:30:16.812278
CASE_001532,CUST_00758,CHK_000173,checkout,checkout_abandoned,25485.17,,independent,,2026-06-29 19:39:15.890862
CASE_001533,CUST_00758,CHK_002798,checkout,checkout_abandoned,35212.64,,independent,,2026-06-30 05:50:16.846165
CASE_001534,CUST_00761,PAY_006271,payment,payment_failed,26732.4,expired_instrument,independent,,2026-08-13 23:18:16.159652
CASE_001535,CUST_00763,CHK_003471,checkout,checkout_abandoned,18430.46,,independent,,2026-06-08 05:40:16.982890
CASE_001536,CUST_00763,PAY_002952,payment,payment_failed,14860.67,authentication_failed,independent,,2026-07-17 18:18:16.007590
CASE_001537,CUST_00764,INV_000764,invoice,invoice_overdue,39613.12,timeout,independent,,2026-05-21 20:32:17.037420
CASE_001538,CUST_00764,CHK_000246,checkout,checkout_abandoned,25927.52,,independent,,2026-06-23 11:30:16.358230
CASE_001539,CUST_00764,CHK_000374,checkout,checkout_abandoned,41951.14,,independent,,2026-08-03 02:00:16.390094
CASE_001540,CUST_00768,INV_000768,invoice,invoice_overdue,21527.65,insufficient_funds,independent,,2026-05-26 20:32:17.037420
CASE_001541,CUST_00768,PAY_005383,payment,payment_failed,8837.56,risk_decline,independent,,2026-07-23 22:21:16.115522
CASE_001542,CUST_00769,CHK_003009,checkout,checkout_abandoned,10064.11,,independent,,2026-06-15 02:30:16.882326
CASE_001543,CUST_00771,INV_000771,invoice,invoice_overdue,15633.98,temporary_bank_failure,independent,,2026-04-02 20:32:17.037420
CASE_001544,CUST_00771,PAY_004797,payment,payment_failed,15903.65,insufficient_funds,independent,,2026-06-30 02:09:16.090299
CASE_001545,CUST_00772,CHK_000129,checkout,checkout_abandoned,40746.44,,independent,,2026-06-01 00:17:16.336167
CASE_001546,CUST_00772,CHK_000236,checkout,checkout_abandoned,38229.05,,independent,,2026-06-09 19:53:16.357134
CASE_001547,CUST_00772,CHK_000640,checkout,checkout_abandoned,36945.71,,independent,,2026-07-24 19:26:16.433788
CASE_001548,CUST_00773,INV_000773,invoice,invoice_overdue,22011.89,temporary_bank_failure,independent,,2026-07-30 20:32:17.037420
CASE_001549,CUST_00774,SUB_000774,subscription,subscription_failed,8411.06,insufficient_funds,independent,,2026-04-04 20:32:16.244165
CASE_001550,CUST_00774,PAY_003150,payment,payment_failed,19641.26,temporary_bank_failure,independent,,2026-06-17 21:49:16.018219
CASE_001551,CUST_00776,PAY_004511,payment,payment_failed,23085.53,timeout,independent,,2026-06-22 12:28:16.078040
CASE_001552,CUST_00777,PAY_000891,payment,payment_failed,27549.8,authentication_failed,independent,,2026-08-14 05:19:15.870913
CASE_001553,CUST_00777,INV_000777,invoice,invoice_overdue,10304.26,authentication_failed,independent,,2026-08-15 20:32:17.037420
CASE_001554,CUST_00778,CHK_000824,checkout,checkout_abandoned,35912.26,,independent,,2026-06-24 15:57:16.463545
CASE_001555,CUST_00779,SUB_000779,subscription,subscription_failed,11902.56,temporary_bank_failure,independent,,2026-06-09 20:32:16.245261
CASE_001556,CUST_00779,CHK_001368,checkout,checkout_abandoned,17416.43,,independent,,2026-07-20 04:41:16.555990
CASE_001557,CUST_00780,INV_000780,invoice,invoice_overdue,70944.48,insufficient_funds,independent,,2026-04-01 20:32:17.037420
CASE_001558,CUST_00780,CHK_002912,checkout,checkout_abandoned,30926.99,,independent,,2026-06-03 22:22:16.865067
CASE_001559,CUST_00780,SUB_000780,subscription,subscription_failed,5468.38,expired_instrument,independent,,2026-06-05 20:32:16.245261
CASE_001560,CUST_00780,CHK_001892,checkout,checkout_abandoned,42601.86,,independent,,2026-06-29 15:11:16.678106
CASE_001561,CUST_00780,PAY_005722,payment,payment_failed,31099.82,temporary_bank_failure,independent,,2026-07-24 09:23:16.129856
CASE_001562,CUST_00781,CHK_002519,checkout,checkout_abandoned,7002.25,,independent,,2026-06-23 11:19:16.791348
CASE_001563,CUST_00781,PAY_005938,payment,payment_failed,10302.84,temporary_bank_failure,independent,,2026-07-26 08:30:16.140058
CASE_001564,CUST_00782,INV_000782,invoice,invoice_overdue,26691.82,insufficient_funds,independent,,2026-08-21 20:32:17.037420
CASE_001565,CUST_00783,SUB_000783,subscription,subscription_failed,8084.34,risk_decline,independent,,2026-03-22 20:32:16.245261
CASE_001566,CUST_00784,INV_000784,invoice,invoice_overdue,17751.33,authentication_failed,independent,,2026-03-05 20:32:17.037420
CASE_001567,CUST_00784,CHK_000112,checkout,checkout_abandoned,959.6,,independent,,2026-07-27 22:44:16.334938
CASE_001568,CUST_00785,PAY_003514,payment,payment_failed,30959.26,unknown_failure,independent,,2026-08-20 22:15:16.033923
CASE_001569,CUST_00786,CHK_000882,checkout,checkout_abandoned,5354.99,,independent,,2026-08-03 14:00:16.472310
CASE_001570,CUST_00786,INV_000786,invoice,invoice_overdue,23383.58,unknown_failure,independent,,2026-08-21 20:32:17.038416
CASE_001571,CUST_00786,CHK_000816,checkout,checkout_abandoned,8359.4,,independent,,2026-08-23 04:58:16.463545
CASE_001572,CUST_00787,SUB_000787,subscription,subscription_failed,14743.5,insufficient_funds,independent,,2026-03-30 20:32:16.245261
CASE_001573,CUST_00787,CHK_000003,checkout,checkout_abandoned,15913.2,,independent,,2026-06-04 18:51:16.310311
CASE_001574,CUST_00787,PAY_001149,payment,payment_failed,2162.41,timeout,independent,,2026-07-31 05:20:15.890862
CASE_001575,CUST_00788,PAY_001934,payment,payment_failed,19178.42,temporary_bank_failure,independent,,2026-06-09 01:04:15.946028
CASE_001576,CUST_00788,CHK_002696,checkout,checkout_abandoned,17643.79,,independent,,2026-06-25 16:04:16.827228
CASE_001577,CUST_00789,PAY_001101,payment,payment_failed,32068.79,authentication_failed,independent,,2026-07-19 16:36:15.888396
CASE_001578,CUST_00790,CHK_000296,checkout,checkout_abandoned,14622.15,,independent,,2026-06-29 10:55:16.111146
CASE_001579,CUST_00790,CHK_001556,checkout,checkout_abandoned,13777.75,,independent,,2026-06-29 11:07:16.111146
CASE_001580,CUST_00790,SUB_000790,subscription,subscription_failed,11567.34,unknown_failure,independent,,2026-08-03 20:32:16.245261
CASE_001581,CUST_00792,INV_000792,invoice,invoice_overdue,21699.83,temporary_bank_failure,independent,,2026-04-08 20:32:17.038416
CASE_001582,CUST_00792,SUB_000792,subscription,subscription_failed,5492.57,authentication_failed,independent,,2026-06-28 20:32:16.245261
CASE_001583,CUST_00792,PAY_006239,payment,payment_failed,34017.87,temporary_bank_failure,independent,,2026-08-01 00:53:16.157551
CASE_001584,CUST_00793,PAY_002089,payment,payment_failed,31459.78,temporary_bank_failure,independent,,2026-08-04 10:16:15.953003
CASE_001585,CUST_00794,CHK_002168,checkout,checkout_abandoned,47723.36,,independent,,2026-07-02 04:09:16.725133
CASE_001586,CUST_00794,INV_000794,invoice,invoice_overdue,27697.88,authentication_failed,independent,,2026-08-14 20:32:17.038416
CASE_001587,CUST_00795,SUB_000795,subscription,subscription_failed,6791.19,risk_decline,independent,,2026-05-05 20:32:16.245261
CASE_001588,CUST_00796,INV_000796,invoice,invoice_overdue,40862.39,authentication_failed,independent,,2026-03-02 20:32:17.038416
CASE_001589,CUST_00797,INV_000797,invoice,invoice_overdue,16839.76,temporary_bank_failure,independent,,2026-03-22 20:32:17.038416
CASE_001590,CUST_00798,SUB_000798,subscription,subscription_failed,8068.41,temporary_bank_failure,independent,,2026-05-24 20:32:16.245261
CASE_001591,CUST_00798,CHK_003053,checkout,checkout_abandoned,31104.07,,independent,,2026-05-30 06:07:16.896640
CASE_001592,CUST_00798,CHK_002830,checkout,checkout_abandoned,28591.32,,independent,,2026-07-02 03:00:16.849634
CASE_001593,CUST_00799,SUB_000799,subscription,subscription_failed,13856.81,temporary_bank_failure,independent,,2026-04-27 20:32:16.246354
CASE_001594,CUST_00799,CHK_001473,checkout,checkout_abandoned,42569.26,,independent,,2026-06-21 10:02:16.575790
CASE_001595,CUST_00800,CHK_001795,checkout,checkout_abandoned,58377.15,,independent,,2026-06-10 18:57:16.659786
CASE_001596,CUST_00800,CHK_002659,checkout,checkout_abandoned,22547.72,,independent,,2026-07-25 12:36:16.819255
CASE_001597,CUST_00800,SUB_000800,subscription,subscription_failed,10600.16,blocked_instrument,independent,,2026-07-28 20:32:16.246354
CASE_001598,CUST_00801,CHK_001690,checkout,checkout_abandoned,2282.94,,independent,,2026-07-22 10:55:16.639852
CASE_001599,CUST_00802,CHK_000428,checkout,checkout_abandoned,70481.61,,independent,,2026-08-14 11:36:16.399673
CASE_001600,CUST_00804,PAY_006185,payment,payment_failed,30400.86,temporary_bank_failure,independent,,2026-07-19 22:17:16.153175
CASE_001601,CUST_00806,SUB_000806,subscription,subscription_failed,4822.71,temporary_bank_failure,independent,,2026-06-30 20:32:16.246354
CASE_001602,CUST_00807,PAY_004822,payment,payment_failed,17366.16,temporary_bank_failure,independent,,2026-06-24 09:50:16.091395
CASE_001603,CUST_00807,PAY_002831,payment,payment_failed,879.16,expired_instrument,independent,,2026-07-09 12:27:15.998426
CASE_001604,CUST_00810,CHK_001287,checkout,checkout_abandoned,8324.25,,independent,,2026-07-07 19:35:16.541694
CASE_001605,CUST_00810,CHK_000372,checkout,checkout_abandoned,26033.4,,independent,,2026-07-17 18:53:16.388602
CASE_001606,CUST_00810,CHK_001216,checkout,checkout_abandoned,26268.91,,independent,,2026-07-18 06:56:16.529589
CASE_001607,CUST_00811,INV_000811,invoice,invoice_overdue,18233.21,authentication_failed,independent,,2026-07-15 20:32:17.039414
CASE_001608,CUST_00811,SUB_000811,subscription,subscription_failed,4282.75,timeout,independent,,2026-08-01 20:32:16.246354
CASE_001609,CUST_00812,INV_000812,invoice,invoice_overdue,22504.41,limit_exceeded,independent,,2026-04-07 20:32:17.039414
CASE_001610,CUST_00812,SUB_000812,subscription,subscription_failed,1000.86,unknown_failure,independent,,2026-05-28 20:32:16.246354
CASE_001611,CUST_00812,PAY_006526,payment,payment_failed,32014.86,timeout,independent,,2026-06-06 23:29:16.172026
CASE_001612,CUST_00812,PAY_000905,payment,payment_failed,44399.59,temporary_bank_failure,independent,,2026-06-07 16:48:15.872191
CASE_001613,CUST_00813,SUB_000813,subscription,subscription_failed,6393.4,temporary_bank_failure,independent,,2026-05-04 20:32:16.246354
CASE_001614,CUST_00814,SUB_000814,subscription,subscription_failed,7309.43,insufficient_funds,independent,,2026-06-24 20:32:16.246354
CASE_001615,CUST_00815,INV_000815,invoice,invoice_overdue,18873.6,insufficient_funds,independent,,2026-06-16 20:32:17.039414
CASE_001616,CUST_00816,PAY_005749,payment,payment_failed,19033.29,timeout,independent,,2026-06-13 18:33:16.130946
CASE_001617,CUST_00816,PAY_004684,payment,payment_failed,33868.0,limit_exceeded,independent,,2026-08-14 20:22:16.084614
CASE_001618,CUST_00816,CHK_002725,checkout,checkout_abandoned,1749.76,,independent,,2026-08-17 11:03:16.834205
CASE_001619,CUST_00818,CHK_002038,checkout,checkout_abandoned,4514.93,,independent,,2026-06-22 19:51:16.701377
CASE_001620,CUST_00819,SUB_000819,subscription,subscription_failed,16214.15,temporary_bank_failure,independent,,2026-04-21 20:32:16.246354
CASE_001621,CUST_00819,INV_000819,invoice,invoice_overdue,23306.6,insufficient_funds,independent,,2026-06-03 20:32:17.039414
CASE_001622,CUST_00820,PAY_006540,payment,payment_failed,10887.35,blocked_instrument,independent,,2026-07-06 07:35:16.172026
CASE_001623,CUST_00822,PAY_006058,payment,payment_failed,10209.03,authentication_failed,independent,,2026-08-11 16:50:16.144429
CASE_001624,CUST_00823,CHK_001792,checkout,checkout_abandoned,42287.96,,independent,,2026-06-21 05:25:16.659786
CASE_001625,CUST_00824,SUB_000824,subscription,subscription_failed,4221.24,insufficient_funds,independent,,2026-06-01 20:32:16.247447
CASE_001626,CUST_00824,CHK_000442,checkout,checkout_abandoned,8267.31,,independent,,2026-07-17 07:48:16.399673
CASE_001627,CUST_00825,SUB_000825,subscription,subscription_failed,12657.11,authentication_failed,independent,,2026-03-02 20:32:16.247447
CASE_001628,CUST_00825,CHK_002397,checkout,checkout_abandoned,81574.29,,independent,,2026-08-11 02:36:15.900175
CASE_001629,CUST_00825,CHK_001506,checkout,checkout_abandoned,78945.28,,independent,,2026-08-11 02:57:15.900175
CASE_001630,CUST_00825,CHK_001362,checkout,checkout_abandoned,32520.95,,independent,,2026-08-22 06:29:16.554896
CASE_001631,CUST_00826,PAY_000393,payment,payment_failed,18482.36,temporary_bank_failure,independent,,2026-08-06 06:41:15.814057
CASE_001632,CUST_00826,PAY_000290,payment,payment_failed,14523.03,temporary_bank_failure,independent,,2026-08-15 10:46:15.808261
CASE_001633,CUST_00827,CHK_002939,checkout,checkout_abandoned,16796.34,,independent,,2026-06-19 20:56:16.869450
CASE_001634,CUST_00827,SUB_000827,subscription,subscription_failed,4780.56,expired_instrument,independent,,2026-07-06 20:32:16.247447
CASE_001635,CUST_00830,PAY_001087,payment,payment_failed,1221.59,unknown_failure,independent,,2026-08-06 10:11:15.888396
CASE_001636,CUST_00830,CHK_003482,checkout,checkout_abandoned,18105.2,,independent,,2026-08-21 14:00:16.076723
CASE_001637,CUST_00831,CHK_001317,checkout,checkout_abandoned,24740.59,,independent,,2026-07-31 10:36:16.545020
CASE_001638,CUST_00833,CHK_000965,checkout,checkout_abandoned,21842.39,,independent,,2026-06-22 21:31:16.486648
CASE_001639,CUST_00834,PAY_001612,payment,payment_failed,10579.59,blocked_instrument,independent,,2026-06-15 16:55:15.923528
CASE_001640,CUST_00834,PAY_004228,payment,payment_failed,15249.31,temporary_bank_failure,independent,,2026-06-21 19:13:16.064741
CASE_001641,CUST_00835,CHK_002053,checkout,checkout_abandoned,42390.09,,independent,,2026-06-14 22:16:16.703564
CASE_001642,CUST_00835,PAY_004246,payment,payment_failed,2441.8,unknown_failure,independent,,2026-07-16 14:36:16.065831
CASE_001643,CUST_00835,INV_000835,invoice,invoice_overdue,22757.92,unknown_failure,independent,,2026-08-14 20:32:17.040421
CASE_001644,CUST_00835,PAY_003036,payment,payment_failed,2699.42,authentication_failed,independent,,2026-08-24 17:33:16.012832
CASE_001645,CUST_00837,CHK_001422,checkout,checkout_abandoned,43010.21,,independent,,2026-07-15 01:20:16.570302
CASE_001646,CUST_00838,CHK_002311,checkout,checkout_abandoned,41058.63,,independent,,2026-06-11 01:23:16.749273
CASE_001647,CUST_00839,INV_000839,invoice,invoice_overdue,44618.51,unknown_failure,independent,,2026-05-31 20:32:17.040421
CASE_001648,CUST_00840,CHK_002852,checkout,checkout_abandoned,42140.46,,independent,,2026-08-07 18:07:16.854035
CASE_001649,CUST_00840,PAY_004939,payment,payment_failed,13443.09,temporary_bank_failure,independent,,2026-08-16 06:27:16.095770
CASE_001650,CUST_00840,SUB_000840,subscription,subscription_failed,5743.4,limit_exceeded,independent,,2026-08-25 20:32:16.247447
CASE_001651,CUST_00841,PAY_002974,payment,payment_failed,34270.56,timeout,independent,,2026-05-30 12:49:16.010236
CASE_001652,CUST_00841,INV_000841,invoice,invoice_overdue,49168.29,insufficient_funds,independent,,2026-07-01 20:32:17.040421
CASE_001653,CUST_00842,PAY_005514,payment,payment_failed,22876.47,insufficient_funds,independent,,2026-06-27 09:11:16.121098
CASE_001654,CUST_00843,CHK_003387,checkout,checkout_abandoned,44414.16,,independent,,2026-06-15 23:47:16.966884
CASE_001655,CUST_00844,PAY_005961,payment,payment_failed,42305.73,temporary_bank_failure,independent,,2026-06-21 06:06:16.141149
CASE_001656,CUST_00844,CHK_002868,checkout,checkout_abandoned,21523.01,,independent,,2026-08-23 05:54:16.856233
CASE_001657,CUST_00845,INV_000845,invoice,invoice_overdue,66731.08,insufficient_funds,independent,,2026-06-30 20:32:17.040421
CASE_001658,CUST_00845,CHK_002979,checkout,checkout_abandoned,26036.81,,independent,,2026-07-23 00:26:16.874941
CASE_001659,CUST_00845,PAY_006295,payment,payment_failed,22003.14,temporary_bank_failure,independent,,2026-08-02 10:36:16.161644
CASE_001660,CUST_00845,CHK_000097,checkout,checkout_abandoned,4270.9,,independent,,2026-08-19 15:11:16.333840
CASE_001661,CUST_00846,CHK_001324,checkout,checkout_abandoned,31353.2,,independent,,2026-07-09 21:39:16.546122
CASE_001662,CUST_00846,CHK_000629,checkout,checkout_abandoned,30230.59,,independent,,2026-08-22 01:10:16.431587
CASE_001663,CUST_00847,INV_000847,invoice,invoice_overdue,12342.15,blocked_instrument,independent,,2026-07-02 20:32:17.040421
CASE_001664,CUST_00847,PAY_005576,payment,payment_failed,3590.6,temporary_bank_failure,independent,,2026-07-08 14:11:16.123281
CASE_001665,CUST_00848,CHK_002667,checkout,checkout_abandoned,32696.42,,independent,,2026-06-20 20:30:16.820252
CASE_001666,CUST_00848,CHK_002760,checkout,checkout_abandoned,18459.93,,independent,,2026-06-23 22:19:15.867714
CASE_001667,CUST_00848,PAY_005763,payment,payment_failed,42805.79,timeout,independent,,2026-07-21 02:47:16.130946
CASE_001668,CUST_00848,PAY_000716,payment,payment_failed,11576.74,timeout,independent,,2026-08-24 12:44:15.863198
CASE_001669,CUST_00849,CHK_000841,checkout,checkout_abandoned,35244.95,,independent,,2026-05-27 08:39:16.466831
CASE_001670,CUST_00849,PAY_000225,payment,payment_failed,43112.22,authentication_failed,independent,,2026-06-14 02:27:15.803512
CASE_001671,CUST_00849,CHK_001863,checkout,checkout_abandoned,26570.93,,independent,,2026-07-28 18:59:16.097955
CASE_001672,CUST_00851,CHK_000750,checkout,checkout_abandoned,43697.02,,independent,,2026-07-14 10:28:16.453581
CASE_001673,CUST_00854,CHK_000452,checkout,checkout_abandoned,36324.35,,independent,,2026-06-08 08:33:16.401707
CASE_001674,CUST_00855,CHK_000911,checkout,checkout_abandoned,47218.46,,independent,,2026-06-03 17:00:16.475629
CASE_001675,CUST_00855,CHK_003293,checkout,checkout_abandoned,44147.22,,independent,,2026-06-23 10:24:16.947276
CASE_001676,CUST_00855,CHK_003187,checkout,checkout_abandoned,56080.01,,independent,,2026-07-28 01:58:16.928369
CASE_001677,CUST_00856,CHK_000314,checkout,checkout_abandoned,35279.0,,independent,,2026-06-18 04:54:16.374734
CASE_001678,CUST_00856,PAY_003101,payment,payment_failed,45407.32,insufficient_funds,independent,,2026-06-27 16:44:16.016001
CASE_001679,CUST_00859,INV_000859,invoice,invoice_overdue,21318.09,expired_instrument,independent,,2026-05-31 20:32:17.041600
CASE_001680,CUST_00860,CHK_000620,checkout,checkout_abandoned,17252.52,,independent,,2026-06-06 15:08:16.430481
CASE_001681,CUST_00860,PAY_006513,payment,payment_failed,28651.55,expired_instrument,independent,,2026-08-08 19:19:16.170924
CASE_001682,CUST_00861,PAY_000370,payment,payment_failed,14356.81,timeout,independent,,2026-08-15 16:29:15.812958
CASE_001683,CUST_00863,CHK_000519,checkout,checkout_abandoned,6723.99,,independent,,2026-06-13 21:40:16.412465
CASE_001684,CUST_00864,INV_000864,invoice,invoice_overdue,53233.47,insufficient_funds,independent,,2026-04-11 20:32:17.041600
CASE_001685,CUST_00866,CHK_003224,checkout,checkout_abandoned,21398.26,,independent,,2026-06-05 12:56:16.936037
CASE_001686,CUST_00866,PAY_002608,payment,payment_failed,16723.83,insufficient_funds,independent,,2026-06-11 05:52:15.984985
CASE_001687,CUST_00866,PAY_002494,payment,payment_failed,37648.18,temporary_bank_failure,independent,,2026-08-13 13:12:15.978702
CASE_001688,CUST_00867,CHK_002111,checkout,checkout_abandoned,48028.46,,independent,,2026-06-27 13:47:16.715819
CASE_001689,CUST_00868,INV_000868,invoice,invoice_overdue,32711.61,expired_instrument,independent,,2026-05-23 20:32:17.042612
CASE_001690,CUST_00868,PAY_006634,payment,payment_failed,22568.78,limit_exceeded,independent,,2026-06-04 07:27:16.176411
CASE_001691,CUST_00869,PAY_001727,payment,payment_failed,3342.81,expired_instrument,independent,,2026-06-07 11:53:15.930673
CASE_001692,CUST_00870,PAY_000353,payment,payment_failed,30850.59,temporary_bank_failure,independent,,2026-06-12 08:45:15.811865
CASE_001693,CUST_00871,PAY_001996,payment,payment_failed,46441.19,temporary_bank_failure,independent,,2026-06-14 07:58:15.949016
CASE_001694,CUST_00871,CHK_002121,checkout,checkout_abandoned,26552.09,,independent,,2026-07-11 23:09:16.154267
CASE_001695,CUST_00871,CHK_003210,checkout,checkout_abandoned,25954.75,,independent,,2026-07-12 00:11:16.154267
CASE_001696,CUST_00872,PAY_000648,payment,payment_failed,28738.8,insufficient_funds,independent,,2026-06-09 19:14:15.858179
CASE_001697,CUST_00874,CHK_000441,checkout,checkout_abandoned,2053.8,,independent,,2026-07-18 05:10:16.399673
CASE_001698,CUST_00875,CHK_000183,checkout,checkout_abandoned,11405.88,,independent,,2026-06-13 10:34:16.346147
CASE_001699,CUST_00876,CHK_003071,checkout,checkout_abandoned,88692.38,,independent,,2026-06-16 06:30:16.164348
CASE_001700,CUST_00876,SUB_000876,subscription,subscription_failed,9046.4,timeout,independent,,2026-06-22 20:32:16.248542
CASE_001701,CUST_00877,PAY_005008,payment,payment_failed,27405.14,temporary_bank_failure,independent,,2026-06-30 09:41:16.099054
CASE_001702,CUST_00877,INV_000877,invoice,invoice_overdue,26807.83,limit_exceeded,independent,,2026-07-20 20:32:17.043608
CASE_001703,CUST_00878,CHK_000653,checkout,checkout_abandoned,8139.6,,independent,,2026-07-16 05:40:16.434884
CASE_001704,CUST_00878,CHK_002039,checkout,checkout_abandoned,20438.26,,independent,,2026-07-24 00:17:16.701377
CASE_001705,CUST_00878,PAY_000241,payment,payment_failed,8906.36,risk_decline,independent,,2026-08-25 19:16:15.803512
CASE_001706,CUST_00879,CHK_000814,checkout,checkout_abandoned,94164.53,,independent,,2026-06-28 00:23:16.463545
CASE_001707,CUST_00880,INV_000880,invoice,invoice_overdue,3783.13,insufficient_funds,independent,,2026-05-12 20:32:17.043608
CASE_001708,CUST_00880,PAY_005911,payment,payment_failed,15641.36,unknown_failure,independent,,2026-06-13 07:41:16.138958
CASE_001709,CUST_00880,CHK_002582,checkout,checkout_abandoned,17120.98,,independent,,2026-07-17 08:04:16.803308
CASE_001710,CUST_00881,PAY_005341,payment,payment_failed,17438.23,insufficient_funds,independent,,2026-06-28 07:46:16.113335
CASE_001711,CUST_00882,PAY_002799,payment,payment_failed,47502.12,timeout,independent,,2026-06-13 20:31:15.996401
CASE_001712,CUST_00883,INV_000883,invoice,invoice_overdue,27079.41,risk_decline,independent,,2026-03-14 20:32:17.044660
CASE_001713,CUST_00884,SUB_000884,subscription,subscription_failed,11618.81,authentication_failed,independent,,2026-05-07 20:32:16.249565
CASE_001714,CUST_00884,CHK_002410,checkout,checkout_abandoned,8642.79,,independent,,2026-08-08 19:30:16.770418
CASE_001715,CUST_00885,SUB_000885,subscription,subscription_failed,11333.74,expired_instrument,independent,,2026-06-02 20:32:16.249565
CASE_001716,CUST_00885,PAY_006454,payment,payment_failed,15012.8,unknown_failure,independent,,2026-06-09 19:33:16.168737
CASE_001717,CUST_00885,CHK_003341,checkout,checkout_abandoned,6030.68,,independent,,2026-06-15 20:35:16.956146
CASE_001718,CUST_00885,CHK_001856,checkout,checkout_abandoned,15648.86,,independent,,2026-06-27 00:52:16.672296
CASE_001719,CUST_00885,PAY_002527,payment,payment_failed,48998.69,unknown_failure,independent,,2026-07-23 18:34:15.980696
CASE_001720,CUST_00885,CHK_001096,checkout,checkout_abandoned,35678.67,,independent,,2026-08-23 16:26:16.505357
CASE_001721,CUST_00886,SUB_000886,subscription,subscription_failed,3533.0,insufficient_funds,independent,,2026-06-25 20:32:16.249565
CASE_001722,CUST_00887,CHK_001260,checkout,checkout_abandoned,76055.87,,independent,,2026-06-05 23:12:16.536156
CASE_001723,CUST_00889,SUB_000889,subscription,subscription_failed,13972.63,limit_exceeded,independent,,2026-05-30 20:32:16.249565
CASE_001724,CUST_00889,PAY_006655,payment,payment_failed,4480.17,temporary_bank_failure,independent,,2026-06-01 15:42:16.177504
CASE_001725,CUST_00889,CHK_003327,checkout,checkout_abandoned,14472.28,,independent,,2026-08-14 21:19:16.952724
CASE_001726,CUST_00891,INV_000891,invoice,invoice_overdue,30187.57,insufficient_funds,independent,,2026-04-29 20:32:17.044660
CASE_001727,CUST_00891,PAY_006844,payment,payment_failed,37470.7,insufficient_funds,independent,,2026-05-30 05:47:16.185492
CASE_001728,CUST_00891,CHK_000864,checkout,checkout_abandoned,7182.25,,independent,,2026-07-07 19:33:16.467924
CASE_001729,CUST_00891,CHK_000619,checkout,checkout_abandoned,36428.55,,independent,,2026-07-12 17:40:16.430481
CASE_001730,CUST_00893,PAY_004589,payment,payment_failed,37451.06,insufficient_funds,independent,,2026-07-07 15:13:16.081333
CASE_001731,CUST_00894,PAY_003052,payment,payment_failed,42724.82,insufficient_funds,independent,,2026-07-11 00:03:16.013893
CASE_001732,CUST_00898,PAY_001525,payment,payment_failed,22801.32,risk_decline,independent,,2026-05-29 22:23:15.914951
CASE_001733,CUST_00898,CHK_002538,checkout,checkout_abandoned,13149.7,,independent,,2026-06-02 08:29:16.797328
CASE_001734,CUST_00898,PAY_001296,payment,payment_failed,25295.33,insufficient_funds,independent,,2026-06-19 00:52:15.898119
CASE_001735,CUST_00898,PAY_002440,payment,payment_failed,35106.8,authentication_failed,independent,,2026-06-20 18:30:15.973719
CASE_001736,CUST_00898,PAY_003435,payment,payment_failed,8263.37,unknown_failure,independent,,2026-08-03 07:59:16.030632
CASE_001737,CUST_00898,PAY_003223,payment,payment_failed,29764.16,insufficient_funds,independent,,2026-08-04 08:45:16.020411
CASE_001738,CUST_00899,SUB_000899,subscription,subscription_failed,13403.64,temporary_bank_failure,independent,,2026-03-05 20:32:16.249565
CASE_001739,CUST_00899,CHK_003034,checkout,checkout_abandoned,43584.78,,independent,,2026-06-12 05:52:16.888913
CASE_001740,CUST_00899,PAY_004845,payment,payment_failed,3398.75,blocked_instrument,independent,,2026-06-14 15:34:16.092492
CASE_001741,CUST_00899,CHK_000877,checkout,checkout_abandoned,10470.7,,independent,,2026-06-17 09:20:16.471212
CASE_001742,CUST_00899,CHK_001637,checkout,checkout_abandoned,15105.86,,independent,,2026-06-23 13:56:16.630883
CASE_001743,CUST_00899,CHK_002623,checkout,checkout_abandoned,44478.63,,independent,,2026-07-21 07:03:16.812278
CASE_001744,CUST_00900,INV_000900,invoice,invoice_overdue,57228.59,authentication_failed,independent,,2026-06-19 20:32:17.045656
CASE_001745,CUST_00903,PAY_000062,payment,payment_failed,15291.49,insufficient_funds,independent,,2026-06-23 02:52:15.793269
CASE_001746,CUST_00903,CHK_003462,checkout,checkout_abandoned,8707.08,,independent,,2026-07-28 07:22:16.981360
CASE_001747,CUST_00903,SUB_000903,subscription,subscription_failed,14395.74,temporary_bank_failure,independent,,2026-07-31 20:32:16.249565
CASE_001748,CUST_00903,PAY_001307,payment,payment_failed,49657.62,expired_instrument,independent,,2026-08-21 23:57:15.899131
CASE_001749,CUST_00904,PAY_001410,payment,payment_failed,36590.05,temporary_bank_failure,independent,,2026-06-18 18:03:15.904164
CASE_001750,CUST_00905,PAY_001712,payment,payment_failed,10488.41,temporary_bank_failure,independent,,2026-05-30 03:50:15.929677
CASE_001751,CUST_00905,CHK_003025,checkout,checkout_abandoned,2619.68,,independent,,2026-07-10 11:44:16.886725
CASE_001752,CUST_00905,PAY_002525,payment,payment_failed,15128.17,unknown_failure,independent,,2026-08-24 21:43:15.980696
CASE_001753,CUST_00906,CHK_001006,checkout,checkout_abandoned,8711.2,,independent,,2026-06-20 00:03:16.491104
CASE_001754,CUST_00907,CHK_000646,checkout,checkout_abandoned,9694.29,,independent,,2026-05-28 00:10:16.433788
CASE_001755,CUST_00907,PAY_004291,payment,payment_failed,26668.21,insufficient_funds,independent,,2026-05-28 06:36:16.068024
CASE_001756,CUST_00908,SUB_000908,subscription,subscription_failed,17124.52,authentication_failed,independent,,2026-04-06 20:32:16.250736
CASE_001757,CUST_00909,CHK_001469,checkout,checkout_abandoned,43563.64,,independent,,2026-07-13 03:55:16.575790
CASE_001758,CUST_00910,INV_000910,invoice,invoice_overdue,24143.8,temporary_bank_failure,independent,,2026-08-04 20:32:17.046652
CASE_001759,CUST_00910,PAY_001594,payment,payment_failed,31345.86,insufficient_funds,independent,,2026-08-09 13:51:15.923528
CASE_001760,CUST_00911,PAY_001148,payment,payment_failed,42594.63,authentication_failed,independent,,2026-06-13 14:21:15.890862
CASE_001761,CUST_00913,INV_000913,invoice,invoice_overdue,71651.87,limit_exceeded,independent,,2026-05-22 20:32:17.046652
CASE_001762,CUST_00913,PAY_003892,payment,payment_failed,23672.75,insufficient_funds,independent,,2026-06-24 14:00:16.050771
CASE_001763,CUST_00914,PAY_001427,payment,payment_failed,35193.85,expired_instrument,independent,,2026-06-14 10:37:15.905161
CASE_001764,CUST_00915,PAY_001514,payment,payment_failed,11908.14,insufficient_funds,independent,,2026-08-21 16:44:15.913792
CASE_001765,CUST_00917,CHK_003276,checkout,checkout_abandoned,8715.05,,independent,,2026-07-11 16:18:16.945160
CASE_001766,CUST_00917,CHK_000448,checkout,checkout_abandoned,12394.05,,independent,,2026-08-13 02:08:16.400690
CASE_001767,CUST_00918,CHK_002405,checkout,checkout_abandoned,35998.96,,independent,,2026-05-29 13:58:16.769422
CASE_001768,CUST_00918,PAY_006208,payment,payment_failed,11078.07,insufficient_funds,independent,,2026-07-01 01:03:16.155366
CASE_001769,CUST_00919,PAY_002081,payment,payment_failed,36691.52,insufficient_funds,independent,,2026-08-06 03:51:15.953003
CASE_001770,CUST_00921,INV_000921,invoice,invoice_overdue,18430.82,timeout,independent,,2026-07-06 20:32:17.046652
CASE_001771,CUST_00922,CHK_001310,checkout,checkout_abandoned,23804.92,,independent,,2026-08-01 04:14:16.545020
CASE_001772,CUST_00923,PAY_000778,payment,payment_failed,34733.17,insufficient_funds,independent,,2026-07-14 17:25:15.865396
CASE_001773,CUST_00924,SUB_000924,subscription,subscription_failed,12040.16,limit_exceeded,independent,,2026-03-10 20:32:16.250736
CASE_001774,CUST_00925,SUB_000925,subscription,subscription_failed,10016.48,temporary_bank_failure,independent,,2026-07-18 20:32:16.250736
CASE_001775,CUST_00925,PAY_004429,payment,payment_failed,10694.33,insufficient_funds,independent,,2026-08-01 12:02:16.073506
CASE_001776,CUST_00925,CHK_002205,checkout,checkout_abandoned,47043.19,,independent,,2026-08-19 18:40:16.731403
CASE_001777,CUST_00927,PAY_006332,payment,payment_failed,9761.19,timeout,independent,,2026-07-26 16:50:16.163150
CASE_001778,CUST_00928,INV_000928,invoice,invoice_overdue,52203.74,insufficient_funds,independent,,2026-06-12 20:32:17.047649
CASE_001779,CUST_00928,PAY_006957,payment,payment_failed,20435.56,authentication_failed,independent,,2026-06-17 15:56:16.190976
CASE_001780,CUST_00929,INV_000929,invoice,invoice_overdue,142326.87,insufficient_funds,independent,,2026-04-28 20:32:17.047649
CASE_001781,CUST_00930,PAY_003024,payment,payment_failed,25352.02,expired_instrument,independent,,2026-07-06 14:55:16.011817
CASE_001782,CUST_00932,PAY_006520,payment,payment_failed,38185.4,timeout,independent,,2026-06-13 09:26:16.172026
CASE_001783,CUST_00933,SUB_000933,subscription,subscription_failed,11252.51,insufficient_funds,independent,,2026-05-22 20:32:16.251830
CASE_001784,CUST_00934,SUB_000934,subscription,subscription_failed,6106.26,authentication_failed,independent,,2026-03-29 20:32:16.251830
CASE_001785,CUST_00934,CHK_002436,checkout,checkout_abandoned,31185.52,,independent,,2026-05-30 10:39:16.776399
CASE_001786,CUST_00934,PAY_001846,payment,payment_failed,24630.39,risk_decline,independent,,2026-06-21 22:04:15.939046
CASE_001787,CUST_00936,PAY_006334,payment,payment_failed,26482.78,authentication_failed,independent,,2026-06-07 08:44:16.163150
CASE_001788,CUST_00939,INV_000939,invoice,invoice_overdue,53732.84,insufficient_funds,independent,,2026-07-20 20:32:17.048645
CASE_001789,CUST_00939,SUB_000939,subscription,subscription_failed,23557.94,limit_exceeded,independent,,2026-08-03 20:32:16.251830
CASE_001790,CUST_00940,CHK_002819,checkout,checkout_abandoned,11918.41,,independent,,2026-05-29 04:41:16.849634
CASE_001791,CUST_00941,INV_000941,invoice,invoice_overdue,23696.77,unknown_failure,independent,,2026-08-20 20:32:17.048645
CASE_001792,CUST_00942,INV_000942,invoice,invoice_overdue,16272.46,insufficient_funds,independent,,2026-04-23 20:32:17.048645
CASE_001793,CUST_00942,CHK_003291,checkout,checkout_abandoned,4419.25,,independent,,2026-06-05 11:23:16.947276
CASE_001794,CUST_00942,PAY_005740,payment,payment_failed,6324.54,temporary_bank_failure,independent,,2026-07-22 02:15:16.130946
CASE_001795,CUST_00943,CHK_000201,checkout,checkout_abandoned,24914.34,,independent,,2026-06-24 13:03:16.348340
CASE_001796,CUST_00943,PAY_004650,payment,payment_failed,56173.87,risk_decline,independent,,2026-08-25 09:26:16.083515
CASE_001797,CUST_00944,INV_000944,invoice,invoice_overdue,66193.72,authentication_failed,independent,,2026-06-20 20:32:17.048645
CASE_001798,CUST_00946,CHK_002894,checkout,checkout_abandoned,16787.1,,independent,,2026-07-26 01:06:16.860636
CASE_001799,CUST_00946,SUB_000946,subscription,subscription_failed,5750.56,risk_decline,independent,,2026-08-04 20:32:16.251830
CASE_001800,CUST_00947,SUB_000947,subscription,subscription_failed,3730.8,temporary_bank_failure,independent,,2026-03-12 20:32:16.251830
CASE_001801,CUST_00947,INV_000947,invoice,invoice_overdue,22699.76,authentication_failed,independent,,2026-04-29 20:32:17.048645
CASE_001802,CUST_00950,PAY_003451,payment,payment_failed,12882.53,temporary_bank_failure,independent,,2026-07-20 15:30:16.030632
CASE_001803,CUST_00951,CHK_003058,checkout,checkout_abandoned,44753.09,,independent,,2026-05-29 02:37:15.846526
CASE_001804,CUST_00951,SUB_000951,subscription,subscription_failed,11288.14,blocked_instrument,independent,,2026-06-02 20:32:16.251830
CASE_001805,CUST_00951,PAY_004473,payment,payment_failed,17415.19,authentication_failed,independent,,2026-06-04 17:31:16.075713
CASE_001806,CUST_00952,SUB_000952,subscription,subscription_failed,12632.5,insufficient_funds,independent,,2026-07-06 20:32:16.251830
CASE_001807,CUST_00953,INV_000953,invoice,invoice_overdue,7954.57,temporary_bank_failure,independent,,2026-05-07 20:32:17.048645
CASE_001808,CUST_00953,CHK_001874,checkout,checkout_abandoned,33219.02,,independent,,2026-05-26 20:46:16.675697
CASE_001809,CUST_00955,INV_000955,invoice,invoice_overdue,2242.04,expired_instrument,independent,,2026-03-06 20:32:17.048645
CASE_001810,CUST_00955,CHK_002163,checkout,checkout_abandoned,12917.56,,independent,,2026-06-27 07:26:16.725133
CASE_001811,CUST_00955,CHK_000761,checkout,checkout_abandoned,15477.74,,independent,,2026-07-11 09:22:16.454673
CASE_001812,CUST_00958,CHK_000707,checkout,checkout_abandoned,7705.9,,independent,,2026-07-16 05:05:16.444789
CASE_001813,CUST_00958,PAY_003441,payment,payment_failed,49980.04,temporary_bank_failure,independent,,2026-07-17 19:49:16.030632
CASE_001814,CUST_00959,INV_000959,invoice,invoice_overdue,31393.11,temporary_bank_failure,independent,,2026-04-12 20:32:17.049642
CASE_001815,CUST_00959,CHK_003164,checkout,checkout_abandoned,93465.88,,independent,,2026-06-03 04:58:16.925077
CASE_001816,CUST_00960,PAY_004274,payment,payment_failed,6908.8,insufficient_funds,independent,,2026-07-15 14:32:16.066930
CASE_001817,CUST_00960,CHK_003328,checkout,checkout_abandoned,42106.67,,independent,,2026-07-30 16:23:16.952724
CASE_001818,CUST_00961,PAY_006622,payment,payment_failed,35648.01,insufficient_funds,independent,,2026-08-13 16:13:16.176411
CASE_001819,CUST_00961,CHK_001371,checkout,checkout_abandoned,37004.77,,independent,,2026-08-15 03:22:16.555990
CASE_001820,CUST_00962,SUB_000962,subscription,subscription_failed,8720.13,insufficient_funds,independent,,2026-06-09 20:32:16.252922
CASE_001821,CUST_00962,CHK_000783,checkout,checkout_abandoned,14845.57,,independent,,2026-07-08 18:31:16.457959
CASE_001822,CUST_00964,CHK_000880,checkout,checkout_abandoned,9936.06,,independent,,2026-07-11 01:00:16.471212
CASE_001823,CUST_00964,CHK_002274,checkout,checkout_abandoned,7284.42,,independent,,2026-07-16 09:21:16.744889
CASE_001824,CUST_00965,SUB_000965,subscription,subscription_failed,7470.02,temporary_bank_failure,independent,,2026-05-08 20:32:16.252922
CASE_001825,CUST_00965,CHK_001802,checkout,checkout_abandoned,14601.55,,independent,,2026-06-01 22:33:16.659786
CASE_001826,CUST_00965,PAY_000588,payment,payment_failed,16433.43,timeout,independent,,2026-08-14 15:15:15.854100
CASE_001827,CUST_00966,PAY_000604,payment,payment_failed,86898.87,unknown_failure,independent,,2026-07-23 06:34:15.855172
CASE_001828,CUST_00967,INV_000967,invoice,invoice_overdue,66298.88,temporary_bank_failure,independent,,2026-06-20 20:32:17.049642
CASE_001829,CUST_00968,SUB_000968,subscription,subscription_failed,22802.06,temporary_bank_failure,independent,,2026-03-01 20:32:16.252922
CASE_001830,CUST_00968,CHK_001355,checkout,checkout_abandoned,36758.42,,independent,,2026-06-02 16:39:16.553812
CASE_001831,CUST_00969,CHK_002467,checkout,checkout_abandoned,5035.47,,independent,,2026-07-26 02:51:16.784372
CASE_001832,CUST_00969,CHK_000506,checkout,checkout_abandoned,10760.25,,independent,,2026-07-26 14:45:16.410269
CASE_001833,CUST_00969,CHK_000398,checkout,checkout_abandoned,6152.0,,independent,,2026-08-04 01:21:16.395195
CASE_001834,CUST_00971,CHK_003061,checkout,checkout_abandoned,3027.86,,independent,,2026-06-23 13:10:16.897736
CASE_001835,CUST_00973,SUB_000973,subscription,subscription_failed,13335.03,insufficient_funds,independent,,2026-05-11 20:32:16.252922
CASE_001836,CUST_00973,CHK_002768,checkout,checkout_abandoned,21751.23,,independent,,2026-06-10 17:53:16.839188
CASE_001837,CUST_00973,CHK_000828,checkout,checkout_abandoned,27940.73,,independent,,2026-07-28 22:29:16.464649
CASE_001838,CUST_00974,INV_000974,invoice,invoice_overdue,89452.98,blocked_instrument,independent,,2026-03-29 20:32:17.049642
CASE_001839,CUST_00975,SUB_000975,subscription,subscription_failed,6882.31,blocked_instrument,independent,,2026-04-01 20:32:16.252922
CASE_001840,CUST_00975,INV_000975,invoice,invoice_overdue,21637.0,blocked_instrument,independent,,2026-07-26 20:32:17.049642
CASE_001841,CUST_00976,INV_000976,invoice,invoice_overdue,5312.07,risk_decline,independent,,2026-04-06 20:32:17.049642
CASE_001842,CUST_00977,INV_000977,invoice,invoice_overdue,52167.15,unknown_failure,independent,,2026-03-10 20:32:17.050639
CASE_001843,CUST_00977,PAY_003908,payment,payment_failed,30429.22,authentication_failed,independent,,2026-07-29 12:04:16.050771
CASE_001844,CUST_00977,PAY_004999,payment,payment_failed,47465.46,expired_instrument,independent,,2026-08-02 08:24:16.099054
CASE_001845,CUST_00978,INV_000978,invoice,invoice_overdue,13061.52,insufficient_funds,independent,,2026-06-24 20:32:17.050639
CASE_001846,CUST_00978,CHK_002861,checkout,checkout_abandoned,4048.08,,independent,,2026-08-09 07:32:16.855130
CASE_001847,CUST_00979,CHK_001638,checkout,checkout_abandoned,39257.52,,independent,,2026-06-06 00:31:16.630883
CASE_001848,CUST_00980,INV_000980,invoice,invoice_overdue,127147.38,temporary_bank_failure,independent,,2026-04-14 20:32:17.050639
CASE_001849,CUST_00980,CHK_002128,checkout,checkout_abandoned,63387.94,,independent,,2026-06-06 11:57:16.719123
CASE_001850,CUST_00980,PAY_004630,payment,payment_failed,13491.08,insufficient_funds,independent,,2026-08-15 05:38:16.082425
CASE_001851,CUST_00981,CHK_000651,checkout,checkout_abandoned,14603.33,,independent,,2026-06-21 06:11:16.433788
CASE_001852,CUST_00981,CHK_000361,checkout,checkout_abandoned,9864.18,,independent,,2026-07-27 04:29:16.386609
CASE_001853,CUST_00982,CHK_000844,checkout,checkout_abandoned,8024.54,,independent,,2026-05-27 06:35:16.466831
CASE_001854,CUST_00983,PAY_002972,payment,payment_failed,13531.95,temporary_bank_failure,independent,,2026-07-09 09:51:16.010236
CASE_001855,CUST_00984,SUB_000984,subscription,subscription_failed,11710.71,insufficient_funds,independent,,2026-05-01 20:32:16.254049
CASE_001856,CUST_00986,CHK_001864,checkout,checkout_abandoned,13625.04,,independent,,2026-06-17 23:46:16.673398
CASE_001857,CUST_00986,CHK_000439,checkout,checkout_abandoned,11722.48,,independent,,2026-08-25 12:13:16.399673
CASE_001858,CUST_00988,CHK_000896,checkout,checkout_abandoned,13530.81,,independent,,2026-06-17 06:52:16.473402
CASE_001859,CUST_00989,PAY_003697,payment,payment_failed,18734.02,insufficient_funds,independent,,2026-06-16 12:09:16.041793
CASE_001860,CUST_00989,PAY_002039,payment,payment_failed,12916.07,insufficient_funds,independent,,2026-07-31 06:07:15.951010
CASE_001861,CUST_00989,CHK_003365,checkout,checkout_abandoned,1166.24,,independent,,2026-08-07 16:30:16.960364
CASE_001862,CUST_00990,PAY_006549,payment,payment_failed,21435.73,temporary_bank_failure,independent,,2026-08-06 11:20:16.173128
CASE_001863,CUST_00991,PAY_005516,payment,payment_failed,8264.27,blocked_instrument,independent,,2026-06-10 18:20:16.121098
CASE_001864,CUST_00992,PAY_000131,payment,payment_failed,25546.13,authentication_failed,independent,,2026-06-24 01:06:15.798035
CASE_001865,CUST_00992,CHK_000023,checkout,checkout_abandoned,4864.0,,independent,,2026-08-14 10:58:16.315820
CASE_001866,CUST_00993,CHK_000007,checkout,checkout_abandoned,36171.94,,independent,,2026-06-04 17:37:16.311424
CASE_001867,CUST_00995,INV_000995,invoice,invoice_overdue,12425.94,timeout,independent,,2026-05-10 20:32:17.050639
CASE_001868,CUST_00997,PAY_000186,payment,payment_failed,4262.84,unknown_failure,independent,,2026-08-18 23:45:15.801320
CASE_001869,CUST_00998,CHK_001436,checkout,checkout_abandoned,4135.59,,independent,,2026-07-07 19:34:16.571403
CASE_001870,CUST_00998,PAY_003726,payment,payment_failed,31605.47,temporary_bank_failure,independent,,2026-08-13 08:11:16.042895
CASE_001871,CUST_00999,PAY_000351,payment,payment_failed,4135.56,insufficient_funds,independent,,2026-06-16 04:42:15.811865
CASE_001872,CUST_00999,SUB_000999,subscription,subscription_failed,5891.75,limit_exceeded,independent,,2026-07-24 20:32:16.254049
CASE_001873,CUST_01001,CHK_000740,checkout,checkout_abandoned,33465.74,,independent,,2026-05-27 13:36:16.451388
CASE_001874,CUST_01002,SUB_001002,subscription,subscription_failed,7426.97,insufficient_funds,independent,,2026-05-27 20:32:16.254049
CASE_001875,CUST_01002,PAY_004995,payment,payment_failed,10699.18,expired_instrument,independent,,2026-07-28 16:15:16.097955
CASE_001876,CUST_01002,CHK_001879,checkout,checkout_abandoned,13569.45,,independent,,2026-08-18 02:11:16.675697
CASE_001877,CUST_01005,INV_001005,invoice,invoice_overdue,10751.98,authentication_failed,independent,,2026-06-08 20:32:17.052632
CASE_001878,CUST_01005,PAY_003827,payment,payment_failed,44242.13,timeout,independent,,2026-07-20 05:08:16.047537
CASE_001879,CUST_01006,CHK_002502,checkout,checkout_abandoned,14969.59,,independent,,2026-05-28 18:40:16.788358
CASE_001880,CUST_01006,PAY_004733,payment,payment_failed,40004.41,authentication_failed,independent,,2026-06-14 00:33:16.086999
CASE_001881,CUST_01006,CHK_000670,checkout,checkout_abandoned,34702.02,,independent,,2026-07-30 03:03:16.437090
CASE_001882,CUST_01007,CHK_001259,checkout,checkout_abandoned,23381.91,,independent,,2026-06-23 07:50:16.536156
CASE_001883,CUST_01007,CHK_000242,checkout,checkout_abandoned,26096.33,,independent,,2026-07-12 23:24:16.357134
CASE_001884,CUST_01008,INV_001008,invoice,invoice_overdue,20386.7,insufficient_funds,independent,,2026-02-28 20:32:17.052632
CASE_001885,CUST_01009,INV_001009,invoice,invoice_overdue,41234.99,temporary_bank_failure,independent,,2026-08-17 20:32:17.052632
CASE_001886,CUST_01010,CHK_000500,checkout,checkout_abandoned,31144.56,,independent,,2026-05-29 00:24:16.410269
CASE_001887,CUST_01010,PAY_004259,payment,payment_failed,45135.21,expired_instrument,independent,,2026-08-03 21:32:16.066930
CASE_001888,CUST_01011,SUB_001011,subscription,subscription_failed,1105.29,unknown_failure,independent,,2026-03-23 20:32:16.255366
CASE_001889,CUST_01011,PAY_005187,payment,payment_failed,19426.57,insufficient_funds,independent,,2026-08-03 14:07:16.106760
CASE_001890,CUST_01012,CHK_002177,checkout,checkout_abandoned,45795.57,,independent,,2026-05-31 16:13:16.185492
CASE_001891,CUST_01012,CHK_002225,checkout,checkout_abandoned,42903.81,,independent,,2026-05-31 20:30:16.185492
CASE_001892,CUST_01012,INV_001012,invoice,invoice_overdue,51550.75,blocked_instrument,independent,,2026-07-15 20:32:17.052632
CASE_001893,CUST_01013,SUB_001013,subscription,subscription_failed,13231.4,insufficient_funds,independent,,2026-03-24 20:32:16.255366
CASE_001894,CUST_01013,INV_001013,invoice,invoice_overdue,48077.7,authentication_failed,independent,,2026-05-25 20:32:17.052632
CASE_001895,CUST_01013,PAY_001950,payment,payment_failed,25380.83,temporary_bank_failure,independent,,2026-07-31 12:34:15.946028
CASE_001896,CUST_01013,PAY_000941,payment,payment_failed,26935.86,unknown_failure,independent,,2026-08-18 07:36:15.873190
CASE_001897,CUST_01014,SUB_001014,subscription,subscription_failed,8036.61,temporary_bank_failure,independent,,2026-05-18 20:32:16.255366
CASE_001898,CUST_01016,PAY_002752,payment,payment_failed,48920.36,temporary_bank_failure,independent,,2026-06-12 02:05:15.992183
CASE_001899,CUST_01016,CHK_002355,checkout,checkout_abandoned,27270.45,,independent,,2026-07-06 02:00:16.757461
CASE_001900,CUST_01017,CHK_003046,checkout,checkout_abandoned,24825.92,,independent,,2026-08-16 01:41:16.121098
CASE_001901,CUST_01018,CHK_000736,checkout,checkout_abandoned,11417.01,,independent,,2026-06-03 06:44:16.450292
CASE_001902,CUST_01018,CHK_000697,checkout,checkout_abandoned,45578.19,,independent,,2026-06-18 21:02:16.442578
CASE_001903,CUST_01018,CHK_002477,checkout,checkout_abandoned,24327.97,,independent,,2026-07-09 15:21:16.785369
CASE_001904,CUST_01019,PAY_004114,payment,payment_failed,17485.62,temporary_bank_failure,independent,,2026-08-15 19:34:16.060374
CASE_001905,CUST_01020,PAY_001563,payment,payment_failed,39557.51,limit_exceeded,independent,,2026-07-19 21:59:15.919294
CASE_001906,CUST_01021,SUB_001021,subscription,subscription_failed,1764.13,temporary_bank_failure,independent,,2026-05-21 20:32:16.255366
CASE_001907,CUST_01021,CHK_001986,checkout,checkout_abandoned,1332.34,,independent,,2026-06-08 17:07:16.691597
CASE_001908,CUST_01021,CHK_003290,checkout,checkout_abandoned,1276.23,,independent,,2026-07-27 00:19:16.947276
CASE_001909,CUST_01022,PAY_004375,payment,payment_failed,6798.02,unknown_failure,independent,,2026-06-13 21:45:16.071320
CASE_001910,CUST_01024,PAY_000712,payment,payment_failed,14928.66,insufficient_funds,independent,,2026-07-21 06:15:15.863198
CASE_001911,CUST_01025,PAY_004229,payment,payment_failed,93680.08,risk_decline,independent,,2026-05-28 16:37:16.064741
CASE_001912,CUST_01027,CHK_001248,checkout,checkout_abandoned,1218.29,,independent,,2026-07-06 21:41:16.535059
CASE_001913,CUST_01028,INV_001028,invoice,invoice_overdue,63833.45,temporary_bank_failure,independent,,2026-07-11 20:32:17.053629
CASE_001914,CUST_01029,SUB_001029,subscription,subscription_failed,10378.41,insufficient_funds,independent,,2026-04-24 20:32:16.256534
CASE_001915,CUST_01030,INV_001030,invoice,invoice_overdue,55476.8,limit_exceeded,independent,,2026-07-23 20:32:17.054627
CASE_001916,CUST_01030,CHK_001819,checkout,checkout_abandoned,14743.79,,independent,,2026-08-06 22:00:16.665705
CASE_001917,CUST_01030,PAY_002110,payment,payment_failed,8317.18,temporary_bank_failure,independent,,2026-08-18 18:48:15.954000
CASE_001918,CUST_01031,SUB_001031,subscription,subscription_failed,14486.28,unknown_failure,independent,,2026-05-03 20:32:16.256534
CASE_001919,CUST_01031,CHK_001767,checkout,checkout_abandoned,39659.76,,independent,,2026-06-30 19:45:16.653806
CASE_001920,CUST_01032,CHK_000147,checkout,checkout_abandoned,59503.53,,independent,,2026-07-10 17:59:16.338465
CASE_001921,CUST_01034,INV_001034,invoice,invoice_overdue,22291.32,unknown_failure,independent,,2026-06-12 20:32:17.054627
CASE_001922,CUST_01034,CHK_001596,checkout,checkout_abandoned,5883.84,,independent,,2026-06-21 05:19:16.071320
CASE_001923,CUST_01034,CHK_003248,checkout,checkout_abandoned,5675.84,,independent,,2026-06-21 09:46:16.071320
CASE_001924,CUST_01034,PAY_004772,payment,payment_failed,30118.13,risk_decline,independent,,2026-08-08 18:18:16.089201
CASE_001925,CUST_01034,SUB_001034,subscription,subscription_failed,10924.35,temporary_bank_failure,independent,,2026-08-24 20:32:16.256534
CASE_001926,CUST_01036,PAY_002034,payment,payment_failed,41388.1,unknown_failure,independent,,2026-06-01 15:00:15.950013
CASE_001927,CUST_01039,CHK_002770,checkout,checkout_abandoned,64741.06,,independent,,2026-07-07 20:08:16.840185
CASE_001928,CUST_01039,SUB_001039,subscription,subscription_failed,5604.1,insufficient_funds,independent,,2026-07-20 20:32:16.256534
CASE_001929,CUST_01039,PAY_003291,payment,payment_failed,37391.81,limit_exceeded,independent,,2026-07-28 11:21:16.023746
CASE_001930,CUST_01040,CHK_002793,checkout,checkout_abandoned,24654.28,,independent,,2026-08-14 23:34:16.845168
CASE_001931,CUST_01041,CHK_001595,checkout,checkout_abandoned,5813.42,,independent,,2026-05-31 07:56:16.619583
CASE_001932,CUST_01042,CHK_002544,checkout,checkout_abandoned,36325.48,,independent,,2026-06-04 10:56:16.798325
CASE_001933,CUST_01042,CHK_002737,checkout,checkout_abandoned,68227.45,,independent,,2026-07-05 13:07:16.835201
CASE_001934,CUST_01042,SUB_001042,subscription,subscription_failed,17338.01,unknown_failure,independent,,2026-08-23 20:32:16.256534
CASE_001935,CUST_01043,CHK_003202,checkout,checkout_abandoned,2791.38,,independent,,2026-06-14 00:31:16.931651
CASE_001936,CUST_01044,CHK_002011,checkout,checkout_abandoned,12817.77,,independent,,2026-06-28 18:12:16.695887
CASE_001937,CUST_01046,INV_001046,invoice,invoice_overdue,41579.21,timeout,independent,,2026-05-06 20:32:17.055714
CASE_001938,CUST_01047,PAY_004403,payment,payment_failed,40780.15,temporary_bank_failure,independent,,2026-07-28 12:47:16.072413
CASE_001939,CUST_01048,INV_001048,invoice,invoice_overdue,14459.94,risk_decline,independent,,2026-04-19 20:32:17.055714
CASE_001940,CUST_01049,PAY_002872,payment,payment_failed,33234.53,insufficient_funds,independent,,2026-07-16 12:09:16.001494
CASE_001941,CUST_01050,INV_001050,invoice,invoice_overdue,133919.04,insufficient_funds,independent,,2026-05-02 20:32:17.055714
CASE_001942,CUST_01051,PAY_005820,payment,payment_failed,58521.32,limit_exceeded,independent,,2026-08-15 22:12:16.134573
CASE_001943,CUST_01052,PAY_000200,payment,payment_failed,23967.11,insufficient_funds,independent,,2026-07-21 01:35:15.801320
CASE_001944,CUST_01052,PAY_005974,payment,payment_failed,43415.21,insufficient_funds,independent,,2026-07-25 13:42:16.141149
CASE_001945,CUST_01053,SUB_001053,subscription,subscription_failed,3668.99,insufficient_funds,independent,,2026-05-26 20:32:16.256534
CASE_001946,CUST_01053,PAY_003816,payment,payment_failed,16016.65,authentication_failed,independent,,2026-07-27 02:27:16.047537
CASE_001947,CUST_01054,PAY_001142,payment,payment_failed,25949.31,timeout,independent,,2026-06-04 09:06:15.890862
CASE_001948,CUST_01054,CHK_000517,checkout,checkout_abandoned,8102.95,,independent,,2026-06-19 17:39:15.939046
CASE_001949,CUST_01054,CHK_000578,checkout,checkout_abandoned,12882.26,,independent,,2026-07-07 10:32:16.423551
CASE_001950,CUST_01055,SUB_001055,subscription,subscription_failed,10316.47,expired_instrument,independent,,2026-05-04 20:32:16.256534
CASE_001951,CUST_01055,CHK_000210,checkout,checkout_abandoned,18212.3,,independent,,2026-06-13 10:09:16.349431
CASE_001952,CUST_01056,CHK_000773,checkout,checkout_abandoned,83208.51,,independent,,2026-06-06 19:54:16.456860
CASE_001953,CUST_01056,CHK_002840,checkout,checkout_abandoned,30030.17,,independent,,2026-07-05 06:25:16.851823
CASE_001954,CUST_01056,SUB_001056,subscription,subscription_failed,8754.97,temporary_bank_failure,independent,,2026-07-22 20:32:16.256534
CASE_001955,CUST_01056,PAY_004150,payment,payment_failed,18124.22,temporary_bank_failure,independent,,2026-07-27 20:58:16.061473
CASE_001956,CUST_01057,INV_001057,invoice,invoice_overdue,40287.03,risk_decline,independent,,2026-05-04 20:32:17.056217
CASE_001957,CUST_01057,CHK_002043,checkout,checkout_abandoned,14882.56,,independent,,2026-06-18 20:07:16.701377
CASE_001958,CUST_01058,INV_001058,invoice,invoice_overdue,30858.94,risk_decline,independent,,2026-08-23 20:32:17.056217
CASE_001959,CUST_01059,CHK_000220,checkout,checkout_abandoned,40811.07,,independent,,2026-07-19 00:03:16.351637
CASE_001960,CUST_01059,CHK_000175,checkout,checkout_abandoned,39576.84,,independent,,2026-08-01 05:41:16.343955
CASE_001961,CUST_01059,CHK_000197,checkout,checkout_abandoned,16898.2,,independent,,2026-08-01 19:45:16.348340
CASE_001962,CUST_01061,PAY_000423,payment,payment_failed,3429.75,temporary_bank_failure,independent,,2026-07-27 22:05:15.835108
CASE_001963,CUST_01062,SUB_001062,subscription,subscription_failed,13522.94,timeout,independent,,2026-03-30 20:32:16.257812
CASE_001964,CUST_01064,CHK_001832,checkout,checkout_abandoned,6857.5,,independent,,2026-05-27 11:43:16.052224
CASE_001965,CUST_01064,PAY_003596,payment,payment_failed,31566.01,insufficient_funds,independent,,2026-08-19 16:51:16.037350
CASE_001966,CUST_01065,SUB_001065,subscription,subscription_failed,9786.53,authentication_failed,independent,,2026-06-16 20:32:16.257812
CASE_001967,CUST_01066,PAY_003958,payment,payment_failed,33757.22,insufficient_funds,independent,,2026-06-17 13:04:16.053736
CASE_001968,CUST_01066,PAY_001749,payment,payment_failed,1636.06,authentication_failed,independent,,2026-07-25 14:56:15.931936
CASE_001969,CUST_01066,SUB_001066,subscription,subscription_failed,11786.17,timeout,independent,,2026-08-21 20:32:16.257812
CASE_001970,CUST_01067,PAY_006699,payment,payment_failed,6753.41,expired_instrument,independent,,2026-07-12 07:13:16.180011
CASE_001971,CUST_01067,PAY_001289,payment,payment_failed,91602.2,expired_instrument,independent,,2026-07-25 07:54:15.898119
CASE_001972,CUST_01067,CHK_000974,checkout,checkout_abandoned,38515.99,,independent,,2026-07-28 21:22:16.487741
CASE_001973,CUST_01068,PAY_001278,payment,payment_failed,34990.73,blocked_instrument,independent,,2026-08-22 11:10:15.896933
CASE_001974,CUST_01070,CHK_002242,checkout,checkout_abandoned,27628.05,,independent,,2026-06-01 12:54:15.978702
CASE_001975,CUST_01070,CHK_002683,checkout,checkout_abandoned,47622.97,,independent,,2026-07-06 21:30:16.824238
CASE_001976,CUST_01071,PAY_005711,payment,payment_failed,39552.12,authentication_failed,independent,,2026-08-23 16:11:16.129856
CASE_001977,CUST_01072,CHK_000627,checkout,checkout_abandoned,36073.49,,independent,,2026-06-01 01:04:16.431587
CASE_001978,CUST_01075,CHK_001478,checkout,checkout_abandoned,13061.26,,independent,,2026-07-10 02:07:16.576886
CASE_001979,CUST_01078,INV_001078,invoice,invoice_overdue,66248.21,timeout,independent,,2026-05-29 20:32:17.057217
CASE_001980,CUST_01078,CHK_001932,checkout,checkout_abandoned,10291.65,,independent,,2026-06-22 10:09:16.684699
CASE_001981,CUST_01078,CHK_001474,checkout,checkout_abandoned,16169.38,,independent,,2026-08-21 10:24:16.575790
CASE_001982,CUST_01079,PAY_004702,payment,payment_failed,6554.75,temporary_bank_failure,independent,,2026-06-08 07:57:16.085903
CASE_001983,CUST_01079,CHK_001252,checkout,checkout_abandoned,20126.98,,independent,,2026-07-01 09:24:16.535059
CASE_001984,CUST_01080,CHK_002067,checkout,checkout_abandoned,31348.98,,independent,,2026-07-28 15:45:16.706898
CASE_001985,CUST_01081,SUB_001081,subscription,subscription_failed,8858.36,temporary_bank_failure,independent,,2026-06-06 20:32:16.257812
CASE_001986,CUST_01081,CHK_003133,checkout,checkout_abandoned,35169.38,,independent,,2026-08-02 15:44:16.918539
CASE_001987,CUST_01082,CHK_002629,checkout,checkout_abandoned,21682.15,,independent,,2026-06-20 12:00:16.813275
CASE_001988,CUST_01083,INV_001083,invoice,invoice_overdue,61309.58,timeout,independent,,2026-05-12 20:32:17.057217
CASE_001989,CUST_01084,PAY_005779,payment,payment_failed,7766.43,insufficient_funds,independent,,2026-06-20 17:33:16.132362
CASE_001990,CUST_01084,CHK_000382,checkout,checkout_abandoned,16689.86,,independent,,2026-07-02 07:56:16.393156
CASE_001991,CUST_01084,PAY_000613,payment,payment_failed,6866.14,limit_exceeded,independent,,2026-07-06 10:28:15.856169
CASE_001992,CUST_01085,PAY_006984,payment,payment_failed,8695.18,unknown_failure,independent,,2026-06-21 02:29:16.192076
CASE_001993,CUST_01085,CHK_003404,checkout,checkout_abandoned,22739.84,,independent,,2026-07-25 20:24:16.969081
CASE_001994,CUST_01085,SUB_001085,subscription,subscription_failed,8341.56,expired_instrument,independent,,2026-08-17 20:32:16.257812
CASE_001995,CUST_01087,PAY_004879,payment,payment_failed,38010.42,blocked_instrument,independent,,2026-07-30 03:17:16.093587
CASE_001996,CUST_01088,PAY_001177,payment,payment_failed,1920.9,insufficient_funds,independent,,2026-06-05 08:13:15.892172
CASE_001997,CUST_01089,INV_001089,invoice,invoice_overdue,24164.71,expired_instrument,independent,,2026-05-08 20:32:17.057217
CASE_001998,CUST_01089,CHK_001522,checkout,checkout_abandoned,36832.84,,independent,,2026-07-13 20:26:16.586820
CASE_001999,CUST_01089,PAY_001629,payment,payment_failed,41166.19,authentication_failed,independent,,2026-08-09 22:17:15.924525
CASE_002000,CUST_01090,PAY_006169,payment,payment_failed,98972.02,expired_instrument,independent,,2026-06-19 02:17:16.152079
CASE_002001,CUST_01091,CHK_003005,checkout,checkout_abandoned,19939.96,,independent,,2026-06-08 18:11:16.881227
CASE_002002,CUST_01093,CHK_000579,checkout,checkout_abandoned,17080.5,,independent,,2026-07-23 14:23:16.423551
CASE_002003,CUST_01095,PAY_006870,payment,payment_failed,3455.1,risk_decline,independent,,2026-06-22 16:32:16.186589
CASE_002004,CUST_01096,PAY_003268,payment,payment_failed,7982.67,insufficient_funds,independent,,2026-06-29 04:23:16.022647
CASE_002005,CUST_01096,PAY_005601,payment,payment_failed,16425.72,temporary_bank_failure,independent,,2026-07-01 06:32:16.124375
CASE_002006,CUST_01096,CHK_002522,checkout,checkout_abandoned,6806.47,,independent,,2026-08-07 14:25:16.791348
CASE_002007,CUST_01097,PAY_001361,payment,payment_failed,30422.47,limit_exceeded,independent,,2026-07-17 14:22:15.901174
CASE_002008,CUST_01098,CHK_000682,checkout,checkout_abandoned,10988.35,,independent,,2026-08-18 11:24:16.439285
CASE_002009,CUST_01100,PAY_006220,payment,payment_failed,35476.96,blocked_instrument,independent,,2026-07-07 07:56:16.156461
CASE_002010,CUST_01100,CHK_003112,checkout,checkout_abandoned,34940.23,,independent,,2026-08-17 03:38:16.912558
CASE_002011,CUST_01101,CHK_001719,checkout,checkout_abandoned,8404.08,,independent,,2026-07-02 08:55:16.646829
CASE_002012,CUST_01101,PAY_000809,payment,payment_failed,14886.11,risk_decline,independent,,2026-07-04 20:40:15.867714
CASE_002013,CUST_01101,INV_001101,invoice,invoice_overdue,62978.61,unknown_failure,independent,,2026-07-25 20:32:17.058213
CASE_002014,CUST_01101,PAY_002021,payment,payment_failed,29948.64,expired_instrument,independent,,2026-08-12 05:38:15.950013
CASE_002015,CUST_01102,PAY_002059,payment,payment_failed,48872.76,temporary_bank_failure,independent,,2026-08-23 07:12:15.952006
CASE_002016,CUST_01104,CHK_001906,checkout,checkout_abandoned,15445.32,,independent,,2026-07-11 20:08:16.679197
CASE_002017,CUST_01105,CHK_003473,checkout,checkout_abandoned,62190.07,,independent,,2026-07-24 04:01:16.983629
CASE_002018,CUST_01107,PAY_005839,payment,payment_failed,13752.03,limit_exceeded,independent,,2026-08-10 00:30:16.135675
CASE_002019,CUST_01108,SUB_001108,subscription,subscription_failed,9817.02,risk_decline,independent,,2026-03-16 20:32:16.258907
CASE_002020,CUST_01108,CHK_000215,checkout,checkout_abandoned,44361.44,,independent,,2026-07-11 17:56:16.350532
CASE_002021,CUST_01108,INV_001108,invoice,invoice_overdue,10742.83,unknown_failure,independent,,2026-08-14 20:32:17.058213
CASE_002022,CUST_01112,PAY_004237,payment,payment_failed,34822.62,authentication_failed,independent,,2026-08-09 21:32:16.065831
CASE_002023,CUST_01113,CHK_000135,checkout,checkout_abandoned,19209.03,,independent,,2026-06-08 22:10:16.337371
CASE_002024,CUST_01116,PAY_002676,payment,payment_failed,30927.98,insufficient_funds,independent,,2026-06-16 17:36:15.988026
CASE_002025,CUST_01117,SUB_001117,subscription,subscription_failed,1869.52,timeout,independent,,2026-03-23 20:32:16.259998
CASE_002026,CUST_01117,PAY_006760,payment,payment_failed,15516.69,blocked_instrument,independent,,2026-06-25 13:00:16.182203
CASE_002027,CUST_01119,PAY_004933,payment,payment_failed,17597.47,insufficient_funds,independent,,2026-06-11 02:35:16.095770
CASE_002028,CUST_01119,PAY_000230,payment,payment_failed,41239.4,insufficient_funds,independent,,2026-07-06 07:40:15.803512
CASE_002029,CUST_01120,PAY_002066,payment,payment_failed,19566.2,temporary_bank_failure,independent,,2026-08-25 02:24:15.952006
CASE_002030,CUST_01121,SUB_001121,subscription,subscription_failed,16811.18,timeout,independent,,2026-06-24 20:32:16.259998
CASE_002031,CUST_01121,PAY_001925,payment,payment_failed,30362.62,blocked_instrument,independent,,2026-08-09 18:38:15.944669
CASE_002032,CUST_01123,PAY_000121,payment,payment_failed,9674.08,unknown_failure,independent,,2026-07-28 12:28:15.796935
CASE_002033,CUST_01124,CHK_000692,checkout,checkout_abandoned,1245.66,,independent,,2026-06-09 09:51:16.441477
CASE_002034,CUST_01124,SUB_001124,subscription,subscription_failed,14418.58,temporary_bank_failure,independent,,2026-07-14 20:32:16.259998
CASE_002035,CUST_01125,SUB_001125,subscription,subscription_failed,13598.27,risk_decline,independent,,2026-05-14 20:32:16.259998
CASE_002036,CUST_01126,PAY_000333,payment,payment_failed,4648.17,temporary_bank_failure,independent,,2026-06-04 21:47:15.810394
CASE_002037,CUST_01128,INV_001128,invoice,invoice_overdue,34305.0,insufficient_funds,independent,,2026-07-27 20:32:17.059210
CASE_002038,CUST_01129,PAY_003163,payment,payment_failed,64130.97,risk_decline,independent,,2026-06-28 13:51:16.018219
CASE_002039,CUST_01129,PAY_002595,payment,payment_failed,58995.88,insufficient_funds,independent,,2026-07-21 20:05:15.984985
CASE_002040,CUST_01130,INV_001130,invoice,invoice_overdue,134672.72,expired_instrument,independent,,2026-03-11 20:32:17.059210
CASE_002041,CUST_01130,CHK_000603,checkout,checkout_abandoned,26005.38,,independent,,2026-07-08 21:22:16.427944
CASE_002042,CUST_01130,CHK_001744,checkout,checkout_abandoned,56703.92,,independent,,2026-08-04 20:13:16.649819
CASE_002043,CUST_01131,PAY_001124,payment,payment_failed,4676.34,timeout,independent,,2026-08-15 11:27:15.889538
CASE_002044,CUST_01132,INV_001132,invoice,invoice_overdue,41828.92,insufficient_funds,independent,,2026-05-11 20:32:17.059210
CASE_002045,CUST_01132,CHK_001425,checkout,checkout_abandoned,9373.59,,independent,,2026-07-23 16:46:16.570302
CASE_002046,CUST_01133,INV_001133,invoice,invoice_overdue,37214.69,temporary_bank_failure,independent,,2026-03-22 20:32:17.059210
CASE_002047,CUST_01134,SUB_001134,subscription,subscription_failed,13621.59,insufficient_funds,independent,,2026-06-16 20:32:16.259998
CASE_002048,CUST_01134,CHK_003072,checkout,checkout_abandoned,28769.9,,independent,,2026-06-24 08:57:16.899926
CASE_002049,CUST_01135,SUB_001135,subscription,subscription_failed,13113.82,blocked_instrument,independent,,2026-05-06 20:32:16.259998
CASE_002050,CUST_01136,INV_001136,invoice,invoice_overdue,17851.72,timeout,independent,,2026-04-12 20:32:17.059210
CASE_002051,CUST_01137,PAY_002885,payment,payment_failed,27883.05,authentication_failed,independent,,2026-08-14 19:14:16.002508
CASE_002052,CUST_01139,CHK_001201,checkout,checkout_abandoned,12598.14,,independent,,2026-08-03 15:12:16.527404
CASE_002053,CUST_01140,INV_001140,invoice,invoice_overdue,8385.96,risk_decline,independent,,2026-06-10 20:32:17.059210
CASE_002054,CUST_01140,PAY_002492,payment,payment_failed,37809.18,temporary_bank_failure,independent,,2026-07-01 13:24:15.977706
CASE_002055,CUST_01141,SUB_001141,subscription,subscription_failed,14897.73,insufficient_funds,independent,,2026-04-30 20:32:16.261090
CASE_002056,CUST_01141,CHK_000509,checkout,checkout_abandoned,10833.16,,independent,,2026-07-21 09:25:16.410269
CASE_002057,CUST_01141,PAY_005403,payment,payment_failed,46421.18,temporary_bank_failure,independent,,2026-07-29 06:01:16.116432
CASE_002058,CUST_01143,INV_001143,invoice,invoice_overdue,31689.54,temporary_bank_failure,independent,,2026-04-06 20:32:17.060208
CASE_002059,CUST_01144,CHK_002161,checkout,checkout_abandoned,13567.15,,independent,,2026-07-13 09:46:16.130946
CASE_002060,CUST_01147,CHK_000985,checkout,checkout_abandoned,27242.44,,independent,,2026-07-10 17:23:16.487741
CASE_002061,CUST_01148,SUB_001148,subscription,subscription_failed,5851.82,temporary_bank_failure,independent,,2026-06-14 20:32:16.261090
CASE_002062,CUST_01149,CHK_000885,checkout,checkout_abandoned,5815.21,,independent,,2026-06-10 02:43:16.472310
CASE_002063,CUST_01149,CHK_000541,checkout,checkout_abandoned,44224.79,,independent,,2026-07-21 05:29:16.415875
CASE_002064,CUST_01150,CHK_001050,checkout,checkout_abandoned,8587.23,,independent,,2026-06-16 03:58:16.497716
CASE_002065,CUST_01150,PAY_006350,payment,payment_failed,29744.94,unknown_failure,independent,,2026-07-31 09:40:16.164348
CASE_002066,CUST_01152,SUB_001152,subscription,subscription_failed,2811.76,temporary_bank_failure,independent,,2026-04-13 20:32:16.261090
CASE_002067,CUST_01153,PAY_001025,payment,payment_failed,13741.48,authentication_failed,independent,,2026-06-23 07:49:15.882798
CASE_002068,CUST_01153,CHK_001599,checkout,checkout_abandoned,14182.9,,independent,,2026-07-07 00:55:16.619583
CASE_002069,CUST_01156,PAY_000666,payment,payment_failed,36022.41,timeout,independent,,2026-07-03 11:51:15.860172
CASE_002070,CUST_01156,CHK_003461,checkout,checkout_abandoned,41021.63,,independent,,2026-07-19 10:18:16.033923
CASE_002071,CUST_01157,CHK_001540,checkout,checkout_abandoned,3526.37,,independent,,2026-07-18 16:44:16.591225
CASE_002072,CUST_01157,CHK_002374,checkout,checkout_abandoned,49113.34,,independent,,2026-08-19 03:07:16.762445
CASE_002073,CUST_01157,INV_001157,invoice,invoice_overdue,21680.74,temporary_bank_failure,independent,,2026-08-21 20:32:17.061204
CASE_002074,CUST_01158,PAY_005723,payment,payment_failed,6111.19,timeout,independent,,2026-06-25 08:24:16.129856
CASE_002075,CUST_01158,CHK_002699,checkout,checkout_abandoned,11665.8,,independent,,2026-07-05 20:44:15.911673
CASE_002076,CUST_01158,CHK_002976,checkout,checkout_abandoned,15819.21,,independent,,2026-08-22 15:17:16.874941
CASE_002077,CUST_01159,SUB_001159,subscription,subscription_failed,2594.56,insufficient_funds,independent,,2026-07-23 20:32:16.261090
CASE_002078,CUST_01159,PAY_000854,payment,payment_failed,19648.01,temporary_bank_failure,independent,,2026-07-24 17:52:15.869689
CASE_002079,CUST_01159,PAY_004587,payment,payment_failed,13196.19,temporary_bank_failure,independent,,2026-07-27 06:10:16.080239
CASE_002080,CUST_01160,INV_001160,invoice,invoice_overdue,37202.74,insufficient_funds,independent,,2026-06-04 20:32:17.061204
CASE_002081,CUST_01160,CHK_002858,checkout,checkout_abandoned,35299.71,,independent,,2026-08-03 15:23:16.855130
CASE_002082,CUST_01161,CHK_002131,checkout,checkout_abandoned,26250.24,,independent,,2026-06-21 20:17:16.719123
CASE_002083,CUST_01161,INV_001161,invoice,invoice_overdue,46033.76,risk_decline,independent,,2026-06-22 20:32:17.062302
CASE_002084,CUST_01161,CHK_002396,checkout,checkout_abandoned,39520.15,,independent,,2026-07-10 04:15:16.115522
CASE_002085,CUST_01161,CHK_001044,checkout,checkout_abandoned,39410.91,,independent,,2026-07-10 05:11:16.115522
CASE_002086,CUST_01162,SUB_001162,subscription,subscription_failed,10482.04,authentication_failed,independent,,2026-03-29 20:32:16.261090
CASE_002087,CUST_01162,CHK_000217,checkout,checkout_abandoned,9470.9,,independent,,2026-06-16 06:53:16.350532
CASE_002088,CUST_01162,PAY_003977,payment,payment_failed,12052.92,timeout,independent,,2026-07-14 17:16:16.053736
CASE_002089,CUST_01163,CHK_000746,checkout,checkout_abandoned,49911.75,,independent,,2026-07-09 05:34:16.452484
CASE_002090,CUST_01164,SUB_001164,subscription,subscription_failed,3862.86,temporary_bank_failure,independent,,2026-05-14 20:32:16.261090
CASE_002091,CUST_01164,PAY_001425,payment,payment_failed,3246.26,blocked_instrument,independent,,2026-06-23 17:18:15.905161
CASE_002092,CUST_01165,SUB_001165,subscription,subscription_failed,4991.01,timeout,independent,,2026-04-13 20:32:16.261090
CASE_002093,CUST_01165,CHK_000013,checkout,checkout_abandoned,8429.21,,independent,,2026-07-19 16:04:16.313614
CASE_002094,CUST_01166,CHK_002847,checkout,checkout_abandoned,38159.26,,independent,,2026-07-14 12:50:16.852913
CASE_002095,CUST_01166,CHK_002526,checkout,checkout_abandoned,23770.98,,independent,,2026-07-23 18:42:16.792345
CASE_002096,CUST_01167,PAY_005750,payment,payment_failed,38459.98,authentication_failed,independent,,2026-07-26 11:12:16.130946
CASE_002097,CUST_01167,CHK_000239,checkout,checkout_abandoned,31899.03,,independent,,2026-08-03 20:18:16.357134
CASE_002098,CUST_01168,CHK_002390,checkout,checkout_abandoned,54489.92,,independent,,2026-07-11 02:11:16.764439
CASE_002099,CUST_01168,CHK_002426,checkout,checkout_abandoned,73904.89,,independent,,2026-07-23 13:56:16.773408
CASE_002100,CUST_01169,CHK_002370,checkout,checkout_abandoned,12680.08,,independent,,2026-06-23 23:38:16.142241
CASE_002101,CUST_01169,CHK_003428,checkout,checkout_abandoned,44882.34,,independent,,2026-08-06 19:31:16.973212
CASE_002102,CUST_01170,SUB_001170,subscription,subscription_failed,3978.83,insufficient_funds,independent,,2026-05-08 20:32:16.262183
CASE_002103,CUST_01170,INV_001170,invoice,invoice_overdue,19548.01,timeout,independent,,2026-07-10 20:32:17.062302
CASE_002104,CUST_01172,CHK_002918,checkout,checkout_abandoned,32349.88,,independent,,2026-07-08 14:06:16.866172
CASE_002105,CUST_01172,PAY_005080,payment,payment_failed,11466.29,timeout,independent,,2026-07-11 16:14:16.102352
CASE_002106,CUST_01173,INV_001173,invoice,invoice_overdue,65657.84,authentication_failed,independent,,2026-04-28 20:32:17.064440
CASE_002107,CUST_01175,PAY_006093,payment,payment_failed,92836.94,unknown_failure,independent,,2026-06-01 23:21:16.146615
CASE_002108,CUST_01175,CHK_000202,checkout,checkout_abandoned,48053.76,,independent,,2026-07-30 08:59:16.348340
CASE_002109,CUST_01176,INV_001176,invoice,invoice_overdue,22567.16,insufficient_funds,independent,,2026-07-30 20:32:17.064440
CASE_002110,CUST_01176,PAY_000002,payment,payment_failed,37747.91,timeout,independent,,2026-08-16 14:41:15.790028
CASE_002111,CUST_01177,CHK_000516,checkout,checkout_abandoned,11052.21,,independent,,2026-07-21 12:11:16.136763
CASE_002112,CUST_01178,CHK_002609,checkout,checkout_abandoned,39401.63,,independent,,2026-07-09 20:09:16.809288
CASE_002113,CUST_01180,SUB_001180,subscription,subscription_failed,12214.59,temporary_bank_failure,independent,,2026-03-20 20:32:16.262183
CASE_002114,CUST_01180,CHK_001970,checkout,checkout_abandoned,4417.37,,independent,,2026-06-04 01:49:16.689082
CASE_002115,CUST_01182,SUB_001182,subscription,subscription_failed,5100.37,temporary_bank_failure,independent,,2026-05-13 20:32:16.262183
CASE_002116,CUST_01182,PAY_005473,payment,payment_failed,3463.34,risk_decline,independent,,2026-05-30 03:00:16.118986
CASE_002117,CUST_01182,PAY_005687,payment,payment_failed,41152.03,authentication_failed,independent,,2026-06-29 20:04:16.128754
CASE_002118,CUST_01182,CHK_000462,checkout,checkout_abandoned,31723.06,,independent,,2026-08-09 20:50:16.402723
CASE_002119,CUST_01183,SUB_001183,subscription,subscription_failed,10089.36,temporary_bank_failure,independent,,2026-04-12 20:32:16.262183
CASE_002120,CUST_01183,PAY_001283,payment,payment_failed,14641.59,authentication_failed,independent,,2026-07-22 00:27:15.898119
CASE_002121,CUST_01185,PAY_004367,payment,payment_failed,36601.85,risk_decline,independent,,2026-07-09 23:03:16.071320
CASE_002122,CUST_01186,CHK_002249,checkout,checkout_abandoned,23237.16,,independent,,2026-08-18 20:27:16.741591
CASE_002123,CUST_01187,INV_001187,invoice,invoice_overdue,97105.88,insufficient_funds,independent,,2026-03-21 20:32:17.065927
CASE_002124,CUST_01187,CHK_001344,checkout,checkout_abandoned,77295.28,,independent,,2026-07-14 23:14:16.551631
CASE_002125,CUST_01191,CHK_003252,checkout,checkout_abandoned,20966.43,,independent,,2026-07-10 13:25:16.940813
CASE_002126,CUST_01191,PAY_006366,payment,payment_failed,30494.93,blocked_instrument,independent,,2026-07-20 11:09:16.164348
CASE_002127,CUST_01191,CHK_002499,checkout,checkout_abandoned,40765.17,,independent,,2026-07-25 08:34:16.788358
CASE_002128,CUST_01191,PAY_006567,payment,payment_failed,32400.13,temporary_bank_failure,independent,,2026-08-11 23:29:16.173128
CASE_002129,CUST_01192,PAY_000786,payment,payment_failed,9811.4,temporary_bank_failure,independent,,2026-07-14 01:58:15.865396
CASE_002130,CUST_01193,INV_001193,invoice,invoice_overdue,38342.81,temporary_bank_failure,independent,,2026-04-09 20:32:17.066956
CASE_002131,CUST_01194,SUB_001194,subscription,subscription_failed,12476.21,timeout,independent,,2026-05-04 20:32:16.263299
CASE_002132,CUST_01194,PAY_003145,payment,payment_failed,22462.18,limit_exceeded,independent,,2026-08-10 06:19:16.017114
CASE_002133,CUST_01194,PAY_004342,payment,payment_failed,48239.77,temporary_bank_failure,independent,,2026-08-17 16:02:16.070229
CASE_002134,CUST_01195,SUB_001195,subscription,subscription_failed,23915.25,temporary_bank_failure,independent,,2026-07-09 20:32:16.263299
CASE_002135,CUST_01196,SUB_001196,subscription,subscription_failed,1739.79,insufficient_funds,independent,,2026-05-23 20:32:16.263299
CASE_002136,CUST_01196,CHK_002579,checkout,checkout_abandoned,28619.48,,independent,,2026-06-23 20:16:16.803308
CASE_002137,CUST_01196,PAY_001639,payment,payment_failed,31607.14,unknown_failure,independent,,2026-07-25 08:19:15.925521
CASE_002138,CUST_01199,SUB_001199,subscription,subscription_failed,4715.33,insufficient_funds,independent,,2026-04-26 20:32:16.263299
CASE_002139,CUST_01200,INV_001200,invoice,invoice_overdue,54466.89,authentication_failed,independent,,2026-05-24 20:32:17.066956
CASE_002140,CUST_01201,CHK_003371,checkout,checkout_abandoned,18093.55,,independent,,2026-08-17 13:11:16.961417
CASE_002141,CUST_01202,CHK_003274,checkout,checkout_abandoned,13422.39,,independent,,2026-06-27 14:54:16.944140
CASE_002142,CUST_01203,CHK_003100,checkout,checkout_abandoned,27168.01,,independent,,2026-08-11 12:39:16.908574
CASE_002143,CUST_01204,INV_001204,invoice,invoice_overdue,112619.9,limit_exceeded,independent,,2026-03-20 20:32:17.067952
CASE_002144,CUST_01205,SUB_001205,subscription,subscription_failed,1976.29,unknown_failure,independent,,2026-06-04 20:32:16.263299
CASE_002145,CUST_01205,CHK_002235,checkout,checkout_abandoned,6509.04,,independent,,2026-06-26 19:36:16.739399
CASE_002146,CUST_01206,SUB_001206,subscription,subscription_failed,12914.46,insufficient_funds,independent,,2026-03-07 20:32:16.263299
CASE_002147,CUST_01206,CHK_000491,checkout,checkout_abandoned,18352.62,,independent,,2026-06-01 11:33:16.408078
CASE_002148,CUST_01206,CHK_001611,checkout,checkout_abandoned,30172.74,,independent,,2026-08-04 22:05:16.623906
CASE_002149,CUST_01207,PAY_002350,payment,payment_failed,18032.54,temporary_bank_failure,independent,,2026-07-25 17:07:15.967740
CASE_002150,CUST_01209,PAY_006448,payment,payment_failed,14999.78,temporary_bank_failure,independent,,2026-08-08 09:38:16.168737
CASE_002151,CUST_01210,CHK_002471,checkout,checkout_abandoned,24310.68,,independent,,2026-06-03 04:03:16.785369
CASE_002152,CUST_01210,PAY_005596,payment,payment_failed,47241.4,expired_instrument,independent,,2026-06-11 22:59:16.124375
CASE_002153,CUST_01212,INV_001212,invoice,invoice_overdue,56301.82,expired_instrument,independent,,2026-07-29 20:32:17.067952
CASE_002154,CUST_01215,SUB_001215,subscription,subscription_failed,11324.58,timeout,independent,,2026-03-13 20:32:16.263299
CASE_002155,CUST_01216,CHK_000029,checkout,checkout_abandoned,17263.06,,independent,,2026-06-21 09:08:16.316920
CASE_002156,CUST_01216,CHK_001760,checkout,checkout_abandoned,56338.43,,independent,,2026-07-22 23:40:16.652809
CASE_002157,CUST_01217,CHK_002958,checkout,checkout_abandoned,47763.77,,independent,,2026-08-17 16:31:16.872743
CASE_002158,CUST_01218,INV_001218,invoice,invoice_overdue,47171.46,unknown_failure,independent,,2026-03-14 20:32:17.068949
CASE_002159,CUST_01218,SUB_001218,subscription,subscription_failed,9234.83,insufficient_funds,independent,,2026-05-06 20:32:16.263299
CASE_002160,CUST_01218,PAY_002433,payment,payment_failed,47195.2,unknown_failure,independent,,2026-07-15 08:57:15.973719
CASE_002161,CUST_01219,PAY_004305,payment,payment_failed,33679.37,insufficient_funds,independent,,2026-08-19 22:10:16.068024
CASE_002162,CUST_01220,CHK_000600,checkout,checkout_abandoned,28964.23,,independent,,2026-08-02 16:36:16.427944
CASE_002163,CUST_01221,INV_001221,invoice,invoice_overdue,68515.98,authentication_failed,independent,,2026-03-29 20:32:17.068949
CASE_002164,CUST_01221,SUB_001221,subscription,subscription_failed,6707.33,blocked_instrument,independent,,2026-08-16 20:32:16.264603
CASE_002165,CUST_01222,SUB_001222,subscription,subscription_failed,3622.47,authentication_failed,independent,,2026-06-15 20:32:16.264603
CASE_002166,CUST_01222,PAY_000380,payment,payment_failed,5716.87,expired_instrument,independent,,2026-08-18 07:35:15.812958
CASE_002167,CUST_01223,SUB_001223,subscription,subscription_failed,10255.17,insufficient_funds,independent,,2026-03-19 20:32:16.264603
CASE_002168,CUST_01224,INV_001224,invoice,invoice_overdue,69601.75,temporary_bank_failure,independent,,2026-05-08 20:32:17.068949
CASE_002169,CUST_01224,PAY_005377,payment,payment_failed,99098.79,blocked_instrument,independent,,2026-08-24 18:45:16.115522
CASE_002170,CUST_01225,PAY_000645,payment,payment_failed,8028.75,unknown_failure,independent,,2026-06-26 06:27:15.858179
CASE_002171,CUST_01226,CHK_003443,checkout,checkout_abandoned,2626.57,,independent,,2026-06-06 10:50:15.858179
CASE_002172,CUST_01227,INV_001227,invoice,invoice_overdue,39969.84,expired_instrument,independent,,2026-04-05 20:32:17.070141
CASE_002173,CUST_01228,SUB_001228,subscription,subscription_failed,14578.5,timeout,independent,,2026-06-27 20:32:16.264603
CASE_002174,CUST_01228,CHK_001090,checkout,checkout_abandoned,8990.33,,independent,,2026-07-27 10:22:16.504267
CASE_002175,CUST_01228,CHK_000099,checkout,checkout_abandoned,10187.89,,independent,,2026-08-25 14:56:16.333840
CASE_002176,CUST_01229,CHK_002650,checkout,checkout_abandoned,13347.36,,independent,,2026-07-01 08:50:16.817261
CASE_002177,CUST_01230,INV_001230,invoice,invoice_overdue,43172.06,insufficient_funds,independent,,2026-06-21 20:32:17.070141
CASE_002178,CUST_01230,PAY_004005,payment,payment_failed,18918.0,insufficient_funds,independent,,2026-07-08 20:51:16.055991
CASE_002179,CUST_01230,SUB_001230,subscription,subscription_failed,11439.39,insufficient_funds,independent,,2026-07-13 20:32:16.264603
CASE_002180,CUST_01231,PAY_000555,payment,payment_failed,34269.4,insufficient_funds,independent,,2026-07-18 16:09:15.852107
CASE_002181,CUST_01232,PAY_004676,payment,payment_failed,39554.35,insufficient_funds,independent,,2026-06-12 15:18:16.084614
CASE_002182,CUST_01232,SUB_001232,subscription,subscription_failed,13849.78,authentication_failed,independent,,2026-06-26 20:32:16.264603
CASE_002183,CUST_01232,CHK_002862,checkout,checkout_abandoned,29962.5,,independent,,2026-07-20 11:54:16.855130
CASE_002184,CUST_01233,SUB_001233,subscription,subscription_failed,7277.96,expired_instrument,independent,,2026-03-02 20:32:16.264603
CASE_002185,CUST_01233,CHK_002013,checkout,checkout_abandoned,33016.09,,independent,,2026-06-05 19:36:16.695887
CASE_002186,CUST_01234,CHK_001340,checkout,checkout_abandoned,16106.82,,independent,,2026-06-02 06:01:16.551631
CASE_002187,CUST_01234,PAY_003355,payment,payment_failed,2470.89,temporary_bank_failure,independent,,2026-06-04 20:36:16.026242
CASE_002188,CUST_01234,PAY_003168,payment,payment_failed,3606.53,unknown_failure,independent,,2026-07-07 10:26:16.018219
CASE_002189,CUST_01235,SUB_001235,subscription,subscription_failed,5335.47,temporary_bank_failure,independent,,2026-03-08 20:32:16.264603
CASE_002190,CUST_01236,PAY_003987,payment,payment_failed,17798.76,limit_exceeded,independent,,2026-06-03 18:09:16.054832
CASE_002191,CUST_01237,PAY_003161,payment,payment_failed,7121.96,temporary_bank_failure,independent,,2026-06-02 03:43:16.018219
CASE_002192,CUST_01237,CHK_000275,checkout,checkout_abandoned,18226.75,,independent,,2026-06-23 05:57:16.042895
CASE_002193,CUST_01237,CHK_001036,checkout,checkout_abandoned,4278.49,,independent,,2026-06-29 12:56:16.494438
CASE_002194,CUST_01237,CHK_002673,checkout,checkout_abandoned,11328.49,,independent,,2026-07-10 17:28:16.823241
CASE_002195,CUST_01238,INV_001238,invoice,invoice_overdue,17976.83,expired_instrument,independent,,2026-06-19 20:32:17.071137
CASE_002196,CUST_01238,CHK_003466,checkout,checkout_abandoned,14633.68,,independent,,2026-07-11 18:40:16.004535
CASE_002197,CUST_01238,CHK_002084,checkout,checkout_abandoned,4193.52,,independent,,2026-07-29 11:09:16.709099
CASE_002198,CUST_01238,PAY_001215,payment,payment_failed,9489.23,insufficient_funds,independent,,2026-08-02 07:51:15.894616
CASE_002199,CUST_01239,PAY_000265,payment,payment_failed,35715.22,authentication_failed,independent,,2026-06-08 09:46:15.805543
CASE_002200,CUST_01239,INV_001239,invoice,invoice_overdue,72001.57,authentication_failed,independent,,2026-07-10 20:32:17.071137
CASE_002201,CUST_01239,PAY_004942,payment,payment_failed,31053.98,risk_decline,independent,,2026-07-27 09:46:16.095770
CASE_002202,CUST_01239,CHK_000602,checkout,checkout_abandoned,16568.32,,independent,,2026-07-28 01:19:16.427944
CASE_002203,CUST_01239,PAY_006656,payment,payment_failed,24690.23,insufficient_funds,independent,,2026-08-12 17:28:16.177504
CASE_002204,CUST_01240,CHK_000151,checkout,checkout_abandoned,44196.22,,independent,,2026-06-11 15:29:16.340649
CASE_002205,CUST_01241,SUB_001241,subscription,subscription_failed,4307.5,expired_instrument,independent,,2026-05-16 20:32:16.265664
CASE_002206,CUST_01242,CHK_002855,checkout,checkout_abandoned,18415.02,,independent,,2026-06-02 04:56:16.854035
CASE_002207,CUST_01244,PAY_001143,payment,payment_failed,14524.6,limit_exceeded,independent,,2026-07-08 21:43:15.890862
CASE_002208,CUST_01245,CHK_001786,checkout,checkout_abandoned,49467.9,,independent,,2026-08-16 22:47:16.657792
CASE_002209,CUST_01245,CHK_003312,checkout,checkout_abandoned,15996.18,,independent,,2026-08-17 00:38:16.950512
CASE_002210,CUST_01246,CHK_000984,checkout,checkout_abandoned,75610.77,,independent,,2026-07-05 06:16:16.487741
CASE_002211,CUST_01247,CHK_002244,checkout,checkout_abandoned,14991.3,,independent,,2026-05-29 03:08:16.740492
CASE_002212,CUST_01247,SUB_001247,subscription,subscription_failed,5809.72,unknown_failure,independent,,2026-07-12 20:32:16.265664
CASE_002213,CUST_01248,INV_001248,invoice,invoice_overdue,121116.9,temporary_bank_failure,independent,,2026-06-19 20:32:17.072285
CASE_002214,CUST_01248,PAY_003359,payment,payment_failed,77169.26,timeout,independent,,2026-06-29 18:38:16.026242
CASE_002215,CUST_01248,SUB_001248,subscription,subscription_failed,24542.69,temporary_bank_failure,independent,,2026-08-07 20:32:16.265664
CASE_002216,CUST_01250,INV_001250,invoice,invoice_overdue,5147.03,timeout,independent,,2026-05-29 20:32:17.072285
CASE_002217,CUST_01251,INV_001251,invoice,invoice_overdue,11237.02,insufficient_funds,independent,,2026-03-23 20:32:17.072285
CASE_002218,CUST_01251,SUB_001251,subscription,subscription_failed,5965.72,limit_exceeded,independent,,2026-06-23 20:32:16.265664
CASE_002219,CUST_01251,CHK_002451,checkout,checkout_abandoned,26220.6,,independent,,2026-06-25 19:56:15.902171
CASE_002220,CUST_01252,CHK_001826,checkout,checkout_abandoned,24228.75,,independent,,2026-08-13 06:24:16.665705
CASE_002221,CUST_01253,SUB_001253,subscription,subscription_failed,5218.97,limit_exceeded,independent,,2026-04-13 20:32:16.265664
CASE_002222,CUST_01254,CHK_003066,checkout,checkout_abandoned,10613.95,,independent,,2026-05-27 13:39:16.898836
CASE_002223,CUST_01255,SUB_001255,subscription,subscription_failed,5966.93,insufficient_funds,independent,,2026-07-22 20:32:16.265664
CASE_002224,CUST_01256,PAY_001983,payment,payment_failed,9296.8,timeout,independent,,2026-07-19 05:11:15.948020
CASE_002225,CUST_01257,INV_001257,invoice,invoice_overdue,63821.92,risk_decline,independent,,2026-05-26 20:32:17.072285
CASE_002226,CUST_01257,PAY_000145,payment,payment_failed,1363.62,expired_instrument,independent,,2026-06-15 13:01:15.798035
CASE_002227,CUST_01257,CHK_001219,checkout,checkout_abandoned,19270.65,,independent,,2026-07-03 12:47:16.530680
CASE_002228,CUST_01258,PAY_004488,payment,payment_failed,5138.34,authentication_failed,independent,,2026-07-22 04:11:16.076723
CASE_002229,CUST_01258,CHK_000030,checkout,checkout_abandoned,39462.74,,independent,,2026-08-14 03:13:16.316920
CASE_002230,CUST_01259,INV_001259,invoice,invoice_overdue,65010.14,unknown_failure,independent,,2026-05-25 20:32:17.072285
CASE_002231,CUST_01259,CHK_001091,checkout,checkout_abandoned,41107.63,,independent,,2026-07-27 05:46:16.504267
CASE_002232,CUST_01260,SUB_001260,subscription,subscription_failed,5891.04,temporary_bank_failure,independent,,2026-05-24 20:32:16.266760
CASE_002233,CUST_01260,PAY_000126,payment,payment_failed,19490.08,temporary_bank_failure,independent,,2026-06-02 13:27:15.796935
CASE_002234,CUST_01261,CHK_001020,checkout,checkout_abandoned,43776.74,,independent,,2026-08-07 00:11:16.491104
CASE_002235,CUST_01261,PAY_003289,payment,payment_failed,23114.8,blocked_instrument,independent,,2026-08-20 05:47:16.023746
CASE_002236,CUST_01262,CHK_002015,checkout,checkout_abandoned,15223.04,,independent,,2026-07-15 02:42:16.172026
CASE_002237,CUST_01263,CHK_000869,checkout,checkout_abandoned,47354.38,,independent,,2026-07-16 14:20:16.470115
CASE_002238,CUST_01263,INV_001263,invoice,invoice_overdue,5296.11,temporary_bank_failure,independent,,2026-08-06 20:32:17.072285
CASE_002239,CUST_01263,SUB_001263,subscription,subscription_failed,7771.36,authentication_failed,independent,,2026-08-23 20:32:16.266760
CASE_002240,CUST_01264,INV_001264,invoice,invoice_overdue,133158.05,temporary_bank_failure,independent,,2026-06-23 20:32:17.072285
CASE_002241,CUST_01264,SUB_001264,subscription,subscription_failed,14071.63,insufficient_funds,independent,,2026-06-24 20:32:16.266760
CASE_002242,CUST_01264,CHK_000954,checkout,checkout_abandoned,42422.89,,independent,,2026-07-19 07:20:16.485555
CASE_002243,CUST_01265,PAY_004343,payment,payment_failed,9869.44,risk_decline,independent,,2026-07-27 13:15:16.070229
CASE_002244,CUST_01265,PAY_002047,payment,payment_failed,800.98,unknown_failure,independent,,2026-07-30 12:05:15.951010
CASE_002245,CUST_01265,CHK_002256,checkout,checkout_abandoned,5073.26,,independent,,2026-08-20 08:34:16.743783
CASE_002246,CUST_01265,PAY_001968,payment,payment_failed,10086.39,risk_decline,independent,,2026-08-21 05:18:15.947023
CASE_002247,CUST_01267,CHK_000672,checkout,checkout_abandoned,29534.74,,independent,,2026-07-15 05:10:16.437090
CASE_002248,CUST_01268,CHK_002695,checkout,checkout_abandoned,38855.02,,independent,,2026-06-03 16:02:16.827228
CASE_002249,CUST_01269,SUB_001269,subscription,subscription_failed,12205.12,authentication_failed,independent,,2026-05-23 20:32:16.266760
CASE_002250,CUST_01269,CHK_000859,checkout,checkout_abandoned,1330.83,,independent,,2026-06-14 05:38:16.466831
CASE_002251,CUST_01269,INV_001269,invoice,invoice_overdue,74635.46,timeout,independent,,2026-06-30 20:32:17.072285
CASE_002252,CUST_01272,INV_001272,invoice,invoice_overdue,36220.14,limit_exceeded,independent,,2026-04-09 20:32:17.073531
CASE_002253,CUST_01272,CHK_003450,checkout,checkout_abandoned,22946.35,,independent,,2026-06-08 11:19:16.978390
CASE_002254,CUST_01273,CHK_000823,checkout,checkout_abandoned,8660.61,,independent,,2026-07-05 00:35:16.463545
CASE_002255,CUST_01273,PAY_003931,payment,payment_failed,49747.02,insufficient_funds,independent,,2026-08-10 19:33:16.052224
CASE_002256,CUST_01274,PAY_001798,payment,payment_failed,27772.38,timeout,independent,,2026-05-27 20:00:15.936493
CASE_002257,CUST_01274,INV_001274,invoice,invoice_overdue,74502.77,temporary_bank_failure,independent,,2026-05-28 20:32:17.073531
CASE_002258,CUST_01274,PAY_004324,payment,payment_failed,41640.53,timeout,independent,,2026-06-13 05:51:16.069125
CASE_002259,CUST_01274,CHK_000775,checkout,checkout_abandoned,6495.51,,independent,,2026-07-29 01:35:16.456860
CASE_002260,CUST_01275,PAY_003448,payment,payment_failed,22810.86,unknown_failure,independent,,2026-07-18 21:26:16.030632
CASE_002261,CUST_01276,PAY_002095,payment,payment_failed,93006.15,unknown_failure,independent,,2026-06-20 14:50:15.953003
CASE_002262,CUST_01278,SUB_001278,subscription,subscription_failed,2294.71,temporary_bank_failure,independent,,2026-06-23 20:32:16.266760
CASE_002263,CUST_01278,PAY_000097,payment,payment_failed,14308.66,temporary_bank_failure,independent,,2026-07-12 02:02:15.795834
CASE_002264,CUST_01280,CHK_001423,checkout,checkout_abandoned,32857.17,,independent,,2026-05-31 21:10:16.570302
CASE_002265,CUST_01280,CHK_002327,checkout,checkout_abandoned,21260.43,,independent,,2026-08-01 08:31:16.751469
CASE_002266,CUST_01281,INV_001281,invoice,invoice_overdue,69171.02,expired_instrument,independent,,2026-06-14 20:32:17.073531
CASE_002267,CUST_01281,CHK_000930,checkout,checkout_abandoned,41205.82,,independent,,2026-07-23 01:11:16.481124
CASE_002268,CUST_01282,INV_001282,invoice,invoice_overdue,5755.32,authentication_failed,independent,,2026-06-20 20:32:17.073531
CASE_002269,CUST_01282,CHK_002824,checkout,checkout_abandoned,33566.51,,independent,,2026-08-06 17:48:16.849634
CASE_002270,CUST_01283,PAY_000811,payment,payment_failed,5332.58,temporary_bank_failure,independent,,2026-06-27 13:52:15.867714
CASE_002271,CUST_01283,PAY_000847,payment,payment_failed,12492.76,blocked_instrument,independent,,2026-07-06 15:10:15.868693
CASE_002272,CUST_01283,CHK_000174,checkout,checkout_abandoned,46866.75,,independent,,2026-08-10 10:18:16.343955
CASE_002273,CUST_01285,CHK_001855,checkout,checkout_abandoned,33879.47,,independent,,2026-05-28 06:26:16.672296
CASE_002274,CUST_01286,PAY_001541,payment,payment_failed,17969.81,blocked_instrument,independent,,2026-06-18 03:08:15.917230
CASE_002275,CUST_01287,CHK_003491,checkout,checkout_abandoned,18829.4,,independent,,2026-07-19 15:37:16.985862
CASE_002276,CUST_01288,PAY_002135,payment,payment_failed,38596.03,temporary_bank_failure,independent,,2026-08-19 02:39:15.955994
CASE_002277,CUST_01288,CHK_001196,checkout,checkout_abandoned,40319.26,,independent,,2026-08-20 02:34:16.526306
CASE_002278,CUST_01289,SUB_001289,subscription,subscription_failed,16030.01,temporary_bank_failure,independent,,2026-05-22 20:32:16.267856
CASE_002279,CUST_01289,INV_001289,invoice,invoice_overdue,12787.63,temporary_bank_failure,independent,,2026-05-24 20:32:17.073531
CASE_002280,CUST_01290,SUB_001290,subscription,subscription_failed,13188.22,insufficient_funds,independent,,2026-04-05 20:32:16.267856
CASE_002281,CUST_01290,CHK_003189,checkout,checkout_abandoned,10267.99,,independent,,2026-05-29 19:30:16.095770
CASE_002282,CUST_01291,PAY_005182,payment,payment_failed,15562.14,insufficient_funds,independent,,2026-07-05 02:50:16.106760
CASE_002283,CUST_01291,CHK_002661,checkout,checkout_abandoned,19149.65,,independent,,2026-07-18 09:20:16.819255
CASE_002284,CUST_01291,CHK_001192,checkout,checkout_abandoned,12411.19,,independent,,2026-07-19 01:14:16.526306
CASE_002285,CUST_01291,CHK_002842,checkout,checkout_abandoned,9951.76,,independent,,2026-07-31 15:31:16.852913
CASE_002286,CUST_01291,CHK_003037,checkout,checkout_abandoned,18521.22,,independent,,2026-08-01 06:10:15.934330
CASE_002287,CUST_01291,CHK_001335,checkout,checkout_abandoned,19541.28,,independent,,2026-08-01 08:08:15.934330
CASE_002288,CUST_01292,INV_001292,invoice,invoice_overdue,55390.62,insufficient_funds,independent,,2026-07-14 20:32:17.074549
CASE_002289,CUST_01292,SUB_001292,subscription,subscription_failed,10767.79,temporary_bank_failure,independent,,2026-08-13 20:32:16.267856
CASE_002290,CUST_01293,CHK_001249,checkout,checkout_abandoned,2442.82,,independent,,2026-06-19 00:54:16.535059
CASE_002291,CUST_01294,INV_001294,invoice,invoice_overdue,60717.74,risk_decline,independent,,2026-03-15 20:32:17.074549
CASE_002292,CUST_01294,CHK_002212,checkout,checkout_abandoned,28097.15,,independent,,2026-06-20 01:38:16.732494
CASE_002293,CUST_01295,INV_001295,invoice,invoice_overdue,7115.03,expired_instrument,independent,,2026-06-25 20:32:17.074549
CASE_002294,CUST_01296,PAY_000794,payment,payment_failed,8913.89,risk_decline,independent,,2026-08-08 15:15:15.866685
CASE_002295,CUST_01297,INV_001297,invoice,invoice_overdue,71930.97,temporary_bank_failure,independent,,2026-03-27 20:32:17.074549
CASE_002296,CUST_01297,SUB_001297,subscription,subscription_failed,5406.6,limit_exceeded,independent,,2026-04-24 20:32:16.267856
CASE_002297,CUST_01298,PAY_004762,payment,payment_failed,25353.12,insufficient_funds,independent,,2026-07-20 00:09:16.088099
CASE_002298,CUST_01298,PAY_003516,payment,payment_failed,46302.73,insufficient_funds,independent,,2026-08-23 23:19:16.033923
CASE_002299,CUST_01301,CHK_002122,checkout,checkout_abandoned,27762.4,,independent,,2026-07-20 15:07:16.718018
CASE_002300,CUST_01301,PAY_006960,payment,payment_failed,30064.22,insufficient_funds,independent,,2026-07-24 21:14:16.190976
CASE_002301,CUST_01301,CHK_000235,checkout,checkout_abandoned,15081.14,,independent,,2026-07-29 20:36:16.357134
CASE_002302,CUST_01301,CHK_001112,checkout,checkout_abandoned,7613.32,,independent,,2026-08-11 00:22:16.047537
CASE_002303,CUST_01301,CHK_003064,checkout,checkout_abandoned,6995.38,,independent,,2026-08-11 06:09:16.047537
CASE_002304,CUST_01303,INV_001303,invoice,invoice_overdue,74064.59,blocked_instrument,independent,,2026-06-14 20:32:17.074549
CASE_002305,CUST_01303,SUB_001303,subscription,subscription_failed,5072.32,temporary_bank_failure,independent,,2026-07-17 20:32:16.268945
CASE_002306,CUST_01303,CHK_003430,checkout,checkout_abandoned,32963.85,,independent,,2026-08-13 05:31:16.973212
CASE_002307,CUST_01304,SUB_001304,subscription,subscription_failed,7173.33,temporary_bank_failure,independent,,2026-05-16 20:32:16.268945
CASE_002308,CUST_01304,CHK_002496,checkout,checkout_abandoned,11416.97,,independent,,2026-08-04 05:17:16.044031
CASE_002309,CUST_01306,SUB_001306,subscription,subscription_failed,4240.57,temporary_bank_failure,independent,,2026-07-14 20:32:16.268945
CASE_002310,CUST_01308,SUB_001308,subscription,subscription_failed,963.26,temporary_bank_failure,independent,,2026-05-13 20:32:16.268945
CASE_002311,CUST_01309,PAY_006991,payment,payment_failed,33127.89,timeout,independent,,2026-06-10 04:18:16.192076
CASE_002312,CUST_01309,CHK_000227,checkout,checkout_abandoned,33646.31,,independent,,2026-07-27 12:16:16.353827
CASE_002313,CUST_01310,PAY_003308,payment,payment_failed,15419.22,temporary_bank_failure,independent,,2026-07-11 22:16:16.023746
CASE_002314,CUST_01310,PAY_000611,payment,payment_failed,19491.8,insufficient_funds,independent,,2026-07-21 06:41:15.855172
CASE_002315,CUST_01311,CHK_002028,checkout,checkout_abandoned,15273.6,,independent,,2026-08-19 20:34:16.699177
CASE_002316,CUST_01312,CHK_001927,checkout,checkout_abandoned,12752.87,,independent,,2026-05-30 01:44:16.683604
CASE_002317,CUST_01315,SUB_001315,subscription,subscription_failed,10273.34,unknown_failure,independent,,2026-06-20 20:32:16.268945
CASE_002318,CUST_01316,CHK_000440,checkout,checkout_abandoned,44585.25,,independent,,2026-06-16 19:38:16.399673
CASE_002319,CUST_01317,CHK_001972,checkout,checkout_abandoned,7890.81,,independent,,2026-05-27 22:46:16.689082
CASE_002320,CUST_01317,SUB_001317,subscription,subscription_failed,14220.37,timeout,independent,,2026-05-29 20:32:16.268945
CASE_002321,CUST_01317,INV_001317,invoice,invoice_overdue,5756.49,timeout,independent,,2026-06-04 20:32:17.075544
CASE_002322,CUST_01318,INV_001318,invoice,invoice_overdue,56404.1,temporary_bank_failure,independent,,2026-07-10 20:32:17.075544
CASE_002323,CUST_01319,PAY_004455,payment,payment_failed,3770.54,insufficient_funds,independent,,2026-06-08 01:46:16.074624
CASE_002324,CUST_01319,PAY_005216,payment,payment_failed,20244.71,insufficient_funds,independent,,2026-08-18 00:25:16.107855
CASE_002325,CUST_01321,CHK_001056,checkout,checkout_abandoned,28464.47,,independent,,2026-05-27 17:24:16.499895
CASE_002326,CUST_01321,CHK_002590,checkout,checkout_abandoned,49980.45,,independent,,2026-07-14 20:37:16.804304
CASE_002327,CUST_01321,CHK_001467,checkout,checkout_abandoned,37053.44,,independent,,2026-07-27 00:18:16.575790
CASE_002328,CUST_01322,PAY_000643,payment,payment_failed,17367.19,blocked_instrument,independent,,2026-05-29 20:16:15.858179
CASE_002329,CUST_01322,CHK_001460,checkout,checkout_abandoned,11447.02,,independent,,2026-06-22 13:48:16.575790
CASE_002330,CUST_01323,SUB_001323,subscription,subscription_failed,10072.74,insufficient_funds,independent,,2026-03-05 20:32:16.270051
CASE_002331,CUST_01323,INV_001323,invoice,invoice_overdue,16262.46,risk_decline,independent,,2026-05-02 20:32:17.075544
CASE_002332,CUST_01323,CHK_002198,checkout,checkout_abandoned,40275.47,,independent,,2026-08-15 16:51:16.729120
CASE_002333,CUST_01324,PAY_006224,payment,payment_failed,16254.11,temporary_bank_failure,independent,,2026-06-29 02:54:16.156461
CASE_002334,CUST_01324,PAY_001975,payment,payment_failed,44369.46,timeout,independent,,2026-08-07 10:20:15.948020
CASE_002335,CUST_01325,SUB_001325,subscription,subscription_failed,14187.77,insufficient_funds,independent,,2026-06-16 20:32:16.270051
CASE_002336,CUST_01326,SUB_001326,subscription,subscription_failed,12925.83,temporary_bank_failure,independent,,2026-06-13 20:32:16.270051
CASE_002337,CUST_01326,PAY_000587,payment,payment_failed,32288.08,temporary_bank_failure,independent,,2026-07-31 11:47:15.854100
CASE_002338,CUST_01326,INV_001326,invoice,invoice_overdue,28550.96,authentication_failed,independent,,2026-08-05 20:32:17.075544
CASE_002339,CUST_01328,INV_001328,invoice,invoice_overdue,6934.09,insufficient_funds,independent,,2026-03-07 20:32:17.075544
CASE_002340,CUST_01328,SUB_001328,subscription,subscription_failed,11384.34,risk_decline,independent,,2026-05-05 20:32:16.270051
CASE_002341,CUST_01328,CHK_002320,checkout,checkout_abandoned,48270.8,,independent,,2026-06-26 13:02:16.750371
CASE_002342,CUST_01329,SUB_001329,subscription,subscription_failed,6879.67,temporary_bank_failure,independent,,2026-03-16 20:32:16.270051
CASE_002343,CUST_01329,CHK_002711,checkout,checkout_abandoned,31356.56,,independent,,2026-06-06 21:23:16.006577
CASE_002344,CUST_01330,CHK_000641,checkout,checkout_abandoned,20056.54,,independent,,2026-08-02 01:02:16.433788
CASE_002345,CUST_01332,SUB_001332,subscription,subscription_failed,13960.2,blocked_instrument,independent,,2026-05-15 20:32:16.270051
CASE_002346,CUST_01332,CHK_001891,checkout,checkout_abandoned,16770.97,,independent,,2026-06-01 05:57:16.678106
CASE_002347,CUST_01332,INV_001332,invoice,invoice_overdue,68784.24,unknown_failure,independent,,2026-06-15 20:32:17.075544
CASE_002348,CUST_01332,CHK_000198,checkout,checkout_abandoned,29919.88,,independent,,2026-07-28 14:01:16.348340
CASE_002349,CUST_01333,CHK_002507,checkout,checkout_abandoned,19617.21,,independent,,2026-07-16 19:42:16.789355
CASE_002350,CUST_01333,CHK_000744,checkout,checkout_abandoned,24745.16,,independent,,2026-07-29 08:30:16.452484
CASE_002351,CUST_01334,CHK_000103,checkout,checkout_abandoned,44533.42,,independent,,2026-06-08 00:45:16.333840
CASE_002352,CUST_01334,CHK_001341,checkout,checkout_abandoned,29248.29,,independent,,2026-06-18 02:12:16.551631
CASE_002353,CUST_01335,PAY_000292,payment,payment_failed,37783.14,risk_decline,independent,,2026-07-15 14:50:15.808261
CASE_002354,CUST_01335,CHK_003084,checkout,checkout_abandoned,37140.98,,independent,,2026-07-17 12:17:16.902117
CASE_002355,CUST_01336,SUB_001336,subscription,subscription_failed,7106.2,timeout,independent,,2026-08-24 20:32:16.270051
CASE_002356,CUST_01337,SUB_001337,subscription,subscription_failed,11032.07,unknown_failure,independent,,2026-08-20 20:32:16.270051
CASE_002357,CUST_01338,PAY_000182,payment,payment_failed,8831.11,temporary_bank_failure,independent,,2026-07-30 16:07:15.800228
CASE_002358,CUST_01339,PAY_002231,payment,payment_failed,43378.39,insufficient_funds,independent,,2026-06-06 01:25:15.959980
CASE_002359,CUST_01341,PAY_003396,payment,payment_failed,25887.65,insufficient_funds,independent,,2026-07-23 05:35:16.028439
CASE_002360,CUST_01342,INV_001342,invoice,invoice_overdue,18012.07,temporary_bank_failure,independent,,2026-06-07 20:32:17.076540
CASE_002361,CUST_01343,CHK_002398,checkout,checkout_abandoned,25042.56,,independent,,2026-07-26 15:21:16.768425
CASE_002362,CUST_01345,PAY_003363,payment,payment_failed,29659.36,authentication_failed,independent,,2026-06-02 23:04:16.027342
CASE_002363,CUST_01345,CHK_003319,checkout,checkout_abandoned,12692.61,,independent,,2026-07-29 01:59:16.951618
CASE_002364,CUST_01345,INV_001345,invoice,invoice_overdue,32858.1,authentication_failed,independent,,2026-08-24 20:32:17.077537
CASE_002365,CUST_01346,CHK_000128,checkout,checkout_abandoned,93843.1,,independent,,2026-07-30 01:01:16.336167
CASE_002366,CUST_01347,CHK_002784,checkout,checkout_abandoned,73025.82,,independent,,2026-08-18 12:32:16.028439
CASE_002367,CUST_01347,CHK_001291,checkout,checkout_abandoned,77131.32,,independent,,2026-08-18 16:27:16.028439
CASE_002368,CUST_01347,CHK_002118,checkout,checkout_abandoned,77013.6,,independent,,2026-08-18 17:17:16.028439
CASE_002369,CUST_01349,SUB_001349,subscription,subscription_failed,9913.11,risk_decline,independent,,2026-03-15 20:32:16.271150
CASE_002370,CUST_01349,INV_001349,invoice,invoice_overdue,67289.32,blocked_instrument,independent,,2026-08-10 20:32:17.077537
CASE_002371,CUST_01350,CHK_002308,checkout,checkout_abandoned,26268.56,,independent,,2026-05-31 19:59:16.749273
CASE_002372,CUST_01350,PAY_006381,payment,payment_failed,16332.06,risk_decline,independent,,2026-06-09 04:54:16.165448
CASE_002373,CUST_01350,SUB_001350,subscription,subscription_failed,8252.69,temporary_bank_failure,independent,,2026-07-03 20:32:16.271150
CASE_002374,CUST_01350,CHK_002172,checkout,checkout_abandoned,27854.68,,independent,,2026-07-12 08:19:16.725133
CASE_002375,CUST_01350,PAY_002829,payment,payment_failed,36555.46,temporary_bank_failure,independent,,2026-08-14 10:23:15.998426
CASE_002376,CUST_01351,CHK_001614,checkout,checkout_abandoned,48755.96,,independent,,2026-08-16 01:41:16.623906
CASE_002377,CUST_01352,PAY_001913,payment,payment_failed,7293.97,insufficient_funds,independent,,2026-06-18 20:58:15.944669
CASE_002378,CUST_01352,CHK_002585,checkout,checkout_abandoned,91505.75,,independent,,2026-07-13 07:38:16.803308
CASE_002379,CUST_01353,CHK_001938,checkout,checkout_abandoned,50885.6,,independent,,2026-07-05 20:32:16.685788
CASE_002380,CUST_01356,CHK_003236,checkout,checkout_abandoned,5965.37,,independent,,2026-08-04 13:24:16.937261
CASE_002381,CUST_01358,SUB_001358,subscription,subscription_failed,7138.34,temporary_bank_failure,independent,,2026-03-05 20:32:16.271150
CASE_002382,CUST_01358,CHK_000813,checkout,checkout_abandoned,34583.15,,independent,,2026-08-17 01:36:16.091395
CASE_002383,CUST_01359,INV_001359,invoice,invoice_overdue,72361.89,blocked_instrument,independent,,2026-05-17 20:32:17.077537
CASE_002384,CUST_01360,INV_001360,invoice,invoice_overdue,24405.68,insufficient_funds,independent,,2026-04-10 20:32:17.077537
CASE_002385,CUST_01361,CHK_001518,checkout,checkout_abandoned,26833.65,,independent,,2026-06-26 19:44:16.585723
CASE_002386,CUST_01361,CHK_002165,checkout,checkout_abandoned,46388.72,,independent,,2026-07-28 03:33:16.725133
CASE_002387,CUST_01361,PAY_000361,payment,payment_failed,27520.54,blocked_instrument,independent,,2026-08-25 09:45:15.812958
CASE_002388,CUST_01362,CHK_000805,checkout,checkout_abandoned,9815.3,,independent,,2026-06-17 09:37:16.461355
CASE_002389,CUST_01362,SUB_001362,subscription,subscription_failed,1079.12,unknown_failure,independent,,2026-06-29 20:32:16.271150
CASE_002390,CUST_01363,CHK_002073,checkout,checkout_abandoned,18995.19,,independent,,2026-08-15 10:51:16.707998
CASE_002391,CUST_01364,INV_001364,invoice,invoice_overdue,20771.73,risk_decline,independent,,2026-03-19 20:32:17.077537
CASE_002392,CUST_01364,CHK_002002,checkout,checkout_abandoned,43008.1,,independent,,2026-07-03 12:59:16.695887
CASE_002393,CUST_01365,CHK_002270,checkout,checkout_abandoned,11100.53,,independent,,2026-07-05 06:13:16.743783
CASE_002394,CUST_01365,CHK_002803,checkout,checkout_abandoned,42371.75,,independent,,2026-08-12 12:27:16.846165
CASE_002395,CUST_01366,CHK_000607,checkout,checkout_abandoned,33093.07,,independent,,2026-05-31 16:10:16.429372
CASE_002396,CUST_01367,CHK_000429,checkout,checkout_abandoned,4352.61,,independent,,2026-06-14 16:13:16.399673
CASE_002397,CUST_01368,CHK_003415,checkout,checkout_abandoned,15184.19,,independent,,2026-07-11 19:30:16.971685
CASE_002398,CUST_01368,PAY_001021,payment,payment_failed,43534.27,temporary_bank_failure,independent,,2026-08-09 15:35:15.881802
CASE_002399,CUST_01368,PAY_000287,payment,payment_failed,25923.73,insufficient_funds,independent,,2026-08-14 08:34:15.808261
CASE_002400,CUST_01368,PAY_005850,payment,payment_failed,49241.07,insufficient_funds,independent,,2026-08-19 01:38:16.135675
CASE_002401,CUST_01369,SUB_001369,subscription,subscription_failed,12284.66,unknown_failure,independent,,2026-06-25 20:32:16.272248
CASE_002402,CUST_01369,CHK_001982,checkout,checkout_abandoned,20454.1,,independent,,2026-08-20 18:06:16.690334
CASE_002403,CUST_01370,CHK_002933,checkout,checkout_abandoned,48010.33,,independent,,2026-05-27 05:10:16.869450
CASE_002404,CUST_01370,SUB_001370,subscription,subscription_failed,6757.72,temporary_bank_failure,independent,,2026-07-30 20:32:16.272248
CASE_002405,CUST_01371,CHK_002568,checkout,checkout_abandoned,37841.18,,independent,,2026-07-15 04:20:16.802312
CASE_002406,CUST_01371,INV_001371,invoice,invoice_overdue,47987.8,unknown_failure,independent,,2026-08-18 20:32:17.078534
CASE_002407,CUST_01372,PAY_002313,payment,payment_failed,32972.51,insufficient_funds,independent,,2026-06-23 09:44:15.964527
CASE_002408,CUST_01376,CHK_001148,checkout,checkout_abandoned,4269.78,,independent,,2026-06-17 09:12:16.516359
CASE_002409,CUST_01377,SUB_001377,subscription,subscription_failed,14255.95,insufficient_funds,independent,,2026-05-12 20:32:16.272248
CASE_002410,CUST_01377,CHK_003012,checkout,checkout_abandoned,17206.08,,independent,,2026-05-27 04:00:16.882326
CASE_002411,CUST_01378,CHK_000852,checkout,checkout_abandoned,14402.55,,independent,,2026-08-01 11:45:16.466831
CASE_002412,CUST_01381,SUB_001381,subscription,subscription_failed,5997.94,timeout,independent,,2026-07-18 20:32:16.272248
CASE_002413,CUST_01381,CHK_002674,checkout,checkout_abandoned,24318.8,,independent,,2026-07-26 22:10:16.823241
CASE_002414,CUST_01382,SUB_001382,subscription,subscription_failed,13728.4,expired_instrument,independent,,2026-05-23 20:32:16.272248
CASE_002415,CUST_01382,PAY_004398,payment,payment_failed,36502.69,unknown_failure,independent,,2026-08-23 01:01:16.072413
CASE_002416,CUST_01384,PAY_000183,payment,payment_failed,13051.79,insufficient_funds,independent,,2026-07-07 22:09:15.800228
CASE_002417,CUST_01385,CHK_002155,checkout,checkout_abandoned,9132.75,,independent,,2026-06-01 04:24:16.083515
CASE_002418,CUST_01385,CHK_002528,checkout,checkout_abandoned,38838.01,,independent,,2026-06-24 11:32:16.793342
CASE_002419,CUST_01385,CHK_003167,checkout,checkout_abandoned,33728.47,,independent,,2026-08-06 17:39:16.925077
CASE_002420,CUST_01386,INV_001386,invoice,invoice_overdue,136828.86,expired_instrument,independent,,2026-06-29 20:32:17.078534
CASE_002421,CUST_01386,PAY_001762,payment,payment_failed,60298.07,temporary_bank_failure,independent,,2026-07-25 15:54:15.933265
CASE_002422,CUST_01387,PAY_003208,payment,payment_failed,63046.03,blocked_instrument,independent,,2026-08-13 15:06:16.020411
CASE_002423,CUST_01389,CHK_001708,checkout,checkout_abandoned,37309.4,,independent,,2026-06-05 02:47:16.644835
CASE_002424,CUST_01390,INV_001390,invoice,invoice_overdue,66528.49,timeout,independent,,2026-04-06 20:32:17.079530
CASE_002425,CUST_01391,PAY_003127,payment,payment_failed,17380.5,temporary_bank_failure,independent,,2026-07-04 06:35:16.017114
CASE_002426,CUST_01391,CHK_001398,checkout,checkout_abandoned,15405.03,,independent,,2026-07-16 07:28:16.565884
CASE_002427,CUST_01392,PAY_006837,payment,payment_failed,12940.22,authentication_failed,independent,,2026-08-08 07:07:16.185492
CASE_002428,CUST_01392,CHK_002254,checkout,checkout_abandoned,11225.75,,independent,,2026-08-18 21:37:16.742685
CASE_002429,CUST_01393,PAY_002937,payment,payment_failed,38850.26,expired_instrument,independent,,2026-07-01 07:01:16.006577
CASE_002430,CUST_01393,PAY_004016,payment,payment_failed,20315.06,temporary_bank_failure,independent,,2026-08-02 00:54:16.055991
CASE_002431,CUST_01394,INV_001394,invoice,invoice_overdue,28642.34,limit_exceeded,independent,,2026-08-25 20:32:17.079530
CASE_002432,CUST_01395,SUB_001395,subscription,subscription_failed,6262.81,blocked_instrument,independent,,2026-03-05 20:32:16.273467
CASE_002433,CUST_01397,CHK_001498,checkout,checkout_abandoned,21614.74,,independent,,2026-08-04 21:44:16.581294
CASE_002434,CUST_01398,SUB_001398,subscription,subscription_failed,5662.46,timeout,independent,,2026-03-08 20:32:16.273467
CASE_002435,CUST_01398,INV_001398,invoice,invoice_overdue,68144.77,temporary_bank_failure,independent,,2026-08-20 20:32:17.079530
CASE_002436,CUST_01400,CHK_001545,checkout,checkout_abandoned,35633.41,,independent,,2026-08-23 19:03:16.592326
CASE_002437,CUST_01401,CHK_000791,checkout,checkout_abandoned,49578.5,,independent,,2026-07-03 04:40:16.459056
CASE_002438,CUST_01401,PAY_000470,payment,payment_failed,46692.55,authentication_failed,independent,,2026-07-18 10:19:15.841542
CASE_002439,CUST_01401,PAY_004223,payment,payment_failed,48555.92,temporary_bank_failure,independent,,2026-07-20 23:27:16.064741
CASE_002440,CUST_01401,CHK_000109,checkout,checkout_abandoned,38036.07,,independent,,2026-08-18 01:15:16.334938
CASE_002441,CUST_01402,SUB_001402,subscription,subscription_failed,5421.98,timeout,independent,,2026-03-07 20:32:16.273467
CASE_002442,CUST_01402,PAY_004642,payment,payment_failed,19570.0,timeout,independent,,2026-08-11 10:59:16.083515
CASE_002443,CUST_01403,CHK_001377,checkout,checkout_abandoned,14194.0,,independent,,2026-07-29 23:05:16.558194
CASE_002444,CUST_01403,SUB_001403,subscription,subscription_failed,1678.67,unknown_failure,independent,,2026-08-21 20:32:16.273467
CASE_002445,CUST_01404,PAY_002640,payment,payment_failed,19157.76,insufficient_funds,independent,,2026-06-01 02:56:15.985998
CASE_002446,CUST_01404,INV_001404,invoice,invoice_overdue,37382.43,insufficient_funds,independent,,2026-07-20 20:32:17.079530
CASE_002447,CUST_01404,CHK_001647,checkout,checkout_abandoned,46192.38,,independent,,2026-08-01 09:55:16.631879
CASE_002448,CUST_01405,CHK_003373,checkout,checkout_abandoned,3213.29,,independent,,2026-06-17 14:39:16.961417
CASE_002449,CUST_01405,PAY_005895,payment,payment_failed,33492.8,expired_instrument,independent,,2026-07-03 18:55:16.137864
CASE_002450,CUST_01405,CHK_003161,checkout,checkout_abandoned,36934.2,,independent,,2026-07-28 11:53:16.923888
CASE_002451,CUST_01406,SUB_001406,subscription,subscription_failed,3497.71,temporary_bank_failure,independent,,2026-05-19 20:32:16.273467
CASE_002452,CUST_01406,PAY_003443,payment,payment_failed,13916.68,temporary_bank_failure,independent,,2026-06-13 21:12:16.030632
CASE_002453,CUST_01407,PAY_001390,payment,payment_failed,3768.71,authentication_failed,independent,,2026-07-01 02:24:15.903167
CASE_002454,CUST_01407,SUB_001407,subscription,subscription_failed,7084.99,expired_instrument,independent,,2026-08-01 20:32:16.273467
CASE_002455,CUST_01408,INV_001408,invoice,invoice_overdue,14976.14,unknown_failure,independent,,2026-05-09 20:32:17.079530
CASE_002456,CUST_01408,CHK_000339,checkout,checkout_abandoned,37909.6,,independent,,2026-05-26 21:45:16.380257
CASE_002457,CUST_01408,CHK_000621,checkout,checkout_abandoned,43341.92,,independent,,2026-07-27 23:03:16.430481
CASE_002458,CUST_01408,PAY_005854,payment,payment_failed,36614.26,risk_decline,independent,,2026-08-05 03:24:16.135675
CASE_002459,CUST_01408,PAY_006525,payment,payment_failed,22881.05,temporary_bank_failure,independent,,2026-08-13 02:14:16.172026
CASE_002460,CUST_01409,SUB_001409,subscription,subscription_failed,1785.51,temporary_bank_failure,independent,,2026-05-14 20:32:16.273467
CASE_002461,CUST_01409,PAY_003980,payment,payment_failed,45918.11,timeout,independent,,2026-06-19 12:25:16.054832
CASE_002462,CUST_01410,INV_001410,invoice,invoice_overdue,51753.08,temporary_bank_failure,independent,,2026-06-12 20:32:17.080527
CASE_002463,CUST_01410,PAY_000358,payment,payment_failed,46873.07,insufficient_funds,independent,,2026-06-21 05:19:15.811865
CASE_002464,CUST_01412,CHK_002409,checkout,checkout_abandoned,47438.98,,independent,,2026-07-03 15:12:16.770418
CASE_002465,CUST_01412,INV_001412,invoice,invoice_overdue,67551.85,timeout,independent,,2026-08-19 20:32:17.080527
CASE_002466,CUST_01412,CHK_001205,checkout,checkout_abandoned,45164.27,,independent,,2026-08-20 22:48:16.528499
CASE_002467,CUST_01412,CHK_001125,checkout,checkout_abandoned,45825.49,,independent,,2026-08-22 02:39:16.511973
CASE_002468,CUST_01413,SUB_001413,subscription,subscription_failed,5665.46,temporary_bank_failure,independent,,2026-05-23 20:32:16.274557
CASE_002469,CUST_01413,CHK_001100,checkout,checkout_abandoned,11228.69,,independent,,2026-06-15 23:47:16.506600
CASE_002470,CUST_01414,SUB_001414,subscription,subscription_failed,6012.71,timeout,independent,,2026-03-04 20:32:16.274557
CASE_002471,CUST_01414,PAY_006792,payment,payment_failed,35086.69,unknown_failure,independent,,2026-05-28 18:51:16.183300
CASE_002472,CUST_01414,CHK_001785,checkout,checkout_abandoned,8782.82,,independent,,2026-06-18 18:00:16.657792
CASE_002473,CUST_01415,SUB_001415,subscription,subscription_failed,1725.18,risk_decline,independent,,2026-04-24 20:32:16.274557
CASE_002474,CUST_01415,INV_001415,invoice,invoice_overdue,20081.68,expired_instrument,independent,,2026-08-03 20:32:17.080527
CASE_002475,CUST_01417,CHK_002632,checkout,checkout_abandoned,42149.57,,independent,,2026-08-19 03:42:16.814271
CASE_002476,CUST_01418,PAY_005312,payment,payment_failed,36890.68,insufficient_funds,independent,,2026-07-26 17:57:16.112234
CASE_002477,CUST_01419,SUB_001419,subscription,subscription_failed,7731.21,insufficient_funds,independent,,2026-03-16 20:32:16.274557
CASE_002478,CUST_01419,CHK_000124,checkout,checkout_abandoned,46059.57,,independent,,2026-06-20 07:02:16.336167
CASE_002479,CUST_01420,INV_001420,invoice,invoice_overdue,35285.04,limit_exceeded,independent,,2026-08-23 20:32:17.080527
CASE_002480,CUST_01421,PAY_003493,payment,payment_failed,42428.85,risk_decline,independent,,2026-06-12 15:41:16.032831
CASE_002481,CUST_01421,SUB_001421,subscription,subscription_failed,4565.92,limit_exceeded,independent,,2026-06-27 20:32:16.274557
CASE_002482,CUST_01422,CHK_001466,checkout,checkout_abandoned,8769.28,,independent,,2026-08-01 08:33:16.575790
CASE_002483,CUST_01423,CHK_001069,checkout,checkout_abandoned,13016.76,,independent,,2026-06-15 16:43:16.500990
CASE_002484,CUST_01424,CHK_001088,checkout,checkout_abandoned,97576.29,,independent,,2026-06-08 14:10:16.504267
CASE_002485,CUST_01425,INV_001425,invoice,invoice_overdue,46444.57,temporary_bank_failure,independent,,2026-04-07 20:32:17.080527
CASE_002486,CUST_01425,CHK_001598,checkout,checkout_abandoned,30116.89,,independent,,2026-05-30 15:24:16.619583
CASE_002487,CUST_01426,CHK_001747,checkout,checkout_abandoned,18006.54,,independent,,2026-05-30 19:20:16.023746
CASE_002488,CUST_01426,CHK_000346,checkout,checkout_abandoned,22467.76,,independent,,2026-08-18 03:47:16.383620
CASE_002489,CUST_01428,PAY_003305,payment,payment_failed,30273.92,temporary_bank_failure,independent,,2026-06-26 18:01:16.023746
CASE_002490,CUST_01429,INV_001429,invoice,invoice_overdue,24836.93,insufficient_funds,independent,,2026-06-12 20:32:17.080527
CASE_002491,CUST_01429,SUB_001429,subscription,subscription_failed,7162.01,timeout,independent,,2026-07-24 20:32:16.274557
CASE_002492,CUST_01430,CHK_000691,checkout,checkout_abandoned,2357.04,,independent,,2026-06-20 11:30:16.441477
CASE_002493,CUST_01430,INV_001430,invoice,invoice_overdue,33318.35,authentication_failed,independent,,2026-08-15 20:32:17.081523
CASE_002494,CUST_01431,CHK_001749,checkout,checkout_abandoned,45627.7,,independent,,2026-06-25 04:06:16.651812
CASE_002495,CUST_01431,PAY_000911,payment,payment_failed,21834.69,insufficient_funds,independent,,2026-06-29 12:42:15.872191
CASE_002496,CUST_01431,SUB_001431,subscription,subscription_failed,3749.06,unknown_failure,independent,,2026-07-26 20:32:16.274557
CASE_002497,CUST_01431,CHK_003394,checkout,checkout_abandoned,29237.33,,independent,,2026-08-14 08:34:16.967982
CASE_002498,CUST_01432,CHK_001516,checkout,checkout_abandoned,22392.03,,independent,,2026-07-14 08:23:16.585723
CASE_002499,CUST_01432,PAY_006162,payment,payment_failed,18327.33,temporary_bank_failure,independent,,2026-08-19 03:48:16.152079
CASE_002500,CUST_01433,INV_001433,invoice,invoice_overdue,44314.7,blocked_instrument,independent,,2026-04-25 20:32:17.081523
CASE_002501,CUST_01433,SUB_001433,subscription,subscription_failed,8686.97,risk_decline,independent,,2026-07-13 20:32:16.275656
CASE_002502,CUST_01435,PAY_000469,payment,payment_failed,9075.26,authentication_failed,independent,,2026-06-13 11:49:15.841542
CASE_002503,CUST_01436,PAY_006450,payment,payment_failed,28677.89,temporary_bank_failure,independent,,2026-06-04 00:36:16.168737
CASE_002504,CUST_01436,CHK_002749,checkout,checkout_abandoned,40866.67,,independent,,2026-08-04 04:49:16.837195
CASE_002505,CUST_01437,INV_001437,invoice,invoice_overdue,14126.47,limit_exceeded,independent,,2026-05-23 20:32:17.081523
CASE_002506,CUST_01437,CHK_002388,checkout,checkout_abandoned,22195.73,,independent,,2026-07-15 11:00:16.764439
CASE_002507,CUST_01437,CHK_001794,checkout,checkout_abandoned,15402.59,,independent,,2026-08-06 21:37:16.659786
CASE_002508,CUST_01437,SUB_001437,subscription,subscription_failed,14651.85,authentication_failed,independent,,2026-08-14 20:32:16.275656
CASE_002509,CUST_01439,CHK_000035,checkout,checkout_abandoned,23580.35,,independent,,2026-08-03 19:27:16.316920
CASE_002510,CUST_01439,SUB_001439,subscription,subscription_failed,24693.07,authentication_failed,independent,,2026-08-22 20:32:16.275656
CASE_002511,CUST_01440,CHK_002285,checkout,checkout_abandoned,47092.89,,independent,,2026-07-18 01:50:16.745977
CASE_002512,CUST_01442,SUB_001442,subscription,subscription_failed,2317.36,timeout,independent,,2026-06-04 20:32:16.275656
CASE_002513,CUST_01442,CHK_002061,checkout,checkout_abandoned,5828.86,,independent,,2026-06-12 06:53:16.704673
CASE_002514,CUST_01442,PAY_001691,payment,payment_failed,12376.11,insufficient_funds,independent,,2026-08-06 09:18:15.928679
CASE_002515,CUST_01443,CHK_002754,checkout,checkout_abandoned,48215.8,,independent,,2026-06-10 02:31:16.838191
CASE_002516,CUST_01443,PAY_005447,payment,payment_failed,18724.08,limit_exceeded,independent,,2026-07-19 16:30:16.117856
CASE_002517,CUST_01443,INV_001443,invoice,invoice_overdue,38580.17,timeout,independent,,2026-07-31 20:32:17.081523
CASE_002518,CUST_01444,SUB_001444,subscription,subscription_failed,5443.14,temporary_bank_failure,independent,,2026-05-28 20:32:16.275656
CASE_002519,CUST_01445,PAY_003868,payment,payment_failed,27471.34,authentication_failed,independent,,2026-07-09 23:10:16.049734
CASE_002520,CUST_01446,SUB_001446,subscription,subscription_failed,4216.01,authentication_failed,independent,,2026-04-25 20:32:16.275656
CASE_002521,CUST_01447,PAY_000901,payment,payment_failed,32965.64,insufficient_funds,independent,,2026-07-06 08:04:15.870913
CASE_002522,CUST_01447,SUB_001447,subscription,subscription_failed,9611.08,unknown_failure,independent,,2026-08-12 20:32:16.275656
CASE_002523,CUST_01450,INV_001450,invoice,invoice_overdue,20708.02,authentication_failed,independent,,2026-08-06 20:32:17.081523
CASE_002524,CUST_01452,PAY_003561,payment,payment_failed,21694.46,temporary_bank_failure,independent,,2026-06-15 14:15:16.036252
CASE_002525,CUST_01454,SUB_001454,subscription,subscription_failed,12403.86,blocked_instrument,independent,,2026-05-16 20:32:16.276665
CASE_002526,CUST_01454,CHK_002640,checkout,checkout_abandoned,47087.66,,independent,,2026-06-02 10:33:16.815268
CASE_002527,CUST_01454,CHK_002924,checkout,checkout_abandoned,23278.08,,independent,,2026-07-31 20:22:16.868357
CASE_002528,CUST_01454,INV_001454,invoice,invoice_overdue,8475.5,temporary_bank_failure,independent,,2026-07-31 20:32:17.082520
CASE_002529,CUST_01454,PAY_005177,payment,payment_failed,11565.08,unknown_failure,independent,,2026-08-15 13:50:16.106760
CASE_002530,CUST_01455,CHK_000001,checkout,checkout_abandoned,49560.78,,independent,,2026-07-06 11:53:16.310311
CASE_002531,CUST_01455,CHK_003417,checkout,checkout_abandoned,41368.49,,independent,,2026-08-03 09:36:16.971685
CASE_002532,CUST_01456,INV_001456,invoice,invoice_overdue,33758.3,unknown_failure,independent,,2026-05-14 20:32:17.082520
CASE_002533,CUST_01456,CHK_000963,checkout,checkout_abandoned,16784.53,,independent,,2026-06-01 09:43:16.485555
CASE_002534,CUST_01456,PAY_000947,payment,payment_failed,2727.11,unknown_failure,independent,,2026-07-09 18:28:15.873190
CASE_002535,CUST_01457,CHK_000922,checkout,checkout_abandoned,32853.93,,independent,,2026-07-02 18:02:16.478933
CASE_002536,CUST_01458,INV_001458,invoice,invoice_overdue,44157.54,blocked_instrument,independent,,2026-05-14 20:32:17.082520
CASE_002537,CUST_01459,CHK_000819,checkout,checkout_abandoned,30624.7,,independent,,2026-05-26 23:34:16.463545
CASE_002538,CUST_01460,PAY_005780,payment,payment_failed,8930.59,limit_exceeded,independent,,2026-06-18 13:51:16.132362
CASE_002539,CUST_01461,PAY_004703,payment,payment_failed,24431.21,expired_instrument,independent,,2026-07-20 01:46:16.085903
CASE_002540,CUST_01461,PAY_001094,payment,payment_failed,6134.16,blocked_instrument,independent,,2026-08-17 16:16:15.888396
CASE_002541,CUST_01462,SUB_001462,subscription,subscription_failed,6181.9,insufficient_funds,independent,,2026-07-13 20:32:16.276665
CASE_002542,CUST_01462,CHK_002759,checkout,checkout_abandoned,11435.99,,independent,,2026-07-18 20:24:16.838191
CASE_002543,CUST_01463,CHK_002154,checkout,checkout_abandoned,1688.21,,independent,,2026-06-03 22:41:16.721236
CASE_002544,CUST_01463,CHK_003386,checkout,checkout_abandoned,32390.09,,independent,,2026-08-02 15:43:16.966884
CASE_002545,CUST_01464,INV_001464,invoice,invoice_overdue,12776.76,temporary_bank_failure,independent,,2026-03-15 20:32:17.082520
CASE_002546,CUST_01464,SUB_001464,subscription,subscription_failed,4752.62,temporary_bank_failure,independent,,2026-05-11 20:32:16.276665
CASE_002547,CUST_01464,PAY_000842,payment,payment_failed,8856.34,insufficient_funds,independent,,2026-05-28 21:05:15.868693
CASE_002548,CUST_01465,PAY_003674,payment,payment_failed,31459.75,insufficient_funds,independent,,2026-07-27 06:11:16.040691
CASE_002549,CUST_01466,CHK_000403,checkout,checkout_abandoned,11846.96,,independent,,2026-05-27 20:51:16.396211
CASE_002550,CUST_01467,PAY_006541,payment,payment_failed,32798.53,limit_exceeded,independent,,2026-07-20 09:32:16.172026
CASE_002551,CUST_01468,PAY_006276,payment,payment_failed,85144.93,insufficient_funds,independent,,2026-07-23 19:00:16.159652
CASE_002552,CUST_01469,SUB_001469,subscription,subscription_failed,2760.02,unknown_failure,independent,,2026-08-07 20:32:16.276665
CASE_002553,CUST_01470,PAY_005688,payment,payment_failed,11018.5,temporary_bank_failure,independent,,2026-07-27 18:38:16.128754
CASE_002554,CUST_01472,INV_001472,invoice,invoice_overdue,54335.58,temporary_bank_failure,independent,,2026-03-02 20:32:17.082520
CASE_002555,CUST_01472,CHK_001437,checkout,checkout_abandoned,10646.22,,independent,,2026-06-06 08:54:16.571403
CASE_002556,CUST_01472,CHK_001630,checkout,checkout_abandoned,27484.95,,independent,,2026-06-11 13:16:16.628889
CASE_002557,CUST_01472,CHK_003398,checkout,checkout_abandoned,18511.18,,independent,,2026-07-02 21:53:16.967982
CASE_002558,CUST_01474,SUB_001474,subscription,subscription_failed,23347.38,limit_exceeded,independent,,2026-05-21 20:32:16.276665
CASE_002559,CUST_01474,PAY_006346,payment,payment_failed,66304.18,timeout,independent,,2026-06-14 03:32:16.163150
CASE_002560,CUST_01475,INV_001475,invoice,invoice_overdue,24336.56,insufficient_funds,independent,,2026-03-02 20:32:17.083517
CASE_002561,CUST_01475,PAY_001040,payment,payment_failed,7447.22,authentication_failed,independent,,2026-06-07 22:52:15.884917
CASE_002562,CUST_01475,SUB_001475,subscription,subscription_failed,12360.52,blocked_instrument,independent,,2026-07-11 20:32:16.276665
CASE_002563,CUST_01475,CHK_001515,checkout,checkout_abandoned,20601.06,,independent,,2026-08-23 22:03:16.585723
CASE_002564,CUST_01478,SUB_001478,subscription,subscription_failed,9715.1,authentication_failed,independent,,2026-06-05 20:32:16.276665
CASE_002565,CUST_01478,CHK_000659,checkout,checkout_abandoned,35696.74,,independent,,2026-07-15 14:33:16.434884
CASE_002566,CUST_01478,PAY_002380,payment,payment_failed,42292.21,unknown_failure,independent,,2026-08-15 04:38:15.969733
CASE_002567,CUST_01479,PAY_006300,payment,payment_failed,83416.79,temporary_bank_failure,independent,,2026-06-12 07:35:16.161644
CASE_002568,CUST_01480,INV_001480,invoice,invoice_overdue,15428.0,insufficient_funds,independent,,2026-05-24 20:32:17.083517
CASE_002569,CUST_01480,PAY_002802,payment,payment_failed,20513.05,insufficient_funds,independent,,2026-08-12 15:14:15.996401
CASE_002570,CUST_01482,INV_001482,invoice,invoice_overdue,49502.66,risk_decline,independent,,2026-04-23 20:32:17.083517
CASE_002571,CUST_01482,CHK_001964,checkout,checkout_abandoned,43491.01,,independent,,2026-07-07 14:27:16.689082
CASE_002572,CUST_01482,CHK_001770,checkout,checkout_abandoned,16086.83,,independent,,2026-08-03 17:26:16.655799
CASE_002573,CUST_01482,CHK_001553,checkout,checkout_abandoned,2746.25,,independent,,2026-08-17 06:49:16.594507
CASE_002574,CUST_01483,PAY_001605,payment,payment_failed,19855.34,insufficient_funds,independent,,2026-07-11 12:25:15.923528
CASE_002575,CUST_01484,SUB_001484,subscription,subscription_failed,13660.81,risk_decline,independent,,2026-05-22 20:32:16.276665
CASE_002576,CUST_01484,PAY_002893,payment,payment_failed,38498.85,temporary_bank_failure,independent,,2026-07-20 16:12:16.003521
CASE_002577,CUST_01485,PAY_003281,payment,payment_failed,10339.59,insufficient_funds,independent,,2026-08-06 22:13:16.023746
CASE_002578,CUST_01485,CHK_001681,checkout,checkout_abandoned,12983.99,,independent,,2026-08-14 19:43:16.638856
CASE_002579,CUST_01486,CHK_000827,checkout,checkout_abandoned,9199.25,,independent,,2026-08-24 17:59:16.464649
CASE_002580,CUST_01488,SUB_001488,subscription,subscription_failed,14908.07,temporary_bank_failure,independent,,2026-07-25 20:32:16.278167
CASE_002581,CUST_01489,CHK_001345,checkout,checkout_abandoned,30849.34,,independent,,2026-06-08 14:02:16.552738
CASE_002582,CUST_01489,PAY_002274,payment,payment_failed,49820.53,insufficient_funds,independent,,2026-07-07 09:27:15.961973
CASE_002583,CUST_01490,CHK_002463,checkout,checkout_abandoned,3602.55,,independent,,2026-06-28 17:45:15.982689
CASE_002584,CUST_01491,CHK_001008,checkout,checkout_abandoned,6552.43,,independent,,2026-07-11 06:33:16.491104
CASE_002585,CUST_01491,CHK_001004,checkout,checkout_abandoned,14043.6,,independent,,2026-08-21 14:42:16.489933
CASE_002586,CUST_01492,PAY_005523,payment,payment_failed,14335.65,authentication_failed,independent,,2026-07-15 00:40:16.121098
CASE_002587,CUST_01493,SUB_001493,subscription,subscription_failed,7283.61,temporary_bank_failure,independent,,2026-07-16 20:32:16.278167
CASE_002588,CUST_01494,CHK_003425,checkout,checkout_abandoned,39293.59,,independent,,2026-06-20 02:17:16.972446
CASE_002589,CUST_01494,CHK_002662,checkout,checkout_abandoned,39030.02,,independent,,2026-07-17 19:33:16.019313
CASE_002590,CUST_01496,CHK_001649,checkout,checkout_abandoned,69607.79,,independent,,2026-06-27 04:23:16.631879
CASE_002591,CUST_01496,CHK_003232,checkout,checkout_abandoned,84998.78,,independent,,2026-07-17 23:46:16.937261
CASE_002592,CUST_01496,SUB_001496,subscription,subscription_failed,6496.33,limit_exceeded,independent,,2026-08-23 20:32:16.278167
CASE_002593,CUST_01497,INV_001497,invoice,invoice_overdue,6836.38,unknown_failure,independent,,2026-03-21 20:32:17.084513
CASE_002594,CUST_01497,CHK_000767,checkout,checkout_abandoned,17497.35,,independent,,2026-07-08 11:58:16.076723
CASE_002595,CUST_01498,CHK_002447,checkout,checkout_abandoned,13789.95,,independent,,2026-06-01 12:58:16.778392
CASE_002596,CUST_01498,PAY_003553,payment,payment_failed,9726.72,limit_exceeded,independent,,2026-07-19 05:22:16.035151
CASE_002597,CUST_01499,PAY_003045,payment,payment_failed,13455.85,insufficient_funds,independent,,2026-06-30 10:03:16.012832
CASE_002598,CUST_01499,PAY_000282,payment,payment_failed,4419.44,temporary_bank_failure,independent,,2026-08-05 01:03:15.806857
CASE_002599,CUST_01500,PAY_005336,payment,payment_failed,22342.84,insufficient_funds,independent,,2026-05-27 01:54:16.113335
CASE_002600,CUST_01500,INV_001500,invoice,invoice_overdue,66353.73,timeout,independent,,2026-06-18 20:32:17.084513
CASE_002601,CUST_01500,CHK_000983,checkout,checkout_abandoned,40760.38,,independent,,2026-08-22 16:25:16.487741
CASE_002602,CUST_01501,INV_001501,invoice,invoice_overdue,14966.88,temporary_bank_failure,independent,,2026-03-06 20:32:17.084513
CASE_002603,CUST_01501,SUB_001501,subscription,subscription_failed,7313.79,authentication_failed,independent,,2026-05-26 20:32:16.278167
CASE_002604,CUST_01501,PAY_003351,payment,payment_failed,8326.85,temporary_bank_failure,independent,,2026-05-29 12:38:16.026242
CASE_002605,CUST_01501,CHK_000305,checkout,checkout_abandoned,15806.72,,independent,,2026-07-10 17:51:16.372514
CASE_002606,CUST_01502,SUB_001502,subscription,subscription_failed,24586.3,risk_decline,independent,,2026-03-15 20:32:16.278167
CASE_002607,CUST_01504,SUB_001504,subscription,subscription_failed,1944.35,temporary_bank_failure,independent,,2026-06-03 20:32:16.278167
CASE_002608,CUST_01504,PAY_001367,payment,payment_failed,16798.54,expired_instrument,independent,,2026-06-06 09:32:15.902171
CASE_002609,CUST_01505,PAY_000299,payment,payment_failed,26442.75,timeout,independent,,2026-08-19 19:13:15.808261
CASE_002610,CUST_01506,CHK_002203,checkout,checkout_abandoned,85327.55,,independent,,2026-06-07 22:38:15.874564
CASE_002611,CUST_01506,CHK_000326,checkout,checkout_abandoned,78539.37,,independent,,2026-06-08 00:33:15.874564
CASE_002612,CUST_01507,INV_001507,invoice,invoice_overdue,7141.55,temporary_bank_failure,independent,,2026-03-25 20:32:17.084513
CASE_002613,CUST_01508,PAY_002767,payment,payment_failed,9870.75,temporary_bank_failure,independent,,2026-07-23 02:54:15.993192
CASE_002614,CUST_01509,PAY_005205,payment,payment_failed,5127.74,temporary_bank_failure,independent,,2026-07-25 00:38:16.107855
CASE_002615,CUST_01510,INV_001510,invoice,invoice_overdue,15976.15,blocked_instrument,independent,,2026-05-23 20:32:17.084513
CASE_002616,CUST_01511,INV_001511,invoice,invoice_overdue,1586.46,blocked_instrument,independent,,2026-04-21 20:32:17.084513
CASE_002617,CUST_01511,CHK_001233,checkout,checkout_abandoned,8028.81,,independent,,2026-06-24 03:18:16.532860
CASE_002618,CUST_01511,PAY_002803,payment,payment_failed,16522.72,insufficient_funds,independent,,2026-08-15 07:21:15.996401
CASE_002619,CUST_01512,INV_001512,invoice,invoice_overdue,23959.53,risk_decline,independent,,2026-05-19 20:32:17.084513
CASE_002620,CUST_01512,PAY_000910,payment,payment_failed,9885.86,insufficient_funds,independent,,2026-07-01 16:43:15.872191
CASE_002621,CUST_01514,PAY_001558,payment,payment_failed,37176.35,timeout,independent,,2026-06-20 11:51:15.919294
CASE_002622,CUST_01515,CHK_001364,checkout,checkout_abandoned,11984.49,,independent,,2026-06-07 09:01:16.554896
CASE_002623,CUST_01518,PAY_006209,payment,payment_failed,72080.38,insufficient_funds,independent,,2026-06-09 05:33:16.155366
CASE_002624,CUST_01518,CHK_000809,checkout,checkout_abandoned,9407.38,,independent,,2026-06-25 01:08:15.793269
CASE_002625,CUST_01518,CHK_003147,checkout,checkout_abandoned,10184.0,,independent,,2026-06-25 06:31:15.793269
CASE_002626,CUST_01519,PAY_002392,payment,payment_failed,6359.34,temporary_bank_failure,independent,,2026-06-28 13:14:15.970729
CASE_002627,CUST_01519,PAY_001591,payment,payment_failed,4391.3,timeout,independent,,2026-07-22 09:58:15.922362
CASE_002628,CUST_01523,CHK_001236,checkout,checkout_abandoned,48663.75,,independent,,2026-07-01 11:44:16.533952
CASE_002629,CUST_01524,CHK_002107,checkout,checkout_abandoned,87537.72,,independent,,2026-07-07 22:23:16.714722
CASE_002630,CUST_01525,INV_001525,invoice,invoice_overdue,21595.1,temporary_bank_failure,independent,,2026-05-07 20:32:17.085510
CASE_002631,CUST_01525,CHK_003289,checkout,checkout_abandoned,25317.3,,independent,,2026-06-11 13:26:16.947276
CASE_002632,CUST_01525,CHK_000989,checkout,checkout_abandoned,5212.41,,independent,,2026-07-20 16:29:16.488834
CASE_002633,CUST_01526,SUB_001526,subscription,subscription_failed,14809.24,unknown_failure,independent,,2026-07-23 20:32:16.279261
CASE_002634,CUST_01526,CHK_000356,checkout,checkout_abandoned,40459.85,,independent,,2026-08-22 21:36:16.385613
CASE_002635,CUST_01528,CHK_001343,checkout,checkout_abandoned,40341.58,,independent,,2026-05-29 16:35:16.551631
CASE_002636,CUST_01529,PAY_001267,payment,payment_failed,14937.92,temporary_bank_failure,independent,,2026-07-31 18:49:15.896933
CASE_002637,CUST_01529,PAY_006819,payment,payment_failed,11432.19,insufficient_funds,independent,,2026-08-01 14:19:16.184396
CASE_002638,CUST_01530,CHK_000445,checkout,checkout_abandoned,37973.43,,independent,,2026-06-11 15:41:16.399673
CASE_002639,CUST_01532,CHK_002985,checkout,checkout_abandoned,14539.66,,independent,,2026-07-02 20:52:16.877604
CASE_002640,CUST_01534,CHK_003362,checkout,checkout_abandoned,7318.14,,independent,,2026-07-30 19:06:16.959271
CASE_002641,CUST_01534,CHK_002353,checkout,checkout_abandoned,12665.35,,independent,,2026-08-08 23:31:16.756465
CASE_002642,CUST_01536,CHK_000668,checkout,checkout_abandoned,34748.62,,independent,,2026-06-03 17:06:16.437090
CASE_002643,CUST_01536,CHK_003441,checkout,checkout_abandoned,2217.07,,independent,,2026-07-05 02:30:16.128754
CASE_002644,CUST_01540,CHK_000287,checkout,checkout_abandoned,70319.19,,independent,,2026-05-30 04:29:16.368141
CASE_002645,CUST_01541,CHK_000430,checkout,checkout_abandoned,7132.37,,independent,,2026-05-29 17:29:16.399673
CASE_002646,CUST_01541,PAY_005936,payment,payment_failed,881.54,blocked_instrument,independent,,2026-08-07 04:57:16.138958
CASE_002647,CUST_01543,PAY_002011,payment,payment_failed,13346.69,temporary_bank_failure,independent,,2026-06-16 16:07:15.949016
CASE_002648,CUST_01544,SUB_001544,subscription,subscription_failed,14401.16,insufficient_funds,independent,,2026-03-13 20:32:16.279261
CASE_002649,CUST_01545,PAY_004385,payment,payment_failed,93553.82,risk_decline,independent,,2026-06-19 07:24:16.072413
CASE_002650,CUST_01546,PAY_000099,payment,payment_failed,15921.36,timeout,independent,,2026-07-30 20:22:15.795834
CASE_002651,CUST_01546,CHK_001914,checkout,checkout_abandoned,11164.52,,independent,,2026-08-08 10:04:16.681400
CASE_002652,CUST_01547,INV_001547,invoice,invoice_overdue,9246.44,risk_decline,independent,,2026-05-26 20:32:17.086507
CASE_002653,CUST_01547,SUB_001547,subscription,subscription_failed,3045.21,timeout,independent,,2026-06-18 20:32:16.279261
CASE_002654,CUST_01548,PAY_002407,payment,payment_failed,21924.29,insufficient_funds,independent,,2026-06-01 06:41:15.971726
CASE_002655,CUST_01548,PAY_001974,payment,payment_failed,47524.16,insufficient_funds,independent,,2026-06-20 23:50:15.948020
CASE_002656,CUST_01549,PAY_004661,payment,payment_failed,26865.78,insufficient_funds,independent,,2026-06-28 15:24:16.083515
CASE_002657,CUST_01549,CHK_000712,checkout,checkout_abandoned,24789.11,,independent,,2026-07-03 15:23:16.444789
CASE_002658,CUST_01551,SUB_001551,subscription,subscription_failed,11691.02,authentication_failed,independent,,2026-05-18 20:32:16.280355
CASE_002659,CUST_01551,CHK_001479,checkout,checkout_abandoned,42582.28,,independent,,2026-07-18 07:13:16.576886
CASE_002660,CUST_01551,PAY_003505,payment,payment_failed,17368.2,insufficient_funds,independent,,2026-08-05 09:27:16.032831
CASE_002661,CUST_01552,PAY_001200,payment,payment_failed,10280.18,limit_exceeded,independent,,2026-06-23 22:19:15.893201
CASE_002662,CUST_01553,PAY_005652,payment,payment_failed,15357.26,temporary_bank_failure,independent,,2026-08-07 09:46:16.126564
CASE_002663,CUST_01554,CHK_000487,checkout,checkout_abandoned,42758.25,,independent,,2026-08-14 19:38:16.408078
CASE_002664,CUST_01556,SUB_001556,subscription,subscription_failed,9094.5,timeout,independent,,2026-05-31 20:32:16.280355
CASE_002665,CUST_01557,CHK_001763,checkout,checkout_abandoned,19248.3,,independent,,2026-05-29 07:21:16.652809
CASE_002666,CUST_01558,SUB_001558,subscription,subscription_failed,5948.81,risk_decline,independent,,2026-04-29 20:32:16.280355
CASE_002667,CUST_01558,PAY_003090,payment,payment_failed,28514.34,temporary_bank_failure,independent,,2026-08-09 11:03:16.014908
CASE_002668,CUST_01560,CHK_001925,checkout,checkout_abandoned,22779.07,,independent,,2026-07-29 11:21:16.682506
CASE_002669,CUST_01561,SUB_001561,subscription,subscription_failed,5852.34,risk_decline,independent,,2026-03-30 20:32:16.280355
CASE_002670,CUST_01561,INV_001561,invoice,invoice_overdue,39711.67,limit_exceeded,independent,,2026-06-23 20:32:17.087503
CASE_002671,CUST_01562,SUB_001562,subscription,subscription_failed,10228.06,limit_exceeded,independent,,2026-05-26 20:32:16.280355
CASE_002672,CUST_01562,CHK_000794,checkout,checkout_abandoned,32136.64,,independent,,2026-06-13 15:57:16.459056
CASE_002673,CUST_01563,INV_001563,invoice,invoice_overdue,74077.55,expired_instrument,independent,,2026-04-04 20:32:17.087503
CASE_002674,CUST_01566,PAY_006861,payment,payment_failed,19171.33,limit_exceeded,independent,,2026-06-23 17:50:16.186589
CASE_002675,CUST_01566,PAY_001794,payment,payment_failed,12558.96,limit_exceeded,independent,,2026-07-19 13:12:15.935333
CASE_002676,CUST_01567,INV_001567,invoice,invoice_overdue,58673.2,insufficient_funds,independent,,2026-03-06 20:32:17.087503
CASE_002677,CUST_01567,SUB_001567,subscription,subscription_failed,23997.55,expired_instrument,independent,,2026-03-18 20:32:16.280355
CASE_002678,CUST_01567,PAY_001576,payment,payment_failed,33324.81,expired_instrument,independent,,2026-08-20 17:57:15.920317
CASE_002679,CUST_01568,INV_001568,invoice,invoice_overdue,6266.9,risk_decline,independent,,2026-06-21 20:32:17.087503
CASE_002680,CUST_01570,CHK_001180,checkout,checkout_abandoned,45682.8,,independent,,2026-06-21 20:38:16.523010
CASE_002681,CUST_01570,PAY_000692,payment,payment_failed,19435.36,blocked_instrument,independent,,2026-06-25 18:34:15.862165
CASE_002682,CUST_01570,PAY_004497,payment,payment_failed,11828.62,temporary_bank_failure,independent,,2026-08-08 11:45:16.076723
CASE_002683,CUST_01572,SUB_001572,subscription,subscription_failed,1235.24,unknown_failure,independent,,2026-05-11 20:32:16.280355
CASE_002684,CUST_01573,CHK_000319,checkout,checkout_abandoned,24125.09,,independent,,2026-06-16 19:11:16.375824
CASE_002685,CUST_01573,PAY_004267,payment,payment_failed,21721.86,unknown_failure,independent,,2026-07-19 09:37:16.066930
CASE_002686,CUST_01574,PAY_006758,payment,payment_failed,15534.7,timeout,independent,,2026-06-28 16:17:16.182203
CASE_002687,CUST_01574,PAY_001498,payment,payment_failed,33571.12,risk_decline,independent,,2026-07-28 01:52:15.912787
CASE_002688,CUST_01575,CHK_003127,checkout,checkout_abandoned,4177.75,,independent,,2026-08-10 15:56:16.918539
CASE_002689,CUST_01575,CHK_000781,checkout,checkout_abandoned,30866.95,,independent,,2026-08-12 20:27:16.457959
CASE_002690,CUST_01575,CHK_001650,checkout,checkout_abandoned,9309.21,,independent,,2026-08-18 07:30:16.631879
CASE_002691,CUST_01578,INV_001578,invoice,invoice_overdue,47891.68,unknown_failure,independent,,2026-06-01 20:32:17.087503
CASE_002692,CUST_01578,PAY_001310,payment,payment_failed,15256.14,temporary_bank_failure,independent,,2026-07-02 12:20:15.899131
CASE_002693,CUST_01578,PAY_001738,payment,payment_failed,42427.77,temporary_bank_failure,independent,,2026-07-12 00:18:15.931936
CASE_002694,CUST_01579,PAY_006133,payment,payment_failed,47603.06,temporary_bank_failure,independent,,2026-07-11 13:29:16.149901
CASE_002695,CUST_01579,CHK_001722,checkout,checkout_abandoned,36610.79,,independent,,2026-07-23 14:42:16.646829
CASE_002696,CUST_01580,CHK_000377,checkout,checkout_abandoned,2926.08,,independent,,2026-07-12 11:33:16.391131
CASE_002697,CUST_01580,PAY_003710,payment,payment_failed,49535.95,limit_exceeded,independent,,2026-08-19 09:06:16.041793
CASE_002698,CUST_01581,PAY_003906,payment,payment_failed,38016.88,temporary_bank_failure,independent,,2026-07-16 06:13:16.050771
CASE_002699,CUST_01582,SUB_001582,subscription,subscription_failed,4048.18,temporary_bank_failure,independent,,2026-03-23 20:32:16.281451
CASE_002700,CUST_01583,PAY_005689,payment,payment_failed,19935.37,insufficient_funds,independent,,2026-06-17 02:26:16.128754
CASE_002701,CUST_01584,CHK_003010,checkout,checkout_abandoned,80943.14,,independent,,2026-07-16 08:00:16.882326
CASE_002702,CUST_01584,CHK_002268,checkout,checkout_abandoned,40018.53,,independent,,2026-07-18 06:19:16.743783
CASE_002703,CUST_01584,INV_001584,invoice,invoice_overdue,96272.74,insufficient_funds,independent,,2026-08-11 20:32:17.088500
CASE_002704,CUST_01585,CHK_000769,checkout,checkout_abandoned,20629.96,,independent,,2026-06-03 18:08:16.455765
CASE_002705,CUST_01585,CHK_002652,checkout,checkout_abandoned,44146.85,,independent,,2026-06-06 04:02:16.817261
CASE_002706,CUST_01586,SUB_001586,subscription,subscription_failed,1126.99,risk_decline,independent,,2026-04-25 20:32:16.281451
CASE_002707,CUST_01586,CHK_003065,checkout,checkout_abandoned,41849.6,,independent,,2026-08-01 04:19:16.898836
CASE_002708,CUST_01588,PAY_001555,payment,payment_failed,15969.34,timeout,independent,,2026-07-17 03:17:15.919294
CASE_002709,CUST_01588,CHK_002872,checkout,checkout_abandoned,8781.59,,independent,,2026-07-24 17:13:16.856233
CASE_002710,CUST_01588,PAY_000870,payment,payment_failed,15666.27,temporary_bank_failure,independent,,2026-08-16 18:06:15.869689
CASE_002711,CUST_01589,CHK_000405,checkout,checkout_abandoned,20780.73,,independent,,2026-06-15 11:50:16.396211
CASE_002712,CUST_01590,CHK_001677,checkout,checkout_abandoned,2623.49,,independent,,2026-07-11 04:06:16.637859
CASE_002713,CUST_01590,PAY_000346,payment,payment_failed,12559.63,blocked_instrument,independent,,2026-07-31 15:30:15.811865
CASE_002714,CUST_01591,SUB_001591,subscription,subscription_failed,5557.41,blocked_instrument,independent,,2026-04-16 20:32:16.281451
CASE_002715,CUST_01591,CHK_003401,checkout,checkout_abandoned,26184.81,,independent,,2026-08-12 02:01:16.967982
CASE_002716,CUST_01591,PAY_002671,payment,payment_failed,13810.46,temporary_bank_failure,independent,,2026-08-23 09:10:15.988026
CASE_002717,CUST_01592,PAY_001725,payment,payment_failed,22209.96,temporary_bank_failure,independent,,2026-06-07 06:45:15.930673
CASE_002718,CUST_01593,CHK_000753,checkout,checkout_abandoned,38373.45,,independent,,2026-08-01 04:53:16.453581
CASE_002719,CUST_01596,PAY_003510,payment,payment_failed,27078.03,insufficient_funds,independent,,2026-06-17 23:09:16.033923
CASE_002720,CUST_01596,PAY_003684,payment,payment_failed,41524.27,limit_exceeded,independent,,2026-07-02 10:49:16.040691
CASE_002721,CUST_01598,PAY_000818,payment,payment_failed,21669.33,temporary_bank_failure,independent,,2026-07-01 23:07:15.867714
CASE_002722,CUST_01599,PAY_004187,payment,payment_failed,43002.55,authentication_failed,independent,,2026-08-19 10:56:16.063651
CASE_002723,CUST_01601,CHK_002753,checkout,checkout_abandoned,52444.77,,independent,,2026-07-19 12:24:16.838191
CASE_002724,CUST_01601,CHK_000074,checkout,checkout_abandoned,73349.99,,independent,,2026-08-19 14:20:16.328371
CASE_002725,CUST_01603,SUB_001603,subscription,subscription_failed,8291.86,authentication_failed,independent,,2026-04-25 20:32:16.281451
CASE_002726,CUST_01603,CHK_003097,checkout,checkout_abandoned,35466.39,,independent,,2026-06-09 11:34:16.907564
CASE_002727,CUST_01604,SUB_001604,subscription,subscription_failed,2438.85,temporary_bank_failure,independent,,2026-07-08 20:32:16.281451
CASE_002728,CUST_01604,CHK_001417,checkout,checkout_abandoned,15486.02,,independent,,2026-07-13 06:25:16.569209
CASE_002729,CUST_01607,PAY_006478,payment,payment_failed,7899.69,risk_decline,independent,,2026-06-02 23:47:16.169826
CASE_002730,CUST_01607,CHK_002146,checkout,checkout_abandoned,11301.17,,independent,,2026-07-16 19:33:16.720143
CASE_002731,CUST_01607,SUB_001607,subscription,subscription_failed,11429.68,insufficient_funds,independent,,2026-08-18 20:32:16.281451
CASE_002732,CUST_01608,CHK_002810,checkout,checkout_abandoned,34302.73,,independent,,2026-06-03 11:15:16.846165
CASE_002733,CUST_01608,INV_001608,invoice,invoice_overdue,70756.27,insufficient_funds,independent,,2026-07-31 20:32:17.089496
CASE_002734,CUST_01609,CHK_000489,checkout,checkout_abandoned,5166.76,,independent,,2026-06-14 13:32:16.408078
CASE_002735,CUST_01609,PAY_004782,payment,payment_failed,2501.81,risk_decline,independent,,2026-08-05 06:58:16.089201
CASE_002736,CUST_01610,SUB_001610,subscription,subscription_failed,11922.43,timeout,independent,,2026-04-17 20:32:16.281451
CASE_002737,CUST_01610,CHK_000218,checkout,checkout_abandoned,40397.72,,independent,,2026-06-24 22:35:16.350532
CASE_002738,CUST_01611,PAY_006564,payment,payment_failed,12573.07,expired_instrument,independent,,2026-06-08 02:48:16.173128
CASE_002739,CUST_01611,CHK_000126,checkout,checkout_abandoned,14723.45,,independent,,2026-08-20 07:42:16.336167
CASE_002740,CUST_01613,CHK_003193,checkout,checkout_abandoned,36218.05,,independent,,2026-06-10 20:12:16.929467
CASE_002741,CUST_01613,PAY_002877,payment,payment_failed,40700.08,temporary_bank_failure,independent,,2026-07-09 01:25:16.002508
CASE_002742,CUST_01613,PAY_003890,payment,payment_failed,38755.21,temporary_bank_failure,independent,,2026-08-08 23:06:16.050771
CASE_002743,CUST_01613,CHK_002611,checkout,checkout_abandoned,11249.86,,independent,,2026-08-21 18:28:16.810285
CASE_002744,CUST_01614,SUB_001614,subscription,subscription_failed,1158.0,insufficient_funds,independent,,2026-06-26 20:32:16.282547
CASE_002745,CUST_01614,CHK_001138,checkout,checkout_abandoned,13459.43,,independent,,2026-07-13 20:58:16.513070
CASE_002746,CUST_01616,CHK_001381,checkout,checkout_abandoned,40664.76,,independent,,2026-07-09 00:40:15.983965
CASE_002747,CUST_01617,CHK_000591,checkout,checkout_abandoned,6550.1,,independent,,2026-06-04 20:56:16.425747
CASE_002748,CUST_01617,PAY_006675,payment,payment_failed,3587.7,timeout,independent,,2026-06-29 10:50:16.178598
CASE_002749,CUST_01617,PAY_000679,payment,payment_failed,19788.71,authentication_failed,independent,,2026-07-02 10:00:15.861169
CASE_002750,CUST_01619,SUB_001619,subscription,subscription_failed,2023.1,timeout,independent,,2026-04-08 20:32:16.282547
CASE_002751,CUST_01619,PAY_003069,payment,payment_failed,3256.21,authentication_failed,independent,,2026-06-18 22:07:16.013893
CASE_002752,CUST_01620,PAY_004443,payment,payment_failed,39786.41,timeout,independent,,2026-07-13 12:42:16.074624
CASE_002753,CUST_01621,INV_001621,invoice,invoice_overdue,128129.7,insufficient_funds,independent,,2026-03-06 20:32:17.089496
CASE_002754,CUST_01622,INV_001622,invoice,invoice_overdue,64539.16,unknown_failure,independent,,2026-06-06 20:32:17.089496
CASE_002755,CUST_01623,CHK_003344,checkout,checkout_abandoned,18281.13,,independent,,2026-05-29 10:26:16.956146
CASE_002756,CUST_01623,INV_001623,invoice,invoice_overdue,27460.01,insufficient_funds,independent,,2026-06-29 20:32:17.089496
CASE_002757,CUST_01623,PAY_004303,payment,payment_failed,35091.24,blocked_instrument,independent,,2026-08-21 03:58:16.068024
CASE_002758,CUST_01625,CHK_003380,checkout,checkout_abandoned,30563.92,,independent,,2026-05-31 04:57:16.963606
CASE_002759,CUST_01626,CHK_000529,checkout,checkout_abandoned,49387.85,,independent,,2026-08-08 17:21:16.413682
CASE_002760,CUST_01627,CHK_000734,checkout,checkout_abandoned,45769.06,,independent,,2026-06-05 08:05:16.450292
CASE_002761,CUST_01627,SUB_001627,subscription,subscription_failed,2126.8,temporary_bank_failure,independent,,2026-06-21 20:32:16.282547
CASE_002762,CUST_01628,CHK_002132,checkout,checkout_abandoned,69040.24,,independent,,2026-06-23 17:34:16.719123
CASE_002763,CUST_01628,SUB_001628,subscription,subscription_failed,10855.91,temporary_bank_failure,independent,,2026-07-14 20:32:16.282547
CASE_002764,CUST_01628,PAY_001462,payment,payment_failed,21908.28,limit_exceeded,independent,,2026-07-27 05:57:15.907247
CASE_002765,CUST_01630,PAY_003850,payment,payment_failed,8957.56,temporary_bank_failure,independent,,2026-06-02 12:49:16.048637
CASE_002766,CUST_01630,CHK_003429,checkout,checkout_abandoned,6084.8,,independent,,2026-08-11 08:51:16.973212
CASE_002767,CUST_01631,SUB_001631,subscription,subscription_failed,13442.04,insufficient_funds,independent,,2026-07-03 20:32:16.282547
CASE_002768,CUST_01631,CHK_002501,checkout,checkout_abandoned,42017.02,,independent,,2026-07-05 13:41:16.788358
CASE_002769,CUST_01631,CHK_001572,checkout,checkout_abandoned,35706.45,,independent,,2026-07-24 23:07:16.615242
CASE_002770,CUST_01632,CHK_001657,checkout,checkout_abandoned,29582.96,,independent,,2026-06-22 04:54:16.634869
CASE_002771,CUST_01633,CHK_000616,checkout,checkout_abandoned,56642.12,,independent,,2026-06-10 03:43:16.429372
CASE_002772,CUST_01633,PAY_004157,payment,payment_failed,53668.49,temporary_bank_failure,independent,,2026-06-28 17:09:16.062562
CASE_002773,CUST_01634,CHK_002250,checkout,checkout_abandoned,37053.9,,independent,,2026-06-06 21:13:16.741591
CASE_002774,CUST_01634,PAY_001740,payment,payment_failed,15070.31,authentication_failed,independent,,2026-07-03 22:30:15.931936
CASE_002775,CUST_01636,INV_001636,invoice,invoice_overdue,45529.9,authentication_failed,independent,,2026-06-17 20:32:17.090493
CASE_002776,CUST_01636,PAY_002505,payment,payment_failed,49929.92,risk_decline,independent,,2026-06-24 07:23:15.978702
CASE_002777,CUST_01637,INV_001637,invoice,invoice_overdue,9719.44,temporary_bank_failure,independent,,2026-06-15 20:32:17.090493
CASE_002778,CUST_01637,CHK_000444,checkout,checkout_abandoned,31516.0,,independent,,2026-07-09 14:36:16.399673
CASE_002779,CUST_01638,CHK_003215,checkout,checkout_abandoned,30242.61,,independent,,2026-08-20 06:05:16.934944
CASE_002780,CUST_01640,SUB_001640,subscription,subscription_failed,7259.18,authentication_failed,independent,,2026-04-17 20:32:16.282547
CASE_002781,CUST_01640,CHK_002312,checkout,checkout_abandoned,1319.39,,independent,,2026-07-26 17:01:16.749273
CASE_002782,CUST_01641,SUB_001641,subscription,subscription_failed,13641.5,limit_exceeded,independent,,2026-08-07 20:32:16.283666
CASE_002783,CUST_01642,CHK_001935,checkout,checkout_abandoned,41018.71,,independent,,2026-05-29 03:38:16.685788
CASE_002784,CUST_01642,CHK_000802,checkout,checkout_abandoned,45620.82,,independent,,2026-06-03 21:40:16.461355
CASE_002785,CUST_01642,PAY_000129,payment,payment_failed,48058.72,temporary_bank_failure,independent,,2026-08-03 05:53:15.798035
CASE_002786,CUST_01643,SUB_001643,subscription,subscription_failed,13966.72,blocked_instrument,independent,,2026-04-27 20:32:16.283666
CASE_002787,CUST_01643,CHK_001443,checkout,checkout_abandoned,10623.74,,independent,,2026-08-19 22:14:16.572495
CASE_002788,CUST_01644,INV_001644,invoice,invoice_overdue,46883.72,insufficient_funds,independent,,2026-04-15 20:32:17.090493
CASE_002789,CUST_01644,CHK_003160,checkout,checkout_abandoned,40800.87,,independent,,2026-06-30 03:27:16.923888
CASE_002790,CUST_01645,PAY_006117,payment,payment_failed,47854.94,risk_decline,independent,,2026-06-27 09:39:16.148882
CASE_002791,CUST_01646,SUB_001646,subscription,subscription_failed,7397.9,unknown_failure,independent,,2026-02-26 20:32:16.283666
CASE_002792,CUST_01647,PAY_006551,payment,payment_failed,30554.78,temporary_bank_failure,independent,,2026-08-14 15:07:16.173128
CASE_002793,CUST_01647,CHK_001890,checkout,checkout_abandoned,15663.76,,independent,,2026-08-21 10:55:16.678106
CASE_002794,CUST_01649,CHK_001567,checkout,checkout_abandoned,13937.97,,independent,,2026-07-21 02:45:16.613196
CASE_002795,CUST_01649,CHK_002685,checkout,checkout_abandoned,27454.2,,independent,,2026-08-09 05:42:16.824238
CASE_002796,CUST_01650,CHK_001031,checkout,checkout_abandoned,12584.82,,independent,,2026-06-06 09:38:16.492199
CASE_002797,CUST_01650,CHK_001921,checkout,checkout_abandoned,41739.29,,independent,,2026-07-29 08:26:16.682506
CASE_002798,CUST_01650,INV_001650,invoice,invoice_overdue,33214.03,temporary_bank_failure,independent,,2026-08-12 20:32:17.090493
CASE_002799,CUST_01650,CHK_001539,checkout,checkout_abandoned,38659.17,,independent,,2026-08-21 21:20:16.591225
CASE_002800,CUST_01651,PAY_000789,payment,payment_failed,10156.12,timeout,independent,,2026-07-29 06:52:15.866685
CASE_002801,CUST_01652,SUB_001652,subscription,subscription_failed,11178.84,expired_instrument,independent,,2026-07-13 20:32:16.283666
CASE_002802,CUST_01652,CHK_001557,checkout,checkout_abandoned,49746.75,,independent,,2026-08-15 16:53:16.595599
CASE_002803,CUST_01653,CHK_001873,checkout,checkout_abandoned,20787.72,,independent,,2026-05-27 17:13:16.675697
CASE_002804,CUST_01653,CHK_000415,checkout,checkout_abandoned,45742.41,,independent,,2026-06-16 17:00:16.396211
CASE_002805,CUST_01653,CHK_002959,checkout,checkout_abandoned,47264.23,,independent,,2026-06-19 11:22:16.872743
CASE_002806,CUST_01654,PAY_002342,payment,payment_failed,5805.21,blocked_instrument,independent,,2026-05-27 21:33:15.966732
CASE_002807,CUST_01654,PAY_001166,payment,payment_failed,7335.12,temporary_bank_failure,independent,,2026-06-15 18:20:15.892172
CASE_002808,CUST_01654,PAY_000150,payment,payment_failed,9260.24,timeout,independent,,2026-07-17 11:24:15.799129
CASE_002809,CUST_01655,INV_001655,invoice,invoice_overdue,55889.54,limit_exceeded,independent,,2026-05-09 20:32:17.091490
CASE_002810,CUST_01656,CHK_002889,checkout,checkout_abandoned,31637.84,,independent,,2026-05-27 00:02:16.858434
CASE_002811,CUST_01656,PAY_002243,payment,payment_failed,15885.72,authentication_failed,independent,,2026-07-05 05:07:15.959980
CASE_002812,CUST_01656,CHK_001808,checkout,checkout_abandoned,94757.92,,independent,,2026-08-17 08:11:16.662415
CASE_002813,CUST_01658,CHK_001461,checkout,checkout_abandoned,28866.96,,independent,,2026-08-10 02:03:16.575790
CASE_002814,CUST_01659,PAY_004779,payment,payment_failed,70447.63,authentication_failed,independent,,2026-06-11 02:38:16.089201
CASE_002815,CUST_01659,PAY_000198,payment,payment_failed,90670.92,authentication_failed,independent,,2026-07-17 13:11:15.801320
CASE_002816,CUST_01659,CHK_003282,checkout,checkout_abandoned,37692.85,,independent,,2026-08-10 02:41:16.192076
CASE_002817,CUST_01659,CHK_002512,checkout,checkout_abandoned,40709.8,,independent,,2026-08-10 07:51:16.192076
CASE_002818,CUST_01661,SUB_001661,subscription,subscription_failed,7102.59,limit_exceeded,independent,,2026-07-13 20:32:16.283666
CASE_002819,CUST_01661,PAY_006278,payment,payment_failed,22189.18,risk_decline,independent,,2026-07-22 18:58:16.159652
CASE_002820,CUST_01662,CHK_000693,checkout,checkout_abandoned,41109.43,,independent,,2026-07-12 11:09:16.441477
CASE_002821,CUST_01662,SUB_001662,subscription,subscription_failed,10225.52,insufficient_funds,independent,,2026-08-21 20:32:16.283666
CASE_002822,CUST_01663,SUB_001663,subscription,subscription_failed,12918.42,expired_instrument,independent,,2026-04-11 20:32:16.283666
CASE_002823,CUST_01664,CHK_001193,checkout,checkout_abandoned,20156.78,,independent,,2026-06-04 12:46:16.526306
CASE_002824,CUST_01664,CHK_000940,checkout,checkout_abandoned,40694.45,,independent,,2026-07-29 14:54:16.483365
CASE_002825,CUST_01665,CHK_003309,checkout,checkout_abandoned,5868.8,,independent,,2026-06-09 19:57:16.950512
CASE_002826,CUST_01666,CHK_000946,checkout,checkout_abandoned,23242.18,,independent,,2026-06-23 05:53:16.484460
CASE_002827,CUST_01669,INV_001669,invoice,invoice_overdue,1529.73,unknown_failure,independent,,2026-04-24 20:32:17.091490
CASE_002828,CUST_01669,PAY_000871,payment,payment_failed,8027.42,timeout,independent,,2026-06-07 02:50:15.869689
CASE_002829,CUST_01669,CHK_002193,checkout,checkout_abandoned,10489.83,,independent,,2026-06-15 05:52:16.729120
CASE_002830,CUST_01669,PAY_003646,payment,payment_failed,8961.29,limit_exceeded,independent,,2026-07-22 03:28:16.039598
CASE_002831,CUST_01670,PAY_000399,payment,payment_failed,2569.94,temporary_bank_failure,independent,,2026-08-20 00:28:15.814057
CASE_002832,CUST_01672,INV_001672,invoice,invoice_overdue,111830.72,authentication_failed,independent,,2026-04-09 20:32:17.091490
CASE_002833,CUST_01672,CHK_002594,checkout,checkout_abandoned,71551.66,,independent,,2026-06-29 19:21:16.804304
CASE_002834,CUST_01672,CHK_001704,checkout,checkout_abandoned,41056.92,,independent,,2026-07-13 02:11:16.643839
CASE_002835,CUST_01673,CHK_003019,checkout,checkout_abandoned,45531.95,,independent,,2026-07-03 18:27:16.884538
CASE_002836,CUST_01673,CHK_001134,checkout,checkout_abandoned,39420.44,,independent,,2026-07-14 06:37:16.513070
CASE_002837,CUST_01674,PAY_005926,payment,payment_failed,29063.01,limit_exceeded,independent,,2026-06-29 19:43:16.138958
CASE_002838,CUST_01675,PAY_003125,payment,payment_failed,38816.62,timeout,independent,,2026-07-15 09:44:16.017114
CASE_002839,CUST_01675,CHK_001449,checkout,checkout_abandoned,46623.07,,independent,,2026-07-22 20:32:16.573592
CASE_002840,CUST_01676,PAY_001890,payment,payment_failed,8140.23,blocked_instrument,independent,,2026-07-16 00:20:15.942675
CASE_002841,CUST_01677,CHK_001426,checkout,checkout_abandoned,40342.59,,independent,,2026-07-03 01:54:16.570302
CASE_002842,CUST_01678,PAY_006662,payment,payment_failed,11591.95,timeout,independent,,2026-08-16 05:20:16.177504
CASE_002843,CUST_01680,PAY_006941,payment,payment_failed,4698.97,authentication_failed,independent,,2026-07-22 08:09:16.189879
CASE_002844,CUST_01683,SUB_001683,subscription,subscription_failed,4202.26,temporary_bank_failure,independent,,2026-05-03 20:32:16.284756
CASE_002845,CUST_01683,CHK_001093,checkout,checkout_abandoned,48124.98,,independent,,2026-07-19 17:18:16.505357
CASE_002846,CUST_01683,CHK_001202,checkout,checkout_abandoned,21369.78,,independent,,2026-07-27 07:09:16.527404
CASE_002847,CUST_01685,INV_001685,invoice,invoice_overdue,8322.68,insufficient_funds,independent,,2026-05-19 20:32:17.092487
CASE_002848,CUST_01685,PAY_004972,payment,payment_failed,5488.14,temporary_bank_failure,independent,,2026-05-31 22:33:16.096861
CASE_002849,CUST_01685,PAY_002044,payment,payment_failed,6489.01,risk_decline,independent,,2026-07-09 15:03:15.951010
CASE_002850,CUST_01685,CHK_001912,checkout,checkout_abandoned,16493.31,,independent,,2026-07-10 06:38:15.987013
CASE_002851,CUST_01685,PAY_001752,payment,payment_failed,16936.48,authentication_failed,independent,,2026-07-16 03:38:15.931936
CASE_002852,CUST_01686,CHK_001354,checkout,checkout_abandoned,44326.05,,independent,,2026-05-30 11:46:16.553812
CASE_002853,CUST_01687,PAY_006045,payment,payment_failed,11144.37,timeout,independent,,2026-06-25 08:46:16.144429
CASE_002854,CUST_01687,PAY_004333,payment,payment_failed,17278.37,insufficient_funds,independent,,2026-07-06 07:57:16.070229
CASE_002855,CUST_01687,PAY_003408,payment,payment_failed,8277.56,insufficient_funds,independent,,2026-07-11 20:58:16.028439
CASE_002856,CUST_01688,PAY_000305,payment,payment_failed,20450.65,insufficient_funds,independent,,2026-08-19 02:02:15.809274
CASE_002857,CUST_01689,PAY_005585,payment,payment_failed,29547.37,timeout,independent,,2026-05-29 17:48:16.124375
CASE_002858,CUST_01690,SUB_001690,subscription,subscription_failed,1340.5,risk_decline,independent,,2026-06-25 20:32:16.284756
CASE_002859,CUST_01690,PAY_006720,payment,payment_failed,12275.02,blocked_instrument,independent,,2026-08-20 08:24:16.180011
CASE_002860,CUST_01691,PAY_005767,payment,payment_failed,49599.36,temporary_bank_failure,independent,,2026-06-07 14:33:16.132362
CASE_002861,CUST_01691,CHK_003277,checkout,checkout_abandoned,40661.56,,independent,,2026-07-10 03:23:16.945160
CASE_002862,CUST_01691,CHK_003096,checkout,checkout_abandoned,44765.96,,independent,,2026-07-18 03:16:16.907564
CASE_002863,CUST_01692,CHK_000464,checkout,checkout_abandoned,98253.36,,independent,,2026-08-05 14:24:16.403778
CASE_002864,CUST_01693,CHK_000662,checkout,checkout_abandoned,35810.32,,independent,,2026-06-27 07:39:16.434884
CASE_002865,CUST_01693,PAY_003866,payment,payment_failed,3952.57,authentication_failed,independent,,2026-06-28 19:03:16.049734
CASE_002866,CUST_01694,SUB_001694,subscription,subscription_failed,13324.51,risk_decline,independent,,2026-04-11 20:32:16.284756
CASE_002867,CUST_01695,CHK_001679,checkout,checkout_abandoned,87334.45,,independent,,2026-05-30 08:53:16.638856
CASE_002868,CUST_01695,PAY_003678,payment,payment_failed,19375.77,insufficient_funds,independent,,2026-06-28 21:11:16.040691
CASE_002869,CUST_01695,PAY_006846,payment,payment_failed,45650.57,insufficient_funds,independent,,2026-06-30 00:35:16.185492
CASE_002870,CUST_01697,SUB_001697,subscription,subscription_failed,18433.7,unknown_failure,independent,,2026-07-08 20:32:16.284756
CASE_002871,CUST_01698,CHK_000601,checkout,checkout_abandoned,8771.21,,independent,,2026-06-01 03:21:15.864262
CASE_002872,CUST_01699,INV_001699,invoice,invoice_overdue,59905.08,unknown_failure,independent,,2026-03-02 20:32:17.093483
CASE_002873,CUST_01699,SUB_001699,subscription,subscription_failed,24001.89,temporary_bank_failure,independent,,2026-03-07 20:32:16.284756
CASE_002874,CUST_01699,CHK_001648,checkout,checkout_abandoned,68739.85,,independent,,2026-08-02 19:25:16.631879
CASE_002875,CUST_01700,INV_001700,invoice,invoice_overdue,20023.55,risk_decline,independent,,2026-03-12 20:32:17.093483
CASE_002876,CUST_01701,PAY_005731,payment,payment_failed,79451.63,risk_decline,independent,,2026-05-28 16:09:16.129856
CASE_002877,CUST_01702,CHK_002796,checkout,checkout_abandoned,14386.55,,independent,,2026-07-10 02:52:16.846165
CASE_002878,CUST_01703,CHK_003352,checkout,checkout_abandoned,62221.05,,independent,,2026-08-03 10:00:16.958260
CASE_002879,CUST_01704,SUB_001704,subscription,subscription_failed,4294.63,authentication_failed,independent,,2026-03-08 20:32:16.284756
CASE_002880,CUST_01705,SUB_001705,subscription,subscription_failed,2907.02,temporary_bank_failure,independent,,2026-06-11 20:32:16.284756
CASE_002881,CUST_01705,CHK_000597,checkout,checkout_abandoned,36699.26,,independent,,2026-08-13 08:01:16.426840
CASE_002882,CUST_01706,INV_001706,invoice,invoice_overdue,35649.36,temporary_bank_failure,independent,,2026-05-24 20:32:17.093483
CASE_002883,CUST_01707,INV_001707,invoice,invoice_overdue,21938.78,timeout,independent,,2026-06-29 20:32:17.093483
CASE_002884,CUST_01708,CHK_001130,checkout,checkout_abandoned,38423.99,,independent,,2026-07-26 11:06:16.513070
CASE_002885,CUST_01708,SUB_001708,subscription,subscription_failed,3612.82,unknown_failure,independent,,2026-08-11 20:32:16.285854
CASE_002886,CUST_01709,INV_001709,invoice,invoice_overdue,121428.38,limit_exceeded,independent,,2026-04-30 20:32:17.093483
CASE_002887,CUST_01709,PAY_006286,payment,payment_failed,69625.49,blocked_instrument,independent,,2026-07-17 18:46:16.160647
CASE_002888,CUST_01710,CHK_002201,checkout,checkout_abandoned,17278.51,,independent,,2026-06-15 20:35:16.730314
CASE_002889,CUST_01711,INV_001711,invoice,invoice_overdue,29791.44,temporary_bank_failure,independent,,2026-03-03 20:32:17.093483
CASE_002890,CUST_01711,PAY_006249,payment,payment_failed,47073.65,timeout,independent,,2026-08-13 10:38:16.158641
CASE_002891,CUST_01712,PAY_000752,payment,payment_failed,40953.65,unknown_failure,independent,,2026-07-29 15:29:15.864262
CASE_002892,CUST_01713,PAY_002456,payment,payment_failed,21730.28,risk_decline,independent,,2026-08-22 09:12:15.974716
CASE_002893,CUST_01714,CHK_000726,checkout,checkout_abandoned,49955.65,,independent,,2026-08-16 23:16:16.448094
CASE_002894,CUST_01714,SUB_001714,subscription,subscription_failed,2399.95,temporary_bank_failure,independent,,2026-08-20 20:32:16.285854
CASE_002895,CUST_01714,PAY_002980,payment,payment_failed,15276.28,insufficient_funds,independent,,2026-08-23 05:46:16.010751
CASE_002896,CUST_01715,CHK_002871,checkout,checkout_abandoned,6706.57,,independent,,2026-07-03 12:48:16.856233
CASE_002897,CUST_01715,PAY_002438,payment,payment_failed,19699.88,risk_decline,independent,,2026-08-22 08:43:15.973719
CASE_002898,CUST_01717,PAY_004462,payment,payment_failed,30644.04,insufficient_funds,independent,,2026-07-06 12:27:16.075713
CASE_002899,CUST_01718,CHK_002616,checkout,checkout_abandoned,1982.95,,independent,,2026-06-04 21:12:16.810285
CASE_002900,CUST_01718,CHK_002214,checkout,checkout_abandoned,9094.15,,independent,,2026-06-23 02:56:15.905161
CASE_002901,CUST_01718,PAY_000751,payment,payment_failed,14733.84,unknown_failure,independent,,2026-07-11 20:58:15.864262
CASE_002902,CUST_01718,CHK_001055,checkout,checkout_abandoned,11022.33,,independent,,2026-07-14 20:09:16.011817
CASE_002903,CUST_01718,CHK_000057,checkout,checkout_abandoned,11230.9,,independent,,2026-07-14 20:11:16.011817
CASE_002904,CUST_01719,CHK_000970,checkout,checkout_abandoned,24938.42,,independent,,2026-08-04 09:18:16.486648
CASE_002905,CUST_01721,PAY_000253,payment,payment_failed,18326.2,insufficient_funds,independent,,2026-06-17 01:11:15.804626
CASE_002906,CUST_01721,CHK_003254,checkout,checkout_abandoned,16206.95,,independent,,2026-06-19 04:24:16.941907
CASE_002907,CUST_01721,INV_001721,invoice,invoice_overdue,12726.42,authentication_failed,independent,,2026-07-24 20:32:17.094808
CASE_002908,CUST_01722,SUB_001722,subscription,subscription_failed,7567.26,unknown_failure,independent,,2026-04-03 20:32:16.285854
CASE_002909,CUST_01722,PAY_002520,payment,payment_failed,17873.63,insufficient_funds,independent,,2026-06-08 05:20:15.979699
CASE_002910,CUST_01722,PAY_003184,payment,payment_failed,18604.44,insufficient_funds,independent,,2026-07-06 06:36:16.019313
CASE_002911,CUST_01723,CHK_001955,checkout,checkout_abandoned,5504.57,,independent,,2026-07-10 21:00:16.689082
CASE_002912,CUST_01724,PAY_001265,payment,payment_failed,41187.97,insufficient_funds,independent,,2026-06-17 12:34:15.896933
CASE_002913,CUST_01725,CHK_003118,checkout,checkout_abandoned,37627.62,,independent,,2026-07-29 19:00:16.066930
CASE_002914,CUST_01726,INV_001726,invoice,invoice_overdue,10945.95,temporary_bank_failure,independent,,2026-03-05 20:32:17.094808
CASE_002915,CUST_01726,CHK_003195,checkout,checkout_abandoned,5057.02,,independent,,2026-07-05 19:40:16.930560
CASE_002916,CUST_01727,CHK_002619,checkout,checkout_abandoned,17227.2,,independent,,2026-07-23 16:48:16.811281
CASE_002917,CUST_01727,CHK_001237,checkout,checkout_abandoned,16573.69,,independent,,2026-07-27 15:07:16.533952
CASE_002918,CUST_01728,CHK_003286,checkout,checkout_abandoned,14119.01,,independent,,2026-06-28 07:02:16.946264
CASE_002919,CUST_01729,CHK_003407,checkout,checkout_abandoned,45726.03,,independent,,2026-06-06 10:30:16.970197
CASE_002920,CUST_01729,CHK_000250,checkout,checkout_abandoned,6492.35,,independent,,2026-07-14 16:14:16.358230
CASE_002921,CUST_01730,PAY_001374,payment,payment_failed,48365.35,risk_decline,independent,,2026-06-22 04:18:15.902171
CASE_002922,CUST_01734,CHK_001434,checkout,checkout_abandoned,48111.32,,independent,,2026-06-12 07:56:16.571403
CASE_002923,CUST_01734,SUB_001734,subscription,subscription_failed,17978.54,authentication_failed,independent,,2026-07-23 20:32:16.285854
CASE_002924,CUST_01734,CHK_002910,checkout,checkout_abandoned,38268.1,,independent,,2026-07-26 02:10:16.865067
CASE_002925,CUST_01735,PAY_004088,payment,payment_failed,5903.92,timeout,independent,,2026-06-03 20:46:16.059278
CASE_002926,CUST_01735,CHK_001909,checkout,checkout_abandoned,18731.33,,independent,,2026-06-08 21:29:16.144429
CASE_002927,CUST_01735,CHK_001386,checkout,checkout_abandoned,14932.45,,independent,,2026-06-17 12:11:16.561499
CASE_002928,CUST_01735,CHK_001406,checkout,checkout_abandoned,7354.78,,independent,,2026-07-07 00:48:16.568109
CASE_002929,CUST_01736,PAY_000699,payment,payment_failed,34295.38,insufficient_funds,independent,,2026-06-06 22:45:15.862165
CASE_002930,CUST_01736,PAY_002679,payment,payment_failed,40461.73,limit_exceeded,independent,,2026-08-14 16:53:15.988026
CASE_002931,CUST_01737,SUB_001737,subscription,subscription_failed,14315.73,expired_instrument,independent,,2026-06-02 20:32:16.285854
CASE_002932,CUST_01737,CHK_001503,checkout,checkout_abandoned,25589.01,,independent,,2026-06-11 16:51:16.583509
CASE_002933,CUST_01738,CHK_003397,checkout,checkout_abandoned,26957.51,,independent,,2026-06-15 11:09:16.967982
CASE_002934,CUST_01738,SUB_001738,subscription,subscription_failed,3888.66,unknown_failure,independent,,2026-08-16 20:32:16.285854
CASE_002935,CUST_01739,SUB_001739,subscription,subscription_failed,4703.73,limit_exceeded,independent,,2026-03-11 20:32:16.285854
CASE_002936,CUST_01740,CHK_003269,checkout,checkout_abandoned,8846.69,,independent,,2026-06-03 05:55:16.943012
CASE_002937,CUST_01741,CHK_002432,checkout,checkout_abandoned,32976.34,,independent,,2026-05-30 15:38:16.775402
CASE_002938,CUST_01741,SUB_001741,subscription,subscription_failed,6413.69,temporary_bank_failure,independent,,2026-07-12 20:32:16.286953
CASE_002939,CUST_01742,CHK_002523,checkout,checkout_abandoned,25751.57,,independent,,2026-06-05 23:13:16.022647
CASE_002940,CUST_01743,INV_001743,invoice,invoice_overdue,26781.8,temporary_bank_failure,independent,,2026-04-20 20:32:17.096087
CASE_002941,CUST_01743,CHK_001099,checkout,checkout_abandoned,67232.04,,independent,,2026-06-04 10:28:16.506600
CASE_002942,CUST_01743,PAY_000410,payment,payment_failed,54412.82,temporary_bank_failure,independent,,2026-06-11 04:10:15.815161
CASE_002943,CUST_01744,CHK_002473,checkout,checkout_abandoned,2211.37,,independent,,2026-08-07 14:36:16.785369
CASE_002944,CUST_01745,SUB_001745,subscription,subscription_failed,2500.34,authentication_failed,independent,,2026-03-30 20:32:16.286953
CASE_002945,CUST_01746,CHK_001821,checkout,checkout_abandoned,16253.24,,independent,,2026-06-03 21:48:16.665705
CASE_002946,CUST_01746,SUB_001746,subscription,subscription_failed,7317.62,unknown_failure,independent,,2026-06-13 20:32:16.286953
CASE_002947,CUST_01746,PAY_000190,payment,payment_failed,6726.01,insufficient_funds,independent,,2026-06-25 06:45:15.801320
CASE_002948,CUST_01746,PAY_006473,payment,payment_failed,35017.34,unknown_failure,independent,,2026-07-03 11:18:16.169826
CASE_002949,CUST_01746,CHK_002757,checkout,checkout_abandoned,2144.42,,independent,,2026-07-16 10:36:16.838191
CASE_002950,CUST_01747,SUB_001747,subscription,subscription_failed,12176.33,temporary_bank_failure,independent,,2026-06-01 20:32:16.286953
CASE_002951,CUST_01747,CHK_003138,checkout,checkout_abandoned,18201.59,,independent,,2026-07-12 10:13:16.918539
CASE_002952,CUST_01748,CHK_001750,checkout,checkout_abandoned,1699.3,,independent,,2026-06-10 10:29:16.651812
CASE_002953,CUST_01748,CHK_002515,checkout,checkout_abandoned,23466.5,,independent,,2026-07-23 12:54:16.790352
CASE_002954,CUST_01748,CHK_002957,checkout,checkout_abandoned,2395.79,,independent,,2026-08-12 06:18:16.872743
CASE_002955,CUST_01749,SUB_001749,subscription,subscription_failed,6100.82,temporary_bank_failure,independent,,2026-03-08 20:32:16.286953
CASE_002956,CUST_01750,PAY_005076,payment,payment_failed,26980.26,limit_exceeded,independent,,2026-06-06 11:36:16.102352
CASE_002957,CUST_01751,CHK_000354,checkout,checkout_abandoned,82863.28,,independent,,2026-06-04 17:08:16.385613
CASE_002958,CUST_01751,PAY_000733,payment,payment_failed,81024.55,insufficient_funds,independent,,2026-06-21 13:44:15.864262
CASE_002959,CUST_01753,CHK_000212,checkout,checkout_abandoned,2387.72,,independent,,2026-07-16 03:28:16.350532
CASE_002960,CUST_01753,CHK_000330,checkout,checkout_abandoned,3758.55,,independent,,2026-08-07 16:19:16.378068
CASE_002961,CUST_01754,SUB_001754,subscription,subscription_failed,6025.97,unknown_failure,independent,,2026-05-30 20:32:16.286953
CASE_002962,CUST_01755,CHK_001973,checkout,checkout_abandoned,35662.04,,independent,,2026-08-14 14:50:16.689082
CASE_002963,CUST_01755,CHK_000512,checkout,checkout_abandoned,29261.72,,independent,,2026-08-23 13:48:16.411363
CASE_002964,CUST_01756,CHK_001186,checkout,checkout_abandoned,36071.75,,independent,,2026-07-26 00:48:16.524124
CASE_002965,CUST_01757,PAY_002590,payment,payment_failed,48256.06,insufficient_funds,independent,,2026-07-25 14:08:15.983965
CASE_002966,CUST_01761,CHK_003211,checkout,checkout_abandoned,19107.66,,independent,,2026-06-09 10:17:16.933854
CASE_002967,CUST_01761,INV_001761,invoice,invoice_overdue,50774.32,insufficient_funds,independent,,2026-06-28 20:32:17.097103
CASE_002968,CUST_01761,CHK_001367,checkout,checkout_abandoned,16462.47,,independent,,2026-07-06 19:27:16.555990
CASE_002969,CUST_01761,CHK_000689,checkout,checkout_abandoned,46893.96,,independent,,2026-08-22 19:59:16.116432
CASE_002970,CUST_01762,CHK_001351,checkout,checkout_abandoned,9021.46,,independent,,2026-08-23 18:39:16.552738
CASE_002971,CUST_01763,PAY_001534,payment,payment_failed,48947.43,risk_decline,independent,,2026-06-17 16:14:15.917230
CASE_002972,CUST_01764,CHK_000878,checkout,checkout_abandoned,90399.49,,independent,,2026-08-21 23:20:16.471212
CASE_002973,CUST_01765,SUB_001765,subscription,subscription_failed,2609.02,insufficient_funds,independent,,2026-05-19 20:32:16.286953
CASE_002974,CUST_01765,PAY_000021,payment,payment_failed,48611.78,unknown_failure,independent,,2026-07-07 16:47:15.791127
CASE_002975,CUST_01766,SUB_001766,subscription,subscription_failed,1140.67,limit_exceeded,independent,,2026-05-19 20:32:16.286953
CASE_002976,CUST_01766,PAY_000484,payment,payment_failed,34931.94,insufficient_funds,independent,,2026-07-02 12:24:15.845529
CASE_002977,CUST_01766,CHK_002348,checkout,checkout_abandoned,7008.48,,independent,,2026-08-13 18:57:16.756465
CASE_002978,CUST_01768,CHK_001711,checkout,checkout_abandoned,7437.07,,independent,,2026-08-10 16:45:16.644835
CASE_002979,CUST_01769,PAY_003808,payment,payment_failed,8848.11,insufficient_funds,independent,,2026-06-09 05:36:16.046439
CASE_002980,CUST_01769,PAY_002300,payment,payment_failed,7140.04,limit_exceeded,independent,,2026-07-24 20:27:15.963530
CASE_002981,CUST_01771,SUB_001771,subscription,subscription_failed,14568.18,temporary_bank_failure,independent,,2026-05-30 20:32:16.288054
CASE_002982,CUST_01771,PAY_000670,payment,payment_failed,47343.9,temporary_bank_failure,independent,,2026-06-21 12:46:15.861169
CASE_002983,CUST_01773,INV_001773,invoice,invoice_overdue,45772.34,unknown_failure,independent,,2026-05-08 20:32:17.097103
CASE_002984,CUST_01774,PAY_003612,payment,payment_failed,17955.42,authentication_failed,independent,,2026-07-03 03:11:16.038451
CASE_002985,CUST_01774,PAY_001951,payment,payment_failed,22164.07,blocked_instrument,independent,,2026-07-03 11:01:15.947023
CASE_002986,CUST_01775,PAY_005414,payment,payment_failed,3647.35,risk_decline,independent,,2026-05-28 12:17:16.116432
CASE_002987,CUST_01776,INV_001776,invoice,invoice_overdue,17267.34,authentication_failed,independent,,2026-05-21 20:32:17.097103
CASE_002988,CUST_01776,SUB_001776,subscription,subscription_failed,14790.02,unknown_failure,independent,,2026-06-22 20:32:16.288054
CASE_002989,CUST_01776,PAY_006434,payment,payment_failed,34147.43,temporary_bank_failure,independent,,2026-08-08 07:15:16.167635
CASE_002990,CUST_01776,PAY_004458,payment,payment_failed,46630.55,expired_instrument,independent,,2026-08-08 23:47:16.075713
CASE_002991,CUST_01777,PAY_005278,payment,payment_failed,9816.93,insufficient_funds,independent,,2026-05-30 02:51:16.111146
CASE_002992,CUST_01777,CHK_000423,checkout,checkout_abandoned,15531.21,,independent,,2026-07-26 01:31:16.398656
CASE_002993,CUST_01777,CHK_003444,checkout,checkout_abandoned,13856.44,,independent,,2026-07-30 21:55:16.977640
CASE_002994,CUST_01778,PAY_002558,payment,payment_failed,27255.83,insufficient_funds,independent,,2026-05-31 12:40:15.982689
CASE_002995,CUST_01778,PAY_005333,payment,payment_failed,3231.56,limit_exceeded,independent,,2026-06-02 21:44:16.113335
CASE_002996,CUST_01778,INV_001778,invoice,invoice_overdue,24734.26,authentication_failed,independent,,2026-07-13 20:32:17.097103
CASE_002997,CUST_01780,INV_001780,invoice,invoice_overdue,67283.36,insufficient_funds,independent,,2026-07-10 20:32:17.097103
CASE_002998,CUST_01780,PAY_001364,payment,payment_failed,22372.04,insufficient_funds,independent,,2026-08-12 19:01:15.902171
CASE_002999,CUST_01782,PAY_002985,payment,payment_failed,23419.44,risk_decline,independent,,2026-05-27 07:27:16.010751
CASE_003000,CUST_01782,CHK_002495,checkout,checkout_abandoned,41829.83,,independent,,2026-07-12 21:49:16.787361
CASE_003001,CUST_01783,PAY_004236,payment,payment_failed,39954.68,risk_decline,independent,,2026-08-11 10:22:16.065831
CASE_003002,CUST_01784,PAY_006824,payment,payment_failed,12493.68,temporary_bank_failure,independent,,2026-06-29 17:26:16.185492
CASE_003003,CUST_01785,CHK_000064,checkout,checkout_abandoned,14879.77,,independent,,2026-07-23 13:07:16.326175
CASE_003004,CUST_01787,PAY_001481,payment,payment_failed,43557.05,risk_decline,independent,,2026-07-25 14:00:15.910237
CASE_003005,CUST_01788,CHK_001699,checkout,checkout_abandoned,6997.39,,independent,,2026-07-31 05:34:16.642843
CASE_003006,CUST_01788,SUB_001788,subscription,subscription_failed,7616.76,authentication_failed,independent,,2026-08-06 20:32:16.288054
CASE_003007,CUST_01789,CHK_003316,checkout,checkout_abandoned,31327.18,,independent,,2026-06-10 20:09:16.951618
CASE_003008,CUST_01790,INV_001790,invoice,invoice_overdue,71870.88,expired_instrument,independent,,2026-04-13 20:32:17.098640
CASE_003009,CUST_01790,CHK_003338,checkout,checkout_abandoned,94461.89,,independent,,2026-06-09 01:16:16.954926
CASE_003010,CUST_01790,PAY_002559,payment,payment_failed,20076.39,expired_instrument,independent,,2026-06-30 10:35:15.982689
CASE_003011,CUST_01790,CHK_003173,checkout,checkout_abandoned,60485.5,,independent,,2026-07-14 22:04:16.926176
CASE_003012,CUST_01792,CHK_000610,checkout,checkout_abandoned,7345.36,,independent,,2026-05-28 02:38:16.429372
CASE_003013,CUST_01792,PAY_003932,payment,payment_failed,16351.99,insufficient_funds,independent,,2026-06-01 04:45:16.052224
CASE_003014,CUST_01792,PAY_006320,payment,payment_failed,11180.28,risk_decline,independent,,2026-07-18 13:50:16.161644
CASE_003015,CUST_01792,INV_001792,invoice,invoice_overdue,8835.38,limit_exceeded,independent,,2026-07-31 20:32:17.098640
CASE_003016,CUST_01795,INV_001795,invoice,invoice_overdue,5162.96,insufficient_funds,independent,,2026-05-26 20:32:17.098640
CASE_003017,CUST_01795,PAY_003821,payment,payment_failed,11646.61,insufficient_funds,independent,,2026-08-02 02:03:16.047537
CASE_003018,CUST_01796,CHK_000530,checkout,checkout_abandoned,6920.06,,independent,,2026-07-01 18:58:16.413682
CASE_003019,CUST_01796,CHK_000923,checkout,checkout_abandoned,36244.8,,independent,,2026-07-12 11:16:16.478933
CASE_003020,CUST_01796,CHK_001391,checkout,checkout_abandoned,4980.27,,independent,,2026-07-20 10:01:16.563698
CASE_003021,CUST_01797,INV_001797,invoice,invoice_overdue,31559.08,insufficient_funds,independent,,2026-04-29 20:32:17.098640
CASE_003022,CUST_01798,SUB_001798,subscription,subscription_failed,7438.7,temporary_bank_failure,independent,,2026-08-01 20:32:16.288054
CASE_003023,CUST_01799,SUB_001799,subscription,subscription_failed,14497.45,authentication_failed,independent,,2026-03-03 20:32:16.288054
CASE_003024,CUST_01799,CHK_000733,checkout,checkout_abandoned,22416.86,,independent,,2026-06-06 12:07:16.450292
CASE_003025,CUST_01799,CHK_000998,checkout,checkout_abandoned,48248.56,,independent,,2026-08-08 08:52:16.489933
CASE_003026,CUST_01799,PAY_005945,payment,payment_failed,29149.47,timeout,independent,,2026-08-08 20:36:16.140058
CASE_003027,CUST_01800,PAY_001455,payment,payment_failed,26376.72,temporary_bank_failure,independent,,2026-07-07 06:27:15.906250
CASE_003028,CUST_01801,CHK_002637,checkout,checkout_abandoned,70426.96,,independent,,2026-06-23 07:35:16.815268
CASE_003029,CUST_01802,CHK_001058,checkout,checkout_abandoned,35185.7,,independent,,2026-07-23 05:07:16.499895
CASE_003030,CUST_01803,PAY_004887,payment,payment_failed,6253.16,authentication_failed,independent,,2026-05-31 20:53:16.093587
CASE_003031,CUST_01803,CHK_003416,checkout,checkout_abandoned,38710.24,,independent,,2026-07-07 02:09:16.971685
CASE_003032,CUST_01803,CHK_001735,checkout,checkout_abandoned,47641.61,,independent,,2026-07-26 07:38:16.647826
CASE_003033,CUST_01807,CHK_002365,checkout,checkout_abandoned,37511.77,,independent,,2026-06-21 05:30:16.760451
CASE_003034,CUST_01807,CHK_000874,checkout,checkout_abandoned,23385.22,,independent,,2026-07-16 06:28:16.471212
CASE_003035,CUST_01808,INV_001808,invoice,invoice_overdue,45378.56,limit_exceeded,independent,,2026-04-07 20:32:17.098640
CASE_003036,CUST_01808,SUB_001808,subscription,subscription_failed,2594.13,unknown_failure,independent,,2026-05-15 20:32:16.288054
CASE_003037,CUST_01808,CHK_002805,checkout,checkout_abandoned,4531.54,,independent,,2026-07-20 09:02:16.846165
CASE_003038,CUST_01809,CHK_001694,checkout,checkout_abandoned,7447.61,,independent,,2026-06-18 15:30:15.929677
CASE_003039,CUST_01809,PAY_006272,payment,payment_failed,46598.6,limit_exceeded,independent,,2026-06-27 00:57:16.159652
CASE_003040,CUST_01810,PAY_006920,payment,payment_failed,97243.46,temporary_bank_failure,independent,,2026-06-21 13:13:16.188773
CASE_003041,CUST_01810,CHK_001783,checkout,checkout_abandoned,79937.74,,independent,,2026-06-28 20:53:16.657792
CASE_003042,CUST_01810,CHK_002373,checkout,checkout_abandoned,26367.4,,independent,,2026-08-05 05:17:16.762445
CASE_003043,CUST_01810,CHK_001580,checkout,checkout_abandoned,53472.21,,independent,,2026-08-15 17:11:16.616238
CASE_003044,CUST_01811,INV_001811,invoice,invoice_overdue,17294.62,insufficient_funds,independent,,2026-03-10 20:32:17.098640
CASE_003045,CUST_01812,CHK_003474,checkout,checkout_abandoned,28967.46,,independent,,2026-05-30 15:08:16.983629
CASE_003046,CUST_01812,CHK_002402,checkout,checkout_abandoned,39315.97,,independent,,2026-07-11 00:20:16.768425
CASE_003047,CUST_01812,PAY_005378,payment,payment_failed,24687.06,temporary_bank_failure,independent,,2026-07-15 07:09:16.115522
CASE_003048,CUST_01813,CHK_002372,checkout,checkout_abandoned,7630.7,,independent,,2026-05-31 19:23:16.142241
CASE_003049,CUST_01813,PAY_001602,payment,payment_failed,10038.0,unknown_failure,independent,,2026-07-09 04:36:15.923528
CASE_003050,CUST_01814,SUB_001814,subscription,subscription_failed,1865.89,timeout,independent,,2026-03-31 20:32:16.289301
CASE_003051,CUST_01814,PAY_000275,payment,payment_failed,18070.43,insufficient_funds,independent,,2026-07-04 04:17:15.806857
CASE_003052,CUST_01814,CHK_000792,checkout,checkout_abandoned,40313.39,,independent,,2026-07-10 18:12:16.459056
CASE_003053,CUST_01814,INV_001814,invoice,invoice_overdue,24405.5,expired_instrument,independent,,2026-07-14 20:32:17.099740
CASE_003054,CUST_01815,SUB_001815,subscription,subscription_failed,9104.58,timeout,independent,,2026-05-19 20:32:16.289301
CASE_003055,CUST_01816,CHK_002455,checkout,checkout_abandoned,10947.15,,independent,,2026-08-17 21:44:16.782379
CASE_003056,CUST_01818,CHK_000757,checkout,checkout_abandoned,62518.05,,independent,,2026-06-03 19:04:16.454673
CASE_003057,CUST_01819,SUB_001819,subscription,subscription_failed,13098.42,blocked_instrument,independent,,2026-05-02 20:32:16.289301
CASE_003058,CUST_01819,CHK_001163,checkout,checkout_abandoned,34441.68,,independent,,2026-06-23 13:11:16.520730
CASE_003059,CUST_01820,INV_001820,invoice,invoice_overdue,37303.86,expired_instrument,independent,,2026-08-04 20:32:17.099740
CASE_003060,CUST_01821,CHK_001883,checkout,checkout_abandoned,38783.1,,independent,,2026-07-23 04:10:16.676709
CASE_003061,CUST_01822,PAY_003743,payment,payment_failed,38749.75,expired_instrument,independent,,2026-07-17 01:10:16.044031
CASE_003062,CUST_01822,CHK_000715,checkout,checkout_abandoned,27170.73,,independent,,2026-08-11 01:32:16.178598
CASE_003063,CUST_01822,SUB_001822,subscription,subscription_failed,14464.53,insufficient_funds,independent,,2026-08-25 20:32:16.289301
CASE_003064,CUST_01823,INV_001823,invoice,invoice_overdue,36948.16,insufficient_funds,independent,,2026-08-19 20:32:17.099740
CASE_003065,CUST_01825,CHK_002151,checkout,checkout_abandoned,59264.87,,independent,,2026-06-13 02:03:16.720143
CASE_003066,CUST_01825,CHK_000322,checkout,checkout_abandoned,86729.59,,independent,,2026-07-30 12:04:16.375824
CASE_003067,CUST_01827,PAY_000274,payment,payment_failed,7789.56,insufficient_funds,independent,,2026-08-07 12:59:15.806857
CASE_003068,CUST_01827,CHK_000042,checkout,checkout_abandoned,7923.98,,independent,,2026-08-14 00:33:16.320024
CASE_003069,CUST_01828,CHK_000695,checkout,checkout_abandoned,16290.23,,independent,,2026-06-06 10:12:16.442578
CASE_003070,CUST_01828,CHK_001394,checkout,checkout_abandoned,18783.29,,independent,,2026-07-20 08:06:16.563698
CASE_003071,CUST_01829,CHK_002821,checkout,checkout_abandoned,20308.38,,independent,,2026-07-27 22:36:16.849634
CASE_003072,CUST_01830,PAY_006648,payment,payment_failed,29546.54,insufficient_funds,independent,,2026-06-29 16:23:16.177504
CASE_003073,CUST_01831,PAY_001442,payment,payment_failed,1104.61,timeout,independent,,2026-06-09 05:14:15.905161
CASE_003074,CUST_01832,PAY_004680,payment,payment_failed,31212.11,insufficient_funds,independent,,2026-06-14 18:58:16.084614
CASE_003075,CUST_01833,INV_001833,invoice,invoice_overdue,45930.33,risk_decline,independent,,2026-06-24 20:32:17.099740
CASE_003076,CUST_01833,PAY_002253,payment,payment_failed,25754.9,insufficient_funds,independent,,2026-06-30 20:33:15.960976
CASE_003077,CUST_01833,CHK_002944,checkout,checkout_abandoned,31269.26,,independent,,2026-08-23 22:02:16.870557
CASE_003078,CUST_01834,CHK_002485,checkout,checkout_abandoned,8314.61,,independent,,2026-06-15 18:57:16.786365
CASE_003079,CUST_01835,CHK_002048,checkout,checkout_abandoned,9284.51,,independent,,2026-06-10 19:54:16.108952
CASE_003080,CUST_01835,CHK_000451,checkout,checkout_abandoned,9607.14,,independent,,2026-06-11 00:08:16.108952
CASE_003081,CUST_01835,CHK_001014,checkout,checkout_abandoned,10215.5,,independent,,2026-06-11 13:11:16.491104
CASE_003082,CUST_01836,PAY_001785,payment,payment_failed,45474.8,risk_decline,independent,,2026-06-18 05:03:15.935333
CASE_003083,CUST_01838,SUB_001838,subscription,subscription_failed,5996.67,limit_exceeded,independent,,2026-03-06 20:32:16.289301
CASE_003084,CUST_01838,CHK_001383,checkout,checkout_abandoned,17407.68,,independent,,2026-06-20 00:25:16.560394
CASE_003085,CUST_01839,INV_001839,invoice,invoice_overdue,40232.45,temporary_bank_failure,independent,,2026-07-24 20:32:17.100834
CASE_003086,CUST_01839,CHK_002489,checkout,checkout_abandoned,6975.37,,independent,,2026-08-20 02:34:16.786365
CASE_003087,CUST_01840,INV_001840,invoice,invoice_overdue,41325.99,temporary_bank_failure,independent,,2026-04-13 20:32:17.100834
CASE_003088,CUST_01840,SUB_001840,subscription,subscription_failed,5895.64,timeout,independent,,2026-07-16 20:32:16.289301
CASE_003089,CUST_01841,CHK_002837,checkout,checkout_abandoned,8981.03,,independent,,2026-07-14 09:56:16.851823
CASE_003090,CUST_01841,CHK_002186,checkout,checkout_abandoned,32261.94,,independent,,2026-07-24 22:46:16.727128
CASE_003091,CUST_01842,SUB_001842,subscription,subscription_failed,3932.96,authentication_failed,independent,,2026-03-14 20:32:16.289301
CASE_003092,CUST_01842,CHK_000269,checkout,checkout_abandoned,41386.5,,independent,,2026-06-01 08:42:16.362613
CASE_003093,CUST_01842,PAY_006497,payment,payment_failed,5413.74,insufficient_funds,independent,,2026-06-05 11:41:16.170924
CASE_003094,CUST_01842,CHK_002401,checkout,checkout_abandoned,45479.2,,independent,,2026-06-12 07:15:16.768425
CASE_003095,CUST_01843,CHK_000534,checkout,checkout_abandoned,26933.35,,independent,,2026-05-29 17:16:16.413682
CASE_003096,CUST_01843,CHK_000569,checkout,checkout_abandoned,29044.77,,independent,,2026-07-12 16:18:16.422456
CASE_003097,CUST_01846,PAY_000589,payment,payment_failed,20721.13,insufficient_funds,independent,,2026-08-22 14:36:15.854100
CASE_003098,CUST_01847,INV_001847,invoice,invoice_overdue,19836.67,unknown_failure,independent,,2026-03-21 20:32:17.100834
CASE_003099,CUST_01848,PAY_005833,payment,payment_failed,49986.52,risk_decline,independent,,2026-07-08 17:09:16.134573
CASE_003100,CUST_01849,CHK_001634,checkout,checkout_abandoned,92980.03,,independent,,2026-06-21 11:06:16.629886
CASE_003101,CUST_01849,INV_001849,invoice,invoice_overdue,55017.07,unknown_failure,independent,,2026-06-22 20:32:17.100834
CASE_003102,CUST_01852,INV_001852,invoice,invoice_overdue,47605.63,limit_exceeded,independent,,2026-03-04 20:32:17.100834
CASE_003103,CUST_01852,CHK_000207,checkout,checkout_abandoned,24836.99,,independent,,2026-06-18 06:28:16.349431
CASE_003104,CUST_01853,INV_001853,invoice,invoice_overdue,136466.67,timeout,independent,,2026-03-20 20:32:17.100834
CASE_003105,CUST_01854,SUB_001854,subscription,subscription_failed,2590.26,expired_instrument,independent,,2026-05-21 20:32:16.290398
CASE_003106,CUST_01855,INV_001855,invoice,invoice_overdue,19181.54,unknown_failure,independent,,2026-04-19 20:32:17.100834
CASE_003107,CUST_01855,CHK_000259,checkout,checkout_abandoned,15806.69,,independent,,2026-06-12 12:36:16.361522
CASE_003108,CUST_01855,PAY_003587,payment,payment_failed,39665.96,limit_exceeded,independent,,2026-07-23 23:15:16.037350
CASE_003109,CUST_01855,CHK_001526,checkout,checkout_abandoned,43766.07,,independent,,2026-07-30 20:07:16.587919
CASE_003110,CUST_01857,CHK_000645,checkout,checkout_abandoned,2496.45,,independent,,2026-05-31 20:57:16.433788
CASE_003111,CUST_01857,CHK_003384,checkout,checkout_abandoned,24225.48,,independent,,2026-06-14 21:29:16.965790
CASE_003112,CUST_01857,CHK_001053,checkout,checkout_abandoned,5031.96,,independent,,2026-06-28 20:47:16.086999
CASE_003113,CUST_01857,PAY_000780,payment,payment_failed,49276.85,insufficient_funds,independent,,2026-07-06 09:32:15.865396
CASE_003114,CUST_01859,SUB_001859,subscription,subscription_failed,12651.32,temporary_bank_failure,independent,,2026-04-22 20:32:16.290398
CASE_003115,CUST_01859,INV_001859,invoice,invoice_overdue,35093.22,limit_exceeded,independent,,2026-08-10 20:32:17.101931
CASE_003116,CUST_01860,INV_001860,invoice,invoice_overdue,41356.67,temporary_bank_failure,independent,,2026-04-24 20:32:17.101931
CASE_003117,CUST_01860,SUB_001860,subscription,subscription_failed,7355.82,expired_instrument,independent,,2026-06-12 20:32:16.290398
CASE_003118,CUST_01861,SUB_001861,subscription,subscription_failed,1682.87,unknown_failure,independent,,2026-06-17 20:32:16.290398
CASE_003119,CUST_01861,CHK_001181,checkout,checkout_abandoned,17115.16,,independent,,2026-06-21 06:40:16.523010
CASE_003120,CUST_01861,PAY_005337,payment,payment_failed,37351.23,authentication_failed,independent,,2026-06-28 04:31:16.113335
CASE_003121,CUST_01863,SUB_001863,subscription,subscription_failed,2452.47,limit_exceeded,independent,,2026-04-22 20:32:16.290398
CASE_003122,CUST_01863,CHK_002706,checkout,checkout_abandoned,22228.84,,independent,,2026-06-04 05:23:16.830218
CASE_003123,CUST_01864,INV_001864,invoice,invoice_overdue,60307.0,temporary_bank_failure,independent,,2026-05-09 20:32:17.101931
CASE_003124,CUST_01864,CHK_001373,checkout,checkout_abandoned,6992.12,,independent,,2026-06-10 12:41:16.557093
CASE_003125,CUST_01865,CHK_002255,checkout,checkout_abandoned,39145.22,,independent,,2026-08-15 23:22:15.994371
CASE_003126,CUST_01865,SUB_001865,subscription,subscription_failed,9708.98,limit_exceeded,independent,,2026-08-22 20:32:16.290398
CASE_003127,CUST_01866,SUB_001866,subscription,subscription_failed,2299.91,blocked_instrument,independent,,2026-03-25 20:32:16.290398
CASE_003128,CUST_01866,CHK_002731,checkout,checkout_abandoned,45682.97,,independent,,2026-05-27 16:44:16.835201
CASE_003129,CUST_01866,PAY_004003,payment,payment_failed,20691.86,unknown_failure,independent,,2026-08-04 17:38:16.055991
CASE_003130,CUST_01867,SUB_001867,subscription,subscription_failed,7087.27,risk_decline,independent,,2026-03-22 20:32:16.290398
CASE_003131,CUST_01867,PAY_005991,payment,payment_failed,24641.71,limit_exceeded,independent,,2026-07-06 09:21:16.142241
CASE_003132,CUST_01867,CHK_002083,checkout,checkout_abandoned,12337.15,,independent,,2026-08-25 17:05:16.709099
CASE_003133,CUST_01870,CHK_002790,checkout,checkout_abandoned,37277.92,,independent,,2026-05-30 21:16:16.115522
CASE_003134,CUST_01870,CHK_001537,checkout,checkout_abandoned,34474.01,,independent,,2026-05-30 22:44:16.115522
CASE_003135,CUST_01871,CHK_002963,checkout,checkout_abandoned,5768.58,,independent,,2026-06-16 17:10:16.872743
CASE_003136,CUST_01871,CHK_003020,checkout,checkout_abandoned,34755.02,,independent,,2026-07-24 13:43:16.884538
CASE_003137,CUST_01872,SUB_001872,subscription,subscription_failed,1178.77,temporary_bank_failure,independent,,2026-03-24 20:32:16.290398
CASE_003138,CUST_01872,CHK_001493,checkout,checkout_abandoned,40436.59,,independent,,2026-06-06 21:18:16.581294
CASE_003139,CUST_01873,CHK_000939,checkout,checkout_abandoned,31834.57,,independent,,2026-06-16 19:18:16.483365
CASE_003140,CUST_01874,CHK_000180,checkout,checkout_abandoned,1417.55,,independent,,2026-07-08 21:44:16.345048
CASE_003141,CUST_01875,SUB_001875,subscription,subscription_failed,11359.98,authentication_failed,independent,,2026-08-25 20:32:16.291493
CASE_003142,CUST_01876,SUB_001876,subscription,subscription_failed,4378.52,timeout,independent,,2026-06-05 20:32:16.291493
CASE_003143,CUST_01878,PAY_005180,payment,payment_failed,22706.53,limit_exceeded,independent,,2026-05-27 06:51:16.106760
CASE_003144,CUST_01878,PAY_000267,payment,payment_failed,30731.16,authentication_failed,independent,,2026-06-02 13:55:15.805543
CASE_003145,CUST_01878,PAY_005817,payment,payment_failed,9768.33,timeout,independent,,2026-07-02 17:53:16.134573
CASE_003146,CUST_01878,PAY_004046,payment,payment_failed,1773.57,temporary_bank_failure,independent,,2026-07-26 16:48:16.057089
CASE_003147,CUST_01879,INV_001879,invoice,invoice_overdue,16530.09,timeout,independent,,2026-05-20 20:32:17.101931
CASE_003148,CUST_01879,PAY_003353,payment,payment_failed,10251.97,timeout,independent,,2026-07-06 09:23:16.026242
CASE_003149,CUST_01880,CHK_001074,checkout,checkout_abandoned,24450.88,,independent,,2026-08-23 23:05:16.502079
CASE_003150,CUST_01881,PAY_004548,payment,payment_failed,29659.09,temporary_bank_failure,independent,,2026-06-18 19:13:16.079147
CASE_003151,CUST_01882,CHK_000694,checkout,checkout_abandoned,18408.05,,independent,,2026-08-25 06:25:16.442578
CASE_003152,CUST_01883,SUB_001883,subscription,subscription_failed,3729.44,temporary_bank_failure,independent,,2026-05-06 20:32:16.291493
CASE_003153,CUST_01883,CHK_001977,checkout,checkout_abandoned,8199.05,,independent,,2026-06-08 13:55:16.690334
CASE_003154,CUST_01883,INV_001883,invoice,invoice_overdue,24710.41,blocked_instrument,independent,,2026-07-25 20:32:17.101931
CASE_003155,CUST_01884,CHK_002922,checkout,checkout_abandoned,46809.94,,independent,,2026-05-29 19:05:16.867265
CASE_003156,CUST_01885,INV_001885,invoice,invoice_overdue,51557.77,insufficient_funds,independent,,2026-06-05 20:32:17.103027
CASE_003157,CUST_01885,CHK_000090,checkout,checkout_abandoned,32260.48,,independent,,2026-08-17 10:37:16.331655
CASE_003158,CUST_01887,CHK_001726,checkout,checkout_abandoned,48425.28,,independent,,2026-08-05 06:43:16.646829
CASE_003159,CUST_01887,CHK_001169,checkout,checkout_abandoned,11339.27,,independent,,2026-08-16 00:22:16.520730
CASE_003160,CUST_01888,INV_001888,invoice,invoice_overdue,74293.32,temporary_bank_failure,independent,,2026-07-06 20:32:17.103027
CASE_003161,CUST_01890,SUB_001890,subscription,subscription_failed,9037.22,insufficient_funds,independent,,2026-08-24 20:32:16.291493
CASE_003162,CUST_01891,CHK_002744,checkout,checkout_abandoned,17005.48,,independent,,2026-07-03 07:51:16.837195
CASE_003163,CUST_01892,INV_001892,invoice,invoice_overdue,22533.96,insufficient_funds,independent,,2026-03-26 20:32:17.103027
CASE_003164,CUST_01893,CHK_000797,checkout,checkout_abandoned,3913.89,,independent,,2026-05-28 02:09:16.460262
CASE_003165,CUST_01893,SUB_001893,subscription,subscription_failed,6527.08,authentication_failed,independent,,2026-07-11 20:32:16.291493
CASE_003166,CUST_01894,INV_001894,invoice,invoice_overdue,60762.46,authentication_failed,independent,,2026-06-21 20:32:17.103027
CASE_003167,CUST_01894,CHK_003333,checkout,checkout_abandoned,43948.45,,independent,,2026-08-06 10:58:16.953827
CASE_003168,CUST_01895,CHK_001314,checkout,checkout_abandoned,96422.39,,independent,,2026-07-09 21:59:16.545020
CASE_003169,CUST_01896,PAY_003563,payment,payment_failed,2262.6,expired_instrument,independent,,2026-07-05 00:59:16.036252
CASE_003170,CUST_01897,CHK_003366,checkout,checkout_abandoned,23057.01,,independent,,2026-07-24 19:05:16.960364
CASE_003171,CUST_01898,PAY_006626,payment,payment_failed,7656.97,timeout,independent,,2026-07-27 04:18:16.176411
CASE_003172,CUST_01898,INV_001898,invoice,invoice_overdue,42529.48,timeout,independent,,2026-07-29 20:32:17.103027
CASE_003173,CUST_01899,INV_001899,invoice,invoice_overdue,144684.83,insufficient_funds,independent,,2026-07-16 20:32:17.103027
CASE_003174,CUST_01900,CHK_001137,checkout,checkout_abandoned,15037.79,,independent,,2026-07-03 16:59:16.513070
CASE_003175,CUST_01901,SUB_001901,subscription,subscription_failed,5775.87,risk_decline,independent,,2026-07-19 20:32:16.291493
CASE_003176,CUST_01901,CHK_001165,checkout,checkout_abandoned,48916.81,,independent,,2026-08-07 15:34:16.520730
CASE_003177,CUST_01902,INV_001902,invoice,invoice_overdue,25309.24,expired_instrument,independent,,2026-04-11 20:32:17.103027
CASE_003178,CUST_01902,PAY_005586,payment,payment_failed,25305.57,limit_exceeded,independent,,2026-05-29 18:29:16.124375
CASE_003179,CUST_01902,CHK_002626,checkout,checkout_abandoned,34841.44,,independent,,2026-06-21 01:33:16.812278
CASE_003180,CUST_01903,SUB_001903,subscription,subscription_failed,3702.41,temporary_bank_failure,independent,,2026-04-05 20:32:16.291493
CASE_003181,CUST_01903,CHK_001605,checkout,checkout_abandoned,20708.65,,independent,,2026-06-12 21:55:16.621781
CASE_003182,CUST_01903,CHK_003313,checkout,checkout_abandoned,27527.4,,independent,,2026-07-02 22:42:16.950512
CASE_003183,CUST_01903,INV_001903,invoice,invoice_overdue,26334.52,timeout,independent,,2026-08-02 20:32:17.103027
CASE_003184,CUST_01904,SUB_001904,subscription,subscription_failed,24514.9,risk_decline,independent,,2026-06-29 20:32:16.291493
CASE_003185,CUST_01905,INV_001905,invoice,invoice_overdue,16112.29,blocked_instrument,independent,,2026-04-08 20:32:17.103027
CASE_003186,CUST_01905,PAY_006935,payment,payment_failed,8041.97,temporary_bank_failure,independent,,2026-06-14 06:13:16.189879
CASE_003187,CUST_01906,CHK_001876,checkout,checkout_abandoned,35631.71,,independent,,2026-06-17 23:47:16.675697
CASE_003188,CUST_01906,CHK_002651,checkout,checkout_abandoned,32967.83,,independent,,2026-07-05 04:12:16.817261
CASE_003189,CUST_01909,SUB_001909,subscription,subscription_failed,3490.93,temporary_bank_failure,independent,,2026-03-03 20:32:16.292583
CASE_003190,CUST_01910,PAY_005434,payment,payment_failed,49675.65,unknown_failure,independent,,2026-06-07 09:24:16.117856
CASE_003191,CUST_01910,CHK_001961,checkout,checkout_abandoned,2990.93,,independent,,2026-06-25 22:59:16.689082
CASE_003192,CUST_01911,INV_001911,invoice,invoice_overdue,26552.49,temporary_bank_failure,independent,,2026-06-22 20:32:17.104125
CASE_003193,CUST_01911,CHK_003295,checkout,checkout_abandoned,21152.07,,independent,,2026-08-18 10:41:16.947276
CASE_003194,CUST_01911,CHK_003110,checkout,checkout_abandoned,21597.7,,independent,,2026-08-25 19:33:16.912558
CASE_003195,CUST_01912,CHK_001971,checkout,checkout_abandoned,11291.62,,independent,,2026-05-28 20:48:16.689082
CASE_003196,CUST_01912,CHK_000883,checkout,checkout_abandoned,11316.88,,independent,,2026-07-04 21:48:16.472310
CASE_003197,CUST_01912,PAY_002700,payment,payment_failed,5807.82,insufficient_funds,independent,,2026-08-04 17:22:15.989040
CASE_003198,CUST_01913,INV_001913,invoice,invoice_overdue,6628.3,authentication_failed,independent,,2026-03-03 20:32:17.104125
CASE_003199,CUST_01913,PAY_005828,payment,payment_failed,9650.36,temporary_bank_failure,independent,,2026-07-09 16:16:16.134573
CASE_003200,CUST_01914,CHK_002449,checkout,checkout_abandoned,4619.3,,independent,,2026-05-27 15:07:16.779388
CASE_003201,CUST_01914,CHK_000025,checkout,checkout_abandoned,34380.75,,independent,,2026-07-03 20:58:15.892172
CASE_003202,CUST_01914,INV_001914,invoice,invoice_overdue,19772.15,expired_instrument,independent,,2026-08-13 20:32:17.104125
CASE_003203,CUST_01915,INV_001915,invoice,invoice_overdue,3172.25,unknown_failure,independent,,2026-06-10 20:32:17.104125
CASE_003204,CUST_01916,PAY_005220,payment,payment_failed,10314.69,insufficient_funds,independent,,2026-06-11 01:52:16.107855
CASE_003205,CUST_01918,CHK_003393,checkout,checkout_abandoned,20564.29,,independent,,2026-07-14 14:56:16.967982
CASE_003206,CUST_01919,PAY_002252,payment,payment_failed,16594.63,authentication_failed,independent,,2026-06-09 00:43:15.960976
CASE_003207,CUST_01920,PAY_004905,payment,payment_failed,15463.89,insufficient_funds,independent,,2026-05-27 00:12:16.094679
CASE_003208,CUST_01921,PAY_006620,payment,payment_failed,5646.24,insufficient_funds,independent,,2026-07-08 21:57:16.175315
CASE_003209,CUST_01923,CHK_002206,checkout,checkout_abandoned,9117.96,,independent,,2026-07-26 23:32:16.731403
CASE_003210,CUST_01928,PAY_001737,payment,payment_failed,24348.64,authentication_failed,independent,,2026-07-07 14:30:15.931936
CASE_003211,CUST_01929,PAY_005579,payment,payment_failed,18087.16,timeout,independent,,2026-06-01 07:12:16.123281
CASE_003212,CUST_01929,CHK_001684,checkout,checkout_abandoned,39835.11,,independent,,2026-07-10 14:53:16.638856
CASE_003213,CUST_01931,CHK_001313,checkout,checkout_abandoned,36605.22,,independent,,2026-06-18 08:31:16.545020
CASE_003214,CUST_01933,INV_001933,invoice,invoice_overdue,126124.13,temporary_bank_failure,independent,,2026-03-16 20:32:17.105228
CASE_003215,CUST_01933,CHK_001278,checkout,checkout_abandoned,5026.94,,independent,,2026-07-09 08:35:16.538383
CASE_003216,CUST_01935,CHK_000975,checkout,checkout_abandoned,40727.4,,independent,,2026-05-27 14:44:16.487741
CASE_003217,CUST_01936,PAY_003296,payment,payment_failed,2920.1,blocked_instrument,independent,,2026-07-23 15:30:16.023746
CASE_003218,CUST_01937,CHK_001160,checkout,checkout_abandoned,15457.75,,independent,,2026-06-15 23:48:16.519639
CASE_003219,CUST_01937,CHK_001621,checkout,checkout_abandoned,30553.23,,independent,,2026-06-21 20:39:16.625899
CASE_003220,CUST_01938,PAY_005158,payment,payment_failed,26679.17,temporary_bank_failure,independent,,2026-06-02 10:17:16.105667
CASE_003221,CUST_01939,SUB_001939,subscription,subscription_failed,23575.24,temporary_bank_failure,independent,,2026-03-07 20:32:16.292583
CASE_003222,CUST_01941,INV_001941,invoice,invoice_overdue,5133.23,temporary_bank_failure,independent,,2026-04-26 20:32:17.105228
CASE_003223,CUST_01941,PAY_005455,payment,payment_failed,19446.79,limit_exceeded,independent,,2026-06-28 04:13:16.118986
CASE_003224,CUST_01942,CHK_000028,checkout,checkout_abandoned,7181.27,,independent,,2026-06-18 02:36:16.316920
CASE_003225,CUST_01942,CHK_000237,checkout,checkout_abandoned,49633.19,,independent,,2026-07-18 13:04:16.357134
CASE_003226,CUST_01943,SUB_001943,subscription,subscription_failed,3959.79,insufficient_funds,independent,,2026-03-20 20:32:16.293687
CASE_003227,CUST_01943,CHK_002331,checkout,checkout_abandoned,39813.54,,independent,,2026-06-04 04:31:16.752557
CASE_003228,CUST_01944,PAY_005491,payment,payment_failed,35868.54,timeout,independent,,2026-06-21 06:37:16.120005
CASE_003229,CUST_01944,CHK_000639,checkout,checkout_abandoned,4755.21,,independent,,2026-07-16 10:36:16.433788
CASE_003230,CUST_01944,PAY_004477,payment,payment_failed,22359.87,blocked_instrument,independent,,2026-08-01 12:57:16.075713
CASE_003231,CUST_01945,SUB_001945,subscription,subscription_failed,3465.15,insufficient_funds,independent,,2026-04-05 20:32:16.293687
CASE_003232,CUST_01945,PAY_006762,payment,payment_failed,14673.08,temporary_bank_failure,independent,,2026-07-09 02:56:16.182203
CASE_003233,CUST_01945,PAY_005754,payment,payment_failed,9001.67,temporary_bank_failure,independent,,2026-07-13 11:10:16.130946
CASE_003234,CUST_01945,PAY_006290,payment,payment_failed,7113.61,timeout,independent,,2026-08-07 21:21:16.160647
CASE_003235,CUST_01946,SUB_001946,subscription,subscription_failed,4117.0,expired_instrument,independent,,2026-04-03 20:32:16.293687
CASE_003236,CUST_01946,CHK_003152,checkout,checkout_abandoned,4607.4,,independent,,2026-06-25 00:36:16.921528
CASE_003237,CUST_01948,PAY_002926,payment,payment_failed,2559.42,timeout,independent,,2026-08-17 07:15:16.005550
CASE_003238,CUST_01950,CHK_000371,checkout,checkout_abandoned,33390.13,,independent,,2026-07-21 11:33:16.388602
CASE_003239,CUST_01951,PAY_001646,payment,payment_failed,20075.65,expired_instrument,independent,,2026-06-28 15:18:15.925521
CASE_003240,CUST_01952,PAY_001718,payment,payment_failed,9684.98,limit_exceeded,independent,,2026-05-31 10:11:15.929677
CASE_003241,CUST_01952,PAY_005092,payment,payment_failed,13452.77,insufficient_funds,independent,,2026-08-14 13:06:16.102352
CASE_003242,CUST_01954,PAY_003470,payment,payment_failed,7553.49,temporary_bank_failure,independent,,2026-06-14 19:44:16.031728
CASE_003243,CUST_01954,PAY_005663,payment,payment_failed,8252.07,unknown_failure,independent,,2026-08-07 07:34:16.127657
CASE_003244,CUST_01955,CHK_000144,checkout,checkout_abandoned,47743.43,,independent,,2026-05-28 21:12:16.338465
CASE_003245,CUST_01955,PAY_003394,payment,payment_failed,20742.97,timeout,independent,,2026-06-17 15:23:16.028439
CASE_003246,CUST_01957,INV_001957,invoice,invoice_overdue,6387.2,insufficient_funds,independent,,2026-02-28 20:32:17.106336
CASE_003247,CUST_01957,CHK_003153,checkout,checkout_abandoned,17476.73,,independent,,2026-07-18 06:06:16.922525
CASE_003248,CUST_01958,CHK_002893,checkout,checkout_abandoned,33020.09,,independent,,2026-06-05 03:33:16.859534
CASE_003249,CUST_01958,CHK_003140,checkout,checkout_abandoned,16000.88,,independent,,2026-07-09 19:35:16.919535
CASE_003250,CUST_01959,SUB_001959,subscription,subscription_failed,4516.94,insufficient_funds,independent,,2026-05-06 20:32:16.293687
CASE_003251,CUST_01959,INV_001959,invoice,invoice_overdue,43119.11,timeout,independent,,2026-07-21 20:32:17.106336
CASE_003252,CUST_01961,PAY_001584,payment,payment_failed,44571.64,insufficient_funds,independent,,2026-08-23 07:46:15.921353
CASE_003253,CUST_01962,INV_001962,invoice,invoice_overdue,23657.19,blocked_instrument,independent,,2026-04-19 20:32:17.106336
CASE_003254,CUST_01963,SUB_001963,subscription,subscription_failed,14728.97,insufficient_funds,independent,,2026-03-11 20:32:16.293687
CASE_003255,CUST_01964,CHK_002319,checkout,checkout_abandoned,23691.59,,independent,,2026-06-21 17:36:16.750371
CASE_003256,CUST_01964,CHK_002896,checkout,checkout_abandoned,5994.04,,independent,,2026-06-29 03:00:15.802421
CASE_003257,CUST_01964,CHK_001789,checkout,checkout_abandoned,33436.68,,independent,,2026-07-20 01:01:16.658789
CASE_003258,CUST_01964,PAY_006990,payment,payment_failed,27361.08,timeout,independent,,2026-08-05 21:00:16.192076
CASE_003259,CUST_01965,CHK_001487,checkout,checkout_abandoned,29493.56,,independent,,2026-06-18 07:53:16.579091
CASE_003260,CUST_01965,PAY_003844,payment,payment_failed,14168.98,unknown_failure,independent,,2026-08-08 03:44:16.048637
CASE_003261,CUST_01966,INV_001966,invoice,invoice_overdue,11724.21,temporary_bank_failure,independent,,2026-08-17 20:32:17.106336
CASE_003262,CUST_01968,PAY_006333,payment,payment_failed,4017.74,unknown_failure,independent,,2026-07-06 07:37:16.163150
CASE_003263,CUST_01968,INV_001968,invoice,invoice_overdue,69529.51,authentication_failed,independent,,2026-07-28 20:32:17.106336
CASE_003264,CUST_01969,CHK_002779,checkout,checkout_abandoned,1527.78,,independent,,2026-06-09 20:11:16.841181
CASE_003265,CUST_01969,CHK_000800,checkout,checkout_abandoned,25140.7,,independent,,2026-06-28 19:15:16.460262
CASE_003266,CUST_01971,INV_001971,invoice,invoice_overdue,39897.94,authentication_failed,independent,,2026-06-03 20:32:17.106336
CASE_003267,CUST_01971,PAY_003259,payment,payment_failed,45857.95,timeout,independent,,2026-06-12 06:10:16.022647
CASE_003268,CUST_01971,CHK_003008,checkout,checkout_abandoned,16970.0,,independent,,2026-08-02 13:10:16.882326
CASE_003269,CUST_01972,SUB_001972,subscription,subscription_failed,4777.32,risk_decline,independent,,2026-05-09 20:32:16.293687
CASE_003270,CUST_01972,CHK_001861,checkout,checkout_abandoned,10266.79,,independent,,2026-07-03 19:10:16.672296
CASE_003271,CUST_01972,PAY_004441,payment,payment_failed,10542.29,authentication_failed,independent,,2026-07-28 21:04:16.074624
CASE_003272,CUST_01973,INV_001973,invoice,invoice_overdue,3541.09,temporary_bank_failure,independent,,2026-05-23 20:32:17.106336
CASE_003273,CUST_01973,PAY_006713,payment,payment_failed,18746.39,temporary_bank_failure,independent,,2026-06-20 20:41:16.180011
CASE_003274,CUST_01973,PAY_001779,payment,payment_failed,3698.68,insufficient_funds,independent,,2026-07-04 09:25:15.934330
CASE_003275,CUST_01973,PAY_002928,payment,payment_failed,5054.85,temporary_bank_failure,independent,,2026-08-14 20:21:16.005550
CASE_003276,CUST_01975,PAY_001926,payment,payment_failed,16832.41,risk_decline,independent,,2026-06-22 14:51:15.944669
CASE_003277,CUST_01976,CHK_002418,checkout,checkout_abandoned,18757.54,,independent,,2026-06-04 06:31:16.772411
CASE_003278,CUST_01977,CHK_001916,checkout,checkout_abandoned,31927.22,,independent,,2026-08-15 21:44:16.682506
CASE_003279,CUST_01978,CHK_003446,checkout,checkout_abandoned,23061.45,,independent,,2026-06-21 02:54:16.978390
CASE_003280,CUST_01979,PAY_006078,payment,payment_failed,47290.87,authentication_failed,independent,,2026-07-22 03:29:16.145524
CASE_003281,CUST_01979,PAY_005230,payment,payment_failed,2898.4,timeout,independent,,2026-08-23 20:54:16.108952
CASE_003282,CUST_01980,PAY_005399,payment,payment_failed,26730.36,limit_exceeded,independent,,2026-06-09 07:11:16.116432
CASE_003283,CUST_01981,PAY_006400,payment,payment_failed,35819.81,unknown_failure,independent,,2026-06-20 16:25:16.166543
CASE_003284,CUST_01982,SUB_001982,subscription,subscription_failed,17128.3,temporary_bank_failure,independent,,2026-06-28 20:32:16.294781
CASE_003285,CUST_01985,PAY_006147,payment,payment_failed,29989.22,expired_instrument,independent,,2026-06-22 17:55:16.150982
CASE_003286,CUST_01985,PAY_000943,payment,payment_failed,24135.79,risk_decline,independent,,2026-07-20 23:08:15.873190
CASE_003287,CUST_01986,INV_001986,invoice,invoice_overdue,23547.05,blocked_instrument,independent,,2026-05-26 20:32:17.107429
CASE_003288,CUST_01986,CHK_001332,checkout,checkout_abandoned,6995.86,,independent,,2026-07-09 10:25:16.548324
CASE_003289,CUST_01987,CHK_002900,checkout,checkout_abandoned,1626.87,,independent,,2026-06-18 03:25:16.861736
CASE_003290,CUST_01988,SUB_001988,subscription,subscription_failed,14765.38,expired_instrument,independent,,2026-03-29 20:32:16.294781
CASE_003291,CUST_01988,CHK_000606,checkout,checkout_abandoned,20365.8,,independent,,2026-07-31 14:06:16.429372
CASE_003292,CUST_01989,PAY_006811,payment,payment_failed,35487.64,temporary_bank_failure,independent,,2026-06-01 15:23:16.184396
CASE_003293,CUST_01989,PAY_002627,payment,payment_failed,6415.08,insufficient_funds,independent,,2026-06-04 02:40:15.985998
CASE_003294,CUST_01990,INV_001990,invoice,invoice_overdue,48622.3,temporary_bank_failure,independent,,2026-05-08 20:32:17.107429
CASE_003295,CUST_01990,PAY_006971,payment,payment_failed,43331.22,unknown_failure,independent,,2026-07-22 14:05:16.190976
CASE_003296,CUST_01991,INV_001991,invoice,invoice_overdue,47209.86,timeout,independent,,2026-04-08 20:32:17.107429
CASE_003297,CUST_01991,SUB_001991,subscription,subscription_failed,4679.48,limit_exceeded,independent,,2026-04-11 20:32:16.294781
CASE_003298,CUST_01993,INV_001993,invoice,invoice_overdue,50954.86,insufficient_funds,independent,,2026-03-14 20:32:17.107429
CASE_003299,CUST_01993,CHK_001224,checkout,checkout_abandoned,35850.84,,independent,,2026-05-29 15:44:16.530680
CASE_003300,CUST_01993,PAY_006312,payment,payment_failed,4444.08,insufficient_funds,independent,,2026-08-21 04:41:16.161644
CASE_003301,CUST_01994,SUB_001994,subscription,subscription_failed,2450.99,timeout,independent,,2026-04-11 20:32:16.294781
CASE_003302,CUST_01994,PAY_002991,payment,payment_failed,3243.3,insufficient_funds,independent,,2026-06-02 22:30:16.010751
CASE_003303,CUST_01994,CHK_000544,checkout,checkout_abandoned,34646.58,,independent,,2026-06-29 20:41:16.415875
CASE_003304,CUST_01994,CHK_001081,checkout,checkout_abandoned,4816.04,,independent,,2026-07-02 02:02:16.504267
CASE_003305,CUST_01995,SUB_001995,subscription,subscription_failed,14628.78,insufficient_funds,independent,,2026-05-21 20:32:16.294781
CASE_003306,CUST_01995,CHK_001435,checkout,checkout_abandoned,39669.13,,independent,,2026-06-10 15:28:15.904164
CASE_003307,CUST_01996,SUB_001996,subscription,subscription_failed,14705.03,insufficient_funds,independent,,2026-05-23 20:32:16.294781
CASE_003308,CUST_01997,INV_001997,invoice,invoice_overdue,8953.37,timeout,independent,,2026-03-08 20:32:17.107429
CASE_003309,CUST_01997,CHK_001338,checkout,checkout_abandoned,46707.27,,independent,,2026-08-22 00:31:16.551631
CASE_003310,CUST_01998,CHK_002469,checkout,checkout_abandoned,19376.84,,independent,,2026-05-27 08:42:16.784372
CASE_003311,CUST_01999,CHK_001543,checkout,checkout_abandoned,1212.33,,independent,,2026-06-11 17:31:16.592326
CASE_003312,CUST_01999,PAY_006674,payment,payment_failed,8686.08,insufficient_funds,independent,,2026-07-09 02:39:16.178598
