checkout_id,customer_id,amount,status,checkout_stage,created_at,abandoned_at
UNSEEN_CHK_000001,UNSEEN_CUST_00334,41797.7,abandoned,payment_page,2026-08-03 23:06:42.112079,2026-08-03 23:42:42.112079
UNSEEN_CHK_000002,UNSEEN_CUST_01642,21895.13,abandoned,address,2026-08-03 01:59:42.280726,2026-08-03 03:06:42.280726
UNSEEN_CHK_000003,UNSEEN_CUST_00008,3953.41,completed,review,2026-06-21 21:44:42.280726,
UNSEEN_CHK_000004,UNSEEN_CUST_00036,3223.98,completed,review,2026-08-24 04:36:42.280726,
UNSEEN_CHK_000005,UNSEEN_CUST_01431,30832.59,abandoned,payment_attempt,2026-08-10 13:05:41.839479,2026-08-10 14:02:41.839479
UNSEEN_CHK_000006,UNSEEN_CUST_01959,40537.77,completed,address,2026-06-29 21:36:42.282727,
UNSEEN_CHK_000007,UNSEEN_CUST_00351,29933.8,abandoned,payment_page,2026-06-16 10:43:42.282727,2026-06-16 11:38:42.282727
UNSEEN_CHK_000008,UNSEEN_CUST_00173,44702.77,abandoned,payment_attempt,2026-07-10 18:29:42.282727,2026-07-10 20:13:42.282727
UNSEEN_CHK_000009,UNSEEN_CUST_01104,20304.68,completed,payment_attempt,2026-07-03 12:36:42.282727,
UNSEEN_CHK_000010,UNSEEN_CUST_00400,35188.35,abandoned,payment_attempt,2026-07-08 16:26:41.980067,2026-07-08 17:56:41.980067
UNSEEN_CHK_000011,UNSEEN_CUST_00338,34222.64,completed,payment_attempt,2026-06-25 01:57:42.284726,
UNSEEN_CHK_000012,UNSEEN_CUST_00011,1701.76,abandoned,payment_page,2026-06-06 19:24:42.086072,2026-06-06 21:02:42.086072
UNSEEN_CHK_000013,UNSEEN_CUST_00193,40852.97,completed,payment_attempt,2026-07-30 22:34:42.285814,
UNSEEN_CHK_000014,UNSEEN_CUST_00740,26576.6,expired,address,2026-05-30 21:05:42.285814,2026-05-30 21:44:42.285814
UNSEEN_CHK_000015,UNSEEN_CUST_01832,39898.62,abandoned,payment_attempt,2026-07-06 03:45:42.079077,2026-07-06 04:54:42.079077
UNSEEN_CHK_000016,UNSEEN_CUST_01075,69257.14,completed,payment_attempt,2026-07-28 02:57:42.288725,
UNSEEN_CHK_000017,UNSEEN_CUST_01203,21292.49,abandoned,payment_attempt,2026-07-09 07:06:42.288725,2026-07-09 07:41:42.288725
UNSEEN_CHK_000018,UNSEEN_CUST_00428,21998.86,abandoned,payment_attempt,2026-06-30 20:25:42.288725,2026-06-30 21:42:42.288725
UNSEEN_CHK_000019,UNSEEN_CUST_00954,36615.82,abandoned,payment_page,2026-08-26 15:06:42.288725,2026-08-26 16:10:42.288725
UNSEEN_CHK_000020,UNSEEN_CUST_01765,28215.34,abandoned,payment_attempt,2026-06-12 02:19:42.288725,2026-06-12 03:39:42.288725
UNSEEN_CHK_000021,UNSEEN_CUST_00027,38534.93,expired,review,2026-07-04 05:06:42.289725,2026-07-04 07:02:42.289725
UNSEEN_CHK_000022,UNSEEN_CUST_01959,23926.41,abandoned,review,2026-06-23 04:00:42.289725,2026-06-23 04:31:42.289725
UNSEEN_CHK_000023,UNSEEN_CUST_01761,42236.71,abandoned,payment_attempt,2026-08-20 09:01:42.031066,2026-08-20 09:04:42.031066
UNSEEN_CHK_000024,UNSEEN_CUST_00699,65491.36,abandoned,payment_page,2026-06-12 08:11:42.122986,2026-06-12 09:53:42.122986
UNSEEN_CHK_000025,UNSEEN_CUST_01542,7526.09,completed,payment_attempt,2026-08-02 14:08:42.294724,
UNSEEN_CHK_000026,UNSEEN_CUST_00302,3364.95,expired,address,2026-08-21 10:30:42.294724,2026-08-21 11:10:42.294724
UNSEEN_CHK_000027,UNSEEN_CUST_00804,44261.2,completed,review,2026-06-20 21:22:42.294724,
UNSEEN_CHK_000028,UNSEEN_CUST_01905,44990.1,completed,review,2026-06-16 12:02:42.294724,
UNSEEN_CHK_000029,UNSEEN_CUST_00124,6952.4,abandoned,payment_attempt,2026-07-16 03:47:42.294724,2026-07-16 04:26:42.294724
UNSEEN_CHK_000030,UNSEEN_CUST_01093,2100.1,abandoned,payment_attempt,2026-06-18 05:58:42.078066,2026-06-18 07:34:42.078066
UNSEEN_CHK_000031,UNSEEN_CUST_01813,49332.63,completed,payment_attempt,2026-07-12 21:38:42.295725,
UNSEEN_CHK_000032,UNSEEN_CUST_01250,19607.84,completed,payment_page,2026-07-20 22:18:42.295725,
UNSEEN_CHK_000033,UNSEEN_CUST_00933,36697.85,completed,payment_attempt,2026-07-26 17:00:42.295725,
UNSEEN_CHK_000034,UNSEEN_CUST_00992,17119.32,completed,payment_attempt,2026-06-02 04:01:42.296725,
UNSEEN_CHK_000035,UNSEEN_CUST_00908,38024.44,abandoned,payment_attempt,2026-08-07 15:45:42.068066,2026-08-07 16:11:42.068066
UNSEEN_CHK_000036,UNSEEN_CUST_00602,15829.59,completed,review,2026-08-21 22:37:42.297724,
UNSEEN_CHK_000037,UNSEEN_CUST_01264,19359.76,completed,payment_page,2026-06-12 01:33:42.297724,
UNSEEN_CHK_000038,UNSEEN_CUST_01697,38487.27,completed,payment_attempt,2026-07-15 17:47:42.298724,
UNSEEN_CHK_000039,UNSEEN_CUST_00276,12102.92,completed,payment_attempt,2026-06-17 18:41:42.298724,
UNSEEN_CHK_000040,UNSEEN_CUST_00807,7325.96,abandoned,payment_attempt,2026-06-16 04:15:42.298724,2026-06-16 05:37:42.298724
UNSEEN_CHK_000041,UNSEEN_CUST_00178,40844.34,completed,review,2026-06-13 04:15:42.298724,
UNSEEN_CHK_000042,UNSEEN_CUST_01330,14483.64,abandoned,review,2026-08-21 18:04:42.298724,2026-08-21 19:47:42.298724
UNSEEN_CHK_000043,UNSEEN_CUST_00067,9708.58,completed,payment_page,2026-08-10 04:19:42.298724,
UNSEEN_CHK_000044,UNSEEN_CUST_00736,23652.72,completed,payment_attempt,2026-06-17 13:23:42.298724,
UNSEEN_CHK_000045,UNSEEN_CUST_01566,46075.57,abandoned,payment_attempt,2026-07-10 12:51:41.916985,2026-07-10 13:56:41.916985
UNSEEN_CHK_000046,UNSEEN_CUST_00601,33097.07,abandoned,payment_attempt,2026-07-26 15:29:42.081065,2026-07-26 15:31:42.081065
UNSEEN_CHK_000047,UNSEEN_CUST_00067,15298.89,completed,address,2026-06-11 09:00:42.300724,
UNSEEN_CHK_000048,UNSEEN_CUST_00179,45594.73,abandoned,payment_page,2026-06-24 22:46:42.025070,2026-06-24 23:45:42.025070
UNSEEN_CHK_000049,UNSEEN_CUST_01284,9078.94,expired,payment_page,2026-06-03 22:37:42.301724,2026-06-03 23:23:42.301724
UNSEEN_CHK_000050,UNSEEN_CUST_01760,3243.59,completed,payment_page,2026-08-19 20:46:42.301724,
UNSEEN_CHK_000051,UNSEEN_CUST_01785,12923.27,abandoned,review,2026-06-28 21:04:42.302724,2026-06-28 21:56:42.302724
UNSEEN_CHK_000052,UNSEEN_CUST_00252,4295.63,completed,payment_page,2026-07-03 03:28:42.302724,
UNSEEN_CHK_000053,UNSEEN_CUST_01214,2888.1,completed,address,2026-07-18 02:44:42.302724,
UNSEEN_CHK_000054,UNSEEN_CUST_01098,12627.84,abandoned,payment_attempt,2026-06-15 20:54:42.015073,2026-06-15 20:58:42.015073
UNSEEN_CHK_000055,UNSEEN_CUST_00301,42530.53,abandoned,review,2026-06-04 09:31:42.303724,2026-06-04 10:59:42.303724
UNSEEN_CHK_000056,UNSEEN_CUST_01073,10356.76,completed,address,2026-08-25 14:23:42.303724,
UNSEEN_CHK_000057,UNSEEN_CUST_00244,45644.88,completed,address,2026-08-09 19:31:42.303724,
UNSEEN_CHK_000058,UNSEEN_CUST_01047,40951.55,abandoned,payment_attempt,2026-06-18 04:07:42.012074,2026-06-18 04:20:42.012074
UNSEEN_CHK_000059,UNSEEN_CUST_01621,20560.65,expired,address,2026-08-01 20:43:42.304724,2026-08-01 22:34:42.304724
UNSEEN_CHK_000060,UNSEEN_CUST_01732,2181.28,expired,review,2026-06-23 21:38:42.304724,2026-06-23 22:28:42.304724
UNSEEN_CHK_000061,UNSEEN_CUST_01137,39809.84,abandoned,payment_page,2026-06-25 06:42:41.982986,2026-06-25 06:58:41.982986
UNSEEN_CHK_000062,UNSEEN_CUST_00676,22488.09,completed,payment_attempt,2026-06-05 11:18:42.306723,
UNSEEN_CHK_000063,UNSEEN_CUST_01661,41403.2,completed,address,2026-06-19 10:52:42.306723,
UNSEEN_CHK_000064,UNSEEN_CUST_00821,43374.36,completed,address,2026-07-05 03:40:42.306723,
UNSEEN_CHK_000065,UNSEEN_CUST_00577,11911.86,abandoned,payment_page,2026-08-17 02:04:41.952989,2026-08-17 03:59:41.952989
UNSEEN_CHK_000066,UNSEEN_CUST_00062,7434.28,abandoned,address,2026-06-14 03:49:42.307723,2026-06-14 04:54:42.307723
UNSEEN_CHK_000067,UNSEEN_CUST_00289,4292.85,abandoned,payment_attempt,2026-06-21 22:10:42.008077,2026-06-21 23:27:42.008077
UNSEEN_CHK_000068,UNSEEN_CUST_01547,26425.08,completed,review,2026-06-15 15:37:42.308723,
UNSEEN_CHK_000069,UNSEEN_CUST_00226,19122.47,abandoned,payment_attempt,2026-07-17 08:13:42.004988,2026-07-17 08:39:42.004988
UNSEEN_CHK_000070,UNSEEN_CUST_00740,40865.89,abandoned,review,2026-07-23 09:25:42.309724,2026-07-23 10:03:42.309724
UNSEEN_CHK_000071,UNSEEN_CUST_01342,20063.17,abandoned,payment_page,2026-06-25 15:53:42.310761,2026-06-25 17:07:42.310761
UNSEEN_CHK_000072,UNSEEN_CUST_01857,23259.76,abandoned,payment_attempt,2026-06-23 16:20:42.111073,2026-06-23 16:52:42.111073
UNSEEN_CHK_000073,UNSEEN_CUST_00020,41891.53,abandoned,payment_attempt,2026-07-02 08:13:42.311724,2026-07-02 09:24:42.311724
UNSEEN_CHK_000074,UNSEEN_CUST_01793,49212.68,completed,review,2026-06-23 05:14:42.312723,
UNSEEN_CHK_000075,UNSEEN_CUST_00399,3411.13,abandoned,payment_attempt,2026-07-27 10:58:41.943990,2026-07-27 12:34:41.943990
UNSEEN_CHK_000076,UNSEEN_CUST_00952,17292.39,abandoned,review,2026-07-21 14:10:42.313725,2026-07-21 15:33:42.313725
UNSEEN_CHK_000077,UNSEEN_CUST_01051,28780.65,expired,payment_attempt,2026-08-05 20:50:42.313725,2026-08-05 22:29:42.313725
UNSEEN_CHK_000078,UNSEEN_CUST_01012,2170.1,expired,payment_attempt,2026-06-28 12:21:42.313725,2026-06-28 14:07:42.313725
UNSEEN_CHK_000079,UNSEEN_CUST_00251,47223.66,completed,address,2026-06-28 10:31:42.313725,
UNSEEN_CHK_000080,UNSEEN_CUST_00099,17178.4,completed,address,2026-07-20 05:11:42.313725,
UNSEEN_CHK_000081,UNSEEN_CUST_01695,1644.9,completed,review,2026-08-24 06:17:42.314725,
UNSEEN_CHK_000082,UNSEEN_CUST_01495,37678.53,completed,address,2026-07-05 22:02:42.314725,
UNSEEN_CHK_000083,UNSEEN_CUST_01505,4290.6,completed,payment_page,2026-07-17 09:12:42.314725,
UNSEEN_CHK_000084,UNSEEN_CUST_00882,32640.12,completed,address,2026-07-28 09:20:42.314725,
UNSEEN_CHK_000085,UNSEEN_CUST_01161,24497.79,expired,payment_attempt,2026-07-24 01:59:42.314725,2026-07-24 03:25:42.314725
UNSEEN_CHK_000086,UNSEEN_CUST_00957,39278.83,expired,payment_page,2026-07-14 14:08:42.314725,2026-07-14 15:56:42.314725
UNSEEN_CHK_000087,UNSEEN_CUST_01713,28900.95,completed,payment_attempt,2026-08-13 09:10:42.314725,
UNSEEN_CHK_000088,UNSEEN_CUST_01285,44392.5,abandoned,address,2026-08-08 02:25:42.314725,2026-08-08 03:39:42.314725
UNSEEN_CHK_000089,UNSEEN_CUST_00703,17688.57,completed,payment_page,2026-06-19 08:18:42.314725,
UNSEEN_CHK_000090,UNSEEN_CUST_01460,23035.07,completed,payment_page,2026-08-12 20:39:42.314725,
UNSEEN_CHK_000091,UNSEEN_CUST_01087,29284.8,completed,address,2026-07-10 08:35:42.314725,
UNSEEN_CHK_000092,UNSEEN_CUST_01877,8691.47,abandoned,payment_page,2026-06-24 18:34:42.314725,2026-06-24 20:18:42.314725
UNSEEN_CHK_000093,UNSEEN_CUST_00224,12905.76,abandoned,address,2026-07-08 17:02:42.314725,2026-07-08 17:06:42.314725
UNSEEN_CHK_000094,UNSEEN_CUST_01807,28504.66,completed,payment_page,2026-07-05 05:23:42.314725,
UNSEEN_CHK_000095,UNSEEN_CUST_01849,8001.43,abandoned,review,2026-06-03 03:06:42.314725,2026-06-03 03:47:42.314725
UNSEEN_CHK_000096,UNSEEN_CUST_01389,35099.68,abandoned,payment_page,2026-07-04 22:28:42.110068,2026-07-05 00:08:42.110068
UNSEEN_CHK_000097,UNSEEN_CUST_00232,45418.64,abandoned,payment_page,2026-07-23 12:14:41.968991,2026-07-23 13:38:41.968991
UNSEEN_CHK_000098,UNSEEN_CUST_00719,18276.11,abandoned,review,2026-08-15 03:22:42.316724,2026-08-15 03:57:42.316724
UNSEEN_CHK_000099,UNSEEN_CUST_01549,8520.59,abandoned,payment_attempt,2026-06-19 04:20:41.898985,2026-06-19 05:21:41.898985
UNSEEN_CHK_000100,UNSEEN_CUST_01822,16487.45,completed,payment_attempt,2026-07-25 17:00:42.318725,
UNSEEN_CHK_000101,UNSEEN_CUST_00472,10547.77,completed,review,2026-08-08 20:21:42.318725,
UNSEEN_CHK_000102,UNSEEN_CUST_01819,49121.45,abandoned,review,2026-06-17 01:08:42.318725,2026-06-17 01:48:42.318725
UNSEEN_CHK_000103,UNSEEN_CUST_01862,18689.59,abandoned,address,2026-06-26 10:25:42.318725,2026-06-26 12:23:42.318725
UNSEEN_CHK_000104,UNSEEN_CUST_01405,37477.45,completed,payment_attempt,2026-06-11 02:07:42.318725,
UNSEEN_CHK_000105,UNSEEN_CUST_00826,43642.78,completed,address,2026-07-30 12:04:42.318725,
UNSEEN_CHK_000106,UNSEEN_CUST_00110,1650.84,expired,review,2026-06-11 10:00:42.318725,2026-06-11 11:19:42.318725
UNSEEN_CHK_000107,UNSEEN_CUST_00499,6723.63,abandoned,payment_page,2026-08-09 05:06:42.318725,2026-08-09 06:47:42.318725
UNSEEN_CHK_000108,UNSEEN_CUST_01776,15293.28,abandoned,review,2026-07-09 04:11:42.318725,2026-07-09 04:39:42.318725
UNSEEN_CHK_000109,UNSEEN_CUST_00005,29097.4,abandoned,payment_attempt,2026-08-09 14:40:42.318725,2026-08-09 15:00:42.318725
UNSEEN_CHK_000110,UNSEEN_CUST_00216,27004.07,completed,review,2026-08-19 19:33:42.318725,
UNSEEN_CHK_000111,UNSEEN_CUST_01712,7190.4,completed,payment_page,2026-08-01 10:37:42.318725,
UNSEEN_CHK_000112,UNSEEN_CUST_00914,87670.17,abandoned,payment_page,2026-07-01 17:45:41.867990,2026-07-01 18:30:41.867990
UNSEEN_CHK_000113,UNSEEN_CUST_01705,42354.21,abandoned,payment_page,2026-08-02 13:27:41.827478,2026-08-02 13:48:41.827478
UNSEEN_CHK_000114,UNSEEN_CUST_00521,19095.41,abandoned,payment_page,2026-05-29 14:26:41.957990,2026-05-29 15:58:41.957990
UNSEEN_CHK_000115,UNSEEN_CUST_01682,79602.63,completed,address,2026-08-22 05:35:42.322723,
UNSEEN_CHK_000116,UNSEEN_CUST_00140,46904.37,completed,payment_attempt,2026-08-12 00:06:42.323832,
UNSEEN_CHK_000117,UNSEEN_CUST_01759,21832.97,completed,review,2026-07-23 23:23:42.323832,
UNSEEN_CHK_000118,UNSEEN_CUST_01251,11521.61,expired,address,2026-06-08 15:53:42.323832,2026-06-08 17:40:42.323832
UNSEEN_CHK_000119,UNSEEN_CUST_00813,14418.43,abandoned,payment_attempt,2026-08-18 05:44:42.323832,2026-08-18 05:53:42.323832
UNSEEN_CHK_000120,UNSEEN_CUST_01505,30012.38,completed,payment_page,2026-07-01 18:10:42.323832,
UNSEEN_CHK_000121,UNSEEN_CUST_01671,14964.95,completed,payment_page,2026-06-28 16:46:42.323832,
UNSEEN_CHK_000122,UNSEEN_CUST_00611,23767.65,abandoned,payment_page,2026-08-17 14:07:41.897985,2026-08-17 16:03:41.897985
UNSEEN_CHK_000123,UNSEEN_CUST_00380,41376.21,expired,review,2026-08-11 14:26:42.325836,2026-08-11 15:47:42.325836
UNSEEN_CHK_000124,UNSEEN_CUST_00752,45639.17,abandoned,address,2026-08-04 13:49:42.325836,2026-08-04 14:23:42.325836
UNSEEN_CHK_000125,UNSEEN_CUST_00365,27985.72,expired,review,2026-07-19 01:05:42.325836,2026-07-19 02:13:42.325836
UNSEEN_CHK_000126,UNSEEN_CUST_00682,51846.08,completed,address,2026-08-21 20:13:42.325836,
UNSEEN_CHK_000127,UNSEEN_CUST_00295,14314.4,completed,payment_page,2026-07-19 10:29:42.325836,
UNSEEN_CHK_000128,UNSEEN_CUST_00941,21151.66,abandoned,payment_attempt,2026-08-10 01:49:42.325836,2026-08-10 03:23:42.325836
UNSEEN_CHK_000129,UNSEEN_CUST_00920,18360.97,completed,payment_page,2026-07-21 00:03:42.326915,
UNSEEN_CHK_000130,UNSEEN_CUST_01354,15582.51,abandoned,review,2026-07-29 16:28:42.326915,2026-07-29 17:22:42.326915
UNSEEN_CHK_000131,UNSEEN_CUST_00557,14278.57,completed,payment_page,2026-06-24 20:22:42.326915,
UNSEEN_CHK_000132,UNSEEN_CUST_00078,19049.68,abandoned,payment_attempt,2026-07-03 02:05:41.988078,2026-07-03 02:42:41.988078
UNSEEN_CHK_000133,UNSEEN_CUST_00270,99957.83,completed,review,2026-06-11 10:11:42.327928,
UNSEEN_CHK_000134,UNSEEN_CUST_01071,17042.13,abandoned,payment_page,2026-08-20 00:41:42.327928,2026-08-20 01:23:42.327928
UNSEEN_CHK_000135,UNSEEN_CUST_01461,43721.81,completed,payment_attempt,2026-07-02 07:05:42.327928,
UNSEEN_CHK_000136,UNSEEN_CUST_00707,6246.12,expired,review,2026-06-30 16:18:42.327928,2026-06-30 16:45:42.327928
UNSEEN_CHK_000137,UNSEEN_CUST_00206,62259.98,abandoned,payment_page,2026-06-13 06:03:42.327928,2026-06-13 07:39:42.327928
UNSEEN_CHK_000138,UNSEEN_CUST_00390,47047.55,completed,review,2026-07-24 20:22:42.327928,
UNSEEN_CHK_000139,UNSEEN_CUST_00728,20984.56,completed,payment_page,2026-07-31 19:21:42.327928,
UNSEEN_CHK_000140,UNSEEN_CUST_01164,4913.3,abandoned,address,2026-06-13 02:39:42.327928,2026-06-13 03:46:42.327928
UNSEEN_CHK_000141,UNSEEN_CUST_01934,40085.44,expired,payment_attempt,2026-08-25 03:07:42.327928,2026-08-25 03:43:42.327928
UNSEEN_CHK_000142,UNSEEN_CUST_01879,60765.21,completed,address,2026-07-09 22:58:42.327928,
UNSEEN_CHK_000143,UNSEEN_CUST_01944,17097.49,abandoned,review,2026-08-02 11:56:42.328917,2026-08-02 12:07:42.328917
UNSEEN_CHK_000144,UNSEEN_CUST_00442,1531.31,abandoned,payment_page,2026-06-13 20:13:41.834479,2026-06-13 20:55:41.834479
UNSEEN_CHK_000145,UNSEEN_CUST_00516,2000.62,completed,payment_page,2026-06-22 13:57:42.329916,
UNSEEN_CHK_000146,UNSEEN_CUST_01084,35565.02,abandoned,payment_page,2026-05-30 20:13:41.836478,2026-05-30 21:54:41.836478
UNSEEN_CHK_000147,UNSEEN_CUST_00486,42830.99,abandoned,payment_page,2026-06-13 08:18:42.111073,2026-06-13 08:30:42.111073
UNSEEN_CHK_000148,UNSEEN_CUST_01108,18857.78,abandoned,payment_page,2026-08-07 20:04:42.107065,2026-08-07 20:21:42.107065
UNSEEN_CHK_000149,UNSEEN_CUST_01953,47513.88,abandoned,payment_page,2026-06-26 01:22:41.836478,2026-06-26 02:17:41.836478
UNSEEN_CHK_000150,UNSEEN_CUST_01338,20579.79,completed,payment_attempt,2026-06-03 14:49:42.332922,
UNSEEN_CHK_000151,UNSEEN_CUST_00144,13200.7,completed,payment_attempt,2026-08-02 14:09:42.332922,
UNSEEN_CHK_000152,UNSEEN_CUST_00915,9721.82,completed,payment_attempt,2026-06-21 09:28:42.333839,
UNSEEN_CHK_000153,UNSEEN_CUST_00015,55206.83,completed,address,2026-07-14 22:59:42.333839,
UNSEEN_CHK_000154,UNSEEN_CUST_01297,43257.16,completed,payment_page,2026-08-23 14:19:42.333839,
UNSEEN_CHK_000155,UNSEEN_CUST_01754,61345.92,abandoned,payment_page,2026-07-19 23:23:42.016071,2026-07-20 00:19:42.016071
UNSEEN_CHK_000156,UNSEEN_CUST_01329,12080.98,completed,review,2026-08-06 22:11:42.334835,
UNSEEN_CHK_000157,UNSEEN_CUST_01356,10821.77,completed,address,2026-07-15 22:59:42.334835,
UNSEEN_CHK_000158,UNSEEN_CUST_01601,11762.02,expired,review,2026-08-25 04:12:42.334835,2026-08-25 05:00:42.334835
UNSEEN_CHK_000159,UNSEEN_CUST_01982,34974.18,abandoned,payment_attempt,2026-06-08 22:38:42.334835,2026-06-09 00:29:42.334835
UNSEEN_CHK_000160,UNSEEN_CUST_01097,6325.05,abandoned,address,2026-06-08 02:05:42.334835,2026-06-08 02:12:42.334835
UNSEEN_CHK_000161,UNSEEN_CUST_01811,19664.22,abandoned,payment_attempt,2026-08-15 21:34:41.916985,2026-08-15 22:51:41.916985
UNSEEN_CHK_000162,UNSEEN_CUST_01072,16643.29,abandoned,address,2026-06-13 14:06:42.335836,2026-06-13 15:24:42.335836
UNSEEN_CHK_000163,UNSEEN_CUST_01329,27887.46,abandoned,payment_page,2026-07-04 01:37:41.870990,2026-07-04 01:58:41.870990
UNSEEN_CHK_000164,UNSEEN_CUST_01746,58633.99,completed,review,2026-07-02 12:46:42.336836,
UNSEEN_CHK_000165,UNSEEN_CUST_00303,44714.01,abandoned,review,2026-06-20 18:30:42.336836,2026-06-20 19:09:42.336836
UNSEEN_CHK_000166,UNSEEN_CUST_01679,9905.9,abandoned,address,2026-06-04 07:56:42.337836,2026-06-04 08:36:42.337836
UNSEEN_CHK_000167,UNSEEN_CUST_00962,13486.7,completed,payment_attempt,2026-08-22 21:46:42.337836,
UNSEEN_CHK_000168,UNSEEN_CUST_00617,42185.19,completed,review,2026-06-27 19:38:42.337836,
UNSEEN_CHK_000169,UNSEEN_CUST_00083,20683.86,abandoned,payment_attempt,2026-07-30 22:17:42.069066,2026-07-30 22:31:42.069066
UNSEEN_CHK_000170,UNSEEN_CUST_00896,22546.81,completed,review,2026-07-03 09:58:42.338836,
UNSEEN_CHK_000171,UNSEEN_CUST_01521,29186.92,completed,review,2026-08-20 11:48:42.338836,
UNSEEN_CHK_000172,UNSEEN_CUST_00378,4878.79,completed,address,2026-06-26 05:13:42.338836,
UNSEEN_CHK_000173,UNSEEN_CUST_00619,18741.22,completed,payment_attempt,2026-07-11 12:31:42.338836,
UNSEEN_CHK_000174,UNSEEN_CUST_00900,35178.6,completed,payment_page,2026-05-29 07:37:42.338836,
UNSEEN_CHK_000175,UNSEEN_CUST_00274,8422.36,abandoned,review,2026-07-21 06:21:42.338836,2026-07-21 07:43:42.338836
UNSEEN_CHK_000176,UNSEEN_CUST_01941,21556.97,abandoned,payment_attempt,2026-06-29 06:42:42.338836,2026-06-29 08:21:42.338836
UNSEEN_CHK_000177,UNSEEN_CUST_01177,16311.92,completed,payment_page,2026-07-02 10:40:42.338836,
UNSEEN_CHK_000178,UNSEEN_CUST_01491,4325.87,abandoned,address,2026-07-11 05:56:42.339835,2026-07-11 06:20:42.339835
UNSEEN_CHK_000179,UNSEEN_CUST_00283,4205.97,expired,payment_page,2026-06-25 04:10:42.339835,2026-06-25 06:04:42.339835
UNSEEN_CHK_000180,UNSEEN_CUST_01447,33236.75,abandoned,payment_page,2026-07-05 15:26:41.917985,2026-07-05 15:32:41.917985
UNSEEN_CHK_000181,UNSEEN_CUST_01900,7668.5,abandoned,address,2026-07-06 12:59:42.341835,2026-07-06 14:38:42.341835
UNSEEN_CHK_000182,UNSEEN_CUST_00467,18794.17,completed,payment_page,2026-08-08 04:48:42.341835,
UNSEEN_CHK_000183,UNSEEN_CUST_00160,21764.82,completed,address,2026-08-12 04:04:42.341835,
UNSEEN_CHK_000184,UNSEEN_CUST_01925,63775.17,abandoned,address,2026-06-01 18:19:42.341835,2026-06-01 19:37:42.341835
UNSEEN_CHK_000185,UNSEEN_CUST_00961,34266.29,completed,payment_page,2026-08-22 09:23:42.341835,
UNSEEN_CHK_000186,UNSEEN_CUST_01701,29042.24,abandoned,payment_page,2026-07-21 22:07:42.342836,2026-07-21 22:41:42.342836
UNSEEN_CHK_000187,UNSEEN_CUST_01376,27380.07,abandoned,payment_page,2026-07-05 05:51:41.902985,2026-07-05 06:42:41.902985
UNSEEN_CHK_000188,UNSEEN_CUST_01084,10740.28,completed,review,2026-08-10 22:43:42.343836,
UNSEEN_CHK_000189,UNSEEN_CUST_01973,48809.65,completed,payment_page,2026-07-01 22:22:42.343836,
UNSEEN_CHK_000190,UNSEEN_CUST_00387,66009.28,abandoned,review,2026-08-21 19:51:42.343836,2026-08-21 20:08:42.343836
UNSEEN_CHK_000191,UNSEEN_CUST_01708,49152.53,completed,payment_attempt,2026-07-17 08:33:42.343836,
UNSEEN_CHK_000192,UNSEEN_CUST_00908,36547.0,abandoned,payment_attempt,2026-08-07 14:04:42.068066,2026-08-07 15:52:42.068066
UNSEEN_CHK_000193,UNSEEN_CUST_01538,10856.6,abandoned,payment_page,2026-05-28 20:29:41.898985,2026-05-28 20:40:41.898985
UNSEEN_CHK_000194,UNSEEN_CUST_01957,35991.66,abandoned,payment_page,2026-07-23 16:29:42.345835,2026-07-23 17:01:42.345835
UNSEEN_CHK_000195,UNSEEN_CUST_01871,19759.83,completed,payment_attempt,2026-08-19 23:45:42.346841,
UNSEEN_CHK_000196,UNSEEN_CUST_01645,27428.44,completed,review,2026-07-09 19:06:42.346841,
UNSEEN_CHK_000197,UNSEEN_CUST_00878,49044.93,completed,address,2026-06-16 03:56:42.346841,
UNSEEN_CHK_000198,UNSEEN_CUST_01482,32124.07,completed,payment_attempt,2026-08-23 09:17:42.346841,
UNSEEN_CHK_000199,UNSEEN_CUST_00836,31817.28,completed,payment_attempt,2026-08-07 22:39:42.346841,
UNSEEN_CHK_000200,UNSEEN_CUST_00470,43642.75,completed,payment_page,2026-06-27 16:14:42.346841,
UNSEEN_CHK_000201,UNSEEN_CUST_00906,19181.99,completed,payment_attempt,2026-08-13 13:37:42.346841,
UNSEEN_CHK_000202,UNSEEN_CUST_01089,35330.6,completed,address,2026-07-19 00:18:42.346841,
UNSEEN_CHK_000203,UNSEEN_CUST_00153,73065.49,abandoned,payment_attempt,2026-07-10 14:16:42.346841,2026-07-10 16:09:42.346841
UNSEEN_CHK_000204,UNSEEN_CUST_01025,23433.89,abandoned,payment_page,2026-07-10 08:14:42.346841,2026-07-10 09:54:42.346841
UNSEEN_CHK_000205,UNSEEN_CUST_00296,14255.45,abandoned,payment_page,2026-08-14 12:34:41.901985,2026-08-14 13:04:41.901985
UNSEEN_CHK_000206,UNSEEN_CUST_00222,98065.97,abandoned,payment_attempt,2026-08-14 18:33:42.347839,2026-08-14 19:56:42.347839
UNSEEN_CHK_000207,UNSEEN_CUST_01037,33441.62,expired,payment_page,2026-05-31 11:23:42.347839,2026-05-31 11:51:42.347839
UNSEEN_CHK_000208,UNSEEN_CUST_01314,97366.44,abandoned,review,2026-07-30 18:48:42.347839,2026-07-30 19:14:42.347839
UNSEEN_CHK_000209,UNSEEN_CUST_01287,23939.79,abandoned,payment_attempt,2026-07-27 19:33:42.347839,2026-07-27 20:55:42.347839
UNSEEN_CHK_000210,UNSEEN_CUST_01631,22270.43,completed,payment_page,2026-08-01 08:01:42.347839,
UNSEEN_CHK_000211,UNSEEN_CUST_01436,22958.49,abandoned,payment_attempt,2026-07-14 18:36:42.347839,2026-07-14 19:16:42.347839
UNSEEN_CHK_000212,UNSEEN_CUST_01509,13903.42,completed,address,2026-06-15 18:05:42.347839,
UNSEEN_CHK_000213,UNSEEN_CUST_00796,85306.23,completed,payment_page,2026-07-17 18:59:42.347839,
UNSEEN_CHK_000214,UNSEEN_CUST_00723,96483.44,completed,review,2026-08-21 07:19:42.347839,
UNSEEN_CHK_000215,UNSEEN_CUST_01581,34237.16,abandoned,address,2026-08-19 19:03:42.348839,2026-08-19 20:44:42.348839
UNSEEN_CHK_000216,UNSEEN_CUST_01406,40590.28,expired,payment_attempt,2026-07-31 21:45:42.348839,2026-07-31 21:48:42.348839
UNSEEN_CHK_000217,UNSEEN_CUST_00480,14286.52,abandoned,payment_page,2026-06-06 02:46:41.872985,2026-06-06 03:48:41.872985
UNSEEN_CHK_000218,UNSEEN_CUST_01309,1532.88,abandoned,payment_attempt,2026-08-20 05:21:42.349839,2026-08-20 05:26:42.349839
UNSEEN_CHK_000219,UNSEEN_CUST_01608,37217.23,completed,payment_page,2026-05-30 19:38:42.349839,
UNSEEN_CHK_000220,UNSEEN_CUST_00280,19834.58,abandoned,address,2026-08-24 13:28:42.349839,2026-08-24 14:08:42.349839
UNSEEN_CHK_000221,UNSEEN_CUST_01490,27139.36,abandoned,payment_page,2026-07-09 17:22:42.349839,2026-07-09 17:36:42.349839
UNSEEN_CHK_000222,UNSEEN_CUST_00593,17142.24,completed,payment_page,2026-06-20 21:29:42.349839,
UNSEEN_CHK_000223,UNSEEN_CUST_01697,44247.79,completed,payment_page,2026-06-30 18:57:42.349839,
UNSEEN_CHK_000224,UNSEEN_CUST_00746,18372.78,abandoned,payment_page,2026-06-27 00:49:42.349839,2026-06-27 02:11:42.349839
UNSEEN_CHK_000225,UNSEEN_CUST_00057,31535.12,abandoned,payment_page,2026-07-28 05:03:42.349839,2026-07-28 06:54:42.349839
UNSEEN_CHK_000226,UNSEEN_CUST_00258,20708.11,completed,address,2026-06-23 10:42:42.349839,
UNSEEN_CHK_000227,UNSEEN_CUST_01635,26651.59,abandoned,payment_attempt,2026-07-07 11:39:41.878985,2026-07-07 12:31:41.878985
UNSEEN_CHK_000228,UNSEEN_CUST_01217,17352.69,abandoned,payment_attempt,2026-08-09 02:07:42.350839,2026-08-09 02:35:42.350839
UNSEEN_CHK_000229,UNSEEN_CUST_01899,25123.53,completed,address,2026-08-08 19:26:42.350839,
UNSEEN_CHK_000230,UNSEEN_CUST_00597,96010.47,completed,review,2026-07-22 01:52:42.350839,
UNSEEN_CHK_000231,UNSEEN_CUST_01570,59353.88,completed,payment_attempt,2026-07-11 21:30:42.350839,
UNSEEN_CHK_000232,UNSEEN_CUST_01871,23030.1,completed,address,2026-07-25 20:02:42.350839,
UNSEEN_CHK_000233,UNSEEN_CUST_00939,17576.14,abandoned,payment_page,2026-08-20 05:49:42.122986,2026-08-20 06:31:42.122986
UNSEEN_CHK_000234,UNSEEN_CUST_01363,13153.57,completed,review,2026-06-11 21:14:42.352839,
UNSEEN_CHK_000235,UNSEEN_CUST_00395,25290.06,completed,payment_page,2026-06-21 18:52:42.352839,
UNSEEN_CHK_000236,UNSEEN_CUST_00813,38755.01,abandoned,payment_attempt,2026-07-02 18:56:42.015073,2026-07-02 19:36:42.015073
UNSEEN_CHK_000237,UNSEEN_CUST_00163,49202.28,abandoned,payment_attempt,2026-07-11 17:09:42.353839,2026-07-11 19:01:42.353839
UNSEEN_CHK_000238,UNSEEN_CUST_00770,39257.7,abandoned,review,2026-07-11 02:46:42.353839,2026-07-11 02:54:42.353839
UNSEEN_CHK_000239,UNSEEN_CUST_01715,37958.22,abandoned,payment_attempt,2026-08-14 17:08:42.082071,2026-08-14 18:45:42.082071
UNSEEN_CHK_000240,UNSEEN_CUST_00542,2381.3,abandoned,review,2026-06-27 01:24:42.354839,2026-06-27 03:10:42.354839
UNSEEN_CHK_000241,UNSEEN_CUST_00340,45437.53,abandoned,payment_attempt,2026-06-03 17:38:41.895985,2026-06-03 18:58:41.895985
UNSEEN_CHK_000242,UNSEEN_CUST_01657,39632.06,abandoned,review,2026-06-06 02:16:42.357044,2026-06-06 02:55:42.357044
UNSEEN_CHK_000243,UNSEEN_CUST_00357,36696.22,completed,review,2026-07-03 03:51:42.358049,
UNSEEN_CHK_000244,UNSEEN_CUST_01882,11798.51,completed,review,2026-07-31 10:34:42.358049,
UNSEEN_CHK_000245,UNSEEN_CUST_01868,37345.34,abandoned,review,2026-06-28 09:06:42.358049,2026-06-28 10:07:42.358049
UNSEEN_CHK_000246,UNSEEN_CUST_01717,5489.33,completed,review,2026-07-26 01:23:42.358049,
UNSEEN_CHK_000247,UNSEEN_CUST_00157,32570.22,abandoned,payment_page,2026-06-16 12:10:42.358049,2026-06-16 12:51:42.358049
UNSEEN_CHK_000248,UNSEEN_CUST_01971,22819.94,abandoned,payment_attempt,2026-06-11 11:26:42.358049,2026-06-11 12:27:42.358049
UNSEEN_CHK_000249,UNSEEN_CUST_00177,17822.51,completed,payment_page,2026-07-12 18:29:42.358049,
UNSEEN_CHK_000250,UNSEEN_CUST_00443,91873.5,completed,payment_page,2026-07-30 11:34:42.358049,
UNSEEN_CHK_000251,UNSEEN_CUST_00486,9481.72,completed,payment_page,2026-07-04 13:45:42.358049,
UNSEEN_CHK_000252,UNSEEN_CUST_01781,6732.68,expired,review,2026-07-18 02:24:42.359053,2026-07-18 02:37:42.359053
UNSEEN_CHK_000253,UNSEEN_CUST_00991,21855.79,completed,address,2026-06-04 16:29:42.359053,
UNSEEN_CHK_000254,UNSEEN_CUST_00023,33713.68,completed,payment_attempt,2026-08-07 06:38:42.359053,
UNSEEN_CHK_000255,UNSEEN_CUST_00183,3204.07,abandoned,payment_page,2026-06-19 19:14:41.942990,2026-06-19 20:45:41.942990
UNSEEN_CHK_000256,UNSEEN_CUST_01738,21853.74,completed,payment_attempt,2026-06-21 09:48:42.360053,
UNSEEN_CHK_000257,UNSEEN_CUST_01023,22467.68,abandoned,payment_attempt,2026-05-31 22:23:42.072070,2026-05-31 22:38:42.072070
UNSEEN_CHK_000258,UNSEEN_CUST_00463,28909.14,abandoned,payment_page,2026-08-09 15:41:42.362053,2026-08-09 17:01:42.362053
UNSEEN_CHK_000259,UNSEEN_CUST_00374,19636.19,abandoned,payment_page,2026-07-24 15:37:42.021069,2026-07-24 16:55:42.021069
UNSEEN_CHK_000260,UNSEEN_CUST_00966,44759.76,abandoned,payment_page,2026-08-18 12:55:42.363052,2026-08-18 13:46:42.363052
UNSEEN_CHK_000261,UNSEEN_CUST_00556,2293.3,abandoned,payment_attempt,2026-05-29 20:20:41.807579,2026-05-29 22:12:41.807579
UNSEEN_CHK_000262,UNSEEN_CUST_00165,30324.36,abandoned,payment_attempt,2026-07-26 02:37:42.365052,2026-07-26 03:48:42.365052
UNSEEN_CHK_000263,UNSEEN_CUST_01258,47730.13,completed,payment_page,2026-07-03 14:25:42.365052,
UNSEEN_CHK_000264,UNSEEN_CUST_01114,49581.81,abandoned,address,2026-07-17 04:48:42.365052,2026-07-17 05:10:42.365052
UNSEEN_CHK_000265,UNSEEN_CUST_01903,25162.44,completed,review,2026-06-11 14:00:42.365052,
UNSEEN_CHK_000266,UNSEEN_CUST_01378,57517.7,completed,payment_attempt,2026-08-03 04:23:42.365052,
UNSEEN_CHK_000267,UNSEEN_CUST_00092,16164.95,abandoned,address,2026-06-16 07:17:42.365052,2026-06-16 07:37:42.365052
UNSEEN_CHK_000268,UNSEEN_CUST_00150,12995.94,abandoned,payment_attempt,2026-05-28 16:16:42.365052,2026-05-28 17:11:42.365052
UNSEEN_CHK_000269,UNSEEN_CUST_00945,20304.7,completed,address,2026-06-23 21:24:42.365052,
UNSEEN_CHK_000270,UNSEEN_CUST_01069,36522.91,abandoned,payment_page,2026-07-13 12:52:42.365052,2026-07-13 13:52:42.365052
UNSEEN_CHK_000271,UNSEEN_CUST_00291,24898.75,abandoned,review,2026-08-03 22:41:42.365052,2026-08-03 23:07:42.365052
UNSEEN_CHK_000272,UNSEEN_CUST_00403,2260.05,completed,payment_attempt,2026-08-14 04:08:42.366052,
UNSEEN_CHK_000273,UNSEEN_CUST_00993,14986.84,abandoned,payment_page,2026-06-08 02:05:41.849478,2026-06-08 03:10:41.849478
UNSEEN_CHK_000274,UNSEEN_CUST_00349,37650.71,completed,address,2026-06-21 11:18:42.367052,
UNSEEN_CHK_000275,UNSEEN_CUST_01941,4335.08,completed,review,2026-08-15 17:57:42.367052,
UNSEEN_CHK_000276,UNSEEN_CUST_01953,51119.03,abandoned,payment_page,2026-06-24 18:27:41.879985,2026-06-24 18:34:41.879985
UNSEEN_CHK_000277,UNSEEN_CUST_00586,17869.1,completed,review,2026-08-05 08:18:42.368052,
UNSEEN_CHK_000278,UNSEEN_CUST_00632,44149.21,expired,payment_attempt,2026-06-04 16:46:42.368052,2026-06-04 17:03:42.368052
UNSEEN_CHK_000279,UNSEEN_CUST_01572,13411.25,abandoned,address,2026-06-19 03:27:42.368052,2026-06-19 03:58:42.368052
UNSEEN_CHK_000280,UNSEEN_CUST_00996,6166.76,abandoned,payment_page,2026-06-25 02:01:41.859983,2026-06-25 03:15:41.859983
UNSEEN_CHK_000281,UNSEEN_CUST_01931,50097.04,abandoned,payment_page,2026-06-15 21:56:41.980067,2026-06-15 22:40:41.980067
UNSEEN_CHK_000282,UNSEEN_CUST_00437,2874.46,completed,payment_page,2026-07-08 09:36:42.371052,
UNSEEN_CHK_000283,UNSEEN_CUST_01027,13158.71,completed,review,2026-08-20 08:59:42.371052,
UNSEEN_CHK_000284,UNSEEN_CUST_01971,35119.71,abandoned,payment_attempt,2026-08-26 12:57:42.371052,2026-08-26 14:00:42.371052
UNSEEN_CHK_000285,UNSEEN_CUST_01610,40494.28,completed,address,2026-08-01 12:58:42.371052,
UNSEEN_CHK_000286,UNSEEN_CUST_00082,21127.64,abandoned,payment_page,2026-06-16 19:11:42.371052,2026-06-16 20:34:42.371052
UNSEEN_CHK_000287,UNSEEN_CUST_01335,3655.72,abandoned,payment_page,2026-08-17 21:46:42.371052,2026-08-17 23:27:42.371052
UNSEEN_CHK_000288,UNSEEN_CUST_00629,36336.65,abandoned,address,2026-06-05 15:50:42.371052,2026-06-05 16:51:42.371052
UNSEEN_CHK_000289,UNSEEN_CUST_01616,32020.99,completed,review,2026-06-18 11:24:42.372052,
UNSEEN_CHK_000290,UNSEEN_CUST_01582,51813.86,abandoned,payment_page,2026-08-21 20:30:42.034073,2026-08-21 20:44:42.034073
UNSEEN_CHK_000291,UNSEEN_CUST_00070,4471.99,abandoned,payment_page,2026-06-08 07:56:41.978068,2026-06-08 08:24:41.978068
UNSEEN_CHK_000292,UNSEEN_CUST_01663,77579.37,completed,payment_attempt,2026-06-25 20:03:42.376050,
UNSEEN_CHK_000293,UNSEEN_CUST_00732,19266.56,abandoned,payment_attempt,2026-07-26 07:36:42.376050,2026-07-26 08:14:42.376050
UNSEEN_CHK_000294,UNSEEN_CUST_01484,40591.56,abandoned,payment_page,2026-06-30 01:55:41.835479,2026-06-30 02:49:41.835479
UNSEEN_CHK_000295,UNSEEN_CUST_01517,83900.82,completed,payment_page,2026-08-17 10:16:42.377051,
UNSEEN_CHK_000296,UNSEEN_CUST_01583,16269.93,abandoned,payment_attempt,2026-06-13 18:32:41.865990,2026-06-13 19:25:41.865990
UNSEEN_CHK_000297,UNSEEN_CUST_01727,10768.53,expired,review,2026-08-04 15:59:42.379050,2026-08-04 17:15:42.379050
UNSEEN_CHK_000298,UNSEEN_CUST_01687,48079.66,abandoned,payment_page,2026-06-02 16:52:42.379050,2026-06-02 18:20:42.379050
UNSEEN_CHK_000299,UNSEEN_CUST_01968,10187.41,abandoned,review,2026-06-06 15:05:42.379050,2026-06-06 16:26:42.379050
UNSEEN_CHK_000300,UNSEEN_CUST_00292,45834.43,abandoned,payment_page,2026-07-27 08:29:42.379050,2026-07-27 09:15:42.379050
UNSEEN_CHK_000301,UNSEEN_CUST_00767,12974.33,completed,payment_attempt,2026-07-26 15:23:42.379050,
UNSEEN_CHK_000302,UNSEEN_CUST_01098,48054.71,abandoned,payment_attempt,2026-08-14 22:30:42.379050,2026-08-15 00:21:42.379050
UNSEEN_CHK_000303,UNSEEN_CUST_01651,21125.5,abandoned,payment_attempt,2026-08-02 23:24:42.379050,2026-08-02 23:44:42.379050
UNSEEN_CHK_000304,UNSEEN_CUST_01542,18837.9,abandoned,payment_attempt,2026-06-28 17:47:42.379050,2026-06-28 18:42:42.379050
UNSEEN_CHK_000305,UNSEEN_CUST_01720,11141.64,abandoned,payment_attempt,2026-07-18 20:32:41.975073,2026-07-18 21:52:41.975073
UNSEEN_CHK_000306,UNSEEN_CUST_00075,10652.98,completed,payment_page,2026-06-23 07:41:42.381050,
UNSEEN_CHK_000307,UNSEEN_CUST_01137,38891.67,abandoned,payment_page,2026-06-25 04:19:41.982986,2026-06-25 06:11:41.982986
UNSEEN_CHK_000308,UNSEEN_CUST_01648,36345.67,completed,payment_page,2026-08-13 02:36:42.382050,
UNSEEN_CHK_000309,UNSEEN_CUST_01686,29786.01,abandoned,payment_page,2026-07-19 04:51:41.923996,2026-07-19 05:12:41.923996
UNSEEN_CHK_000310,UNSEEN_CUST_01303,4769.36,completed,payment_page,2026-08-17 10:59:42.383050,
UNSEEN_CHK_000311,UNSEEN_CUST_00610,22694.88,expired,address,2026-08-15 15:14:42.384050,2026-08-15 16:37:42.384050
UNSEEN_CHK_000312,UNSEEN_CUST_00833,40620.4,abandoned,payment_page,2026-07-05 04:14:41.814992,2026-07-05 05:49:41.814992
UNSEEN_CHK_000313,UNSEEN_CUST_00955,11914.38,abandoned,address,2026-08-10 14:51:42.385050,2026-08-10 15:25:42.385050
UNSEEN_CHK_000314,UNSEEN_CUST_00186,48147.0,abandoned,address,2026-06-05 05:55:42.385050,2026-06-05 07:13:42.385050
UNSEEN_CHK_000315,UNSEEN_CUST_01489,3198.68,expired,address,2026-06-19 13:09:42.385050,2026-06-19 13:25:42.385050
UNSEEN_CHK_000316,UNSEEN_CUST_01101,36044.82,abandoned,payment_page,2026-08-06 20:39:41.906985,2026-08-06 21:36:41.906985
UNSEEN_CHK_000317,UNSEEN_CUST_01074,1106.2,abandoned,payment_attempt,2026-08-23 14:55:41.918985,2026-08-23 15:49:41.918985
UNSEEN_CHK_000318,UNSEEN_CUST_01262,1861.65,completed,payment_attempt,2026-08-13 18:43:42.387050,
UNSEEN_CHK_000319,UNSEEN_CUST_01979,23089.63,abandoned,payment_attempt,2026-06-15 20:48:42.387050,2026-06-15 22:25:42.387050
UNSEEN_CHK_000320,UNSEEN_CUST_01742,1874.34,completed,review,2026-08-11 05:18:42.388050,
UNSEEN_CHK_000321,UNSEEN_CUST_01742,1331.28,abandoned,review,2026-07-27 17:53:42.388050,2026-07-27 19:32:42.388050
UNSEEN_CHK_000322,UNSEEN_CUST_00356,20624.34,abandoned,address,2026-08-02 23:41:42.388050,2026-08-03 00:18:42.388050
UNSEEN_CHK_000323,UNSEEN_CUST_00525,97350.16,abandoned,payment_page,2026-07-26 03:04:42.388050,2026-07-26 03:33:42.388050
UNSEEN_CHK_000324,UNSEEN_CUST_01327,48107.19,completed,address,2026-07-13 19:51:42.388050,
UNSEEN_CHK_000325,UNSEEN_CUST_00423,30263.19,completed,payment_attempt,2026-05-31 09:47:42.388050,
UNSEEN_CHK_000326,UNSEEN_CUST_01325,38662.85,completed,address,2026-07-03 21:20:42.388050,
UNSEEN_CHK_000327,UNSEEN_CUST_00482,15570.44,completed,review,2026-08-18 06:42:42.388050,
UNSEEN_CHK_000328,UNSEEN_CUST_01179,23487.34,abandoned,payment_page,2026-07-30 05:19:42.388050,2026-07-30 05:24:42.388050
UNSEEN_CHK_000329,UNSEEN_CUST_01435,10103.93,abandoned,payment_attempt,2026-07-05 17:26:42.388050,2026-07-05 18:10:42.388050
UNSEEN_CHK_000330,UNSEEN_CUST_00948,34901.24,abandoned,payment_page,2026-08-19 11:50:41.804579,2026-08-19 12:26:41.804579
UNSEEN_CHK_000331,UNSEEN_CUST_01910,42715.22,completed,address,2026-08-01 17:56:42.391204,
UNSEEN_CHK_000332,UNSEEN_CUST_00953,43634.07,completed,payment_attempt,2026-08-05 15:15:42.391204,
UNSEEN_CHK_000333,UNSEEN_CUST_00237,14405.92,completed,review,2026-07-20 15:34:42.391204,
UNSEEN_CHK_000334,UNSEEN_CUST_00910,6918.18,completed,payment_page,2026-07-27 11:02:42.391204,
UNSEEN_CHK_000335,UNSEEN_CUST_00803,35379.98,completed,payment_page,2026-06-05 02:41:42.391204,
UNSEEN_CHK_000336,UNSEEN_CUST_01986,15215.47,abandoned,review,2026-08-21 01:06:42.391204,2026-08-21 02:35:42.391204
UNSEEN_CHK_000337,UNSEEN_CUST_01512,3764.8,abandoned,payment_attempt,2026-08-03 06:13:41.890985,2026-08-03 06:35:41.890985
UNSEEN_CHK_000338,UNSEEN_CUST_00961,40697.96,abandoned,payment_attempt,2026-07-26 23:39:42.393201,2026-07-27 01:10:42.393201
UNSEEN_CHK_000339,UNSEEN_CUST_00442,47628.76,completed,payment_page,2026-08-07 20:38:42.393201,
UNSEEN_CHK_000340,UNSEEN_CUST_01389,4849.7,abandoned,payment_attempt,2026-08-10 13:15:42.025997,2026-08-10 14:25:42.025997
UNSEEN_CHK_000341,UNSEEN_CUST_01493,17307.39,abandoned,payment_page,2026-08-03 02:07:41.825479,2026-08-03 02:57:41.825479
UNSEEN_CHK_000342,UNSEEN_CUST_00294,28014.29,abandoned,payment_page,2026-06-28 22:10:42.002075,2026-06-28 23:47:42.002075
UNSEEN_CHK_000343,UNSEEN_CUST_01203,32868.18,completed,review,2026-06-01 03:24:42.397199,
UNSEEN_CHK_000344,UNSEEN_CUST_00010,86076.86,abandoned,payment_attempt,2026-07-22 03:52:42.397199,2026-07-22 05:31:42.397199
UNSEEN_CHK_000345,UNSEEN_CUST_00977,13861.29,abandoned,payment_page,2026-05-28 19:34:41.827478,2026-05-28 20:53:41.827478
UNSEEN_CHK_000346,UNSEEN_CUST_01433,2156.47,completed,payment_page,2026-08-04 09:35:42.399199,
UNSEEN_CHK_000347,UNSEEN_CUST_01650,39986.58,completed,review,2026-07-25 19:23:42.399199,
UNSEEN_CHK_000348,UNSEEN_CUST_01690,36838.69,expired,review,2026-08-13 02:59:42.399199,2026-08-13 04:58:42.399199
UNSEEN_CHK_000349,UNSEEN_CUST_00792,7457.36,completed,payment_attempt,2026-08-14 07:33:42.399199,
UNSEEN_CHK_000350,UNSEEN_CUST_01416,5567.75,completed,review,2026-08-07 22:14:42.399199,
UNSEEN_CHK_000351,UNSEEN_CUST_01913,37438.51,abandoned,review,2026-06-28 01:33:42.399199,2026-06-28 01:42:42.399199
UNSEEN_CHK_000352,UNSEEN_CUST_01206,31446.29,abandoned,payment_page,2026-07-20 18:44:42.399199,2026-07-20 19:02:42.399199
UNSEEN_CHK_000353,UNSEEN_CUST_01865,11582.79,abandoned,review,2026-08-05 21:25:42.399199,2026-08-05 23:15:42.399199
UNSEEN_CHK_000354,UNSEEN_CUST_00201,10012.49,abandoned,address,2026-08-20 02:53:42.399199,2026-08-20 03:49:42.399199
UNSEEN_CHK_000355,UNSEEN_CUST_01518,9587.95,completed,review,2026-07-10 09:05:42.399199,
UNSEEN_CHK_000356,UNSEEN_CUST_01896,8906.31,abandoned,review,2026-07-16 15:29:42.399199,2026-07-16 15:31:42.399199
UNSEEN_CHK_000357,UNSEEN_CUST_01907,18911.99,completed,payment_page,2026-08-19 01:28:42.399199,
UNSEEN_CHK_000358,UNSEEN_CUST_00793,7731.05,abandoned,address,2026-08-18 14:44:42.399199,2026-08-18 16:27:42.399199
UNSEEN_CHK_000359,UNSEEN_CUST_01856,10402.72,abandoned,payment_page,2026-05-30 21:49:42.400199,2026-05-30 22:39:42.400199
UNSEEN_CHK_000360,UNSEEN_CUST_01340,12379.48,abandoned,payment_attempt,2026-06-07 17:27:42.067066,2026-06-07 17:50:42.067066
UNSEEN_CHK_000361,UNSEEN_CUST_00109,22163.62,abandoned,payment_attempt,2026-07-30 15:47:42.014079,2026-07-30 16:50:42.014079
UNSEEN_CHK_000362,UNSEEN_CUST_00192,11301.64,expired,review,2026-06-12 01:25:42.402199,2026-06-12 01:32:42.402199
UNSEEN_CHK_000363,UNSEEN_CUST_00864,47711.19,abandoned,payment_page,2026-06-21 12:58:42.043078,2026-06-21 13:29:42.043078
UNSEEN_CHK_000364,UNSEEN_CUST_00887,10319.17,completed,review,2026-08-22 10:51:42.403199,
UNSEEN_CHK_000365,UNSEEN_CUST_01163,32846.05,abandoned,review,2026-06-23 09:33:42.404195,2026-06-23 10:10:42.404195
UNSEEN_CHK_000366,UNSEEN_CUST_01431,34733.4,abandoned,payment_attempt,2026-08-05 04:59:41.903985,2026-08-05 05:20:41.903985
UNSEEN_CHK_000367,UNSEEN_CUST_01968,23051.24,abandoned,payment_attempt,2026-06-04 12:59:42.405201,2026-06-04 13:48:42.405201
UNSEEN_CHK_000368,UNSEEN_CUST_01319,3495.54,expired,address,2026-06-26 03:45:42.405201,2026-06-26 05:01:42.405201
UNSEEN_CHK_000369,UNSEEN_CUST_01878,40148.19,completed,address,2026-08-19 07:41:42.405201,
UNSEEN_CHK_000370,UNSEEN_CUST_00948,33984.46,abandoned,payment_page,2026-08-19 08:48:41.804579,2026-08-19 09:54:41.804579
UNSEEN_CHK_000371,UNSEEN_CUST_00982,25015.38,abandoned,payment_attempt,2026-08-18 10:02:42.407197,2026-08-18 10:12:42.407197
UNSEEN_CHK_000372,UNSEEN_CUST_01447,32295.27,abandoned,payment_page,2026-07-05 16:01:41.917985,2026-07-05 17:00:41.917985
UNSEEN_CHK_000373,UNSEEN_CUST_00148,86780.76,abandoned,address,2026-06-05 03:49:42.408202,2026-06-05 05:44:42.408202
UNSEEN_CHK_000374,UNSEEN_CUST_00045,6240.78,completed,review,2026-07-29 17:47:42.408202,
UNSEEN_CHK_000375,UNSEEN_CUST_01406,35459.85,completed,payment_page,2026-07-21 20:27:42.409200,
UNSEEN_CHK_000376,UNSEEN_CUST_00190,26687.66,completed,payment_attempt,2026-07-19 16:28:42.409200,
UNSEEN_CHK_000377,UNSEEN_CUST_00345,26999.21,completed,review,2026-07-14 12:40:42.409200,
UNSEEN_CHK_000378,UNSEEN_CUST_00453,9376.48,abandoned,review,2026-07-16 23:39:42.409200,2026-07-16 23:43:42.409200
UNSEEN_CHK_000379,UNSEEN_CUST_01952,4498.39,completed,address,2026-08-21 23:46:42.409200,
UNSEEN_CHK_000380,UNSEEN_CUST_01942,90772.92,abandoned,payment_attempt,2026-06-21 01:07:42.409200,2026-06-21 02:34:42.409200
UNSEEN_CHK_000381,UNSEEN_CUST_00179,11409.06,abandoned,payment_attempt,2026-06-15 21:52:41.859983,2026-06-15 23:44:41.859983
UNSEEN_CHK_000382,UNSEEN_CUST_00088,2899.15,abandoned,review,2026-08-05 23:03:42.410199,2026-08-06 00:33:42.410199
UNSEEN_CHK_000383,UNSEEN_CUST_00422,50308.91,completed,address,2026-08-11 16:56:42.411199,
UNSEEN_CHK_000384,UNSEEN_CUST_00865,9779.18,abandoned,review,2026-06-20 12:14:42.411199,2026-06-20 14:04:42.411199
UNSEEN_CHK_000385,UNSEEN_CUST_00904,21829.26,abandoned,payment_attempt,2026-07-23 06:27:42.411199,2026-07-23 07:52:42.411199
UNSEEN_CHK_000386,UNSEEN_CUST_00634,38629.94,abandoned,address,2026-06-03 07:56:42.411199,2026-06-03 08:48:42.411199
UNSEEN_CHK_000387,UNSEEN_CUST_00122,5161.17,abandoned,address,2026-05-29 01:41:42.411199,2026-05-29 03:25:42.411199
UNSEEN_CHK_000388,UNSEEN_CUST_01602,32754.95,abandoned,payment_page,2026-06-14 18:34:42.411199,2026-06-14 20:16:42.411199
UNSEEN_CHK_000389,UNSEEN_CUST_00654,9423.82,abandoned,payment_attempt,2026-05-31 08:44:42.411199,2026-05-31 09:47:42.411199
UNSEEN_CHK_000390,UNSEEN_CUST_00737,28753.87,abandoned,review,2026-06-04 01:23:42.411199,2026-06-04 02:09:42.411199
UNSEEN_CHK_000391,UNSEEN_CUST_00175,41176.18,abandoned,payment_attempt,2026-06-19 00:11:41.871990,2026-06-19 00:17:41.871990
UNSEEN_CHK_000392,UNSEEN_CUST_00292,31444.06,abandoned,address,2026-06-06 09:48:42.413199,2026-06-06 11:34:42.413199
UNSEEN_CHK_000393,UNSEEN_CUST_01412,5012.87,completed,payment_page,2026-07-16 15:05:42.413199,
UNSEEN_CHK_000394,UNSEEN_CUST_01843,21801.6,completed,address,2026-06-17 02:48:42.413199,
UNSEEN_CHK_000395,UNSEEN_CUST_01638,46911.4,abandoned,address,2026-08-13 00:09:42.413199,2026-08-13 01:20:42.413199
UNSEEN_CHK_000396,UNSEEN_CUST_01518,36840.4,abandoned,payment_page,2026-07-06 11:40:41.975073,2026-07-06 11:54:41.975073
UNSEEN_CHK_000397,UNSEEN_CUST_00523,93620.3,completed,payment_page,2026-08-23 08:16:42.414199,
UNSEEN_CHK_000398,UNSEEN_CUST_00246,17586.64,completed,payment_attempt,2026-07-18 10:13:42.414199,
UNSEEN_CHK_000399,UNSEEN_CUST_00892,8498.8,abandoned,payment_page,2026-06-13 20:31:41.906985,2026-06-13 21:54:41.906985
UNSEEN_CHK_000400,UNSEEN_CUST_01259,18263.47,completed,payment_page,2026-06-28 01:57:42.416199,
UNSEEN_CHK_000401,UNSEEN_CUST_01419,47996.02,completed,address,2026-08-26 05:33:42.416199,
UNSEEN_CHK_000402,UNSEEN_CUST_01929,37747.65,completed,address,2026-06-29 12:16:42.416199,
UNSEEN_CHK_000403,UNSEEN_CUST_00157,16284.72,completed,address,2026-07-07 14:43:42.416199,
UNSEEN_CHK_000404,UNSEEN_CUST_00165,25174.76,abandoned,payment_page,2026-07-21 11:58:42.416199,2026-07-21 13:25:42.416199
UNSEEN_CHK_000405,UNSEEN_CUST_01928,18691.53,completed,payment_page,2026-06-19 02:44:42.416199,
UNSEEN_CHK_000406,UNSEEN_CUST_00836,97960.4,completed,payment_attempt,2026-07-18 01:38:42.416199,
UNSEEN_CHK_000407,UNSEEN_CUST_00239,4987.42,abandoned,payment_attempt,2026-06-23 02:08:41.898985,2026-06-23 02:25:41.898985
UNSEEN_CHK_000408,UNSEEN_CUST_01899,41668.3,abandoned,review,2026-08-20 04:03:42.417199,2026-08-20 04:39:42.417199
UNSEEN_CHK_000409,UNSEEN_CUST_00300,22125.28,completed,review,2026-06-10 18:58:42.417199,
UNSEEN_CHK_000410,UNSEEN_CUST_00800,14125.51,completed,address,2026-06-18 10:36:42.417199,
UNSEEN_CHK_000411,UNSEEN_CUST_01447,33946.28,expired,address,2026-08-15 21:05:42.418199,2026-08-15 21:46:42.418199
UNSEEN_CHK_000412,UNSEEN_CUST_00372,11892.58,completed,payment_page,2026-07-11 10:12:42.418199,
UNSEEN_CHK_000413,UNSEEN_CUST_00358,22620.93,completed,review,2026-08-10 10:39:42.418199,
UNSEEN_CHK_000414,UNSEEN_CUST_01291,40403.09,abandoned,payment_attempt,2026-07-22 18:32:42.418199,2026-07-22 19:01:42.418199
UNSEEN_CHK_000415,UNSEEN_CUST_01788,39093.9,abandoned,payment_attempt,2026-07-14 06:46:41.966990,2026-07-14 08:35:41.966990
UNSEEN_CHK_000416,UNSEEN_CUST_00209,2214.37,abandoned,payment_attempt,2026-07-30 01:30:42.419199,2026-07-30 03:13:42.419199
UNSEEN_CHK_000417,UNSEEN_CUST_01853,5213.97,abandoned,payment_page,2026-07-07 01:56:42.419199,2026-07-07 02:19:42.419199
UNSEEN_CHK_000418,UNSEEN_CUST_01299,39423.94,abandoned,payment_page,2026-06-26 22:37:42.419199,2026-06-26 23:59:42.419199
UNSEEN_CHK_000419,UNSEEN_CUST_01981,10207.37,expired,payment_page,2026-07-01 05:20:42.419199,2026-07-01 06:01:42.419199
UNSEEN_CHK_000420,UNSEEN_CUST_01242,40073.82,abandoned,payment_attempt,2026-08-07 03:06:41.825479,2026-08-07 03:45:41.825479
UNSEEN_CHK_000421,UNSEEN_CUST_01510,38182.76,abandoned,review,2026-08-11 17:25:42.421195,2026-08-11 18:02:42.421195
UNSEEN_CHK_000422,UNSEEN_CUST_01134,16174.15,abandoned,review,2026-05-31 12:19:42.421195,2026-05-31 12:32:42.421195
UNSEEN_CHK_000423,UNSEEN_CUST_01335,19041.97,abandoned,payment_page,2026-06-01 17:06:42.421195,2026-06-01 17:08:42.421195
UNSEEN_CHK_000424,UNSEEN_CUST_01038,23066.31,completed,payment_page,2026-08-09 03:53:42.421195,
UNSEEN_CHK_000425,UNSEEN_CUST_00963,39348.12,completed,review,2026-08-15 16:40:42.421195,
UNSEEN_CHK_000426,UNSEEN_CUST_01854,2032.34,completed,payment_attempt,2026-08-16 08:37:42.421195,
UNSEEN_CHK_000427,UNSEEN_CUST_01900,8224.12,abandoned,payment_attempt,2026-07-02 14:39:41.884985,2026-07-02 16:15:41.884985
UNSEEN_CHK_000428,UNSEEN_CUST_01834,28693.91,completed,review,2026-08-13 17:50:42.423197,
UNSEEN_CHK_000429,UNSEEN_CUST_01586,33298.9,expired,review,2026-08-10 02:23:42.423197,2026-08-10 03:02:42.423197
UNSEEN_CHK_000430,UNSEEN_CUST_00542,18019.58,abandoned,address,2026-07-02 00:29:42.423197,2026-07-02 02:06:42.423197
UNSEEN_CHK_000431,UNSEEN_CUST_00449,7560.93,completed,payment_page,2026-06-10 14:19:42.423197,
UNSEEN_CHK_000432,UNSEEN_CUST_00455,3011.89,abandoned,payment_attempt,2026-08-24 06:21:41.921999,2026-08-24 08:20:41.921999
UNSEEN_CHK_000433,UNSEEN_CUST_00591,49224.11,abandoned,payment_page,2026-08-20 13:26:42.425201,2026-08-20 14:37:42.425201
UNSEEN_CHK_000434,UNSEEN_CUST_00856,6111.24,completed,payment_attempt,2026-06-12 06:42:42.425201,
UNSEEN_CHK_000435,UNSEEN_CUST_00479,27852.15,completed,review,2026-08-21 19:40:42.425201,
UNSEEN_CHK_000436,UNSEEN_CUST_00023,1948.52,abandoned,review,2026-06-04 18:54:42.425201,2026-06-04 20:22:42.425201
UNSEEN_CHK_000437,UNSEEN_CUST_01536,22774.8,abandoned,address,2026-08-21 05:23:42.425201,2026-08-21 06:30:42.425201
UNSEEN_CHK_000438,UNSEEN_CUST_00696,16050.88,abandoned,payment_attempt,2026-06-23 04:03:42.425201,2026-06-23 05:14:42.425201
UNSEEN_CHK_000439,UNSEEN_CUST_00909,2971.9,expired,address,2026-07-13 20:49:42.425201,2026-07-13 21:26:42.425201
UNSEEN_CHK_000440,UNSEEN_CUST_00025,12660.18,abandoned,payment_page,2026-08-04 12:13:42.425201,2026-08-04 12:30:42.425201
UNSEEN_CHK_000441,UNSEEN_CUST_00689,40320.24,completed,review,2026-07-11 04:35:42.425201,
UNSEEN_CHK_000442,UNSEEN_CUST_00194,28700.27,abandoned,address,2026-08-05 03:42:42.425201,2026-08-05 04:09:42.425201
UNSEEN_CHK_000443,UNSEEN_CUST_00475,4548.89,abandoned,payment_page,2026-07-19 20:47:42.425201,2026-07-19 20:50:42.425201
UNSEEN_CHK_000444,UNSEEN_CUST_01025,26164.65,completed,payment_attempt,2026-07-22 21:33:42.425201,
UNSEEN_CHK_000445,UNSEEN_CUST_01658,66307.4,completed,payment_attempt,2026-08-03 19:42:42.425201,
UNSEEN_CHK_000446,UNSEEN_CUST_01111,49339.05,completed,address,2026-06-28 21:11:42.426199,
UNSEEN_CHK_000447,UNSEEN_CUST_01906,30565.06,abandoned,review,2026-05-31 20:37:42.426199,2026-05-31 22:33:42.426199
UNSEEN_CHK_000448,UNSEEN_CUST_01339,49150.95,abandoned,payment_attempt,2026-06-19 05:02:42.031066,2026-06-19 06:42:42.031066
UNSEEN_CHK_000449,UNSEEN_CUST_01346,2417.92,abandoned,payment_page,2026-08-15 22:34:41.914985,2026-08-16 00:18:41.914985
UNSEEN_CHK_000450,UNSEEN_CUST_00870,13827.71,abandoned,address,2026-06-01 23:51:42.428199,2026-06-02 00:58:42.428199
UNSEEN_CHK_000451,UNSEEN_CUST_00386,60967.71,completed,payment_page,2026-08-15 04:04:42.428199,
UNSEEN_CHK_000452,UNSEEN_CUST_01807,8894.95,completed,review,2026-05-31 13:18:42.429199,
UNSEEN_CHK_000453,UNSEEN_CUST_01801,23143.34,abandoned,payment_attempt,2026-07-24 00:23:41.940990,2026-07-24 00:54:41.940990
UNSEEN_CHK_000454,UNSEEN_CUST_01021,17348.19,completed,address,2026-08-03 12:30:42.430199,
UNSEEN_CHK_000455,UNSEEN_CUST_00415,16432.74,completed,review,2026-07-07 21:07:42.430199,
UNSEEN_CHK_000456,UNSEEN_CUST_00034,7578.05,abandoned,payment_attempt,2026-08-20 11:06:41.952989,2026-08-20 11:25:41.952989
UNSEEN_CHK_000457,UNSEEN_CUST_01391,25112.38,completed,payment_page,2026-07-25 09:02:42.432196,
UNSEEN_CHK_000458,UNSEEN_CUST_01527,2487.94,abandoned,payment_page,2026-08-26 02:53:42.012074,2026-08-26 04:35:42.012074
UNSEEN_CHK_000459,UNSEEN_CUST_01228,4259.16,expired,payment_attempt,2026-07-04 11:12:42.434199,2026-07-04 12:55:42.434199
UNSEEN_CHK_000460,UNSEEN_CUST_01296,41701.53,abandoned,address,2026-05-28 23:00:42.434199,2026-05-28 23:38:42.434199
UNSEEN_CHK_000461,UNSEEN_CUST_01417,24344.57,abandoned,payment_attempt,2026-07-01 03:18:41.980067,2026-07-01 04:39:41.980067
UNSEEN_CHK_000462,UNSEEN_CUST_01124,11979.45,abandoned,payment_attempt,2026-07-05 05:04:42.103066,2026-07-05 06:48:42.103066
UNSEEN_CHK_000463,UNSEEN_CUST_01900,28034.22,abandoned,payment_attempt,2026-07-22 13:32:42.056078,2026-07-22 15:16:42.056078
UNSEEN_CHK_000464,UNSEEN_CUST_00103,75872.57,completed,review,2026-07-21 06:43:42.439197,
UNSEEN_CHK_000465,UNSEEN_CUST_01426,19631.31,abandoned,payment_attempt,2026-08-26 00:49:42.439197,2026-08-26 02:35:42.439197
UNSEEN_CHK_000466,UNSEEN_CUST_00974,95866.33,abandoned,review,2026-06-17 19:57:42.439197,2026-06-17 21:41:42.439197
UNSEEN_CHK_000467,UNSEEN_CUST_00761,42336.48,completed,review,2026-07-22 13:15:42.439197,
UNSEEN_CHK_000468,UNSEEN_CUST_00546,35745.62,abandoned,address,2026-05-31 14:12:42.440551,2026-05-31 15:39:42.440551
UNSEEN_CHK_000469,UNSEEN_CUST_00402,29560.1,abandoned,payment_attempt,2026-08-04 08:38:42.124067,2026-08-04 09:02:42.124067
UNSEEN_CHK_000470,UNSEEN_CUST_00998,33052.22,abandoned,payment_page,2026-08-18 10:20:42.441643,2026-08-18 12:14:42.441643
UNSEEN_CHK_000471,UNSEEN_CUST_00483,1645.06,abandoned,payment_attempt,2026-06-16 17:56:42.441643,2026-06-16 19:23:42.441643
UNSEEN_CHK_000472,UNSEEN_CUST_01137,45880.59,completed,payment_attempt,2026-08-06 08:20:42.442650,
UNSEEN_CHK_000473,UNSEEN_CUST_01279,12483.65,abandoned,review,2026-07-19 13:40:42.442650,2026-07-19 13:50:42.442650
UNSEEN_CHK_000474,UNSEEN_CUST_00070,25874.43,completed,review,2026-07-02 07:37:42.442650,
UNSEEN_CHK_000475,UNSEEN_CUST_01419,20999.87,abandoned,address,2026-07-16 15:14:42.442650,2026-07-16 15:40:42.442650
UNSEEN_CHK_000476,UNSEEN_CUST_01226,20728.49,abandoned,payment_page,2026-07-13 00:41:42.442650,2026-07-13 00:55:42.442650
UNSEEN_CHK_000477,UNSEEN_CUST_00142,20866.46,completed,review,2026-08-01 10:56:42.442650,
UNSEEN_CHK_000478,UNSEEN_CUST_00346,3584.85,completed,review,2026-08-20 05:59:42.442650,
UNSEEN_CHK_000479,UNSEEN_CUST_01388,27195.03,completed,review,2026-06-16 00:43:42.442650,
UNSEEN_CHK_000480,UNSEEN_CUST_01735,42491.42,abandoned,address,2026-06-18 16:38:42.442650,2026-06-18 16:52:42.442650
UNSEEN_CHK_000481,UNSEEN_CUST_01150,40064.12,abandoned,review,2026-08-06 13:52:42.442650,2026-08-06 14:15:42.442650
UNSEEN_CHK_000482,UNSEEN_CUST_00130,22700.08,completed,address,2026-07-25 07:06:42.442650,
UNSEEN_CHK_000483,UNSEEN_CUST_01374,6684.04,expired,payment_page,2026-08-15 21:30:42.442650,2026-08-15 21:34:42.442650
UNSEEN_CHK_000484,UNSEEN_CUST_00746,10493.12,completed,payment_page,2026-06-26 14:51:42.443645,
UNSEEN_CHK_000485,UNSEEN_CUST_00647,37200.45,completed,review,2026-06-08 18:30:42.443645,
UNSEEN_CHK_000486,UNSEEN_CUST_00822,14091.94,abandoned,review,2026-08-07 10:17:42.443645,2026-08-07 10:39:42.443645
UNSEEN_CHK_000487,UNSEEN_CUST_01826,5030.41,abandoned,payment_attempt,2026-06-20 18:46:42.443645,2026-06-20 19:07:42.443645
UNSEEN_CHK_000488,UNSEEN_CUST_01530,25899.42,completed,address,2026-08-07 18:29:42.443645,
UNSEEN_CHK_000489,UNSEEN_CUST_01779,30020.49,completed,payment_attempt,2026-07-11 09:40:42.443645,
UNSEEN_CHK_000490,UNSEEN_CUST_01513,19732.58,completed,address,2026-07-19 04:12:42.443645,
UNSEEN_CHK_000491,UNSEEN_CUST_00775,16470.19,completed,payment_page,2026-06-17 06:23:42.443645,
UNSEEN_CHK_000492,UNSEEN_CUST_01877,5735.47,completed,address,2026-07-13 12:57:42.443645,
UNSEEN_CHK_000493,UNSEEN_CUST_00646,36495.89,abandoned,payment_page,2026-08-19 03:33:41.869990,2026-08-19 04:57:41.869990
UNSEEN_CHK_000494,UNSEEN_CUST_01239,24372.16,abandoned,payment_page,2026-06-07 05:07:42.445645,2026-06-07 06:11:42.445645
UNSEEN_CHK_000495,UNSEEN_CUST_01819,16367.45,completed,payment_attempt,2026-06-01 20:45:42.445645,
UNSEEN_CHK_000496,UNSEEN_CUST_01936,31902.48,completed,address,2026-07-26 07:57:42.445645,
UNSEEN_CHK_000497,UNSEEN_CUST_01561,23687.57,abandoned,payment_attempt,2026-06-16 08:17:42.038065,2026-06-16 10:05:42.038065
UNSEEN_CHK_000498,UNSEEN_CUST_01253,4286.82,expired,address,2026-07-27 03:56:42.446641,2026-07-27 04:04:42.446641
UNSEEN_CHK_000499,UNSEEN_CUST_01511,39201.99,abandoned,payment_page,2026-08-02 11:28:41.815991,2026-08-02 13:16:41.815991
UNSEEN_CHK_000500,UNSEEN_CUST_00051,60632.68,completed,review,2026-07-02 07:22:42.448636,
UNSEEN_CHK_000501,UNSEEN_CUST_01248,44925.1,completed,payment_page,2026-07-20 11:21:42.448636,
UNSEEN_CHK_000502,UNSEEN_CUST_00390,11807.01,abandoned,payment_attempt,2026-08-19 09:20:41.817991,2026-08-19 11:19:41.817991
UNSEEN_CHK_000503,UNSEEN_CUST_01050,7115.37,abandoned,address,2026-06-14 10:35:42.449634,2026-06-14 11:07:42.449634
UNSEEN_CHK_000504,UNSEEN_CUST_00780,13746.71,completed,review,2026-07-01 14:17:42.449634,
UNSEEN_CHK_000505,UNSEEN_CUST_00447,38675.44,abandoned,payment_page,2026-06-07 18:34:42.449634,2026-06-07 19:12:42.449634
UNSEEN_CHK_000506,UNSEEN_CUST_01080,27540.84,completed,address,2026-06-07 03:56:42.450636,
UNSEEN_CHK_000507,UNSEEN_CUST_01621,4723.81,abandoned,payment_attempt,2026-06-03 18:37:42.098073,2026-06-03 19:47:42.098073
UNSEEN_CHK_000508,UNSEEN_CUST_01129,29529.84,completed,address,2026-06-23 19:16:42.451601,
UNSEEN_CHK_000509,UNSEEN_CUST_00610,34401.96,expired,review,2026-06-02 16:57:42.451601,2026-06-02 17:16:42.451601
UNSEEN_CHK_000510,UNSEEN_CUST_01407,24699.24,abandoned,address,2026-07-17 20:33:42.451601,2026-07-17 20:42:42.451601
UNSEEN_CHK_000511,UNSEEN_CUST_00259,29118.9,expired,payment_page,2026-06-03 18:36:42.451601,2026-06-03 20:13:42.451601
UNSEEN_CHK_000512,UNSEEN_CUST_01639,2280.47,completed,payment_page,2026-08-09 03:22:42.452556,
UNSEEN_CHK_000513,UNSEEN_CUST_00620,39218.76,completed,payment_page,2026-07-18 17:33:42.452556,
UNSEEN_CHK_000514,UNSEEN_CUST_01833,7074.71,completed,payment_attempt,2026-08-21 08:14:42.452556,
UNSEEN_CHK_000515,UNSEEN_CUST_00962,9818.34,expired,payment_attempt,2026-06-26 22:25:42.452556,2026-06-26 23:17:42.452556
UNSEEN_CHK_000516,UNSEEN_CUST_00290,35774.04,completed,payment_attempt,2026-06-10 23:48:42.452556,
UNSEEN_CHK_000517,UNSEEN_CUST_00330,4972.59,abandoned,address,2026-08-12 12:42:42.452556,2026-08-12 14:01:42.452556
UNSEEN_CHK_000518,UNSEEN_CUST_00359,16246.1,completed,address,2026-06-30 13:35:42.452556,
UNSEEN_CHK_000519,UNSEEN_CUST_01330,40140.04,abandoned,payment_page,2026-07-25 11:45:42.452556,2026-07-25 12:28:42.452556
UNSEEN_CHK_000520,UNSEEN_CUST_00461,9967.35,abandoned,address,2026-08-20 15:34:42.452556,2026-08-20 17:16:42.452556
UNSEEN_CHK_000521,UNSEEN_CUST_01401,84761.74,completed,address,2026-07-10 06:32:42.452556,
UNSEEN_CHK_000522,UNSEEN_CUST_01999,35795.27,expired,review,2026-08-01 13:24:42.452556,2026-08-01 14:18:42.452556
UNSEEN_CHK_000523,UNSEEN_CUST_00868,17493.94,abandoned,payment_page,2026-06-19 21:06:42.131073,2026-06-19 22:31:42.131073
UNSEEN_CHK_000524,UNSEEN_CUST_01510,36630.47,abandoned,payment_attempt,2026-08-16 16:25:41.931989,2026-08-16 17:50:41.931989
UNSEEN_CHK_000525,UNSEEN_CUST_00702,17239.26,completed,payment_attempt,2026-07-26 16:00:42.456556,
UNSEEN_CHK_000526,UNSEEN_CUST_00103,54885.77,expired,address,2026-08-08 00:10:42.456556,2026-08-08 01:33:42.456556
UNSEEN_CHK_000527,UNSEEN_CUST_01986,16071.85,expired,payment_page,2026-06-27 13:32:42.456556,2026-06-27 15:12:42.456556
UNSEEN_CHK_000528,UNSEEN_CUST_00952,9512.55,completed,payment_page,2026-08-12 09:14:42.456556,
UNSEEN_CHK_000529,UNSEEN_CUST_00023,21851.82,abandoned,address,2026-07-26 02:10:42.456556,2026-07-26 04:05:42.456556
UNSEEN_CHK_000530,UNSEEN_CUST_01959,38083.03,expired,payment_attempt,2026-07-19 21:43:42.457558,2026-07-19 23:38:42.457558
UNSEEN_CHK_000531,UNSEEN_CUST_00324,42009.9,abandoned,address,2026-08-12 07:07:42.457558,2026-08-12 07:24:42.457558
UNSEEN_CHK_000532,UNSEEN_CUST_01990,16577.09,completed,review,2026-07-27 16:50:42.457558,
UNSEEN_CHK_000533,UNSEEN_CUST_00737,32173.35,completed,address,2026-08-07 11:38:42.457558,
UNSEEN_CHK_000534,UNSEEN_CUST_00797,20391.74,abandoned,payment_page,2026-07-11 13:18:42.048986,2026-07-11 15:15:42.048986
UNSEEN_CHK_000535,UNSEEN_CUST_00398,33697.48,completed,payment_attempt,2026-06-30 23:11:42.459558,
UNSEEN_CHK_000536,UNSEEN_CUST_01701,57689.27,completed,review,2026-06-27 12:33:42.459558,
UNSEEN_CHK_000537,UNSEEN_CUST_00981,33464.73,completed,review,2026-08-26 17:25:42.459558,
UNSEEN_CHK_000538,UNSEEN_CUST_01818,19967.98,completed,address,2026-06-29 04:09:42.459558,
UNSEEN_CHK_000539,UNSEEN_CUST_00032,19705.26,abandoned,address,2026-08-23 11:11:42.459558,2026-08-23 11:38:42.459558
UNSEEN_CHK_000540,UNSEEN_CUST_00496,3655.72,abandoned,payment_attempt,2026-08-25 11:03:42.459558,2026-08-25 12:13:42.459558
UNSEEN_CHK_000541,UNSEEN_CUST_01282,15664.99,abandoned,address,2026-07-01 16:05:42.459558,2026-07-01 16:14:42.459558
UNSEEN_CHK_000542,UNSEEN_CUST_00941,35277.24,abandoned,payment_attempt,2026-06-23 10:33:42.459558,2026-06-23 11:42:42.459558
UNSEEN_CHK_000543,UNSEEN_CUST_00022,3932.57,abandoned,review,2026-05-30 01:07:42.460556,2026-05-30 02:34:42.460556
UNSEEN_CHK_000544,UNSEEN_CUST_01796,40671.95,abandoned,review,2026-08-18 01:49:42.460556,2026-08-18 02:49:42.460556
UNSEEN_CHK_000545,UNSEEN_CUST_01894,2728.33,completed,review,2026-06-25 08:28:42.460556,
UNSEEN_CHK_000546,UNSEEN_CUST_01737,41377.75,expired,review,2026-06-01 20:26:42.460556,2026-06-01 21:32:42.460556
UNSEEN_CHK_000547,UNSEEN_CUST_01771,30337.74,abandoned,payment_attempt,2026-06-19 14:05:42.460556,2026-06-19 15:25:42.460556
UNSEEN_CHK_000548,UNSEEN_CUST_00090,34756.97,abandoned,payment_page,2026-05-31 11:07:42.038065,2026-05-31 12:00:42.038065
UNSEEN_CHK_000549,UNSEEN_CUST_01196,7179.95,expired,review,2026-06-12 11:01:42.462559,2026-06-12 11:29:42.462559
UNSEEN_CHK_000550,UNSEEN_CUST_01481,11115.04,completed,address,2026-07-11 13:14:42.462559,
UNSEEN_CHK_000551,UNSEEN_CUST_01678,39930.69,expired,address,2026-06-03 23:51:42.462559,2026-06-04 01:31:42.462559
UNSEEN_CHK_000552,UNSEEN_CUST_00561,16618.27,abandoned,payment_page,2026-07-27 19:14:42.462559,2026-07-27 21:13:42.462559
UNSEEN_CHK_000553,UNSEEN_CUST_01203,27565.72,completed,review,2026-08-19 23:34:42.462559,
UNSEEN_CHK_000554,UNSEEN_CUST_00028,36969.94,completed,payment_attempt,2026-08-19 18:31:42.462559,
UNSEEN_CHK_000555,UNSEEN_CUST_01039,28832.24,completed,address,2026-07-12 08:51:42.462559,
UNSEEN_CHK_000556,UNSEEN_CUST_00662,10738.51,expired,payment_page,2026-07-27 16:23:42.462559,2026-07-27 17:56:42.462559
UNSEEN_CHK_000557,UNSEEN_CUST_01194,11957.34,abandoned,payment_page,2026-06-30 17:26:41.865990,2026-06-30 19:01:41.865990
UNSEEN_CHK_000558,UNSEEN_CUST_01070,37871.45,completed,payment_attempt,2026-07-13 16:46:42.464557,
UNSEEN_CHK_000559,UNSEEN_CUST_00402,25751.65,completed,review,2026-06-20 16:21:42.464557,
UNSEEN_CHK_000560,UNSEEN_CUST_01831,91073.31,abandoned,payment_attempt,2026-05-31 16:40:41.862990,2026-05-31 17:03:41.862990
UNSEEN_CHK_000561,UNSEEN_CUST_00157,46795.58,completed,review,2026-07-25 14:00:42.466556,
UNSEEN_CHK_000562,UNSEEN_CUST_00343,43708.14,abandoned,review,2026-07-19 06:35:42.466556,2026-07-19 07:46:42.466556
UNSEEN_CHK_000563,UNSEEN_CUST_01201,8263.23,abandoned,payment_page,2026-07-09 04:50:42.466556,2026-07-09 05:21:42.466556
UNSEEN_CHK_000564,UNSEEN_CUST_01878,32763.66,completed,review,2026-06-18 21:24:42.466556,
UNSEEN_CHK_000565,UNSEEN_CUST_00169,44623.3,completed,address,2026-06-18 01:43:42.466556,
UNSEEN_CHK_000566,UNSEEN_CUST_01276,9310.49,completed,payment_page,2026-06-30 18:35:42.466556,
UNSEEN_CHK_000567,UNSEEN_CUST_01230,1909.64,abandoned,payment_page,2026-08-15 10:02:42.467558,2026-08-15 10:54:42.467558
UNSEEN_CHK_000568,UNSEEN_CUST_00884,26326.66,abandoned,address,2026-07-21 09:23:42.467558,2026-07-21 10:20:42.467558
UNSEEN_CHK_000569,UNSEEN_CUST_01047,8582.39,completed,payment_page,2026-06-05 05:36:42.467558,
UNSEEN_CHK_000570,UNSEEN_CUST_01850,37906.24,abandoned,payment_page,2026-08-07 06:51:42.134070,2026-08-07 08:47:42.134070
UNSEEN_CHK_000571,UNSEEN_CUST_00224,28906.74,completed,address,2026-06-05 13:18:42.468557,
UNSEEN_CHK_000572,UNSEEN_CUST_01417,25971.43,abandoned,payment_attempt,2026-07-01 02:28:41.980067,2026-07-01 03:02:41.980067
UNSEEN_CHK_000573,UNSEEN_CUST_01655,23246.05,completed,review,2026-08-17 06:45:42.469557,
UNSEEN_CHK_000574,UNSEEN_CUST_00756,82736.99,abandoned,review,2026-07-17 08:52:42.470557,2026-07-17 08:58:42.470557
UNSEEN_CHK_000575,UNSEEN_CUST_00046,20597.71,abandoned,review,2026-08-14 21:31:42.470557,2026-08-14 21:33:42.470557
UNSEEN_CHK_000576,UNSEEN_CUST_00423,39459.12,completed,review,2026-07-17 14:30:42.470557,
UNSEEN_CHK_000577,UNSEEN_CUST_01619,13579.6,expired,payment_page,2026-06-18 17:29:42.470557,2026-06-18 18:46:42.470557
UNSEEN_CHK_000578,UNSEEN_CUST_00311,42328.04,completed,payment_attempt,2026-07-21 03:07:42.470557,
UNSEEN_CHK_000579,UNSEEN_CUST_01769,6583.14,expired,review,2026-07-24 22:59:42.470557,2026-07-24 23:49:42.470557
UNSEEN_CHK_000580,UNSEEN_CUST_00795,29293.22,completed,address,2026-06-14 05:22:42.470557,
UNSEEN_CHK_000581,UNSEEN_CUST_01563,48960.36,expired,review,2026-06-25 05:17:42.470557,2026-06-25 07:08:42.470557
UNSEEN_CHK_000582,UNSEEN_CUST_00349,26099.54,abandoned,payment_attempt,2026-07-05 21:18:42.470557,2026-07-05 22:21:42.470557
UNSEEN_CHK_000583,UNSEEN_CUST_00378,14783.68,completed,payment_attempt,2026-07-22 10:42:42.470557,
UNSEEN_CHK_000584,UNSEEN_CUST_00457,2810.01,expired,payment_attempt,2026-06-24 18:14:42.470557,2026-06-24 19:41:42.470557
UNSEEN_CHK_000585,UNSEEN_CUST_01718,16092.91,abandoned,review,2026-07-05 18:45:42.470557,2026-07-05 19:09:42.470557
UNSEEN_CHK_000586,UNSEEN_CUST_00123,39236.16,completed,address,2026-08-06 16:24:42.470557,
UNSEEN_CHK_000587,UNSEEN_CUST_01648,22100.82,abandoned,payment_attempt,2026-06-25 10:51:41.887985,2026-06-25 11:28:41.887985
UNSEEN_CHK_000588,UNSEEN_CUST_01592,16915.53,completed,payment_attempt,2026-06-23 14:45:42.473556,
UNSEEN_CHK_000589,UNSEEN_CUST_01132,45321.76,completed,review,2026-08-01 17:19:42.473556,
UNSEEN_CHK_000590,UNSEEN_CUST_01856,14631.63,abandoned,payment_page,2026-08-21 23:51:41.940990,2026-08-22 01:43:41.940990
UNSEEN_CHK_000591,UNSEEN_CUST_00543,1841.76,expired,address,2026-08-22 02:12:42.474556,2026-08-22 04:03:42.474556
UNSEEN_CHK_000592,UNSEEN_CUST_01575,38491.1,abandoned,review,2026-08-20 01:37:42.475555,2026-08-20 02:53:42.475555
UNSEEN_CHK_000593,UNSEEN_CUST_01343,37062.96,abandoned,payment_attempt,2026-06-06 19:07:42.475555,2026-06-06 19:53:42.475555
UNSEEN_CHK_000594,UNSEEN_CUST_00901,23738.17,abandoned,review,2026-08-24 19:03:42.475555,2026-08-24 19:47:42.475555
UNSEEN_CHK_000595,UNSEEN_CUST_00661,25698.88,completed,review,2026-07-05 06:32:42.475555,
UNSEEN_CHK_000596,UNSEEN_CUST_00394,23204.06,abandoned,payment_attempt,2026-06-23 19:52:42.089987,2026-06-23 20:48:42.089987
UNSEEN_CHK_000597,UNSEEN_CUST_01016,16726.33,abandoned,payment_attempt,2026-07-21 09:06:42.013073,2026-07-21 10:52:42.013073
UNSEEN_CHK_000598,UNSEEN_CUST_00839,10037.83,abandoned,payment_page,2026-06-13 03:01:42.478555,2026-06-13 04:24:42.478555
UNSEEN_CHK_000599,UNSEEN_CUST_01097,7451.14,abandoned,payment_page,2026-06-21 03:21:42.478555,2026-06-21 03:30:42.478555
UNSEEN_CHK_000600,UNSEEN_CUST_01003,94726.4,expired,payment_attempt,2026-08-12 04:48:42.478555,2026-08-12 06:20:42.478555
UNSEEN_CHK_000601,UNSEEN_CUST_00200,42586.79,completed,address,2026-06-06 15:39:42.479555,
UNSEEN_CHK_000602,UNSEEN_CUST_01101,11084.57,abandoned,review,2026-08-02 01:57:42.479555,2026-08-02 02:25:42.479555
UNSEEN_CHK_000603,UNSEEN_CUST_01155,2140.74,completed,address,2026-06-15 08:23:42.479555,
UNSEEN_CHK_000604,UNSEEN_CUST_01162,22262.25,completed,payment_page,2026-07-10 15:14:42.479555,
UNSEEN_CHK_000605,UNSEEN_CUST_00752,24200.53,completed,payment_attempt,2026-08-20 08:23:42.479555,
UNSEEN_CHK_000606,UNSEEN_CUST_01997,21769.91,abandoned,payment_page,2026-07-27 18:29:42.479555,2026-07-27 20:16:42.479555
UNSEEN_CHK_000607,UNSEEN_CUST_00646,37191.89,abandoned,payment_page,2026-08-19 04:10:41.869990,2026-08-19 04:50:41.869990
UNSEEN_CHK_000608,UNSEEN_CUST_00830,2557.05,completed,address,2026-07-28 05:47:42.481555,
UNSEEN_CHK_000609,UNSEEN_CUST_01801,28307.91,completed,payment_attempt,2026-06-09 10:31:42.481555,
UNSEEN_CHK_000610,UNSEEN_CUST_00525,40945.91,completed,payment_attempt,2026-08-10 08:47:42.482555,
UNSEEN_CHK_000611,UNSEEN_CUST_00871,74368.58,completed,payment_attempt,2026-08-17 04:28:42.482555,
UNSEEN_CHK_000612,UNSEEN_CUST_00970,89471.89,completed,payment_attempt,2026-07-24 09:49:42.482555,
UNSEEN_CHK_000613,UNSEEN_CUST_00226,18544.44,completed,review,2026-07-25 12:02:42.482555,
UNSEEN_CHK_000614,UNSEEN_CUST_01340,8528.83,expired,payment_attempt,2026-07-24 07:40:42.482555,2026-07-24 09:01:42.482555
UNSEEN_CHK_000615,UNSEEN_CUST_00330,41159.87,completed,payment_page,2026-07-30 04:53:42.482555,
UNSEEN_CHK_000616,UNSEEN_CUST_01262,3112.3,abandoned,payment_page,2026-06-30 14:12:42.482555,2026-06-30 14:45:42.482555
UNSEEN_CHK_000617,UNSEEN_CUST_01462,4119.86,completed,address,2026-07-28 16:15:42.482555,
UNSEEN_CHK_000618,UNSEEN_CUST_00809,1773.9,abandoned,payment_page,2026-06-05 03:23:42.482555,2026-06-05 03:38:42.482555
UNSEEN_CHK_000619,UNSEEN_CUST_01888,17230.04,abandoned,payment_attempt,2026-08-04 15:21:42.483555,2026-08-04 17:19:42.483555
UNSEEN_CHK_000620,UNSEEN_CUST_01153,8225.91,abandoned,payment_page,2026-06-07 07:22:42.483555,2026-06-07 09:01:42.483555
UNSEEN_CHK_000621,UNSEEN_CUST_00021,16246.96,abandoned,payment_page,2026-07-06 08:53:42.102072,2026-07-06 09:36:42.102072
UNSEEN_CHK_000622,UNSEEN_CUST_01368,43511.24,completed,payment_page,2026-08-06 07:48:42.484555,
UNSEEN_CHK_000623,UNSEEN_CUST_00786,68838.71,abandoned,review,2026-07-25 21:20:42.484555,2026-07-25 22:14:42.484555
UNSEEN_CHK_000624,UNSEEN_CUST_01186,13701.55,completed,payment_attempt,2026-06-20 05:24:42.484555,
UNSEEN_CHK_000625,UNSEEN_CUST_01119,40374.09,completed,review,2026-08-04 20:23:42.484555,
UNSEEN_CHK_000626,UNSEEN_CUST_00349,1904.87,completed,payment_page,2026-08-26 19:27:42.484555,
UNSEEN_CHK_000627,UNSEEN_CUST_01030,46232.74,expired,review,2026-06-04 11:02:42.484555,2026-06-04 12:39:42.484555
UNSEEN_CHK_000628,UNSEEN_CUST_00415,71480.88,expired,review,2026-07-15 23:36:42.484555,2026-07-16 01:23:42.484555
UNSEEN_CHK_000629,UNSEEN_CUST_01944,26836.71,completed,address,2026-07-23 10:37:42.484555,
UNSEEN_CHK_000630,UNSEEN_CUST_00440,34669.62,expired,payment_attempt,2026-06-05 00:10:42.484555,2026-06-05 01:59:42.484555
UNSEEN_CHK_000631,UNSEEN_CUST_01089,42452.94,abandoned,review,2026-06-07 00:50:42.484555,2026-06-07 02:34:42.484555
UNSEEN_CHK_000632,UNSEEN_CUST_00526,18013.08,abandoned,payment_page,2026-06-28 08:23:42.484555,2026-06-28 08:33:42.484555
UNSEEN_CHK_000633,UNSEEN_CUST_01886,43456.31,abandoned,review,2026-07-27 00:10:42.484555,2026-07-27 01:42:42.484555
UNSEEN_CHK_000634,UNSEEN_CUST_00188,34752.23,completed,address,2026-07-02 03:20:42.484555,
UNSEEN_CHK_000635,UNSEEN_CUST_00556,13069.13,completed,payment_attempt,2026-07-07 13:20:42.484555,
UNSEEN_CHK_000636,UNSEEN_CUST_00803,34218.36,abandoned,payment_attempt,2026-05-30 21:47:41.845481,2026-05-30 22:23:41.845481
UNSEEN_CHK_000637,UNSEEN_CUST_00603,48981.05,abandoned,payment_page,2026-06-21 02:47:41.819991,2026-06-21 03:32:41.819991
UNSEEN_CHK_000638,UNSEEN_CUST_01753,29687.04,expired,address,2026-07-22 01:40:42.486555,2026-07-22 03:39:42.486555
UNSEEN_CHK_000639,UNSEEN_CUST_00690,37043.56,abandoned,payment_attempt,2026-06-22 04:18:41.991079,2026-06-22 05:12:41.991079
UNSEEN_CHK_000640,UNSEEN_CUST_01855,4041.28,abandoned,payment_page,2026-07-20 20:42:42.487556,2026-07-20 21:11:42.487556
UNSEEN_CHK_000641,UNSEEN_CUST_01598,36501.8,completed,payment_attempt,2026-08-11 20:28:42.487556,
UNSEEN_CHK_000642,UNSEEN_CUST_01549,8490.54,abandoned,payment_page,2026-07-20 02:09:42.488556,2026-07-20 02:22:42.488556
UNSEEN_CHK_000643,UNSEEN_CUST_00356,14820.06,abandoned,payment_page,2026-07-13 01:18:41.843482,2026-07-13 02:05:41.843482
UNSEEN_CHK_000644,UNSEEN_CUST_01338,38551.8,abandoned,payment_attempt,2026-06-10 11:12:42.067066,2026-06-10 11:55:42.067066
UNSEEN_CHK_000645,UNSEEN_CUST_01508,30531.52,abandoned,address,2026-07-07 15:36:42.491556,2026-07-07 16:53:42.491556
UNSEEN_CHK_000646,UNSEEN_CUST_01399,13069.92,expired,payment_page,2026-06-21 03:23:42.491556,2026-06-21 05:15:42.491556
UNSEEN_CHK_000647,UNSEEN_CUST_01486,14270.97,abandoned,payment_attempt,2026-06-27 01:02:42.491556,2026-06-27 02:10:42.491556
UNSEEN_CHK_000648,UNSEEN_CUST_01814,39711.68,completed,payment_attempt,2026-08-07 22:29:42.491556,
UNSEEN_CHK_000649,UNSEEN_CUST_00999,5834.24,completed,address,2026-06-22 04:54:42.491556,
UNSEEN_CHK_000650,UNSEEN_CUST_01421,25160.91,expired,payment_attempt,2026-07-03 06:57:42.491556,2026-07-03 08:19:42.491556
UNSEEN_CHK_000651,UNSEEN_CUST_01784,27353.82,abandoned,payment_page,2026-07-27 13:43:41.813992,2026-07-27 14:55:41.813992
UNSEEN_CHK_000652,UNSEEN_CUST_01762,57379.49,abandoned,review,2026-06-17 23:02:42.492555,2026-06-18 00:44:42.492555
UNSEEN_CHK_000653,UNSEEN_CUST_01888,36358.4,abandoned,address,2026-08-14 06:47:42.492555,2026-08-14 07:08:42.492555
UNSEEN_CHK_000654,UNSEEN_CUST_00021,41263.59,completed,review,2026-08-07 03:32:42.492555,
UNSEEN_CHK_000655,UNSEEN_CUST_01553,25046.2,abandoned,payment_page,2026-06-15 03:42:42.492555,2026-06-15 05:02:42.492555
UNSEEN_CHK_000656,UNSEEN_CUST_00748,28546.21,abandoned,payment_attempt,2026-06-06 20:22:42.079077,2026-06-06 21:19:42.079077
UNSEEN_CHK_000657,UNSEEN_CUST_01578,18941.9,completed,payment_attempt,2026-06-10 15:12:42.493555,
UNSEEN_CHK_000658,UNSEEN_CUST_01431,38630.05,abandoned,payment_page,2026-08-08 23:00:42.494555,2026-08-08 23:08:42.494555
UNSEEN_CHK_000659,UNSEEN_CUST_01805,39080.34,abandoned,payment_page,2026-06-01 11:01:42.494555,2026-06-01 12:14:42.494555
UNSEEN_CHK_000660,UNSEEN_CUST_01765,13403.77,completed,review,2026-07-16 20:27:42.494555,
UNSEEN_CHK_000661,UNSEEN_CUST_00162,26045.23,abandoned,payment_page,2026-07-09 09:52:41.799580,2026-07-09 10:42:41.799580
UNSEEN_CHK_000662,UNSEEN_CUST_01806,38981.05,completed,payment_attempt,2026-07-15 04:39:42.495555,
UNSEEN_CHK_000663,UNSEEN_CUST_00956,20423.56,abandoned,address,2026-06-08 13:29:42.495555,2026-06-08 15:12:42.495555
UNSEEN_CHK_000664,UNSEEN_CUST_00408,79788.7,abandoned,payment_attempt,2026-07-05 08:04:41.964990,2026-07-05 09:37:41.964990
UNSEEN_CHK_000665,UNSEEN_CUST_01969,15699.53,expired,review,2026-08-13 20:07:42.496555,2026-08-13 20:45:42.496555
UNSEEN_CHK_000666,UNSEEN_CUST_00012,589.52,completed,payment_attempt,2026-08-07 07:29:42.496555,
UNSEEN_CHK_000667,UNSEEN_CUST_01029,23079.27,abandoned,payment_page,2026-06-16 10:33:42.085032,2026-06-16 11:37:42.085032
UNSEEN_CHK_000668,UNSEEN_CUST_01334,8229.26,completed,payment_attempt,2026-06-21 04:56:42.497555,
UNSEEN_CHK_000669,UNSEEN_CUST_01502,21642.24,completed,address,2026-06-09 04:31:42.497555,
UNSEEN_CHK_000670,UNSEEN_CUST_01663,58413.46,expired,payment_page,2026-06-27 06:58:42.497555,2026-06-27 08:10:42.497555
UNSEEN_CHK_000671,UNSEEN_CUST_01315,34702.16,abandoned,payment_page,2026-08-04 09:33:42.089077,2026-08-04 11:25:42.089077
UNSEEN_CHK_000672,UNSEEN_CUST_00610,30005.19,abandoned,payment_page,2026-08-08 16:45:42.100066,2026-08-08 18:29:42.100066
UNSEEN_CHK_000673,UNSEEN_CUST_01179,41736.76,completed,payment_attempt,2026-06-20 06:13:42.499556,
UNSEEN_CHK_000674,UNSEEN_CUST_01029,19246.58,completed,payment_page,2026-08-18 00:37:42.499556,
UNSEEN_CHK_000675,UNSEEN_CUST_00937,13673.09,abandoned,payment_attempt,2026-08-14 10:00:41.935989,2026-08-14 10:38:41.935989
UNSEEN_CHK_000676,UNSEEN_CUST_01980,29105.56,completed,payment_attempt,2026-06-18 20:18:42.500555,
UNSEEN_CHK_000677,UNSEEN_CUST_00909,17816.43,abandoned,payment_attempt,2026-07-14 00:01:42.500555,2026-07-14 00:49:42.500555
UNSEEN_CHK_000678,UNSEEN_CUST_00169,54985.61,completed,review,2026-06-08 19:15:42.500555,
UNSEEN_CHK_000679,UNSEEN_CUST_01706,20262.91,abandoned,address,2026-08-20 20:36:42.500555,2026-08-20 20:54:42.500555
UNSEEN_CHK_000680,UNSEEN_CUST_00362,21336.01,completed,payment_attempt,2026-07-25 04:39:42.500555,
UNSEEN_CHK_000681,UNSEEN_CUST_01603,38201.2,completed,address,2026-06-30 16:22:42.500555,
UNSEEN_CHK_000682,UNSEEN_CUST_01619,22993.34,completed,review,2026-07-03 23:20:42.500555,
UNSEEN_CHK_000683,UNSEEN_CUST_00741,30175.91,completed,payment_page,2026-07-13 14:11:42.500555,
UNSEEN_CHK_000684,UNSEEN_CUST_01312,43368.47,completed,review,2026-08-25 21:13:42.501555,
UNSEEN_CHK_000685,UNSEEN_CUST_01971,48708.07,abandoned,payment_attempt,2026-07-13 11:47:42.501555,2026-07-13 11:55:42.501555
UNSEEN_CHK_000686,UNSEEN_CUST_01080,31954.29,abandoned,payment_attempt,2026-07-16 14:05:42.028074,2026-07-16 14:37:42.028074
UNSEEN_CHK_000687,UNSEEN_CUST_00633,15134.85,abandoned,payment_page,2026-06-20 06:49:41.983985,2026-06-20 08:47:41.983985
UNSEEN_CHK_000688,UNSEEN_CUST_00464,27011.77,abandoned,payment_page,2026-07-05 14:04:41.877985,2026-07-05 15:19:41.877985
UNSEEN_CHK_000689,UNSEEN_CUST_00735,57275.95,completed,payment_page,2026-06-16 18:21:42.503555,
UNSEEN_CHK_000690,UNSEEN_CUST_01323,14652.79,abandoned,payment_attempt,2026-07-05 17:17:42.503555,2026-07-05 17:24:42.503555
UNSEEN_CHK_000691,UNSEEN_CUST_00687,86509.99,abandoned,payment_attempt,2026-08-18 22:22:42.504555,2026-08-18 23:08:42.504555
UNSEEN_CHK_000692,UNSEEN_CUST_00119,20875.93,completed,payment_attempt,2026-06-15 20:37:42.504555,
UNSEEN_CHK_000693,UNSEEN_CUST_00938,19206.94,abandoned,review,2026-05-28 21:18:42.504555,2026-05-28 21:29:42.504555
UNSEEN_CHK_000694,UNSEEN_CUST_00292,40848.08,completed,review,2026-06-29 15:17:42.504555,
UNSEEN_CHK_000695,UNSEEN_CUST_00931,1274.35,abandoned,address,2026-07-20 01:56:42.504555,2026-07-20 02:20:42.504555
UNSEEN_CHK_000696,UNSEEN_CUST_01219,5861.26,completed,payment_attempt,2026-06-30 18:07:42.504555,
UNSEEN_CHK_000697,UNSEEN_CUST_01524,9380.14,completed,address,2026-07-08 07:09:42.504555,
UNSEEN_CHK_000698,UNSEEN_CUST_01178,31483.42,expired,review,2026-07-21 08:44:42.504555,2026-07-21 09:18:42.504555
UNSEEN_CHK_000699,UNSEEN_CUST_00927,77686.53,completed,review,2026-07-06 19:39:42.504555,
UNSEEN_CHK_000700,UNSEEN_CUST_00074,4163.62,abandoned,payment_attempt,2026-08-24 17:46:41.874986,2026-08-24 18:06:41.874986
UNSEEN_CHK_000701,UNSEEN_CUST_01907,25823.57,completed,payment_page,2026-07-08 03:33:42.505555,
UNSEEN_CHK_000702,UNSEEN_CUST_00486,31580.19,abandoned,payment_attempt,2026-06-09 21:14:41.875985,2026-06-09 21:18:41.875985
UNSEEN_CHK_000703,UNSEEN_CUST_01722,26400.98,abandoned,payment_page,2026-05-31 23:20:41.847480,2026-05-31 23:49:41.847480
UNSEEN_CHK_000704,UNSEEN_CUST_01152,32814.77,completed,payment_page,2026-08-01 02:34:42.507900,
UNSEEN_CHK_000705,UNSEEN_CUST_00452,2050.94,completed,payment_attempt,2026-07-02 02:06:42.507900,
UNSEEN_CHK_000706,UNSEEN_CUST_00593,12803.5,completed,address,2026-07-11 01:19:42.507900,
UNSEEN_CHK_000707,UNSEEN_CUST_00705,2881.99,completed,review,2026-06-11 15:10:42.507900,
UNSEEN_CHK_000708,UNSEEN_CUST_00097,33134.12,expired,payment_attempt,2026-07-31 12:28:42.508899,2026-07-31 12:34:42.508899
UNSEEN_CHK_000709,UNSEEN_CUST_00384,42277.37,completed,payment_attempt,2026-08-25 15:59:42.508899,
UNSEEN_CHK_000710,UNSEEN_CUST_01993,14119.44,abandoned,payment_page,2026-07-11 23:18:42.508899,2026-07-12 00:28:42.508899
UNSEEN_CHK_000711,UNSEEN_CUST_00020,20413.34,completed,review,2026-06-06 05:11:42.508899,
UNSEEN_CHK_000712,UNSEEN_CUST_01211,9139.53,completed,address,2026-06-04 20:59:42.508899,
UNSEEN_CHK_000713,UNSEEN_CUST_00336,72884.63,completed,address,2026-05-31 11:51:42.508899,
UNSEEN_CHK_000714,UNSEEN_CUST_01084,36541.35,abandoned,payment_page,2026-05-30 23:25:41.836478,2026-05-31 00:48:41.836478
UNSEEN_CHK_000715,UNSEEN_CUST_01159,10091.69,completed,payment_page,2026-08-16 12:38:42.509905,
UNSEEN_CHK_000716,UNSEEN_CUST_00375,2383.29,completed,review,2026-08-09 20:47:42.509905,
UNSEEN_CHK_000717,UNSEEN_CUST_00137,38446.2,abandoned,address,2026-07-09 03:53:42.509905,2026-07-09 04:43:42.509905
UNSEEN_CHK_000718,UNSEEN_CUST_00555,13285.05,abandoned,payment_page,2026-06-02 08:27:41.867990,2026-06-02 10:03:41.867990
UNSEEN_CHK_000719,UNSEEN_CUST_01832,48369.02,abandoned,payment_page,2026-07-27 10:22:42.510902,2026-07-27 11:09:42.510902
UNSEEN_CHK_000720,UNSEEN_CUST_01439,31994.75,completed,payment_page,2026-08-19 05:19:42.510902,
UNSEEN_CHK_000721,UNSEEN_CUST_01896,18520.03,completed,payment_attempt,2026-06-08 14:00:42.511898,
UNSEEN_CHK_000722,UNSEEN_CUST_00489,44133.48,abandoned,payment_page,2026-07-27 16:26:42.511898,2026-07-27 17:49:42.511898
UNSEEN_CHK_000723,UNSEEN_CUST_01241,45646.66,abandoned,review,2026-08-04 19:11:42.511898,2026-08-04 21:08:42.511898
UNSEEN_CHK_000724,UNSEEN_CUST_01391,18241.82,abandoned,payment_attempt,2026-06-10 07:25:42.511898,2026-06-10 07:31:42.511898
UNSEEN_CHK_000725,UNSEEN_CUST_00915,2355.55,completed,payment_page,2026-07-26 20:08:42.511898,
UNSEEN_CHK_000726,UNSEEN_CUST_01468,98235.23,completed,payment_attempt,2026-06-09 16:12:42.511898,
UNSEEN_CHK_000727,UNSEEN_CUST_00636,48989.27,abandoned,review,2026-07-31 14:45:42.511898,2026-07-31 15:39:42.511898
UNSEEN_CHK_000728,UNSEEN_CUST_01133,8105.94,completed,address,2026-06-13 04:19:42.511898,
UNSEEN_CHK_000729,UNSEEN_CUST_00432,49568.47,abandoned,address,2026-08-03 22:38:42.511898,2026-08-03 23:38:42.511898
UNSEEN_CHK_000730,UNSEEN_CUST_01970,1493.57,completed,address,2026-08-24 17:05:42.511898,
UNSEEN_CHK_000731,UNSEEN_CUST_00137,49250.46,abandoned,payment_attempt,2026-06-13 04:42:41.919985,2026-06-13 06:36:41.919985
UNSEEN_CHK_000732,UNSEEN_CUST_00697,12680.87,completed,review,2026-06-03 18:32:42.512902,
UNSEEN_CHK_000733,UNSEEN_CUST_00402,16482.78,abandoned,payment_page,2026-06-11 03:54:42.512902,2026-06-11 04:28:42.512902
UNSEEN_CHK_000734,UNSEEN_CUST_00512,3064.03,completed,payment_attempt,2026-07-25 13:38:42.512902,
UNSEEN_CHK_000735,UNSEEN_CUST_00027,5732.85,completed,payment_attempt,2026-07-26 06:56:42.512902,
UNSEEN_CHK_000736,UNSEEN_CUST_00194,10590.14,completed,address,2026-06-13 23:42:42.512902,
UNSEEN_CHK_000737,UNSEEN_CUST_00675,25444.39,abandoned,payment_page,2026-07-18 08:38:42.512902,2026-07-18 09:10:42.512902
UNSEEN_CHK_000738,UNSEEN_CUST_00958,12044.31,abandoned,payment_attempt,2026-07-13 09:53:42.512902,2026-07-13 11:26:42.512902
UNSEEN_CHK_000739,UNSEEN_CUST_01196,7195.88,expired,review,2026-07-09 19:28:42.513902,2026-07-09 20:17:42.513902
UNSEEN_CHK_000740,UNSEEN_CUST_01555,17882.51,completed,payment_page,2026-06-08 21:09:42.513902,
UNSEEN_CHK_000741,UNSEEN_CUST_00138,46138.44,abandoned,payment_attempt,2026-06-08 09:36:42.513902,2026-06-08 09:50:42.513902
UNSEEN_CHK_000742,UNSEEN_CUST_01486,19222.9,abandoned,payment_attempt,2026-07-09 16:54:42.135072,2026-07-09 18:25:42.135072
UNSEEN_CHK_000743,UNSEEN_CUST_01656,37337.15,completed,payment_page,2026-06-29 15:40:42.514903,
UNSEEN_CHK_000744,UNSEEN_CUST_01447,40807.21,abandoned,payment_attempt,2026-07-12 03:36:42.080084,2026-07-12 05:08:42.080084
UNSEEN_CHK_000745,UNSEEN_CUST_01262,23505.6,completed,payment_attempt,2026-08-18 17:44:42.515902,
UNSEEN_CHK_000746,UNSEEN_CUST_01117,8472.3,abandoned,payment_page,2026-07-04 02:44:42.515902,2026-07-04 03:46:42.515902
UNSEEN_CHK_000747,UNSEEN_CUST_00332,40443.2,completed,review,2026-07-31 23:26:42.515902,
UNSEEN_CHK_000748,UNSEEN_CUST_00523,12408.15,abandoned,review,2026-06-24 23:06:42.515902,2026-06-25 00:57:42.515902
UNSEEN_CHK_000749,UNSEEN_CUST_01681,5265.06,expired,payment_page,2026-06-27 11:15:42.515902,2026-06-27 13:01:42.515902
UNSEEN_CHK_000750,UNSEEN_CUST_01645,5277.58,completed,address,2026-07-01 14:14:42.515902,
UNSEEN_CHK_000751,UNSEEN_CUST_00349,16682.28,completed,review,2026-08-26 16:29:42.515902,
UNSEEN_CHK_000752,UNSEEN_CUST_01368,23008.2,abandoned,payment_attempt,2026-07-19 13:44:42.515902,2026-07-19 15:23:42.515902
UNSEEN_CHK_000753,UNSEEN_CUST_00567,15801.58,abandoned,address,2026-08-12 02:49:42.515902,2026-08-12 04:35:42.515902
UNSEEN_CHK_000754,UNSEEN_CUST_00485,21460.32,expired,review,2026-06-25 10:39:42.515902,2026-06-25 12:06:42.515902
UNSEEN_CHK_000755,UNSEEN_CUST_00462,37113.68,abandoned,payment_page,2026-06-25 19:03:42.515902,2026-06-25 19:18:42.515902
UNSEEN_CHK_000756,UNSEEN_CUST_01842,5170.62,completed,address,2026-06-19 23:55:42.516902,
UNSEEN_CHK_000757,UNSEEN_CUST_00185,40125.35,completed,review,2026-06-16 07:11:42.516902,
UNSEEN_CHK_000758,UNSEEN_CUST_00475,15418.27,abandoned,address,2026-08-02 14:14:42.516902,2026-08-02 15:21:42.516902
UNSEEN_CHK_000759,UNSEEN_CUST_01616,41475.16,abandoned,payment_page,2026-06-04 23:47:42.016071,2026-06-05 01:34:42.016071
UNSEEN_CHK_000760,UNSEEN_CUST_00581,7583.78,abandoned,payment_attempt,2026-07-27 18:24:41.945990,2026-07-27 18:30:41.945990
UNSEEN_CHK_000761,UNSEEN_CUST_00027,5686.95,completed,review,2026-05-28 22:36:42.518902,
UNSEEN_CHK_000762,UNSEEN_CUST_00766,27538.12,abandoned,payment_attempt,2026-07-06 17:03:41.878985,2026-07-06 17:44:41.878985
UNSEEN_CHK_000763,UNSEEN_CUST_00382,15829.55,abandoned,payment_attempt,2026-08-04 21:22:42.520902,2026-08-04 23:16:42.520902
UNSEEN_CHK_000764,UNSEEN_CUST_00874,10857.7,abandoned,review,2026-07-08 18:33:42.520902,2026-07-08 20:00:42.520902
UNSEEN_CHK_000765,UNSEEN_CUST_01582,14025.68,completed,payment_page,2026-07-29 01:10:42.520902,
UNSEEN_CHK_000766,UNSEEN_CUST_01649,2558.39,completed,payment_page,2026-07-15 21:21:42.520902,
UNSEEN_CHK_000767,UNSEEN_CUST_00869,21959.99,abandoned,payment_page,2026-08-17 06:52:42.080084,2026-08-17 07:53:42.080084
UNSEEN_CHK_000768,UNSEEN_CUST_00803,48027.32,completed,address,2026-07-13 01:56:42.521902,
UNSEEN_CHK_000769,UNSEEN_CUST_00949,17568.43,abandoned,address,2026-06-05 07:10:42.521902,2026-06-05 09:06:42.521902
UNSEEN_CHK_000770,UNSEEN_CUST_01638,39309.51,abandoned,review,2026-06-28 19:26:42.522898,2026-06-28 20:08:42.522898
UNSEEN_CHK_000771,UNSEEN_CUST_01877,48337.4,abandoned,review,2026-08-18 03:03:42.522898,2026-08-18 04:00:42.522898
UNSEEN_CHK_000772,UNSEEN_CUST_01794,3556.74,completed,address,2026-07-30 04:19:42.522898,
UNSEEN_CHK_000773,UNSEEN_CUST_00981,11431.42,abandoned,address,2026-06-01 00:46:42.522898,2026-06-01 01:51:42.522898
UNSEEN_CHK_000774,UNSEEN_CUST_00577,5438.96,abandoned,payment_attempt,2026-07-16 03:10:41.930990,2026-07-16 03:57:41.930990
UNSEEN_CHK_000775,UNSEEN_CUST_00283,17240.21,completed,address,2026-08-10 03:46:42.523905,
UNSEEN_CHK_000776,UNSEEN_CUST_01638,8451.61,completed,review,2026-07-11 04:11:42.523905,
UNSEEN_CHK_000777,UNSEEN_CUST_01430,7748.65,abandoned,payment_page,2026-06-14 18:04:42.082071,2026-06-14 18:54:42.082071
UNSEEN_CHK_000778,UNSEEN_CUST_00787,34762.02,completed,review,2026-06-14 20:12:42.524902,
UNSEEN_CHK_000779,UNSEEN_CUST_01983,5915.6,abandoned,payment_attempt,2026-06-05 06:59:41.898985,2026-06-05 08:56:41.898985
UNSEEN_CHK_000780,UNSEEN_CUST_01302,19310.98,completed,payment_attempt,2026-06-26 05:35:42.525902,
UNSEEN_CHK_000781,UNSEEN_CUST_01761,11811.43,completed,payment_attempt,2026-06-02 09:46:42.525902,
UNSEEN_CHK_000782,UNSEEN_CUST_01346,39369.77,completed,payment_page,2026-08-08 10:59:42.525902,
UNSEEN_CHK_000783,UNSEEN_CUST_00578,44078.59,expired,address,2026-08-17 11:43:42.525902,2026-08-17 12:53:42.525902
UNSEEN_CHK_000784,UNSEEN_CUST_01754,26135.06,abandoned,payment_attempt,2026-06-19 09:19:42.525902,2026-06-19 10:07:42.525902
UNSEEN_CHK_000785,UNSEEN_CUST_01152,48502.64,abandoned,payment_page,2026-06-23 16:54:42.525902,2026-06-23 17:08:42.525902
UNSEEN_CHK_000786,UNSEEN_CUST_01728,84878.78,abandoned,payment_page,2026-08-04 18:31:42.069066,2026-08-04 18:46:42.069066
UNSEEN_CHK_000787,UNSEEN_CUST_01218,21954.81,abandoned,review,2026-06-17 06:14:42.526902,2026-06-17 06:25:42.526902
UNSEEN_CHK_000788,UNSEEN_CUST_01948,40268.58,completed,address,2026-07-01 00:35:42.527902,
UNSEEN_CHK_000789,UNSEEN_CUST_00355,8971.63,abandoned,payment_attempt,2026-08-02 21:13:42.111073,2026-08-02 23:01:42.111073
UNSEEN_CHK_000790,UNSEEN_CUST_00549,35439.91,completed,payment_page,2026-08-01 03:24:42.528902,
UNSEEN_CHK_000791,UNSEEN_CUST_00002,32705.05,abandoned,payment_page,2026-06-04 17:20:42.528902,2026-06-04 17:43:42.528902
UNSEEN_CHK_000792,UNSEEN_CUST_00104,6911.95,completed,payment_attempt,2026-06-20 14:02:42.528902,
UNSEEN_CHK_000793,UNSEEN_CUST_01511,41337.1,abandoned,payment_page,2026-08-02 10:35:41.815991,2026-08-02 12:14:41.815991
UNSEEN_CHK_000794,UNSEEN_CUST_01978,3914.72,completed,address,2026-06-13 12:10:42.529902,
UNSEEN_CHK_000795,UNSEEN_CUST_00420,18135.1,abandoned,payment_page,2026-05-29 19:13:42.529902,2026-05-29 21:01:42.529902
UNSEEN_CHK_000796,UNSEEN_CUST_01344,24717.65,abandoned,payment_page,2026-07-10 17:03:42.529902,2026-07-10 18:07:42.529902
UNSEEN_CHK_000797,UNSEEN_CUST_01942,23500.66,abandoned,payment_page,2026-06-22 08:27:41.929989,2026-06-22 08:48:41.929989
UNSEEN_CHK_000798,UNSEEN_CUST_01047,3940.58,abandoned,payment_page,2026-06-10 10:57:41.836478,2026-06-10 12:23:41.836478
UNSEEN_CHK_000799,UNSEEN_CUST_00049,3582.89,abandoned,payment_page,2026-08-09 04:56:42.531902,2026-08-09 05:07:42.531902
UNSEEN_CHK_000800,UNSEEN_CUST_00748,9731.07,abandoned,payment_attempt,2026-07-30 16:38:42.051996,2026-07-30 16:47:42.051996
UNSEEN_CHK_000801,UNSEEN_CUST_00322,44480.49,completed,payment_attempt,2026-08-10 04:41:42.532902,
UNSEEN_CHK_000802,UNSEEN_CUST_01455,19527.4,expired,payment_attempt,2026-07-04 18:18:42.532902,2026-07-04 19:05:42.532902
UNSEEN_CHK_000803,UNSEEN_CUST_01992,10683.9,abandoned,payment_attempt,2026-06-26 17:13:42.532902,2026-06-26 18:28:42.532902
UNSEEN_CHK_000804,UNSEEN_CUST_01038,93934.06,abandoned,address,2026-08-26 06:04:42.532902,2026-08-26 07:06:42.532902
UNSEEN_CHK_000805,UNSEEN_CUST_00426,2768.63,completed,address,2026-08-08 07:54:42.532902,
UNSEEN_CHK_000806,UNSEEN_CUST_01629,15685.56,abandoned,payment_attempt,2026-06-21 14:29:42.057072,2026-06-21 16:20:42.057072
UNSEEN_CHK_000807,UNSEEN_CUST_01207,8420.47,abandoned,review,2026-08-25 17:02:42.533903,2026-08-25 18:45:42.533903
UNSEEN_CHK_000808,UNSEEN_CUST_01220,89413.74,expired,payment_attempt,2026-06-03 07:48:42.533903,2026-06-03 09:38:42.533903
UNSEEN_CHK_000809,UNSEEN_CUST_01516,47341.32,abandoned,payment_page,2026-08-23 18:18:42.045075,2026-08-23 19:22:42.045075
UNSEEN_CHK_000810,UNSEEN_CUST_01782,40555.22,completed,payment_page,2026-06-30 23:48:42.534902,
UNSEEN_CHK_000811,UNSEEN_CUST_01854,9021.47,completed,payment_attempt,2026-07-18 02:00:42.534902,
UNSEEN_CHK_000812,UNSEEN_CUST_00084,45413.58,abandoned,payment_attempt,2026-06-07 05:55:41.998077,2026-06-07 06:42:41.998077
UNSEEN_CHK_000813,UNSEEN_CUST_00346,41787.57,expired,payment_page,2026-06-11 04:08:42.535902,2026-06-11 05:28:42.535902
UNSEEN_CHK_000814,UNSEEN_CUST_00413,48376.96,abandoned,payment_page,2026-07-02 06:29:41.853480,2026-07-02 07:55:41.853480
UNSEEN_CHK_000815,UNSEEN_CUST_01103,25863.4,completed,address,2026-07-05 23:12:42.536902,
UNSEEN_CHK_000816,UNSEEN_CUST_00891,2397.21,abandoned,payment_page,2026-06-10 06:08:41.879985,2026-06-10 07:18:41.879985
UNSEEN_CHK_000817,UNSEEN_CUST_00617,48526.0,expired,review,2026-07-05 01:07:42.537903,2026-07-05 02:50:42.537903
UNSEEN_CHK_000818,UNSEEN_CUST_00413,44698.58,abandoned,payment_attempt,2026-07-02 09:19:41.853480,2026-07-02 10:15:41.853480
UNSEEN_CHK_000819,UNSEEN_CUST_01753,21224.28,completed,payment_page,2026-08-26 18:19:42.538903,
UNSEEN_CHK_000820,UNSEEN_CUST_00323,49606.63,abandoned,payment_attempt,2026-05-28 21:30:42.538903,2026-05-28 22:14:42.538903
UNSEEN_CHK_000821,UNSEEN_CUST_01879,14215.86,abandoned,review,2026-06-21 13:52:42.538903,2026-06-21 15:35:42.538903
UNSEEN_CHK_000822,UNSEEN_CUST_00438,18412.59,completed,payment_attempt,2026-07-29 10:07:42.538903,
UNSEEN_CHK_000823,UNSEEN_CUST_00307,7889.01,expired,review,2026-07-21 01:39:42.538903,2026-07-21 02:22:42.538903
UNSEEN_CHK_000824,UNSEEN_CUST_01313,902.82,completed,review,2026-07-11 13:44:42.538903,
UNSEEN_CHK_000825,UNSEEN_CUST_01271,26722.28,abandoned,payment_attempt,2026-07-18 03:16:42.110068,2026-07-18 03:33:42.110068
UNSEEN_CHK_000826,UNSEEN_CUST_01997,45074.82,completed,payment_attempt,2026-05-30 09:52:42.540902,
UNSEEN_CHK_000827,UNSEEN_CUST_01334,29853.83,completed,payment_attempt,2026-06-23 22:22:42.540902,
UNSEEN_CHK_000828,UNSEEN_CUST_01081,28461.16,completed,address,2026-08-06 06:41:42.540902,
UNSEEN_CHK_000829,UNSEEN_CUST_01359,27506.57,expired,review,2026-07-15 21:01:42.540902,2026-07-15 22:16:42.540902
UNSEEN_CHK_000830,UNSEEN_CUST_01224,47943.08,completed,payment_attempt,2026-08-06 05:29:42.540902,
UNSEEN_CHK_000831,UNSEEN_CUST_01565,3320.57,abandoned,payment_attempt,2026-08-06 13:58:41.854479,2026-08-06 14:53:41.854479
UNSEEN_CHK_000832,UNSEEN_CUST_00856,19063.56,abandoned,payment_attempt,2026-06-23 04:09:41.912985,2026-06-23 05:57:41.912985
UNSEEN_CHK_000833,UNSEEN_CUST_00441,37944.83,completed,address,2026-07-30 06:22:42.543983,
UNSEEN_CHK_000834,UNSEEN_CUST_01415,7622.45,completed,payment_page,2026-07-14 02:38:42.543983,
UNSEEN_CHK_000835,UNSEEN_CUST_00663,5110.11,completed,address,2026-07-30 06:50:42.543983,
UNSEEN_CHK_000836,UNSEEN_CUST_01925,14366.33,abandoned,address,2026-06-23 15:51:42.543983,2026-06-23 16:36:42.543983
UNSEEN_CHK_000837,UNSEEN_CUST_01678,48214.81,completed,payment_attempt,2026-06-21 23:11:42.543983,
UNSEEN_CHK_000838,UNSEEN_CUST_01188,10845.72,completed,payment_attempt,2026-07-31 09:02:42.543983,
UNSEEN_CHK_000839,UNSEEN_CUST_00163,28606.34,abandoned,payment_page,2026-08-07 00:58:42.543983,2026-08-07 02:00:42.543983
UNSEEN_CHK_000840,UNSEEN_CUST_00219,4262.57,abandoned,payment_attempt,2026-06-15 01:44:42.016071,2026-06-15 02:33:42.016071
UNSEEN_CHK_000841,UNSEEN_CUST_01669,12303.13,abandoned,payment_page,2026-06-08 02:54:42.544983,2026-06-08 03:43:42.544983
UNSEEN_CHK_000842,UNSEEN_CUST_01961,8972.94,completed,payment_page,2026-08-17 13:02:42.545979,
UNSEEN_CHK_000843,UNSEEN_CUST_00488,3349.02,completed,payment_attempt,2026-07-16 08:45:42.545979,
UNSEEN_CHK_000844,UNSEEN_CUST_01768,21696.73,abandoned,payment_page,2026-08-01 19:36:41.979070,2026-08-01 20:00:41.979070
UNSEEN_CHK_000845,UNSEEN_CUST_00170,34916.02,abandoned,payment_page,2026-07-28 22:59:42.546984,2026-07-29 00:16:42.546984
UNSEEN_CHK_000846,UNSEEN_CUST_00149,18989.59,abandoned,payment_page,2026-08-19 04:44:42.546984,2026-08-19 04:59:42.546984
UNSEEN_CHK_000847,UNSEEN_CUST_01090,24773.19,abandoned,payment_attempt,2026-08-06 15:11:42.546984,2026-08-06 16:38:42.546984
UNSEEN_CHK_000848,UNSEEN_CUST_01060,33948.97,completed,address,2026-07-29 14:56:42.546984,
UNSEEN_CHK_000849,UNSEEN_CUST_01171,6709.06,completed,payment_attempt,2026-07-07 10:40:42.546984,
UNSEEN_CHK_000850,UNSEEN_CUST_01893,7771.67,abandoned,payment_page,2026-07-30 19:38:41.996072,2026-07-30 20:27:41.996072
UNSEEN_CHK_000851,UNSEEN_CUST_01261,94369.69,completed,review,2026-07-29 02:56:42.548984,
UNSEEN_CHK_000852,UNSEEN_CUST_00441,14636.07,abandoned,payment_page,2026-07-28 14:55:42.548984,2026-07-28 14:58:42.548984
UNSEEN_CHK_000853,UNSEEN_CUST_01576,46841.34,completed,address,2026-06-06 01:07:42.548984,
UNSEEN_CHK_000854,UNSEEN_CUST_00057,18619.06,abandoned,payment_page,2026-07-03 06:31:42.548984,2026-07-03 06:52:42.548984
UNSEEN_CHK_000855,UNSEEN_CUST_01342,92257.63,completed,address,2026-06-29 20:06:42.548984,
UNSEEN_CHK_000856,UNSEEN_CUST_00230,43523.15,expired,payment_page,2026-08-21 11:03:42.548984,2026-08-21 12:52:42.548984
UNSEEN_CHK_000857,UNSEEN_CUST_00835,38760.77,abandoned,address,2026-08-21 11:47:42.548984,2026-08-21 12:39:42.548984
UNSEEN_CHK_000858,UNSEEN_CUST_01952,6356.41,abandoned,payment_page,2026-06-20 14:39:42.086072,2026-06-20 15:28:42.086072
UNSEEN_CHK_000859,UNSEEN_CUST_01129,45133.42,completed,review,2026-05-29 00:55:42.550980,
UNSEEN_CHK_000860,UNSEEN_CUST_01054,36327.4,abandoned,payment_page,2026-07-26 13:31:42.550980,2026-07-26 14:03:42.550980
UNSEEN_CHK_000861,UNSEEN_CUST_00594,6948.66,abandoned,payment_page,2026-07-02 20:11:42.550980,2026-07-02 21:48:42.550980
UNSEEN_CHK_000862,UNSEEN_CUST_01350,29884.21,abandoned,payment_page,2026-08-08 01:30:42.550980,2026-08-08 02:09:42.550980
UNSEEN_CHK_000863,UNSEEN_CUST_01503,25976.85,completed,payment_attempt,2026-06-28 05:18:42.550980,
UNSEEN_CHK_000864,UNSEEN_CUST_00009,15268.75,abandoned,address,2026-06-28 12:40:42.550980,2026-06-28 14:12:42.550980
UNSEEN_CHK_000865,UNSEEN_CUST_00150,20710.83,completed,payment_page,2026-07-19 18:23:42.550980,
UNSEEN_CHK_000866,UNSEEN_CUST_01859,44289.32,abandoned,payment_page,2026-06-18 14:50:42.009986,2026-06-18 15:11:42.009986
UNSEEN_CHK_000867,UNSEEN_CUST_01970,9223.2,completed,address,2026-06-23 20:38:42.552979,
UNSEEN_CHK_000868,UNSEEN_CUST_00072,37193.74,completed,address,2026-07-12 22:35:42.552979,
UNSEEN_CHK_000869,UNSEEN_CUST_01725,11486.97,abandoned,payment_page,2026-07-08 07:57:41.885985,2026-07-08 09:34:41.885985
UNSEEN_CHK_000870,UNSEEN_CUST_01008,16067.6,expired,address,2026-06-25 05:59:42.553979,2026-06-25 06:16:42.553979
UNSEEN_CHK_000871,UNSEEN_CUST_00220,36092.67,expired,payment_attempt,2026-08-07 05:20:42.553979,2026-08-07 07:15:42.553979
UNSEEN_CHK_000872,UNSEEN_CUST_01081,31678.71,abandoned,payment_page,2026-07-14 10:51:42.553979,2026-07-14 11:16:42.553979
UNSEEN_CHK_000873,UNSEEN_CUST_01522,5464.76,abandoned,payment_page,2026-07-14 19:14:42.553979,2026-07-14 20:56:42.553979
UNSEEN_CHK_000874,UNSEEN_CUST_01677,34652.38,abandoned,payment_attempt,2026-08-03 03:22:41.889985,2026-08-03 04:34:41.889985
UNSEEN_CHK_000875,UNSEEN_CUST_01736,15579.16,completed,address,2026-08-10 10:27:42.555981,
UNSEEN_CHK_000876,UNSEEN_CUST_01194,44260.21,abandoned,payment_page,2026-07-16 02:44:42.101073,2026-07-16 03:58:42.101073
UNSEEN_CHK_000877,UNSEEN_CUST_01264,11263.89,completed,payment_attempt,2026-07-13 09:59:42.556985,
UNSEEN_CHK_000878,UNSEEN_CUST_01520,13564.96,completed,payment_page,2026-05-28 13:33:42.556985,
UNSEEN_CHK_000879,UNSEEN_CUST_00523,57887.35,abandoned,address,2026-06-02 06:34:42.556985,2026-06-02 08:20:42.556985
UNSEEN_CHK_000880,UNSEEN_CUST_00025,11032.76,abandoned,payment_attempt,2026-07-15 23:50:42.018069,2026-07-16 00:11:42.018069
UNSEEN_CHK_000881,UNSEEN_CUST_00749,4236.62,abandoned,payment_page,2026-07-09 02:04:41.958990,2026-07-09 03:07:41.958990
UNSEEN_CHK_000882,UNSEEN_CUST_00207,52514.53,completed,payment_page,2026-06-24 05:11:42.558980,
UNSEEN_CHK_000883,UNSEEN_CUST_01994,36244.82,completed,payment_page,2026-07-23 16:40:42.559979,
UNSEEN_CHK_000884,UNSEEN_CUST_00656,48142.86,completed,payment_attempt,2026-07-01 02:26:42.559979,
UNSEEN_CHK_000885,UNSEEN_CUST_00560,26122.54,completed,address,2026-06-01 22:02:42.559979,
UNSEEN_CHK_000886,UNSEEN_CUST_01304,30823.61,completed,review,2026-06-18 11:01:42.559979,
UNSEEN_CHK_000887,UNSEEN_CUST_01784,29252.09,expired,address,2026-06-21 10:02:42.559979,2026-06-21 10:45:42.559979
UNSEEN_CHK_000888,UNSEEN_CUST_01018,45005.92,completed,address,2026-05-28 18:48:42.559979,
UNSEEN_CHK_000889,UNSEEN_CUST_00833,10285.07,completed,address,2026-08-26 07:19:42.559979,
UNSEEN_CHK_000890,UNSEEN_CUST_00310,26401.7,abandoned,payment_attempt,2026-08-08 03:18:41.807579,2026-08-08 05:02:41.807579
UNSEEN_CHK_000891,UNSEEN_CUST_01982,8096.95,abandoned,payment_attempt,2026-08-15 11:18:42.560979,2026-08-15 12:31:42.560979
UNSEEN_CHK_000892,UNSEEN_CUST_01151,2279.26,completed,payment_attempt,2026-08-08 05:09:42.560979,
UNSEEN_CHK_000893,UNSEEN_CUST_01749,26872.88,completed,payment_page,2026-06-21 06:22:42.560979,
UNSEEN_CHK_000894,UNSEEN_CUST_01730,34409.17,abandoned,payment_page,2026-07-30 07:37:42.560979,2026-07-30 08:39:42.560979
UNSEEN_CHK_000895,UNSEEN_CUST_01548,14100.2,completed,review,2026-08-08 12:47:42.560979,
UNSEEN_CHK_000896,UNSEEN_CUST_00301,13769.5,completed,address,2026-06-01 14:22:42.560979,
UNSEEN_CHK_000897,UNSEEN_CUST_01739,42000.69,abandoned,payment_attempt,2026-06-14 03:56:42.561981,2026-06-14 05:09:42.561981
UNSEEN_CHK_000898,UNSEEN_CUST_01521,16649.11,completed,review,2026-06-24 21:36:42.561981,
UNSEEN_CHK_000899,UNSEEN_CUST_00573,17961.81,completed,payment_attempt,2026-07-18 23:31:42.561981,
UNSEEN_CHK_000900,UNSEEN_CUST_00457,20029.58,abandoned,payment_attempt,2026-06-29 21:53:41.833480,2026-06-29 22:22:41.833480
UNSEEN_CHK_000901,UNSEEN_CUST_00109,40672.29,completed,payment_page,2026-06-28 18:56:42.562979,
UNSEEN_CHK_000902,UNSEEN_CUST_01829,14171.7,completed,payment_attempt,2026-08-12 03:14:42.562979,
UNSEEN_CHK_000903,UNSEEN_CUST_01491,16317.8,abandoned,payment_attempt,2026-07-19 05:49:42.562979,2026-07-19 07:41:42.562979
UNSEEN_CHK_000904,UNSEEN_CUST_01060,35733.76,completed,address,2026-06-11 22:07:42.562979,
UNSEEN_CHK_000905,UNSEEN_CUST_01370,7549.41,abandoned,payment_page,2026-07-07 14:36:42.562979,2026-07-07 15:43:42.562979
UNSEEN_CHK_000906,UNSEEN_CUST_01250,43743.61,completed,payment_attempt,2026-06-25 11:39:42.562979,
UNSEEN_CHK_000907,UNSEEN_CUST_01965,49274.72,completed,payment_attempt,2026-07-23 23:53:42.562979,
UNSEEN_CHK_000908,UNSEEN_CUST_00634,11855.62,completed,address,2026-06-10 09:21:42.562979,
UNSEEN_CHK_000909,UNSEEN_CUST_00491,29717.71,abandoned,payment_attempt,2026-06-25 03:10:41.833480,2026-06-25 04:51:41.833480
UNSEEN_CHK_000910,UNSEEN_CUST_01295,15745.17,abandoned,review,2026-06-08 02:19:42.564979,2026-06-08 03:22:42.564979
UNSEEN_CHK_000911,UNSEEN_CUST_00183,29189.83,completed,address,2026-07-02 13:48:42.564979,
UNSEEN_CHK_000912,UNSEEN_CUST_00856,2020.35,completed,review,2026-08-10 06:47:42.564979,
UNSEEN_CHK_000913,UNSEEN_CUST_01642,11097.46,abandoned,payment_attempt,2026-08-16 21:58:42.564979,2026-08-16 22:14:42.564979
UNSEEN_CHK_000914,UNSEEN_CUST_01071,9102.55,abandoned,payment_page,2026-06-22 13:01:42.096069,2026-06-22 14:40:42.096069
UNSEEN_CHK_000915,UNSEEN_CUST_01872,41105.0,abandoned,payment_page,2026-06-19 16:43:41.887985,2026-06-19 18:21:41.887985
UNSEEN_CHK_000916,UNSEEN_CUST_01407,41263.65,completed,review,2026-08-20 12:28:42.566978,
UNSEEN_CHK_000917,UNSEEN_CUST_01700,46396.21,expired,payment_attempt,2026-06-05 23:06:42.566978,2026-06-05 23:54:42.566978
UNSEEN_CHK_000918,UNSEEN_CUST_00435,29612.61,expired,payment_page,2026-07-06 23:57:42.566978,2026-07-07 01:08:42.566978
UNSEEN_CHK_000919,UNSEEN_CUST_01316,13171.58,completed,payment_attempt,2026-06-16 19:16:42.566978,
UNSEEN_CHK_000920,UNSEEN_CUST_00983,49313.29,completed,payment_page,2026-08-13 14:50:42.566978,
UNSEEN_CHK_000921,UNSEEN_CUST_01627,32176.43,completed,review,2026-07-15 01:31:42.566978,
UNSEEN_CHK_000922,UNSEEN_CUST_01318,10565.42,expired,review,2026-08-26 00:29:42.566978,2026-08-26 00:41:42.566978
UNSEEN_CHK_000923,UNSEEN_CUST_01596,42861.12,completed,payment_attempt,2026-06-09 16:42:42.566978,
UNSEEN_CHK_000924,UNSEEN_CUST_01614,7748.68,completed,payment_attempt,2026-07-08 05:19:42.567981,
UNSEEN_CHK_000925,UNSEEN_CUST_00422,81244.2,completed,review,2026-06-23 13:36:42.567981,
UNSEEN_CHK_000926,UNSEEN_CUST_00133,42446.36,abandoned,payment_page,2026-07-12 13:07:42.567981,2026-07-12 14:05:42.567981
UNSEEN_CHK_000927,UNSEEN_CUST_01550,35016.23,completed,address,2026-07-07 14:38:42.567981,
UNSEEN_CHK_000928,UNSEEN_CUST_01013,9259.47,abandoned,address,2026-06-04 18:01:42.567981,2026-06-04 19:19:42.567981
UNSEEN_CHK_000929,UNSEEN_CUST_00840,16432.61,completed,payment_attempt,2026-07-05 05:53:42.567981,
UNSEEN_CHK_000930,UNSEEN_CUST_01557,17273.7,abandoned,review,2026-07-14 00:09:42.567981,2026-07-14 01:27:42.567981
UNSEEN_CHK_000931,UNSEEN_CUST_01712,22034.0,completed,payment_page,2026-05-27 21:50:42.567981,
UNSEEN_CHK_000932,UNSEEN_CUST_00617,33270.14,abandoned,address,2026-06-26 10:52:42.567981,2026-06-26 11:29:42.567981
UNSEEN_CHK_000933,UNSEEN_CUST_00113,31987.0,completed,payment_page,2026-06-19 15:59:42.567981,
UNSEEN_CHK_000934,UNSEEN_CUST_01412,14459.27,abandoned,review,2026-08-06 12:31:42.567981,2026-08-06 12:58:42.567981
UNSEEN_CHK_000935,UNSEEN_CUST_01292,27107.75,abandoned,payment_page,2026-06-17 10:49:42.567981,2026-06-17 11:59:42.567981
UNSEEN_CHK_000936,UNSEEN_CUST_00801,38964.16,abandoned,payment_page,2026-07-23 12:15:42.567981,2026-07-23 14:11:42.567981
UNSEEN_CHK_000937,UNSEEN_CUST_01357,32361.37,expired,payment_page,2026-06-23 11:57:42.567981,2026-06-23 12:03:42.567981
UNSEEN_CHK_000938,UNSEEN_CUST_00949,18149.62,abandoned,payment_page,2026-06-13 16:26:41.927989,2026-06-13 17:01:41.927989
UNSEEN_CHK_000939,UNSEEN_CUST_01378,46631.22,abandoned,review,2026-06-29 12:43:42.569978,2026-06-29 13:47:42.569978
UNSEEN_CHK_000940,UNSEEN_CUST_01087,39030.99,abandoned,address,2026-08-20 17:42:42.569978,2026-08-20 19:38:42.569978
UNSEEN_CHK_000941,UNSEEN_CUST_01799,30188.54,abandoned,payment_page,2026-07-29 17:34:42.569978,2026-07-29 18:41:42.569978
UNSEEN_CHK_000942,UNSEEN_CUST_01749,45473.07,completed,payment_page,2026-05-31 12:00:42.569978,
UNSEEN_CHK_000943,UNSEEN_CUST_00430,27065.8,completed,payment_page,2026-08-17 09:44:42.569978,
UNSEEN_CHK_000944,UNSEEN_CUST_01256,17771.28,completed,address,2026-07-03 11:06:42.569978,
UNSEEN_CHK_000945,UNSEEN_CUST_00724,5517.93,completed,review,2026-05-29 23:39:42.569978,
UNSEEN_CHK_000946,UNSEEN_CUST_01906,42352.82,abandoned,review,2026-07-06 16:35:42.569978,2026-07-06 17:42:42.569978
UNSEEN_CHK_000947,UNSEEN_CUST_00439,21320.2,abandoned,payment_page,2026-06-16 11:17:42.569978,2026-06-16 13:05:42.569978
UNSEEN_CHK_000948,UNSEEN_CUST_00120,32090.62,abandoned,payment_page,2026-06-19 23:57:41.895985,2026-06-20 00:22:41.895985
UNSEEN_CHK_000949,UNSEEN_CUST_00722,22115.92,abandoned,payment_attempt,2026-08-23 10:21:42.064990,2026-08-23 12:17:42.064990
UNSEEN_CHK_000950,UNSEEN_CUST_01838,19103.56,completed,payment_attempt,2026-07-10 06:51:42.571984,
UNSEEN_CHK_000951,UNSEEN_CUST_00611,7411.96,completed,payment_page,2026-07-21 09:53:42.571984,
UNSEEN_CHK_000952,UNSEEN_CUST_00540,17494.84,abandoned,review,2026-06-10 19:17:42.571984,2026-06-10 19:54:42.571984
UNSEEN_CHK_000953,UNSEEN_CUST_01397,42814.31,completed,review,2026-08-14 06:00:42.572955,
UNSEEN_CHK_000954,UNSEEN_CUST_01483,10012.24,completed,review,2026-06-24 18:40:42.572955,
UNSEEN_CHK_000955,UNSEEN_CUST_01724,32501.71,abandoned,payment_page,2026-08-06 16:49:41.899985,2026-08-06 18:03:41.899985
UNSEEN_CHK_000956,UNSEEN_CUST_00800,4514.28,abandoned,payment_attempt,2026-08-11 11:02:42.573900,2026-08-11 12:19:42.573900
UNSEEN_CHK_000957,UNSEEN_CUST_01545,3148.56,completed,address,2026-08-10 12:09:42.573900,
UNSEEN_CHK_000958,UNSEEN_CUST_00115,20826.33,completed,payment_page,2026-06-24 07:37:42.573900,
UNSEEN_CHK_000959,UNSEEN_CUST_01299,38666.14,completed,payment_page,2026-08-07 04:47:42.573900,
UNSEEN_CHK_000960,UNSEEN_CUST_01724,12442.44,abandoned,payment_page,2026-07-22 18:10:42.574900,2026-07-22 19:37:42.574900
UNSEEN_CHK_000961,UNSEEN_CUST_01505,8994.64,completed,address,2026-08-18 11:28:42.574900,
UNSEEN_CHK_000962,UNSEEN_CUST_01669,4308.73,abandoned,review,2026-08-02 09:36:42.574900,2026-08-02 11:02:42.574900
UNSEEN_CHK_000963,UNSEEN_CUST_01900,6525.99,abandoned,address,2026-07-24 00:02:42.574900,2026-07-24 01:08:42.574900
UNSEEN_CHK_000964,UNSEEN_CUST_00144,11791.57,abandoned,payment_attempt,2026-08-14 17:00:41.958990,2026-08-14 18:11:41.958990
UNSEEN_CHK_000965,UNSEEN_CUST_01226,19488.48,completed,review,2026-06-07 01:29:42.575900,
UNSEEN_CHK_000966,UNSEEN_CUST_01935,30096.85,abandoned,payment_page,2026-08-22 02:38:42.126065,2026-08-22 03:10:42.126065
UNSEEN_CHK_000967,UNSEEN_CUST_01166,37267.46,abandoned,review,2026-08-01 05:07:42.576900,2026-08-01 06:41:42.576900
UNSEEN_CHK_000968,UNSEEN_CUST_00909,21158.35,abandoned,review,2026-07-26 16:58:42.576900,2026-07-26 17:52:42.576900
UNSEEN_CHK_000969,UNSEEN_CUST_00383,29810.48,completed,address,2026-08-25 07:41:42.576900,
UNSEEN_CHK_000970,UNSEEN_CUST_00440,28578.62,abandoned,payment_page,2026-08-12 02:37:42.576900,2026-08-12 03:15:42.576900
UNSEEN_CHK_000971,UNSEEN_CUST_01742,19165.7,abandoned,payment_attempt,2026-08-21 13:03:41.922985,2026-08-21 13:50:41.922985
UNSEEN_CHK_000972,UNSEEN_CUST_01819,13533.9,abandoned,payment_attempt,2026-06-15 02:25:42.029071,2026-06-15 03:15:42.029071
UNSEEN_CHK_000973,UNSEEN_CUST_00492,3767.24,abandoned,payment_attempt,2026-08-13 12:19:41.910985,2026-08-13 13:57:41.910985
UNSEEN_CHK_000974,UNSEEN_CUST_01300,42360.24,completed,review,2026-07-13 14:49:42.580900,
UNSEEN_CHK_000975,UNSEEN_CUST_01089,23755.3,abandoned,payment_page,2026-08-08 07:05:42.580900,2026-08-08 07:07:42.580900
UNSEEN_CHK_000976,UNSEEN_CUST_01611,48776.11,abandoned,review,2026-07-30 16:59:42.580900,2026-07-30 17:53:42.580900
UNSEEN_CHK_000977,UNSEEN_CUST_01058,19185.05,abandoned,review,2026-06-12 02:28:42.580900,2026-06-12 03:45:42.580900
UNSEEN_CHK_000978,UNSEEN_CUST_00802,79105.65,abandoned,payment_attempt,2026-06-05 06:15:42.580900,2026-06-05 07:54:42.580900
UNSEEN_CHK_000979,UNSEEN_CUST_01745,52731.04,abandoned,payment_attempt,2026-06-13 10:01:42.580900,2026-06-13 11:52:42.580900
UNSEEN_CHK_000980,UNSEEN_CUST_01744,38147.38,completed,payment_page,2026-06-01 23:08:42.581900,
UNSEEN_CHK_000981,UNSEEN_CUST_00308,45939.52,abandoned,review,2026-07-10 13:31:42.581900,2026-07-10 14:21:42.581900
UNSEEN_CHK_000982,UNSEEN_CUST_01644,29564.88,abandoned,payment_page,2026-08-14 05:57:41.836478,2026-08-14 06:53:41.836478
UNSEEN_CHK_000983,UNSEEN_CUST_01166,35345.31,completed,payment_attempt,2026-07-09 00:26:42.582900,
UNSEEN_CHK_000984,UNSEEN_CUST_01932,51993.22,completed,review,2026-05-31 07:22:42.582900,
UNSEEN_CHK_000985,UNSEEN_CUST_01093,31608.67,completed,payment_attempt,2026-08-17 22:58:42.582900,
UNSEEN_CHK_000986,UNSEEN_CUST_01646,11856.04,completed,payment_attempt,2026-05-31 01:59:42.582900,
UNSEEN_CHK_000987,UNSEEN_CUST_00300,5589.16,abandoned,payment_page,2026-07-29 05:08:41.818991,2026-07-29 06:40:41.818991
UNSEEN_CHK_000988,UNSEEN_CUST_00391,74658.39,expired,payment_attempt,2026-05-29 11:01:42.583900,2026-05-29 11:43:42.583900
UNSEEN_CHK_000989,UNSEEN_CUST_01519,31484.99,abandoned,payment_page,2026-08-21 17:12:42.584900,2026-08-21 17:48:42.584900
UNSEEN_CHK_000990,UNSEEN_CUST_01281,48051.63,abandoned,payment_page,2026-06-05 15:06:42.082071,2026-06-05 17:02:42.082071
UNSEEN_CHK_000991,UNSEEN_CUST_01993,4106.27,completed,review,2026-08-05 15:05:42.585900,
UNSEEN_CHK_000992,UNSEEN_CUST_00154,19397.18,completed,address,2026-07-14 22:37:42.585900,
UNSEEN_CHK_000993,UNSEEN_CUST_00468,47211.21,completed,review,2026-06-24 00:37:42.585900,
UNSEEN_CHK_000994,UNSEEN_CUST_00497,12799.81,completed,address,2026-08-10 08:16:42.585900,
UNSEEN_CHK_000995,UNSEEN_CUST_00499,10446.19,completed,payment_page,2026-06-22 16:21:42.585900,
UNSEEN_CHK_000996,UNSEEN_CUST_01246,22720.53,expired,payment_attempt,2026-06-15 01:41:42.585900,2026-06-15 03:06:42.585900
UNSEEN_CHK_000997,UNSEEN_CUST_01842,5348.62,abandoned,review,2026-08-12 22:00:42.585900,2026-08-12 23:03:42.585900
UNSEEN_CHK_000998,UNSEEN_CUST_00138,3063.5,completed,review,2026-06-20 11:11:42.585900,
UNSEEN_CHK_000999,UNSEEN_CUST_01343,47794.19,abandoned,address,2026-07-21 20:22:42.585900,2026-07-21 22:07:42.585900
UNSEEN_CHK_001000,UNSEEN_CUST_01328,31958.68,abandoned,payment_attempt,2026-07-25 07:54:42.585900,2026-07-25 08:55:42.585900
UNSEEN_CHK_001001,UNSEEN_CUST_00571,46285.19,abandoned,payment_page,2026-07-06 12:44:42.585900,2026-07-06 13:01:42.585900
UNSEEN_CHK_001002,UNSEEN_CUST_00667,79875.2,abandoned,payment_attempt,2026-08-04 09:06:41.849478,2026-08-04 09:43:41.849478
UNSEEN_CHK_001003,UNSEEN_CUST_00113,38846.21,completed,payment_attempt,2026-06-22 16:30:42.587900,
UNSEEN_CHK_001004,UNSEEN_CUST_00964,33436.05,abandoned,review,2026-08-18 16:54:42.587900,2026-08-18 18:05:42.587900
UNSEEN_CHK_001005,UNSEEN_CUST_00419,23042.27,abandoned,payment_attempt,2026-06-19 15:51:42.030078,2026-06-19 16:53:42.030078
UNSEEN_CHK_001006,UNSEEN_CUST_01470,14893.94,abandoned,payment_attempt,2026-06-20 15:29:42.056078,2026-06-20 16:50:42.056078
UNSEEN_CHK_001007,UNSEEN_CUST_01194,4719.28,completed,payment_attempt,2026-07-19 10:09:42.589900,
UNSEEN_CHK_001008,UNSEEN_CUST_00715,3792.24,abandoned,review,2026-05-30 09:02:42.589900,2026-05-30 10:06:42.589900
UNSEEN_CHK_001009,UNSEEN_CUST_01323,1759.57,completed,payment_attempt,2026-08-21 23:39:42.589900,
UNSEEN_CHK_001010,UNSEEN_CUST_00589,1968.96,completed,address,2026-08-19 10:49:42.589900,
UNSEEN_CHK_001011,UNSEEN_CUST_01722,11600.37,abandoned,payment_page,2026-07-18 12:05:42.590985,2026-07-18 12:47:42.590985
UNSEEN_CHK_001012,UNSEEN_CUST_01892,17590.22,abandoned,address,2026-06-07 09:50:42.590985,2026-06-07 11:19:42.590985
UNSEEN_CHK_001013,UNSEEN_CUST_00929,10245.18,completed,review,2026-06-13 10:54:42.590985,
UNSEEN_CHK_001014,UNSEEN_CUST_00690,20831.19,abandoned,address,2026-06-01 06:03:42.590985,2026-06-01 07:18:42.590985
UNSEEN_CHK_001015,UNSEEN_CUST_01286,45628.57,completed,payment_page,2026-08-26 12:37:42.590985,
UNSEEN_CHK_001016,UNSEEN_CUST_01865,1141.17,completed,payment_page,2026-06-02 16:40:42.590985,
UNSEEN_CHK_001017,UNSEEN_CUST_01884,46192.57,completed,address,2026-07-25 11:18:42.590985,
UNSEEN_CHK_001018,UNSEEN_CUST_01297,37984.22,completed,payment_page,2026-08-02 00:15:42.590985,
UNSEEN_CHK_001019,UNSEEN_CUST_01217,870.29,completed,review,2026-06-19 18:37:42.590985,
UNSEEN_CHK_001020,UNSEEN_CUST_01548,19279.21,completed,review,2026-06-15 20:55:42.590985,
UNSEEN_CHK_001021,UNSEEN_CUST_00078,15357.31,abandoned,payment_page,2026-06-08 19:34:41.900985,2026-06-08 20:14:41.900985
UNSEEN_CHK_001022,UNSEEN_CUST_01387,38245.05,abandoned,payment_page,2026-05-30 11:26:42.591986,2026-05-30 12:49:42.591986
UNSEEN_CHK_001023,UNSEEN_CUST_00215,11007.83,completed,address,2026-07-01 05:00:42.591986,
UNSEEN_CHK_001024,UNSEEN_CUST_00459,7972.16,abandoned,payment_attempt,2026-06-29 09:21:42.591986,2026-06-29 10:40:42.591986
UNSEEN_CHK_001025,UNSEEN_CUST_01603,38184.31,abandoned,payment_attempt,2026-07-12 02:42:42.025070,2026-07-12 03:17:42.025070
UNSEEN_CHK_001026,UNSEEN_CUST_01734,72061.63,expired,payment_attempt,2026-06-08 18:17:42.593984,2026-06-08 19:28:42.593984
UNSEEN_CHK_001027,UNSEEN_CUST_00556,2124.44,abandoned,payment_attempt,2026-05-29 23:16:41.807579,2026-05-30 00:06:41.807579
UNSEEN_CHK_001028,UNSEEN_CUST_00697,5444.67,abandoned,payment_attempt,2026-08-21 20:15:42.594981,2026-08-21 20:29:42.594981
UNSEEN_CHK_001029,UNSEEN_CUST_00536,12540.86,abandoned,payment_page,2026-06-17 06:40:41.919985,2026-06-17 06:43:41.919985
UNSEEN_CHK_001030,UNSEEN_CUST_00228,2438.24,abandoned,payment_page,2026-06-16 02:22:41.920985,2026-06-16 04:08:41.920985
UNSEEN_CHK_001031,UNSEEN_CUST_01632,30222.36,completed,address,2026-07-22 12:03:42.596977,
UNSEEN_CHK_001032,UNSEEN_CUST_00172,24485.96,completed,review,2026-08-14 01:20:42.596977,
UNSEEN_CHK_001033,UNSEEN_CUST_01581,43049.64,completed,review,2026-06-19 23:22:42.596977,
UNSEEN_CHK_001034,UNSEEN_CUST_00540,29652.3,abandoned,payment_attempt,2026-08-21 00:14:42.030078,2026-08-21 01:35:42.030078
UNSEEN_CHK_001035,UNSEEN_CUST_00239,4581.73,abandoned,payment_attempt,2026-06-23 03:18:41.898985,2026-06-23 04:58:41.898985
UNSEEN_CHK_001036,UNSEEN_CUST_00953,3008.61,expired,payment_page,2026-06-30 22:30:42.599992,2026-06-30 23:44:42.599992
UNSEEN_CHK_001037,UNSEEN_CUST_00866,80575.31,completed,payment_attempt,2026-07-09 18:38:42.599992,
UNSEEN_CHK_001038,UNSEEN_CUST_01777,46258.22,abandoned,payment_attempt,2026-06-29 18:21:41.903985,2026-06-29 19:15:41.903985
UNSEEN_CHK_001039,UNSEEN_CUST_00445,95216.36,completed,address,2026-06-18 06:09:42.600981,
UNSEEN_CHK_001040,UNSEEN_CUST_01681,24595.84,completed,payment_page,2026-07-11 13:39:42.600981,
UNSEEN_CHK_001041,UNSEEN_CUST_01637,4949.87,abandoned,payment_page,2026-08-02 20:32:41.927989,2026-08-02 20:50:41.927989
UNSEEN_CHK_001042,UNSEEN_CUST_00398,44386.15,abandoned,payment_attempt,2026-08-01 10:15:41.824479,2026-08-01 10:55:41.824479
UNSEEN_CHK_001043,UNSEEN_CUST_01481,15721.39,completed,address,2026-07-23 10:19:42.602898,
UNSEEN_CHK_001044,UNSEEN_CUST_00840,35349.75,completed,address,2026-06-06 13:09:42.602898,
UNSEEN_CHK_001045,UNSEEN_CUST_01220,54107.89,abandoned,payment_page,2026-08-18 02:22:42.602898,2026-08-18 03:11:42.602898
UNSEEN_CHK_001046,UNSEEN_CUST_00045,40689.06,completed,payment_page,2026-06-11 08:52:42.603898,
UNSEEN_CHK_001047,UNSEEN_CUST_00967,12087.13,completed,address,2026-08-04 00:03:42.603898,
UNSEEN_CHK_001048,UNSEEN_CUST_00718,32764.75,completed,payment_attempt,2026-07-23 00:54:42.603898,
UNSEEN_CHK_001049,UNSEEN_CUST_01999,42975.17,abandoned,payment_page,2026-06-23 23:02:42.603898,2026-06-24 00:36:42.603898
UNSEEN_CHK_001050,UNSEEN_CUST_00968,25254.54,abandoned,payment_page,2026-08-24 05:40:42.125065,2026-08-24 07:06:42.125065
UNSEEN_CHK_001051,UNSEEN_CUST_00346,47017.79,completed,review,2026-07-29 12:29:42.604898,
UNSEEN_CHK_001052,UNSEEN_CUST_00169,47461.0,abandoned,payment_page,2026-06-03 14:42:42.604898,2026-06-03 15:12:42.604898
UNSEEN_CHK_001053,UNSEEN_CUST_00248,31880.97,expired,address,2026-07-27 17:13:42.604898,2026-07-27 18:54:42.604898
UNSEEN_CHK_001054,UNSEEN_CUST_01486,13299.26,abandoned,payment_page,2026-06-12 19:42:42.604898,2026-06-12 19:56:42.604898
UNSEEN_CHK_001055,UNSEEN_CUST_01867,34277.54,completed,payment_attempt,2026-06-20 08:54:42.604898,
UNSEEN_CHK_001056,UNSEEN_CUST_01664,33835.06,abandoned,payment_attempt,2026-06-16 17:25:42.134070,2026-06-16 18:30:42.134070
UNSEEN_CHK_001057,UNSEEN_CUST_01790,46449.11,completed,payment_page,2026-08-18 00:32:42.606986,
UNSEEN_CHK_001058,UNSEEN_CUST_00662,32397.85,abandoned,review,2026-06-17 21:48:42.606986,2026-06-17 23:38:42.606986
UNSEEN_CHK_001059,UNSEEN_CUST_00228,14820.49,completed,payment_attempt,2026-06-07 18:10:42.606986,
UNSEEN_CHK_001060,UNSEEN_CUST_00882,90803.3,completed,payment_attempt,2026-06-18 03:40:42.606986,
UNSEEN_CHK_001061,UNSEEN_CUST_00620,26055.07,abandoned,address,2026-08-19 01:39:42.606986,2026-08-19 03:35:42.606986
UNSEEN_CHK_001062,UNSEEN_CUST_00929,13389.49,abandoned,payment_attempt,2026-06-15 09:37:42.606986,2026-06-15 10:56:42.606986
UNSEEN_CHK_001063,UNSEEN_CUST_00576,35055.3,abandoned,payment_attempt,2026-08-03 05:49:41.966990,2026-08-03 07:06:41.966990
UNSEEN_CHK_001064,UNSEEN_CUST_01132,51623.2,completed,payment_page,2026-06-06 16:26:42.607988,
UNSEEN_CHK_001065,UNSEEN_CUST_00959,93910.85,abandoned,payment_page,2026-07-13 03:58:41.891985,2026-07-13 04:56:41.891985
UNSEEN_CHK_001066,UNSEEN_CUST_01938,43010.11,completed,review,2026-06-28 04:32:42.609898,
UNSEEN_CHK_001067,UNSEEN_CUST_00582,45952.0,completed,review,2026-07-05 11:31:42.609898,
UNSEEN_CHK_001068,UNSEEN_CUST_00214,2029.53,completed,payment_attempt,2026-06-01 08:20:42.609898,
UNSEEN_CHK_001069,UNSEEN_CUST_00487,7293.57,completed,payment_page,2026-07-01 16:06:42.609898,
UNSEEN_CHK_001070,UNSEEN_CUST_00916,43352.3,completed,review,2026-08-10 20:11:42.609898,
UNSEEN_CHK_001071,UNSEEN_CUST_01952,2314.57,completed,payment_attempt,2026-06-20 07:10:42.609898,
UNSEEN_CHK_001072,UNSEEN_CUST_01377,33968.8,abandoned,payment_attempt,2026-07-02 13:42:42.609898,2026-07-02 15:37:42.609898
UNSEEN_CHK_001073,UNSEEN_CUST_00824,14888.12,abandoned,payment_attempt,2026-08-12 11:10:42.609898,2026-08-12 12:18:42.609898
UNSEEN_CHK_001074,UNSEEN_CUST_00501,3303.84,abandoned,review,2026-07-30 17:57:42.609898,2026-07-30 19:29:42.609898
UNSEEN_CHK_001075,UNSEEN_CUST_00242,22040.57,abandoned,payment_attempt,2026-07-26 17:09:41.928990,2026-07-26 18:12:41.928990
UNSEEN_CHK_001076,UNSEEN_CUST_00198,4652.61,completed,review,2026-08-11 08:07:42.611980,
UNSEEN_CHK_001077,UNSEEN_CUST_01586,28559.69,abandoned,payment_page,2026-08-17 01:10:42.611980,2026-08-17 03:09:42.611980
UNSEEN_CHK_001078,UNSEEN_CUST_00487,22657.32,abandoned,payment_attempt,2026-06-30 08:42:42.611980,2026-06-30 09:06:42.611980
UNSEEN_CHK_001079,UNSEEN_CUST_00049,1359.12,abandoned,payment_attempt,2026-07-01 10:35:42.118071,2026-07-01 12:23:42.118071
UNSEEN_CHK_001080,UNSEEN_CUST_01387,21656.9,completed,address,2026-08-02 21:36:42.612987,
UNSEEN_CHK_001081,UNSEEN_CUST_00911,34146.53,abandoned,payment_attempt,2026-07-27 11:52:42.612987,2026-07-27 12:16:42.612987
UNSEEN_CHK_001082,UNSEEN_CUST_00055,48095.79,completed,payment_page,2026-07-22 00:33:42.613986,
UNSEEN_CHK_001083,UNSEEN_CUST_00324,12931.0,abandoned,payment_page,2026-08-24 18:22:42.613986,2026-08-24 20:07:42.613986
UNSEEN_CHK_001084,UNSEEN_CUST_00518,18412.54,abandoned,payment_attempt,2026-06-29 07:09:41.981072,2026-06-29 08:05:41.981072
UNSEEN_CHK_001085,UNSEEN_CUST_00259,2890.73,abandoned,payment_attempt,2026-06-28 07:23:42.614985,2026-06-28 08:44:42.614985
UNSEEN_CHK_001086,UNSEEN_CUST_01016,6018.44,completed,review,2026-07-18 03:29:42.614985,
UNSEEN_CHK_001087,UNSEEN_CUST_01423,44882.36,abandoned,payment_attempt,2026-06-14 09:21:42.614985,2026-06-14 10:25:42.614985
UNSEEN_CHK_001088,UNSEEN_CUST_01831,88847.84,abandoned,payment_attempt,2026-05-31 21:18:41.862990,2026-05-31 22:20:41.862990
UNSEEN_CHK_001089,UNSEEN_CUST_00639,5453.28,abandoned,payment_page,2026-07-09 10:29:42.616986,2026-07-09 11:03:42.616986
UNSEEN_CHK_001090,UNSEEN_CUST_01709,47654.05,completed,address,2026-05-29 07:06:42.616986,
UNSEEN_CHK_001091,UNSEEN_CUST_01947,2273.47,abandoned,payment_page,2026-07-23 05:42:41.857487,2026-07-23 07:28:41.857487
UNSEEN_CHK_001092,UNSEEN_CUST_00539,875.54,abandoned,payment_attempt,2026-06-17 01:32:41.977071,2026-06-17 01:51:41.977071
UNSEEN_CHK_001093,UNSEEN_CUST_00768,2738.42,abandoned,payment_attempt,2026-06-17 22:59:42.619986,2026-06-17 23:11:42.619986
UNSEEN_CHK_001094,UNSEEN_CUST_00257,4541.61,completed,payment_attempt,2026-06-12 11:58:42.619986,
UNSEEN_CHK_001095,UNSEEN_CUST_01053,29261.0,abandoned,address,2026-05-28 23:34:42.619986,2026-05-29 01:10:42.619986
UNSEEN_CHK_001096,UNSEEN_CUST_01881,29833.43,abandoned,payment_page,2026-07-31 08:21:42.620947,2026-07-31 09:07:42.620947
UNSEEN_CHK_001097,UNSEEN_CUST_01225,10676.11,completed,review,2026-07-22 08:48:42.620947,
UNSEEN_CHK_001098,UNSEEN_CUST_01565,10552.68,abandoned,payment_page,2026-06-01 08:20:42.620947,2026-06-01 09:01:42.620947
UNSEEN_CHK_001099,UNSEEN_CUST_00328,47824.74,completed,address,2026-06-17 04:57:42.620947,
UNSEEN_CHK_001100,UNSEEN_CUST_01040,9183.18,abandoned,payment_page,2026-08-01 03:29:42.620947,2026-08-01 03:51:42.620947
UNSEEN_CHK_001101,UNSEEN_CUST_00339,37835.11,completed,payment_page,2026-06-09 11:36:42.620947,
UNSEEN_CHK_001102,UNSEEN_CUST_01701,55437.21,abandoned,review,2026-08-13 08:52:42.620947,2026-08-13 09:38:42.620947
UNSEEN_CHK_001103,UNSEEN_CUST_01550,48404.56,completed,review,2026-07-17 11:22:42.620947,
UNSEEN_CHK_001104,UNSEEN_CUST_01960,12747.36,expired,payment_attempt,2026-07-21 19:59:42.620947,2026-07-21 20:31:42.620947
UNSEEN_CHK_001105,UNSEEN_CUST_01773,4962.06,abandoned,payment_attempt,2026-08-26 14:50:42.620947,2026-08-26 16:23:42.620947
UNSEEN_CHK_001106,UNSEEN_CUST_00725,49880.41,completed,payment_page,2026-06-23 00:55:42.620947,
UNSEEN_CHK_001107,UNSEEN_CUST_01055,4169.15,completed,address,2026-08-03 08:02:42.621945,
UNSEEN_CHK_001108,UNSEEN_CUST_00496,11218.02,completed,review,2026-08-09 22:32:42.621945,
UNSEEN_CHK_001109,UNSEEN_CUST_01931,26104.98,expired,payment_attempt,2026-08-09 14:47:42.621945,2026-08-09 15:22:42.621945
UNSEEN_CHK_001110,UNSEEN_CUST_01934,15270.06,completed,payment_attempt,2026-08-12 19:11:42.621945,
UNSEEN_CHK_001111,UNSEEN_CUST_00849,21260.95,abandoned,payment_page,2026-07-30 22:33:42.621945,2026-07-30 22:57:42.621945
UNSEEN_CHK_001112,UNSEEN_CUST_01283,39594.17,completed,review,2026-08-16 12:29:42.621945,
UNSEEN_CHK_001113,UNSEEN_CUST_01908,42328.01,abandoned,payment_page,2026-06-05 05:39:42.621945,2026-06-05 05:55:42.621945
UNSEEN_CHK_001114,UNSEEN_CUST_00919,5158.28,completed,payment_page,2026-07-10 05:46:42.621945,
UNSEEN_CHK_001115,UNSEEN_CUST_01425,21193.2,completed,review,2026-05-31 15:30:42.621945,
UNSEEN_CHK_001116,UNSEEN_CUST_00418,43922.91,abandoned,payment_attempt,2026-06-16 05:48:42.621945,2026-06-16 07:37:42.621945
UNSEEN_CHK_001117,UNSEEN_CUST_01667,15809.84,abandoned,review,2026-08-05 03:28:42.621945,2026-08-05 03:30:42.621945
UNSEEN_CHK_001118,UNSEEN_CUST_00794,33231.32,completed,payment_page,2026-06-26 18:26:42.621945,
UNSEEN_CHK_001119,UNSEEN_CUST_01653,18178.09,expired,address,2026-06-01 17:47:42.621945,2026-06-01 18:14:42.621945
UNSEEN_CHK_001120,UNSEEN_CUST_00163,1174.37,abandoned,review,2026-06-22 05:32:42.622900,2026-06-22 06:44:42.622900
UNSEEN_CHK_001121,UNSEEN_CUST_00771,19132.84,abandoned,payment_attempt,2026-08-10 10:27:42.622900,2026-08-10 10:48:42.622900
UNSEEN_CHK_001122,UNSEEN_CUST_00961,24562.12,completed,address,2026-06-07 05:35:42.622900,
UNSEEN_CHK_001123,UNSEEN_CUST_00567,2258.75,completed,payment_page,2026-07-15 14:14:42.622900,
UNSEEN_CHK_001124,UNSEEN_CUST_00141,31332.52,abandoned,payment_page,2026-08-21 10:41:42.622900,2026-08-21 10:57:42.622900
UNSEEN_CHK_001125,UNSEEN_CUST_00771,6426.11,completed,payment_attempt,2026-08-16 09:23:42.622900,
UNSEEN_CHK_001126,UNSEEN_CUST_01138,20913.05,abandoned,address,2026-07-19 03:39:42.622900,2026-07-19 05:05:42.622900
UNSEEN_CHK_001127,UNSEEN_CUST_00568,15205.76,abandoned,payment_attempt,2026-06-24 23:40:42.046986,2026-06-24 23:42:42.046986
UNSEEN_CHK_001128,UNSEEN_CUST_00466,90928.89,completed,address,2026-07-24 03:43:42.624984,
UNSEEN_CHK_001129,UNSEEN_CUST_01721,48836.04,abandoned,payment_page,2026-07-07 16:19:42.624984,2026-07-07 16:39:42.624984
UNSEEN_CHK_001130,UNSEEN_CUST_01061,43193.32,abandoned,review,2026-07-11 08:31:42.624984,2026-07-11 10:17:42.624984
UNSEEN_CHK_001131,UNSEEN_CUST_00743,38606.7,expired,payment_attempt,2026-07-05 16:58:42.624984,2026-07-05 17:46:42.624984
UNSEEN_CHK_001132,UNSEEN_CUST_00773,16668.55,completed,payment_attempt,2026-06-22 08:51:42.624984,
UNSEEN_CHK_001133,UNSEEN_CUST_00864,42699.24,completed,review,2026-08-23 19:03:42.624984,
UNSEEN_CHK_001134,UNSEEN_CUST_00365,26301.25,completed,payment_attempt,2026-06-25 07:27:42.624984,
UNSEEN_CHK_001135,UNSEEN_CUST_01845,22645.14,completed,payment_attempt,2026-06-28 23:46:42.624984,
UNSEEN_CHK_001136,UNSEEN_CUST_00932,68525.33,abandoned,payment_page,2026-07-30 16:48:42.624984,2026-07-30 17:12:42.624984
UNSEEN_CHK_001137,UNSEEN_CUST_00531,38278.16,abandoned,review,2026-06-12 16:58:42.624984,2026-06-12 18:21:42.624984
UNSEEN_CHK_001138,UNSEEN_CUST_00432,7273.74,abandoned,address,2026-06-01 12:39:42.624984,2026-06-01 14:05:42.624984
UNSEEN_CHK_001139,UNSEEN_CUST_01302,1740.43,completed,address,2026-07-30 12:06:42.624984,
UNSEEN_CHK_001140,UNSEEN_CUST_01412,15108.54,completed,payment_page,2026-07-30 22:28:42.624984,
UNSEEN_CHK_001141,UNSEEN_CUST_01916,16070.66,completed,payment_attempt,2026-06-24 09:17:42.625978,
UNSEEN_CHK_001142,UNSEEN_CUST_01934,33630.42,abandoned,payment_page,2026-07-30 12:05:42.132076,2026-07-30 12:55:42.132076
UNSEEN_CHK_001143,UNSEEN_CUST_00747,12049.89,completed,payment_attempt,2026-08-01 03:06:42.626981,
UNSEEN_CHK_001144,UNSEEN_CUST_00636,31325.41,abandoned,payment_page,2026-08-01 14:02:41.891985,2026-08-01 14:21:41.891985
UNSEEN_CHK_001145,UNSEEN_CUST_00230,9404.32,abandoned,review,2026-08-08 08:50:42.627980,2026-08-08 10:24:42.627980
UNSEEN_CHK_001146,UNSEEN_CUST_00901,26663.56,expired,address,2026-07-26 20:29:42.627980,2026-07-26 20:34:42.627980
UNSEEN_CHK_001147,UNSEEN_CUST_01120,13970.59,completed,payment_page,2026-08-20 03:50:42.627980,
UNSEEN_CHK_001148,UNSEEN_CUST_00390,39053.27,abandoned,payment_page,2026-08-06 07:57:41.851478,2026-08-06 08:01:41.851478
UNSEEN_CHK_001149,UNSEEN_CUST_01726,20722.79,abandoned,payment_attempt,2026-07-04 20:24:42.628980,2026-07-04 21:17:42.628980
UNSEEN_CHK_001150,UNSEEN_CUST_01637,4999.26,abandoned,payment_attempt,2026-08-02 16:33:41.927989,2026-08-02 17:08:41.927989
UNSEEN_CHK_001151,UNSEEN_CUST_00690,36086.5,abandoned,payment_page,2026-06-22 02:40:41.991079,2026-06-22 03:49:41.991079
UNSEEN_CHK_001152,UNSEEN_CUST_00262,39536.22,abandoned,payment_attempt,2026-06-03 09:37:42.630978,2026-06-03 10:24:42.630978
UNSEEN_CHK_001153,UNSEEN_CUST_01951,43429.88,abandoned,payment_page,2026-06-08 02:08:42.024080,2026-06-08 02:19:42.024080
UNSEEN_CHK_001154,UNSEEN_CUST_01339,36529.41,completed,payment_page,2026-08-14 06:28:42.631995,
UNSEEN_CHK_001155,UNSEEN_CUST_01933,39561.96,abandoned,payment_page,2026-07-02 09:55:42.632988,2026-07-02 11:14:42.632988
UNSEEN_CHK_001156,UNSEEN_CUST_01067,55177.53,completed,payment_page,2026-06-01 13:09:42.632988,
UNSEEN_CHK_001157,UNSEEN_CUST_01665,18030.77,completed,review,2026-08-09 21:26:42.632988,
UNSEEN_CHK_001158,UNSEEN_CUST_00422,22480.14,abandoned,review,2026-06-06 03:34:42.632988,2026-06-06 04:08:42.632988
UNSEEN_CHK_001159,UNSEEN_CUST_01084,7098.53,completed,review,2026-08-22 19:30:42.632988,
UNSEEN_CHK_001160,UNSEEN_CUST_01095,38556.43,abandoned,payment_attempt,2026-07-20 15:49:42.632988,2026-07-20 16:57:42.632988
UNSEEN_CHK_001161,UNSEEN_CUST_00659,20190.5,abandoned,payment_attempt,2026-05-30 19:21:41.935989,2026-05-30 21:11:41.935989
UNSEEN_CHK_001162,UNSEEN_CUST_00819,22551.66,abandoned,payment_page,2026-07-27 08:35:41.868990,2026-07-27 09:58:41.868990
UNSEEN_CHK_001163,UNSEEN_CUST_01894,5051.63,completed,payment_page,2026-06-06 04:19:42.634984,
UNSEEN_CHK_001164,UNSEEN_CUST_00151,41064.84,abandoned,payment_attempt,2026-07-15 04:22:41.805579,2026-07-15 04:24:41.805579
UNSEEN_CHK_001165,UNSEEN_CUST_00481,27517.44,completed,payment_attempt,2026-07-20 12:57:42.635978,
UNSEEN_CHK_001166,UNSEEN_CUST_01033,14311.82,completed,review,2026-06-02 18:22:42.635978,
UNSEEN_CHK_001167,UNSEEN_CUST_00860,13428.13,completed,payment_attempt,2026-07-29 12:24:42.635978,
UNSEEN_CHK_001168,UNSEEN_CUST_00581,8015.78,abandoned,payment_page,2026-07-27 17:40:41.945990,2026-07-27 18:48:41.945990
UNSEEN_CHK_001169,UNSEEN_CUST_01347,49720.25,completed,payment_attempt,2026-06-29 18:19:42.636978,
UNSEEN_CHK_001170,UNSEEN_CUST_01055,17024.5,abandoned,payment_attempt,2026-06-08 00:36:41.953986,2026-06-08 02:00:41.953986
UNSEEN_CHK_001171,UNSEEN_CUST_00173,42590.42,completed,review,2026-08-09 08:33:42.637898,
UNSEEN_CHK_001172,UNSEEN_CUST_00670,4009.9,abandoned,payment_attempt,2026-06-22 17:30:42.637898,2026-06-22 19:21:42.637898
UNSEEN_CHK_001173,UNSEEN_CUST_00250,16827.85,abandoned,payment_page,2026-07-24 23:44:42.637898,2026-07-25 00:28:42.637898
UNSEEN_CHK_001174,UNSEEN_CUST_01594,14388.7,completed,payment_page,2026-08-10 21:50:42.637898,
UNSEEN_CHK_001175,UNSEEN_CUST_00336,13688.44,completed,review,2026-07-04 12:02:42.637898,
UNSEEN_CHK_001176,UNSEEN_CUST_01588,20286.1,completed,payment_attempt,2026-07-31 14:46:42.637898,
UNSEEN_CHK_001177,UNSEEN_CUST_01877,29871.87,abandoned,payment_attempt,2026-07-07 22:45:42.637898,2026-07-07 23:33:42.637898
UNSEEN_CHK_001178,UNSEEN_CUST_00493,30850.16,abandoned,address,2026-06-22 06:28:42.637898,2026-06-22 07:38:42.637898
UNSEEN_CHK_001179,UNSEEN_CUST_00809,22550.75,abandoned,payment_page,2026-06-18 02:47:41.979070,2026-06-18 02:59:41.979070
UNSEEN_CHK_001180,UNSEEN_CUST_00563,48163.91,completed,review,2026-08-01 23:35:42.638978,
UNSEEN_CHK_001181,UNSEEN_CUST_01761,30025.8,abandoned,payment_page,2026-08-17 22:22:42.640181,2026-08-18 00:03:42.640181
UNSEEN_CHK_001182,UNSEEN_CUST_00288,90717.62,expired,payment_page,2026-08-08 17:41:42.640181,2026-08-08 19:19:42.640181
UNSEEN_CHK_001183,UNSEEN_CUST_00871,43004.03,completed,payment_page,2026-07-14 06:54:42.640181,
UNSEEN_CHK_001184,UNSEEN_CUST_01200,55278.6,completed,payment_page,2026-06-03 11:32:42.640181,
UNSEEN_CHK_001185,UNSEEN_CUST_01284,29501.15,abandoned,payment_attempt,2026-08-12 00:15:41.877985,2026-08-12 02:10:41.877985
UNSEEN_CHK_001186,UNSEEN_CUST_00033,19371.85,completed,review,2026-06-12 06:52:42.641187,
UNSEEN_CHK_001187,UNSEEN_CUST_00463,28470.69,completed,payment_page,2026-06-10 21:06:42.641187,
UNSEEN_CHK_001188,UNSEEN_CUST_00238,54314.48,abandoned,address,2026-08-03 17:25:42.641187,2026-08-03 18:05:42.641187
UNSEEN_CHK_001189,UNSEEN_CUST_01266,14094.72,abandoned,address,2026-07-04 04:06:42.641187,2026-07-04 05:10:42.641187
UNSEEN_CHK_001190,UNSEEN_CUST_01900,21592.89,completed,review,2026-05-28 03:13:42.641187,
UNSEEN_CHK_001191,UNSEEN_CUST_00194,18539.24,abandoned,payment_page,2026-07-18 12:27:42.641187,2026-07-18 13:05:42.641187
UNSEEN_CHK_001192,UNSEEN_CUST_00309,4239.05,abandoned,payment_page,2026-08-11 14:18:42.641187,2026-08-11 16:00:42.641187
UNSEEN_CHK_001193,UNSEEN_CUST_00737,28591.75,completed,payment_page,2026-06-06 07:17:42.641187,
UNSEEN_CHK_001194,UNSEEN_CUST_00652,10566.17,abandoned,payment_attempt,2026-07-11 09:48:42.641187,2026-07-11 10:38:42.641187
UNSEEN_CHK_001195,UNSEEN_CUST_01234,28460.4,completed,review,2026-08-03 10:58:42.641187,
UNSEEN_CHK_001196,UNSEEN_CUST_01206,39003.41,completed,payment_attempt,2026-06-25 22:02:42.641187,
UNSEEN_CHK_001197,UNSEEN_CUST_00660,41102.18,abandoned,payment_page,2026-06-14 00:49:41.996072,2026-06-14 01:04:41.996072
UNSEEN_CHK_001198,UNSEEN_CUST_00887,41875.12,completed,review,2026-07-22 22:11:42.643187,
UNSEEN_CHK_001199,UNSEEN_CUST_00218,13199.29,abandoned,payment_attempt,2026-06-10 05:13:42.643187,2026-06-10 07:07:42.643187
UNSEEN_CHK_001200,UNSEEN_CUST_00942,45510.51,abandoned,payment_page,2026-08-09 03:51:41.949990,2026-08-09 04:46:41.949990
UNSEEN_CHK_001201,UNSEEN_CUST_00587,5997.72,completed,payment_attempt,2026-08-25 03:52:42.644188,
UNSEEN_CHK_001202,UNSEEN_CUST_00868,18065.54,abandoned,payment_attempt,2026-06-20 01:30:42.131073,2026-06-20 03:23:42.131073
UNSEEN_CHK_001203,UNSEEN_CUST_01010,5821.05,expired,payment_page,2026-07-18 10:03:42.646188,2026-07-18 11:49:42.646188
UNSEEN_CHK_001204,UNSEEN_CUST_00023,41892.0,completed,review,2026-06-24 16:25:42.646188,
UNSEEN_CHK_001205,UNSEEN_CUST_01747,15362.62,completed,payment_attempt,2026-05-31 05:42:42.646188,
UNSEEN_CHK_001206,UNSEEN_CUST_01120,19148.8,expired,payment_attempt,2026-08-12 09:28:42.646188,2026-08-12 10:43:42.646188
UNSEEN_CHK_001207,UNSEEN_CUST_01724,43868.99,completed,review,2026-07-09 12:57:42.646188,
UNSEEN_CHK_001208,UNSEEN_CUST_01648,21926.46,completed,address,2026-07-31 01:56:42.646188,
UNSEEN_CHK_001209,UNSEEN_CUST_00818,23100.8,abandoned,payment_attempt,2026-06-19 00:08:41.977071,2026-06-19 01:41:41.977071
UNSEEN_CHK_001210,UNSEEN_CUST_00751,51282.72,abandoned,address,2026-08-07 17:47:42.648188,2026-08-07 18:47:42.648188
UNSEEN_CHK_001211,UNSEEN_CUST_01480,11692.1,completed,review,2026-07-21 06:00:42.648188,
UNSEEN_CHK_001212,UNSEEN_CUST_00162,91477.04,abandoned,review,2026-07-04 16:05:42.648188,2026-07-04 18:03:42.648188
UNSEEN_CHK_001213,UNSEEN_CUST_01833,39683.47,completed,address,2026-07-28 06:08:42.648188,
UNSEEN_CHK_001214,UNSEEN_CUST_00219,3962.96,abandoned,payment_page,2026-06-15 00:37:42.016071,2026-06-15 02:22:42.016071
UNSEEN_CHK_001215,UNSEEN_CUST_01918,5957.66,completed,payment_attempt,2026-08-02 23:51:42.649187,
UNSEEN_CHK_001216,UNSEEN_CUST_01330,48475.35,expired,review,2026-06-21 21:56:42.649187,2026-06-21 23:08:42.649187
UNSEEN_CHK_001217,UNSEEN_CUST_01392,19443.49,abandoned,address,2026-08-20 01:38:42.649187,2026-08-20 02:33:42.649187
UNSEEN_CHK_001218,UNSEEN_CUST_00180,22516.96,abandoned,payment_page,2026-07-31 15:59:41.882985,2026-07-31 17:23:41.882985
UNSEEN_CHK_001219,UNSEEN_CUST_01702,15722.05,completed,payment_page,2026-08-15 09:23:42.650187,
UNSEEN_CHK_001220,UNSEEN_CUST_01832,25560.74,completed,address,2026-05-27 23:26:42.650187,
UNSEEN_CHK_001221,UNSEEN_CUST_01871,41786.21,completed,payment_page,2026-06-15 00:35:42.650187,
UNSEEN_CHK_001222,UNSEEN_CUST_00982,10160.65,completed,payment_attempt,2026-07-27 22:39:42.650187,
UNSEEN_CHK_001223,UNSEEN_CUST_00348,15820.43,completed,payment_page,2026-08-08 15:48:42.651188,
UNSEEN_CHK_001224,UNSEEN_CUST_01418,16907.62,expired,payment_page,2026-06-25 21:17:42.651188,2026-06-25 23:11:42.651188
UNSEEN_CHK_001225,UNSEEN_CUST_00356,11415.09,completed,payment_page,2026-08-16 17:27:42.651188,
UNSEEN_CHK_001226,UNSEEN_CUST_00326,35177.87,expired,payment_attempt,2026-08-21 06:54:42.651188,2026-08-21 07:23:42.651188
UNSEEN_CHK_001227,UNSEEN_CUST_00345,18124.81,completed,address,2026-07-12 01:05:42.651188,
UNSEEN_CHK_001228,UNSEEN_CUST_01819,47452.7,abandoned,payment_page,2026-06-06 21:11:42.651188,2026-06-06 21:37:42.651188
UNSEEN_CHK_001229,UNSEEN_CUST_00557,15042.46,completed,address,2026-07-02 06:27:42.651188,
UNSEEN_CHK_001230,UNSEEN_CUST_01055,17126.81,abandoned,payment_attempt,2026-06-07 23:30:41.953986,2026-06-08 00:08:41.953986
UNSEEN_CHK_001231,UNSEEN_CUST_00256,64743.64,abandoned,payment_page,2026-07-03 17:28:41.881985,2026-07-03 18:47:41.881985
UNSEEN_CHK_001232,UNSEEN_CUST_00743,38841.43,abandoned,review,2026-08-10 10:48:42.653187,2026-08-10 12:16:42.653187
UNSEEN_CHK_001233,UNSEEN_CUST_00036,16124.44,expired,payment_page,2026-06-14 21:12:42.653187,2026-06-14 22:39:42.653187
UNSEEN_CHK_001234,UNSEEN_CUST_00925,11637.78,abandoned,payment_page,2026-07-10 18:19:41.906985,2026-07-10 19:43:41.906985
UNSEEN_CHK_001235,UNSEEN_CUST_01448,9276.68,abandoned,payment_page,2026-08-05 22:29:41.875985,2026-08-05 23:57:41.875985
UNSEEN_CHK_001236,UNSEEN_CUST_01845,16749.71,abandoned,payment_attempt,2026-06-18 21:22:42.655188,2026-06-18 23:13:42.655188
UNSEEN_CHK_001237,UNSEEN_CUST_01163,16941.75,abandoned,review,2026-08-17 02:13:42.655188,2026-08-17 02:29:42.655188
UNSEEN_CHK_001238,UNSEEN_CUST_01866,33907.34,expired,address,2026-08-09 02:14:42.655188,2026-08-09 03:16:42.655188
UNSEEN_CHK_001239,UNSEEN_CUST_01397,4565.16,completed,payment_page,2026-06-04 21:39:42.656187,
UNSEEN_CHK_001240,UNSEEN_CUST_00484,13306.15,abandoned,payment_page,2026-07-14 00:39:42.051996,2026-07-14 02:18:42.051996
UNSEEN_CHK_001241,UNSEEN_CUST_01177,88178.99,abandoned,payment_page,2026-08-17 15:15:42.657187,2026-08-17 15:59:42.657187
UNSEEN_CHK_001242,UNSEEN_CUST_01418,13298.06,abandoned,payment_page,2026-07-19 07:20:42.034073,2026-07-19 08:52:42.034073
UNSEEN_CHK_001243,UNSEEN_CUST_01344,15166.63,abandoned,review,2026-07-12 04:27:42.659189,2026-07-12 05:09:42.659189
UNSEEN_CHK_001244,UNSEEN_CUST_00094,30339.43,expired,payment_attempt,2026-07-01 00:16:42.659189,2026-07-01 01:25:42.659189
UNSEEN_CHK_001245,UNSEEN_CUST_01954,1461.01,abandoned,payment_page,2026-07-12 01:00:42.659189,2026-07-12 01:11:42.659189
UNSEEN_CHK_001246,UNSEEN_CUST_00566,10940.1,expired,payment_page,2026-06-04 05:49:42.659189,2026-06-04 06:44:42.659189
UNSEEN_CHK_001247,UNSEEN_CUST_00026,57531.37,completed,payment_attempt,2026-07-21 17:31:42.659189,
UNSEEN_CHK_001248,UNSEEN_CUST_01857,23541.35,abandoned,payment_page,2026-06-23 19:05:42.111073,2026-06-23 20:11:42.111073
UNSEEN_CHK_001249,UNSEEN_CUST_01537,9838.8,abandoned,payment_attempt,2026-06-21 09:22:42.661188,2026-06-21 09:35:42.661188
UNSEEN_CHK_001250,UNSEEN_CUST_01407,37912.23,abandoned,payment_attempt,2026-08-08 23:08:42.661188,2026-08-08 23:35:42.661188
UNSEEN_CHK_001251,UNSEEN_CUST_01316,25561.25,abandoned,payment_attempt,2026-08-21 18:48:41.853480,2026-08-21 19:23:41.853480
UNSEEN_CHK_001252,UNSEEN_CUST_00137,32224.4,expired,address,2026-08-17 17:34:42.662187,2026-08-17 18:21:42.662187
UNSEEN_CHK_001253,UNSEEN_CUST_01077,23891.56,abandoned,payment_page,2026-08-13 20:55:41.859983,2026-08-13 22:40:41.859983
UNSEEN_CHK_001254,UNSEEN_CUST_00947,33481.71,completed,payment_attempt,2026-07-18 03:33:42.663191,
UNSEEN_CHK_001255,UNSEEN_CUST_01836,20158.37,abandoned,payment_attempt,2026-07-19 06:14:41.885985,2026-07-19 08:03:41.885985
UNSEEN_CHK_001256,UNSEEN_CUST_01321,47529.88,abandoned,payment_attempt,2026-06-02 23:57:42.100066,2026-06-03 00:55:42.100066
UNSEEN_CHK_001257,UNSEEN_CUST_00667,25089.08,abandoned,review,2026-08-15 16:36:42.665187,2026-08-15 18:04:42.665187
UNSEEN_CHK_001258,UNSEEN_CUST_01943,18492.25,abandoned,payment_attempt,2026-08-13 11:55:41.877985,2026-08-13 12:14:41.877985
UNSEEN_CHK_001259,UNSEEN_CUST_00411,42125.14,completed,address,2026-06-16 07:27:42.666187,
UNSEEN_CHK_001260,UNSEEN_CUST_00485,19297.46,completed,address,2026-07-14 02:10:42.666187,
UNSEEN_CHK_001261,UNSEEN_CUST_00592,14825.78,completed,payment_attempt,2026-06-23 15:56:42.666187,
UNSEEN_CHK_001262,UNSEEN_CUST_01274,29340.24,completed,payment_attempt,2026-05-29 23:04:42.666187,
UNSEEN_CHK_001263,UNSEEN_CUST_01283,43248.78,completed,payment_attempt,2026-06-13 03:01:42.666187,
UNSEEN_CHK_001264,UNSEEN_CUST_00557,40288.28,completed,review,2026-07-14 04:30:42.667187,
UNSEEN_CHK_001265,UNSEEN_CUST_00891,10157.76,completed,review,2026-07-10 11:02:42.667187,
UNSEEN_CHK_001266,UNSEEN_CUST_00689,30880.23,expired,payment_attempt,2026-05-30 06:28:42.667187,2026-05-30 07:37:42.667187
UNSEEN_CHK_001267,UNSEEN_CUST_01473,6872.69,abandoned,payment_attempt,2026-07-13 04:03:41.809992,2026-07-13 04:31:41.809992
UNSEEN_CHK_001268,UNSEEN_CUST_01869,33002.18,expired,payment_attempt,2026-07-23 21:13:42.668187,2026-07-23 22:38:42.668187
UNSEEN_CHK_001269,UNSEEN_CUST_00981,35462.91,completed,review,2026-08-07 21:54:42.668187,
UNSEEN_CHK_001270,UNSEEN_CUST_01149,13546.12,expired,payment_attempt,2026-07-27 13:06:42.668187,2026-07-27 14:35:42.668187
UNSEEN_CHK_001271,UNSEEN_CUST_01408,43877.85,completed,address,2026-08-13 00:02:42.668187,
UNSEEN_CHK_001272,UNSEEN_CUST_01147,37495.9,abandoned,payment_page,2026-08-25 20:37:42.668187,2026-08-25 21:35:42.668187
UNSEEN_CHK_001273,UNSEEN_CUST_00210,39819.6,completed,payment_attempt,2026-08-18 07:38:42.668187,
UNSEEN_CHK_001274,UNSEEN_CUST_00279,22243.83,completed,payment_page,2026-06-05 19:38:42.668187,
UNSEEN_CHK_001275,UNSEEN_CUST_01286,21218.07,completed,address,2026-06-15 13:58:42.668187,
UNSEEN_CHK_001276,UNSEEN_CUST_01554,15836.03,completed,address,2026-06-03 11:10:42.668187,
UNSEEN_CHK_001277,UNSEEN_CUST_00731,2012.38,completed,payment_attempt,2026-08-18 20:32:42.668187,
UNSEEN_CHK_001278,UNSEEN_CUST_01704,18742.13,abandoned,payment_page,2026-07-05 12:45:42.668187,2026-07-05 13:23:42.668187
UNSEEN_CHK_001279,UNSEEN_CUST_00373,38935.8,completed,address,2026-07-24 01:20:42.668187,
UNSEEN_CHK_001280,UNSEEN_CUST_00848,3791.92,completed,review,2026-08-13 14:31:42.668187,
UNSEEN_CHK_001281,UNSEEN_CUST_00183,39702.26,completed,review,2026-07-29 08:12:42.668187,
UNSEEN_CHK_001282,UNSEEN_CUST_01619,18847.79,abandoned,review,2026-06-21 08:53:42.668187,2026-06-21 10:37:42.668187
UNSEEN_CHK_001283,UNSEEN_CUST_01564,5626.82,abandoned,payment_page,2026-07-09 12:21:42.019070,2026-07-09 13:10:42.019070
UNSEEN_CHK_001284,UNSEEN_CUST_01761,9767.97,expired,payment_attempt,2026-08-20 06:21:42.669187,2026-08-20 07:50:42.669187
UNSEEN_CHK_001285,UNSEEN_CUST_01304,40288.56,abandoned,payment_page,2026-07-13 21:53:42.012074,2026-07-13 22:36:42.012074
UNSEEN_CHK_001286,UNSEEN_CUST_00288,29713.98,abandoned,address,2026-06-22 04:42:42.671187,2026-06-22 05:43:42.671187
UNSEEN_CHK_001287,UNSEEN_CUST_00353,17890.21,completed,review,2026-08-08 17:11:42.671187,
UNSEEN_CHK_001288,UNSEEN_CUST_00221,92829.67,abandoned,payment_page,2026-07-12 06:34:41.851478,2026-07-12 06:37:41.851478
UNSEEN_CHK_001289,UNSEEN_CUST_00680,45185.51,abandoned,review,2026-07-15 00:30:42.672187,2026-07-15 00:49:42.672187
UNSEEN_CHK_001290,UNSEEN_CUST_01704,45579.9,abandoned,address,2026-07-10 07:13:42.672187,2026-07-10 09:01:42.672187
UNSEEN_CHK_001291,UNSEEN_CUST_01303,29688.87,abandoned,payment_page,2026-06-08 20:38:41.976066,2026-06-08 22:31:41.976066
UNSEEN_CHK_001292,UNSEEN_CUST_01490,19785.29,completed,address,2026-07-03 10:47:42.673187,
UNSEEN_CHK_001293,UNSEEN_CUST_00954,5919.62,completed,address,2026-07-28 17:20:42.673187,
UNSEEN_CHK_001294,UNSEEN_CUST_01764,49027.26,completed,payment_attempt,2026-07-16 19:08:42.673187,
UNSEEN_CHK_001295,UNSEEN_CUST_01871,12540.0,abandoned,review,2026-08-05 06:56:42.674187,2026-08-05 08:43:42.674187
UNSEEN_CHK_001296,UNSEEN_CUST_00499,9322.94,abandoned,review,2026-08-11 23:51:42.674187,2026-08-12 01:48:42.674187
UNSEEN_CHK_001297,UNSEEN_CUST_00146,21709.09,completed,address,2026-07-28 14:34:42.674187,
UNSEEN_CHK_001298,UNSEEN_CUST_01611,23904.3,completed,payment_page,2026-06-15 22:17:42.674187,
UNSEEN_CHK_001299,UNSEEN_CUST_00220,7056.53,abandoned,payment_attempt,2026-07-02 13:31:42.674187,2026-07-02 13:36:42.674187
UNSEEN_CHK_001300,UNSEEN_CUST_00278,39748.38,abandoned,payment_attempt,2026-07-01 09:44:42.083070,2026-07-01 10:36:42.083070
UNSEEN_CHK_001301,UNSEEN_CUST_01226,32896.29,expired,payment_page,2026-08-17 02:28:42.675187,2026-08-17 03:51:42.675187
UNSEEN_CHK_001302,UNSEEN_CUST_00945,39181.15,completed,address,2026-07-14 14:49:42.675187,
UNSEEN_CHK_001303,UNSEEN_CUST_00568,35560.75,abandoned,payment_page,2026-08-25 01:42:42.675187,2026-08-25 02:19:42.675187
UNSEEN_CHK_001304,UNSEEN_CUST_00698,11532.12,abandoned,payment_page,2026-06-17 23:35:42.675187,2026-06-18 00:44:42.675187
UNSEEN_CHK_001305,UNSEEN_CUST_01332,45751.03,completed,review,2026-08-23 03:23:42.675187,
UNSEEN_CHK_001306,UNSEEN_CUST_01433,19860.71,abandoned,payment_page,2026-07-27 13:29:42.044069,2026-07-27 14:34:42.044069
UNSEEN_CHK_001307,UNSEEN_CUST_01210,9764.1,completed,review,2026-06-14 17:58:42.676187,
UNSEEN_CHK_001308,UNSEEN_CUST_01521,6116.53,expired,payment_attempt,2026-08-01 16:02:42.676187,2026-08-01 16:47:42.676187
UNSEEN_CHK_001309,UNSEEN_CUST_00190,26902.2,abandoned,payment_page,2026-06-16 14:37:42.676187,2026-06-16 16:00:42.676187
UNSEEN_CHK_001310,UNSEEN_CUST_01553,40654.38,completed,review,2026-08-02 21:24:42.676187,
UNSEEN_CHK_001311,UNSEEN_CUST_01106,25293.43,abandoned,payment_page,2026-07-03 12:59:42.676187,2026-07-03 14:25:42.676187
UNSEEN_CHK_001312,UNSEEN_CUST_00454,34383.8,abandoned,payment_page,2026-08-22 01:20:42.676187,2026-08-22 03:17:42.676187
UNSEEN_CHK_001313,UNSEEN_CUST_01829,32919.44,abandoned,review,2026-07-03 05:40:42.676187,2026-07-03 06:38:42.676187
UNSEEN_CHK_001314,UNSEEN_CUST_00561,9488.33,expired,address,2026-06-07 07:47:42.677187,2026-06-07 09:31:42.677187
UNSEEN_CHK_001315,UNSEEN_CUST_01992,48069.09,abandoned,payment_page,2026-08-07 11:48:42.677187,2026-08-07 12:12:42.677187
UNSEEN_CHK_001316,UNSEEN_CUST_01993,17764.27,abandoned,payment_attempt,2026-07-14 16:27:42.677187,2026-07-14 17:11:42.677187
UNSEEN_CHK_001317,UNSEEN_CUST_00646,44284.27,abandoned,address,2026-05-28 00:45:42.677187,2026-05-28 00:47:42.677187
UNSEEN_CHK_001318,UNSEEN_CUST_01179,44977.6,completed,payment_page,2026-08-18 06:03:42.677187,
UNSEEN_CHK_001319,UNSEEN_CUST_01921,22314.57,completed,review,2026-07-14 12:18:42.677187,
UNSEEN_CHK_001320,UNSEEN_CUST_01373,29313.9,abandoned,payment_page,2026-07-26 22:04:42.677187,2026-07-26 23:53:42.677187
UNSEEN_CHK_001321,UNSEEN_CUST_01493,7832.79,abandoned,address,2026-07-13 06:10:42.677187,2026-07-13 07:41:42.677187
UNSEEN_CHK_001322,UNSEEN_CUST_00389,36848.61,completed,review,2026-08-09 17:21:42.677187,
UNSEEN_CHK_001323,UNSEEN_CUST_00913,13069.22,completed,payment_attempt,2026-06-21 11:20:42.677187,
UNSEEN_CHK_001324,UNSEEN_CUST_01818,47339.39,abandoned,payment_attempt,2026-06-29 04:20:42.677187,2026-06-29 06:07:42.677187
UNSEEN_CHK_001325,UNSEEN_CUST_00812,8491.25,completed,address,2026-07-09 17:43:42.677187,
UNSEEN_CHK_001326,UNSEEN_CUST_00813,40707.7,abandoned,payment_page,2026-07-02 15:08:42.015073,2026-07-02 16:57:42.015073
UNSEEN_CHK_001327,UNSEEN_CUST_00458,10432.69,abandoned,review,2026-08-15 20:51:42.678187,2026-08-15 21:00:42.678187
UNSEEN_CHK_001328,UNSEEN_CUST_00683,15017.67,abandoned,payment_page,2026-08-15 04:32:42.018069,2026-08-15 06:26:42.018069
UNSEEN_CHK_001329,UNSEEN_CUST_01174,11475.26,abandoned,review,2026-07-08 14:41:42.679187,2026-07-08 14:47:42.679187
UNSEEN_CHK_001330,UNSEEN_CUST_01915,3312.48,completed,review,2026-08-22 05:10:42.679187,
UNSEEN_CHK_001331,UNSEEN_CUST_01217,5169.55,abandoned,payment_page,2026-06-19 10:11:41.955987,2026-06-19 11:26:41.955987
UNSEEN_CHK_001332,UNSEEN_CUST_01105,22289.57,abandoned,review,2026-08-20 09:02:42.680187,2026-08-20 10:36:42.680187
UNSEEN_CHK_001333,UNSEEN_CUST_00236,22352.44,abandoned,payment_page,2026-06-21 04:44:42.680187,2026-06-21 05:26:42.680187
UNSEEN_CHK_001334,UNSEEN_CUST_01652,20749.81,completed,payment_page,2026-06-10 15:37:42.680187,
UNSEEN_CHK_001335,UNSEEN_CUST_01573,9687.28,abandoned,review,2026-06-04 18:59:42.680187,2026-06-04 19:18:42.680187
UNSEEN_CHK_001336,UNSEEN_CUST_00729,71441.68,completed,payment_page,2026-08-10 00:21:42.681187,
UNSEEN_CHK_001337,UNSEEN_CUST_00840,35321.11,completed,payment_attempt,2026-08-04 18:18:42.681187,
UNSEEN_CHK_001338,UNSEEN_CUST_01921,48343.83,abandoned,payment_page,2026-07-15 21:04:42.044069,2026-07-15 22:36:42.044069
UNSEEN_CHK_001339,UNSEEN_CUST_01867,16234.85,completed,payment_attempt,2026-05-29 22:50:42.682187,
UNSEEN_CHK_001340,UNSEEN_CUST_01162,23149.69,abandoned,payment_page,2026-07-29 23:07:42.682187,2026-07-29 23:19:42.682187
UNSEEN_CHK_001341,UNSEEN_CUST_01724,4994.46,abandoned,payment_attempt,2026-07-15 09:10:42.682187,2026-07-15 10:00:42.682187
UNSEEN_CHK_001342,UNSEEN_CUST_00683,823.95,abandoned,payment_attempt,2026-07-19 03:25:41.887985,2026-07-19 05:11:41.887985
UNSEEN_CHK_001343,UNSEEN_CUST_00460,2798.5,abandoned,review,2026-08-14 20:32:42.683187,2026-08-14 21:54:42.683187
UNSEEN_CHK_001344,UNSEEN_CUST_00102,17666.39,completed,payment_page,2026-07-21 17:31:42.683187,
UNSEEN_CHK_001345,UNSEEN_CUST_01665,48071.81,completed,payment_page,2026-07-16 10:05:42.683187,
UNSEEN_CHK_001346,UNSEEN_CUST_00722,39174.59,completed,review,2026-07-13 06:48:42.683187,
UNSEEN_CHK_001347,UNSEEN_CUST_01489,27709.97,abandoned,address,2026-08-22 11:00:42.683187,2026-08-22 11:05:42.683187
UNSEEN_CHK_001348,UNSEEN_CUST_00640,1216.8,abandoned,address,2026-07-07 17:36:42.683187,2026-07-07 18:09:42.683187
UNSEEN_CHK_001349,UNSEEN_CUST_00681,49994.06,abandoned,payment_attempt,2026-08-07 19:57:42.683187,2026-08-07 20:41:42.683187
UNSEEN_CHK_001350,UNSEEN_CUST_01198,42262.99,abandoned,address,2026-07-08 14:20:42.683187,2026-07-08 15:22:42.683187
UNSEEN_CHK_001351,UNSEEN_CUST_00184,3640.71,abandoned,payment_page,2026-07-24 07:35:41.918985,2026-07-24 09:00:41.918985
UNSEEN_CHK_001352,UNSEEN_CUST_01003,43170.68,expired,payment_page,2026-06-01 08:37:42.684187,2026-06-01 08:46:42.684187
UNSEEN_CHK_001353,UNSEEN_CUST_00786,60012.69,expired,review,2026-07-11 23:44:42.684187,2026-07-12 00:16:42.684187
UNSEEN_CHK_001354,UNSEEN_CUST_01964,17590.61,abandoned,payment_page,2026-07-14 21:20:42.030078,2026-07-14 22:58:42.030078
UNSEEN_CHK_001355,UNSEEN_CUST_01719,49581.77,expired,payment_page,2026-07-09 14:36:42.685187,2026-07-09 16:18:42.685187
UNSEEN_CHK_001356,UNSEEN_CUST_00892,8457.97,abandoned,payment_attempt,2026-06-13 22:52:41.906985,2026-06-14 00:14:41.906985
UNSEEN_CHK_001357,UNSEEN_CUST_01859,43593.61,expired,address,2026-07-21 19:22:42.686187,2026-07-21 20:57:42.686187
UNSEEN_CHK_001358,UNSEEN_CUST_01201,31882.02,abandoned,address,2026-07-30 10:32:42.686187,2026-07-30 12:29:42.686187
UNSEEN_CHK_001359,UNSEEN_CUST_01793,30589.22,completed,review,2026-07-13 20:27:42.686187,
UNSEEN_CHK_001360,UNSEEN_CUST_01288,11729.74,completed,review,2026-06-06 01:45:42.686187,
UNSEEN_CHK_001361,UNSEEN_CUST_00904,41593.21,completed,payment_page,2026-07-05 03:32:42.686187,
UNSEEN_CHK_001362,UNSEEN_CUST_01125,41746.17,completed,payment_attempt,2026-08-07 07:42:42.686187,
UNSEEN_CHK_001363,UNSEEN_CUST_00098,20518.6,expired,payment_page,2026-06-04 01:20:42.687187,2026-06-04 01:30:42.687187
UNSEEN_CHK_001364,UNSEEN_CUST_00941,32749.91,abandoned,payment_attempt,2026-07-26 14:01:41.817991,2026-07-26 15:03:41.817991
UNSEEN_CHK_001365,UNSEEN_CUST_00426,7815.91,completed,review,2026-08-05 10:22:42.688187,
UNSEEN_CHK_001366,UNSEEN_CUST_01820,45834.15,completed,payment_page,2026-08-02 15:20:42.688187,
UNSEEN_CHK_001367,UNSEEN_CUST_00392,19814.72,expired,review,2026-08-10 14:50:42.688187,2026-08-10 16:18:42.688187
UNSEEN_CHK_001368,UNSEEN_CUST_01100,37961.83,abandoned,payment_attempt,2026-08-16 03:29:42.688187,2026-08-16 04:29:42.688187
UNSEEN_CHK_001369,UNSEEN_CUST_01500,15420.79,abandoned,payment_attempt,2026-07-13 02:05:42.688187,2026-07-13 02:52:42.688187
UNSEEN_CHK_001370,UNSEEN_CUST_00797,17314.11,abandoned,payment_attempt,2026-06-22 13:45:42.688187,2026-06-22 13:53:42.688187
UNSEEN_CHK_001371,UNSEEN_CUST_01104,13731.93,expired,payment_page,2026-06-18 23:38:42.688187,2026-06-19 00:04:42.688187
UNSEEN_CHK_001372,UNSEEN_CUST_01184,21387.5,completed,payment_attempt,2026-07-21 19:43:42.688187,
UNSEEN_CHK_001373,UNSEEN_CUST_01337,35272.19,abandoned,address,2026-08-24 19:03:42.688187,2026-08-24 21:00:42.688187
UNSEEN_CHK_001374,UNSEEN_CUST_00247,43205.36,completed,payment_page,2026-06-16 12:50:42.688187,
UNSEEN_CHK_001375,UNSEEN_CUST_01628,37983.35,abandoned,payment_page,2026-07-30 10:53:42.688187,2026-07-30 11:12:42.688187
UNSEEN_CHK_001376,UNSEEN_CUST_00048,37018.57,abandoned,payment_attempt,2026-06-14 19:01:42.688187,2026-06-14 20:54:42.688187
UNSEEN_CHK_001377,UNSEEN_CUST_00780,11079.36,completed,address,2026-06-08 01:11:42.688187,
UNSEEN_CHK_001378,UNSEEN_CUST_01547,80210.55,expired,payment_page,2026-06-01 01:19:42.688187,2026-06-01 02:43:42.688187
UNSEEN_CHK_001379,UNSEEN_CUST_00539,12025.11,abandoned,payment_page,2026-06-06 17:04:41.818991,2026-06-06 18:57:41.818991
UNSEEN_CHK_001380,UNSEEN_CUST_01885,26644.02,abandoned,address,2026-08-14 02:09:42.689187,2026-08-14 03:58:42.689187
UNSEEN_CHK_001381,UNSEEN_CUST_01641,25834.45,completed,payment_page,2026-08-21 03:45:42.689187,
UNSEEN_CHK_001382,UNSEEN_CUST_00230,7554.17,expired,payment_attempt,2026-07-03 11:34:42.689187,2026-07-03 12:06:42.689187
UNSEEN_CHK_001383,UNSEEN_CUST_01441,5581.93,expired,payment_attempt,2026-06-18 01:01:42.689187,2026-06-18 02:37:42.689187
UNSEEN_CHK_001384,UNSEEN_CUST_01957,82932.7,abandoned,review,2026-08-18 23:22:42.690187,2026-08-19 00:18:42.690187
UNSEEN_CHK_001385,UNSEEN_CUST_00667,13043.79,abandoned,payment_attempt,2026-07-09 00:11:41.932990,2026-07-09 00:39:41.932990
UNSEEN_CHK_001386,UNSEEN_CUST_01283,46905.6,abandoned,review,2026-06-21 00:04:42.690187,2026-06-21 00:55:42.690187
UNSEEN_CHK_001387,UNSEEN_CUST_00600,7747.17,completed,payment_attempt,2026-07-12 03:48:42.691187,
UNSEEN_CHK_001388,UNSEEN_CUST_01113,59018.81,completed,review,2026-08-26 07:07:42.691187,
UNSEEN_CHK_001389,UNSEEN_CUST_01346,18185.46,completed,review,2026-07-15 16:57:42.691187,
UNSEEN_CHK_001390,UNSEEN_CUST_00730,28512.03,abandoned,address,2026-08-02 13:25:42.691187,2026-08-02 15:10:42.691187
UNSEEN_CHK_001391,UNSEEN_CUST_01552,24949.21,completed,payment_page,2026-06-20 21:23:42.691187,
UNSEEN_CHK_001392,UNSEEN_CUST_00856,21830.4,abandoned,payment_page,2026-06-13 07:26:42.020071,2026-06-13 08:50:42.020071
UNSEEN_CHK_001393,UNSEEN_CUST_01295,38133.51,expired,payment_page,2026-08-21 07:16:42.692187,2026-08-21 07:49:42.692187
UNSEEN_CHK_001394,UNSEEN_CUST_00950,4771.76,completed,payment_page,2026-07-17 16:28:42.692187,
UNSEEN_CHK_001395,UNSEEN_CUST_01602,31039.27,completed,review,2026-07-18 07:03:42.692187,
UNSEEN_CHK_001396,UNSEEN_CUST_01137,7888.45,completed,payment_page,2026-07-03 21:28:42.692187,
UNSEEN_CHK_001397,UNSEEN_CUST_00058,46344.99,abandoned,address,2026-06-18 15:49:42.692187,2026-06-18 16:58:42.692187
UNSEEN_CHK_001398,UNSEEN_CUST_00528,13832.55,abandoned,address,2026-07-16 07:09:42.692187,2026-07-16 08:00:42.692187
UNSEEN_CHK_001399,UNSEEN_CUST_00272,4474.1,abandoned,review,2026-07-25 14:12:42.692187,2026-07-25 14:54:42.692187
UNSEEN_CHK_001400,UNSEEN_CUST_00151,43669.43,abandoned,payment_page,2026-07-04 22:58:41.865990,2026-07-04 23:52:41.865990
UNSEEN_CHK_001401,UNSEEN_CUST_00726,47085.75,abandoned,review,2026-08-16 03:03:42.693187,2026-08-16 04:08:42.693187
UNSEEN_CHK_001402,UNSEEN_CUST_00702,17894.97,completed,address,2026-07-23 22:09:42.693187,
UNSEEN_CHK_001403,UNSEEN_CUST_00244,2113.48,completed,address,2026-07-13 03:34:42.693187,
UNSEEN_CHK_001404,UNSEEN_CUST_01330,41438.72,completed,payment_attempt,2026-08-25 10:18:42.693187,
UNSEEN_CHK_001405,UNSEEN_CUST_01350,13344.46,completed,address,2026-07-19 02:28:42.693187,
UNSEEN_CHK_001406,UNSEEN_CUST_00813,38307.3,completed,address,2026-08-02 11:02:42.693187,
UNSEEN_CHK_001407,UNSEEN_CUST_00019,30621.87,expired,payment_attempt,2026-06-27 08:39:42.693187,2026-06-27 09:27:42.693187
UNSEEN_CHK_001408,UNSEEN_CUST_00240,24180.56,completed,review,2026-07-27 10:29:42.694187,
UNSEEN_CHK_001409,UNSEEN_CUST_00468,6737.91,expired,payment_page,2026-07-31 17:29:42.694187,2026-07-31 19:13:42.694187
UNSEEN_CHK_001410,UNSEEN_CUST_00878,7205.35,completed,address,2026-08-17 04:24:42.694187,
UNSEEN_CHK_001411,UNSEEN_CUST_00067,16418.22,completed,address,2026-07-10 02:05:42.694187,
UNSEEN_CHK_001412,UNSEEN_CUST_00216,37226.99,abandoned,payment_page,2026-07-10 08:30:42.694187,2026-07-10 09:40:42.694187
UNSEEN_CHK_001413,UNSEEN_CUST_00103,44646.55,abandoned,payment_attempt,2026-07-21 06:56:42.694187,2026-07-21 08:28:42.694187
UNSEEN_CHK_001414,UNSEEN_CUST_00749,7052.0,abandoned,payment_page,2026-08-22 17:40:42.694187,2026-08-22 19:14:42.694187
UNSEEN_CHK_001415,UNSEEN_CUST_00219,24417.07,abandoned,payment_page,2026-08-17 01:25:42.059075,2026-08-17 01:35:42.059075
UNSEEN_CHK_001416,UNSEEN_CUST_01859,42356.65,abandoned,payment_attempt,2026-08-24 08:23:42.695187,2026-08-24 09:38:42.695187
UNSEEN_CHK_001417,UNSEEN_CUST_00444,4803.07,completed,review,2026-08-14 07:31:42.695187,
UNSEEN_CHK_001418,UNSEEN_CUST_01759,14093.98,abandoned,payment_attempt,2026-06-07 22:51:42.130071,2026-06-07 23:51:42.130071
UNSEEN_CHK_001419,UNSEEN_CUST_01997,38551.9,abandoned,payment_attempt,2026-07-10 08:57:42.696187,2026-07-10 09:59:42.696187
UNSEEN_CHK_001420,UNSEEN_CUST_01268,30642.39,completed,payment_page,2026-06-08 02:15:42.696187,
UNSEEN_CHK_001421,UNSEEN_CUST_00513,27266.64,completed,payment_attempt,2026-06-02 20:55:42.696187,
UNSEEN_CHK_001422,UNSEEN_CUST_00101,13683.19,abandoned,payment_page,2026-08-20 07:09:42.696187,2026-08-20 08:20:42.696187
UNSEEN_CHK_001423,UNSEEN_CUST_01697,39311.04,abandoned,payment_attempt,2026-08-08 05:18:42.696187,2026-08-08 06:00:42.696187
UNSEEN_CHK_001424,UNSEEN_CUST_00336,80399.28,completed,payment_page,2026-06-15 15:05:42.696187,
UNSEEN_CHK_001425,UNSEEN_CUST_00558,2266.26,completed,address,2026-08-02 01:48:42.696187,
UNSEEN_CHK_001426,UNSEEN_CUST_00046,48688.38,completed,payment_attempt,2026-08-02 12:38:42.696187,
UNSEEN_CHK_001427,UNSEEN_CUST_01251,67383.08,abandoned,payment_page,2026-08-24 02:19:42.696187,2026-08-24 02:25:42.696187
UNSEEN_CHK_001428,UNSEEN_CUST_01110,35186.86,expired,payment_page,2026-08-16 11:30:42.696187,2026-08-16 12:52:42.696187
UNSEEN_CHK_001429,UNSEEN_CUST_01963,13524.39,abandoned,payment_page,2026-08-15 19:23:41.805579,2026-08-15 19:48:41.805579
UNSEEN_CHK_001430,UNSEEN_CUST_00724,27305.93,abandoned,payment_page,2026-07-12 22:00:42.697187,2026-07-12 22:31:42.697187
UNSEEN_CHK_001431,UNSEEN_CUST_01483,15754.66,completed,payment_attempt,2026-06-01 07:27:42.697187,
UNSEEN_CHK_001432,UNSEEN_CUST_00063,39806.66,completed,payment_page,2026-07-08 01:51:42.697187,
UNSEEN_CHK_001433,UNSEEN_CUST_00655,14797.31,completed,payment_attempt,2026-05-28 00:39:42.698187,
UNSEEN_CHK_001434,UNSEEN_CUST_01051,2431.18,expired,address,2026-07-26 15:37:42.698187,2026-07-26 16:20:42.698187
UNSEEN_CHK_001435,UNSEEN_CUST_01838,2479.21,expired,payment_page,2026-07-09 02:03:42.698187,2026-07-09 03:34:42.698187
UNSEEN_CHK_001436,UNSEEN_CUST_01472,42356.66,completed,review,2026-06-22 23:53:42.698187,
UNSEEN_CHK_001437,UNSEEN_CUST_00873,19090.52,completed,payment_attempt,2026-06-06 22:54:42.698187,
UNSEEN_CHK_001438,UNSEEN_CUST_00580,18178.38,completed,review,2026-07-17 14:40:42.698187,
UNSEEN_CHK_001439,UNSEEN_CUST_01320,21002.22,completed,payment_attempt,2026-08-08 09:31:42.698187,
UNSEEN_CHK_001440,UNSEEN_CUST_01038,32178.24,abandoned,payment_page,2026-06-23 01:51:42.698187,2026-06-23 02:45:42.698187
UNSEEN_CHK_001441,UNSEEN_CUST_01826,12023.46,abandoned,payment_page,2026-06-12 11:38:42.698187,2026-06-12 13:02:42.698187
UNSEEN_CHK_001442,UNSEEN_CUST_01787,96270.01,abandoned,payment_attempt,2026-06-30 05:39:42.030078,2026-06-30 06:24:42.030078
UNSEEN_CHK_001443,UNSEEN_CUST_01421,16762.61,completed,payment_attempt,2026-06-02 16:00:42.699187,
UNSEEN_CHK_001444,UNSEEN_CUST_01696,25208.65,completed,payment_page,2026-06-18 15:16:42.699187,
UNSEEN_CHK_001445,UNSEEN_CUST_00916,11119.78,completed,address,2026-08-20 10:37:42.699187,
UNSEEN_CHK_001446,UNSEEN_CUST_01197,9196.21,abandoned,review,2026-07-03 20:22:42.699187,2026-07-03 20:50:42.699187
UNSEEN_CHK_001447,UNSEEN_CUST_00742,46182.7,completed,payment_page,2026-07-19 21:54:42.699187,
UNSEEN_CHK_001448,UNSEEN_CUST_00552,15853.82,completed,payment_page,2026-07-22 19:19:42.699187,
UNSEEN_CHK_001449,UNSEEN_CUST_00052,39245.46,abandoned,payment_attempt,2026-06-22 09:02:42.699187,2026-06-22 10:23:42.699187
UNSEEN_CHK_001450,UNSEEN_CUST_00499,10041.07,expired,address,2026-06-14 14:31:42.699187,2026-06-14 16:17:42.699187
UNSEEN_CHK_001451,UNSEEN_CUST_00107,18479.65,abandoned,review,2026-08-25 11:49:42.699187,2026-08-25 13:32:42.699187
UNSEEN_CHK_001452,UNSEEN_CUST_01124,34907.54,expired,payment_attempt,2026-07-06 02:06:42.699187,2026-07-06 02:18:42.699187
UNSEEN_CHK_001453,UNSEEN_CUST_01912,21084.16,abandoned,payment_attempt,2026-07-25 00:50:42.700187,2026-07-25 02:19:42.700187
UNSEEN_CHK_001454,UNSEEN_CUST_01823,20114.19,abandoned,review,2026-08-06 20:41:42.700187,2026-08-06 21:17:42.700187
UNSEEN_CHK_001455,UNSEEN_CUST_01709,76132.57,abandoned,address,2026-06-02 14:11:42.700187,2026-06-02 16:09:42.700187
UNSEEN_CHK_001456,UNSEEN_CUST_01695,13330.45,abandoned,payment_attempt,2026-05-31 06:52:41.854479,2026-05-31 07:17:41.854479
UNSEEN_CHK_001457,UNSEEN_CUST_00313,43385.52,abandoned,payment_attempt,2026-06-20 12:56:41.842479,2026-06-20 14:05:41.842479
UNSEEN_CHK_001458,UNSEEN_CUST_01097,20629.95,completed,payment_attempt,2026-08-18 12:00:42.702187,
UNSEEN_CHK_001459,UNSEEN_CUST_01543,30299.59,abandoned,address,2026-07-25 18:26:42.702187,2026-07-25 19:04:42.702187
UNSEEN_CHK_001460,UNSEEN_CUST_01396,40396.24,abandoned,payment_page,2026-07-24 13:53:42.109079,2026-07-24 14:38:42.109079
UNSEEN_CHK_001461,UNSEEN_CUST_01454,35215.69,completed,review,2026-07-06 22:21:42.703187,
UNSEEN_CHK_001462,UNSEEN_CUST_01248,22315.85,completed,review,2026-08-23 04:19:42.703187,
UNSEEN_CHK_001463,UNSEEN_CUST_01747,33828.26,abandoned,payment_page,2026-06-15 13:38:41.950990,2026-06-15 13:58:41.950990
UNSEEN_CHK_001464,UNSEEN_CUST_00822,47820.44,completed,address,2026-06-06 18:17:42.704187,
UNSEEN_CHK_001465,UNSEEN_CUST_01216,30829.05,abandoned,payment_page,2026-06-09 01:37:42.074070,2026-06-09 03:01:42.074070
UNSEEN_CHK_001466,UNSEEN_CUST_01599,54526.13,expired,review,2026-06-10 15:39:42.705187,2026-06-10 16:58:42.705187
UNSEEN_CHK_001467,UNSEEN_CUST_01042,39004.67,abandoned,payment_attempt,2026-07-13 03:56:42.705187,2026-07-13 04:53:42.705187
UNSEEN_CHK_001468,UNSEEN_CUST_00673,21863.66,expired,review,2026-06-04 07:14:42.705187,2026-06-04 08:39:42.705187
UNSEEN_CHK_001469,UNSEEN_CUST_00599,1039.9,completed,payment_page,2026-08-13 12:43:42.705187,
UNSEEN_CHK_001470,UNSEEN_CUST_01811,11818.39,completed,address,2026-06-16 21:17:42.705187,
UNSEEN_CHK_001471,UNSEEN_CUST_00548,16897.92,abandoned,review,2026-06-27 07:15:42.705187,2026-06-27 09:13:42.705187
UNSEEN_CHK_001472,UNSEEN_CUST_01644,85117.09,abandoned,payment_page,2026-08-05 23:12:42.705187,2026-08-06 00:00:42.705187
UNSEEN_CHK_001473,UNSEEN_CUST_01939,26730.15,completed,review,2026-06-30 17:59:42.705187,
UNSEEN_CHK_001474,UNSEEN_CUST_01928,42160.83,expired,address,2026-07-28 09:12:42.705187,2026-07-28 09:41:42.705187
UNSEEN_CHK_001475,UNSEEN_CUST_00026,62634.09,completed,review,2026-05-30 00:55:42.705187,
UNSEEN_CHK_001476,UNSEEN_CUST_00439,40532.68,completed,address,2026-06-17 10:45:42.705187,
UNSEEN_CHK_001477,UNSEEN_CUST_00077,35493.15,completed,address,2026-08-21 15:26:42.705187,
UNSEEN_CHK_001478,UNSEEN_CUST_01221,64550.16,completed,payment_attempt,2026-08-24 17:10:42.705187,
UNSEEN_CHK_001479,UNSEEN_CUST_01140,44622.89,abandoned,payment_attempt,2026-08-07 07:46:41.848479,2026-08-07 08:14:41.848479
UNSEEN_CHK_001480,UNSEEN_CUST_01755,526.21,completed,address,2026-06-11 08:36:42.706187,
UNSEEN_CHK_001481,UNSEEN_CUST_00080,84202.58,completed,payment_page,2026-08-20 21:28:42.706187,
UNSEEN_CHK_001482,UNSEEN_CUST_01528,28687.68,completed,review,2026-06-17 19:31:42.706187,
UNSEEN_CHK_001483,UNSEEN_CUST_00396,12247.76,completed,address,2026-07-25 00:01:42.706187,
UNSEEN_CHK_001484,UNSEEN_CUST_00843,6980.01,expired,payment_attempt,2026-08-18 02:51:42.707187,2026-08-18 03:55:42.707187
UNSEEN_CHK_001485,UNSEEN_CUST_01924,5297.98,abandoned,address,2026-07-29 12:33:42.707187,2026-07-29 13:09:42.707187
UNSEEN_CHK_001486,UNSEEN_CUST_00352,26160.49,completed,payment_attempt,2026-06-13 22:05:42.707187,
UNSEEN_CHK_001487,UNSEEN_CUST_00903,8727.01,completed,payment_attempt,2026-07-16 03:15:42.707187,
UNSEEN_CHK_001488,UNSEEN_CUST_00361,11427.77,abandoned,address,2026-06-06 02:26:42.707187,2026-06-06 04:03:42.707187
UNSEEN_CHK_001489,UNSEEN_CUST_00194,4913.42,completed,address,2026-08-16 12:57:42.707187,
UNSEEN_CHK_001490,UNSEEN_CUST_00405,75356.46,completed,payment_page,2026-06-13 18:46:42.707187,
UNSEEN_CHK_001491,UNSEEN_CUST_00607,36938.75,completed,payment_page,2026-08-05 23:26:42.707187,
UNSEEN_CHK_001492,UNSEEN_CUST_00655,39469.36,completed,review,2026-06-17 14:42:42.707187,
UNSEEN_CHK_001493,UNSEEN_CUST_00096,24749.27,abandoned,payment_attempt,2026-06-13 06:55:42.707187,2026-06-13 08:14:42.707187
UNSEEN_CHK_001494,UNSEEN_CUST_01818,11125.18,completed,review,2026-06-19 04:42:42.707187,
UNSEEN_CHK_001495,UNSEEN_CUST_01137,31391.45,abandoned,review,2026-07-15 03:24:42.707187,2026-07-15 03:26:42.707187
UNSEEN_CHK_001496,UNSEEN_CUST_00313,23580.93,abandoned,address,2026-07-13 03:02:42.707187,2026-07-13 03:32:42.707187
UNSEEN_CHK_001497,UNSEEN_CUST_00851,18432.42,abandoned,payment_attempt,2026-06-23 05:30:41.868990,2026-06-23 06:50:41.868990
UNSEEN_CHK_001498,UNSEEN_CUST_01606,24302.66,abandoned,payment_page,2026-07-04 15:10:42.708187,2026-07-04 15:37:42.708187
UNSEEN_CHK_001499,UNSEEN_CUST_00937,14447.0,abandoned,payment_page,2026-08-14 11:11:41.935989,2026-08-14 13:01:41.935989
UNSEEN_CHK_001500,UNSEEN_CUST_01877,30882.61,expired,payment_page,2026-08-23 03:31:42.709187,2026-08-23 05:11:42.709187
UNSEEN_CHK_001501,UNSEEN_CUST_00060,15447.21,abandoned,payment_page,2026-08-15 17:25:42.027025,2026-08-15 18:38:42.027025
UNSEEN_CHK_001502,UNSEEN_CUST_01955,12978.43,abandoned,payment_attempt,2026-08-16 12:05:42.004073,2026-08-16 12:25:42.004073
UNSEEN_CHK_001503,UNSEEN_CUST_01300,32004.4,abandoned,address,2026-07-02 13:09:42.711187,2026-07-02 13:22:42.711187
UNSEEN_CHK_001504,UNSEEN_CUST_00808,48568.72,completed,payment_page,2026-06-13 04:53:42.711187,
UNSEEN_CHK_001505,UNSEEN_CUST_00946,14842.25,completed,payment_page,2026-07-07 17:20:42.711187,
UNSEEN_CHK_001506,UNSEEN_CUST_01523,35630.79,abandoned,payment_page,2026-08-22 05:02:42.711187,2026-08-22 06:13:42.711187
UNSEEN_CHK_001507,UNSEEN_CUST_00740,35807.18,completed,address,2026-07-11 17:20:42.711187,
UNSEEN_CHK_001508,UNSEEN_CUST_00920,2592.46,completed,payment_attempt,2026-07-26 04:32:42.711187,
UNSEEN_CHK_001509,UNSEEN_CUST_00675,41485.56,abandoned,payment_attempt,2026-06-14 00:47:42.711187,2026-06-14 01:58:42.711187
UNSEEN_CHK_001510,UNSEEN_CUST_00473,7402.75,abandoned,payment_attempt,2026-06-15 23:34:41.971990,2026-06-16 00:19:41.971990
UNSEEN_CHK_001511,UNSEEN_CUST_00248,2407.86,completed,review,2026-07-29 20:44:42.712187,
UNSEEN_CHK_001512,UNSEEN_CUST_01515,19683.03,abandoned,payment_attempt,2026-06-22 23:53:41.953986,2026-06-23 00:15:41.953986
UNSEEN_CHK_001513,UNSEEN_CUST_01002,8673.47,completed,address,2026-07-14 04:14:42.713187,
UNSEEN_CHK_001514,UNSEEN_CUST_00353,25465.64,completed,address,2026-07-21 19:50:42.713187,
UNSEEN_CHK_001515,UNSEEN_CUST_00383,85987.54,completed,payment_attempt,2026-06-28 09:30:42.713187,
UNSEEN_CHK_001516,UNSEEN_CUST_01057,46268.07,completed,payment_page,2026-07-18 19:07:42.713187,
UNSEEN_CHK_001517,UNSEEN_CUST_01150,28243.95,completed,payment_attempt,2026-06-07 03:45:42.714187,
UNSEEN_CHK_001518,UNSEEN_CUST_01589,37259.8,completed,address,2026-08-18 15:31:42.714187,
UNSEEN_CHK_001519,UNSEEN_CUST_01708,43638.33,completed,payment_page,2026-06-19 22:03:42.714187,
UNSEEN_CHK_001520,UNSEEN_CUST_01205,13524.77,abandoned,payment_attempt,2026-07-04 21:44:42.714187,2026-07-04 22:47:42.714187
UNSEEN_CHK_001521,UNSEEN_CUST_00601,11320.36,abandoned,review,2026-07-25 10:35:42.714187,2026-07-25 10:51:42.714187
UNSEEN_CHK_001522,UNSEEN_CUST_00278,16198.33,completed,review,2026-08-05 22:04:42.714187,
UNSEEN_CHK_001523,UNSEEN_CUST_00151,45106.86,abandoned,payment_attempt,2026-07-04 19:54:41.865990,2026-07-04 19:58:41.865990
UNSEEN_CHK_001524,UNSEEN_CUST_00601,14801.61,completed,payment_page,2026-07-18 03:27:42.715187,
UNSEEN_CHK_001525,UNSEEN_CUST_00836,7033.16,abandoned,payment_attempt,2026-06-28 19:40:42.043078,2026-06-28 20:13:42.043078
UNSEEN_CHK_001526,UNSEEN_CUST_01856,7427.4,completed,address,2026-07-23 15:56:42.716187,
UNSEEN_CHK_001527,UNSEEN_CUST_01629,16384.15,abandoned,payment_attempt,2026-06-21 13:40:42.057072,2026-06-21 15:27:42.057072
UNSEEN_CHK_001528,UNSEEN_CUST_01453,23557.62,completed,payment_attempt,2026-06-10 05:02:42.717187,
UNSEEN_CHK_001529,UNSEEN_CUST_00472,35048.44,abandoned,payment_attempt,2026-06-06 00:01:41.843482,2026-06-06 00:40:41.843482
UNSEEN_CHK_001530,UNSEEN_CUST_00816,21642.62,completed,payment_page,2026-08-25 23:02:42.718187,
UNSEEN_CHK_001531,UNSEEN_CUST_01818,46177.82,abandoned,review,2026-06-11 23:11:42.718187,2026-06-12 00:23:42.718187
UNSEEN_CHK_001532,UNSEEN_CUST_00430,24544.03,abandoned,payment_attempt,2026-06-23 16:01:41.875985,2026-06-23 17:41:41.875985
UNSEEN_CHK_001533,UNSEEN_CUST_01551,5297.68,completed,address,2026-07-07 18:03:42.718810,
UNSEEN_CHK_001534,UNSEEN_CUST_01777,84386.7,completed,payment_page,2026-07-05 04:15:42.718810,
UNSEEN_CHK_001535,UNSEEN_CUST_00342,7799.83,abandoned,address,2026-06-09 15:04:42.718810,2026-06-09 15:31:42.718810
UNSEEN_CHK_001536,UNSEEN_CUST_01921,51120.51,abandoned,payment_attempt,2026-07-15 21:07:42.044069,2026-07-15 22:47:42.044069
UNSEEN_CHK_001537,UNSEEN_CUST_00853,45719.52,completed,review,2026-07-12 10:10:42.719815,
UNSEEN_CHK_001538,UNSEEN_CUST_01789,30677.3,completed,payment_page,2026-08-06 06:35:42.719815,
UNSEEN_CHK_001539,UNSEEN_CUST_00467,24816.3,expired,payment_attempt,2026-06-08 22:02:42.720814,2026-06-08 23:54:42.720814
UNSEEN_CHK_001540,UNSEEN_CUST_00541,42401.76,completed,review,2026-08-15 11:09:42.720814,
UNSEEN_CHK_001541,UNSEEN_CUST_00199,19280.54,abandoned,payment_page,2026-08-23 19:17:41.929989,2026-08-23 20:48:41.929989
UNSEEN_CHK_001542,UNSEEN_CUST_01803,51216.31,abandoned,payment_page,2026-08-16 13:26:41.967990,2026-08-16 14:05:41.967990
UNSEEN_CHK_001543,UNSEEN_CUST_00057,47108.99,abandoned,address,2026-08-09 04:22:42.721814,2026-08-09 04:53:42.721814
UNSEEN_CHK_001544,UNSEEN_CUST_00644,44108.5,completed,address,2026-06-02 01:42:42.722814,
UNSEEN_CHK_001545,UNSEEN_CUST_00470,40815.45,completed,payment_attempt,2026-07-12 18:49:42.722814,
UNSEEN_CHK_001546,UNSEEN_CUST_00613,15409.2,completed,review,2026-08-01 02:10:42.722814,
UNSEEN_CHK_001547,UNSEEN_CUST_01684,27148.5,abandoned,payment_page,2026-07-19 16:19:42.064990,2026-07-19 17:14:42.064990
UNSEEN_CHK_001548,UNSEEN_CUST_01541,9193.61,expired,address,2026-06-15 10:12:42.723814,2026-06-15 11:24:42.723814
UNSEEN_CHK_001549,UNSEEN_CUST_01738,10388.63,abandoned,payment_attempt,2026-06-02 04:00:42.723814,2026-06-02 04:39:42.723814
UNSEEN_CHK_001550,UNSEEN_CUST_00185,7515.44,completed,payment_attempt,2026-08-22 06:31:42.723814,
UNSEEN_CHK_001551,UNSEEN_CUST_01562,73051.73,abandoned,review,2026-07-19 23:28:42.723814,2026-07-20 00:53:42.723814
UNSEEN_CHK_001552,UNSEEN_CUST_01011,53765.3,completed,payment_page,2026-06-12 03:56:42.723814,
UNSEEN_CHK_001553,UNSEEN_CUST_01820,44824.16,completed,payment_attempt,2026-07-06 20:53:42.723814,
UNSEEN_CHK_001554,UNSEEN_CUST_01651,3611.03,completed,review,2026-06-19 05:28:42.723814,
UNSEEN_CHK_001555,UNSEEN_CUST_00283,22529.27,completed,payment_page,2026-06-09 02:59:42.723814,
UNSEEN_CHK_001556,UNSEEN_CUST_00737,49389.61,completed,payment_attempt,2026-07-27 16:54:42.723814,
UNSEEN_CHK_001557,UNSEEN_CUST_01158,5922.54,abandoned,review,2026-06-12 04:12:42.723814,2026-06-12 05:47:42.723814
UNSEEN_CHK_001558,UNSEEN_CUST_01192,9350.89,abandoned,payment_page,2026-07-14 21:37:42.723814,2026-07-14 22:43:42.723814
UNSEEN_CHK_001559,UNSEEN_CUST_01623,44741.33,completed,payment_page,2026-08-13 04:58:42.723814,
UNSEEN_CHK_001560,UNSEEN_CUST_00334,9583.7,abandoned,review,2026-08-25 07:28:42.723814,2026-08-25 07:54:42.723814
UNSEEN_CHK_001561,UNSEEN_CUST_01626,10152.11,completed,payment_page,2026-07-28 06:47:42.723814,
UNSEEN_CHK_001562,UNSEEN_CUST_00714,8485.84,completed,address,2026-08-14 13:25:42.723814,
UNSEEN_CHK_001563,UNSEEN_CUST_00811,19658.82,completed,review,2026-08-23 23:44:42.723814,
UNSEEN_CHK_001564,UNSEEN_CUST_01032,17581.38,abandoned,payment_attempt,2026-06-17 23:03:41.866990,2026-06-17 23:55:41.866990
UNSEEN_CHK_001565,UNSEEN_CUST_01624,34382.39,abandoned,review,2026-08-16 13:06:42.724814,2026-08-16 14:59:42.724814
UNSEEN_CHK_001566,UNSEEN_CUST_01959,27420.86,abandoned,review,2026-07-11 22:55:42.725814,2026-07-12 00:32:42.725814
UNSEEN_CHK_001567,UNSEEN_CUST_00670,23749.75,abandoned,payment_attempt,2026-06-13 09:35:42.009986,2026-06-13 11:05:42.009986
UNSEEN_CHK_001568,UNSEEN_CUST_01800,9835.38,abandoned,address,2026-07-20 06:08:42.725814,2026-07-20 06:35:42.725814
UNSEEN_CHK_001569,UNSEEN_CUST_01974,30259.44,abandoned,payment_attempt,2026-05-28 01:49:42.068066,2026-05-28 03:34:42.068066
UNSEEN_CHK_001570,UNSEEN_CUST_01302,14426.72,expired,payment_page,2026-06-20 23:00:42.726814,2026-06-21 00:56:42.726814
UNSEEN_CHK_001571,UNSEEN_CUST_00560,31134.45,abandoned,payment_attempt,2026-07-09 09:53:42.727814,2026-07-09 11:01:42.727814
UNSEEN_CHK_001572,UNSEEN_CUST_00625,12976.92,completed,address,2026-07-23 02:48:42.727814,
UNSEEN_CHK_001573,UNSEEN_CUST_01575,28188.59,completed,address,2026-06-13 23:38:42.727814,
UNSEEN_CHK_001574,UNSEEN_CUST_01905,8456.59,abandoned,review,2026-08-12 01:55:42.727814,2026-08-12 03:07:42.727814
UNSEEN_CHK_001575,UNSEEN_CUST_01789,6052.48,completed,address,2026-06-21 13:16:42.727814,
UNSEEN_CHK_001576,UNSEEN_CUST_01478,17865.08,completed,payment_page,2026-08-23 19:02:42.727814,
UNSEEN_CHK_001577,UNSEEN_CUST_01969,12788.25,abandoned,review,2026-07-27 23:23:42.727814,2026-07-27 23:54:42.727814
UNSEEN_CHK_001578,UNSEEN_CUST_00937,19888.0,completed,review,2026-08-02 18:28:42.727814,
UNSEEN_CHK_001579,UNSEEN_CUST_01556,4919.25,abandoned,address,2026-06-04 19:58:42.727814,2026-06-04 20:07:42.727814
UNSEEN_CHK_001580,UNSEEN_CUST_01035,43945.98,completed,payment_page,2026-08-01 11:08:42.727814,
UNSEEN_CHK_001581,UNSEEN_CUST_01002,3561.95,abandoned,payment_page,2026-06-17 14:49:42.727814,2026-06-17 14:56:42.727814
UNSEEN_CHK_001582,UNSEEN_CUST_01568,41633.69,abandoned,address,2026-06-11 01:39:42.727814,2026-06-11 01:49:42.727814
UNSEEN_CHK_001583,UNSEEN_CUST_00151,30691.45,completed,review,2026-07-14 18:06:42.727814,
UNSEEN_CHK_001584,UNSEEN_CUST_01570,31102.02,abandoned,address,2026-07-12 22:16:42.727814,2026-07-12 23:23:42.727814
UNSEEN_CHK_001585,UNSEEN_CUST_00862,16328.45,abandoned,review,2026-07-05 22:06:42.727814,2026-07-05 22:32:42.727814
UNSEEN_CHK_001586,UNSEEN_CUST_00959,70673.52,completed,payment_attempt,2026-08-07 13:31:42.727814,
UNSEEN_CHK_001587,UNSEEN_CUST_00930,49065.44,completed,payment_attempt,2026-07-31 19:41:42.727814,
UNSEEN_CHK_001588,UNSEEN_CUST_00471,20360.69,abandoned,payment_attempt,2026-07-11 16:44:41.885985,2026-07-11 18:09:41.885985
UNSEEN_CHK_001589,UNSEEN_CUST_01914,32795.73,completed,payment_page,2026-07-20 16:41:42.728813,
UNSEEN_CHK_001590,UNSEEN_CUST_01231,6386.13,completed,review,2026-08-09 02:17:42.728813,
UNSEEN_CHK_001591,UNSEEN_CUST_00183,29002.89,completed,payment_attempt,2026-08-09 06:28:42.729814,
UNSEEN_CHK_001592,UNSEEN_CUST_00004,28269.93,completed,payment_page,2026-08-07 10:11:42.729814,
UNSEEN_CHK_001593,UNSEEN_CUST_00027,11839.54,completed,payment_page,2026-07-24 11:58:42.729814,
UNSEEN_CHK_001594,UNSEEN_CUST_00513,40991.68,abandoned,payment_page,2026-07-10 04:55:41.809992,2026-07-10 05:28:41.809992
UNSEEN_CHK_001595,UNSEEN_CUST_01241,36361.88,completed,payment_attempt,2026-06-23 19:38:42.730814,
UNSEEN_CHK_001596,UNSEEN_CUST_01416,39262.98,completed,payment_page,2026-07-09 19:03:42.730814,
UNSEEN_CHK_001597,UNSEEN_CUST_00361,18819.9,completed,payment_page,2026-07-06 07:50:42.730814,
UNSEEN_CHK_001598,UNSEEN_CUST_01039,10969.99,abandoned,payment_attempt,2026-07-26 06:56:42.103066,2026-07-26 06:59:42.103066
UNSEEN_CHK_001599,UNSEEN_CUST_01866,22023.72,abandoned,payment_page,2026-07-25 18:23:41.906985,2026-07-25 18:41:41.906985
UNSEEN_CHK_001600,UNSEEN_CUST_01186,39555.85,completed,payment_attempt,2026-06-16 21:33:42.732814,
UNSEEN_CHK_001601,UNSEEN_CUST_00123,7483.65,completed,payment_page,2026-05-29 09:14:42.732814,
UNSEEN_CHK_001602,UNSEEN_CUST_01295,26842.55,completed,review,2026-06-03 21:46:42.732814,
UNSEEN_CHK_001603,UNSEEN_CUST_01215,32319.26,abandoned,payment_attempt,2026-06-06 08:58:42.113071,2026-06-06 10:04:42.113071
UNSEEN_CHK_001604,UNSEEN_CUST_01589,43516.41,abandoned,payment_attempt,2026-06-23 22:02:42.124067,2026-06-23 22:24:42.124067
UNSEEN_CHK_001605,UNSEEN_CUST_01758,9498.96,abandoned,payment_page,2026-06-11 06:37:42.734814,2026-06-11 07:31:42.734814
UNSEEN_CHK_001606,UNSEEN_CUST_01884,17134.05,abandoned,payment_page,2026-08-16 09:22:42.734814,2026-08-16 09:24:42.734814
UNSEEN_CHK_001607,UNSEEN_CUST_00102,47647.72,completed,review,2026-08-21 04:41:42.734814,
UNSEEN_CHK_001608,UNSEEN_CUST_01838,31770.48,completed,address,2026-08-05 11:00:42.734814,
UNSEEN_CHK_001609,UNSEEN_CUST_01987,67403.87,abandoned,payment_attempt,2026-08-08 09:58:42.734814,2026-08-08 10:38:42.734814
UNSEEN_CHK_001610,UNSEEN_CUST_01950,44171.78,abandoned,review,2026-07-23 20:59:42.734814,2026-07-23 21:17:42.734814
UNSEEN_CHK_001611,UNSEEN_CUST_00576,34071.8,abandoned,review,2026-08-02 10:29:42.734814,2026-08-02 12:13:42.734814
UNSEEN_CHK_001612,UNSEEN_CUST_00854,4195.9,completed,review,2026-07-20 05:07:42.734814,
UNSEEN_CHK_001613,UNSEEN_CUST_00303,36875.89,completed,address,2026-07-18 07:39:42.734814,
UNSEEN_CHK_001614,UNSEEN_CUST_00622,30741.82,completed,payment_page,2026-06-30 10:12:42.734814,
UNSEEN_CHK_001615,UNSEEN_CUST_00303,11946.34,abandoned,address,2026-08-19 06:17:42.734814,2026-08-19 07:25:42.734814
UNSEEN_CHK_001616,UNSEEN_CUST_00690,39002.6,abandoned,payment_page,2026-06-22 04:58:41.991079,2026-06-22 05:29:41.991079
UNSEEN_CHK_001617,UNSEEN_CUST_00016,5071.27,abandoned,payment_attempt,2026-07-19 06:05:42.024080,2026-07-19 06:31:42.024080
UNSEEN_CHK_001618,UNSEEN_CUST_01833,2086.59,completed,address,2026-06-18 15:24:42.736814,
UNSEEN_CHK_001619,UNSEEN_CUST_00869,7165.92,expired,address,2026-06-30 01:13:42.736814,2026-06-30 02:13:42.736814
UNSEEN_CHK_001620,UNSEEN_CUST_01158,13828.71,completed,payment_page,2026-08-11 11:29:42.736814,
UNSEEN_CHK_001621,UNSEEN_CUST_00509,48603.41,abandoned,payment_page,2026-06-07 07:45:42.736814,2026-06-07 07:59:42.736814
UNSEEN_CHK_001622,UNSEEN_CUST_00774,5861.18,completed,payment_attempt,2026-07-09 11:14:42.736814,
UNSEEN_CHK_001623,UNSEEN_CUST_01630,6734.53,completed,payment_page,2026-06-03 08:32:42.736814,
UNSEEN_CHK_001624,UNSEEN_CUST_00654,25699.53,abandoned,review,2026-07-04 08:57:42.736814,2026-07-04 09:29:42.736814
UNSEEN_CHK_001625,UNSEEN_CUST_01270,27514.33,expired,payment_attempt,2026-08-13 08:55:42.737814,2026-08-13 09:56:42.737814
UNSEEN_CHK_001626,UNSEEN_CUST_01033,9404.75,abandoned,review,2026-06-22 03:26:42.737814,2026-06-22 04:40:42.737814
UNSEEN_CHK_001627,UNSEEN_CUST_00613,19085.96,completed,address,2026-05-31 20:00:42.737814,
UNSEEN_CHK_001628,UNSEEN_CUST_00743,27562.12,abandoned,payment_page,2026-07-02 21:44:42.737814,2026-07-02 23:37:42.737814
UNSEEN_CHK_001629,UNSEEN_CUST_00103,30094.87,abandoned,address,2026-08-13 12:45:42.737814,2026-08-13 13:33:42.737814
UNSEEN_CHK_001630,UNSEEN_CUST_01184,47682.13,completed,address,2026-08-14 16:01:42.737814,
UNSEEN_CHK_001631,UNSEEN_CUST_00740,37636.04,abandoned,address,2026-08-23 06:37:42.737814,2026-08-23 07:05:42.737814
UNSEEN_CHK_001632,UNSEEN_CUST_00041,46125.18,abandoned,address,2026-06-03 15:05:42.737814,2026-06-03 16:19:42.737814
UNSEEN_CHK_001633,UNSEEN_CUST_01378,93683.36,expired,payment_page,2026-05-29 09:17:42.737814,2026-05-29 10:57:42.737814
UNSEEN_CHK_001634,UNSEEN_CUST_01603,2200.33,completed,address,2026-06-01 19:46:42.737814,
UNSEEN_CHK_001635,UNSEEN_CUST_00102,5988.54,abandoned,payment_page,2026-08-08 08:03:41.944990,2026-08-08 08:21:41.944990
UNSEEN_CHK_001636,UNSEEN_CUST_01443,28837.07,abandoned,payment_attempt,2026-06-27 16:17:42.738814,2026-06-27 17:18:42.738814
UNSEEN_CHK_001637,UNSEEN_CUST_00168,28891.68,completed,address,2026-07-15 08:22:42.738814,
UNSEEN_CHK_001638,UNSEEN_CUST_01670,5319.47,abandoned,payment_attempt,2026-07-01 13:47:42.738814,2026-07-01 14:11:42.738814
UNSEEN_CHK_001639,UNSEEN_CUST_00028,48038.16,completed,review,2026-07-27 03:40:42.738814,
UNSEEN_CHK_001640,UNSEEN_CUST_01570,29618.45,abandoned,payment_attempt,2026-08-10 05:04:42.738814,2026-08-10 05:55:42.738814
UNSEEN_CHK_001641,UNSEEN_CUST_00603,37304.71,abandoned,address,2026-08-07 17:14:42.738814,2026-08-07 18:54:42.738814
UNSEEN_CHK_001642,UNSEEN_CUST_01392,21861.4,abandoned,address,2026-05-28 02:45:42.738814,2026-05-28 04:28:42.738814
UNSEEN_CHK_001643,UNSEEN_CUST_00656,30035.91,completed,payment_attempt,2026-06-02 23:23:42.739814,
UNSEEN_CHK_001644,UNSEEN_CUST_01367,14494.94,abandoned,address,2026-07-11 00:22:42.739814,2026-07-11 01:28:42.739814
UNSEEN_CHK_001645,UNSEEN_CUST_00995,12701.58,completed,address,2026-06-04 15:33:42.739814,
UNSEEN_CHK_001646,UNSEEN_CUST_01742,6756.39,completed,payment_attempt,2026-07-16 19:24:42.739814,
UNSEEN_CHK_001647,UNSEEN_CUST_00982,10948.75,abandoned,payment_page,2026-08-06 02:47:42.739814,2026-08-06 03:39:42.739814
UNSEEN_CHK_001648,UNSEEN_CUST_01831,32572.21,completed,review,2026-06-03 08:55:42.739814,
UNSEEN_CHK_001649,UNSEEN_CUST_01274,37474.54,completed,payment_page,2026-08-17 19:00:42.739814,
UNSEEN_CHK_001650,UNSEEN_CUST_01244,9692.73,abandoned,payment_attempt,2026-06-21 18:25:41.828478,2026-06-21 18:56:41.828478
UNSEEN_CHK_001651,UNSEEN_CUST_00679,10449.14,completed,payment_page,2026-07-09 01:49:42.740814,
UNSEEN_CHK_001652,UNSEEN_CUST_00963,2388.28,abandoned,payment_attempt,2026-08-16 21:38:42.075065,2026-08-16 22:55:42.075065
UNSEEN_CHK_001653,UNSEEN_CUST_01999,68150.1,expired,payment_page,2026-07-05 18:43:42.741814,2026-07-05 19:27:42.741814
UNSEEN_CHK_001654,UNSEEN_CUST_01342,5837.48,abandoned,payment_page,2026-07-21 06:18:42.035074,2026-07-21 06:48:42.035074
UNSEEN_CHK_001655,UNSEEN_CUST_01447,35953.11,abandoned,payment_page,2026-07-05 11:59:41.917985,2026-07-05 12:20:41.917985
UNSEEN_CHK_001656,UNSEEN_CUST_00919,4249.57,abandoned,payment_attempt,2026-06-22 21:28:42.743814,2026-06-22 21:52:42.743814
UNSEEN_CHK_001657,UNSEEN_CUST_00330,39733.7,completed,payment_page,2026-07-12 06:30:42.743814,
UNSEEN_CHK_001658,UNSEEN_CUST_00632,49800.79,abandoned,address,2026-07-04 23:31:42.743814,2026-07-05 01:14:42.743814
UNSEEN_CHK_001659,UNSEEN_CUST_01427,1762.46,abandoned,payment_page,2026-08-15 10:01:42.035074,2026-08-15 11:52:42.035074
UNSEEN_CHK_001660,UNSEEN_CUST_00537,22277.78,abandoned,payment_page,2026-06-06 03:52:42.744814,2026-06-06 04:19:42.744814
UNSEEN_CHK_001661,UNSEEN_CUST_01585,63780.26,completed,payment_page,2026-08-26 05:33:42.744814,
UNSEEN_CHK_001662,UNSEEN_CUST_00286,34687.42,completed,address,2026-07-24 12:50:42.744814,
UNSEEN_CHK_001663,UNSEEN_CUST_00022,33063.4,completed,payment_page,2026-07-04 12:01:42.744814,
UNSEEN_CHK_001664,UNSEEN_CUST_00369,36437.06,abandoned,address,2026-08-02 18:06:42.744814,2026-08-02 19:23:42.744814
UNSEEN_CHK_001665,UNSEEN_CUST_01092,12753.7,completed,payment_page,2026-06-10 02:39:42.744814,
UNSEEN_CHK_001666,UNSEEN_CUST_00523,44332.24,completed,payment_page,2026-06-06 04:12:42.744814,
UNSEEN_CHK_001667,UNSEEN_CUST_01717,35928.45,completed,payment_attempt,2026-05-31 07:31:42.744814,
UNSEEN_CHK_001668,UNSEEN_CUST_01060,23101.89,expired,payment_page,2026-08-25 21:03:42.744814,2026-08-25 21:57:42.744814
UNSEEN_CHK_001669,UNSEEN_CUST_01152,24012.72,completed,payment_attempt,2026-06-19 19:45:42.744814,
UNSEEN_CHK_001670,UNSEEN_CUST_01865,18655.59,completed,payment_attempt,2026-07-05 07:06:42.744814,
UNSEEN_CHK_001671,UNSEEN_CUST_00451,39054.55,completed,address,2026-06-20 02:02:42.745814,
UNSEEN_CHK_001672,UNSEEN_CUST_00103,8890.29,completed,payment_page,2026-08-25 01:17:42.745814,
UNSEEN_CHK_001673,UNSEEN_CUST_00974,6638.65,abandoned,payment_page,2026-06-03 12:21:42.745814,2026-06-03 13:42:42.745814
UNSEEN_CHK_001674,UNSEEN_CUST_01944,32336.01,abandoned,address,2026-08-03 10:19:42.745814,2026-08-03 11:21:42.745814
UNSEEN_CHK_001675,UNSEEN_CUST_01015,29471.66,completed,payment_page,2026-08-10 18:08:42.745814,
UNSEEN_CHK_001676,UNSEEN_CUST_01998,17001.47,expired,payment_attempt,2026-07-02 18:50:42.745814,2026-07-02 20:04:42.745814
UNSEEN_CHK_001677,UNSEEN_CUST_01610,42351.09,expired,review,2026-07-15 01:37:42.745814,2026-07-15 02:15:42.745814
UNSEEN_CHK_001678,UNSEEN_CUST_01920,38350.16,abandoned,payment_page,2026-08-16 04:47:41.833480,2026-08-16 05:58:41.833480
UNSEEN_CHK_001679,UNSEEN_CUST_01128,38516.68,completed,payment_attempt,2026-07-12 15:13:42.746814,
UNSEEN_CHK_001680,UNSEEN_CUST_01445,4403.42,expired,review,2026-08-12 08:32:42.746814,2026-08-12 08:49:42.746814
UNSEEN_CHK_001681,UNSEEN_CUST_00439,10780.39,completed,address,2026-07-17 19:16:42.746814,
UNSEEN_CHK_001682,UNSEEN_CUST_00922,36479.67,abandoned,payment_page,2026-06-29 11:44:42.746814,2026-06-29 13:25:42.746814
UNSEEN_CHK_001683,UNSEEN_CUST_01763,46982.16,completed,review,2026-07-19 09:47:42.746814,
UNSEEN_CHK_001684,UNSEEN_CUST_00856,19666.61,abandoned,payment_attempt,2026-06-13 05:19:42.020071,2026-06-13 05:53:42.020071
UNSEEN_CHK_001685,UNSEEN_CUST_00214,15275.22,completed,payment_attempt,2026-08-01 19:25:42.747814,
UNSEEN_CHK_001686,UNSEEN_CUST_01175,12737.97,completed,address,2026-06-15 09:07:42.747814,
UNSEEN_CHK_001687,UNSEEN_CUST_01092,46247.12,completed,address,2026-08-16 13:04:42.747814,
UNSEEN_CHK_001688,UNSEEN_CUST_01747,36702.88,completed,review,2026-08-19 23:35:42.747814,
UNSEEN_CHK_001689,UNSEEN_CUST_00649,1275.44,completed,payment_page,2026-05-30 21:00:42.747814,
UNSEEN_CHK_001690,UNSEEN_CUST_00199,9524.7,abandoned,payment_page,2026-07-24 04:40:41.894985,2026-07-24 06:31:41.894985
UNSEEN_CHK_001691,UNSEEN_CUST_00557,49275.53,completed,payment_attempt,2026-08-02 20:38:42.748814,
UNSEEN_CHK_001692,UNSEEN_CUST_00694,33427.62,completed,address,2026-06-11 12:22:42.748814,
UNSEEN_CHK_001693,UNSEEN_CUST_01129,9422.49,abandoned,payment_attempt,2026-06-30 07:56:42.748814,2026-06-30 09:31:42.748814
UNSEEN_CHK_001694,UNSEEN_CUST_00345,24510.48,abandoned,review,2026-07-19 06:58:42.748814,2026-07-19 07:52:42.748814
UNSEEN_CHK_001695,UNSEEN_CUST_01143,46915.93,completed,review,2026-07-09 03:32:42.749814,
UNSEEN_CHK_001696,UNSEEN_CUST_01134,15006.69,completed,payment_attempt,2026-07-16 19:00:42.749814,
UNSEEN_CHK_001697,UNSEEN_CUST_00463,33457.58,abandoned,address,2026-07-31 11:39:42.749814,2026-07-31 12:32:42.749814
UNSEEN_CHK_001698,UNSEEN_CUST_01798,22337.8,completed,address,2026-06-01 07:43:42.749814,
UNSEEN_CHK_001699,UNSEEN_CUST_01147,47352.11,abandoned,review,2026-07-12 02:23:42.749814,2026-07-12 04:06:42.749814
UNSEEN_CHK_001700,UNSEEN_CUST_01460,9144.94,abandoned,review,2026-06-25 02:58:42.749814,2026-06-25 04:08:42.749814
UNSEEN_CHK_001701,UNSEEN_CUST_00253,21872.29,abandoned,payment_attempt,2026-08-20 12:33:41.863990,2026-08-20 13:42:41.863990
UNSEEN_CHK_001702,UNSEEN_CUST_01965,5862.92,completed,address,2026-06-19 01:07:42.750814,
UNSEEN_CHK_001703,UNSEEN_CUST_01411,37155.98,abandoned,payment_attempt,2026-06-02 20:19:42.750814,2026-06-02 21:35:42.750814
UNSEEN_CHK_001704,UNSEEN_CUST_01107,45837.01,completed,payment_page,2026-07-12 20:06:42.750814,
UNSEEN_CHK_001705,UNSEEN_CUST_00314,86775.44,completed,payment_page,2026-08-02 08:18:42.750814,
UNSEEN_CHK_001706,UNSEEN_CUST_01108,29492.29,expired,review,2026-07-23 02:55:42.750814,2026-07-23 03:31:42.750814
UNSEEN_CHK_001707,UNSEEN_CUST_01367,16281.45,completed,payment_page,2026-07-13 18:36:42.750814,
UNSEEN_CHK_001708,UNSEEN_CUST_00730,8604.54,completed,payment_page,2026-08-13 07:33:42.750814,
UNSEEN_CHK_001709,UNSEEN_CUST_00889,22024.78,abandoned,payment_page,2026-08-23 15:54:42.750814,2026-08-23 17:15:42.750814
UNSEEN_CHK_001710,UNSEEN_CUST_00315,9240.82,completed,review,2026-08-04 22:33:42.750814,
UNSEEN_CHK_001711,UNSEEN_CUST_01055,5336.8,completed,review,2026-08-01 16:01:42.750814,
UNSEEN_CHK_001712,UNSEEN_CUST_01019,20967.68,expired,payment_attempt,2026-06-02 23:16:42.750814,2026-06-02 23:19:42.750814
UNSEEN_CHK_001713,UNSEEN_CUST_00397,17469.22,completed,payment_attempt,2026-08-19 22:51:42.750814,
UNSEEN_CHK_001714,UNSEEN_CUST_00854,34031.04,expired,payment_page,2026-07-21 12:16:42.750814,2026-07-21 13:33:42.750814
UNSEEN_CHK_001715,UNSEEN_CUST_01791,11089.81,abandoned,review,2026-07-30 20:46:42.750814,2026-07-30 21:17:42.750814
UNSEEN_CHK_001716,UNSEEN_CUST_01819,31787.27,abandoned,payment_page,2026-08-12 19:13:42.751814,2026-08-12 21:08:42.751814
UNSEEN_CHK_001717,UNSEEN_CUST_00215,9010.09,completed,address,2026-06-25 18:17:42.751814,
UNSEEN_CHK_001718,UNSEEN_CUST_00552,12209.59,abandoned,address,2026-06-16 16:23:42.751814,2026-06-16 17:42:42.751814
UNSEEN_CHK_001719,UNSEEN_CUST_00975,24636.2,completed,review,2026-08-10 21:32:42.751814,
UNSEEN_CHK_001720,UNSEEN_CUST_00030,10354.16,completed,review,2026-06-19 13:50:42.751814,
UNSEEN_CHK_001721,UNSEEN_CUST_01003,9819.23,expired,payment_page,2026-07-04 21:20:42.751814,2026-07-04 22:21:42.751814
UNSEEN_CHK_001722,UNSEEN_CUST_01163,1159.46,expired,payment_page,2026-05-30 07:38:42.751814,2026-05-30 09:18:42.751814
UNSEEN_CHK_001723,UNSEEN_CUST_00038,39999.66,completed,address,2026-07-15 16:32:42.751814,
UNSEEN_CHK_001724,UNSEEN_CUST_01120,14177.63,abandoned,payment_page,2026-06-13 19:05:42.751814,2026-06-13 19:53:42.751814
UNSEEN_CHK_001725,UNSEEN_CUST_00614,13088.86,abandoned,payment_page,2026-07-17 02:42:42.022064,2026-07-17 04:03:42.022064
UNSEEN_CHK_001726,UNSEEN_CUST_01527,2525.09,abandoned,payment_page,2026-08-26 00:33:42.012074,2026-08-26 01:55:42.012074
UNSEEN_CHK_001727,UNSEEN_CUST_00924,5859.41,completed,review,2026-08-18 00:15:42.753814,
UNSEEN_CHK_001728,UNSEEN_CUST_00287,37933.0,abandoned,payment_page,2026-08-02 13:59:42.753814,2026-08-02 14:06:42.753814
UNSEEN_CHK_001729,UNSEEN_CUST_00257,15700.87,abandoned,review,2026-05-29 00:44:42.753814,2026-05-29 02:14:42.753814
UNSEEN_CHK_001730,UNSEEN_CUST_01771,17871.61,completed,review,2026-06-27 00:01:42.753814,
UNSEEN_CHK_001731,UNSEEN_CUST_01559,6416.21,abandoned,payment_page,2026-08-13 16:55:41.874986,2026-08-13 17:47:41.874986
UNSEEN_CHK_001732,UNSEEN_CUST_00173,15206.01,expired,review,2026-08-15 06:47:42.754814,2026-08-15 07:26:42.754814
UNSEEN_CHK_001733,UNSEEN_CUST_00889,39231.5,completed,payment_attempt,2026-07-20 22:39:42.754814,
UNSEEN_CHK_001734,UNSEEN_CUST_01047,26548.5,completed,address,2026-06-28 11:20:42.754814,
UNSEEN_CHK_001735,UNSEEN_CUST_01065,1602.35,abandoned,review,2026-08-10 16:58:42.754814,2026-08-10 18:51:42.754814
UNSEEN_CHK_001736,UNSEEN_CUST_01381,8313.51,abandoned,review,2026-07-21 16:42:42.754814,2026-07-21 16:49:42.754814
UNSEEN_CHK_001737,UNSEEN_CUST_00195,46521.24,completed,review,2026-06-13 05:43:42.754814,
UNSEEN_CHK_001738,UNSEEN_CUST_00776,53983.74,completed,payment_page,2026-08-21 00:55:42.754814,
UNSEEN_CHK_001739,UNSEEN_CUST_00461,14397.16,abandoned,payment_page,2026-05-29 18:50:42.754814,2026-05-29 20:31:42.754814
UNSEEN_CHK_001740,UNSEEN_CUST_01055,12418.3,abandoned,payment_attempt,2026-07-14 02:01:42.089987,2026-07-14 03:23:42.089987
UNSEEN_CHK_001741,UNSEEN_CUST_00303,31102.01,completed,payment_attempt,2026-07-07 17:27:42.756814,
UNSEEN_CHK_001742,UNSEEN_CUST_00428,26876.6,completed,address,2026-08-20 16:17:42.756814,
UNSEEN_CHK_001743,UNSEEN_CUST_00596,34889.58,completed,payment_page,2026-06-14 18:54:42.756814,
UNSEEN_CHK_001744,UNSEEN_CUST_01446,3072.27,completed,payment_page,2026-07-12 19:22:42.756814,
UNSEEN_CHK_001745,UNSEEN_CUST_01570,86629.26,completed,address,2026-06-20 01:32:42.756814,
UNSEEN_CHK_001746,UNSEEN_CUST_01512,5458.13,abandoned,payment_attempt,2026-06-19 19:49:42.001072,2026-06-19 20:51:42.001072
UNSEEN_CHK_001747,UNSEEN_CUST_00417,16892.74,abandoned,payment_page,2026-07-05 06:27:41.797581,2026-07-05 08:12:41.797581
UNSEEN_CHK_001748,UNSEEN_CUST_01982,24116.21,completed,address,2026-08-03 15:16:42.758814,
UNSEEN_CHK_001749,UNSEEN_CUST_00609,47192.87,completed,payment_page,2026-07-17 05:04:42.758814,
UNSEEN_CHK_001750,UNSEEN_CUST_00688,47993.72,expired,payment_page,2026-07-14 10:38:42.758814,2026-07-14 10:45:42.758814
UNSEEN_CHK_001751,UNSEEN_CUST_01906,19193.95,abandoned,payment_attempt,2026-06-04 22:04:42.758814,2026-06-04 22:29:42.758814
UNSEEN_CHK_001752,UNSEEN_CUST_01664,32224.68,abandoned,payment_attempt,2026-06-16 17:28:42.134070,2026-06-16 17:51:42.134070
UNSEEN_CHK_001753,UNSEEN_CUST_01730,1179.98,completed,review,2026-07-08 11:05:42.759814,
UNSEEN_CHK_001754,UNSEEN_CUST_00714,37776.31,completed,address,2026-07-25 06:17:42.759814,
UNSEEN_CHK_001755,UNSEEN_CUST_00185,29678.3,abandoned,payment_attempt,2026-07-17 19:05:41.999067,2026-07-17 21:01:41.999067
UNSEEN_CHK_001756,UNSEEN_CUST_01618,21861.73,completed,address,2026-05-31 04:42:42.760814,
UNSEEN_CHK_001757,UNSEEN_CUST_01501,43734.35,abandoned,review,2026-07-02 23:30:42.760814,2026-07-03 01:14:42.760814
UNSEEN_CHK_001758,UNSEEN_CUST_01721,32148.56,abandoned,payment_page,2026-07-02 02:25:42.760814,2026-07-02 02:55:42.760814
UNSEEN_CHK_001759,UNSEEN_CUST_00183,3032.21,abandoned,payment_page,2026-06-19 16:07:41.942990,2026-06-19 16:43:41.942990
UNSEEN_CHK_001760,UNSEEN_CUST_01177,60259.11,abandoned,payment_page,2026-08-21 00:10:42.761814,2026-08-21 02:05:42.761814
UNSEEN_CHK_001761,UNSEEN_CUST_00273,30295.47,completed,payment_attempt,2026-06-26 05:05:42.761814,
UNSEEN_CHK_001762,UNSEEN_CUST_00045,24935.6,abandoned,payment_page,2026-07-17 15:50:42.761814,2026-07-17 16:39:42.761814
UNSEEN_CHK_001763,UNSEEN_CUST_00557,34254.49,completed,payment_attempt,2026-06-24 22:15:42.761814,
UNSEEN_CHK_001764,UNSEEN_CUST_01492,28997.25,completed,payment_attempt,2026-07-14 12:43:42.761814,
UNSEEN_CHK_001765,UNSEEN_CUST_00186,17040.51,expired,payment_attempt,2026-08-18 07:18:42.761814,2026-08-18 07:29:42.761814
UNSEEN_CHK_001766,UNSEEN_CUST_00035,26902.0,completed,payment_attempt,2026-06-10 04:15:42.762814,
UNSEEN_CHK_001767,UNSEEN_CUST_00199,19228.63,abandoned,payment_attempt,2026-08-23 18:44:41.929989,2026-08-23 20:14:41.929989
UNSEEN_CHK_001768,UNSEEN_CUST_00771,18050.05,expired,review,2026-06-29 18:13:42.763815,2026-06-29 19:09:42.763815
UNSEEN_CHK_001769,UNSEEN_CUST_01120,9312.97,abandoned,payment_page,2026-07-17 15:29:42.111073,2026-07-17 15:48:42.111073
UNSEEN_CHK_001770,UNSEEN_CUST_01107,32231.16,completed,address,2026-07-05 19:14:42.764814,
UNSEEN_CHK_001771,UNSEEN_CUST_01754,93478.26,abandoned,payment_page,2026-08-16 08:42:42.764814,2026-08-16 09:03:42.764814
UNSEEN_CHK_001772,UNSEEN_CUST_00713,75518.54,completed,review,2026-08-05 07:34:42.764814,
UNSEEN_CHK_001773,UNSEEN_CUST_00368,37438.56,completed,review,2026-08-04 22:50:42.764814,
UNSEEN_CHK_001774,UNSEEN_CUST_01558,99441.46,completed,payment_attempt,2026-05-31 12:46:42.764814,
UNSEEN_CHK_001775,UNSEEN_CUST_00852,2868.04,abandoned,address,2026-08-07 12:14:42.764814,2026-08-07 13:01:42.764814
UNSEEN_CHK_001776,UNSEEN_CUST_00044,16791.0,completed,review,2026-08-08 15:40:42.764814,
UNSEEN_CHK_001777,UNSEEN_CUST_00845,24246.06,abandoned,review,2026-07-12 07:29:42.764814,2026-07-12 08:55:42.764814
UNSEEN_CHK_001778,UNSEEN_CUST_01335,10340.64,abandoned,address,2026-07-28 23:58:42.764814,2026-07-29 01:07:42.764814
UNSEEN_CHK_001779,UNSEEN_CUST_00266,38886.71,abandoned,payment_attempt,2026-06-19 20:48:42.764814,2026-06-19 21:50:42.764814
UNSEEN_CHK_001780,UNSEEN_CUST_01476,43137.39,completed,address,2026-06-19 14:18:42.764814,
UNSEEN_CHK_001781,UNSEEN_CUST_00406,46758.21,abandoned,address,2026-06-22 07:46:42.764814,2026-06-22 09:43:42.764814
UNSEEN_CHK_001782,UNSEEN_CUST_00181,57370.65,abandoned,review,2026-07-21 07:17:42.764814,2026-07-21 09:07:42.764814
UNSEEN_CHK_001783,UNSEEN_CUST_01719,17614.26,expired,payment_page,2026-08-26 05:57:42.764814,2026-08-26 07:16:42.764814
UNSEEN_CHK_001784,UNSEEN_CUST_01333,7816.86,completed,payment_page,2026-07-26 06:39:42.764814,
UNSEEN_CHK_001785,UNSEEN_CUST_00866,33026.21,abandoned,payment_page,2026-07-18 09:04:41.989986,2026-07-18 09:57:41.989986
UNSEEN_CHK_001786,UNSEEN_CUST_01342,5854.75,abandoned,payment_attempt,2026-07-21 09:29:42.035074,2026-07-21 09:38:42.035074
UNSEEN_CHK_001787,UNSEEN_CUST_01482,14902.79,completed,address,2026-06-04 06:19:42.766814,
UNSEEN_CHK_001788,UNSEEN_CUST_01914,6470.87,completed,address,2026-08-17 09:14:42.766814,
UNSEEN_CHK_001789,UNSEEN_CUST_00403,10648.44,abandoned,payment_attempt,2026-07-21 02:31:42.766814,2026-07-21 04:21:42.766814
UNSEEN_CHK_001790,UNSEEN_CUST_01076,44211.13,abandoned,payment_page,2026-06-07 23:38:42.766814,2026-06-07 23:45:42.766814
UNSEEN_CHK_001791,UNSEEN_CUST_00035,27890.55,abandoned,payment_page,2026-07-03 01:54:42.766814,2026-07-03 02:39:42.766814
UNSEEN_CHK_001792,UNSEEN_CUST_00725,42971.13,abandoned,payment_page,2026-06-05 03:45:41.832480,2026-06-05 04:52:41.832480
UNSEEN_CHK_001793,UNSEEN_CUST_00521,20561.42,abandoned,payment_page,2026-05-29 11:35:41.957990,2026-05-29 12:38:41.957990
UNSEEN_CHK_001794,UNSEEN_CUST_00433,16627.51,completed,review,2026-08-08 15:26:42.768814,
UNSEEN_CHK_001795,UNSEEN_CUST_00511,26567.54,abandoned,payment_attempt,2026-06-04 14:10:42.017071,2026-06-04 15:26:42.017071
UNSEEN_CHK_001796,UNSEEN_CUST_01373,14873.52,completed,payment_page,2026-07-14 08:50:42.769814,
UNSEEN_CHK_001797,UNSEEN_CUST_00844,21462.42,abandoned,payment_page,2026-07-12 05:49:42.769814,2026-07-12 06:23:42.769814
UNSEEN_CHK_001798,UNSEEN_CUST_01248,45574.91,completed,address,2026-06-10 15:52:42.769814,
UNSEEN_CHK_001799,UNSEEN_CUST_01398,22836.36,completed,review,2026-08-09 17:00:42.769814,
UNSEEN_CHK_001800,UNSEEN_CUST_00751,83082.04,abandoned,payment_page,2026-06-24 23:33:42.112079,2026-06-25 01:21:42.112079
UNSEEN_CHK_001801,UNSEEN_CUST_00275,23192.94,abandoned,payment_page,2026-08-20 16:18:42.770814,2026-08-20 16:58:42.770814
UNSEEN_CHK_001802,UNSEEN_CUST_01433,2781.61,expired,address,2026-06-11 06:46:42.771814,2026-06-11 07:40:42.771814
UNSEEN_CHK_001803,UNSEEN_CUST_01532,49174.74,completed,address,2026-08-23 17:22:42.771814,
UNSEEN_CHK_001804,UNSEEN_CUST_01947,14578.91,completed,payment_page,2026-06-19 10:15:42.771814,
UNSEEN_CHK_001805,UNSEEN_CUST_00888,10411.24,abandoned,address,2026-07-04 17:55:42.771814,2026-07-04 18:25:42.771814
UNSEEN_CHK_001806,UNSEEN_CUST_00526,16981.06,abandoned,payment_page,2026-07-19 15:43:41.844480,2026-07-19 17:33:41.844480
UNSEEN_CHK_001807,UNSEEN_CUST_01279,6801.7,completed,payment_page,2026-08-24 08:10:42.772814,
UNSEEN_CHK_001808,UNSEEN_CUST_00420,1065.57,completed,address,2026-08-14 04:31:42.772814,
UNSEEN_CHK_001809,UNSEEN_CUST_00134,14196.0,abandoned,address,2026-06-11 19:17:42.772814,2026-06-11 20:19:42.772814
UNSEEN_CHK_001810,UNSEEN_CUST_01352,26777.14,abandoned,payment_page,2026-07-02 18:24:42.772814,2026-07-02 19:12:42.772814
UNSEEN_CHK_001811,UNSEEN_CUST_01394,37187.87,completed,review,2026-07-02 01:06:42.772814,
UNSEEN_CHK_001812,UNSEEN_CUST_01241,38771.26,abandoned,payment_page,2026-08-22 00:57:42.056078,2026-08-22 01:44:42.056078
UNSEEN_CHK_001813,UNSEEN_CUST_01154,13781.81,completed,payment_attempt,2026-06-16 08:27:42.773814,
UNSEEN_CHK_001814,UNSEEN_CUST_01744,6237.83,expired,payment_attempt,2026-07-29 01:15:42.773814,2026-07-29 02:09:42.773814
UNSEEN_CHK_001815,UNSEEN_CUST_00684,91425.29,abandoned,review,2026-08-14 13:31:42.773814,2026-08-14 14:07:42.773814
UNSEEN_CHK_001816,UNSEEN_CUST_01080,31981.57,abandoned,payment_attempt,2026-07-16 15:36:42.028074,2026-07-16 16:29:42.028074
UNSEEN_CHK_001817,UNSEEN_CUST_00514,21630.96,abandoned,payment_attempt,2026-06-15 08:12:42.774814,2026-06-15 08:49:42.774814
UNSEEN_CHK_001818,UNSEEN_CUST_01049,7335.26,completed,payment_attempt,2026-08-12 08:25:42.774814,
UNSEEN_CHK_001819,UNSEEN_CUST_00342,18077.85,abandoned,payment_page,2026-06-23 01:35:42.774814,2026-06-23 02:08:42.774814
UNSEEN_CHK_001820,UNSEEN_CUST_00189,42001.37,abandoned,payment_page,2026-07-20 11:29:42.070069,2026-07-20 12:08:42.070069
UNSEEN_CHK_001821,UNSEEN_CUST_01530,16784.76,abandoned,review,2026-08-21 09:00:42.775814,2026-08-21 10:40:42.775814
UNSEEN_CHK_001822,UNSEEN_CUST_01734,40128.2,expired,payment_page,2026-06-09 00:42:42.775814,2026-06-09 01:36:42.775814
UNSEEN_CHK_001823,UNSEEN_CUST_01827,20433.98,abandoned,address,2026-08-04 22:21:42.775814,2026-08-04 23:59:42.775814
UNSEEN_CHK_001824,UNSEEN_CUST_01220,70054.49,completed,payment_attempt,2026-07-31 08:51:42.775814,
UNSEEN_CHK_001825,UNSEEN_CUST_01943,14161.03,abandoned,payment_page,2026-06-15 18:21:41.836478,2026-06-15 19:49:41.836478
UNSEEN_CHK_001826,UNSEEN_CUST_01103,46351.52,completed,review,2026-06-08 16:38:42.776815,
UNSEEN_CHK_001827,UNSEEN_CUST_01880,32651.14,completed,payment_attempt,2026-06-02 11:47:42.776815,
UNSEEN_CHK_001828,UNSEEN_CUST_01213,34638.43,completed,payment_attempt,2026-07-29 12:48:42.777814,
UNSEEN_CHK_001829,UNSEEN_CUST_00943,6344.03,abandoned,payment_attempt,2026-06-28 19:54:41.960990,2026-06-28 20:05:41.960990
UNSEEN_CHK_001830,UNSEEN_CUST_00695,61367.95,completed,payment_page,2026-07-09 19:01:42.778814,
UNSEEN_CHK_001831,UNSEEN_CUST_00875,33305.84,completed,address,2026-07-22 08:53:42.778814,
UNSEEN_CHK_001832,UNSEEN_CUST_01812,17458.64,abandoned,payment_attempt,2026-05-31 00:13:41.988078,2026-05-31 01:17:41.988078
UNSEEN_CHK_001833,UNSEEN_CUST_00083,12424.7,abandoned,payment_page,2026-07-12 15:43:41.910985,2026-07-12 16:42:41.910985
UNSEEN_CHK_001834,UNSEEN_CUST_00543,9232.19,abandoned,payment_page,2026-08-12 01:38:42.002075,2026-08-12 02:05:42.002075
UNSEEN_CHK_001835,UNSEEN_CUST_00300,14021.91,abandoned,payment_attempt,2026-06-18 05:01:41.803579,2026-06-18 06:32:41.803579
UNSEEN_CHK_001836,UNSEEN_CUST_01876,86177.33,expired,address,2026-08-03 13:32:42.782815,2026-08-03 14:12:42.782815
UNSEEN_CHK_001837,UNSEEN_CUST_01811,47510.05,completed,address,2026-07-28 08:09:42.782815,
UNSEEN_CHK_001838,UNSEEN_CUST_01171,13313.23,abandoned,payment_page,2026-06-10 02:39:42.782815,2026-06-10 03:02:42.782815
UNSEEN_CHK_001839,UNSEEN_CUST_00803,35081.97,abandoned,payment_page,2026-05-30 17:52:41.845481,2026-05-30 19:04:41.845481
UNSEEN_CHK_001840,UNSEEN_CUST_01884,39389.96,abandoned,payment_attempt,2026-07-08 19:53:42.101073,2026-07-08 20:38:42.101073
UNSEEN_CHK_001841,UNSEEN_CUST_00932,39659.86,completed,review,2026-06-16 00:38:42.784814,
UNSEEN_CHK_001842,UNSEEN_CUST_01410,2058.0,completed,address,2026-06-01 03:16:42.784814,
UNSEEN_CHK_001843,UNSEEN_CUST_00633,7000.2,abandoned,payment_attempt,2026-06-23 06:20:41.976066,2026-06-23 06:40:41.976066
UNSEEN_CHK_001844,UNSEEN_CUST_01750,35060.55,completed,review,2026-06-18 14:15:42.785814,
UNSEEN_CHK_001845,UNSEEN_CUST_01992,16085.24,abandoned,review,2026-08-02 02:39:42.785814,2026-08-02 03:30:42.785814
UNSEEN_CHK_001846,UNSEEN_CUST_01601,23735.63,abandoned,payment_attempt,2026-07-13 22:46:42.785814,2026-07-13 23:25:42.785814
UNSEEN_CHK_001847,UNSEEN_CUST_01171,13069.25,completed,review,2026-08-15 15:45:42.785814,
UNSEEN_CHK_001848,UNSEEN_CUST_01596,43512.74,completed,address,2026-07-24 23:31:42.785814,
UNSEEN_CHK_001849,UNSEEN_CUST_00196,4562.54,expired,payment_page,2026-06-22 11:51:42.785814,2026-06-22 12:14:42.785814
UNSEEN_CHK_001850,UNSEEN_CUST_00713,92709.77,completed,review,2026-07-01 07:51:42.785814,
UNSEEN_CHK_001851,UNSEEN_CUST_01813,42713.08,completed,review,2026-06-21 08:54:42.785814,
UNSEEN_CHK_001852,UNSEEN_CUST_00477,13599.2,completed,payment_page,2026-07-31 23:54:42.785814,
UNSEEN_CHK_001853,UNSEEN_CUST_01061,47859.08,abandoned,payment_attempt,2026-07-27 01:30:42.785814,2026-07-27 02:24:42.785814
UNSEEN_CHK_001854,UNSEEN_CUST_00002,36080.85,completed,address,2026-07-30 08:09:42.785814,
UNSEEN_CHK_001855,UNSEEN_CUST_01568,7626.92,abandoned,payment_page,2026-08-13 07:36:42.785814,2026-08-13 08:16:42.785814
UNSEEN_CHK_001856,UNSEEN_CUST_01525,65974.55,completed,payment_attempt,2026-06-13 11:57:42.785814,
UNSEEN_CHK_001857,UNSEEN_CUST_00067,8684.62,abandoned,payment_attempt,2026-05-29 01:00:41.946989,2026-05-29 01:09:41.946989
UNSEEN_CHK_001858,UNSEEN_CUST_00749,4367.07,abandoned,payment_page,2026-08-09 06:37:42.786814,2026-08-09 08:33:42.786814
UNSEEN_CHK_001859,UNSEEN_CUST_00529,40020.24,completed,review,2026-08-19 10:26:42.786814,
UNSEEN_CHK_001860,UNSEEN_CUST_01231,2482.36,completed,address,2026-08-09 13:25:42.786814,
UNSEEN_CHK_001861,UNSEEN_CUST_00996,5983.4,abandoned,payment_attempt,2026-06-25 00:45:41.859983,2026-06-25 01:23:41.859983
UNSEEN_CHK_001862,UNSEEN_CUST_01213,18990.14,expired,payment_page,2026-08-03 16:37:42.787814,2026-08-03 18:16:42.787814
UNSEEN_CHK_001863,UNSEEN_CUST_01539,12504.42,abandoned,payment_attempt,2026-08-13 12:18:42.787814,2026-08-13 14:16:42.787814
UNSEEN_CHK_001864,UNSEEN_CUST_01033,29257.56,abandoned,payment_page,2026-07-18 10:21:42.788813,2026-07-18 12:06:42.788813
UNSEEN_CHK_001865,UNSEEN_CUST_00861,14145.99,abandoned,payment_attempt,2026-06-14 08:00:42.788813,2026-06-14 08:45:42.788813
UNSEEN_CHK_001866,UNSEEN_CUST_01508,34186.0,completed,payment_page,2026-06-26 01:02:42.788813,
UNSEEN_CHK_001867,UNSEEN_CUST_01996,54620.77,abandoned,payment_page,2026-08-06 20:45:42.788813,2026-08-06 22:11:42.788813
UNSEEN_CHK_001868,UNSEEN_CUST_01207,23729.03,abandoned,address,2026-06-25 23:54:42.788813,2026-06-26 00:52:42.788813
UNSEEN_CHK_001869,UNSEEN_CUST_01809,18114.77,completed,payment_page,2026-06-05 09:04:42.788813,
UNSEEN_CHK_001870,UNSEEN_CUST_01936,42856.49,expired,address,2026-08-10 07:30:42.788813,2026-08-10 09:04:42.788813
UNSEEN_CHK_001871,UNSEEN_CUST_00635,2318.57,completed,review,2026-06-29 04:45:42.788813,
UNSEEN_CHK_001872,UNSEEN_CUST_01151,46202.15,completed,payment_page,2026-06-17 08:00:42.788813,
UNSEEN_CHK_001873,UNSEEN_CUST_01006,62570.26,abandoned,payment_page,2026-06-29 04:33:42.788813,2026-06-29 05:43:42.788813
UNSEEN_CHK_001874,UNSEEN_CUST_00192,15892.94,abandoned,address,2026-06-21 22:26:42.788813,2026-06-21 23:00:42.788813
UNSEEN_CHK_001875,UNSEEN_CUST_00922,14368.23,completed,payment_attempt,2026-06-11 15:32:42.788813,
UNSEEN_CHK_001876,UNSEEN_CUST_01256,22542.26,abandoned,payment_attempt,2026-07-26 10:20:42.788813,2026-07-26 11:25:42.788813
UNSEEN_CHK_001877,UNSEEN_CUST_01171,14465.88,expired,payment_attempt,2026-08-23 21:22:42.788813,2026-08-23 22:28:42.788813
UNSEEN_CHK_001878,UNSEEN_CUST_01772,48631.3,completed,payment_page,2026-07-30 19:55:42.788813,
UNSEEN_CHK_001879,UNSEEN_CUST_01756,14477.18,completed,payment_page,2026-07-07 12:15:42.788813,
UNSEEN_CHK_001880,UNSEEN_CUST_00284,41773.45,expired,review,2026-06-04 13:43:42.788813,2026-06-04 14:13:42.788813
UNSEEN_CHK_001881,UNSEEN_CUST_00915,1470.29,completed,address,2026-06-20 12:42:42.788813,
UNSEEN_CHK_001882,UNSEEN_CUST_00815,21280.36,completed,payment_attempt,2026-07-11 10:22:42.789813,
UNSEEN_CHK_001883,UNSEEN_CUST_01080,32226.23,completed,payment_attempt,2026-06-26 06:20:42.789813,
UNSEEN_CHK_001884,UNSEEN_CUST_01594,7046.38,expired,payment_page,2026-08-08 00:13:42.789813,2026-08-08 01:57:42.789813
UNSEEN_CHK_001885,UNSEEN_CUST_01391,2892.63,abandoned,address,2026-07-14 11:30:42.789813,2026-07-14 11:35:42.789813
UNSEEN_CHK_001886,UNSEEN_CUST_01516,46736.77,abandoned,payment_page,2026-08-23 18:24:42.045075,2026-08-23 19:07:42.045075
UNSEEN_CHK_001887,UNSEEN_CUST_00486,44510.61,completed,address,2026-06-15 19:18:42.790815,
UNSEEN_CHK_001888,UNSEEN_CUST_00146,44587.47,completed,payment_page,2026-07-04 05:11:42.790815,
UNSEEN_CHK_001889,UNSEEN_CUST_01101,25776.13,completed,address,2026-08-05 23:10:42.790815,
UNSEEN_CHK_001890,UNSEEN_CUST_01608,45006.35,completed,payment_page,2026-08-21 06:32:42.790815,
UNSEEN_CHK_001891,UNSEEN_CUST_01441,15197.28,abandoned,payment_page,2026-06-26 12:08:42.790815,2026-06-26 14:00:42.790815
UNSEEN_CHK_001892,UNSEEN_CUST_01655,11020.24,abandoned,address,2026-07-16 09:26:42.790815,2026-07-16 11:01:42.790815
UNSEEN_CHK_001893,UNSEEN_CUST_00845,32884.57,abandoned,payment_attempt,2026-06-30 06:56:41.854479,2026-06-30 08:02:41.854479
UNSEEN_CHK_001894,UNSEEN_CUST_00369,40698.64,abandoned,payment_attempt,2026-08-16 22:32:41.853480,2026-08-16 23:18:41.853480
UNSEEN_CHK_001895,UNSEEN_CUST_01308,11443.23,completed,review,2026-08-23 07:22:42.792814,
UNSEEN_CHK_001896,UNSEEN_CUST_00565,40552.43,abandoned,address,2026-08-14 18:35:42.792814,2026-08-14 20:19:42.792814
UNSEEN_CHK_001897,UNSEEN_CUST_01036,10290.13,completed,address,2026-08-17 07:20:42.792814,
UNSEEN_CHK_001898,UNSEEN_CUST_01775,34177.27,expired,review,2026-06-07 00:32:42.792814,2026-06-07 01:46:42.792814
UNSEEN_CHK_001899,UNSEEN_CUST_01891,48506.78,completed,address,2026-06-19 08:57:42.792814,
UNSEEN_CHK_001900,UNSEEN_CUST_01989,7444.82,abandoned,address,2026-07-17 18:11:42.792814,2026-07-17 19:53:42.792814
UNSEEN_CHK_001901,UNSEEN_CUST_00928,48975.68,abandoned,payment_page,2026-07-25 18:26:41.891985,2026-07-25 18:50:41.891985
UNSEEN_CHK_001902,UNSEEN_CUST_00521,12691.35,completed,payment_page,2026-06-16 06:45:42.793814,
UNSEEN_CHK_001903,UNSEEN_CUST_01883,23342.26,completed,payment_attempt,2026-06-14 04:03:42.793814,
UNSEEN_CHK_001904,UNSEEN_CUST_01264,6617.14,abandoned,payment_page,2026-07-27 22:08:41.909985,2026-07-27 22:53:41.909985
UNSEEN_CHK_001905,UNSEEN_CUST_00295,10528.45,expired,payment_page,2026-05-30 17:45:42.794814,2026-05-30 18:19:42.794814
UNSEEN_CHK_001906,UNSEEN_CUST_00511,2047.15,expired,payment_attempt,2026-06-15 14:43:42.794814,2026-06-15 15:24:42.794814
UNSEEN_CHK_001907,UNSEEN_CUST_00825,38128.05,expired,payment_attempt,2026-07-25 02:49:42.794814,2026-07-25 03:33:42.794814
UNSEEN_CHK_001908,UNSEEN_CUST_00852,9085.31,expired,payment_attempt,2026-07-08 20:57:42.794814,2026-07-08 21:45:42.794814
UNSEEN_CHK_001909,UNSEEN_CUST_00483,32111.5,abandoned,address,2026-07-29 12:41:42.795814,2026-07-29 13:17:42.795814
UNSEEN_CHK_001910,UNSEEN_CUST_00019,13626.29,completed,payment_page,2026-07-14 07:50:42.795814,
UNSEEN_CHK_001911,UNSEEN_CUST_00773,1536.59,abandoned,payment_page,2026-08-16 23:33:42.795814,2026-08-17 00:39:42.795814
UNSEEN_CHK_001912,UNSEEN_CUST_00755,12681.32,completed,review,2026-05-31 11:16:42.795814,
UNSEEN_CHK_001913,UNSEEN_CUST_00246,48841.76,completed,payment_attempt,2026-08-03 19:02:42.795814,
UNSEEN_CHK_001914,UNSEEN_CUST_01264,7457.76,completed,payment_attempt,2026-08-01 03:30:42.795814,
UNSEEN_CHK_001915,UNSEEN_CUST_00019,2318.72,abandoned,review,2026-06-19 20:46:42.795814,2026-06-19 22:10:42.795814
UNSEEN_CHK_001916,UNSEEN_CUST_01159,11033.6,abandoned,address,2026-06-08 05:55:42.795814,2026-06-08 07:39:42.795814
UNSEEN_CHK_001917,UNSEEN_CUST_00583,12409.62,abandoned,payment_page,2026-06-26 23:54:42.795814,2026-06-27 01:03:42.795814
UNSEEN_CHK_001918,UNSEEN_CUST_00092,15982.92,abandoned,payment_attempt,2026-08-04 17:59:41.899985,2026-08-04 18:36:41.899985
UNSEEN_CHK_001919,UNSEEN_CUST_01384,44846.31,completed,review,2026-06-18 19:16:42.796454,
UNSEEN_CHK_001920,UNSEEN_CUST_01084,46311.38,abandoned,address,2026-08-03 16:01:42.796454,2026-08-03 17:32:42.796454
UNSEEN_CHK_001921,UNSEEN_CUST_01289,49617.39,abandoned,payment_page,2026-05-28 01:18:42.797458,2026-05-28 02:00:42.797458
UNSEEN_CHK_001922,UNSEEN_CUST_01244,30939.09,abandoned,payment_attempt,2026-08-18 05:11:41.859983,2026-08-18 05:33:41.859983
UNSEEN_CHK_001923,UNSEEN_CUST_01064,46126.64,completed,address,2026-08-16 03:38:42.798458,
UNSEEN_CHK_001924,UNSEEN_CUST_00699,89995.52,completed,review,2026-07-16 10:17:42.798458,
UNSEEN_CHK_001925,UNSEEN_CUST_00674,6261.72,expired,address,2026-08-16 03:43:42.798458,2026-08-16 04:10:42.798458
UNSEEN_CHK_001926,UNSEEN_CUST_01778,7232.88,completed,payment_page,2026-06-21 04:26:42.798458,
UNSEEN_CHK_001927,UNSEEN_CUST_01848,10241.81,completed,review,2026-06-03 13:47:42.798458,
UNSEEN_CHK_001928,UNSEEN_CUST_00951,3956.15,completed,payment_page,2026-07-05 07:14:42.798458,
UNSEEN_CHK_001929,UNSEEN_CUST_00021,20723.53,completed,payment_page,2026-08-04 16:18:42.798458,
UNSEEN_CHK_001930,UNSEEN_CUST_01460,5768.96,abandoned,review,2026-06-06 02:38:42.798458,2026-06-06 03:21:42.798458
UNSEEN_CHK_001931,UNSEEN_CUST_01447,43976.63,completed,address,2026-08-22 03:33:42.798458,
UNSEEN_CHK_001932,UNSEEN_CUST_01029,17103.48,completed,payment_page,2026-07-30 22:13:42.798458,
UNSEEN_CHK_001933,UNSEEN_CUST_01922,43196.95,expired,payment_page,2026-05-29 08:28:42.798458,2026-05-29 08:37:42.798458
UNSEEN_CHK_001934,UNSEEN_CUST_01774,98895.77,completed,review,2026-06-19 21:15:42.798458,
UNSEEN_CHK_001935,UNSEEN_CUST_00004,28217.39,completed,payment_attempt,2026-08-06 08:06:42.798458,
UNSEEN_CHK_001936,UNSEEN_CUST_01347,6619.73,abandoned,payment_attempt,2026-07-08 11:55:42.067066,2026-07-08 12:52:42.067066
UNSEEN_CHK_001937,UNSEEN_CUST_01878,10984.72,expired,payment_page,2026-07-29 22:44:42.799458,2026-07-30 00:42:42.799458
UNSEEN_CHK_001938,UNSEEN_CUST_00286,39530.63,abandoned,payment_page,2026-08-11 22:21:42.799458,2026-08-11 23:49:42.799458
UNSEEN_CHK_001939,UNSEEN_CUST_00398,3109.12,expired,review,2026-07-08 11:28:42.799458,2026-07-08 11:52:42.799458
UNSEEN_CHK_001940,UNSEEN_CUST_00762,44410.58,expired,review,2026-07-05 10:54:42.799458,2026-07-05 12:07:42.799458
UNSEEN_CHK_001941,UNSEEN_CUST_00688,39160.34,expired,payment_page,2026-06-02 20:29:42.800458,2026-06-02 20:34:42.800458
UNSEEN_CHK_001942,UNSEEN_CUST_00325,43981.2,completed,review,2026-08-03 03:16:42.800458,
UNSEEN_CHK_001943,UNSEEN_CUST_00177,75344.66,completed,review,2026-05-27 22:32:42.800458,
UNSEEN_CHK_001944,UNSEEN_CUST_00645,12932.59,completed,review,2026-06-17 19:15:42.800458,
UNSEEN_CHK_001945,UNSEEN_CUST_01404,16597.65,expired,review,2026-08-26 10:31:42.800458,2026-08-26 11:53:42.800458
UNSEEN_CHK_001946,UNSEEN_CUST_01661,16701.77,completed,review,2026-07-02 14:58:42.800458,
UNSEEN_CHK_001947,UNSEEN_CUST_00599,1150.92,completed,review,2026-07-24 22:38:42.800458,
UNSEEN_CHK_001948,UNSEEN_CUST_01213,39324.48,abandoned,address,2026-08-14 17:15:42.800458,2026-08-14 17:34:42.800458
UNSEEN_CHK_001949,UNSEEN_CUST_00772,48034.22,completed,review,2026-08-15 16:36:42.800458,
UNSEEN_CHK_001950,UNSEEN_CUST_00318,18418.67,completed,payment_attempt,2026-06-19 16:31:42.800458,
UNSEEN_CHK_001951,UNSEEN_CUST_00925,13482.0,completed,review,2026-07-26 12:44:42.800458,
UNSEEN_CHK_001952,UNSEEN_CUST_00255,10914.82,completed,payment_attempt,2026-07-02 18:30:42.800458,
UNSEEN_CHK_001953,UNSEEN_CUST_00340,45109.76,abandoned,payment_page,2026-06-03 18:42:41.895985,2026-06-03 19:07:41.895985
UNSEEN_CHK_001954,UNSEEN_CUST_00122,19427.46,completed,payment_page,2026-06-30 17:31:42.801458,
UNSEEN_CHK_001955,UNSEEN_CUST_00485,44726.51,abandoned,payment_page,2026-08-15 02:32:41.897985,2026-08-15 03:09:41.897985
UNSEEN_CHK_001956,UNSEEN_CUST_00301,40831.39,completed,payment_attempt,2026-07-03 06:29:42.802458,
UNSEEN_CHK_001957,UNSEEN_CUST_01163,31056.11,abandoned,review,2026-08-21 02:02:42.802458,2026-08-21 03:16:42.802458
UNSEEN_CHK_001958,UNSEEN_CUST_00614,13243.84,abandoned,payment_attempt,2026-07-17 00:44:42.022064,2026-07-17 02:16:42.022064
UNSEEN_CHK_001959,UNSEEN_CUST_01910,36037.58,abandoned,review,2026-07-17 18:31:42.803458,2026-07-17 19:09:42.803458
UNSEEN_CHK_001960,UNSEEN_CUST_00336,20303.74,completed,payment_attempt,2026-07-14 22:06:42.803458,
UNSEEN_CHK_001961,UNSEEN_CUST_01899,42046.69,completed,review,2026-06-10 00:06:42.803458,
UNSEEN_CHK_001962,UNSEEN_CUST_00005,42278.45,completed,payment_attempt,2026-06-29 18:11:42.803458,
UNSEEN_CHK_001963,UNSEEN_CUST_01570,71069.47,abandoned,payment_attempt,2026-06-03 21:55:42.038065,2026-06-03 22:53:42.038065
UNSEEN_CHK_001964,UNSEEN_CUST_00370,25027.32,expired,address,2026-06-07 00:04:42.804458,2026-06-07 01:29:42.804458
UNSEEN_CHK_001965,UNSEEN_CUST_01136,44751.35,expired,review,2026-06-23 14:43:42.804458,2026-06-23 16:15:42.804458
UNSEEN_CHK_001966,UNSEEN_CUST_01368,6734.63,completed,payment_page,2026-06-02 02:39:42.805458,
UNSEEN_CHK_001967,UNSEEN_CUST_01821,9463.47,completed,payment_attempt,2026-07-06 05:40:42.805458,
UNSEEN_CHK_001968,UNSEEN_CUST_00058,33302.69,abandoned,payment_page,2026-08-02 04:13:42.130071,2026-08-02 05:12:42.130071
UNSEEN_CHK_001969,UNSEEN_CUST_00625,9869.97,abandoned,payment_page,2026-08-11 15:23:42.806464,2026-08-11 17:12:42.806464
UNSEEN_CHK_001970,UNSEEN_CUST_01886,5446.13,completed,payment_page,2026-07-24 15:12:42.806464,
UNSEEN_CHK_001971,UNSEEN_CUST_00672,4585.58,abandoned,payment_page,2026-08-04 12:27:42.806464,2026-08-04 12:56:42.806464
UNSEEN_CHK_001972,UNSEEN_CUST_00311,25493.33,abandoned,payment_page,2026-07-11 23:25:42.093071,2026-07-12 01:20:42.093071
UNSEEN_CHK_001973,UNSEEN_CUST_01123,10397.33,completed,review,2026-08-21 12:39:42.807458,
UNSEEN_CHK_001974,UNSEEN_CUST_01492,46763.25,completed,payment_attempt,2026-08-10 21:38:42.807458,
UNSEEN_CHK_001975,UNSEEN_CUST_00725,46698.98,completed,review,2026-07-12 05:44:42.807458,
UNSEEN_CHK_001976,UNSEEN_CUST_00388,20076.31,completed,review,2026-07-03 14:23:42.807458,
UNSEEN_CHK_001977,UNSEEN_CUST_00953,21621.03,completed,payment_attempt,2026-07-08 01:16:42.807458,
UNSEEN_CHK_001978,UNSEEN_CUST_00277,19048.44,completed,address,2026-06-26 12:28:42.807458,
UNSEEN_CHK_001979,UNSEEN_CUST_01054,21596.87,completed,payment_attempt,2026-08-04 13:38:42.807458,
UNSEEN_CHK_001980,UNSEEN_CUST_01523,25164.0,completed,payment_page,2026-07-26 07:19:42.807458,
UNSEEN_CHK_001981,UNSEEN_CUST_01445,8975.31,abandoned,payment_attempt,2026-07-06 00:05:41.851478,2026-07-06 01:40:41.851478
UNSEEN_CHK_001982,UNSEEN_CUST_00532,84539.24,abandoned,payment_page,2026-08-21 10:30:42.037077,2026-08-21 10:51:42.037077
UNSEEN_CHK_001983,UNSEEN_CUST_01832,6232.5,completed,payment_attempt,2026-06-19 06:05:42.809458,
UNSEEN_CHK_001984,UNSEEN_CUST_00512,1410.7,completed,address,2026-06-17 20:36:42.809458,
UNSEEN_CHK_001985,UNSEEN_CUST_00249,23233.9,completed,payment_attempt,2026-05-28 16:50:42.809458,
UNSEEN_CHK_001986,UNSEEN_CUST_01831,28624.28,abandoned,address,2026-07-02 02:00:42.809458,2026-07-02 03:37:42.809458
UNSEEN_CHK_001987,UNSEEN_CUST_01713,95141.72,abandoned,payment_page,2026-07-16 19:01:42.809458,2026-07-16 19:28:42.809458
UNSEEN_CHK_001988,UNSEEN_CUST_00049,1418.26,abandoned,payment_attempt,2026-07-01 11:12:42.118071,2026-07-01 13:10:42.118071
UNSEEN_CHK_001989,UNSEEN_CUST_01454,45381.88,abandoned,payment_attempt,2026-06-29 11:13:42.088067,2026-06-29 11:38:42.088067
UNSEEN_CHK_001990,UNSEEN_CUST_00168,21664.3,completed,payment_page,2026-06-16 15:49:42.811458,
UNSEEN_CHK_001991,UNSEEN_CUST_01358,2083.15,completed,address,2026-06-14 23:23:42.811458,
UNSEEN_CHK_001992,UNSEEN_CUST_01664,32469.18,abandoned,address,2026-08-26 12:14:42.811458,2026-08-26 12:40:42.811458
UNSEEN_CHK_001993,UNSEEN_CUST_00853,13850.43,completed,address,2026-08-09 19:47:42.811458,
UNSEEN_CHK_001994,UNSEEN_CUST_01248,32083.51,completed,payment_page,2026-06-29 09:29:42.811458,
UNSEEN_CHK_001995,UNSEEN_CUST_00901,5038.58,abandoned,address,2026-07-04 14:24:42.811458,2026-07-04 15:51:42.811458
UNSEEN_CHK_001996,UNSEEN_CUST_01850,40502.52,abandoned,payment_attempt,2026-08-07 10:40:42.134070,2026-08-07 11:59:42.134070
UNSEEN_CHK_001997,UNSEEN_CUST_01605,47490.82,abandoned,review,2026-06-11 19:49:42.812458,2026-06-11 21:03:42.812458
UNSEEN_CHK_001998,UNSEEN_CUST_01088,4569.88,completed,review,2026-08-09 12:32:42.813458,
UNSEEN_CHK_001999,UNSEEN_CUST_00278,23039.99,completed,payment_page,2026-06-23 14:17:42.813458,
UNSEEN_CHK_002000,UNSEEN_CUST_01849,13920.62,expired,address,2026-07-27 20:57:42.813458,2026-07-27 22:23:42.813458
UNSEEN_CHK_002001,UNSEEN_CUST_00634,35536.09,abandoned,address,2026-07-26 20:57:42.813458,2026-07-26 21:10:42.813458
UNSEEN_CHK_002002,UNSEEN_CUST_01388,44133.8,abandoned,payment_attempt,2026-07-19 06:41:42.022064,2026-07-19 07:51:42.022064
UNSEEN_CHK_002003,UNSEEN_CUST_01303,32702.16,completed,address,2026-05-29 09:46:42.814458,
UNSEEN_CHK_002004,UNSEEN_CUST_01540,35873.21,completed,address,2026-08-06 16:53:42.814458,
UNSEEN_CHK_002005,UNSEEN_CUST_01461,22039.24,completed,payment_page,2026-05-29 08:28:42.814458,
UNSEEN_CHK_002006,UNSEEN_CUST_01449,8752.41,expired,address,2026-08-13 16:34:42.814458,2026-08-13 18:00:42.814458
UNSEEN_CHK_002007,UNSEEN_CUST_00479,9004.23,completed,review,2026-07-06 13:17:42.814458,
UNSEEN_CHK_002008,UNSEEN_CUST_01821,11888.82,abandoned,payment_attempt,2026-07-14 22:35:42.814458,2026-07-15 00:03:42.814458
UNSEEN_CHK_002009,UNSEEN_CUST_01493,13630.86,abandoned,review,2026-07-26 11:59:42.814458,2026-07-26 13:46:42.814458
UNSEEN_CHK_002010,UNSEEN_CUST_01713,91365.86,abandoned,review,2026-08-15 01:02:42.814458,2026-08-15 02:14:42.814458
UNSEEN_CHK_002011,UNSEEN_CUST_01631,43166.01,completed,payment_attempt,2026-08-25 07:21:42.814458,
UNSEEN_CHK_002012,UNSEEN_CUST_01394,31528.62,abandoned,payment_attempt,2026-07-27 20:20:41.892985,2026-07-27 22:01:41.892985
UNSEEN_CHK_002013,UNSEEN_CUST_01154,42583.32,completed,review,2026-08-11 08:05:42.815458,
UNSEEN_CHK_002014,UNSEEN_CUST_00596,7199.9,completed,payment_attempt,2026-07-11 10:31:42.815458,
UNSEEN_CHK_002015,UNSEEN_CUST_01349,16059.77,completed,payment_page,2026-07-15 12:43:42.815458,
UNSEEN_CHK_002016,UNSEEN_CUST_00503,9141.69,completed,payment_page,2026-07-12 21:19:42.815458,
UNSEEN_CHK_002017,UNSEEN_CUST_00225,31149.22,completed,review,2026-07-28 18:21:42.815458,
UNSEEN_CHK_002018,UNSEEN_CUST_01463,13115.48,abandoned,review,2026-06-13 19:12:42.815458,2026-06-13 19:46:42.815458
UNSEEN_CHK_002019,UNSEEN_CUST_01080,32921.02,abandoned,payment_page,2026-07-16 12:03:42.028074,2026-07-16 13:08:42.028074
UNSEEN_CHK_002020,UNSEEN_CUST_01019,5334.94,completed,address,2026-07-10 17:59:42.816458,
UNSEEN_CHK_002021,UNSEEN_CUST_00429,35847.44,abandoned,address,2026-08-14 17:33:42.816458,2026-08-14 18:13:42.816458
UNSEEN_CHK_002022,UNSEEN_CUST_00016,15558.09,abandoned,payment_page,2026-06-09 17:07:42.817458,2026-06-09 17:35:42.817458
UNSEEN_CHK_002023,UNSEEN_CUST_01145,24260.58,expired,payment_attempt,2026-06-19 13:34:42.817458,2026-06-19 14:33:42.817458
UNSEEN_CHK_002024,UNSEEN_CUST_00358,15112.95,completed,payment_page,2026-06-09 07:47:42.817458,
UNSEEN_CHK_002025,UNSEEN_CUST_00870,28219.17,abandoned,address,2026-05-31 12:09:42.817458,2026-05-31 13:39:42.817458
UNSEEN_CHK_002026,UNSEEN_CUST_00288,72415.38,abandoned,address,2026-07-09 02:00:42.817458,2026-07-09 03:08:42.817458
UNSEEN_CHK_002027,UNSEEN_CUST_00437,11075.19,abandoned,address,2026-07-27 14:05:42.817458,2026-07-27 14:11:42.817458
UNSEEN_CHK_002028,UNSEEN_CUST_01830,44054.11,expired,review,2026-08-04 19:51:42.817458,2026-08-04 20:31:42.817458
UNSEEN_CHK_002029,UNSEEN_CUST_00507,48475.14,completed,payment_attempt,2026-07-28 20:24:42.817458,
UNSEEN_CHK_002030,UNSEEN_CUST_01221,84080.79,abandoned,payment_page,2026-08-15 19:46:42.817458,2026-08-15 20:38:42.817458
UNSEEN_CHK_002031,UNSEEN_CUST_00718,15518.0,abandoned,address,2026-06-07 07:46:42.817458,2026-06-07 09:27:42.817458
UNSEEN_CHK_002032,UNSEEN_CUST_01970,23902.73,abandoned,payment_page,2026-07-04 21:01:42.001072,2026-07-04 21:37:42.001072
UNSEEN_CHK_002033,UNSEEN_CUST_00521,19705.63,completed,review,2026-08-24 23:21:42.818458,
UNSEEN_CHK_002034,UNSEEN_CUST_01779,1414.75,completed,address,2026-06-25 01:36:42.818458,
UNSEEN_CHK_002035,UNSEEN_CUST_01280,9881.67,abandoned,address,2026-06-04 07:52:42.818458,2026-06-04 09:46:42.818458
UNSEEN_CHK_002036,UNSEEN_CUST_00287,25847.52,completed,address,2026-06-29 16:15:42.818458,
UNSEEN_CHK_002037,UNSEEN_CUST_01578,30072.12,completed,address,2026-06-05 04:11:42.818458,
UNSEEN_CHK_002038,UNSEEN_CUST_00495,35222.53,abandoned,address,2026-06-02 13:36:42.818458,2026-06-02 14:55:42.818458
UNSEEN_CHK_002039,UNSEEN_CUST_01653,69290.89,completed,payment_page,2026-08-24 06:55:42.818458,
UNSEEN_CHK_002040,UNSEEN_CUST_01356,19561.79,completed,payment_attempt,2026-07-18 10:02:42.818458,
UNSEEN_CHK_002041,UNSEEN_CUST_00399,7653.9,completed,payment_attempt,2026-07-11 03:33:42.818458,
UNSEEN_CHK_002042,UNSEEN_CUST_00901,11380.06,abandoned,payment_attempt,2026-06-18 16:32:42.029071,2026-06-18 17:40:42.029071
UNSEEN_CHK_002043,UNSEEN_CUST_00758,1954.91,completed,review,2026-05-28 12:08:42.820458,
UNSEEN_CHK_002044,UNSEEN_CUST_01424,31794.93,abandoned,payment_page,2026-08-21 12:05:41.985074,2026-08-21 13:09:41.985074
UNSEEN_CHK_002045,UNSEEN_CUST_01739,33550.34,completed,address,2026-07-30 11:56:42.821458,
UNSEEN_CHK_002046,UNSEEN_CUST_01159,24148.78,abandoned,address,2026-07-15 11:58:42.821458,2026-07-15 12:23:42.821458
UNSEEN_CHK_002047,UNSEEN_CUST_01800,34632.44,completed,payment_page,2026-07-21 06:36:42.821458,
UNSEEN_CHK_002048,UNSEEN_CUST_00671,25776.63,expired,payment_page,2026-07-15 10:33:42.821458,2026-07-15 11:46:42.821458
UNSEEN_CHK_002049,UNSEEN_CUST_01426,44267.8,completed,payment_page,2026-08-03 23:13:42.821458,
UNSEEN_CHK_002050,UNSEEN_CUST_01432,18076.89,completed,payment_attempt,2026-07-20 19:03:42.821458,
UNSEEN_CHK_002051,UNSEEN_CUST_01028,16650.47,abandoned,payment_page,2026-07-06 02:39:42.122986,2026-07-06 03:05:42.122986
UNSEEN_CHK_002052,UNSEEN_CUST_01857,34599.15,abandoned,review,2026-07-13 09:09:42.822458,2026-07-13 10:47:42.822458
UNSEEN_CHK_002053,UNSEEN_CUST_01044,33085.18,abandoned,payment_page,2026-07-05 01:25:41.834479,2026-07-05 02:04:41.834479
UNSEEN_CHK_002054,UNSEEN_CUST_01828,9099.0,completed,payment_page,2026-07-26 12:06:42.823458,
UNSEEN_CHK_002055,UNSEEN_CUST_01473,67815.62,abandoned,payment_page,2026-07-12 07:12:42.014079,2026-07-12 07:44:42.014079
UNSEEN_CHK_002056,UNSEEN_CUST_00385,100721.16,abandoned,payment_page,2026-06-29 00:16:42.000077,2026-06-29 01:13:42.000077
UNSEEN_CHK_002057,UNSEEN_CUST_00212,6325.56,abandoned,review,2026-08-19 07:40:42.825458,2026-08-19 09:10:42.825458
UNSEEN_CHK_002058,UNSEEN_CUST_00680,27583.43,completed,address,2026-07-23 11:51:42.825458,
UNSEEN_CHK_002059,UNSEEN_CUST_00088,12932.37,completed,review,2026-08-09 19:35:42.825458,
UNSEEN_CHK_002060,UNSEEN_CUST_01079,17916.3,completed,payment_attempt,2026-07-18 02:12:42.825458,
UNSEEN_CHK_002061,UNSEEN_CUST_00783,36600.2,abandoned,payment_attempt,2026-06-27 09:13:42.825458,2026-06-27 11:00:42.825458
UNSEEN_CHK_002062,UNSEEN_CUST_00096,16824.52,abandoned,payment_attempt,2026-07-04 18:08:42.054066,2026-07-04 18:15:42.054066
UNSEEN_CHK_002063,UNSEEN_CUST_01603,7967.13,abandoned,payment_attempt,2026-07-31 04:08:42.826458,2026-07-31 05:47:42.826458
UNSEEN_CHK_002064,UNSEEN_CUST_00106,17699.78,abandoned,payment_page,2026-08-12 14:26:42.826458,2026-08-12 15:42:42.826458
UNSEEN_CHK_002065,UNSEEN_CUST_00532,25106.09,abandoned,address,2026-08-08 20:38:42.826458,2026-08-08 21:35:42.826458
UNSEEN_CHK_002066,UNSEEN_CUST_00167,1048.54,completed,review,2026-08-05 05:26:42.826458,
UNSEEN_CHK_002067,UNSEEN_CUST_01474,11753.79,completed,review,2026-07-13 06:42:42.826458,
UNSEEN_CHK_002068,UNSEEN_CUST_01109,29510.07,completed,payment_page,2026-07-22 04:05:42.826458,
UNSEEN_CHK_002069,UNSEEN_CUST_01371,5854.32,abandoned,payment_attempt,2026-07-25 16:49:42.826458,2026-07-25 17:34:42.826458
UNSEEN_CHK_002070,UNSEEN_CUST_01116,35704.59,expired,payment_page,2026-06-12 15:08:42.826458,2026-06-12 16:16:42.826458
UNSEEN_CHK_002071,UNSEEN_CUST_00976,7587.46,completed,review,2026-07-29 16:21:42.826458,
UNSEEN_CHK_002072,UNSEEN_CUST_00130,28671.71,abandoned,review,2026-06-12 16:52:42.826458,2026-06-12 18:06:42.826458
UNSEEN_CHK_002073,UNSEEN_CUST_00409,60779.27,expired,payment_page,2026-08-18 04:21:42.827458,2026-08-18 05:22:42.827458
UNSEEN_CHK_002074,UNSEEN_CUST_01115,7381.84,completed,payment_attempt,2026-06-26 22:51:42.827458,
UNSEEN_CHK_002075,UNSEEN_CUST_01085,26166.89,abandoned,payment_attempt,2026-07-12 10:03:42.827458,2026-07-12 12:01:42.827458
UNSEEN_CHK_002076,UNSEEN_CUST_00266,36948.87,completed,payment_page,2026-06-04 07:26:42.827458,
UNSEEN_CHK_002077,UNSEEN_CUST_00210,16678.03,abandoned,payment_attempt,2026-08-10 12:30:42.827458,2026-08-10 12:58:42.827458
UNSEEN_CHK_002078,UNSEEN_CUST_00951,21654.08,abandoned,payment_page,2026-06-15 13:51:41.893985,2026-06-15 15:43:41.893985
UNSEEN_CHK_002079,UNSEEN_CUST_01165,13841.6,completed,review,2026-08-13 07:50:42.828458,
UNSEEN_CHK_002080,UNSEEN_CUST_00209,46527.56,completed,review,2026-07-22 18:18:42.828458,
UNSEEN_CHK_002081,UNSEEN_CUST_01603,29217.25,abandoned,payment_page,2026-07-19 14:46:41.982066,2026-07-19 14:51:41.982066
UNSEEN_CHK_002082,UNSEEN_CUST_00722,23385.63,abandoned,payment_page,2026-08-23 13:21:42.064990,2026-08-23 13:53:42.064990
UNSEEN_CHK_002083,UNSEEN_CUST_00279,48476.21,completed,payment_attempt,2026-07-26 14:57:42.830458,
UNSEEN_CHK_002084,UNSEEN_CUST_00110,26491.71,completed,payment_page,2026-07-19 19:20:42.830458,
UNSEEN_CHK_002085,UNSEEN_CUST_01549,7085.68,completed,review,2026-06-06 23:41:42.830458,
UNSEEN_CHK_002086,UNSEEN_CUST_00250,46073.76,abandoned,payment_page,2026-07-04 13:16:42.830458,2026-07-04 14:35:42.830458
UNSEEN_CHK_002087,UNSEEN_CUST_00239,35905.82,completed,payment_page,2026-07-22 13:20:42.830458,
UNSEEN_CHK_002088,UNSEEN_CUST_00105,9034.11,expired,review,2026-07-28 11:04:42.830458,2026-07-28 12:32:42.830458
UNSEEN_CHK_002089,UNSEEN_CUST_00130,44392.05,abandoned,payment_attempt,2026-06-29 22:04:42.830458,2026-06-29 22:12:42.830458
UNSEEN_CHK_002090,UNSEEN_CUST_01634,3914.64,completed,payment_page,2026-07-02 15:10:42.830458,
UNSEEN_CHK_002091,UNSEEN_CUST_00200,19128.83,abandoned,payment_attempt,2026-07-01 05:46:42.830458,2026-07-01 06:23:42.830458
UNSEEN_CHK_002092,UNSEEN_CUST_00712,18962.97,abandoned,payment_page,2026-08-07 01:53:42.830458,2026-08-07 03:33:42.830458
UNSEEN_CHK_002093,UNSEEN_CUST_00963,19249.67,abandoned,payment_page,2026-08-09 00:26:41.826478,2026-08-09 01:12:41.826478
UNSEEN_CHK_002094,UNSEEN_CUST_01249,10724.78,completed,payment_attempt,2026-08-20 06:12:42.831458,
UNSEEN_CHK_002095,UNSEEN_CUST_00216,42659.92,completed,payment_attempt,2026-08-09 22:58:42.831458,
UNSEEN_CHK_002096,UNSEEN_CUST_01153,30509.96,completed,review,2026-08-06 21:49:42.831458,
UNSEEN_CHK_002097,UNSEEN_CUST_01495,33425.46,abandoned,payment_attempt,2026-08-14 03:50:42.831458,2026-08-14 04:37:42.831458
UNSEEN_CHK_002098,UNSEEN_CUST_01484,49397.63,abandoned,payment_attempt,2026-06-10 19:21:41.846480,2026-06-10 19:27:41.846480
UNSEEN_CHK_002099,UNSEEN_CUST_00428,46605.04,abandoned,payment_page,2026-07-25 18:34:42.832458,2026-07-25 19:38:42.832458
UNSEEN_CHK_002100,UNSEEN_CUST_01244,10764.9,abandoned,payment_page,2026-06-21 13:19:41.828478,2026-06-21 14:00:41.828478
UNSEEN_CHK_002101,UNSEEN_CUST_01127,67376.75,completed,payment_attempt,2026-07-23 09:22:42.833458,
UNSEEN_CHK_002102,UNSEEN_CUST_01781,11913.94,abandoned,payment_page,2026-06-05 14:23:42.833458,2026-06-05 15:38:42.833458
UNSEEN_CHK_002103,UNSEEN_CUST_01433,8184.92,abandoned,payment_page,2026-06-01 11:19:41.942990,2026-06-01 12:18:41.942990
UNSEEN_CHK_002104,UNSEEN_CUST_01825,5371.45,abandoned,payment_attempt,2026-06-04 11:24:41.892985,2026-06-04 13:17:41.892985
UNSEEN_CHK_002105,UNSEEN_CUST_00002,38873.87,abandoned,payment_attempt,2026-07-31 22:07:42.835458,2026-07-31 23:09:42.835458
UNSEEN_CHK_002106,UNSEEN_CUST_01446,42980.65,abandoned,payment_page,2026-08-21 14:57:41.974067,2026-08-21 16:19:41.974067
UNSEEN_CHK_002107,UNSEEN_CUST_00212,44183.23,abandoned,payment_page,2026-07-12 08:08:42.131073,2026-07-12 09:51:42.131073
UNSEEN_CHK_002108,UNSEEN_CUST_00840,45999.7,completed,review,2026-08-17 12:20:42.837458,
UNSEEN_CHK_002109,UNSEEN_CUST_00107,19281.47,completed,address,2026-07-21 10:11:42.837458,
UNSEEN_CHK_002110,UNSEEN_CUST_01352,56394.98,expired,review,2026-06-14 16:24:42.837458,2026-06-14 16:49:42.837458
UNSEEN_CHK_002111,UNSEEN_CUST_01193,69082.85,expired,payment_attempt,2026-06-19 09:20:42.837458,2026-06-19 09:56:42.837458
UNSEEN_CHK_002112,UNSEEN_CUST_00959,95328.1,abandoned,review,2026-08-04 09:43:42.837458,2026-08-04 11:25:42.837458
UNSEEN_CHK_002113,UNSEEN_CUST_01425,95482.63,completed,payment_page,2026-07-12 02:08:42.837458,
UNSEEN_CHK_002114,UNSEEN_CUST_01264,14321.32,completed,address,2026-07-13 07:51:42.837458,
UNSEEN_CHK_002115,UNSEEN_CUST_00758,1506.62,abandoned,payment_attempt,2026-07-24 03:01:42.837458,2026-07-24 03:44:42.837458
UNSEEN_CHK_002116,UNSEEN_CUST_00786,72372.74,abandoned,address,2026-06-13 04:23:42.837458,2026-06-13 05:19:42.837458
UNSEEN_CHK_002117,UNSEEN_CUST_00481,6008.47,abandoned,review,2026-06-12 18:31:42.837458,2026-06-12 19:05:42.837458
UNSEEN_CHK_002118,UNSEEN_CUST_01810,20065.85,abandoned,payment_attempt,2026-07-09 07:14:42.838458,2026-07-09 07:43:42.838458
UNSEEN_CHK_002119,UNSEEN_CUST_00811,12580.32,abandoned,payment_attempt,2026-06-24 03:06:42.078066,2026-06-24 03:22:42.078066
UNSEEN_CHK_002120,UNSEEN_CUST_00101,41141.17,expired,payment_attempt,2026-05-29 10:11:42.839458,2026-05-29 11:06:42.839458
UNSEEN_CHK_002121,UNSEEN_CUST_01180,28149.01,abandoned,address,2026-08-20 23:29:42.839458,2026-08-21 00:03:42.839458
UNSEEN_CHK_002122,UNSEEN_CUST_00723,35631.6,expired,address,2026-08-12 03:16:42.839458,2026-08-12 04:52:42.839458
UNSEEN_CHK_002123,UNSEEN_CUST_01169,31996.98,completed,payment_attempt,2026-07-31 19:28:42.839458,
UNSEEN_CHK_002124,UNSEEN_CUST_00206,44888.23,completed,address,2026-08-02 23:15:42.839458,
UNSEEN_CHK_002125,UNSEEN_CUST_00612,17678.12,abandoned,payment_page,2026-07-12 10:26:41.862990,2026-07-12 11:06:41.862990
UNSEEN_CHK_002126,UNSEEN_CUST_01543,28427.53,completed,payment_page,2026-06-18 13:31:42.840459,
UNSEEN_CHK_002127,UNSEEN_CUST_01287,48983.96,abandoned,address,2026-07-07 09:21:42.840459,2026-07-07 09:54:42.840459
UNSEEN_CHK_002128,UNSEEN_CUST_00198,2636.29,abandoned,payment_page,2026-06-03 18:48:42.024080,2026-06-03 20:08:42.024080
UNSEEN_CHK_002129,UNSEEN_CUST_01655,19550.4,abandoned,payment_page,2026-07-21 07:10:42.841458,2026-07-21 07:41:42.841458
UNSEEN_CHK_002130,UNSEEN_CUST_01365,41076.95,abandoned,payment_attempt,2026-07-28 07:55:42.841458,2026-07-28 09:34:42.841458
UNSEEN_CHK_002131,UNSEEN_CUST_01924,28097.94,abandoned,review,2026-07-16 20:03:42.841458,2026-07-16 21:17:42.841458
UNSEEN_CHK_002132,UNSEEN_CUST_01966,16514.79,abandoned,payment_attempt,2026-08-26 16:14:41.904985,2026-08-26 16:56:41.904985
UNSEEN_CHK_002133,UNSEEN_CUST_00788,37081.47,completed,payment_attempt,2026-08-06 11:24:42.842458,
UNSEEN_CHK_002134,UNSEEN_CUST_00119,5940.41,completed,payment_attempt,2026-08-19 10:57:42.842458,
UNSEEN_CHK_002135,UNSEEN_CUST_00801,14627.33,abandoned,review,2026-08-11 07:24:42.842458,2026-08-11 08:40:42.842458
UNSEEN_CHK_002136,UNSEEN_CUST_01663,9372.99,expired,payment_attempt,2026-08-21 17:25:42.842458,2026-08-21 19:03:42.842458
UNSEEN_CHK_002137,UNSEEN_CUST_00739,32430.14,abandoned,payment_page,2026-06-18 06:01:42.080084,2026-06-18 07:29:42.080084
UNSEEN_CHK_002138,UNSEEN_CUST_00045,34534.95,completed,payment_attempt,2026-07-15 11:55:42.843458,
UNSEEN_CHK_002139,UNSEEN_CUST_01459,16326.46,completed,payment_page,2026-06-14 11:40:42.843458,
UNSEEN_CHK_002140,UNSEEN_CUST_00170,26569.55,expired,review,2026-06-22 12:24:42.843458,2026-06-22 13:10:42.843458
UNSEEN_CHK_002141,UNSEEN_CUST_01511,35008.02,completed,payment_attempt,2026-07-21 22:25:42.844458,
UNSEEN_CHK_002142,UNSEEN_CUST_01585,54509.52,abandoned,payment_attempt,2026-07-31 14:37:42.122074,2026-07-31 15:28:42.122074
UNSEEN_CHK_002143,UNSEEN_CUST_01349,10731.96,completed,payment_attempt,2026-07-12 07:05:42.845458,
UNSEEN_CHK_002144,UNSEEN_CUST_01355,36510.36,completed,payment_page,2026-06-13 05:34:42.845458,
UNSEEN_CHK_002145,UNSEEN_CUST_01655,20252.74,completed,review,2026-08-11 03:23:42.845458,
UNSEEN_CHK_002146,UNSEEN_CUST_00791,12857.55,completed,payment_attempt,2026-06-10 03:03:42.845458,
UNSEEN_CHK_002147,UNSEEN_CUST_00746,4827.37,completed,review,2026-07-17 04:02:42.845458,
UNSEEN_CHK_002148,UNSEEN_CUST_00530,26117.61,abandoned,payment_page,2026-06-28 10:52:42.845458,2026-06-28 11:19:42.845458
UNSEEN_CHK_002149,UNSEEN_CUST_00280,18288.78,abandoned,review,2026-07-27 19:55:42.845458,2026-07-27 21:40:42.845458
UNSEEN_CHK_002150,UNSEEN_CUST_00952,5099.71,abandoned,payment_attempt,2026-06-30 22:18:42.845458,2026-07-01 00:15:42.845458
UNSEEN_CHK_002151,UNSEEN_CUST_01315,7202.49,abandoned,payment_attempt,2026-08-09 08:39:42.845458,2026-08-09 09:01:42.845458
UNSEEN_CHK_002152,UNSEEN_CUST_00187,2506.99,completed,address,2026-07-25 00:27:42.845458,
UNSEEN_CHK_002153,UNSEEN_CUST_01374,45263.77,abandoned,payment_page,2026-07-13 11:37:41.998077,2026-07-13 12:22:41.998077
UNSEEN_CHK_002154,UNSEEN_CUST_01290,37764.28,abandoned,payment_page,2026-08-16 07:56:41.807579,2026-08-16 09:30:41.807579
UNSEEN_CHK_002155,UNSEEN_CUST_01887,25037.62,completed,payment_attempt,2026-07-24 14:05:42.847458,
UNSEEN_CHK_002156,UNSEEN_CUST_00413,45516.2,completed,payment_page,2026-06-19 20:53:42.847458,
UNSEEN_CHK_002157,UNSEEN_CUST_00362,6067.39,abandoned,review,2026-06-14 15:35:42.847458,2026-06-14 17:06:42.847458
UNSEEN_CHK_002158,UNSEEN_CUST_00182,13815.01,abandoned,review,2026-07-31 03:17:42.847458,2026-07-31 04:35:42.847458
UNSEEN_CHK_002159,UNSEEN_CUST_01033,34508.55,abandoned,payment_page,2026-06-22 20:33:41.928990,2026-06-22 21:13:41.928990
UNSEEN_CHK_002160,UNSEEN_CUST_01749,30090.29,abandoned,payment_page,2026-07-15 22:54:42.062076,2026-07-16 00:23:42.062076
UNSEEN_CHK_002161,UNSEEN_CUST_00624,3243.53,abandoned,payment_page,2026-08-05 14:11:42.060071,2026-08-05 15:32:42.060071
UNSEEN_CHK_002162,UNSEEN_CUST_00721,41598.11,abandoned,review,2026-08-14 19:19:42.850458,2026-08-14 20:16:42.850458
UNSEEN_CHK_002163,UNSEEN_CUST_01061,13510.78,expired,address,2026-07-21 21:03:42.850458,2026-07-21 21:16:42.850458
UNSEEN_CHK_002164,UNSEEN_CUST_00449,15080.63,abandoned,payment_page,2026-06-28 08:40:41.992078,2026-06-28 09:53:41.992078
UNSEEN_CHK_002165,UNSEEN_CUST_00506,9135.81,abandoned,payment_page,2026-07-15 14:52:41.844480,2026-07-15 16:25:41.844480
UNSEEN_CHK_002166,UNSEEN_CUST_00666,32048.39,completed,payment_attempt,2026-06-08 18:15:42.852458,
UNSEEN_CHK_002167,UNSEEN_CUST_01867,89751.54,completed,payment_attempt,2026-06-23 09:28:42.852458,
UNSEEN_CHK_002168,UNSEEN_CUST_01788,27539.45,completed,payment_attempt,2026-08-14 13:15:42.852458,
UNSEEN_CHK_002169,UNSEEN_CUST_01355,45920.04,abandoned,payment_attempt,2026-08-25 14:30:42.852458,2026-08-25 14:54:42.852458
UNSEEN_CHK_002170,UNSEEN_CUST_01029,46540.29,abandoned,payment_attempt,2026-06-15 10:58:42.852458,2026-06-15 11:35:42.852458
UNSEEN_CHK_002171,UNSEEN_CUST_00190,3017.92,completed,review,2026-06-07 16:31:42.852458,
UNSEEN_CHK_002172,UNSEEN_CUST_00181,67485.52,completed,payment_page,2026-07-22 19:11:42.852458,
UNSEEN_CHK_002173,UNSEEN_CUST_00677,8562.75,expired,address,2026-05-30 17:42:42.852458,2026-05-30 19:11:42.852458
UNSEEN_CHK_002174,UNSEEN_CUST_01671,26830.67,abandoned,payment_attempt,2026-08-16 15:58:42.852458,2026-08-16 17:30:42.852458
UNSEEN_CHK_002175,UNSEEN_CUST_01368,27325.3,abandoned,payment_page,2026-08-21 04:54:42.853458,2026-08-21 06:33:42.853458
UNSEEN_CHK_002176,UNSEEN_CUST_01634,25612.65,expired,payment_attempt,2026-07-13 06:03:42.853458,2026-07-13 07:52:42.853458
UNSEEN_CHK_002177,UNSEEN_CUST_01758,32475.62,completed,address,2026-07-27 13:38:42.853458,
UNSEEN_CHK_002178,UNSEEN_CUST_00321,32288.66,abandoned,payment_page,2026-06-02 02:54:42.853458,2026-06-02 03:11:42.853458
UNSEEN_CHK_002179,UNSEEN_CUST_00715,39979.96,completed,payment_attempt,2026-07-24 10:54:42.853458,
UNSEEN_CHK_002180,UNSEEN_CUST_01644,74111.8,completed,address,2026-06-21 13:36:42.853458,
UNSEEN_CHK_002181,UNSEEN_CUST_00320,61262.44,abandoned,payment_attempt,2026-06-13 18:04:42.853458,2026-06-13 18:50:42.853458
UNSEEN_CHK_002182,UNSEEN_CUST_01833,21629.94,expired,review,2026-07-01 01:26:42.853458,2026-07-01 01:46:42.853458
UNSEEN_CHK_002183,UNSEEN_CUST_00218,49696.12,completed,payment_attempt,2026-05-30 18:34:42.853458,
UNSEEN_CHK_002184,UNSEEN_CUST_00009,39911.07,completed,payment_attempt,2026-08-25 16:00:42.853458,
UNSEEN_CHK_002185,UNSEEN_CUST_01169,26300.69,abandoned,payment_page,2026-07-14 06:20:41.911985,2026-07-14 06:38:41.911985
UNSEEN_CHK_002186,UNSEEN_CUST_00263,19115.2,abandoned,address,2026-07-14 08:09:42.854458,2026-07-14 08:33:42.854458
UNSEEN_CHK_002187,UNSEEN_CUST_00580,31743.17,abandoned,payment_page,2026-06-20 18:25:42.854458,2026-06-20 18:55:42.854458
UNSEEN_CHK_002188,UNSEEN_CUST_00609,10048.44,abandoned,payment_attempt,2026-06-12 03:25:41.964990,2026-06-12 05:14:41.964990
UNSEEN_CHK_002189,UNSEEN_CUST_01565,9912.69,abandoned,payment_attempt,2026-07-26 19:14:42.855458,2026-07-26 21:06:42.855458
UNSEEN_CHK_002190,UNSEEN_CUST_01916,709.95,abandoned,address,2026-06-15 21:12:42.855458,2026-06-15 21:20:42.855458
UNSEEN_CHK_002191,UNSEEN_CUST_00846,35795.17,completed,payment_page,2026-07-25 02:21:42.855458,
UNSEEN_CHK_002192,UNSEEN_CUST_01437,33903.14,abandoned,review,2026-08-16 10:01:42.855458,2026-08-16 11:11:42.855458
UNSEEN_CHK_002193,UNSEEN_CUST_01044,18983.9,abandoned,review,2026-05-29 23:30:42.855458,2026-05-30 01:04:42.855458
UNSEEN_CHK_002194,UNSEEN_CUST_01741,37920.24,completed,payment_page,2026-08-03 00:24:42.855458,
UNSEEN_CHK_002195,UNSEEN_CUST_00077,25642.01,completed,address,2026-08-02 03:37:42.855458,
UNSEEN_CHK_002196,UNSEEN_CUST_00507,26956.05,abandoned,payment_page,2026-07-05 14:42:42.113071,2026-07-05 16:39:42.113071
UNSEEN_CHK_002197,UNSEEN_CUST_00780,50412.44,abandoned,payment_attempt,2026-07-19 06:26:42.856458,2026-07-19 07:19:42.856458
UNSEEN_CHK_002198,UNSEEN_CUST_01917,21931.24,abandoned,payment_page,2026-07-19 23:30:42.857458,2026-07-20 01:10:42.857458
UNSEEN_CHK_002199,UNSEEN_CUST_00612,8094.9,completed,address,2026-06-18 03:27:42.857458,
UNSEEN_CHK_002200,UNSEEN_CUST_01958,41327.36,completed,payment_page,2026-08-21 05:07:42.857458,
UNSEEN_CHK_002201,UNSEEN_CUST_00660,43020.53,abandoned,payment_page,2026-06-13 21:55:41.996072,2026-06-13 22:48:41.996072
UNSEEN_CHK_002202,UNSEEN_CUST_01693,17872.72,abandoned,payment_page,2026-07-26 06:05:41.844480,2026-07-26 06:32:41.844480
UNSEEN_CHK_002203,UNSEEN_CUST_01891,21596.45,completed,payment_attempt,2026-08-22 23:12:42.859458,
UNSEEN_CHK_002204,UNSEEN_CUST_00777,15981.68,completed,payment_attempt,2026-07-20 00:28:42.859458,
UNSEEN_CHK_002205,UNSEEN_CUST_01241,18437.08,abandoned,payment_attempt,2026-07-03 08:36:42.859458,2026-07-03 09:53:42.859458
UNSEEN_CHK_002206,UNSEEN_CUST_00518,537.03,expired,review,2026-07-29 11:24:42.859458,2026-07-29 11:31:42.859458
UNSEEN_CHK_002207,UNSEEN_CUST_01774,93959.1,abandoned,payment_attempt,2026-06-10 23:43:42.859458,2026-06-11 00:15:42.859458
UNSEEN_CHK_002208,UNSEEN_CUST_00225,1244.23,completed,review,2026-07-30 12:15:42.859458,
UNSEEN_CHK_002209,UNSEEN_CUST_01780,20820.54,abandoned,payment_attempt,2026-08-15 11:15:41.858483,2026-08-15 11:27:41.858483
UNSEEN_CHK_002210,UNSEEN_CUST_00382,4784.49,expired,payment_attempt,2026-07-12 06:21:42.860458,2026-07-12 07:18:42.860458
UNSEEN_CHK_002211,UNSEEN_CUST_01237,22297.41,completed,payment_page,2026-07-15 09:51:42.860458,
UNSEEN_CHK_002212,UNSEEN_CUST_01215,40533.67,completed,review,2026-06-09 04:28:42.860458,
UNSEEN_CHK_002213,UNSEEN_CUST_00194,28709.79,abandoned,payment_page,2026-08-08 00:11:42.860458,2026-08-08 01:57:42.860458
UNSEEN_CHK_002214,UNSEEN_CUST_01840,8579.55,completed,payment_page,2026-08-23 02:49:42.860458,
UNSEEN_CHK_002215,UNSEEN_CUST_00493,45872.95,completed,review,2026-06-18 17:47:42.860458,
UNSEEN_CHK_002216,UNSEEN_CUST_01663,27795.69,abandoned,review,2026-07-05 19:05:42.860458,2026-07-05 19:21:42.860458
UNSEEN_CHK_002217,UNSEEN_CUST_01836,29264.35,abandoned,payment_attempt,2026-07-01 15:50:42.860458,2026-07-01 15:53:42.860458
UNSEEN_CHK_002218,UNSEEN_CUST_01711,35510.78,completed,payment_attempt,2026-06-17 01:31:42.860458,
UNSEEN_CHK_002219,UNSEEN_CUST_01458,47337.51,completed,payment_page,2026-06-08 04:40:42.860458,
UNSEEN_CHK_002220,UNSEEN_CUST_00271,47073.62,completed,review,2026-06-19 20:22:42.860458,
UNSEEN_CHK_002221,UNSEEN_CUST_01734,17587.35,completed,payment_attempt,2026-08-21 21:17:42.861458,
UNSEEN_CHK_002222,UNSEEN_CUST_01222,2498.99,abandoned,address,2026-07-04 23:26:42.861458,2026-07-05 00:58:42.861458
UNSEEN_CHK_002223,UNSEEN_CUST_00666,5469.45,abandoned,payment_attempt,2026-08-03 01:46:42.019070,2026-08-03 01:57:42.019070
UNSEEN_CHK_002224,UNSEEN_CUST_01394,13297.64,completed,address,2026-08-07 16:29:42.862458,
UNSEEN_CHK_002225,UNSEEN_CUST_00661,29543.3,completed,review,2026-06-17 22:58:42.862458,
UNSEEN_CHK_002226,UNSEEN_CUST_00055,25574.33,completed,payment_page,2026-08-20 04:06:42.862458,
UNSEEN_CHK_002227,UNSEEN_CUST_00941,19920.92,abandoned,payment_attempt,2026-08-18 12:54:41.938990,2026-08-18 14:34:41.938990
UNSEEN_CHK_002228,UNSEEN_CUST_01090,7906.43,abandoned,review,2026-07-19 00:59:42.863458,2026-07-19 01:57:42.863458
UNSEEN_CHK_002229,UNSEEN_CUST_00037,18603.41,abandoned,payment_page,2026-06-10 20:12:42.863458,2026-06-10 20:48:42.863458
UNSEEN_CHK_002230,UNSEEN_CUST_00705,12381.88,abandoned,payment_attempt,2026-07-22 04:18:42.863458,2026-07-22 05:37:42.863458
UNSEEN_CHK_002231,UNSEEN_CUST_00905,91392.26,completed,address,2026-07-08 09:37:42.863458,
UNSEEN_CHK_002232,UNSEEN_CUST_00008,33645.11,completed,review,2026-05-27 23:19:42.863458,
UNSEEN_CHK_002233,UNSEEN_CUST_01515,6857.49,abandoned,address,2026-06-24 15:44:42.863458,2026-06-24 16:46:42.863458
UNSEEN_CHK_002234,UNSEEN_CUST_00474,15662.15,abandoned,review,2026-07-25 11:29:42.863458,2026-07-25 13:15:42.863458
UNSEEN_CHK_002235,UNSEEN_CUST_00760,23616.56,abandoned,payment_attempt,2026-06-02 14:37:42.863458,2026-06-02 16:02:42.863458
UNSEEN_CHK_002236,UNSEEN_CUST_00116,35557.08,abandoned,review,2026-07-25 16:04:42.863458,2026-07-25 17:08:42.863458
UNSEEN_CHK_002237,UNSEEN_CUST_01219,32783.35,completed,payment_attempt,2026-06-10 21:57:42.863458,
UNSEEN_CHK_002238,UNSEEN_CUST_00137,10348.39,completed,review,2026-05-28 10:34:42.863458,
UNSEEN_CHK_002239,UNSEEN_CUST_01086,52804.03,abandoned,payment_page,2026-08-08 08:54:42.863458,2026-08-08 09:55:42.863458
UNSEEN_CHK_002240,UNSEEN_CUST_01884,15057.61,completed,review,2026-08-11 16:53:42.863458,
UNSEEN_CHK_002241,UNSEEN_CUST_01538,22084.8,completed,payment_attempt,2026-06-10 08:42:42.863458,
UNSEEN_CHK_002242,UNSEEN_CUST_00664,65063.9,completed,review,2026-06-24 02:06:42.863458,
UNSEEN_CHK_002243,UNSEEN_CUST_00540,15435.82,abandoned,review,2026-07-27 20:46:42.863458,2026-07-27 21:25:42.863458
UNSEEN_CHK_002244,UNSEEN_CUST_01987,100738.62,abandoned,payment_page,2026-08-20 08:09:41.894985,2026-08-20 09:49:41.894985
UNSEEN_CHK_002245,UNSEEN_CUST_01000,71561.26,completed,address,2026-06-21 21:21:42.864458,
UNSEEN_CHK_002246,UNSEEN_CUST_00870,46633.9,completed,payment_page,2026-05-31 20:44:42.865458,
UNSEEN_CHK_002247,UNSEEN_CUST_00194,34436.7,completed,payment_page,2026-07-26 01:23:42.865458,
UNSEEN_CHK_002248,UNSEEN_CUST_00352,41678.33,expired,payment_page,2026-08-17 23:33:42.865458,2026-08-17 23:39:42.865458
UNSEEN_CHK_002249,UNSEEN_CUST_01377,15575.82,expired,payment_attempt,2026-07-16 08:08:42.865458,2026-07-16 08:16:42.865458
UNSEEN_CHK_002250,UNSEEN_CUST_01148,7964.81,abandoned,payment_attempt,2026-06-26 23:07:41.970990,2026-06-27 00:07:41.970990
UNSEEN_CHK_002251,UNSEEN_CUST_00738,49360.22,abandoned,review,2026-06-17 18:43:42.866458,2026-06-17 18:49:42.866458
UNSEEN_CHK_002252,UNSEEN_CUST_01757,751.21,completed,payment_page,2026-07-06 17:11:42.866458,
UNSEEN_CHK_002253,UNSEEN_CUST_01467,27106.95,abandoned,address,2026-07-14 22:11:42.866458,2026-07-15 00:05:42.866458
UNSEEN_CHK_002254,UNSEEN_CUST_00601,47699.5,abandoned,payment_page,2026-06-09 03:34:41.886985,2026-06-09 04:46:41.886985
UNSEEN_CHK_002255,UNSEEN_CUST_00749,10405.4,abandoned,review,2026-07-19 22:55:42.867458,2026-07-19 23:02:42.867458
UNSEEN_CHK_002256,UNSEEN_CUST_01686,3225.44,abandoned,review,2026-07-25 18:23:42.867458,2026-07-25 19:10:42.867458
UNSEEN_CHK_002257,UNSEEN_CUST_00151,27723.42,abandoned,payment_page,2026-08-19 13:20:42.867458,2026-08-19 13:27:42.867458
UNSEEN_CHK_002258,UNSEEN_CUST_01818,40981.68,completed,payment_attempt,2026-08-14 03:32:42.867458,
UNSEEN_CHK_002259,UNSEEN_CUST_00223,24578.52,completed,payment_page,2026-06-27 12:42:42.867458,
UNSEEN_CHK_002260,UNSEEN_CUST_00930,12686.7,completed,payment_attempt,2026-08-15 04:20:42.867458,
UNSEEN_CHK_002261,UNSEEN_CUST_01618,10945.79,completed,payment_page,2026-07-15 17:16:42.867458,
UNSEEN_CHK_002262,UNSEEN_CUST_01153,10295.93,completed,payment_page,2026-07-27 03:17:42.867458,
UNSEEN_CHK_002263,UNSEEN_CUST_00364,35044.74,completed,address,2026-05-29 12:27:42.867458,
UNSEEN_CHK_002264,UNSEEN_CUST_00223,18931.57,completed,payment_attempt,2026-07-31 16:41:42.867458,
UNSEEN_CHK_002265,UNSEEN_CUST_01841,19640.65,completed,address,2026-08-03 16:54:42.867458,
UNSEEN_CHK_002266,UNSEEN_CUST_01344,23013.39,expired,payment_page,2026-06-24 16:49:42.867458,2026-06-24 17:26:42.867458
UNSEEN_CHK_002267,UNSEEN_CUST_00449,14066.16,completed,payment_attempt,2026-07-02 00:11:42.867458,
UNSEEN_CHK_002268,UNSEEN_CUST_00392,4006.69,completed,address,2026-05-29 07:00:42.868458,
UNSEEN_CHK_002269,UNSEEN_CUST_01314,49319.02,expired,payment_attempt,2026-06-29 12:36:42.868458,2026-06-29 12:57:42.868458
UNSEEN_CHK_002270,UNSEEN_CUST_00925,17064.38,completed,review,2026-07-18 02:45:42.868458,
UNSEEN_CHK_002271,UNSEEN_CUST_00342,7245.18,abandoned,payment_attempt,2026-07-06 13:22:42.025997,2026-07-06 13:47:42.025997
UNSEEN_CHK_002272,UNSEEN_CUST_01835,2812.62,completed,payment_page,2026-06-02 03:26:42.869458,
UNSEEN_CHK_002273,UNSEEN_CUST_01898,45229.15,completed,payment_attempt,2026-08-22 09:00:42.869458,
UNSEEN_CHK_002274,UNSEEN_CUST_01149,17477.15,expired,address,2026-08-22 19:48:42.869458,2026-08-22 20:56:42.869458
UNSEEN_CHK_002275,UNSEEN_CUST_00733,26896.5,completed,address,2026-08-09 17:03:42.869458,
UNSEEN_CHK_002276,UNSEEN_CUST_00979,16572.39,completed,review,2026-06-15 03:39:42.869458,
UNSEEN_CHK_002277,UNSEEN_CUST_01921,56325.72,expired,payment_page,2026-07-22 06:03:42.869458,2026-07-22 07:35:42.869458
UNSEEN_CHK_002278,UNSEEN_CUST_00637,30938.61,completed,payment_page,2026-08-10 09:37:42.869458,
UNSEEN_CHK_002279,UNSEEN_CUST_01012,574.69,completed,review,2026-07-12 12:09:42.869458,
UNSEEN_CHK_002280,UNSEEN_CUST_00059,94801.62,completed,payment_attempt,2026-08-19 01:17:42.869458,
UNSEEN_CHK_002281,UNSEEN_CUST_00486,2371.73,abandoned,payment_page,2026-07-30 05:36:42.869458,2026-07-30 06:47:42.869458
UNSEEN_CHK_002282,UNSEEN_CUST_00004,40534.39,abandoned,payment_attempt,2026-08-07 11:34:42.121071,2026-08-07 12:29:42.121071
UNSEEN_CHK_002283,UNSEEN_CUST_00167,48794.48,completed,address,2026-06-13 14:56:42.870458,
UNSEEN_CHK_002284,UNSEEN_CUST_00793,9009.83,completed,payment_attempt,2026-06-16 05:01:42.870458,
UNSEEN_CHK_002285,UNSEEN_CUST_01455,15762.34,abandoned,address,2026-06-10 22:06:42.870458,2026-06-10 22:25:42.870458
UNSEEN_CHK_002286,UNSEEN_CUST_01176,28736.6,abandoned,payment_attempt,2026-06-08 20:06:42.870458,2026-06-08 20:41:42.870458
UNSEEN_CHK_002287,UNSEEN_CUST_01629,18273.83,expired,payment_attempt,2026-06-19 20:40:42.870458,2026-06-19 20:59:42.870458
UNSEEN_CHK_002288,UNSEEN_CUST_00136,29698.15,completed,address,2026-06-23 16:10:42.870458,
UNSEEN_CHK_002289,UNSEEN_CUST_00720,34825.84,abandoned,address,2026-05-27 20:54:42.870458,2026-05-27 22:21:42.870458
UNSEEN_CHK_002290,UNSEEN_CUST_01221,53564.34,abandoned,payment_page,2026-07-02 21:47:41.862990,2026-07-02 22:13:41.862990
UNSEEN_CHK_002291,UNSEEN_CUST_00683,819.23,abandoned,payment_attempt,2026-07-18 23:22:41.887985,2026-07-19 00:37:41.887985
UNSEEN_CHK_002292,UNSEEN_CUST_00702,5878.93,abandoned,review,2026-06-11 16:16:42.872458,2026-06-11 16:29:42.872458
UNSEEN_CHK_002293,UNSEEN_CUST_01699,47711.29,completed,payment_page,2026-08-24 01:00:42.872458,
UNSEEN_CHK_002294,UNSEEN_CUST_01125,40436.32,abandoned,payment_attempt,2026-07-20 18:19:42.054066,2026-07-20 18:35:42.054066
UNSEEN_CHK_002295,UNSEEN_CUST_00417,9631.37,completed,review,2026-07-23 01:03:42.873458,
UNSEEN_CHK_002296,UNSEEN_CUST_00286,48710.93,completed,payment_attempt,2026-07-05 17:29:42.874465,
UNSEEN_CHK_002297,UNSEEN_CUST_00608,30662.55,abandoned,payment_attempt,2026-07-29 23:02:41.849478,2026-07-30 00:40:41.849478
UNSEEN_CHK_002298,UNSEEN_CUST_01034,30673.28,abandoned,address,2026-05-28 19:18:42.875458,2026-05-28 20:10:42.875458
UNSEEN_CHK_002299,UNSEEN_CUST_01081,16071.4,abandoned,review,2026-07-13 08:10:42.875458,2026-07-13 08:26:42.875458
UNSEEN_CHK_002300,UNSEEN_CUST_01859,34689.41,expired,payment_page,2026-08-05 14:27:42.875458,2026-08-05 16:21:42.875458
UNSEEN_CHK_002301,UNSEEN_CUST_00648,3204.94,completed,payment_page,2026-06-22 18:28:42.875458,
UNSEEN_CHK_002302,UNSEEN_CUST_01240,32064.51,abandoned,payment_page,2026-08-21 23:35:42.875458,2026-08-22 01:22:42.875458
UNSEEN_CHK_002303,UNSEEN_CUST_01099,35307.3,abandoned,payment_page,2026-08-01 11:42:41.996072,2026-08-01 12:47:41.996072
UNSEEN_CHK_002304,UNSEEN_CUST_00651,28927.48,completed,payment_attempt,2026-06-29 11:23:42.876548,
UNSEEN_CHK_002305,UNSEEN_CUST_00551,16375.62,abandoned,payment_attempt,2026-06-14 23:26:42.085032,2026-06-14 23:55:42.085032
UNSEEN_CHK_002306,UNSEEN_CUST_00430,94179.25,abandoned,address,2026-05-30 04:40:42.877545,2026-05-30 06:13:42.877545
UNSEEN_CHK_002307,UNSEEN_CUST_01154,44542.94,completed,address,2026-08-23 15:16:42.877545,
UNSEEN_CHK_002308,UNSEEN_CUST_01307,8213.7,completed,address,2026-07-02 08:09:42.877545,
UNSEEN_CHK_002309,UNSEEN_CUST_01622,31723.64,abandoned,payment_attempt,2026-07-28 08:44:42.877545,2026-07-28 09:06:42.877545
UNSEEN_CHK_002310,UNSEEN_CUST_00892,1822.01,abandoned,payment_attempt,2026-06-19 22:26:42.021069,2026-06-19 22:50:42.021069
UNSEEN_CHK_002311,UNSEEN_CUST_01465,4551.19,completed,review,2026-06-09 15:16:42.878545,
UNSEEN_CHK_002312,UNSEEN_CUST_00120,23214.09,expired,review,2026-07-08 11:54:42.878545,2026-07-08 13:16:42.878545
UNSEEN_CHK_002313,UNSEEN_CUST_00068,33698.6,abandoned,payment_attempt,2026-06-01 00:23:42.134070,2026-06-01 01:40:42.134070
UNSEEN_CHK_002314,UNSEEN_CUST_00247,61804.22,completed,payment_page,2026-07-17 22:39:42.880546,
UNSEEN_CHK_002315,UNSEEN_CUST_00351,31382.01,abandoned,payment_attempt,2026-07-17 09:55:42.130071,2026-07-17 10:50:42.130071
UNSEEN_CHK_002316,UNSEEN_CUST_00044,38614.79,abandoned,payment_attempt,2026-08-23 04:56:42.022987,2026-08-23 05:18:42.022987
UNSEEN_CHK_002317,UNSEEN_CUST_01343,41698.63,abandoned,payment_page,2026-08-22 11:46:42.109079,2026-08-22 12:23:42.109079
UNSEEN_CHK_002318,UNSEEN_CUST_01718,4288.69,completed,review,2026-07-13 10:41:42.885546,
UNSEEN_CHK_002319,UNSEEN_CUST_01974,30816.23,expired,payment_attempt,2026-06-29 16:51:42.885546,2026-06-29 17:13:42.885546
UNSEEN_CHK_002320,UNSEEN_CUST_01981,30959.69,completed,address,2026-07-03 22:55:42.886543,
UNSEEN_CHK_002321,UNSEEN_CUST_01538,41166.29,completed,payment_page,2026-08-11 18:29:42.886543,
UNSEEN_CHK_002322,UNSEEN_CUST_01644,47339.71,completed,review,2026-07-20 12:55:42.886543,
UNSEEN_CHK_002323,UNSEEN_CUST_01915,36180.24,completed,payment_attempt,2026-06-10 19:35:42.886543,
UNSEEN_CHK_002324,UNSEEN_CUST_01943,30954.93,completed,review,2026-06-20 08:58:42.886543,
UNSEEN_CHK_002325,UNSEEN_CUST_01763,27834.33,abandoned,payment_attempt,2026-08-01 12:48:41.917985,2026-08-01 13:07:41.917985
UNSEEN_CHK_002326,UNSEEN_CUST_00678,29882.42,expired,payment_page,2026-08-21 07:02:42.888549,2026-08-21 07:26:42.888549
UNSEEN_CHK_002327,UNSEEN_CUST_00577,5534.2,abandoned,payment_attempt,2026-07-15 23:12:41.930990,2026-07-16 00:16:41.930990
UNSEEN_CHK_002328,UNSEEN_CUST_01537,15195.68,abandoned,payment_page,2026-07-04 05:30:42.018069,2026-07-04 06:26:42.018069
UNSEEN_CHK_002329,UNSEEN_CUST_00210,15867.62,abandoned,address,2026-07-02 01:38:42.892547,2026-07-02 03:15:42.892547
UNSEEN_CHK_002330,UNSEEN_CUST_01912,1171.37,completed,review,2026-08-11 17:49:42.892547,
UNSEEN_CHK_002331,UNSEEN_CUST_00867,25904.13,abandoned,address,2026-08-03 06:52:42.892547,2026-08-03 08:01:42.892547
UNSEEN_CHK_002332,UNSEEN_CUST_00703,2419.31,completed,review,2026-06-27 23:04:42.892547,
UNSEEN_CHK_002333,UNSEEN_CUST_00119,9300.79,completed,payment_attempt,2026-07-10 20:07:42.893539,
UNSEEN_CHK_002334,UNSEEN_CUST_00710,97843.64,completed,address,2026-06-12 01:30:42.893539,
UNSEEN_CHK_002335,UNSEEN_CUST_01700,43177.62,completed,review,2026-08-12 15:17:42.893539,
UNSEEN_CHK_002336,UNSEEN_CUST_00660,21469.95,completed,payment_page,2026-08-19 15:29:42.893539,
UNSEEN_CHK_002337,UNSEEN_CUST_00749,13120.74,abandoned,review,2026-07-26 21:18:42.893539,2026-07-26 22:22:42.893539
UNSEEN_CHK_002338,UNSEEN_CUST_00863,96578.18,expired,review,2026-08-17 08:53:42.893539,2026-08-17 09:43:42.893539
UNSEEN_CHK_002339,UNSEEN_CUST_00273,24879.89,completed,payment_attempt,2026-06-13 18:20:42.894543,
UNSEEN_CHK_002340,UNSEEN_CUST_00455,3150.63,abandoned,payment_attempt,2026-08-24 04:55:41.921999,2026-08-24 06:16:41.921999
UNSEEN_CHK_002341,UNSEEN_CUST_01493,2580.77,abandoned,address,2026-06-22 19:19:42.895543,2026-06-22 20:16:42.895543
UNSEEN_CHK_002342,UNSEEN_CUST_01901,11834.92,completed,payment_attempt,2026-06-17 07:46:42.896543,
UNSEEN_CHK_002343,UNSEEN_CUST_01444,59544.99,completed,payment_page,2026-05-30 11:39:42.896543,
UNSEEN_CHK_002344,UNSEEN_CUST_01126,36990.07,completed,address,2026-06-19 18:44:42.896543,
UNSEEN_CHK_002345,UNSEEN_CUST_01897,4095.48,abandoned,address,2026-06-22 12:18:42.896543,2026-06-22 14:04:42.896543
UNSEEN_CHK_002346,UNSEEN_CUST_01793,12794.14,abandoned,payment_attempt,2026-07-16 21:02:42.896543,2026-07-16 22:19:42.896543
UNSEEN_CHK_002347,UNSEEN_CUST_00275,30003.47,completed,address,2026-07-16 08:48:42.896543,
UNSEEN_CHK_002348,UNSEEN_CUST_00543,1824.34,expired,address,2026-07-24 10:17:42.897539,2026-07-24 11:01:42.897539
UNSEEN_CHK_002349,UNSEEN_CUST_00795,30356.07,completed,payment_page,2026-07-13 16:41:42.897539,
UNSEEN_CHK_002350,UNSEEN_CUST_01339,24949.11,completed,review,2026-06-18 04:05:42.897539,
UNSEEN_CHK_002351,UNSEEN_CUST_01068,1433.33,abandoned,address,2026-07-30 00:08:42.897539,2026-07-30 00:47:42.897539
UNSEEN_CHK_002352,UNSEEN_CUST_00943,16363.24,abandoned,payment_attempt,2026-07-17 11:18:42.897539,2026-07-17 11:30:42.897539
UNSEEN_CHK_002353,UNSEEN_CUST_01401,12681.97,completed,payment_page,2026-06-09 03:38:42.898543,
UNSEEN_CHK_002354,UNSEEN_CUST_00367,34409.05,abandoned,review,2026-07-09 03:44:42.898543,2026-07-09 04:29:42.898543
UNSEEN_CHK_002355,UNSEEN_CUST_00149,32099.01,abandoned,payment_page,2026-07-14 07:53:42.056078,2026-07-14 08:39:42.056078
UNSEEN_CHK_002356,UNSEEN_CUST_00300,48513.2,completed,review,2026-06-11 08:54:42.899544,
UNSEEN_CHK_002357,UNSEEN_CUST_00772,22899.53,abandoned,review,2026-08-13 12:56:42.900540,2026-08-13 13:06:42.900540
UNSEEN_CHK_002358,UNSEEN_CUST_00650,43318.19,abandoned,review,2026-07-05 21:03:42.900540,2026-07-05 21:24:42.900540
UNSEEN_CHK_002359,UNSEEN_CUST_00465,39777.28,expired,payment_attempt,2026-06-26 04:01:42.900540,2026-06-26 05:42:42.900540
UNSEEN_CHK_002360,UNSEEN_CUST_01840,91719.88,abandoned,payment_page,2026-06-09 12:41:42.089987,2026-06-09 13:13:42.089987
UNSEEN_CHK_002361,UNSEEN_CUST_00206,28093.39,completed,review,2026-07-26 07:39:42.902542,
UNSEEN_CHK_002362,UNSEEN_CUST_01721,26236.8,completed,payment_attempt,2026-07-14 00:50:42.902542,
UNSEEN_CHK_002363,UNSEEN_CUST_01055,14241.65,completed,address,2026-05-31 06:30:42.902542,
UNSEEN_CHK_002364,UNSEEN_CUST_01512,2755.0,completed,payment_page,2026-08-19 00:31:42.902542,
UNSEEN_CHK_002365,UNSEEN_CUST_00521,9906.59,completed,payment_attempt,2026-07-15 17:15:42.903543,
UNSEEN_CHK_002366,UNSEEN_CUST_01734,44428.29,abandoned,address,2026-06-25 19:39:42.903543,2026-06-25 21:08:42.903543
UNSEEN_CHK_002367,UNSEEN_CUST_01704,39522.95,completed,address,2026-06-01 11:34:42.903543,
UNSEEN_CHK_002368,UNSEEN_CUST_00432,73333.68,abandoned,payment_attempt,2026-07-19 23:26:42.903543,2026-07-20 00:05:42.903543
UNSEEN_CHK_002369,UNSEEN_CUST_01551,2441.52,completed,payment_page,2026-07-21 02:50:42.903543,
UNSEEN_CHK_002370,UNSEEN_CUST_01644,42624.55,abandoned,payment_attempt,2026-07-12 10:03:42.904541,2026-07-12 11:04:42.904541
UNSEEN_CHK_002371,UNSEEN_CUST_01309,14984.16,completed,review,2026-08-11 00:01:42.904541,
UNSEEN_CHK_002372,UNSEEN_CUST_00221,69649.59,completed,address,2026-07-27 19:55:42.904541,
UNSEEN_CHK_002373,UNSEEN_CUST_00347,13253.35,expired,review,2026-06-19 14:18:42.904541,2026-06-19 15:33:42.904541
UNSEEN_CHK_002374,UNSEEN_CUST_01572,30305.32,completed,payment_page,2026-07-06 23:28:42.904541,
UNSEEN_CHK_002375,UNSEEN_CUST_00993,26543.22,completed,payment_attempt,2026-08-05 20:40:42.904541,
UNSEEN_CHK_002376,UNSEEN_CUST_01890,80866.37,completed,review,2026-08-03 05:07:42.905544,
UNSEEN_CHK_002377,UNSEEN_CUST_00625,3543.69,completed,payment_attempt,2026-08-06 05:43:42.905544,
UNSEEN_CHK_002378,UNSEEN_CUST_00494,8150.77,abandoned,payment_page,2026-08-07 08:57:42.905544,2026-08-07 09:59:42.905544
UNSEEN_CHK_002379,UNSEEN_CUST_01327,28624.23,completed,payment_attempt,2026-07-24 01:34:42.905544,
UNSEEN_CHK_002380,UNSEEN_CUST_00393,36538.12,completed,payment_page,2026-06-18 01:00:42.905544,
UNSEEN_CHK_002381,UNSEEN_CUST_01699,28516.11,expired,payment_attempt,2026-05-29 00:34:42.905544,2026-05-29 01:36:42.905544
UNSEEN_CHK_002382,UNSEEN_CUST_01454,32278.18,completed,payment_attempt,2026-07-29 17:25:42.906548,
UNSEEN_CHK_002383,UNSEEN_CUST_00205,12968.42,completed,payment_attempt,2026-06-15 13:32:42.906548,
UNSEEN_CHK_002384,UNSEEN_CUST_00322,40529.25,completed,address,2026-06-14 03:16:42.906548,
UNSEEN_CHK_002385,UNSEEN_CUST_01906,15622.95,abandoned,payment_page,2026-08-19 12:51:41.905985,2026-08-19 13:15:41.905985
UNSEEN_CHK_002386,UNSEEN_CUST_01287,17979.85,completed,payment_page,2026-07-12 05:08:42.908543,
UNSEEN_CHK_002387,UNSEEN_CUST_00015,98278.93,abandoned,address,2026-07-04 03:55:42.908543,2026-07-04 05:19:42.908543
UNSEEN_CHK_002388,UNSEEN_CUST_00286,37693.9,completed,review,2026-06-14 07:18:42.909542,
UNSEEN_CHK_002389,UNSEEN_CUST_01538,10267.45,abandoned,payment_page,2026-05-29 01:41:41.898985,2026-05-29 02:02:41.898985
UNSEEN_CHK_002390,UNSEEN_CUST_01132,28459.57,completed,address,2026-06-01 23:12:42.911542,
UNSEEN_CHK_002391,UNSEEN_CUST_00185,26802.12,completed,address,2026-07-30 22:43:42.911542,
UNSEEN_CHK_002392,UNSEEN_CUST_01721,38672.31,abandoned,payment_attempt,2026-07-13 18:00:41.856478,2026-07-13 19:26:41.856478
UNSEEN_CHK_002393,UNSEEN_CUST_00576,34035.23,completed,payment_attempt,2026-06-25 10:31:42.913541,
UNSEEN_CHK_002394,UNSEEN_CUST_01518,8763.99,completed,payment_page,2026-07-13 04:21:42.913541,
UNSEEN_CHK_002395,UNSEEN_CUST_00928,70068.8,expired,review,2026-08-03 09:23:42.913541,2026-08-03 10:09:42.913541
UNSEEN_CHK_002396,UNSEEN_CUST_01667,3798.75,abandoned,review,2026-07-12 10:58:42.913541,2026-07-12 11:14:42.913541
UNSEEN_CHK_002397,UNSEEN_CUST_01609,13890.51,completed,payment_page,2026-08-06 11:41:42.913541,
UNSEEN_CHK_002398,UNSEEN_CUST_01770,91246.3,abandoned,address,2026-08-17 17:29:42.914544,2026-08-17 18:09:42.914544
UNSEEN_CHK_002399,UNSEEN_CUST_00283,6427.72,completed,payment_attempt,2026-06-21 14:55:42.914544,
UNSEEN_CHK_002400,UNSEEN_CUST_01336,34842.5,expired,address,2026-06-27 21:09:42.914544,2026-06-27 21:11:42.914544
UNSEEN_CHK_002401,UNSEEN_CUST_01290,25135.07,completed,address,2026-06-06 07:17:42.914544,
UNSEEN_CHK_002402,UNSEEN_CUST_01516,47354.39,abandoned,payment_page,2026-08-23 18:43:42.045075,2026-08-23 20:40:42.045075
UNSEEN_CHK_002403,UNSEEN_CUST_00384,3597.16,completed,payment_page,2026-06-18 16:14:42.916541,
UNSEEN_CHK_002404,UNSEEN_CUST_01602,11195.82,completed,payment_attempt,2026-07-13 11:51:42.916541,
UNSEEN_CHK_002405,UNSEEN_CUST_00894,35952.87,abandoned,payment_attempt,2026-07-14 07:52:41.833480,2026-07-14 09:48:41.833480
UNSEEN_CHK_002406,UNSEEN_CUST_01702,13719.83,completed,payment_page,2026-06-21 07:06:42.918543,
UNSEEN_CHK_002407,UNSEEN_CUST_00575,2648.13,completed,review,2026-08-19 18:33:42.918543,
UNSEEN_CHK_002408,UNSEEN_CUST_01425,45109.16,completed,payment_attempt,2026-05-30 02:51:42.918543,
UNSEEN_CHK_002409,UNSEEN_CUST_01434,1458.3,abandoned,payment_attempt,2026-06-10 14:37:42.918543,2026-06-10 15:23:42.918543
UNSEEN_CHK_002410,UNSEEN_CUST_01621,39137.06,completed,payment_attempt,2026-08-21 14:26:42.919542,
UNSEEN_CHK_002411,UNSEEN_CUST_01689,2356.98,completed,review,2026-08-21 14:32:42.919542,
UNSEEN_CHK_002412,UNSEEN_CUST_01123,10677.47,completed,address,2026-07-14 02:03:42.919542,
UNSEEN_CHK_002413,UNSEEN_CUST_00729,65084.33,completed,address,2026-06-27 17:25:42.919542,
UNSEEN_CHK_002414,UNSEEN_CUST_01433,7763.13,abandoned,payment_page,2026-06-01 11:18:41.942990,2026-06-01 11:22:41.942990
UNSEEN_CHK_002415,UNSEEN_CUST_00375,38109.31,abandoned,payment_page,2026-06-01 15:30:42.010987,2026-06-01 16:20:42.010987
UNSEEN_CHK_002416,UNSEEN_CUST_01082,7666.54,completed,address,2026-06-08 04:17:42.923560,
UNSEEN_CHK_002417,UNSEEN_CUST_00719,1592.22,abandoned,address,2026-06-21 13:14:42.923560,2026-06-21 14:57:42.923560
UNSEEN_CHK_002418,UNSEEN_CUST_01580,29009.2,completed,address,2026-07-02 17:11:42.923560,
UNSEEN_CHK_002419,UNSEEN_CUST_01883,24444.3,abandoned,review,2026-06-07 08:03:42.924541,2026-06-07 09:16:42.924541
UNSEEN_CHK_002420,UNSEEN_CUST_01513,20126.07,abandoned,review,2026-08-04 01:10:42.924541,2026-08-04 02:54:42.924541
UNSEEN_CHK_002421,UNSEEN_CUST_00666,46859.16,expired,review,2026-07-11 13:57:42.924541,2026-07-11 14:51:42.924541
UNSEEN_CHK_002422,UNSEEN_CUST_01670,23986.62,abandoned,payment_attempt,2026-07-12 17:13:42.924541,2026-07-12 18:43:42.924541
UNSEEN_CHK_002423,UNSEEN_CUST_01828,37153.58,completed,payment_page,2026-08-08 10:34:42.924541,
UNSEEN_CHK_002424,UNSEEN_CUST_00260,30164.27,completed,payment_page,2026-07-13 03:38:42.924541,
UNSEEN_CHK_002425,UNSEEN_CUST_01802,38169.8,completed,payment_attempt,2026-08-01 10:55:42.925543,
UNSEEN_CHK_002426,UNSEEN_CUST_00813,23089.92,completed,review,2026-06-26 03:58:42.925543,
UNSEEN_CHK_002427,UNSEEN_CUST_01537,14617.05,abandoned,payment_page,2026-07-04 04:25:42.018069,2026-07-04 04:58:42.018069
UNSEEN_CHK_002428,UNSEEN_CUST_01522,39983.38,abandoned,address,2026-06-06 05:39:42.927544,2026-06-06 06:39:42.927544
UNSEEN_CHK_002429,UNSEEN_CUST_01460,9491.17,completed,payment_page,2026-08-09 12:24:42.927544,
UNSEEN_CHK_002430,UNSEEN_CUST_01698,65013.5,completed,review,2026-06-14 22:10:42.927544,
UNSEEN_CHK_002431,UNSEEN_CUST_01399,33992.2,abandoned,payment_page,2026-06-04 22:38:42.927544,2026-06-05 00:31:42.927544
UNSEEN_CHK_002432,UNSEEN_CUST_01456,9808.85,abandoned,review,2026-07-04 18:37:42.927544,2026-07-04 20:24:42.927544
UNSEEN_CHK_002433,UNSEEN_CUST_00905,87263.39,completed,review,2026-06-08 15:10:42.928541,
UNSEEN_CHK_002434,UNSEEN_CUST_00444,9643.57,expired,payment_attempt,2026-07-05 07:27:42.928541,2026-07-05 08:39:42.928541
UNSEEN_CHK_002435,UNSEEN_CUST_00708,8710.9,abandoned,review,2026-06-27 23:41:42.928541,2026-06-28 00:39:42.928541
UNSEEN_CHK_002436,UNSEEN_CUST_00898,16915.12,completed,payment_attempt,2026-06-23 02:42:42.928541,
UNSEEN_CHK_002437,UNSEEN_CUST_02000,28727.24,completed,payment_attempt,2026-06-28 18:02:42.928541,
UNSEEN_CHK_002438,UNSEEN_CUST_00113,26687.84,abandoned,address,2026-07-21 02:47:42.928541,2026-07-21 03:01:42.928541
UNSEEN_CHK_002439,UNSEEN_CUST_00163,47614.0,abandoned,payment_page,2026-08-26 05:37:41.830479,2026-08-26 07:29:41.830479
UNSEEN_CHK_002440,UNSEEN_CUST_01718,38365.78,completed,review,2026-07-03 18:45:42.930542,
UNSEEN_CHK_002441,UNSEEN_CUST_01123,17145.28,completed,payment_page,2026-08-16 14:34:42.930542,
UNSEEN_CHK_002442,UNSEEN_CUST_01319,42988.39,abandoned,payment_page,2026-06-20 05:55:42.126065,2026-06-20 06:00:42.126065
UNSEEN_CHK_002443,UNSEEN_CUST_00989,15738.59,completed,payment_attempt,2026-06-12 17:59:42.932540,
UNSEEN_CHK_002444,UNSEEN_CUST_01068,14346.01,abandoned,payment_attempt,2026-07-20 17:52:41.866990,2026-07-20 18:43:41.866990
UNSEEN_CHK_002445,UNSEEN_CUST_00832,19126.64,abandoned,payment_attempt,2026-08-18 13:58:42.061077,2026-08-18 15:15:42.061077
UNSEEN_CHK_002446,UNSEEN_CUST_01341,4488.45,completed,address,2026-06-19 06:44:42.936541,
UNSEEN_CHK_002447,UNSEEN_CUST_00376,9925.34,completed,review,2026-06-20 04:05:42.936541,
UNSEEN_CHK_002448,UNSEEN_CUST_00744,48105.27,completed,payment_page,2026-08-14 11:02:42.936541,
UNSEEN_CHK_002449,UNSEEN_CUST_01651,15984.86,completed,address,2026-06-21 07:44:42.936541,
UNSEEN_CHK_002450,UNSEEN_CUST_00666,5439.26,abandoned,payment_attempt,2026-08-03 00:28:42.019070,2026-08-03 01:02:42.019070
UNSEEN_CHK_002451,UNSEEN_CUST_00152,21141.6,completed,payment_page,2026-08-13 15:55:42.938536,
UNSEEN_CHK_002452,UNSEEN_CUST_00404,21478.26,expired,address,2026-07-12 22:53:42.938536,2026-07-12 23:39:42.938536
UNSEEN_CHK_002453,UNSEEN_CUST_00471,11683.05,abandoned,payment_attempt,2026-06-02 10:36:41.871990,2026-06-02 11:36:41.871990
UNSEEN_CHK_002454,UNSEEN_CUST_01791,27220.59,abandoned,review,2026-06-21 01:11:42.941547,2026-06-21 01:33:42.941547
UNSEEN_CHK_002455,UNSEEN_CUST_01971,20180.25,abandoned,review,2026-06-01 08:17:42.941547,2026-06-01 09:43:42.941547
UNSEEN_CHK_002456,UNSEEN_CUST_00905,18825.55,abandoned,address,2026-08-10 11:45:42.941547,2026-08-10 13:08:42.941547
UNSEEN_CHK_002457,UNSEEN_CUST_00928,51334.27,completed,payment_attempt,2026-07-18 07:56:42.941547,
UNSEEN_CHK_002458,UNSEEN_CUST_00020,22294.54,expired,review,2026-08-17 03:04:42.942539,2026-08-17 03:08:42.942539
UNSEEN_CHK_002459,UNSEEN_CUST_01255,26311.47,completed,address,2026-08-17 15:09:42.942539,
UNSEEN_CHK_002460,UNSEEN_CUST_00713,17505.96,completed,review,2026-05-29 15:00:42.942539,
UNSEEN_CHK_002461,UNSEEN_CUST_00945,34971.21,abandoned,payment_page,2026-06-03 10:09:42.942539,2026-06-03 11:27:42.942539
UNSEEN_CHK_002462,UNSEEN_CUST_01037,48462.81,completed,payment_page,2026-06-06 09:53:42.942539,
UNSEEN_CHK_002463,UNSEEN_CUST_00181,89657.63,abandoned,payment_page,2026-08-16 10:26:42.943544,2026-08-16 11:37:42.943544
UNSEEN_CHK_002464,UNSEEN_CUST_01798,25381.54,completed,payment_page,2026-07-17 18:26:42.943544,
UNSEEN_CHK_002465,UNSEEN_CUST_00078,18843.46,completed,payment_attempt,2026-07-31 19:26:42.943544,
UNSEEN_CHK_002466,UNSEEN_CUST_01887,62892.69,completed,review,2026-08-01 14:16:42.943544,
UNSEEN_CHK_002467,UNSEEN_CUST_01599,19503.63,completed,address,2026-06-12 21:42:42.944539,
UNSEEN_CHK_002468,UNSEEN_CUST_01355,25817.01,abandoned,review,2026-05-29 03:26:42.944539,2026-05-29 04:32:42.944539
UNSEEN_CHK_002469,UNSEEN_CUST_01116,28936.89,expired,payment_page,2026-08-09 01:12:42.944539,2026-08-09 02:13:42.944539
UNSEEN_CHK_002470,UNSEEN_CUST_00525,56278.97,abandoned,payment_attempt,2026-07-23 18:33:42.944539,2026-07-23 19:33:42.944539
UNSEEN_CHK_002471,UNSEEN_CUST_00202,47477.88,abandoned,address,2026-07-14 04:01:42.944539,2026-07-14 05:15:42.944539
UNSEEN_CHK_002472,UNSEEN_CUST_00588,41778.68,completed,address,2026-06-16 07:49:42.945548,
UNSEEN_CHK_002473,UNSEEN_CUST_01690,40570.73,abandoned,payment_page,2026-07-02 00:28:42.945548,2026-07-02 01:34:42.945548
UNSEEN_CHK_002474,UNSEEN_CUST_00191,17327.55,completed,payment_page,2026-06-01 14:52:42.945548,
UNSEEN_CHK_002475,UNSEEN_CUST_00392,7829.61,completed,review,2026-08-15 17:26:42.945548,
UNSEEN_CHK_002476,UNSEEN_CUST_00663,38099.87,expired,review,2026-07-16 12:32:42.946548,2026-07-16 12:57:42.946548
UNSEEN_CHK_002477,UNSEEN_CUST_01074,45760.0,completed,address,2026-06-25 21:46:42.946548,
UNSEEN_CHK_002478,UNSEEN_CUST_00886,22970.43,expired,payment_page,2026-07-22 13:58:42.946548,2026-07-22 14:51:42.946548
UNSEEN_CHK_002479,UNSEEN_CUST_00688,19682.55,abandoned,payment_attempt,2026-06-10 07:31:41.889985,2026-06-10 08:02:41.889985
UNSEEN_CHK_002480,UNSEEN_CUST_00462,24760.09,abandoned,payment_attempt,2026-08-08 19:55:41.814992,2026-08-08 21:51:41.814992
UNSEEN_CHK_002481,UNSEEN_CUST_00031,13931.84,completed,address,2026-06-10 17:59:42.951538,
UNSEEN_CHK_002482,UNSEEN_CUST_01675,10797.32,completed,review,2026-07-14 14:04:42.951538,
UNSEEN_CHK_002483,UNSEEN_CUST_00738,26541.43,expired,address,2026-08-19 05:40:42.951538,2026-08-19 07:15:42.951538
UNSEEN_CHK_002484,UNSEEN_CUST_01448,9853.35,completed,review,2026-08-16 14:54:42.951538,
UNSEEN_CHK_002485,UNSEEN_CUST_01666,3719.95,abandoned,payment_page,2026-08-11 14:20:41.840478,2026-08-11 15:24:41.840478
UNSEEN_CHK_002486,UNSEEN_CUST_01735,22664.15,completed,payment_page,2026-06-05 09:30:42.954545,
UNSEEN_CHK_002487,UNSEEN_CUST_01043,30664.18,abandoned,review,2026-08-16 13:07:42.954545,2026-08-16 13:57:42.954545
UNSEEN_CHK_002488,UNSEEN_CUST_01045,16524.15,completed,payment_page,2026-06-23 07:44:42.955542,
UNSEEN_CHK_002489,UNSEEN_CUST_00941,44319.0,abandoned,payment_page,2026-06-30 10:28:42.955542,2026-06-30 12:21:42.955542
UNSEEN_CHK_002490,UNSEEN_CUST_01073,19436.15,completed,payment_attempt,2026-07-01 13:42:42.955542,
UNSEEN_CHK_002491,UNSEEN_CUST_00645,31118.42,abandoned,address,2026-07-17 09:36:42.956542,2026-07-17 10:11:42.956542
UNSEEN_CHK_002492,UNSEEN_CUST_01979,28883.15,completed,payment_attempt,2026-06-09 03:13:42.956542,
UNSEEN_CHK_002493,UNSEEN_CUST_00172,2358.12,completed,payment_page,2026-06-26 21:38:42.956542,
UNSEEN_CHK_002494,UNSEEN_CUST_00955,10254.47,abandoned,payment_page,2026-08-07 17:29:42.956542,2026-08-07 18:13:42.956542
UNSEEN_CHK_002495,UNSEEN_CUST_00004,28971.56,completed,payment_page,2026-07-06 22:50:42.956542,
UNSEEN_CHK_002496,UNSEEN_CUST_00777,23010.87,abandoned,payment_attempt,2026-07-30 13:59:42.956542,2026-07-30 15:23:42.956542
UNSEEN_CHK_002497,UNSEEN_CUST_00728,16481.93,abandoned,payment_page,2026-06-29 00:10:41.804579,2026-06-29 00:47:41.804579
UNSEEN_CHK_002498,UNSEEN_CUST_00430,20219.73,completed,address,2026-07-01 08:48:42.957551,
UNSEEN_CHK_002499,UNSEEN_CUST_00210,30360.58,expired,payment_attempt,2026-06-30 13:00:42.957551,2026-06-30 13:53:42.957551
UNSEEN_CHK_002500,UNSEEN_CUST_00223,32470.87,completed,payment_attempt,2026-07-09 15:52:42.957551,
UNSEEN_CHK_002501,UNSEEN_CUST_00351,13699.15,abandoned,review,2026-07-06 18:50:42.957551,2026-07-06 20:07:42.957551
UNSEEN_CHK_002502,UNSEEN_CUST_00862,6360.82,expired,payment_page,2026-08-14 14:37:42.957551,2026-08-14 16:10:42.957551
UNSEEN_CHK_002503,UNSEEN_CUST_00364,5891.19,completed,review,2026-08-02 03:05:42.958539,
UNSEEN_CHK_002504,UNSEEN_CUST_00409,51807.76,completed,payment_page,2026-06-02 17:43:42.958539,
UNSEEN_CHK_002505,UNSEEN_CUST_01770,95310.99,completed,address,2026-07-07 18:53:42.958539,
UNSEEN_CHK_002506,UNSEEN_CUST_01099,40988.16,abandoned,address,2026-06-27 11:43:42.958539,2026-06-27 12:18:42.958539
UNSEEN_CHK_002507,UNSEEN_CUST_01466,12846.91,expired,payment_page,2026-07-24 11:52:42.958539,2026-07-24 13:49:42.958539
UNSEEN_CHK_002508,UNSEEN_CUST_01456,19955.89,expired,payment_page,2026-06-03 10:18:42.958539,2026-06-03 12:07:42.958539
UNSEEN_CHK_002509,UNSEEN_CUST_01822,1587.43,completed,payment_attempt,2026-08-23 03:22:42.958539,
UNSEEN_CHK_002510,UNSEEN_CUST_01175,12299.45,abandoned,payment_attempt,2026-07-19 03:13:42.958539,2026-07-19 03:42:42.958539
UNSEEN_CHK_002511,UNSEEN_CUST_01467,44941.85,abandoned,payment_page,2026-05-31 19:01:42.129078,2026-05-31 19:03:42.129078
UNSEEN_CHK_002512,UNSEEN_CUST_00492,44510.35,completed,payment_attempt,2026-06-16 04:26:42.959537,
UNSEEN_CHK_002513,UNSEEN_CUST_00397,41934.82,abandoned,review,2026-06-19 00:49:42.959537,2026-06-19 01:37:42.959537
UNSEEN_CHK_002514,UNSEEN_CUST_01666,25370.27,completed,review,2026-06-28 11:59:42.959537,
UNSEEN_CHK_002515,UNSEEN_CUST_01154,31149.37,abandoned,payment_attempt,2026-07-07 08:41:42.959537,2026-07-07 10:30:42.959537
UNSEEN_CHK_002516,UNSEEN_CUST_00939,15893.39,completed,address,2026-06-06 14:01:42.960539,
UNSEEN_CHK_002517,UNSEEN_CUST_00221,66560.79,abandoned,payment_page,2026-07-16 03:38:42.960539,2026-07-16 04:10:42.960539
UNSEEN_CHK_002518,UNSEEN_CUST_00379,42000.01,completed,payment_page,2026-06-29 13:45:42.960539,
UNSEEN_CHK_002519,UNSEEN_CUST_00335,42342.86,abandoned,payment_page,2026-08-16 11:31:42.960539,2026-08-16 12:03:42.960539
UNSEEN_CHK_002520,UNSEEN_CUST_00069,13322.08,completed,payment_page,2026-06-08 12:39:42.960539,
UNSEEN_CHK_002521,UNSEEN_CUST_01586,34045.59,completed,review,2026-06-04 00:14:42.960539,
UNSEEN_CHK_002522,UNSEEN_CUST_01035,15471.26,completed,address,2026-05-27 21:34:42.960539,
UNSEEN_CHK_002523,UNSEEN_CUST_00906,63159.57,expired,review,2026-07-16 02:59:42.960539,2026-07-16 03:47:42.960539
UNSEEN_CHK_002524,UNSEEN_CUST_00729,97520.59,abandoned,address,2026-07-06 13:37:42.960539,2026-07-06 14:11:42.960539
UNSEEN_CHK_002525,UNSEEN_CUST_01635,39118.68,abandoned,address,2026-07-06 18:32:42.960539,2026-07-06 18:36:42.960539
UNSEEN_CHK_002526,UNSEEN_CUST_01738,43778.9,expired,review,2026-06-10 07:37:42.960539,2026-06-10 09:34:42.960539
UNSEEN_CHK_002527,UNSEEN_CUST_00651,8457.45,completed,payment_attempt,2026-07-07 09:31:42.960539,
UNSEEN_CHK_002528,UNSEEN_CUST_00742,20956.19,abandoned,payment_attempt,2026-08-05 03:12:41.851478,2026-08-05 03:16:41.851478
UNSEEN_CHK_002529,UNSEEN_CUST_01047,45259.12,abandoned,review,2026-08-19 08:34:42.962538,2026-08-19 09:42:42.962538
UNSEEN_CHK_002530,UNSEEN_CUST_00954,70128.97,completed,review,2026-08-02 04:38:42.962538,
UNSEEN_CHK_002531,UNSEEN_CUST_00883,7918.68,abandoned,payment_attempt,2026-06-20 01:07:42.962538,2026-06-20 02:38:42.962538
UNSEEN_CHK_002532,UNSEEN_CUST_01696,35745.48,completed,address,2026-06-18 12:27:42.962538,
UNSEEN_CHK_002533,UNSEEN_CUST_01734,37618.0,completed,payment_attempt,2026-07-20 03:20:42.962538,
UNSEEN_CHK_002534,UNSEEN_CUST_01751,5801.92,abandoned,payment_page,2026-08-07 21:57:41.881985,2026-08-07 23:12:41.881985
UNSEEN_CHK_002535,UNSEEN_CUST_01392,41575.26,completed,review,2026-05-31 15:40:42.964546,
UNSEEN_CHK_002536,UNSEEN_CUST_00647,13715.05,abandoned,address,2026-08-20 13:03:42.964546,2026-08-20 14:43:42.964546
UNSEEN_CHK_002537,UNSEEN_CUST_01343,36017.69,abandoned,payment_attempt,2026-06-30 10:18:42.964546,2026-06-30 10:27:42.964546
UNSEEN_CHK_002538,UNSEEN_CUST_00586,13669.93,completed,payment_page,2026-08-23 09:04:42.964546,
UNSEEN_CHK_002539,UNSEEN_CUST_01813,29852.38,completed,review,2026-07-20 12:07:42.964546,
UNSEEN_CHK_002540,UNSEEN_CUST_01959,16931.27,completed,review,2026-06-14 03:54:42.964546,
UNSEEN_CHK_002541,UNSEEN_CUST_00572,2807.1,completed,review,2026-07-14 17:01:42.964546,
UNSEEN_CHK_002542,UNSEEN_CUST_00549,8048.49,completed,payment_page,2026-08-12 23:22:42.964546,
UNSEEN_CHK_002543,UNSEEN_CUST_00080,94238.34,abandoned,payment_attempt,2026-07-28 15:35:42.964546,2026-07-28 16:31:42.964546
UNSEEN_CHK_002544,UNSEEN_CUST_00586,16122.44,completed,payment_page,2026-07-07 09:03:42.964546,
UNSEEN_CHK_002545,UNSEEN_CUST_00686,3880.35,abandoned,payment_page,2026-07-16 13:00:42.965546,2026-07-16 13:09:42.965546
UNSEEN_CHK_002546,UNSEEN_CUST_00786,13357.6,abandoned,payment_attempt,2026-06-22 04:02:42.000077,2026-06-22 04:47:42.000077
UNSEEN_CHK_002547,UNSEEN_CUST_00720,20168.35,abandoned,address,2026-06-02 08:38:42.966539,2026-06-02 08:53:42.966539
UNSEEN_CHK_002548,UNSEEN_CUST_00601,22020.67,abandoned,payment_page,2026-07-15 20:14:42.966539,2026-07-15 21:42:42.966539
UNSEEN_CHK_002549,UNSEEN_CUST_00177,71949.75,completed,payment_page,2026-07-04 16:13:42.966539,
UNSEEN_CHK_002550,UNSEEN_CUST_01037,38378.57,abandoned,payment_page,2026-06-13 23:09:42.966539,2026-06-13 23:28:42.966539
UNSEEN_CHK_002551,UNSEEN_CUST_00825,44303.73,abandoned,payment_attempt,2026-07-24 18:47:42.966539,2026-07-24 20:40:42.966539
UNSEEN_CHK_002552,UNSEEN_CUST_00833,40694.25,abandoned,payment_attempt,2026-07-05 03:29:41.814992,2026-07-05 04:05:41.814992
UNSEEN_CHK_002553,UNSEEN_CUST_01621,13076.45,abandoned,review,2026-08-15 04:11:42.968547,2026-08-15 04:48:42.968547
UNSEEN_CHK_002554,UNSEEN_CUST_00958,23741.33,completed,payment_attempt,2026-07-21 00:22:42.968547,
UNSEEN_CHK_002555,UNSEEN_CUST_01634,33656.73,completed,review,2026-08-20 20:00:42.968547,
UNSEEN_CHK_002556,UNSEEN_CUST_01667,19857.92,completed,review,2026-07-31 17:26:42.968547,
UNSEEN_CHK_002557,UNSEEN_CUST_01132,60876.37,completed,address,2026-07-11 21:30:42.968547,
UNSEEN_CHK_002558,UNSEEN_CUST_00531,47851.35,abandoned,review,2026-07-30 12:40:42.968547,2026-07-30 13:54:42.968547
UNSEEN_CHK_002559,UNSEEN_CUST_00337,45301.0,completed,review,2026-05-30 03:39:42.969552,
UNSEEN_CHK_002560,UNSEEN_CUST_00184,32446.52,completed,review,2026-07-30 06:53:42.969552,
UNSEEN_CHK_002561,UNSEEN_CUST_00768,33480.54,expired,payment_attempt,2026-07-18 17:48:42.969552,2026-07-18 19:40:42.969552
UNSEEN_CHK_002562,UNSEEN_CUST_00647,4402.28,abandoned,payment_page,2026-06-02 19:56:42.009066,2026-06-02 21:44:42.009066
UNSEEN_CHK_002563,UNSEEN_CUST_00491,29240.67,completed,payment_page,2026-06-24 06:47:42.970549,
UNSEEN_CHK_002564,UNSEEN_CUST_01366,6768.72,expired,payment_page,2026-07-14 14:39:42.970549,2026-07-14 15:07:42.970549
UNSEEN_CHK_002565,UNSEEN_CUST_01931,26331.75,completed,payment_attempt,2026-07-31 11:27:42.970549,
UNSEEN_CHK_002566,UNSEEN_CUST_01265,1820.04,abandoned,payment_page,2026-08-02 02:47:42.122074,2026-08-02 02:51:42.122074
UNSEEN_CHK_002567,UNSEEN_CUST_00838,3919.45,abandoned,payment_attempt,2026-08-21 21:40:41.886985,2026-08-21 21:49:41.886985
UNSEEN_CHK_002568,UNSEEN_CUST_00196,16202.93,expired,payment_attempt,2026-06-15 08:21:42.975549,2026-06-15 08:59:42.975549
UNSEEN_CHK_002569,UNSEEN_CUST_00199,11998.66,abandoned,payment_page,2026-08-07 04:37:42.975549,2026-08-07 05:08:42.975549
UNSEEN_CHK_002570,UNSEEN_CUST_00683,825.26,abandoned,payment_attempt,2026-07-19 02:26:41.887985,2026-07-19 03:16:41.887985
UNSEEN_CHK_002571,UNSEEN_CUST_01143,47311.69,abandoned,payment_attempt,2026-06-25 06:44:41.897985,2026-06-25 07:13:41.897985
UNSEEN_CHK_002572,UNSEEN_CUST_00369,44951.83,completed,payment_page,2026-06-26 04:50:42.981541,
UNSEEN_CHK_002573,UNSEEN_CUST_01736,24014.75,completed,payment_page,2026-06-29 12:53:42.981541,
UNSEEN_CHK_002574,UNSEEN_CUST_01598,37890.82,completed,review,2026-08-12 05:32:42.981541,
UNSEEN_CHK_002575,UNSEEN_CUST_01177,99802.33,completed,payment_page,2026-08-10 01:40:42.982537,
UNSEEN_CHK_002576,UNSEEN_CUST_01961,4398.12,abandoned,review,2026-05-27 20:43:42.982537,2026-05-27 21:19:42.982537
UNSEEN_CHK_002577,UNSEEN_CUST_00940,39028.11,abandoned,address,2026-07-13 12:18:42.982537,2026-07-13 13:44:42.982537
UNSEEN_CHK_002578,UNSEEN_CUST_01564,38848.18,completed,review,2026-07-15 06:36:42.983545,
UNSEEN_CHK_002579,UNSEEN_CUST_00909,12174.93,abandoned,address,2026-07-30 20:36:42.983545,2026-07-30 21:30:42.983545
UNSEEN_CHK_002580,UNSEEN_CUST_00765,27367.46,completed,review,2026-06-24 01:07:42.983545,
UNSEEN_CHK_002581,UNSEEN_CUST_00535,22550.29,abandoned,payment_page,2026-08-01 16:45:41.824479,2026-08-01 17:08:41.824479
UNSEEN_CHK_002582,UNSEEN_CUST_00128,43776.72,abandoned,address,2026-07-10 22:17:42.986539,2026-07-10 22:38:42.986539
UNSEEN_CHK_002583,UNSEEN_CUST_00215,19968.47,expired,address,2026-08-18 08:07:42.986539,2026-08-18 08:44:42.986539
UNSEEN_CHK_002584,UNSEEN_CUST_00020,3875.46,abandoned,review,2026-08-26 11:14:42.986539,2026-08-26 11:43:42.986539
UNSEEN_CHK_002585,UNSEEN_CUST_01244,8903.54,completed,payment_attempt,2026-06-28 13:17:42.987539,
UNSEEN_CHK_002586,UNSEEN_CUST_00075,18861.29,abandoned,payment_attempt,2026-07-11 22:19:41.887985,2026-07-11 22:32:41.887985
UNSEEN_CHK_002587,UNSEEN_CUST_00300,9770.31,abandoned,payment_page,2026-07-12 05:58:42.037077,2026-07-12 06:06:42.037077
UNSEEN_CHK_002588,UNSEEN_CUST_01777,67576.6,abandoned,payment_attempt,2026-06-08 15:44:42.991538,2026-06-08 16:39:42.991538
UNSEEN_CHK_002589,UNSEEN_CUST_01120,7152.88,completed,review,2026-07-14 07:37:42.992544,
UNSEEN_CHK_002590,UNSEEN_CUST_01359,9748.81,abandoned,payment_page,2026-08-14 06:00:42.992544,2026-08-14 06:02:42.992544
UNSEEN_CHK_002591,UNSEEN_CUST_00248,28957.03,completed,payment_attempt,2026-07-03 11:09:42.992544,
UNSEEN_CHK_002592,UNSEEN_CUST_00604,40089.52,abandoned,payment_page,2026-06-27 23:39:42.992544,2026-06-28 00:48:42.992544
UNSEEN_CHK_002593,UNSEEN_CUST_00845,33402.04,abandoned,payment_page,2026-06-30 08:05:41.854479,2026-06-30 10:04:41.854479
UNSEEN_CHK_002594,UNSEEN_CUST_00523,59745.51,abandoned,address,2026-06-01 14:57:42.994538,2026-06-01 15:56:42.994538
UNSEEN_CHK_002595,UNSEEN_CUST_01388,28581.16,expired,payment_attempt,2026-08-09 04:09:42.994538,2026-08-09 04:26:42.994538
UNSEEN_CHK_002596,UNSEEN_CUST_00358,37326.67,abandoned,payment_page,2026-05-30 12:53:41.893985,2026-05-30 13:13:41.893985
UNSEEN_CHK_002597,UNSEEN_CUST_00910,9784.71,completed,payment_page,2026-08-04 07:25:42.995538,
UNSEEN_CHK_002598,UNSEEN_CUST_00888,6102.03,abandoned,payment_page,2026-07-21 20:12:42.995538,2026-07-21 22:03:42.995538
UNSEEN_CHK_002599,UNSEEN_CUST_00970,60241.47,completed,address,2026-07-21 03:22:42.995538,
UNSEEN_CHK_002600,UNSEEN_CUST_00912,2550.23,abandoned,review,2026-08-07 02:32:42.996544,2026-08-07 02:45:42.996544
UNSEEN_CHK_002601,UNSEEN_CUST_01809,7026.76,completed,payment_page,2026-07-28 10:04:42.996544,
UNSEEN_CHK_002602,UNSEEN_CUST_01227,16220.93,completed,payment_page,2026-08-08 04:18:42.996544,
UNSEEN_CHK_002603,UNSEEN_CUST_01683,28451.38,abandoned,payment_attempt,2026-08-13 07:26:41.882985,2026-08-13 08:31:41.882985
UNSEEN_CHK_002604,UNSEEN_CUST_01313,18735.09,expired,payment_page,2026-08-16 01:33:42.997539,2026-08-16 01:35:42.997539
UNSEEN_CHK_002605,UNSEEN_CUST_00436,36604.5,completed,address,2026-06-30 04:24:42.997539,
UNSEEN_CHK_002606,UNSEEN_CUST_00192,37791.93,abandoned,address,2026-07-22 05:09:42.997539,2026-07-22 06:05:42.997539
UNSEEN_CHK_002607,UNSEEN_CUST_01090,1109.47,abandoned,payment_attempt,2026-08-14 20:39:42.998538,2026-08-14 21:02:42.998538
UNSEEN_CHK_002608,UNSEEN_CUST_01838,27754.03,abandoned,payment_page,2026-05-29 14:31:41.828478,2026-05-29 14:54:41.828478
UNSEEN_CHK_002609,UNSEEN_CUST_00580,49105.99,completed,address,2026-07-12 06:43:42.999541,
UNSEEN_CHK_002610,UNSEEN_CUST_00289,4184.13,abandoned,payment_page,2026-06-21 23:20:42.008077,2026-06-21 23:22:42.008077
UNSEEN_CHK_002611,UNSEEN_CUST_01643,2155.91,abandoned,payment_attempt,2026-06-13 01:38:43.001546,2026-06-13 03:15:43.001546
UNSEEN_CHK_002612,UNSEEN_CUST_01573,6116.45,abandoned,payment_attempt,2026-08-19 15:18:43.001546,2026-08-19 16:49:43.001546
UNSEEN_CHK_002613,UNSEEN_CUST_00038,45769.2,completed,address,2026-06-24 22:10:43.002546,
UNSEEN_CHK_002614,UNSEEN_CUST_00831,22832.24,expired,address,2026-06-07 22:14:43.002546,2026-06-07 23:01:43.002546
UNSEEN_CHK_002615,UNSEEN_CUST_01948,90265.76,abandoned,review,2026-07-24 06:16:43.002546,2026-07-24 06:25:43.002546
UNSEEN_CHK_002616,UNSEEN_CUST_00468,6951.29,completed,address,2026-07-31 05:34:43.002546,
UNSEEN_CHK_002617,UNSEEN_CUST_00147,44340.84,expired,payment_page,2026-08-18 07:39:43.002546,2026-08-18 07:46:43.002546
UNSEEN_CHK_002618,UNSEEN_CUST_01324,43754.67,abandoned,address,2026-07-10 13:23:43.002546,2026-07-10 14:14:43.002546
UNSEEN_CHK_002619,UNSEEN_CUST_00205,17054.69,abandoned,payment_page,2026-05-30 15:43:42.015073,2026-05-30 17:33:42.015073
UNSEEN_CHK_002620,UNSEEN_CUST_01627,35634.03,abandoned,payment_attempt,2026-08-24 17:08:41.903985,2026-08-24 18:29:41.903985
UNSEEN_CHK_002621,UNSEEN_CUST_00644,41902.67,abandoned,address,2026-06-25 04:32:43.006546,2026-06-25 06:21:43.006546
UNSEEN_CHK_002622,UNSEEN_CUST_01284,28431.44,abandoned,payment_attempt,2026-08-11 21:27:41.877985,2026-08-11 21:46:41.877985
UNSEEN_CHK_002623,UNSEEN_CUST_00405,45134.69,completed,payment_attempt,2026-08-04 15:37:43.007541,
UNSEEN_CHK_002624,UNSEEN_CUST_00654,43977.91,abandoned,payment_attempt,2026-07-07 07:12:41.960990,2026-07-07 08:46:41.960990
UNSEEN_CHK_002625,UNSEEN_CUST_00573,5167.67,abandoned,payment_page,2026-06-29 04:38:43.009537,2026-06-29 05:21:43.009537
UNSEEN_CHK_002626,UNSEEN_CUST_00196,34502.95,completed,review,2026-06-02 23:55:43.009537,
UNSEEN_CHK_002627,UNSEEN_CUST_00771,28081.85,completed,payment_page,2026-08-15 07:35:43.009537,
UNSEEN_CHK_002628,UNSEEN_CUST_00468,14071.28,abandoned,payment_page,2026-06-20 19:36:41.963990,2026-06-20 20:52:41.963990
UNSEEN_CHK_002629,UNSEEN_CUST_00636,30813.13,abandoned,payment_page,2026-08-01 12:08:41.891985,2026-08-01 12:59:41.891985
UNSEEN_CHK_002630,UNSEEN_CUST_00315,13911.88,completed,address,2026-07-24 21:55:43.012537,
UNSEEN_CHK_002631,UNSEEN_CUST_00018,19709.14,completed,payment_page,2026-06-13 22:18:43.012537,
UNSEEN_CHK_002632,UNSEEN_CUST_01409,43871.42,expired,review,2026-06-24 12:27:43.012537,2026-06-24 12:40:43.012537
UNSEEN_CHK_002633,UNSEEN_CUST_01141,26968.6,completed,review,2026-08-13 07:09:43.012537,
UNSEEN_CHK_002634,UNSEEN_CUST_00531,33896.61,completed,review,2026-07-21 18:56:43.012537,
UNSEEN_CHK_002635,UNSEEN_CUST_01714,40538.12,completed,payment_page,2026-07-21 10:45:43.012537,
UNSEEN_CHK_002636,UNSEEN_CUST_00788,15382.25,abandoned,review,2026-07-09 12:02:43.012537,2026-07-09 12:12:43.012537
UNSEEN_CHK_002637,UNSEEN_CUST_00321,39530.99,abandoned,address,2026-07-03 05:07:43.012537,2026-07-03 05:16:43.012537
UNSEEN_CHK_002638,UNSEEN_CUST_00082,84438.27,completed,payment_page,2026-06-14 20:58:43.012537,
UNSEEN_CHK_002639,UNSEEN_CUST_01784,35834.58,abandoned,payment_attempt,2026-07-08 02:08:41.901985,2026-07-08 04:00:41.901985
UNSEEN_CHK_002640,UNSEEN_CUST_00402,42036.76,abandoned,payment_page,2026-07-24 09:35:41.959990,2026-07-24 10:50:41.959990
UNSEEN_CHK_002641,UNSEEN_CUST_00729,71238.56,abandoned,payment_attempt,2026-08-01 18:39:43.015538,2026-08-01 18:45:43.015538
UNSEEN_CHK_002642,UNSEEN_CUST_01777,48544.59,completed,payment_page,2026-08-10 16:48:43.016539,
UNSEEN_CHK_002643,UNSEEN_CUST_00148,36039.48,abandoned,review,2026-06-28 17:07:43.016539,2026-06-28 18:53:43.016539
UNSEEN_CHK_002644,UNSEEN_CUST_01927,28424.21,abandoned,payment_page,2026-06-09 00:12:41.802579,2026-06-09 01:01:41.802579
UNSEEN_CHK_002645,UNSEEN_CUST_00147,66664.58,completed,payment_page,2026-08-03 02:04:43.019538,
UNSEEN_CHK_002646,UNSEEN_CUST_00096,16523.99,abandoned,payment_attempt,2026-07-04 14:58:42.054066,2026-07-04 16:14:42.054066
UNSEEN_CHK_002647,UNSEEN_CUST_00937,3003.91,expired,payment_attempt,2026-07-02 01:49:43.022543,2026-07-02 01:57:43.022543
UNSEEN_CHK_002648,UNSEEN_CUST_00979,38709.4,abandoned,payment_page,2026-07-10 10:37:41.916985,2026-07-10 10:43:41.916985
UNSEEN_CHK_002649,UNSEEN_CUST_01441,4858.39,completed,review,2026-08-20 23:13:43.024540,
UNSEEN_CHK_002650,UNSEEN_CUST_01131,45451.35,expired,address,2026-06-28 05:22:43.024540,2026-06-28 06:30:43.024540
UNSEEN_CHK_002651,UNSEEN_CUST_01950,17580.03,abandoned,address,2026-07-23 12:29:43.024540,2026-07-23 13:29:43.024540
UNSEEN_CHK_002652,UNSEEN_CUST_00361,10847.53,completed,address,2026-06-15 17:21:43.024540,
UNSEEN_CHK_002653,UNSEEN_CUST_01099,18632.48,completed,payment_attempt,2026-08-24 12:17:43.024540,
UNSEEN_CHK_002654,UNSEEN_CUST_01108,18618.94,abandoned,payment_attempt,2026-08-07 18:51:42.107065,2026-08-07 19:47:42.107065
UNSEEN_CHK_002655,UNSEEN_CUST_00276,3637.19,expired,review,2026-06-17 12:19:43.026541,2026-06-17 13:53:43.026541
UNSEEN_CHK_002656,UNSEEN_CUST_01686,28333.44,abandoned,payment_page,2026-07-19 04:48:41.923996,2026-07-19 05:29:41.923996
UNSEEN_CHK_002657,UNSEEN_CUST_01003,69675.54,completed,address,2026-08-07 22:47:43.028545,
UNSEEN_CHK_002658,UNSEEN_CUST_00831,2628.39,abandoned,payment_page,2026-07-29 12:00:43.028545,2026-07-29 13:52:43.028545
UNSEEN_CHK_002659,UNSEEN_CUST_00004,50551.3,abandoned,payment_attempt,2026-07-05 11:09:41.834479,2026-07-05 11:13:41.834479
UNSEEN_CHK_002660,UNSEEN_CUST_00113,18158.26,completed,review,2026-08-04 15:47:43.030540,
UNSEEN_CHK_002661,UNSEEN_CUST_00317,6100.11,abandoned,address,2026-07-31 16:30:43.031540,2026-07-31 16:56:43.031540
UNSEEN_CHK_002662,UNSEEN_CUST_01750,46561.44,abandoned,address,2026-07-30 16:33:43.031540,2026-07-30 17:14:43.031540
UNSEEN_CHK_002663,UNSEEN_CUST_00853,33687.47,expired,payment_attempt,2026-07-09 09:38:43.031540,2026-07-09 11:06:43.031540
UNSEEN_CHK_002664,UNSEEN_CUST_00842,3761.42,completed,address,2026-07-08 18:10:43.032551,
UNSEEN_CHK_002665,UNSEEN_CUST_01409,31639.84,completed,review,2026-06-25 19:01:43.032551,
UNSEEN_CHK_002666,UNSEEN_CUST_01367,17234.69,completed,payment_page,2026-06-20 01:07:43.032551,
UNSEEN_CHK_002667,UNSEEN_CUST_00454,6683.25,abandoned,payment_page,2026-07-19 15:27:42.132076,2026-07-19 17:07:42.132076
UNSEEN_CHK_002668,UNSEEN_CUST_00458,20768.08,expired,review,2026-08-01 11:07:43.035544,2026-08-01 11:37:43.035544
UNSEEN_CHK_002669,UNSEEN_CUST_01297,27161.3,completed,payment_attempt,2026-05-31 01:13:43.035544,
UNSEEN_CHK_002670,UNSEEN_CUST_01652,11681.81,completed,address,2026-07-07 09:11:43.036543,
UNSEEN_CHK_002671,UNSEEN_CUST_01649,38557.85,expired,payment_page,2026-08-17 22:05:43.036543,2026-08-17 23:36:43.036543
UNSEEN_CHK_002672,UNSEEN_CUST_01211,20481.9,abandoned,payment_page,2026-08-15 10:46:42.062076,2026-08-15 11:02:42.062076
UNSEEN_CHK_002673,UNSEEN_CUST_00318,67266.35,abandoned,payment_page,2026-07-17 00:18:42.120065,2026-07-17 01:24:42.120065
UNSEEN_CHK_002674,UNSEEN_CUST_01487,6507.6,abandoned,payment_page,2026-06-02 10:19:43.040540,2026-06-02 12:11:43.040540
UNSEEN_CHK_002675,UNSEEN_CUST_01658,42729.95,expired,address,2026-07-14 22:51:43.041552,2026-07-15 00:36:43.041552
UNSEEN_CHK_002676,UNSEEN_CUST_01566,3682.73,completed,payment_attempt,2026-07-23 19:24:43.041552,
UNSEEN_CHK_002677,UNSEEN_CUST_00390,36756.81,abandoned,payment_attempt,2026-08-06 04:15:41.851478,2026-08-06 05:41:41.851478
UNSEEN_CHK_002678,UNSEEN_CUST_00907,19278.38,completed,review,2026-07-27 18:31:43.043545,
UNSEEN_CHK_002679,UNSEEN_CUST_01003,25433.21,completed,payment_attempt,2026-08-17 13:53:43.043545,
UNSEEN_CHK_002680,UNSEEN_CUST_00710,76794.07,completed,payment_page,2026-06-14 17:56:43.043545,
UNSEEN_CHK_002681,UNSEEN_CUST_00510,40253.88,completed,payment_attempt,2026-07-27 18:27:43.043545,
UNSEEN_CHK_002682,UNSEEN_CUST_01113,82230.3,completed,payment_page,2026-07-11 21:25:43.044545,
UNSEEN_CHK_002683,UNSEEN_CUST_01443,66563.08,abandoned,payment_attempt,2026-06-04 01:27:43.044545,2026-06-04 02:34:43.044545
UNSEEN_CHK_002684,UNSEEN_CUST_01358,29228.67,completed,payment_page,2026-06-18 00:02:43.044545,
UNSEEN_CHK_002685,UNSEEN_CUST_00231,76151.48,completed,payment_attempt,2026-07-24 05:26:43.044545,
UNSEEN_CHK_002686,UNSEEN_CUST_00656,31713.12,completed,address,2026-07-09 03:28:43.044545,
UNSEEN_CHK_002687,UNSEEN_CUST_00466,63677.66,abandoned,payment_attempt,2026-08-19 05:15:43.044545,2026-08-19 06:09:43.044545
UNSEEN_CHK_002688,UNSEEN_CUST_01247,47252.28,completed,payment_attempt,2026-06-05 23:56:43.045538,
UNSEEN_CHK_002689,UNSEEN_CUST_00974,86810.75,abandoned,address,2026-07-29 01:18:43.045538,2026-07-29 02:18:43.045538
UNSEEN_CHK_002690,UNSEEN_CUST_01771,48213.42,expired,review,2026-06-15 03:12:43.045538,2026-06-15 03:36:43.045538
UNSEEN_CHK_002691,UNSEEN_CUST_01616,32073.08,abandoned,payment_attempt,2026-07-26 23:15:42.019070,2026-07-27 00:15:42.019070
UNSEEN_CHK_002692,UNSEEN_CUST_01958,36680.07,completed,payment_page,2026-06-21 17:51:43.047538,
UNSEEN_CHK_002693,UNSEEN_CUST_01601,16315.62,expired,payment_page,2026-06-17 19:16:43.047538,2026-06-17 19:42:43.047538
UNSEEN_CHK_002694,UNSEEN_CUST_01501,9860.25,completed,payment_page,2026-07-18 02:18:43.047538,
UNSEEN_CHK_002695,UNSEEN_CUST_00519,46721.63,abandoned,payment_attempt,2026-06-30 01:54:43.048537,2026-06-30 02:53:43.048537
UNSEEN_CHK_002696,UNSEEN_CUST_01843,44254.76,completed,address,2026-06-29 03:54:43.048537,
UNSEEN_CHK_002697,UNSEEN_CUST_01155,22266.82,completed,review,2026-07-28 06:50:43.048537,
UNSEEN_CHK_002698,UNSEEN_CUST_01311,7211.45,completed,address,2026-08-06 00:49:43.048537,
UNSEEN_CHK_002699,UNSEEN_CUST_00853,45732.31,abandoned,address,2026-08-26 08:24:43.048537,2026-08-26 09:19:43.048537
UNSEEN_CHK_002700,UNSEEN_CUST_00052,41201.12,expired,review,2026-08-20 15:41:43.048537,2026-08-20 16:26:43.048537
UNSEEN_CHK_002701,UNSEEN_CUST_01740,33504.52,abandoned,review,2026-07-01 18:38:43.049538,2026-07-01 18:46:43.049538
UNSEEN_CHK_002702,UNSEEN_CUST_00276,2956.28,completed,address,2026-08-05 23:41:43.049538,
UNSEEN_CHK_002703,UNSEEN_CUST_01912,42573.61,expired,review,2026-08-14 06:06:43.049538,2026-08-14 08:00:43.049538
UNSEEN_CHK_002704,UNSEEN_CUST_01259,6447.18,abandoned,review,2026-08-24 23:24:43.049538,2026-08-25 01:09:43.049538
UNSEEN_CHK_002705,UNSEEN_CUST_01417,21050.54,completed,address,2026-07-31 11:03:43.049538,
UNSEEN_CHK_002706,UNSEEN_CUST_01198,11187.24,expired,payment_page,2026-07-11 18:47:43.050537,2026-07-11 20:23:43.050537
UNSEEN_CHK_002707,UNSEEN_CUST_01067,29395.86,abandoned,review,2026-07-07 13:52:43.050537,2026-07-07 14:03:43.050537
UNSEEN_CHK_002708,UNSEEN_CUST_00910,6188.99,abandoned,payment_page,2026-06-21 18:15:42.048986,2026-06-21 19:51:42.048986
UNSEEN_CHK_002709,UNSEEN_CUST_01525,72450.19,completed,payment_page,2026-07-17 02:13:43.052541,
UNSEEN_CHK_002710,UNSEEN_CUST_01235,40896.26,completed,review,2026-08-07 17:44:43.052541,
UNSEEN_CHK_002711,UNSEEN_CUST_01839,17203.46,completed,review,2026-07-14 17:46:43.052541,
UNSEEN_CHK_002712,UNSEEN_CUST_00813,3360.81,abandoned,payment_attempt,2026-06-25 12:59:42.092071,2026-06-25 14:49:42.092071
UNSEEN_CHK_002713,UNSEEN_CUST_01573,2310.49,completed,payment_page,2026-07-31 07:58:43.054539,
UNSEEN_CHK_002714,UNSEEN_CUST_01728,87579.75,abandoned,payment_page,2026-08-04 19:14:42.069066,2026-08-04 20:53:42.069066
UNSEEN_CHK_002715,UNSEEN_CUST_00110,9406.94,expired,payment_page,2026-06-03 03:45:43.056542,2026-06-03 04:59:43.056542
UNSEEN_CHK_002716,UNSEEN_CUST_00555,6182.41,abandoned,payment_page,2026-08-08 19:54:43.056542,2026-08-08 20:15:43.056542
UNSEEN_CHK_002717,UNSEEN_CUST_01114,43956.81,completed,payment_page,2026-06-28 17:14:43.057540,
UNSEEN_CHK_002718,UNSEEN_CUST_01812,6545.75,completed,payment_page,2026-08-26 00:13:43.057540,
UNSEEN_CHK_002719,UNSEEN_CUST_00852,30720.07,completed,payment_attempt,2026-07-11 12:49:43.057540,
UNSEEN_CHK_002720,UNSEEN_CUST_00436,25229.12,completed,address,2026-07-01 20:35:43.057540,
UNSEEN_CHK_002721,UNSEEN_CUST_01654,20751.82,abandoned,payment_page,2026-06-03 11:56:42.120065,2026-06-03 12:36:42.120065
UNSEEN_CHK_002722,UNSEEN_CUST_01347,23492.59,expired,payment_attempt,2026-07-23 01:06:43.059540,2026-07-23 01:44:43.059540
UNSEEN_CHK_002723,UNSEEN_CUST_00111,18427.55,completed,payment_attempt,2026-07-22 07:59:43.059540,
UNSEEN_CHK_002724,UNSEEN_CUST_01766,15810.63,abandoned,payment_attempt,2026-08-02 15:38:41.978068,2026-08-02 17:17:41.978068
UNSEEN_CHK_002725,UNSEEN_CUST_00612,3443.3,completed,payment_page,2026-06-29 03:29:43.061536,
UNSEEN_CHK_002726,UNSEEN_CUST_01272,16006.45,abandoned,address,2026-07-31 08:48:43.061536,2026-07-31 09:23:43.061536
UNSEEN_CHK_002727,UNSEEN_CUST_01212,38023.12,abandoned,address,2026-06-01 07:16:43.061536,2026-06-01 08:25:43.061536
UNSEEN_CHK_002728,UNSEEN_CUST_01901,4158.02,abandoned,payment_page,2026-07-22 14:37:41.879985,2026-07-22 16:11:41.879985
UNSEEN_CHK_002729,UNSEEN_CUST_00489,48267.95,completed,address,2026-07-30 11:29:43.063542,
UNSEEN_CHK_002730,UNSEEN_CUST_00213,11895.57,completed,address,2026-06-18 11:28:43.064538,
UNSEEN_CHK_002731,UNSEEN_CUST_00226,12568.24,abandoned,payment_page,2026-07-19 06:19:41.881985,2026-07-19 07:30:41.881985
UNSEEN_CHK_002732,UNSEEN_CUST_00487,97749.04,abandoned,payment_page,2026-07-07 15:54:43.066552,2026-07-07 16:43:43.066552
UNSEEN_CHK_002733,UNSEEN_CUST_00561,48204.09,completed,review,2026-08-02 21:41:43.066552,
UNSEEN_CHK_002734,UNSEEN_CUST_01719,45745.67,completed,payment_page,2026-06-26 05:00:43.066552,
UNSEEN_CHK_002735,UNSEEN_CUST_01439,11219.16,abandoned,review,2026-08-20 02:31:43.066552,2026-08-20 04:08:43.066552
UNSEEN_CHK_002736,UNSEEN_CUST_01088,6584.38,completed,address,2026-07-22 22:40:43.066552,
UNSEEN_CHK_002737,UNSEEN_CUST_01834,3050.91,abandoned,address,2026-07-31 12:14:43.066552,2026-07-31 12:56:43.066552
UNSEEN_CHK_002738,UNSEEN_CUST_00732,16771.1,expired,payment_attempt,2026-06-19 03:03:43.066552,2026-06-19 04:36:43.066552
UNSEEN_CHK_002739,UNSEEN_CUST_00038,28568.29,completed,payment_attempt,2026-07-28 06:53:43.066552,
UNSEEN_CHK_002740,UNSEEN_CUST_00364,46212.2,abandoned,payment_attempt,2026-06-02 07:30:42.086072,2026-06-02 08:11:42.086072
UNSEEN_CHK_002741,UNSEEN_CUST_01752,12757.62,completed,address,2026-08-06 09:08:43.067543,
UNSEEN_CHK_002742,UNSEEN_CUST_00282,4696.61,abandoned,address,2026-08-01 11:54:43.067543,2026-08-01 13:44:43.067543
UNSEEN_CHK_002743,UNSEEN_CUST_00864,45801.55,completed,payment_page,2026-07-01 14:07:43.068537,
UNSEEN_CHK_002744,UNSEEN_CUST_01603,29118.14,abandoned,payment_page,2026-07-19 15:48:41.982066,2026-07-19 16:17:41.982066
UNSEEN_CHK_002745,UNSEEN_CUST_00955,14393.23,completed,payment_attempt,2026-08-20 16:14:43.069537,
UNSEEN_CHK_002746,UNSEEN_CUST_00669,21660.26,completed,address,2026-06-24 11:35:43.069537,
UNSEEN_CHK_002747,UNSEEN_CUST_01356,11652.72,completed,address,2026-06-03 12:12:43.069537,
UNSEEN_CHK_002748,UNSEEN_CUST_01048,7701.76,abandoned,payment_page,2026-08-04 14:39:41.798581,2026-08-04 16:07:41.798581
UNSEEN_CHK_002749,UNSEEN_CUST_01875,2580.89,completed,payment_attempt,2026-06-11 22:45:43.070539,
UNSEEN_CHK_002750,UNSEEN_CUST_01718,7587.06,completed,payment_page,2026-06-15 14:54:43.070539,
UNSEEN_CHK_002751,UNSEEN_CUST_01044,34773.36,abandoned,payment_attempt,2026-07-05 02:00:41.834479,2026-07-05 03:08:41.834479
UNSEEN_CHK_002752,UNSEEN_CUST_00011,3869.84,expired,review,2026-07-27 13:40:43.071545,2026-07-27 14:28:43.071545
UNSEEN_CHK_002753,UNSEEN_CUST_00925,26784.81,abandoned,review,2026-07-20 13:58:43.071545,2026-07-20 14:35:43.071545
UNSEEN_CHK_002754,UNSEEN_CUST_00306,1486.76,completed,review,2026-07-05 15:05:43.071545,
UNSEEN_CHK_002755,UNSEEN_CUST_01175,24820.57,abandoned,payment_attempt,2026-07-23 07:29:41.980067,2026-07-23 08:43:41.980067
UNSEEN_CHK_002756,UNSEEN_CUST_01793,20881.53,completed,review,2026-06-10 08:17:43.072537,
UNSEEN_CHK_002757,UNSEEN_CUST_00025,18927.27,abandoned,payment_page,2026-08-10 23:01:41.853480,2026-08-10 23:46:41.853480
UNSEEN_CHK_002758,UNSEEN_CUST_00572,7431.19,completed,payment_attempt,2026-08-09 21:20:43.074537,
UNSEEN_CHK_002759,UNSEEN_CUST_00877,31550.04,completed,payment_page,2026-08-25 02:31:43.075539,
UNSEEN_CHK_002760,UNSEEN_CUST_00070,4649.33,abandoned,payment_attempt,2026-06-08 07:50:41.978068,2026-06-08 07:53:41.978068
UNSEEN_CHK_002761,UNSEEN_CUST_00831,5250.33,completed,review,2026-08-13 13:07:43.077537,
UNSEEN_CHK_002762,UNSEEN_CUST_01597,42001.42,completed,review,2026-07-15 22:16:43.077537,
UNSEEN_CHK_002763,UNSEEN_CUST_01525,74455.2,completed,payment_attempt,2026-08-11 12:46:43.077537,
UNSEEN_CHK_002764,UNSEEN_CUST_01054,22324.32,abandoned,payment_page,2026-07-29 13:51:43.077537,2026-07-29 15:18:43.077537
UNSEEN_CHK_002765,UNSEEN_CUST_00844,11208.17,completed,address,2026-08-02 07:48:43.078539,
UNSEEN_CHK_002766,UNSEEN_CUST_01778,18653.82,completed,address,2026-06-29 00:49:43.078539,
UNSEEN_CHK_002767,UNSEEN_CUST_01213,35166.83,completed,payment_page,2026-08-14 15:33:43.078539,
UNSEEN_CHK_002768,UNSEEN_CUST_01454,20132.42,completed,payment_page,2026-08-05 09:37:43.078539,
UNSEEN_CHK_002769,UNSEEN_CUST_00084,31417.21,completed,address,2026-08-15 01:55:43.079541,
UNSEEN_CHK_002770,UNSEEN_CUST_01403,18922.13,completed,payment_page,2026-06-24 20:12:43.079541,
UNSEEN_CHK_002771,UNSEEN_CUST_00203,6874.98,completed,address,2026-08-26 13:53:43.079541,
UNSEEN_CHK_002772,UNSEEN_CUST_01404,25143.62,abandoned,payment_page,2026-06-26 03:15:41.891985,2026-06-26 05:03:41.891985
UNSEEN_CHK_002773,UNSEEN_CUST_00575,27397.44,completed,review,2026-08-02 17:05:43.081540,
UNSEEN_CHK_002774,UNSEEN_CUST_01431,33601.87,abandoned,payment_attempt,2026-08-05 04:36:41.903985,2026-08-05 05:32:41.903985
UNSEEN_CHK_002775,UNSEEN_CUST_01646,561.85,abandoned,payment_attempt,2026-08-19 20:19:41.901985,2026-08-19 20:32:41.901985
UNSEEN_CHK_002776,UNSEEN_CUST_00245,1771.81,abandoned,payment_page,2026-07-24 00:56:43.083538,2026-07-24 01:48:43.083538
UNSEEN_CHK_002777,UNSEEN_CUST_01636,68777.03,completed,address,2026-06-28 06:09:43.083538,
UNSEEN_CHK_002778,UNSEEN_CUST_01222,20096.91,abandoned,payment_attempt,2026-05-31 01:15:41.918985,2026-05-31 02:24:41.918985
UNSEEN_CHK_002779,UNSEEN_CUST_00365,27042.52,abandoned,review,2026-06-10 22:51:43.084539,2026-06-10 23:55:43.084539
UNSEEN_CHK_002780,UNSEEN_CUST_01767,16088.49,completed,review,2026-06-22 15:06:43.085543,
UNSEEN_CHK_002781,UNSEEN_CUST_01307,49690.0,completed,address,2026-06-25 01:41:43.085543,
UNSEEN_CHK_002782,UNSEEN_CUST_01742,14330.33,expired,review,2026-06-05 14:40:43.085543,2026-06-05 15:52:43.085543
UNSEEN_CHK_002783,UNSEEN_CUST_01038,47740.87,completed,payment_attempt,2026-08-15 03:20:43.085543,
UNSEEN_CHK_002784,UNSEEN_CUST_00264,12389.68,completed,review,2026-07-23 02:06:43.085543,
UNSEEN_CHK_002785,UNSEEN_CUST_00213,15068.33,completed,payment_attempt,2026-06-27 15:37:43.085543,
UNSEEN_CHK_002786,UNSEEN_CUST_00727,20054.12,completed,review,2026-07-11 12:14:43.085543,
UNSEEN_CHK_002787,UNSEEN_CUST_01423,39112.66,completed,payment_attempt,2026-08-14 12:26:43.085543,
UNSEEN_CHK_002788,UNSEEN_CUST_01887,25778.09,completed,payment_page,2026-08-19 15:02:43.085543,
UNSEEN_CHK_002789,UNSEEN_CUST_01660,16680.06,completed,payment_page,2026-07-31 06:08:43.085543,
UNSEEN_CHK_002790,UNSEEN_CUST_01041,2323.25,completed,review,2026-08-23 03:28:43.085543,
UNSEEN_CHK_002791,UNSEEN_CUST_01207,27000.61,abandoned,payment_page,2026-08-19 12:14:43.085543,2026-08-19 12:35:43.085543
UNSEEN_CHK_002792,UNSEEN_CUST_01703,28848.53,abandoned,payment_attempt,2026-07-28 21:59:43.086540,2026-07-28 23:58:43.086540
UNSEEN_CHK_002793,UNSEEN_CUST_00433,42648.33,abandoned,address,2026-08-10 23:21:43.086540,2026-08-11 01:07:43.086540
UNSEEN_CHK_002794,UNSEEN_CUST_00479,65825.42,completed,payment_attempt,2026-08-21 15:13:43.086540,
UNSEEN_CHK_002795,UNSEEN_CUST_01773,48411.43,completed,payment_attempt,2026-06-23 11:24:43.086540,
UNSEEN_CHK_002796,UNSEEN_CUST_00627,31809.22,completed,payment_attempt,2026-08-20 04:23:43.086540,
UNSEEN_CHK_002797,UNSEEN_CUST_01579,42534.61,abandoned,payment_attempt,2026-06-29 07:26:43.086540,2026-06-29 08:14:43.086540
UNSEEN_CHK_002798,UNSEEN_CUST_01732,16228.01,completed,payment_page,2026-06-30 14:42:43.086540,
UNSEEN_CHK_002799,UNSEEN_CUST_01812,25979.78,abandoned,payment_attempt,2026-08-07 06:01:42.095071,2026-08-07 06:17:42.095071
UNSEEN_CHK_002800,UNSEEN_CUST_01654,2275.15,abandoned,payment_attempt,2026-08-24 04:08:43.088542,2026-08-24 06:01:43.088542
UNSEEN_CHK_002801,UNSEEN_CUST_01474,44276.81,completed,address,2026-07-05 22:17:43.088542,
UNSEEN_CHK_002802,UNSEEN_CUST_01759,2387.5,completed,address,2026-07-30 21:40:43.088542,
UNSEEN_CHK_002803,UNSEEN_CUST_01686,15685.19,completed,review,2026-06-20 10:02:43.088542,
UNSEEN_CHK_002804,UNSEEN_CUST_00077,4262.64,completed,payment_page,2026-06-12 10:47:43.089539,
UNSEEN_CHK_002805,UNSEEN_CUST_00137,22076.37,completed,address,2026-07-21 00:36:43.089539,
UNSEEN_CHK_002806,UNSEEN_CUST_00648,19182.02,completed,review,2026-06-19 18:51:43.089539,
UNSEEN_CHK_002807,UNSEEN_CUST_00653,13718.58,abandoned,payment_page,2026-08-01 19:36:42.017071,2026-08-01 21:32:42.017071
UNSEEN_CHK_002808,UNSEEN_CUST_01714,2468.9,completed,review,2026-08-22 19:19:43.091545,
UNSEEN_CHK_002809,UNSEEN_CUST_00927,59697.58,completed,payment_page,2026-06-04 09:14:43.091545,
UNSEEN_CHK_002810,UNSEEN_CUST_01008,6009.64,completed,review,2026-08-26 03:32:43.091545,
UNSEEN_CHK_002811,UNSEEN_CUST_01315,39136.42,abandoned,payment_attempt,2026-08-23 08:54:43.091545,2026-08-23 10:04:43.091545
UNSEEN_CHK_002812,UNSEEN_CUST_00528,11119.02,completed,review,2026-08-03 05:37:43.092544,
UNSEEN_CHK_002813,UNSEEN_CUST_01458,46060.9,abandoned,payment_page,2026-07-01 19:29:43.092544,2026-07-01 21:10:43.092544
UNSEEN_CHK_002814,UNSEEN_CUST_00244,1801.77,completed,review,2026-06-20 08:37:43.092544,
UNSEEN_CHK_002815,UNSEEN_CUST_00529,42297.88,completed,payment_attempt,2026-06-17 23:22:43.092544,
UNSEEN_CHK_002816,UNSEEN_CUST_00218,32225.95,completed,review,2026-06-14 04:50:43.092544,
UNSEEN_CHK_002817,UNSEEN_CUST_01798,34534.38,abandoned,review,2026-05-31 17:26:43.092544,2026-05-31 17:43:43.092544
UNSEEN_CHK_002818,UNSEEN_CUST_00310,46719.02,completed,address,2026-06-11 22:34:43.092544,
UNSEEN_CHK_002819,UNSEEN_CUST_01501,22432.69,completed,review,2026-06-22 07:25:43.092544,
UNSEEN_CHK_002820,UNSEEN_CUST_01296,19594.44,completed,address,2026-07-11 02:28:43.092544,
UNSEEN_CHK_002821,UNSEEN_CUST_01145,24771.66,completed,payment_attempt,2026-06-12 09:22:43.092544,
UNSEEN_CHK_002822,UNSEEN_CUST_01565,9863.35,abandoned,address,2026-07-08 11:03:43.092544,2026-07-08 12:20:43.092544
UNSEEN_CHK_002823,UNSEEN_CUST_00402,34494.43,abandoned,address,2026-06-07 07:05:43.092544,2026-06-07 08:57:43.092544
UNSEEN_CHK_002824,UNSEEN_CUST_01077,49338.77,abandoned,review,2026-07-09 18:41:43.093546,2026-07-09 19:17:43.093546
UNSEEN_CHK_002825,UNSEEN_CUST_01427,1851.55,abandoned,payment_page,2026-08-15 09:22:42.035074,2026-08-15 10:05:42.035074
UNSEEN_CHK_002826,UNSEEN_CUST_00067,6817.56,abandoned,review,2026-06-11 10:09:43.094544,2026-06-11 10:35:43.094544
UNSEEN_CHK_002827,UNSEEN_CUST_01399,13902.52,abandoned,payment_attempt,2026-06-05 07:00:42.122074,2026-06-05 08:07:42.122074
UNSEEN_CHK_002828,UNSEEN_CUST_01229,39573.57,completed,address,2026-06-09 15:16:43.095544,
UNSEEN_CHK_002829,UNSEEN_CUST_01411,90174.23,completed,payment_page,2026-07-20 23:53:43.096544,
UNSEEN_CHK_002830,UNSEEN_CUST_00275,15143.97,completed,payment_attempt,2026-07-23 22:06:43.096544,
UNSEEN_CHK_002831,UNSEEN_CUST_01770,25948.01,abandoned,address,2026-08-22 04:14:43.096544,2026-08-22 04:58:43.096544
UNSEEN_CHK_002832,UNSEEN_CUST_00081,2580.54,completed,payment_page,2026-06-20 03:27:43.096544,
UNSEEN_CHK_002833,UNSEEN_CUST_00384,12190.75,abandoned,payment_attempt,2026-07-17 06:12:43.096544,2026-07-17 07:25:43.096544
UNSEEN_CHK_002834,UNSEEN_CUST_00523,93455.27,abandoned,payment_attempt,2026-08-19 17:38:41.970990,2026-08-19 18:03:41.970990
UNSEEN_CHK_002835,UNSEEN_CUST_00512,12023.65,completed,review,2026-07-13 17:09:43.098539,
UNSEEN_CHK_002836,UNSEEN_CUST_00805,20611.05,completed,address,2026-06-12 13:40:43.098539,
UNSEEN_CHK_002837,UNSEEN_CUST_01317,21983.08,abandoned,review,2026-07-02 01:40:43.098539,2026-07-02 03:31:43.098539
UNSEEN_CHK_002838,UNSEEN_CUST_00814,36830.44,abandoned,address,2026-07-17 11:27:43.098539,2026-07-17 11:44:43.098539
UNSEEN_CHK_002839,UNSEEN_CUST_01686,23210.16,abandoned,payment_attempt,2026-06-16 04:44:41.956992,2026-06-16 05:25:41.956992
UNSEEN_CHK_002840,UNSEEN_CUST_00556,1706.86,abandoned,payment_attempt,2026-07-28 16:08:42.039988,2026-07-28 17:05:42.039988
UNSEEN_CHK_002841,UNSEEN_CUST_01788,40236.52,abandoned,payment_attempt,2026-07-14 09:24:41.966990,2026-07-14 09:49:41.966990
UNSEEN_CHK_002842,UNSEEN_CUST_00011,1660.46,abandoned,payment_page,2026-06-06 15:01:42.086072,2026-06-06 15:06:42.086072
UNSEEN_CHK_002843,UNSEEN_CUST_00851,9209.69,abandoned,payment_page,2026-06-13 11:00:42.116078,2026-06-13 11:42:42.116078
UNSEEN_CHK_002844,UNSEEN_CUST_00076,28111.24,abandoned,review,2026-08-22 12:21:43.106537,2026-08-22 12:25:43.106537
UNSEEN_CHK_002845,UNSEEN_CUST_00604,7143.47,abandoned,address,2026-07-23 14:16:43.106537,2026-07-23 14:39:43.106537
UNSEEN_CHK_002846,UNSEEN_CUST_00709,25436.56,completed,payment_page,2026-06-10 20:17:43.106537,
UNSEEN_CHK_002847,UNSEEN_CUST_00502,11114.23,completed,payment_page,2026-07-29 22:42:43.106537,
UNSEEN_CHK_002848,UNSEEN_CUST_01918,5619.73,expired,payment_attempt,2026-06-03 17:29:43.106537,2026-06-03 18:32:43.106537
UNSEEN_CHK_002849,UNSEEN_CUST_01025,49479.07,abandoned,payment_attempt,2026-07-18 19:48:41.924991,2026-07-18 21:01:41.924991
UNSEEN_CHK_002850,UNSEEN_CUST_01815,2466.58,abandoned,payment_page,2026-06-27 11:52:43.107543,2026-06-27 12:27:43.107543
UNSEEN_CHK_002851,UNSEEN_CUST_01534,45897.22,completed,address,2026-06-06 04:15:43.107543,
UNSEEN_CHK_002852,UNSEEN_CUST_01710,7318.7,completed,review,2026-07-02 15:42:43.107543,
UNSEEN_CHK_002853,UNSEEN_CUST_01468,29112.93,completed,review,2026-06-11 00:20:43.107543,
UNSEEN_CHK_002854,UNSEEN_CUST_01770,96670.23,expired,review,2026-07-21 05:15:43.107543,2026-07-21 06:01:43.107543
UNSEEN_CHK_002855,UNSEEN_CUST_01449,43689.34,completed,payment_page,2026-07-30 17:12:43.107543,
UNSEEN_CHK_002856,UNSEEN_CUST_01337,12388.87,abandoned,payment_page,2026-07-06 03:32:43.107543,2026-07-06 03:57:43.107543
UNSEEN_CHK_002857,UNSEEN_CUST_01647,16821.52,completed,payment_attempt,2026-06-14 13:58:43.108546,
UNSEEN_CHK_002858,UNSEEN_CUST_01335,12916.05,expired,payment_attempt,2026-06-14 19:39:43.108546,2026-06-14 21:27:43.108546
UNSEEN_CHK_002859,UNSEEN_CUST_01676,68043.23,abandoned,address,2026-06-24 09:24:43.108546,2026-06-24 11:00:43.108546
UNSEEN_CHK_002860,UNSEEN_CUST_00184,14735.43,completed,payment_page,2026-06-13 09:28:43.108546,
UNSEEN_CHK_002861,UNSEEN_CUST_00679,6018.91,abandoned,address,2026-06-10 06:53:43.108546,2026-06-10 07:05:43.108546
UNSEEN_CHK_002862,UNSEEN_CUST_00963,41390.34,completed,payment_page,2026-07-13 14:38:43.108546,
UNSEEN_CHK_002863,UNSEEN_CUST_00829,29412.67,abandoned,payment_page,2026-08-21 17:43:43.108546,2026-08-21 19:26:43.108546
UNSEEN_CHK_002864,UNSEEN_CUST_00943,2406.63,expired,review,2026-08-02 23:50:43.108546,2026-08-03 00:43:43.108546
UNSEEN_CHK_002865,UNSEEN_CUST_00075,41308.69,completed,address,2026-06-04 12:58:43.108546,
UNSEEN_CHK_002866,UNSEEN_CUST_01768,41698.56,completed,review,2026-06-13 03:23:43.108546,
UNSEEN_CHK_002867,UNSEEN_CUST_00524,4344.65,abandoned,payment_page,2026-06-04 04:32:43.108546,2026-06-04 05:54:43.108546
UNSEEN_CHK_002868,UNSEEN_CUST_01025,34580.07,completed,address,2026-06-27 23:41:43.108546,
UNSEEN_CHK_002869,UNSEEN_CUST_01605,57296.54,expired,review,2026-07-25 06:27:43.108546,2026-07-25 06:40:43.108546
UNSEEN_CHK_002870,UNSEEN_CUST_01785,44746.86,expired,address,2026-06-16 18:02:43.108546,2026-06-16 18:22:43.108546
UNSEEN_CHK_002871,UNSEEN_CUST_00055,17319.78,expired,payment_attempt,2026-07-25 01:41:43.108546,2026-07-25 02:31:43.108546
UNSEEN_CHK_002872,UNSEEN_CUST_01581,22496.78,abandoned,payment_page,2026-06-13 10:40:43.108546,2026-06-13 11:19:43.108546
UNSEEN_CHK_002873,UNSEEN_CUST_01511,19471.11,completed,review,2026-08-20 07:08:43.108546,
UNSEEN_CHK_002874,UNSEEN_CUST_01108,46293.13,abandoned,review,2026-06-14 09:03:43.108546,2026-06-14 10:33:43.108546
UNSEEN_CHK_002875,UNSEEN_CUST_01788,20425.96,abandoned,review,2026-06-15 02:38:43.108546,2026-06-15 03:26:43.108546
UNSEEN_CHK_002876,UNSEEN_CUST_01133,22668.23,abandoned,address,2026-07-07 11:00:43.109546,2026-07-07 12:40:43.109546
UNSEEN_CHK_002877,UNSEEN_CUST_00848,49381.92,abandoned,payment_page,2026-08-07 06:15:43.109546,2026-08-07 06:28:43.109546
UNSEEN_CHK_002878,UNSEEN_CUST_01359,27920.41,abandoned,payment_page,2026-07-22 01:01:42.128065,2026-07-22 02:35:42.128065
UNSEEN_CHK_002879,UNSEEN_CUST_00061,25078.6,completed,review,2026-07-10 09:15:43.110540,
UNSEEN_CHK_002880,UNSEEN_CUST_00499,944.84,expired,address,2026-06-13 05:46:43.110540,2026-06-13 06:30:43.110540
UNSEEN_CHK_002881,UNSEEN_CUST_01310,22435.45,abandoned,payment_attempt,2026-05-30 21:30:42.033072,2026-05-30 22:13:42.033072
UNSEEN_CHK_002882,UNSEEN_CUST_00044,17586.83,completed,address,2026-07-22 12:41:43.111536,
UNSEEN_CHK_002883,UNSEEN_CUST_00667,79091.78,abandoned,payment_page,2026-08-04 09:15:41.849478,2026-08-04 09:46:41.849478
UNSEEN_CHK_002884,UNSEEN_CUST_01134,11533.64,abandoned,payment_attempt,2026-08-06 13:29:43.112539,2026-08-06 13:36:43.112539
UNSEEN_CHK_002885,UNSEEN_CUST_01833,44747.81,expired,payment_page,2026-08-11 19:00:43.112539,2026-08-11 20:51:43.112539
UNSEEN_CHK_002886,UNSEEN_CUST_00529,5066.39,abandoned,payment_attempt,2026-07-21 17:09:42.066067,2026-07-21 18:46:42.066067
UNSEEN_CHK_002887,UNSEEN_CUST_01155,26732.9,abandoned,payment_page,2026-06-21 13:24:41.919985,2026-06-21 13:55:41.919985
UNSEEN_CHK_002888,UNSEEN_CUST_01023,22391.17,abandoned,payment_attempt,2026-06-01 01:32:42.072070,2026-06-01 02:07:42.072070
UNSEEN_CHK_002889,UNSEEN_CUST_00742,15841.22,completed,address,2026-05-28 17:19:43.115537,
UNSEEN_CHK_002890,UNSEEN_CUST_00554,18658.15,completed,review,2026-06-19 03:23:43.115537,
UNSEEN_CHK_002891,UNSEEN_CUST_00236,20496.07,abandoned,payment_attempt,2026-06-23 15:55:41.949990,2026-06-23 16:45:41.949990
UNSEEN_CHK_002892,UNSEEN_CUST_01961,13605.2,completed,payment_page,2026-06-02 20:21:43.116536,
UNSEEN_CHK_002893,UNSEEN_CUST_00366,82545.23,expired,payment_page,2026-07-16 05:11:43.116536,2026-07-16 06:11:43.116536
UNSEEN_CHK_002894,UNSEEN_CUST_00756,12883.76,completed,address,2026-07-14 10:55:43.116536,
UNSEEN_CHK_002895,UNSEEN_CUST_00065,19673.91,abandoned,address,2026-08-07 05:19:43.116536,2026-08-07 06:48:43.116536
UNSEEN_CHK_002896,UNSEEN_CUST_00523,40743.62,completed,review,2026-07-09 03:30:43.116536,
UNSEEN_CHK_002897,UNSEEN_CUST_01832,10672.98,abandoned,payment_attempt,2026-08-24 00:44:42.118071,2026-08-24 00:52:42.118071
UNSEEN_CHK_002898,UNSEEN_CUST_01012,16726.13,abandoned,review,2026-06-10 12:35:43.117536,2026-06-10 14:05:43.117536
UNSEEN_CHK_002899,UNSEEN_CUST_00499,7092.96,completed,address,2026-06-20 09:47:43.117536,
UNSEEN_CHK_002900,UNSEEN_CUST_01583,16622.94,abandoned,payment_attempt,2026-07-24 19:21:43.117536,2026-07-24 19:24:43.117536
UNSEEN_CHK_002901,UNSEEN_CUST_01666,22334.27,completed,address,2026-05-30 14:13:43.117536,
UNSEEN_CHK_002902,UNSEEN_CUST_00961,18808.12,abandoned,address,2026-07-25 23:58:43.118538,2026-07-26 00:56:43.118538
UNSEEN_CHK_002903,UNSEEN_CUST_01861,44191.2,completed,review,2026-07-01 00:18:43.118538,
UNSEEN_CHK_002904,UNSEEN_CUST_00106,35209.01,completed,address,2026-05-30 16:37:43.118538,
UNSEEN_CHK_002905,UNSEEN_CUST_01592,15814.93,abandoned,payment_page,2026-06-09 09:07:43.118538,2026-06-09 10:26:43.118538
UNSEEN_CHK_002906,UNSEEN_CUST_00336,38105.59,completed,review,2026-07-15 12:27:43.118538,
UNSEEN_CHK_002907,UNSEEN_CUST_00531,42536.83,abandoned,payment_page,2026-08-03 15:47:43.118538,2026-08-03 16:40:43.118538
UNSEEN_CHK_002908,UNSEEN_CUST_01446,19191.8,completed,address,2026-08-15 20:42:43.118538,
UNSEEN_CHK_002909,UNSEEN_CUST_00237,17889.74,expired,payment_attempt,2026-06-28 23:13:43.118538,2026-06-29 01:07:43.118538
UNSEEN_CHK_002910,UNSEEN_CUST_00377,47871.08,abandoned,payment_attempt,2026-06-11 10:51:42.079077,2026-06-11 12:00:42.079077
UNSEEN_CHK_002911,UNSEEN_CUST_00675,32912.73,abandoned,review,2026-08-13 13:21:43.119538,2026-08-13 15:06:43.119538
UNSEEN_CHK_002912,UNSEEN_CUST_01856,17663.92,completed,payment_page,2026-08-03 04:14:43.119538,
UNSEEN_CHK_002913,UNSEEN_CUST_01660,24620.94,completed,payment_attempt,2026-06-25 05:18:43.119538,
UNSEEN_CHK_002914,UNSEEN_CUST_00629,28441.46,abandoned,payment_page,2026-07-03 19:54:43.119538,2026-07-03 21:32:43.119538
UNSEEN_CHK_002915,UNSEEN_CUST_01850,38158.07,abandoned,payment_attempt,2026-07-28 21:49:43.119538,2026-07-28 22:23:43.119538
UNSEEN_CHK_002916,UNSEEN_CUST_01039,11280.55,abandoned,payment_page,2026-07-26 04:34:42.103066,2026-07-26 06:02:42.103066
UNSEEN_CHK_002917,UNSEEN_CUST_00871,98554.34,abandoned,payment_page,2026-06-26 14:31:43.120538,2026-06-26 16:00:43.120538
UNSEEN_CHK_002918,UNSEEN_CUST_01164,9310.19,expired,payment_page,2026-07-01 14:13:43.120538,2026-07-01 15:06:43.120538
UNSEEN_CHK_002919,UNSEEN_CUST_01610,34071.84,completed,payment_attempt,2026-06-08 02:31:43.120538,
UNSEEN_CHK_002920,UNSEEN_CUST_00198,39883.11,completed,address,2026-06-19 01:47:43.120538,
UNSEEN_CHK_002921,UNSEEN_CUST_00179,44306.22,abandoned,payment_page,2026-06-24 23:51:42.025070,2026-06-25 01:00:42.025070
UNSEEN_CHK_002922,UNSEEN_CUST_01379,3480.97,completed,payment_attempt,2026-07-05 11:24:43.121537,
UNSEEN_CHK_002923,UNSEEN_CUST_00871,82335.81,expired,payment_attempt,2026-08-13 11:24:43.121537,2026-08-13 12:36:43.121537
UNSEEN_CHK_002924,UNSEEN_CUST_00084,17395.56,completed,payment_page,2026-08-24 20:07:43.121537,
UNSEEN_CHK_002925,UNSEEN_CUST_01074,1058.26,abandoned,payment_page,2026-08-23 09:37:41.918985,2026-08-23 09:59:41.918985
UNSEEN_CHK_002926,UNSEEN_CUST_00577,7596.05,abandoned,payment_page,2026-06-26 18:04:43.122536,2026-06-26 18:55:43.122536
UNSEEN_CHK_002927,UNSEEN_CUST_00142,33739.07,expired,review,2026-08-02 23:34:43.123537,2026-08-03 00:31:43.123537
UNSEEN_CHK_002928,UNSEEN_CUST_00572,17611.32,abandoned,address,2026-08-19 09:44:43.123537,2026-08-19 10:19:43.123537
UNSEEN_CHK_002929,UNSEEN_CUST_01616,45669.57,abandoned,address,2026-06-03 14:06:43.123537,2026-06-03 15:07:43.123537
UNSEEN_CHK_002930,UNSEEN_CUST_01724,32436.54,abandoned,payment_page,2026-08-06 13:40:41.899985,2026-08-06 14:30:41.899985
UNSEEN_CHK_002931,UNSEEN_CUST_01010,32450.61,abandoned,payment_attempt,2026-07-06 23:03:42.042074,2026-07-06 23:30:42.042074
UNSEEN_CHK_002932,UNSEEN_CUST_01114,6726.99,completed,address,2026-07-30 23:03:43.125536,
UNSEEN_CHK_002933,UNSEEN_CUST_01572,13589.06,completed,address,2026-06-24 03:51:43.125536,
UNSEEN_CHK_002934,UNSEEN_CUST_00460,34203.37,abandoned,payment_attempt,2026-06-30 14:11:43.125536,2026-06-30 14:25:43.125536
UNSEEN_CHK_002935,UNSEEN_CUST_01893,2784.63,completed,payment_attempt,2026-06-04 20:13:43.125536,
UNSEEN_CHK_002936,UNSEEN_CUST_00042,39559.12,abandoned,payment_page,2026-08-08 19:14:43.125536,2026-08-08 19:22:43.125536
UNSEEN_CHK_002937,UNSEEN_CUST_00374,3474.06,completed,payment_page,2026-06-13 14:26:43.125536,
UNSEEN_CHK_002938,UNSEEN_CUST_00917,20752.2,abandoned,review,2026-08-25 04:58:43.125536,2026-08-25 06:10:43.125536
UNSEEN_CHK_002939,UNSEEN_CUST_01013,10599.64,completed,payment_page,2026-07-19 13:27:43.125536,
UNSEEN_CHK_002940,UNSEEN_CUST_01274,42080.43,expired,review,2026-08-02 19:10:43.125536,2026-08-02 19:27:43.125536
UNSEEN_CHK_002941,UNSEEN_CUST_01822,19135.28,abandoned,payment_attempt,2026-08-21 05:25:43.125536,2026-08-21 07:10:43.125536
UNSEEN_CHK_002942,UNSEEN_CUST_00287,38271.47,completed,review,2026-08-07 19:19:43.125536,
UNSEEN_CHK_002943,UNSEEN_CUST_00991,25487.99,abandoned,payment_page,2026-07-25 07:16:42.001072,2026-07-25 08:07:42.001072
UNSEEN_CHK_002944,UNSEEN_CUST_01546,10634.44,completed,address,2026-06-29 02:55:43.126536,
UNSEEN_CHK_002945,UNSEEN_CUST_01525,64237.38,completed,payment_page,2026-08-25 22:46:43.126536,
UNSEEN_CHK_002946,UNSEEN_CUST_01936,8555.44,abandoned,payment_attempt,2026-06-16 17:48:42.072070,2026-06-16 19:24:42.072070
UNSEEN_CHK_002947,UNSEEN_CUST_01048,35252.18,completed,payment_page,2026-06-02 21:19:43.127537,
UNSEEN_CHK_002948,UNSEEN_CUST_01271,28296.08,completed,payment_page,2026-07-24 14:31:43.127537,
UNSEEN_CHK_002949,UNSEEN_CUST_01668,3250.65,completed,review,2026-05-29 16:17:43.127537,
UNSEEN_CHK_002950,UNSEEN_CUST_00571,5729.97,completed,payment_page,2026-06-22 17:41:43.127537,
UNSEEN_CHK_002951,UNSEEN_CUST_00726,27091.56,abandoned,review,2026-06-08 00:23:43.127537,2026-06-08 00:29:43.127537
UNSEEN_CHK_002952,UNSEEN_CUST_00169,32919.97,expired,review,2026-07-01 06:01:43.127537,2026-07-01 06:33:43.127537
UNSEEN_CHK_002953,UNSEEN_CUST_00556,9328.24,abandoned,payment_attempt,2026-08-24 00:25:41.928990,2026-08-24 01:33:41.928990
UNSEEN_CHK_002954,UNSEEN_CUST_00197,9018.97,completed,payment_attempt,2026-07-03 00:16:43.128544,
UNSEEN_CHK_002955,UNSEEN_CUST_01256,10288.34,completed,payment_page,2026-07-08 21:29:43.128544,
UNSEEN_CHK_002956,UNSEEN_CUST_00906,10196.85,completed,payment_page,2026-06-09 07:36:43.129543,
UNSEEN_CHK_002957,UNSEEN_CUST_01311,16921.47,expired,payment_page,2026-07-26 01:05:43.129543,2026-07-26 01:08:43.129543
UNSEEN_CHK_002958,UNSEEN_CUST_01939,10983.79,abandoned,payment_page,2026-07-05 04:55:43.129543,2026-07-05 04:59:43.129543
UNSEEN_CHK_002959,UNSEEN_CUST_00070,44526.57,completed,review,2026-06-19 03:28:43.129543,
UNSEEN_CHK_002960,UNSEEN_CUST_00472,48289.87,abandoned,review,2026-06-28 08:33:43.129543,2026-06-28 10:10:43.129543
UNSEEN_CHK_002961,UNSEEN_CUST_01215,6926.13,abandoned,payment_attempt,2026-08-22 21:14:41.826478,2026-08-22 21:50:41.826478
UNSEEN_CHK_002962,UNSEEN_CUST_00390,25752.76,completed,address,2026-07-12 12:26:43.130537,
UNSEEN_CHK_002963,UNSEEN_CUST_00467,41646.19,completed,payment_attempt,2026-06-09 06:56:43.130537,
UNSEEN_CHK_002964,UNSEEN_CUST_01191,26610.16,abandoned,review,2026-06-22 01:00:43.130537,2026-06-22 01:22:43.130537
UNSEEN_CHK_002965,UNSEEN_CUST_00183,28322.02,completed,address,2026-08-24 21:13:43.130537,
UNSEEN_CHK_002966,UNSEEN_CUST_00942,23323.39,abandoned,payment_page,2026-07-07 21:25:41.858483,2026-07-07 22:23:41.858483
UNSEEN_CHK_002967,UNSEEN_CUST_01688,14923.44,completed,payment_attempt,2026-08-20 15:42:43.131542,
UNSEEN_CHK_002968,UNSEEN_CUST_00611,24057.79,abandoned,payment_page,2026-08-17 12:34:41.897985,2026-08-17 13:25:41.897985
UNSEEN_CHK_002969,UNSEEN_CUST_00043,9612.68,completed,review,2026-06-21 21:58:43.132539,
UNSEEN_CHK_002970,UNSEEN_CUST_00987,45154.67,completed,payment_page,2026-06-14 02:47:43.132539,
UNSEEN_CHK_002971,UNSEEN_CUST_01573,5615.02,abandoned,payment_page,2026-06-26 14:07:43.132539,2026-06-26 15:14:43.132539
UNSEEN_CHK_002972,UNSEEN_CUST_00255,13692.55,abandoned,payment_attempt,2026-06-06 16:03:41.876985,2026-06-06 16:51:41.876985
UNSEEN_CHK_002973,UNSEEN_CUST_00052,40671.92,abandoned,address,2026-07-20 01:48:43.133537,2026-07-20 02:06:43.133537
UNSEEN_CHK_002974,UNSEEN_CUST_01426,42995.43,expired,review,2026-07-16 18:29:43.133537,2026-07-16 19:24:43.133537
UNSEEN_CHK_002975,UNSEEN_CUST_00734,34329.99,expired,address,2026-08-19 15:53:43.133537,2026-08-19 17:29:43.133537
UNSEEN_CHK_002976,UNSEEN_CUST_00122,16976.08,abandoned,payment_page,2026-08-13 06:20:41.893985,2026-08-13 07:03:41.893985
UNSEEN_CHK_002977,UNSEEN_CUST_00514,11687.53,abandoned,payment_page,2026-07-19 14:59:43.135537,2026-07-19 15:46:43.135537
UNSEEN_CHK_002978,UNSEEN_CUST_00589,12356.4,completed,payment_attempt,2026-06-20 01:19:43.136542,
UNSEEN_CHK_002979,UNSEEN_CUST_01014,49094.75,completed,address,2026-06-25 04:51:43.136542,
UNSEEN_CHK_002980,UNSEEN_CUST_01297,34085.25,completed,address,2026-05-28 07:28:43.136542,
UNSEEN_CHK_002981,UNSEEN_CUST_01724,39894.21,completed,payment_attempt,2026-05-29 17:24:43.136542,
UNSEEN_CHK_002982,UNSEEN_CUST_00835,23464.43,expired,payment_attempt,2026-06-30 09:11:43.136542,2026-06-30 10:59:43.136542
UNSEEN_CHK_002983,UNSEEN_CUST_00994,9997.66,completed,payment_attempt,2026-08-09 05:23:43.137538,
UNSEEN_CHK_002984,UNSEEN_CUST_00087,14322.52,completed,review,2026-08-18 15:18:43.137538,
UNSEEN_CHK_002985,UNSEEN_CUST_00089,33584.89,abandoned,payment_attempt,2026-06-20 05:28:41.833480,2026-06-20 06:29:41.833480
UNSEEN_CHK_002986,UNSEEN_CUST_00423,42857.6,completed,review,2026-07-17 15:31:43.139552,
UNSEEN_CHK_002987,UNSEEN_CUST_00116,26598.4,completed,address,2026-07-02 07:36:43.139552,
UNSEEN_CHK_002988,UNSEEN_CUST_00364,34537.72,expired,address,2026-07-09 13:38:43.139552,2026-07-09 13:40:43.139552
UNSEEN_CHK_002989,UNSEEN_CUST_01633,9788.35,abandoned,review,2026-08-22 17:52:43.140537,2026-08-22 18:35:43.140537
UNSEEN_CHK_002990,UNSEEN_CUST_01551,13209.16,abandoned,address,2026-08-13 01:42:43.140537,2026-08-13 03:19:43.140537
UNSEEN_CHK_002991,UNSEEN_CUST_00670,22142.35,abandoned,payment_attempt,2026-06-13 10:39:42.009986,2026-06-13 11:06:42.009986
UNSEEN_CHK_002992,UNSEEN_CUST_01633,11933.13,abandoned,address,2026-06-11 17:19:43.142536,2026-06-11 17:43:43.142536
UNSEEN_CHK_002993,UNSEEN_CUST_01411,24987.16,completed,address,2026-07-16 21:23:43.142536,
UNSEEN_CHK_002994,UNSEEN_CUST_01971,22842.59,completed,payment_attempt,2026-06-20 17:50:43.142536,
UNSEEN_CHK_002995,UNSEEN_CUST_01291,49290.2,completed,payment_attempt,2026-06-03 01:23:43.143537,
UNSEEN_CHK_002996,UNSEEN_CUST_00042,21830.13,expired,address,2026-06-14 02:34:43.143537,2026-06-14 04:06:43.143537
UNSEEN_CHK_002997,UNSEEN_CUST_01662,11377.02,expired,address,2026-06-08 10:08:43.143537,2026-06-08 10:46:43.143537
UNSEEN_CHK_002998,UNSEEN_CUST_00426,3750.85,completed,address,2026-07-18 04:15:43.143537,
UNSEEN_CHK_002999,UNSEEN_CUST_00791,19933.9,completed,review,2026-07-24 21:06:43.143537,
UNSEEN_CHK_003000,UNSEEN_CUST_01525,48257.04,completed,payment_page,2026-07-10 14:06:43.144542,
UNSEEN_CHK_003001,UNSEEN_CUST_00277,13448.22,completed,review,2026-06-15 17:31:43.144542,
UNSEEN_CHK_003002,UNSEEN_CUST_01255,7629.56,expired,payment_attempt,2026-08-02 17:23:43.144542,2026-08-02 18:00:43.144542
UNSEEN_CHK_003003,UNSEEN_CUST_01266,12911.06,completed,payment_attempt,2026-07-29 15:23:43.144542,
UNSEEN_CHK_003004,UNSEEN_CUST_00162,26672.34,abandoned,payment_page,2026-07-09 14:55:41.799580,2026-07-09 16:22:41.799580
UNSEEN_CHK_003005,UNSEEN_CUST_01086,66699.95,abandoned,address,2026-08-24 01:12:43.146543,2026-08-24 01:20:43.146543
UNSEEN_CHK_003006,UNSEEN_CUST_01434,35651.71,completed,payment_page,2026-08-20 01:36:43.147537,
UNSEEN_CHK_003007,UNSEEN_CUST_00503,2523.47,completed,payment_attempt,2026-07-19 14:11:43.147537,
UNSEEN_CHK_003008,UNSEEN_CUST_01509,3066.53,completed,address,2026-08-13 18:18:43.147537,
UNSEEN_CHK_003009,UNSEEN_CUST_01014,15146.52,abandoned,payment_attempt,2026-06-03 07:12:43.147537,2026-06-03 07:58:43.147537
UNSEEN_CHK_003010,UNSEEN_CUST_01798,18957.95,abandoned,payment_page,2026-08-23 02:35:43.147537,2026-08-23 03:32:43.147537
UNSEEN_CHK_003011,UNSEEN_CUST_01773,32126.41,completed,payment_attempt,2026-06-15 03:16:43.148540,
UNSEEN_CHK_003012,UNSEEN_CUST_01399,47909.92,abandoned,review,2026-06-29 08:13:43.148540,2026-06-29 09:09:43.148540
UNSEEN_CHK_003013,UNSEEN_CUST_01916,18488.46,abandoned,payment_attempt,2026-08-09 17:17:43.148540,2026-08-09 18:25:43.148540
UNSEEN_CHK_003014,UNSEEN_CUST_00701,2703.82,expired,payment_page,2026-06-17 03:16:43.148540,2026-06-17 03:42:43.148540
UNSEEN_CHK_003015,UNSEEN_CUST_00669,47413.38,abandoned,payment_page,2026-08-08 14:24:43.148540,2026-08-08 15:02:43.148540
UNSEEN_CHK_003016,UNSEEN_CUST_00449,17239.35,completed,payment_page,2026-08-12 06:16:43.149537,
UNSEEN_CHK_003017,UNSEEN_CUST_00141,46183.77,completed,address,2026-06-21 22:20:43.149537,
UNSEEN_CHK_003018,UNSEEN_CUST_00770,35524.63,completed,payment_attempt,2026-07-17 01:58:43.149537,
UNSEEN_CHK_003019,UNSEEN_CUST_00721,9754.56,expired,review,2026-06-21 01:31:43.149537,2026-06-21 03:28:43.149537
UNSEEN_CHK_003020,UNSEEN_CUST_01838,43132.43,completed,payment_attempt,2026-08-15 04:37:43.149537,
UNSEEN_CHK_003021,UNSEEN_CUST_00045,1656.52,completed,payment_page,2026-08-01 12:46:43.150537,
UNSEEN_CHK_003022,UNSEEN_CUST_01310,37947.38,completed,payment_page,2026-08-07 10:37:43.150537,
UNSEEN_CHK_003023,UNSEEN_CUST_00201,19863.04,completed,review,2026-07-09 09:38:43.150537,
UNSEEN_CHK_003024,UNSEEN_CUST_00081,16710.37,abandoned,payment_attempt,2026-08-23 19:42:43.150537,2026-08-23 21:40:43.150537
UNSEEN_CHK_003025,UNSEEN_CUST_01732,42765.34,completed,address,2026-07-05 14:21:43.150537,
UNSEEN_CHK_003026,UNSEEN_CUST_00416,63693.22,abandoned,payment_page,2026-07-28 02:54:43.151538,2026-07-28 03:18:43.151538
UNSEEN_CHK_003027,UNSEEN_CUST_01133,6973.12,abandoned,payment_page,2026-06-11 10:42:41.917985,2026-06-11 11:17:41.917985
UNSEEN_CHK_003028,UNSEEN_CUST_01074,32290.58,abandoned,address,2026-07-04 22:46:43.152537,2026-07-04 23:41:43.152537
UNSEEN_CHK_003029,UNSEEN_CUST_01477,42725.09,abandoned,payment_attempt,2026-07-19 18:56:43.153542,2026-07-19 19:57:43.153542
UNSEEN_CHK_003030,UNSEEN_CUST_01716,1682.21,abandoned,payment_attempt,2026-06-22 15:23:41.812993,2026-06-22 16:00:41.812993
UNSEEN_CHK_003031,UNSEEN_CUST_01323,19894.62,completed,payment_page,2026-06-20 20:04:43.156538,
UNSEEN_CHK_003032,UNSEEN_CUST_00983,34428.31,completed,address,2026-05-30 09:53:43.156538,
UNSEEN_CHK_003033,UNSEEN_CUST_00642,5893.34,completed,review,2026-07-30 19:56:43.156538,
UNSEEN_CHK_003034,UNSEEN_CUST_00574,46250.41,abandoned,payment_attempt,2026-07-27 18:18:43.156538,2026-07-27 18:45:43.156538
UNSEEN_CHK_003035,UNSEEN_CUST_01831,94785.63,abandoned,payment_attempt,2026-05-31 18:19:41.862990,2026-05-31 19:06:41.862990
UNSEEN_CHK_003036,UNSEEN_CUST_00905,80148.81,abandoned,payment_page,2026-08-24 22:33:42.070069,2026-08-25 00:23:42.070069
UNSEEN_CHK_003037,UNSEEN_CUST_01727,15934.56,abandoned,payment_page,2026-07-16 01:07:42.021069,2026-07-16 02:37:42.021069
UNSEEN_CHK_003038,UNSEEN_CUST_00463,23597.99,abandoned,payment_page,2026-06-23 10:33:42.081065,2026-06-23 10:50:42.081065
UNSEEN_CHK_003039,UNSEEN_CUST_01625,12187.33,abandoned,review,2026-08-17 07:52:43.163538,2026-08-17 09:48:43.163538
UNSEEN_CHK_003040,UNSEEN_CUST_00631,46490.74,expired,payment_attempt,2026-07-10 13:12:43.163538,2026-07-10 15:08:43.163538
UNSEEN_CHK_003041,UNSEEN_CUST_01611,24081.47,abandoned,address,2026-07-12 20:14:43.163538,2026-07-12 21:49:43.163538
UNSEEN_CHK_003042,UNSEEN_CUST_01135,35573.77,completed,address,2026-06-01 17:13:43.164538,
UNSEEN_CHK_003043,UNSEEN_CUST_00930,33384.3,completed,payment_attempt,2026-07-27 08:44:43.164538,
UNSEEN_CHK_003044,UNSEEN_CUST_00168,45342.19,abandoned,address,2026-07-02 17:14:43.164538,2026-07-02 18:47:43.164538
UNSEEN_CHK_003045,UNSEEN_CUST_00734,46235.25,completed,payment_attempt,2026-06-27 02:07:43.164538,
UNSEEN_CHK_003046,UNSEEN_CUST_01720,28819.01,expired,payment_page,2026-07-31 04:34:43.164538,2026-07-31 04:44:43.164538
UNSEEN_CHK_003047,UNSEEN_CUST_01813,5894.31,completed,payment_attempt,2026-08-23 19:48:43.164538,
UNSEEN_CHK_003048,UNSEEN_CUST_00738,42710.59,abandoned,payment_attempt,2026-07-22 13:48:42.112079,2026-07-22 15:35:42.112079
UNSEEN_CHK_003049,UNSEEN_CUST_01317,11961.86,abandoned,payment_attempt,2026-07-31 23:51:41.892985,2026-08-01 01:14:41.892985
UNSEEN_CHK_003050,UNSEEN_CUST_00700,14181.7,completed,review,2026-06-07 21:55:43.168537,
UNSEEN_CHK_003051,UNSEEN_CUST_00226,17462.1,abandoned,payment_page,2026-07-17 07:55:42.004988,2026-07-17 08:57:42.004988
UNSEEN_CHK_003052,UNSEEN_CUST_01968,3465.93,completed,payment_attempt,2026-06-12 18:30:43.170536,
UNSEEN_CHK_003053,UNSEEN_CUST_00918,25705.3,abandoned,address,2026-05-31 05:49:43.170536,2026-05-31 07:06:43.170536
UNSEEN_CHK_003054,UNSEEN_CUST_00003,21465.57,completed,review,2026-06-25 20:02:43.170536,
UNSEEN_CHK_003055,UNSEEN_CUST_00928,44358.53,completed,payment_page,2026-06-10 20:40:43.170536,
UNSEEN_CHK_003056,UNSEEN_CUST_00243,17157.01,completed,address,2026-06-30 20:41:43.170536,
UNSEEN_CHK_003057,UNSEEN_CUST_00759,12340.54,abandoned,payment_attempt,2026-07-09 06:30:43.170536,2026-07-09 06:48:43.170536
UNSEEN_CHK_003058,UNSEEN_CUST_01418,14523.36,completed,payment_attempt,2026-07-24 08:42:43.171540,
UNSEEN_CHK_003059,UNSEEN_CUST_01678,28572.51,completed,review,2026-06-21 05:45:43.171540,
UNSEEN_CHK_003060,UNSEEN_CUST_01448,19299.58,abandoned,payment_page,2026-08-08 09:38:41.959990,2026-08-08 10:34:41.959990
UNSEEN_CHK_003061,UNSEEN_CUST_01015,28338.6,completed,payment_page,2026-07-01 23:50:43.173545,
UNSEEN_CHK_003062,UNSEEN_CUST_00576,11676.24,completed,payment_page,2026-06-23 02:25:43.173545,
UNSEEN_CHK_003063,UNSEEN_CUST_00861,18446.71,abandoned,review,2026-06-09 13:52:43.173545,2026-06-09 15:31:43.173545
UNSEEN_CHK_003064,UNSEEN_CUST_01788,40646.86,abandoned,payment_page,2026-07-14 07:25:41.966990,2026-07-14 08:55:41.966990
UNSEEN_CHK_003065,UNSEEN_CUST_01383,11604.78,expired,payment_page,2026-07-02 23:15:43.175540,2026-07-02 23:27:43.175540
UNSEEN_CHK_003066,UNSEEN_CUST_00891,2248.1,abandoned,payment_attempt,2026-06-10 02:11:41.879985,2026-06-10 02:19:41.879985
UNSEEN_CHK_003067,UNSEEN_CUST_00903,54444.82,abandoned,payment_page,2026-06-18 11:46:42.047986,2026-06-18 12:53:42.047986
UNSEEN_CHK_003068,UNSEEN_CUST_01027,3322.06,completed,review,2026-06-18 19:22:43.178538,
UNSEEN_CHK_003069,UNSEEN_CUST_00774,13214.0,abandoned,payment_attempt,2026-06-22 04:36:43.178538,2026-06-22 05:23:43.178538
UNSEEN_CHK_003070,UNSEEN_CUST_01167,12382.02,expired,payment_attempt,2026-08-24 15:12:43.179546,2026-08-24 15:26:43.179546
UNSEEN_CHK_003071,UNSEEN_CUST_01541,7416.67,expired,payment_page,2026-07-22 16:24:43.179546,2026-07-22 18:00:43.179546
UNSEEN_CHK_003072,UNSEEN_CUST_00343,34460.44,expired,payment_attempt,2026-08-24 18:04:43.179546,2026-08-24 18:16:43.179546
UNSEEN_CHK_003073,UNSEEN_CUST_00037,5704.4,abandoned,payment_page,2026-06-19 02:58:43.179546,2026-06-19 04:26:43.179546
UNSEEN_CHK_003074,UNSEEN_CUST_00915,2352.23,completed,payment_page,2026-05-31 18:53:43.179546,
UNSEEN_CHK_003075,UNSEEN_CUST_01503,15957.22,abandoned,payment_page,2026-06-23 20:18:42.117069,2026-06-23 21:01:42.117069
UNSEEN_CHK_003076,UNSEEN_CUST_01771,47681.14,completed,address,2026-08-05 00:38:43.181544,
UNSEEN_CHK_003077,UNSEEN_CUST_00827,2209.53,abandoned,address,2026-08-25 02:44:43.181544,2026-08-25 04:41:43.181544
UNSEEN_CHK_003078,UNSEEN_CUST_01707,17076.63,abandoned,payment_page,2026-08-03 09:15:41.970990,2026-08-03 11:01:41.970990
UNSEEN_CHK_003079,UNSEEN_CUST_00777,37640.84,completed,review,2026-06-18 03:28:43.183543,
UNSEEN_CHK_003080,UNSEEN_CUST_01321,4403.16,abandoned,payment_attempt,2026-07-26 10:35:43.183543,2026-07-26 12:32:43.183543
UNSEEN_CHK_003081,UNSEEN_CUST_00281,1262.74,completed,address,2026-06-14 07:32:43.184540,
UNSEEN_CHK_003082,UNSEEN_CUST_00342,18633.64,abandoned,payment_attempt,2026-05-29 09:42:41.895985,2026-05-29 11:24:41.895985
UNSEEN_CHK_003083,UNSEEN_CUST_01136,26359.47,completed,payment_page,2026-06-25 04:44:43.185540,
UNSEEN_CHK_003084,UNSEEN_CUST_01616,42076.87,abandoned,review,2026-07-25 02:00:43.186538,2026-07-25 02:46:43.186538
UNSEEN_CHK_003085,UNSEEN_CUST_00506,46572.8,expired,payment_page,2026-07-29 14:53:43.186538,2026-07-29 16:01:43.186538
UNSEEN_CHK_003086,UNSEEN_CUST_00661,1889.94,completed,payment_attempt,2026-08-15 17:45:43.186538,
UNSEEN_CHK_003087,UNSEEN_CUST_01373,43556.06,completed,payment_page,2026-08-18 03:41:43.186538,
UNSEEN_CHK_003088,UNSEEN_CUST_00698,13027.83,abandoned,payment_page,2026-07-08 16:24:41.969990,2026-07-08 16:33:41.969990
UNSEEN_CHK_003089,UNSEEN_CUST_01204,38972.1,abandoned,payment_attempt,2026-06-15 08:45:41.842479,2026-06-15 09:25:41.842479
UNSEEN_CHK_003090,UNSEEN_CUST_00211,21522.34,abandoned,payment_page,2026-07-01 15:17:43.190547,2026-07-01 15:45:43.190547
UNSEEN_CHK_003091,UNSEEN_CUST_01591,32757.67,abandoned,review,2026-08-03 03:53:43.190547,2026-08-03 05:10:43.190547
UNSEEN_CHK_003092,UNSEEN_CUST_00310,24874.0,expired,payment_page,2026-08-18 00:26:43.190547,2026-08-18 01:44:43.190547
UNSEEN_CHK_003093,UNSEEN_CUST_00275,40502.91,expired,payment_attempt,2026-06-01 15:03:43.190547,2026-06-01 16:36:43.190547
UNSEEN_CHK_003094,UNSEEN_CUST_00055,42485.13,abandoned,payment_page,2026-06-18 15:44:41.971990,2026-06-18 17:13:41.971990
UNSEEN_CHK_003095,UNSEEN_CUST_00134,10612.34,completed,payment_attempt,2026-08-23 09:35:43.192539,
UNSEEN_CHK_003096,UNSEEN_CUST_01319,18750.07,completed,review,2026-06-25 12:04:43.192539,
UNSEEN_CHK_003097,UNSEEN_CUST_01736,41134.6,abandoned,review,2026-06-01 06:51:43.192539,2026-06-01 08:30:43.192539
UNSEEN_CHK_003098,UNSEEN_CUST_00902,9542.62,completed,payment_page,2026-06-07 15:04:43.193539,
UNSEEN_CHK_003099,UNSEEN_CUST_00149,16811.6,abandoned,address,2026-08-10 02:00:43.193539,2026-08-10 03:17:43.193539
UNSEEN_CHK_003100,UNSEEN_CUST_00995,41584.4,completed,payment_page,2026-05-30 01:05:43.193539,
UNSEEN_CHK_003101,UNSEEN_CUST_00725,44261.86,completed,review,2026-08-23 18:08:43.193539,
UNSEEN_CHK_003102,UNSEEN_CUST_01402,7987.23,completed,address,2026-07-02 17:16:43.193539,
UNSEEN_CHK_003103,UNSEEN_CUST_01113,12521.61,abandoned,review,2026-07-18 09:05:43.194543,2026-07-18 10:34:43.194543
UNSEEN_CHK_003104,UNSEEN_CUST_01764,5274.12,completed,payment_page,2026-06-16 22:33:43.194543,
UNSEEN_CHK_003105,UNSEEN_CUST_01932,41464.38,expired,payment_attempt,2026-07-16 14:26:43.194543,2026-07-16 14:48:43.194543
UNSEEN_CHK_003106,UNSEEN_CUST_01029,31970.28,abandoned,payment_attempt,2026-06-07 14:08:41.858483,2026-06-07 15:20:41.858483
UNSEEN_CHK_003107,UNSEEN_CUST_00067,19949.26,completed,address,2026-07-16 14:43:43.196542,
UNSEEN_CHK_003108,UNSEEN_CUST_00349,35850.99,abandoned,payment_attempt,2026-06-24 11:08:41.867990,2026-06-24 12:14:41.867990
UNSEEN_CHK_003109,UNSEEN_CUST_00258,9715.99,abandoned,payment_page,2026-07-09 17:55:43.197539,2026-07-09 18:22:43.197539
UNSEEN_CHK_003110,UNSEEN_CUST_01375,31087.57,completed,address,2026-07-17 11:40:43.198550,
UNSEEN_CHK_003111,UNSEEN_CUST_00027,38800.26,abandoned,address,2026-06-30 05:33:43.198550,2026-06-30 05:50:43.198550
UNSEEN_CHK_003112,UNSEEN_CUST_01013,10870.14,completed,address,2026-06-26 15:50:43.198550,
UNSEEN_CHK_003113,UNSEEN_CUST_01994,85228.74,completed,review,2026-06-09 03:42:43.198550,
UNSEEN_CHK_003114,UNSEEN_CUST_01225,20416.91,completed,payment_page,2026-07-23 00:32:43.198550,
UNSEEN_CHK_003115,UNSEEN_CUST_01659,29621.27,completed,address,2026-08-25 14:49:43.199540,
UNSEEN_CHK_003116,UNSEEN_CUST_00598,38266.11,completed,address,2026-08-12 20:48:43.199540,
UNSEEN_CHK_003117,UNSEEN_CUST_00704,9106.93,expired,address,2026-07-18 12:01:43.199540,2026-07-18 12:13:43.199540
UNSEEN_CHK_003118,UNSEEN_CUST_01895,31917.41,completed,payment_attempt,2026-08-03 06:42:43.199540,
UNSEEN_CHK_003119,UNSEEN_CUST_00607,11932.44,abandoned,payment_attempt,2026-08-26 07:02:43.199540,2026-08-26 07:07:43.199540
UNSEEN_CHK_003120,UNSEEN_CUST_00552,22533.04,completed,payment_attempt,2026-06-20 18:52:43.199540,
UNSEEN_CHK_003121,UNSEEN_CUST_01323,12573.59,completed,payment_page,2026-08-17 14:41:43.200540,
UNSEEN_CHK_003122,UNSEEN_CUST_01874,14803.26,abandoned,address,2026-06-01 00:32:43.200540,2026-06-01 02:21:43.200540
UNSEEN_CHK_003123,UNSEEN_CUST_01939,35538.01,expired,review,2026-05-29 02:22:43.200540,2026-05-29 02:24:43.200540
UNSEEN_CHK_003124,UNSEEN_CUST_00739,32645.41,abandoned,payment_attempt,2026-06-18 10:15:42.080084,2026-06-18 10:46:42.080084
UNSEEN_CHK_003125,UNSEEN_CUST_00905,86679.69,abandoned,payment_attempt,2026-08-24 20:11:42.070069,2026-08-24 20:42:42.070069
UNSEEN_CHK_003126,UNSEEN_CUST_00318,57119.98,abandoned,address,2026-08-20 02:31:43.203540,2026-08-20 04:17:43.203540
UNSEEN_CHK_003127,UNSEEN_CUST_00473,4602.77,completed,payment_attempt,2026-06-28 07:09:43.204541,
UNSEEN_CHK_003128,UNSEEN_CUST_00952,4414.55,abandoned,address,2026-07-06 05:27:43.204541,2026-07-06 06:07:43.204541
UNSEEN_CHK_003129,UNSEEN_CUST_00676,43146.44,abandoned,payment_attempt,2026-07-18 12:36:43.204541,2026-07-18 13:06:43.204541
UNSEEN_CHK_003130,UNSEEN_CUST_00725,43894.7,abandoned,payment_page,2026-06-05 00:10:41.832480,2026-06-05 00:22:41.832480
UNSEEN_CHK_003131,UNSEEN_CUST_01850,41365.68,abandoned,payment_attempt,2026-08-07 08:11:42.134070,2026-08-07 09:26:42.134070
UNSEEN_CHK_003132,UNSEEN_CUST_01884,37076.11,abandoned,payment_attempt,2026-07-08 18:09:42.101073,2026-07-08 18:18:42.101073
UNSEEN_CHK_003133,UNSEEN_CUST_00508,60931.49,abandoned,address,2026-07-29 19:30:43.210540,2026-07-29 21:08:43.210540
UNSEEN_CHK_003134,UNSEEN_CUST_01030,42597.93,abandoned,payment_page,2026-07-14 22:50:43.210540,2026-07-14 22:57:43.210540
UNSEEN_CHK_003135,UNSEEN_CUST_01037,43596.72,abandoned,payment_page,2026-08-01 14:21:43.210540,2026-08-01 15:36:43.210540
UNSEEN_CHK_003136,UNSEEN_CUST_00738,46434.02,completed,payment_page,2026-07-19 03:11:43.210540,
UNSEEN_CHK_003137,UNSEEN_CUST_01927,12849.48,completed,address,2026-06-15 07:51:43.211537,
UNSEEN_CHK_003138,UNSEEN_CUST_01615,46384.16,completed,review,2026-07-01 18:44:43.211537,
UNSEEN_CHK_003139,UNSEEN_CUST_00125,12603.37,completed,address,2026-06-14 12:43:43.211537,
UNSEEN_CHK_003140,UNSEEN_CUST_01606,45259.42,completed,address,2026-08-20 05:31:43.211537,
UNSEEN_CHK_003141,UNSEEN_CUST_01234,19946.97,abandoned,payment_attempt,2026-07-17 05:56:42.105065,2026-07-17 06:46:42.105065
UNSEEN_CHK_003142,UNSEEN_CUST_01196,24858.27,completed,payment_page,2026-07-19 23:37:43.213545,
UNSEEN_CHK_003143,UNSEEN_CUST_00906,56311.54,completed,payment_page,2026-06-16 07:43:43.213545,
UNSEEN_CHK_003144,UNSEEN_CUST_01140,36324.44,abandoned,review,2026-07-02 00:35:43.213545,2026-07-02 00:37:43.213545
UNSEEN_CHK_003145,UNSEEN_CUST_01633,18833.16,completed,address,2026-06-21 13:49:43.213545,
UNSEEN_CHK_003146,UNSEEN_CUST_01898,23449.82,completed,review,2026-05-30 02:59:43.214548,
UNSEEN_CHK_003147,UNSEEN_CUST_00965,33213.1,completed,review,2026-06-16 10:18:43.214548,
UNSEEN_CHK_003148,UNSEEN_CUST_00067,2719.83,completed,address,2026-07-10 11:02:43.214548,
UNSEEN_CHK_003149,UNSEEN_CUST_00086,5985.2,expired,review,2026-07-12 02:53:43.214548,2026-07-12 03:49:43.214548
UNSEEN_CHK_003150,UNSEEN_CUST_01004,8074.31,completed,review,2026-07-31 08:34:43.214548,
UNSEEN_CHK_003151,UNSEEN_CUST_01496,7079.61,abandoned,payment_attempt,2026-07-15 21:31:42.116078,2026-07-15 22:55:42.116078
UNSEEN_CHK_003152,UNSEEN_CUST_01482,33798.57,abandoned,payment_page,2026-06-25 04:56:43.216540,2026-06-25 06:19:43.216540
UNSEEN_CHK_003153,UNSEEN_CUST_00254,19509.95,abandoned,address,2026-08-04 21:35:43.216540,2026-08-04 21:59:43.216540
UNSEEN_CHK_003154,UNSEEN_CUST_01429,56827.67,expired,review,2026-06-07 01:55:43.217538,2026-06-07 02:35:43.217538
UNSEEN_CHK_003155,UNSEEN_CUST_01709,69030.05,abandoned,payment_attempt,2026-08-05 07:16:43.217538,2026-08-05 07:42:43.217538
UNSEEN_CHK_003156,UNSEEN_CUST_00283,49136.93,completed,payment_page,2026-07-21 06:15:43.217538,
UNSEEN_CHK_003157,UNSEEN_CUST_01885,35073.75,abandoned,payment_attempt,2026-06-29 04:39:43.217538,2026-06-29 06:28:43.217538
UNSEEN_CHK_003158,UNSEEN_CUST_00607,40453.77,completed,payment_attempt,2026-06-11 20:33:43.217538,
UNSEEN_CHK_003159,UNSEEN_CUST_01310,30581.53,abandoned,payment_attempt,2026-06-01 16:55:43.217538,2026-06-01 17:32:43.217538
UNSEEN_CHK_003160,UNSEEN_CUST_01164,3389.88,completed,payment_page,2026-07-10 19:31:43.218544,
UNSEEN_CHK_003161,UNSEEN_CUST_00110,28652.93,completed,review,2026-08-21 08:19:43.218544,
UNSEEN_CHK_003162,UNSEEN_CUST_00813,14800.43,abandoned,payment_attempt,2026-07-25 05:56:41.865990,2026-07-25 07:21:41.865990
UNSEEN_CHK_003163,UNSEEN_CUST_00254,42899.59,abandoned,address,2026-08-18 15:12:43.220536,2026-08-18 16:31:43.220536
UNSEEN_CHK_003164,UNSEEN_CUST_01766,1321.32,abandoned,payment_attempt,2026-06-12 09:21:41.915985,2026-06-12 10:30:41.915985
UNSEEN_CHK_003165,UNSEEN_CUST_01823,24857.84,completed,payment_page,2026-07-23 12:54:43.221537,
UNSEEN_CHK_003166,UNSEEN_CUST_01000,30883.87,abandoned,payment_attempt,2026-06-15 13:35:41.978068,2026-06-15 14:31:41.978068
UNSEEN_CHK_003167,UNSEEN_CUST_01490,43262.95,completed,payment_attempt,2026-06-29 08:32:43.223540,
UNSEEN_CHK_003168,UNSEEN_CUST_00692,25494.36,abandoned,address,2026-07-07 21:17:43.223540,2026-07-07 21:24:43.223540
UNSEEN_CHK_003169,UNSEEN_CUST_01902,46293.55,completed,review,2026-07-10 18:45:43.224536,
UNSEEN_CHK_003170,UNSEEN_CUST_00911,46323.05,abandoned,payment_attempt,2026-08-01 05:58:43.224536,2026-08-01 06:12:43.224536
UNSEEN_CHK_003171,UNSEEN_CUST_01483,14807.43,completed,payment_page,2026-08-08 15:00:43.224536,
UNSEEN_CHK_003172,UNSEEN_CUST_00563,30864.41,completed,address,2026-08-23 08:13:43.224536,
UNSEEN_CHK_003173,UNSEEN_CUST_01325,2656.39,completed,payment_page,2026-06-22 10:22:43.224536,
UNSEEN_CHK_003174,UNSEEN_CUST_00888,15263.39,completed,payment_attempt,2026-07-25 16:34:43.225538,
UNSEEN_CHK_003175,UNSEEN_CUST_01499,39403.56,abandoned,payment_page,2026-06-13 04:35:43.225538,2026-06-13 05:01:43.225538
UNSEEN_CHK_003176,UNSEEN_CUST_00158,37208.88,abandoned,payment_page,2026-07-08 18:26:43.225538,2026-07-08 19:29:43.225538
UNSEEN_CHK_003177,UNSEEN_CUST_01320,13105.45,abandoned,payment_attempt,2026-06-04 21:58:41.997028,2026-06-04 22:14:41.997028
UNSEEN_CHK_003178,UNSEEN_CUST_00071,33684.75,abandoned,payment_attempt,2026-06-09 12:40:43.227537,2026-06-09 13:31:43.227537
UNSEEN_CHK_003179,UNSEEN_CUST_00605,94100.36,abandoned,address,2026-06-06 17:37:43.227537,2026-06-06 17:41:43.227537
UNSEEN_CHK_003180,UNSEEN_CUST_01136,31413.86,completed,payment_attempt,2026-08-10 03:27:43.227537,
UNSEEN_CHK_003181,UNSEEN_CUST_00125,5169.41,completed,review,2026-07-12 06:03:43.227537,
UNSEEN_CHK_003182,UNSEEN_CUST_00442,1580.12,abandoned,payment_page,2026-06-14 01:30:41.834479,2026-06-14 03:03:41.834479
UNSEEN_CHK_003183,UNSEEN_CUST_00135,49676.92,completed,review,2026-08-14 20:01:43.229536,
UNSEEN_CHK_003184,UNSEEN_CUST_00271,28657.9,completed,payment_attempt,2026-07-23 02:34:43.229536,
UNSEEN_CHK_003185,UNSEEN_CUST_00556,12316.14,expired,address,2026-06-11 07:03:43.229536,2026-06-11 08:20:43.229536
UNSEEN_CHK_003186,UNSEEN_CUST_00786,12091.48,completed,review,2026-08-10 02:51:43.230536,
UNSEEN_CHK_003187,UNSEEN_CUST_00078,17899.45,abandoned,payment_page,2026-07-02 23:46:41.988078,2026-07-03 01:09:41.988078
UNSEEN_CHK_003188,UNSEEN_CUST_01701,67518.21,abandoned,payment_page,2026-06-05 12:35:43.231548,2026-06-05 13:46:43.231548
UNSEEN_CHK_003189,UNSEEN_CUST_00772,48416.17,abandoned,payment_page,2026-07-03 03:32:43.232537,2026-07-03 04:31:43.232537
UNSEEN_CHK_003190,UNSEEN_CUST_00491,15163.97,abandoned,review,2026-06-25 10:31:43.232537,2026-06-25 11:45:43.232537
UNSEEN_CHK_003191,UNSEEN_CUST_01511,23782.44,abandoned,address,2026-08-08 10:10:43.232537,2026-08-08 10:53:43.232537
UNSEEN_CHK_003192,UNSEEN_CUST_01285,45998.45,completed,payment_attempt,2026-06-18 10:49:43.232537,
UNSEEN_CHK_003193,UNSEEN_CUST_01489,36272.26,abandoned,payment_page,2026-07-24 14:21:43.232537,2026-07-24 16:20:43.232537
UNSEEN_CHK_003194,UNSEEN_CUST_00818,26196.55,completed,review,2026-06-25 15:29:43.233536,
UNSEEN_CHK_003195,UNSEEN_CUST_01995,27351.6,abandoned,address,2026-05-30 20:22:43.233536,2026-05-30 20:28:43.233536
UNSEEN_CHK_003196,UNSEEN_CUST_00348,5639.44,completed,review,2026-06-27 18:45:43.233536,
UNSEEN_CHK_003197,UNSEEN_CUST_00628,17144.14,completed,review,2026-07-30 23:54:43.233536,
UNSEEN_CHK_003198,UNSEEN_CUST_00058,6643.87,abandoned,payment_attempt,2026-08-22 00:47:43.233536,2026-08-22 01:11:43.233536
UNSEEN_CHK_003199,UNSEEN_CUST_01052,28617.74,abandoned,payment_attempt,2026-06-25 07:32:41.923996,2026-06-25 08:38:41.923996
UNSEEN_CHK_003200,UNSEEN_CUST_01496,6469.39,abandoned,payment_page,2026-07-16 01:00:42.116078,2026-07-16 01:42:42.116078
UNSEEN_CHK_003201,UNSEEN_CUST_01102,28228.41,completed,payment_attempt,2026-08-24 13:52:43.237575,
UNSEEN_CHK_003202,UNSEEN_CUST_00198,45841.36,abandoned,payment_page,2026-07-28 22:49:43.237575,2026-07-28 23:29:43.237575
UNSEEN_CHK_003203,UNSEEN_CUST_01135,15444.2,completed,payment_attempt,2026-05-31 15:32:43.237575,
UNSEEN_CHK_003204,UNSEEN_CUST_00899,1438.29,abandoned,payment_page,2026-07-02 23:13:43.237575,2026-07-03 00:32:43.237575
UNSEEN_CHK_003205,UNSEEN_CUST_00575,3740.64,abandoned,payment_page,2026-07-15 18:46:41.872985,2026-07-15 19:45:41.872985
UNSEEN_CHK_003206,UNSEEN_CUST_00601,15434.19,completed,review,2026-07-02 14:50:43.239537,
UNSEEN_CHK_003207,UNSEEN_CUST_01953,24733.58,completed,address,2026-06-11 18:27:43.239537,
UNSEEN_CHK_003208,UNSEEN_CUST_00619,14111.14,abandoned,payment_page,2026-08-25 15:53:43.240538,2026-08-25 17:18:43.240538
UNSEEN_CHK_003209,UNSEEN_CUST_00406,12808.09,abandoned,payment_attempt,2026-05-29 18:37:43.240538,2026-05-29 20:10:43.240538
UNSEEN_CHK_003210,UNSEEN_CUST_00008,24265.32,completed,payment_page,2026-08-02 13:20:43.240538,
UNSEEN_CHK_003211,UNSEEN_CUST_00830,27472.71,abandoned,payment_attempt,2026-07-18 09:05:43.240538,2026-07-18 10:37:43.240538
UNSEEN_CHK_003212,UNSEEN_CUST_01591,32822.34,completed,address,2026-08-02 04:02:43.240538,
UNSEEN_CHK_003213,UNSEEN_CUST_00904,11374.43,completed,payment_attempt,2026-06-13 08:18:43.240538,
UNSEEN_CHK_003214,UNSEEN_CUST_01920,11687.18,abandoned,review,2026-08-18 16:46:43.241537,2026-08-18 18:20:43.241537
UNSEEN_CHK_003215,UNSEEN_CUST_01942,24386.63,abandoned,payment_page,2026-06-22 12:41:41.929989,2026-06-22 12:53:41.929989
UNSEEN_CHK_003216,UNSEEN_CUST_00528,18136.33,completed,payment_page,2026-05-30 01:21:43.242536,
UNSEEN_CHK_003217,UNSEEN_CUST_00821,36297.96,abandoned,payment_page,2026-07-28 00:29:43.243536,2026-07-28 02:27:43.243536
UNSEEN_CHK_003218,UNSEEN_CUST_01537,1842.03,completed,payment_page,2026-06-24 11:15:43.243536,
UNSEEN_CHK_003219,UNSEEN_CUST_00806,25387.34,completed,payment_attempt,2026-06-01 04:36:43.243536,
UNSEEN_CHK_003220,UNSEEN_CUST_01032,46245.53,completed,payment_page,2026-07-01 09:50:43.243536,
UNSEEN_CHK_003221,UNSEEN_CUST_01012,19340.9,completed,payment_attempt,2026-06-19 16:08:43.243536,
UNSEEN_CHK_003222,UNSEEN_CUST_00563,46055.35,abandoned,payment_attempt,2026-06-14 17:09:42.116078,2026-06-14 18:02:42.116078
UNSEEN_CHK_003223,UNSEEN_CUST_01383,49939.24,completed,payment_page,2026-07-09 19:52:43.245539,
UNSEEN_CHK_003224,UNSEEN_CUST_01520,43425.29,completed,payment_attempt,2026-06-09 05:18:43.245539,
UNSEEN_CHK_003225,UNSEEN_CUST_00934,30654.04,abandoned,payment_attempt,2026-05-31 12:05:42.085032,2026-05-31 13:05:42.085032
UNSEEN_CHK_003226,UNSEEN_CUST_00065,39750.5,expired,payment_page,2026-07-09 03:19:43.247539,2026-07-09 03:32:43.247539
UNSEEN_CHK_003227,UNSEEN_CUST_00429,41344.99,completed,address,2026-08-02 17:08:43.247539,
UNSEEN_CHK_003228,UNSEEN_CUST_01792,37372.2,abandoned,payment_page,2026-08-23 06:37:43.247539,2026-08-23 07:51:43.247539
UNSEEN_CHK_003229,UNSEEN_CUST_01939,10702.92,abandoned,address,2026-08-01 22:54:43.248542,2026-08-02 00:21:43.248542
UNSEEN_CHK_003230,UNSEEN_CUST_00051,26880.95,completed,review,2026-08-16 23:16:43.248542,
UNSEEN_CHK_003231,UNSEEN_CUST_01365,42362.41,abandoned,payment_page,2026-06-21 00:26:43.248542,2026-06-21 00:56:43.248542
UNSEEN_CHK_003232,UNSEEN_CUST_00287,21508.47,abandoned,payment_attempt,2026-07-25 09:30:43.248542,2026-07-25 09:48:43.248542
UNSEEN_CHK_003233,UNSEEN_CUST_01934,20996.6,completed,address,2026-08-11 21:11:43.248542,
UNSEEN_CHK_003234,UNSEEN_CUST_01248,20071.4,completed,address,2026-07-16 10:14:43.249541,
UNSEEN_CHK_003235,UNSEEN_CUST_00123,15806.87,abandoned,review,2026-07-17 07:18:43.249541,2026-07-17 08:52:43.249541
UNSEEN_CHK_003236,UNSEEN_CUST_01290,34723.14,abandoned,payment_attempt,2026-08-16 08:49:41.807579,2026-08-16 10:03:41.807579
UNSEEN_CHK_003237,UNSEEN_CUST_01532,27911.56,completed,review,2026-06-09 10:58:43.251539,
UNSEEN_CHK_003238,UNSEEN_CUST_01093,15792.57,abandoned,payment_page,2026-08-12 08:04:41.986072,2026-08-12 09:51:41.986072
UNSEEN_CHK_003239,UNSEEN_CUST_01861,9482.64,completed,payment_attempt,2026-06-02 10:59:43.252538,
UNSEEN_CHK_003240,UNSEEN_CUST_00202,41423.53,completed,payment_attempt,2026-08-07 05:08:43.253543,
UNSEEN_CHK_003241,UNSEEN_CUST_00064,27651.72,completed,address,2026-07-30 03:49:43.253543,
UNSEEN_CHK_003242,UNSEEN_CUST_00144,16735.23,completed,address,2026-07-25 22:41:43.253543,
UNSEEN_CHK_003243,UNSEEN_CUST_01905,26456.19,completed,payment_attempt,2026-07-26 03:42:43.253543,
UNSEEN_CHK_003244,UNSEEN_CUST_01082,19943.57,abandoned,payment_attempt,2026-06-08 01:05:43.253543,2026-06-08 02:33:43.253543
UNSEEN_CHK_003245,UNSEEN_CUST_00540,47795.49,completed,address,2026-05-27 20:33:43.253543,
UNSEEN_CHK_003246,UNSEEN_CUST_00882,9767.33,completed,payment_page,2026-06-21 16:00:43.254541,
UNSEEN_CHK_003247,UNSEEN_CUST_01353,17513.34,expired,payment_attempt,2026-06-30 13:11:43.254541,2026-06-30 14:53:43.254541
UNSEEN_CHK_003248,UNSEEN_CUST_00878,15513.87,completed,payment_page,2026-08-15 08:43:43.254541,
UNSEEN_CHK_003249,UNSEEN_CUST_01370,16886.03,abandoned,payment_attempt,2026-06-25 15:01:43.254541,2026-06-25 15:34:43.254541
UNSEEN_CHK_003250,UNSEEN_CUST_00189,12453.17,completed,payment_attempt,2026-06-11 14:23:43.254541,
UNSEEN_CHK_003251,UNSEEN_CUST_00450,39887.97,completed,payment_attempt,2026-07-15 05:11:43.254541,
UNSEEN_CHK_003252,UNSEEN_CUST_00739,26289.51,completed,address,2026-07-19 04:31:43.255542,
UNSEEN_CHK_003253,UNSEEN_CUST_01666,3739.51,abandoned,payment_attempt,2026-08-11 12:14:41.840478,2026-08-11 12:35:41.840478
UNSEEN_CHK_003254,UNSEEN_CUST_01290,4986.52,expired,address,2026-07-24 20:50:43.257537,2026-07-24 22:37:43.257537
UNSEEN_CHK_003255,UNSEEN_CUST_01933,38676.63,abandoned,payment_page,2026-08-14 12:40:41.998077,2026-08-14 13:21:41.998077
UNSEEN_CHK_003256,UNSEEN_CUST_01119,42762.38,expired,payment_page,2026-06-04 03:22:43.258537,2026-06-04 04:56:43.258537
UNSEEN_CHK_003257,UNSEEN_CUST_01189,18653.19,completed,address,2026-07-25 18:57:43.259537,
UNSEEN_CHK_003258,UNSEEN_CUST_01867,11090.44,completed,payment_attempt,2026-07-03 17:10:43.259537,
UNSEEN_CHK_003259,UNSEEN_CUST_00832,17704.89,abandoned,payment_attempt,2026-08-26 09:57:43.259537,2026-08-26 10:38:43.259537
UNSEEN_CHK_003260,UNSEEN_CUST_00482,19541.88,abandoned,payment_page,2026-06-17 06:46:43.259537,2026-06-17 07:46:43.259537
UNSEEN_CHK_003261,UNSEEN_CUST_00236,48532.41,expired,payment_attempt,2026-06-16 13:38:43.259537,2026-06-16 14:59:43.259537
UNSEEN_CHK_003262,UNSEEN_CUST_01036,10496.07,abandoned,payment_page,2026-06-29 17:09:42.071070,2026-06-29 18:49:42.071070
UNSEEN_CHK_003263,UNSEEN_CUST_01387,11638.74,completed,address,2026-07-09 22:53:43.261537,
UNSEEN_CHK_003264,UNSEEN_CUST_00198,22599.1,completed,address,2026-06-20 04:19:43.261537,
UNSEEN_CHK_003265,UNSEEN_CUST_00300,24663.13,completed,payment_page,2026-07-28 12:46:43.262538,
UNSEEN_CHK_003266,UNSEEN_CUST_00006,48681.66,abandoned,payment_page,2026-06-03 14:40:43.262538,2026-06-03 15:23:43.262538
UNSEEN_CHK_003267,UNSEEN_CUST_00560,18693.67,expired,address,2026-06-18 09:36:43.262538,2026-06-18 09:59:43.262538
UNSEEN_CHK_003268,UNSEEN_CUST_00868,2887.54,abandoned,review,2026-07-18 14:28:43.262538,2026-07-18 14:50:43.262538
UNSEEN_CHK_003269,UNSEEN_CUST_01685,36072.92,completed,address,2026-06-30 01:37:43.262538,
UNSEEN_CHK_003270,UNSEEN_CUST_01534,45016.73,abandoned,payment_attempt,2026-06-24 08:05:42.006989,2026-06-24 08:08:42.006989
UNSEEN_CHK_003271,UNSEEN_CUST_01721,36456.59,abandoned,payment_attempt,2026-07-13 17:24:41.856478,2026-07-13 18:03:41.856478
UNSEEN_CHK_003272,UNSEEN_CUST_01952,32641.86,abandoned,payment_page,2026-06-09 04:30:41.834479,2026-06-09 06:05:41.834479
UNSEEN_CHK_003273,UNSEEN_CUST_01438,38641.53,completed,review,2026-07-21 19:14:43.267539,
UNSEEN_CHK_003274,UNSEEN_CUST_01628,79812.78,completed,payment_attempt,2026-07-01 17:07:43.268542,
UNSEEN_CHK_003275,UNSEEN_CUST_00233,6544.87,completed,address,2026-08-16 03:29:43.268542,
UNSEEN_CHK_003276,UNSEEN_CUST_01967,14104.4,completed,payment_page,2026-07-28 11:50:43.268542,
UNSEEN_CHK_003277,UNSEEN_CUST_01894,42779.07,abandoned,address,2026-06-01 07:18:43.268542,2026-06-01 08:56:43.268542
UNSEEN_CHK_003278,UNSEEN_CUST_00973,11236.48,abandoned,payment_attempt,2026-07-31 12:27:41.866990,2026-07-31 13:20:41.866990
UNSEEN_CHK_003279,UNSEEN_CUST_00806,11056.59,completed,address,2026-07-25 00:03:43.270537,
UNSEEN_CHK_003280,UNSEEN_CUST_01916,15941.44,completed,payment_page,2026-07-02 15:19:43.270537,
UNSEEN_CHK_003281,UNSEEN_CUST_00937,8501.08,completed,review,2026-08-11 03:35:43.270537,
UNSEEN_CHK_003282,UNSEEN_CUST_01636,91942.33,abandoned,payment_attempt,2026-07-31 01:43:43.271537,2026-07-31 02:51:43.271537
UNSEEN_CHK_003283,UNSEEN_CUST_01553,40754.36,abandoned,review,2026-07-25 02:05:43.271537,2026-07-25 02:24:43.271537
UNSEEN_CHK_003284,UNSEEN_CUST_01554,26208.49,completed,review,2026-08-01 14:04:43.271537,
UNSEEN_CHK_003285,UNSEEN_CUST_01953,46780.85,abandoned,payment_attempt,2026-07-12 11:27:43.271537,2026-07-12 12:11:43.271537
UNSEEN_CHK_003286,UNSEEN_CUST_00612,6618.08,abandoned,address,2026-06-29 22:17:43.271537,2026-06-29 23:11:43.271537
UNSEEN_CHK_003287,UNSEEN_CUST_00491,38326.07,completed,payment_attempt,2026-07-14 16:05:43.271537,
UNSEEN_CHK_003288,UNSEEN_CUST_01033,21402.76,completed,payment_page,2026-08-13 09:03:43.272538,
UNSEEN_CHK_003289,UNSEEN_CUST_00364,17742.63,expired,payment_attempt,2026-08-04 05:36:43.272538,2026-08-04 06:07:43.272538
UNSEEN_CHK_003290,UNSEEN_CUST_00499,3235.84,completed,review,2026-07-21 22:56:43.272538,
UNSEEN_CHK_003291,UNSEEN_CUST_01097,25845.01,abandoned,payment_page,2026-06-24 06:27:43.272538,2026-06-24 06:47:43.272538
UNSEEN_CHK_003292,UNSEEN_CUST_01919,48680.57,abandoned,payment_attempt,2026-08-01 17:08:41.894985,2026-08-01 17:41:41.894985
UNSEEN_CHK_003293,UNSEEN_CUST_01992,19377.38,completed,address,2026-06-26 08:19:43.274539,
UNSEEN_CHK_003294,UNSEEN_CUST_01569,7454.93,abandoned,payment_attempt,2026-06-12 20:30:43.274539,2026-06-12 20:33:43.274539
UNSEEN_CHK_003295,UNSEEN_CUST_01782,7130.98,abandoned,payment_attempt,2026-08-17 03:22:43.275538,2026-08-17 04:49:43.275538
UNSEEN_CHK_003296,UNSEEN_CUST_01836,9704.1,abandoned,payment_attempt,2026-06-25 13:26:43.275538,2026-06-25 13:38:43.275538
UNSEEN_CHK_003297,UNSEEN_CUST_01116,20496.44,completed,payment_attempt,2026-07-26 02:08:43.275538,
UNSEEN_CHK_003298,UNSEEN_CUST_00840,13261.92,abandoned,payment_page,2026-07-31 08:47:43.275538,2026-07-31 10:32:43.275538
UNSEEN_CHK_003299,UNSEEN_CUST_00149,48990.75,completed,review,2026-08-24 18:48:43.275538,
UNSEEN_CHK_003300,UNSEEN_CUST_01393,21887.75,completed,address,2026-07-07 03:06:43.275538,
UNSEEN_CHK_003301,UNSEEN_CUST_01964,39204.32,expired,address,2026-07-30 14:40:43.276537,2026-07-30 16:33:43.276537
UNSEEN_CHK_003302,UNSEEN_CUST_00822,28273.66,abandoned,payment_attempt,2026-07-17 21:10:43.276537,2026-07-17 22:49:43.276537
UNSEEN_CHK_003303,UNSEEN_CUST_01937,6722.59,completed,address,2026-07-31 18:40:43.276537,
UNSEEN_CHK_003304,UNSEEN_CUST_00725,1475.94,completed,payment_attempt,2026-06-27 13:50:43.276537,
UNSEEN_CHK_003305,UNSEEN_CUST_00159,19832.23,expired,payment_page,2026-07-20 06:40:43.276537,2026-07-20 08:09:43.276537
UNSEEN_CHK_003306,UNSEEN_CUST_01135,28852.26,completed,review,2026-08-13 14:18:43.277540,
UNSEEN_CHK_003307,UNSEEN_CUST_00560,5017.38,abandoned,review,2026-08-05 16:28:43.277540,2026-08-05 16:51:43.277540
UNSEEN_CHK_003308,UNSEEN_CUST_01518,29323.75,completed,payment_page,2026-08-14 15:27:43.277540,
UNSEEN_CHK_003309,UNSEEN_CUST_01755,19601.31,completed,payment_attempt,2026-07-05 23:20:43.277540,
UNSEEN_CHK_003310,UNSEEN_CUST_01273,2019.6,abandoned,payment_attempt,2026-06-14 13:58:43.277540,2026-06-14 15:17:43.277540
UNSEEN_CHK_003311,UNSEEN_CUST_00691,37678.35,completed,address,2026-06-21 09:01:43.277540,
UNSEEN_CHK_003312,UNSEEN_CUST_00422,58371.87,abandoned,address,2026-08-22 15:01:43.278536,2026-08-22 16:56:43.278536
UNSEEN_CHK_003313,UNSEEN_CUST_01379,18734.97,abandoned,review,2026-08-10 12:26:43.278536,2026-08-10 12:36:43.278536
UNSEEN_CHK_003314,UNSEEN_CUST_00653,11734.87,completed,review,2026-05-31 23:10:43.278536,
UNSEEN_CHK_003315,UNSEEN_CUST_01622,30301.06,completed,payment_page,2026-07-15 07:09:43.278536,
UNSEEN_CHK_003316,UNSEEN_CUST_01377,12091.81,abandoned,review,2026-06-04 06:36:43.278536,2026-06-04 06:52:43.278536
UNSEEN_CHK_003317,UNSEEN_CUST_00941,38694.33,completed,address,2026-08-10 06:26:43.278536,
UNSEEN_CHK_003318,UNSEEN_CUST_01067,40379.91,expired,address,2026-08-23 14:16:43.279537,2026-08-23 15:25:43.279537
UNSEEN_CHK_003319,UNSEEN_CUST_01072,17055.19,abandoned,address,2026-08-12 17:28:43.279537,2026-08-12 18:30:43.279537
UNSEEN_CHK_003320,UNSEEN_CUST_00654,11462.53,abandoned,review,2026-06-02 19:35:43.279537,2026-06-02 20:56:43.279537
UNSEEN_CHK_003321,UNSEEN_CUST_01880,23850.63,completed,review,2026-06-15 19:57:43.279537,
UNSEEN_CHK_003322,UNSEEN_CUST_00375,44153.02,completed,payment_page,2026-06-10 23:55:43.279537,
UNSEEN_CHK_003323,UNSEEN_CUST_00498,25362.24,abandoned,payment_page,2026-06-13 14:02:41.858483,2026-06-13 16:00:41.858483
UNSEEN_CHK_003324,UNSEEN_CUST_00773,9328.65,completed,payment_page,2026-05-30 19:00:43.281535,
UNSEEN_CHK_003325,UNSEEN_CUST_00987,21285.85,completed,payment_page,2026-06-22 06:06:43.281535,
UNSEEN_CHK_003326,UNSEEN_CUST_00489,7635.25,completed,review,2026-08-06 01:15:43.282538,
UNSEEN_CHK_003327,UNSEEN_CUST_00717,46248.16,completed,payment_attempt,2026-06-30 16:37:43.282538,
UNSEEN_CHK_003328,UNSEEN_CUST_00753,1478.7,abandoned,payment_page,2026-07-27 04:16:42.066067,2026-07-27 04:48:42.066067
UNSEEN_CHK_003329,UNSEEN_CUST_00789,4315.93,completed,address,2026-06-13 04:52:43.284538,
UNSEEN_CHK_003330,UNSEEN_CUST_01349,4586.84,expired,address,2026-07-20 00:45:43.284538,2026-07-20 02:07:43.284538
UNSEEN_CHK_003331,UNSEEN_CUST_01540,38389.33,completed,payment_page,2026-08-11 13:35:43.284538,
UNSEEN_CHK_003332,UNSEEN_CUST_01205,23060.03,abandoned,address,2026-06-28 16:17:43.285546,2026-06-28 16:57:43.285546
UNSEEN_CHK_003333,UNSEEN_CUST_01798,10972.66,abandoned,payment_attempt,2026-08-22 23:49:41.850479,2026-08-22 23:58:41.850479
UNSEEN_CHK_003334,UNSEEN_CUST_00029,83056.96,expired,review,2026-07-27 12:59:43.287539,2026-07-27 13:24:43.287539
UNSEEN_CHK_003335,UNSEEN_CUST_00376,7039.5,completed,payment_attempt,2026-08-24 23:57:43.287539,
UNSEEN_CHK_003336,UNSEEN_CUST_00657,27275.39,abandoned,payment_page,2026-06-01 17:14:43.287539,2026-06-01 18:10:43.287539
UNSEEN_CHK_003337,UNSEEN_CUST_01117,6627.36,abandoned,payment_page,2026-08-02 14:10:43.287539,2026-08-02 15:12:43.287539
UNSEEN_CHK_003338,UNSEEN_CUST_01253,11921.56,completed,review,2026-07-07 07:25:43.288536,
UNSEEN_CHK_003339,UNSEEN_CUST_00543,639.41,abandoned,payment_attempt,2026-07-30 22:06:43.288536,2026-07-30 22:57:43.288536
UNSEEN_CHK_003340,UNSEEN_CUST_01140,34886.56,completed,payment_page,2026-06-14 05:59:43.288536,
UNSEEN_CHK_003341,UNSEEN_CUST_01960,43999.0,abandoned,payment_attempt,2026-08-13 03:15:43.288536,2026-08-13 04:19:43.288536
UNSEEN_CHK_003342,UNSEEN_CUST_00846,42548.5,abandoned,payment_attempt,2026-08-25 11:08:41.901985,2026-08-25 12:44:41.901985
UNSEEN_CHK_003343,UNSEEN_CUST_00544,67111.39,completed,address,2026-08-13 10:46:43.291536,
UNSEEN_CHK_003344,UNSEEN_CUST_01736,10188.19,completed,payment_page,2026-07-07 14:35:43.291536,
UNSEEN_CHK_003345,UNSEEN_CUST_00087,28325.53,abandoned,payment_attempt,2026-06-22 14:49:43.291536,2026-06-22 16:29:43.291536
UNSEEN_CHK_003346,UNSEEN_CUST_01171,17177.06,abandoned,address,2026-08-16 02:05:43.291536,2026-08-16 02:38:43.291536
UNSEEN_CHK_003347,UNSEEN_CUST_00946,15072.98,completed,payment_attempt,2026-05-30 18:51:43.292540,
UNSEEN_CHK_003348,UNSEEN_CUST_01456,3205.46,expired,address,2026-06-06 18:29:43.292540,2026-06-06 19:23:43.292540
UNSEEN_CHK_003349,UNSEEN_CUST_01097,6551.43,abandoned,review,2026-07-02 11:45:43.292540,2026-07-02 11:48:43.292540
UNSEEN_CHK_003350,UNSEEN_CUST_00682,88036.12,completed,review,2026-07-15 12:01:43.292540,
UNSEEN_CHK_003351,UNSEEN_CUST_01924,43487.15,completed,payment_page,2026-06-03 12:57:43.292540,
UNSEEN_CHK_003352,UNSEEN_CUST_01676,10559.35,abandoned,payment_attempt,2026-07-15 03:48:43.293545,2026-07-15 05:08:43.293545
UNSEEN_CHK_003353,UNSEEN_CUST_00840,11384.12,abandoned,payment_page,2026-08-10 10:15:43.293545,2026-08-10 11:07:43.293545
UNSEEN_CHK_003354,UNSEEN_CUST_00990,31399.5,abandoned,payment_attempt,2026-07-22 19:25:42.079077,2026-07-22 20:23:42.079077
UNSEEN_CHK_003355,UNSEEN_CUST_01379,6044.7,abandoned,payment_page,2026-07-12 23:44:43.295548,2026-07-13 01:42:43.295548
UNSEEN_CHK_003356,UNSEEN_CUST_00066,19924.25,completed,payment_attempt,2026-08-07 04:27:43.295548,
UNSEEN_CHK_003357,UNSEEN_CUST_00112,2255.62,abandoned,payment_page,2026-08-06 22:11:41.855491,2026-08-06 23:57:41.855491
UNSEEN_CHK_003358,UNSEEN_CUST_01781,1702.97,abandoned,address,2026-07-11 19:13:43.297543,2026-07-11 20:37:43.297543
UNSEEN_CHK_003359,UNSEEN_CUST_00761,36891.17,expired,review,2026-06-27 08:47:43.298550,2026-06-27 10:01:43.298550
UNSEEN_CHK_003360,UNSEEN_CUST_00690,49541.39,completed,payment_attempt,2026-07-27 13:47:43.298550,
UNSEEN_CHK_003361,UNSEEN_CUST_01585,96671.99,abandoned,review,2026-08-24 15:37:43.298550,2026-08-24 16:14:43.298550
UNSEEN_CHK_003362,UNSEEN_CUST_00676,49258.47,abandoned,payment_page,2026-07-20 18:38:41.900985,2026-07-20 19:45:41.900985
UNSEEN_CHK_003363,UNSEEN_CUST_00027,38229.03,completed,review,2026-06-19 20:03:43.300537,
UNSEEN_CHK_003364,UNSEEN_CUST_00382,2897.27,expired,payment_page,2026-08-13 15:43:43.300537,2026-08-13 16:06:43.300537
UNSEEN_CHK_003365,UNSEEN_CUST_01939,40439.66,completed,review,2026-06-02 09:58:43.300537,
UNSEEN_CHK_003366,UNSEEN_CUST_00869,21469.92,completed,payment_page,2026-07-25 11:14:43.300537,
UNSEEN_CHK_003367,UNSEEN_CUST_01842,2714.58,completed,review,2026-08-08 11:47:43.301536,
UNSEEN_CHK_003368,UNSEEN_CUST_01602,23176.25,expired,payment_page,2026-08-26 20:05:43.301536,2026-08-26 21:47:43.301536
UNSEEN_CHK_003369,UNSEEN_CUST_00535,47357.8,expired,payment_attempt,2026-07-23 19:14:43.301536,2026-07-23 20:31:43.301536
UNSEEN_CHK_003370,UNSEEN_CUST_01635,26908.07,abandoned,payment_page,2026-07-07 12:22:41.878985,2026-07-07 12:31:41.878985
UNSEEN_CHK_003371,UNSEEN_CUST_00161,42747.68,completed,address,2026-06-18 14:31:43.303537,
UNSEEN_CHK_003372,UNSEEN_CUST_01348,13855.07,abandoned,address,2026-06-21 14:32:43.303537,2026-06-21 15:06:43.303537
UNSEEN_CHK_003373,UNSEEN_CUST_01857,24569.25,completed,payment_attempt,2026-08-20 06:32:43.303537,
UNSEEN_CHK_003374,UNSEEN_CUST_01508,26990.63,abandoned,payment_attempt,2026-06-21 13:44:41.859983,2026-06-21 14:44:41.859983
UNSEEN_CHK_003375,UNSEEN_CUST_00631,30631.64,completed,address,2026-07-02 19:37:43.305537,
UNSEEN_CHK_003376,UNSEEN_CUST_01227,10793.51,completed,payment_attempt,2026-07-01 10:23:43.305537,
UNSEEN_CHK_003377,UNSEEN_CUST_00540,39827.85,abandoned,payment_page,2026-06-07 04:56:43.305537,2026-06-07 06:16:43.305537
UNSEEN_CHK_003378,UNSEEN_CUST_01913,82302.77,completed,payment_attempt,2026-06-12 05:27:43.306537,
UNSEEN_CHK_003379,UNSEEN_CUST_00131,32445.92,abandoned,payment_page,2026-07-10 06:04:43.306537,2026-07-10 06:26:43.306537
UNSEEN_CHK_003380,UNSEEN_CUST_00453,49677.65,completed,review,2026-08-22 02:26:43.306537,
UNSEEN_CHK_003381,UNSEEN_CUST_00696,8092.13,expired,payment_page,2026-05-31 16:38:43.306537,2026-05-31 18:13:43.306537
UNSEEN_CHK_003382,UNSEEN_CUST_01197,7969.78,completed,payment_page,2026-07-22 07:36:43.306537,
UNSEEN_CHK_003383,UNSEEN_CUST_01027,3598.57,completed,payment_page,2026-08-18 10:00:43.307541,
UNSEEN_CHK_003384,UNSEEN_CUST_00122,11643.59,expired,payment_page,2026-06-01 00:14:43.307541,2026-06-01 02:01:43.307541
UNSEEN_CHK_003385,UNSEEN_CUST_00522,39957.43,abandoned,payment_page,2026-07-11 12:37:42.061077,2026-07-11 13:29:42.061077
UNSEEN_CHK_003386,UNSEEN_CUST_01926,34742.41,completed,payment_page,2026-06-24 01:46:43.309542,
UNSEEN_CHK_003387,UNSEEN_CUST_01952,44345.0,abandoned,payment_attempt,2026-07-09 03:32:43.309542,2026-07-09 03:49:43.309542
UNSEEN_CHK_003388,UNSEEN_CUST_00755,24452.43,expired,payment_attempt,2026-08-07 00:30:43.309542,2026-08-07 01:31:43.309542
UNSEEN_CHK_003389,UNSEEN_CUST_01785,19479.55,completed,address,2026-07-02 20:41:43.309542,
UNSEEN_CHK_003390,UNSEEN_CUST_01610,21697.04,completed,payment_attempt,2026-06-06 06:50:43.309542,
UNSEEN_CHK_003391,UNSEEN_CUST_00350,25249.32,completed,payment_page,2026-08-17 15:04:43.310540,
UNSEEN_CHK_003392,UNSEEN_CUST_01052,30448.96,abandoned,payment_page,2026-06-25 07:24:41.923996,2026-06-25 07:29:41.923996
UNSEEN_CHK_003393,UNSEEN_CUST_00353,35600.5,abandoned,payment_attempt,2026-05-31 17:18:43.311543,2026-05-31 18:00:43.311543
UNSEEN_CHK_003394,UNSEEN_CUST_01427,2176.78,completed,address,2026-05-29 23:06:43.312540,
UNSEEN_CHK_003395,UNSEEN_CUST_01828,41539.9,abandoned,review,2026-07-28 15:56:43.312540,2026-07-28 17:48:43.312540
UNSEEN_CHK_003396,UNSEEN_CUST_00587,34389.11,abandoned,payment_attempt,2026-07-10 17:55:43.312540,2026-07-10 19:03:43.312540
UNSEEN_CHK_003397,UNSEEN_CUST_00445,23359.96,abandoned,address,2026-07-04 08:56:43.312540,2026-07-04 10:41:43.312540
UNSEEN_CHK_003398,UNSEEN_CUST_00270,68782.37,completed,review,2026-07-03 00:36:43.312540,
UNSEEN_CHK_003399,UNSEEN_CUST_01897,1087.65,completed,review,2026-07-23 10:32:43.312540,
UNSEEN_CHK_003400,UNSEEN_CUST_01407,10363.19,completed,payment_page,2026-08-18 22:13:43.313542,
UNSEEN_CHK_003401,UNSEEN_CUST_01348,24169.08,abandoned,payment_page,2026-07-31 06:41:43.313542,2026-07-31 07:56:43.313542
UNSEEN_CHK_003402,UNSEEN_CUST_01913,82242.78,completed,review,2026-06-27 07:36:43.313542,
UNSEEN_CHK_003403,UNSEEN_CUST_00886,11473.53,expired,review,2026-06-05 14:26:43.313542,2026-06-05 14:29:43.313542
UNSEEN_CHK_003404,UNSEEN_CUST_00365,7260.07,completed,address,2026-07-19 20:57:43.313542,
UNSEEN_CHK_003405,UNSEEN_CUST_00455,17360.4,abandoned,payment_page,2026-08-21 21:20:43.314543,2026-08-21 22:30:43.314543
UNSEEN_CHK_003406,UNSEEN_CUST_00528,5176.36,abandoned,address,2026-05-28 07:22:43.314543,2026-05-28 08:23:43.314543
UNSEEN_CHK_003407,UNSEEN_CUST_01467,14475.97,completed,payment_attempt,2026-06-14 13:58:43.314543,
UNSEEN_CHK_003408,UNSEEN_CUST_00090,34024.29,abandoned,payment_attempt,2026-05-31 12:32:42.038065,2026-05-31 13:05:42.038065
UNSEEN_CHK_003409,UNSEEN_CUST_01665,36024.23,completed,address,2026-06-02 04:06:43.316543,
UNSEEN_CHK_003410,UNSEEN_CUST_00559,6660.92,completed,review,2026-08-06 02:25:43.316543,
UNSEEN_CHK_003411,UNSEEN_CUST_00171,4175.59,abandoned,review,2026-06-29 19:48:43.316543,2026-06-29 19:56:43.316543
UNSEEN_CHK_003412,UNSEEN_CUST_00455,16671.68,abandoned,payment_attempt,2026-08-18 03:24:43.316543,2026-08-18 04:14:43.316543
UNSEEN_CHK_003413,UNSEEN_CUST_00681,15610.63,completed,payment_attempt,2026-07-08 01:48:43.316543,
UNSEEN_CHK_003414,UNSEEN_CUST_01903,1332.65,completed,address,2026-06-21 09:26:43.317548,
UNSEEN_CHK_003415,UNSEEN_CUST_01283,41387.89,completed,payment_attempt,2026-07-13 22:54:43.317548,
UNSEEN_CHK_003416,UNSEEN_CUST_01669,1334.59,completed,address,2026-06-20 02:31:43.317548,
UNSEEN_CHK_003417,UNSEEN_CUST_01042,43319.97,completed,payment_attempt,2026-08-23 14:24:43.317548,
UNSEEN_CHK_003418,UNSEEN_CUST_01332,48243.21,abandoned,payment_attempt,2026-06-13 00:27:43.317548,2026-06-13 00:33:43.317548
UNSEEN_CHK_003419,UNSEEN_CUST_01161,37471.03,completed,review,2026-07-12 10:03:43.317548,
UNSEEN_CHK_003420,UNSEEN_CUST_01469,16858.22,completed,review,2026-08-01 09:36:43.318540,
UNSEEN_CHK_003421,UNSEEN_CUST_00232,46117.65,completed,review,2026-07-10 11:50:43.318540,
UNSEEN_CHK_003422,UNSEEN_CUST_01576,29663.27,completed,address,2026-07-02 09:54:43.318540,
UNSEEN_CHK_003423,UNSEEN_CUST_00287,21792.62,abandoned,review,2026-06-09 10:07:43.318540,2026-06-09 11:50:43.318540
UNSEEN_CHK_003424,UNSEEN_CUST_01799,39058.88,expired,payment_page,2026-06-14 08:40:43.318540,2026-06-14 10:39:43.318540
UNSEEN_CHK_003425,UNSEEN_CUST_01020,12623.66,completed,payment_attempt,2026-08-26 08:51:43.318540,
UNSEEN_CHK_003426,UNSEEN_CUST_01164,41715.32,completed,review,2026-06-25 17:04:43.319543,
UNSEEN_CHK_003427,UNSEEN_CUST_00381,1210.72,completed,review,2026-07-09 08:25:43.319543,
UNSEEN_CHK_003428,UNSEEN_CUST_01783,1701.09,abandoned,payment_page,2026-07-08 17:20:43.319543,2026-07-08 18:47:43.319543
UNSEEN_CHK_003429,UNSEEN_CUST_01984,41446.84,expired,payment_page,2026-06-20 14:37:43.319543,2026-06-20 15:56:43.319543
UNSEEN_CHK_003430,UNSEEN_CUST_01501,8685.96,abandoned,payment_page,2026-08-16 09:18:41.868990,2026-08-16 11:09:41.868990
UNSEEN_CHK_003431,UNSEEN_CUST_00937,14653.45,abandoned,payment_attempt,2026-08-14 08:19:41.935989,2026-08-14 09:01:41.935989
UNSEEN_CHK_003432,UNSEEN_CUST_01333,49304.33,completed,review,2026-07-26 08:06:43.323541,
UNSEEN_CHK_003433,UNSEEN_CUST_00671,21592.22,completed,address,2026-06-18 19:50:43.323541,
UNSEEN_CHK_003434,UNSEEN_CUST_00498,22175.47,completed,payment_page,2026-06-20 07:53:43.323541,
UNSEEN_CHK_003435,UNSEEN_CUST_00601,41641.92,completed,payment_attempt,2026-07-05 15:52:43.323541,
UNSEEN_CHK_003436,UNSEEN_CUST_00986,42164.62,completed,payment_attempt,2026-07-09 17:19:43.324536,
UNSEEN_CHK_003437,UNSEEN_CUST_00056,11405.69,completed,payment_attempt,2026-07-22 18:05:43.324536,
UNSEEN_CHK_003438,UNSEEN_CUST_01887,27830.41,completed,review,2026-07-27 20:12:43.324536,
UNSEEN_CHK_003439,UNSEEN_CUST_01613,14951.11,completed,payment_page,2026-06-03 07:28:43.324536,
UNSEEN_CHK_003440,UNSEEN_CUST_00500,26979.18,abandoned,payment_attempt,2026-07-18 13:33:43.324536,2026-07-18 15:25:43.324536
UNSEEN_CHK_003441,UNSEEN_CUST_01555,6374.7,completed,address,2026-08-10 09:45:43.324536,
UNSEEN_CHK_003442,UNSEEN_CUST_00207,15174.12,completed,review,2026-06-14 01:49:43.324536,
UNSEEN_CHK_003443,UNSEEN_CUST_00115,87917.08,expired,address,2026-08-09 18:00:43.325545,2026-08-09 18:03:43.325545
UNSEEN_CHK_003444,UNSEEN_CUST_00011,4326.24,abandoned,payment_attempt,2026-07-15 20:22:41.821991,2026-07-15 20:55:41.821991
UNSEEN_CHK_003445,UNSEEN_CUST_01590,19958.48,abandoned,payment_page,2026-08-07 17:32:41.811992,2026-08-07 18:28:41.811992
UNSEEN_CHK_003446,UNSEEN_CUST_00184,24336.63,expired,payment_page,2026-08-03 11:58:43.328539,2026-08-03 12:33:43.328539
UNSEEN_CHK_003447,UNSEEN_CUST_00496,5899.36,abandoned,payment_page,2026-07-02 19:49:41.992989,2026-07-02 20:23:41.992989
UNSEEN_CHK_003448,UNSEEN_CUST_01924,33216.08,completed,payment_attempt,2026-07-31 02:29:43.330540,
UNSEEN_CHK_003449,UNSEEN_CUST_01572,20736.02,completed,payment_attempt,2026-08-06 01:21:43.331542,
UNSEEN_CHK_003450,UNSEEN_CUST_00527,45500.02,completed,address,2026-08-06 05:59:43.331542,
UNSEEN_CHK_003451,UNSEEN_CUST_01301,645.18,completed,payment_attempt,2026-07-14 22:19:43.331542,
UNSEEN_CHK_003452,UNSEEN_CUST_00199,19347.72,abandoned,payment_attempt,2026-05-29 22:34:41.956992,2026-05-29 22:50:41.956992
UNSEEN_CHK_003453,UNSEEN_CUST_00577,5593.76,abandoned,payment_page,2026-07-16 00:34:41.930990,2026-07-16 01:32:41.930990
UNSEEN_CHK_003454,UNSEEN_CUST_01486,10634.66,abandoned,payment_page,2026-07-07 05:18:43.334540,2026-07-07 06:21:43.334540
UNSEEN_CHK_003455,UNSEEN_CUST_00981,39580.99,abandoned,payment_attempt,2026-06-26 17:09:43.334540,2026-06-26 17:47:43.334540
UNSEEN_CHK_003456,UNSEEN_CUST_01192,10549.47,completed,payment_page,2026-08-11 03:44:43.335542,
UNSEEN_CHK_003457,UNSEEN_CUST_01851,10324.03,abandoned,review,2026-06-13 17:47:43.335542,2026-06-13 18:32:43.335542
UNSEEN_CHK_003458,UNSEEN_CUST_01046,12941.7,abandoned,review,2026-06-09 16:22:43.335542,2026-06-09 17:00:43.335542
UNSEEN_CHK_003459,UNSEEN_CUST_00795,8164.92,expired,review,2026-07-18 21:08:43.335542,2026-07-18 21:39:43.335542
UNSEEN_CHK_003460,UNSEEN_CUST_00175,7618.27,abandoned,payment_attempt,2026-05-29 03:53:42.044069,2026-05-29 05:42:42.044069
UNSEEN_CHK_003461,UNSEEN_CUST_00852,32486.65,abandoned,payment_attempt,2026-07-02 01:07:43.337542,2026-07-02 01:35:43.337542
UNSEEN_CHK_003462,UNSEEN_CUST_01462,24435.86,abandoned,payment_page,2026-05-29 23:17:42.087074,2026-05-29 23:39:42.087074
UNSEEN_CHK_003463,UNSEEN_CUST_01603,37977.15,completed,review,2026-08-22 07:03:43.339537,
UNSEEN_CHK_003464,UNSEEN_CUST_00713,13237.76,completed,address,2026-06-06 07:34:43.339537,
UNSEEN_CHK_003465,UNSEEN_CUST_00683,830.91,abandoned,payment_attempt,2026-07-19 00:58:41.887985,2026-07-19 01:11:41.887985
UNSEEN_CHK_003466,UNSEEN_CUST_01427,17451.29,abandoned,address,2026-07-21 21:07:43.341539,2026-07-21 22:16:43.341539
UNSEEN_CHK_003467,UNSEEN_CUST_01271,29670.31,completed,review,2026-08-21 16:09:43.341539,
UNSEEN_CHK_003468,UNSEEN_CUST_00596,41979.53,abandoned,review,2026-07-25 10:08:43.342540,2026-07-25 11:43:43.342540
UNSEEN_CHK_003469,UNSEEN_CUST_00612,16134.64,completed,address,2026-07-28 17:59:43.342540,
UNSEEN_CHK_003470,UNSEEN_CUST_00171,12074.45,completed,address,2026-06-29 10:30:43.342540,
UNSEEN_CHK_003471,UNSEEN_CUST_01612,14301.86,completed,address,2026-06-16 20:54:43.342540,
UNSEEN_CHK_003472,UNSEEN_CUST_01672,99086.12,abandoned,payment_page,2026-06-02 04:17:43.342540,2026-06-02 06:10:43.342540
UNSEEN_CHK_003473,UNSEEN_CUST_01969,24940.14,abandoned,payment_attempt,2026-07-12 07:36:41.898985,2026-07-12 09:08:41.898985
UNSEEN_CHK_003474,UNSEEN_CUST_00460,27157.36,completed,address,2026-07-29 11:53:43.344540,
UNSEEN_CHK_003475,UNSEEN_CUST_00221,48256.79,completed,payment_page,2026-08-25 03:54:43.344540,
UNSEEN_CHK_003476,UNSEEN_CUST_01099,25320.74,completed,review,2026-07-13 06:45:43.345541,
UNSEEN_CHK_003477,UNSEEN_CUST_00345,37433.77,completed,review,2026-07-02 08:54:43.345541,
UNSEEN_CHK_003478,UNSEEN_CUST_00278,19123.55,abandoned,address,2026-06-10 16:37:43.345541,2026-06-10 17:50:43.345541
UNSEEN_CHK_003479,UNSEEN_CUST_00611,26122.75,abandoned,payment_page,2026-08-17 15:58:41.897985,2026-08-17 16:03:41.897985
UNSEEN_CHK_003480,UNSEEN_CUST_00506,33998.31,completed,payment_page,2026-06-30 05:23:43.347539,
UNSEEN_CHK_003481,UNSEEN_CUST_00744,12674.24,expired,payment_page,2026-07-17 21:34:43.347539,2026-07-17 21:44:43.347539
UNSEEN_CHK_003482,UNSEEN_CUST_00793,40646.13,expired,payment_page,2026-08-20 10:14:43.347539,2026-08-20 11:37:43.347539
UNSEEN_CHK_003483,UNSEEN_CUST_00523,45106.02,abandoned,review,2026-06-30 22:06:43.347539,2026-06-30 22:17:43.347539
UNSEEN_CHK_003484,UNSEEN_CUST_00677,47385.82,completed,review,2026-08-23 15:58:43.347539,
UNSEEN_CHK_003485,UNSEEN_CUST_00353,35058.11,abandoned,payment_attempt,2026-07-13 04:41:43.348540,2026-07-13 05:07:43.348540
UNSEEN_CHK_003486,UNSEEN_CUST_00033,6712.18,completed,review,2026-06-27 18:58:43.348540,
UNSEEN_CHK_003487,UNSEEN_CUST_01879,48685.83,expired,review,2026-06-12 12:06:43.348540,2026-06-12 12:55:43.348540
UNSEEN_CHK_003488,UNSEEN_CUST_00330,16949.3,abandoned,review,2026-07-13 02:14:43.348540,2026-07-13 03:19:43.348540
UNSEEN_CHK_003489,UNSEEN_CUST_00576,35214.24,abandoned,payment_page,2026-08-06 06:20:43.348540,2026-08-06 07:54:43.348540
UNSEEN_CHK_003490,UNSEEN_CUST_01609,21544.16,completed,payment_page,2026-06-28 20:45:43.349543,
UNSEEN_CHK_003491,UNSEEN_CUST_01451,28990.72,completed,payment_attempt,2026-07-20 05:41:43.349543,
UNSEEN_CHK_003492,UNSEEN_CUST_01900,11741.98,abandoned,payment_attempt,2026-06-13 10:25:42.133072,2026-06-13 11:02:42.133072
UNSEEN_CHK_003493,UNSEEN_CUST_00941,33043.6,abandoned,payment_page,2026-07-26 16:01:41.817991,2026-07-26 16:13:41.817991
UNSEEN_CHK_003494,UNSEEN_CUST_00998,24939.27,abandoned,address,2026-08-02 21:34:43.352541,2026-08-02 21:44:43.352541
UNSEEN_CHK_003495,UNSEEN_CUST_01273,9099.63,abandoned,payment_attempt,2026-07-01 09:47:42.089987,2026-07-01 10:55:42.089987
UNSEEN_CHK_003496,UNSEEN_CUST_00932,99501.39,completed,payment_page,2026-06-02 06:26:43.354540,
UNSEEN_CHK_003497,UNSEEN_CUST_01359,29276.84,abandoned,payment_page,2026-07-21 23:56:42.128065,2026-07-22 01:08:42.128065
UNSEEN_CHK_003498,UNSEEN_CUST_01610,32615.12,completed,review,2026-08-14 23:53:43.356536,
UNSEEN_CHK_003499,UNSEEN_CUST_00132,21696.77,abandoned,review,2026-07-16 13:13:43.356536,2026-07-16 14:17:43.356536
UNSEEN_CHK_003500,UNSEEN_CUST_01427,13683.38,abandoned,payment_attempt,2026-06-27 02:04:42.043078,2026-06-27 03:46:42.043078
