customer_id,customer_name,customer_segment,preferred_payment_method,communication_opt_in,customer_lifetime_value,successful_payment_count,failed_payment_count,total_payment_attempts
UNSEEN_CUST_00001,Fiyaz Varghese,regular,netbanking,True,47918.41,1,0,1
UNSEEN_CUST_00002,Vamakshi Cheema,regular,upi,True,78228.24,1,0,1
UNSEEN_CUST_00003,Benjamin Misra,regular,card,True,79733.87,3,0,3
UNSEEN_CUST_00004,Joshua Bhandari,regular,upi,True,64760.46,0,2,2
UNSEEN_CUST_00005,Balvan Ahuja,regular,upi,True,99803.16,2,0,2
UNSEEN_CUST_00006,Nitesh Kakar,high_value,netbanking,True,229122.4,1,1,2
UNSEEN_CUST_00007,Brijesh Chatterjee,high_value,netbanking,True,134711.33,1,0,1
UNSEEN_CUST_00008,Chanakya Master,regular,card,True,73176.51,1,0,1
UNSEEN_CUST_00009,Pahal Balasubramanian,regular,card,True,43243.82,1,0,1
UNSEEN_CUST_00010,Chanakya Wagle,high_value,card,True,195532.58,4,0,4
UNSEEN_CUST_00011,Henry Bera,new,upi,True,8826.88,0,2,2
UNSEEN_CUST_00012,Yochana Jaggi,new,card,True,4447.43,1,1,2
UNSEEN_CUST_00013,Anika Sandal,regular,netbanking,False,28216.76,1,0,1
UNSEEN_CUST_00014,Yochana Bhatti,new,upi,True,12197.51,1,2,3
UNSEEN_CUST_00015,Victor Ravi,high_value,card,False,158271.1,5,0,5
UNSEEN_CUST_00016,Ekantika Vala,regular,upi,False,30501.79,3,1,4
UNSEEN_CUST_00017,Balhaar Ghosh,regular,upi,True,68309.4,6,0,6
UNSEEN_CUST_00018,Aashi Verma,regular,upi,True,29114.98,0,0,0
UNSEEN_CUST_00019,Yachana Mand,regular,card,True,39178.32,5,1,6
UNSEEN_CUST_00020,Naveen Srinivas,regular,upi,True,31530.65,3,0,3
UNSEEN_CUST_00021,Vinaya Rana,regular,upi,True,71791.26,1,1,2
UNSEEN_CUST_00022,Avi Buch,regular,upi,True,72130.97,3,1,4
UNSEEN_CUST_00023,Leena Rai,regular,upi,True,77654.58,2,0,2
UNSEEN_CUST_00024,Mekhala Shetty,regular,card,True,65406.59,1,1,2
UNSEEN_CUST_00025,Niharika Gulati,new,upi,True,6320.79,2,3,5
UNSEEN_CUST_00026,Oviya Batra,high_value,card,True,110305.7,3,0,3
UNSEEN_CUST_00027,Veer Jha,regular,upi,True,54906.95,2,0,2
UNSEEN_CUST_00028,Indrajit Ben,regular,card,True,23350.39,3,2,5
UNSEEN_CUST_00029,Girik Babu,high_value,card,True,235103.97,1,1,2
UNSEEN_CUST_00030,Jason Contractor,new,card,True,8374.68,2,1,3
UNSEEN_CUST_00031,Dipta Venkataraman,new,card,True,13558.49,3,1,4
UNSEEN_CUST_00032,Zehaan Vohra,regular,card,True,92183.49,4,0,4
UNSEEN_CUST_00033,Bhanumati Ratti,regular,netbanking,True,76631.63,2,0,2
UNSEEN_CUST_00034,Manan Trivedi,regular,netbanking,True,42509.34,1,1,2
UNSEEN_CUST_00035,Gautam Mane,high_value,upi,True,405047.27,2,1,3
UNSEEN_CUST_00036,Wahab Choudhary,new,netbanking,True,19323.47,4,1,5
UNSEEN_CUST_00037,Orinder Wable,new,netbanking,False,4295.44,3,3,6
UNSEEN_CUST_00038,Mekhala Sen,regular,netbanking,True,89208.29,5,0,5
UNSEEN_CUST_00039,Chandran Garg,high_value,upi,True,219751.82,6,0,6
UNSEEN_CUST_00040,Dev Deep,regular,upi,True,44535.17,3,1,4
UNSEEN_CUST_00041,Vasana Joshi,regular,card,True,75945.64,3,0,3
UNSEEN_CUST_00042,Imaran Balan,regular,netbanking,True,71845.39,3,0,3
UNSEEN_CUST_00043,Rachana Som,regular,upi,True,30511.22,2,0,2
UNSEEN_CUST_00044,Harish Pant,regular,upi,True,27677.54,3,2,5
UNSEEN_CUST_00045,Anvi Dara,regular,upi,True,99110.53,4,0,4
UNSEEN_CUST_00046,Lopa Dua,regular,upi,True,64271.45,3,0,3
UNSEEN_CUST_00047,Madhav Suresh,new,upi,True,10876.41,1,3,4
UNSEEN_CUST_00048,Pushti Arya,regular,upi,True,50408.06,1,0,1
UNSEEN_CUST_00049,Yutika Kata,new,card,True,2205.41,0,1,1
UNSEEN_CUST_00050,Mitesh Kant,regular,card,True,31826.12,3,0,3
UNSEEN_CUST_00051,Pranav Thaker,high_value,card,True,420909.86,5,0,5
UNSEEN_CUST_00052,Chandani Sura,regular,upi,True,30695.0,2,1,3
UNSEEN_CUST_00053,Mahika Baral,high_value,upi,True,405749.8,4,1,5
UNSEEN_CUST_00054,Yashasvi Seth,regular,netbanking,True,32596.82,2,2,4
UNSEEN_CUST_00055,Tanvi Chana,regular,card,True,85426.82,4,2,6
UNSEEN_CUST_00056,Gautam Chaudhari,new,netbanking,True,1462.55,2,0,2
UNSEEN_CUST_00057,Ansh Thaman,regular,netbanking,True,65366.06,4,1,5
UNSEEN_CUST_00058,Vasatika Warrior,regular,netbanking,True,63888.74,1,1,2
UNSEEN_CUST_00059,Ijaya Dhaliwal,high_value,upi,True,446108.0,2,0,2
UNSEEN_CUST_00060,Ekta Manne,regular,netbanking,True,57686.49,3,1,4
UNSEEN_CUST_00061,Finn Nagy,regular,netbanking,False,49765.04,3,0,3
UNSEEN_CUST_00062,Yahvi Rajan,regular,upi,True,64894.09,2,1,3
UNSEEN_CUST_00063,Ishita Bawa,regular,upi,True,88975.02,2,0,2
UNSEEN_CUST_00064,Ubika Datta,regular,upi,True,76044.11,2,1,3
UNSEEN_CUST_00065,Dipta Dass,regular,upi,True,21330.95,6,0,6
UNSEEN_CUST_00066,Irya Chad,regular,card,True,20832.46,4,0,4
UNSEEN_CUST_00067,Ikshita Menon,new,card,True,12255.83,5,1,6
UNSEEN_CUST_00068,Jacob Grover,regular,upi,True,59927.77,1,1,2
UNSEEN_CUST_00069,Oeshi Dash,regular,netbanking,True,93715.16,4,0,4
UNSEEN_CUST_00070,Devika Bandi,regular,upi,False,43552.31,3,1,4
UNSEEN_CUST_00071,Ria Lanka,regular,upi,False,32908.8,2,1,3
UNSEEN_CUST_00072,Lipika Sharaf,regular,upi,True,44944.32,3,0,3
UNSEEN_CUST_00073,Nachiket Kakar,high_value,upi,True,262177.71,1,0,1
UNSEEN_CUST_00074,Raksha Iyengar,regular,card,True,53559.59,2,2,4
UNSEEN_CUST_00075,Umang Rattan,regular,upi,True,67720.41,1,1,2
UNSEEN_CUST_00076,Veda Sandhu,regular,card,True,67565.25,3,0,3
UNSEEN_CUST_00077,Aarav Parmer,regular,card,True,35181.04,2,1,3
UNSEEN_CUST_00078,Irya Gara,new,card,True,7173.48,2,3,5
UNSEEN_CUST_00079,Rachit Sarkar,high_value,upi,True,154536.59,4,0,4
UNSEEN_CUST_00080,Shaurya Ganguly,high_value,upi,True,411893.38,2,0,2
UNSEEN_CUST_00081,Banjeet Bose,new,card,True,5868.33,2,0,2
UNSEEN_CUST_00082,Ijaya Dyal,high_value,upi,True,102263.98,5,0,5
UNSEEN_CUST_00083,Mugdha Sha,regular,upi,True,74195.15,5,2,7
UNSEEN_CUST_00084,Praneel Kota,regular,upi,True,85479.74,3,2,5
UNSEEN_CUST_00085,Zilmil Pal,regular,upi,True,95348.49,1,1,2
UNSEEN_CUST_00086,Damini Parmar,new,upi,True,14138.95,2,0,2
UNSEEN_CUST_00087,Yashodhara Bahl,regular,card,True,89895.23,4,0,4
UNSEEN_CUST_00088,Gauri Mutti,regular,card,True,46902.49,2,0,2
UNSEEN_CUST_00089,Osha Cheema,high_value,upi,True,386637.64,5,2,7
UNSEEN_CUST_00090,Siddharth Agate,regular,upi,True,21484.37,4,1,5
UNSEEN_CUST_00091,Girindra Deshpande,new,card,True,10040.72,4,0,4
UNSEEN_CUST_00092,Viraj Dar,new,card,True,3558.06,3,1,4
UNSEEN_CUST_00093,Frederick Dani,regular,card,True,27457.12,2,0,2
UNSEEN_CUST_00094,Karan Bhatti,regular,card,True,42505.5,3,1,4
UNSEEN_CUST_00095,Zaid Kara,new,upi,True,1074.19,2,0,2
UNSEEN_CUST_00096,Alexander Shah,regular,card,False,31805.44,0,1,1
UNSEEN_CUST_00097,Widisha Tripathi,regular,card,True,45962.27,1,0,1
UNSEEN_CUST_00098,Noah Dugar,high_value,upi,True,317009.4,7,0,7
UNSEEN_CUST_00099,Mitesh Dubey,high_value,upi,True,492132.91,5,0,5
UNSEEN_CUST_00100,Om Patel,new,upi,True,14298.29,4,0,4
UNSEEN_CUST_00101,Pratyush Lall,regular,card,True,31757.85,0,1,1
UNSEEN_CUST_00102,Ranbir Patel,regular,card,True,35180.89,3,1,4
UNSEEN_CUST_00103,Frado Tailor,high_value,upi,True,439482.75,5,0,5
UNSEEN_CUST_00104,Balvan Pai,regular,card,True,29587.35,3,1,4
UNSEEN_CUST_00105,Waida Sarma,new,card,True,12014.29,2,0,2
UNSEEN_CUST_00106,Falak Mohanty,regular,upi,False,32469.38,2,0,2
UNSEEN_CUST_00107,Omkaar Choudhry,regular,card,False,30745.51,5,2,7
UNSEEN_CUST_00108,Noah Venkataraman,regular,upi,True,48756.31,1,0,1
UNSEEN_CUST_00109,Unnati Varty,regular,card,True,27637.91,1,2,3
UNSEEN_CUST_00110,Hemangini Rout,regular,card,True,72865.14,1,2,3
UNSEEN_CUST_00111,Chatura Bera,high_value,upi,True,258368.53,2,0,2
UNSEEN_CUST_00112,Kevin Dar,new,card,True,7141.46,2,2,4
UNSEEN_CUST_00113,Anvi Jha,regular,upi,True,34890.11,3,1,4
UNSEEN_CUST_00114,Unnati Baral,high_value,upi,True,449368.7,3,0,3
UNSEEN_CUST_00115,Rachit Tara,high_value,upi,True,280042.9,4,0,4
UNSEEN_CUST_00116,Oliver Sehgal,regular,netbanking,True,50850.43,2,1,3
UNSEEN_CUST_00117,Sara Tata,high_value,upi,True,134563.07,5,0,5
UNSEEN_CUST_00118,Orinder Bhalla,regular,upi,True,25174.42,4,0,4
UNSEEN_CUST_00119,Ati Bhandari,regular,upi,True,31219.54,1,2,3
UNSEEN_CUST_00120,Owen Saini,regular,card,True,75011.48,4,1,5
UNSEEN_CUST_00121,Falak Bal,regular,upi,True,34689.61,3,2,5
UNSEEN_CUST_00122,Adya Doshi,new,upi,True,1184.32,4,1,5
UNSEEN_CUST_00123,Jack Kata,regular,upi,True,48053.38,3,2,5
UNSEEN_CUST_00124,Harrison Aggarwal,new,upi,True,1909.17,2,0,2
UNSEEN_CUST_00125,Gauri Goyal,new,netbanking,True,7538.98,0,1,1
UNSEEN_CUST_00126,Chatura Kothari,regular,upi,True,49950.66,2,0,2
UNSEEN_CUST_00127,Gavin Mutti,regular,upi,False,31594.58,3,0,3
UNSEEN_CUST_00128,Jai Nagy,regular,card,True,97247.71,3,0,3
UNSEEN_CUST_00129,Yahvi Sachdeva,regular,upi,True,43665.97,6,1,7
UNSEEN_CUST_00130,Guneet Natarajan,regular,netbanking,True,57650.05,1,0,1
UNSEEN_CUST_00131,Manbir Radhakrishnan,regular,upi,True,54030.26,3,0,3
UNSEEN_CUST_00132,Umang Dhawan,regular,upi,True,51479.27,2,1,3
UNSEEN_CUST_00133,Urvashi Sahni,high_value,card,True,276862.32,0,2,2
UNSEEN_CUST_00134,Anjali Anne,regular,card,True,96812.42,3,1,4
UNSEEN_CUST_00135,Vaishnavi Biswas,regular,upi,True,71089.62,3,0,3
UNSEEN_CUST_00136,Kevin Saxena,regular,upi,True,75064.31,0,0,0
UNSEEN_CUST_00137,Azaan Oza,regular,upi,True,63888.28,6,1,7
UNSEEN_CUST_00138,Kabir Brahmbhatt,regular,upi,True,35990.26,2,0,2
UNSEEN_CUST_00139,Xiti Kala,regular,card,True,90587.19,3,1,4
UNSEEN_CUST_00140,Dhriti Sankaran,regular,upi,True,86013.33,2,0,2
UNSEEN_CUST_00141,Upadhriti Raval,regular,upi,True,41402.11,3,2,5
UNSEEN_CUST_00142,Abhiram Vala,high_value,netbanking,True,431883.51,4,0,4
UNSEEN_CUST_00143,Yashvi Raval,regular,upi,False,68328.82,2,0,2
UNSEEN_CUST_00144,Amol Kumar,new,upi,True,10631.32,2,1,3
UNSEEN_CUST_00145,Nathan Sodhi,new,upi,True,15624.13,0,0,0
UNSEEN_CUST_00146,Kashvi Pillai,regular,netbanking,True,94848.51,6,0,6
UNSEEN_CUST_00147,Rachana Swamy,high_value,upi,True,325485.96,8,0,8
UNSEEN_CUST_00148,Ridhi Vasa,high_value,netbanking,True,179336.69,3,0,3
UNSEEN_CUST_00149,Omkaar Nazareth,regular,card,True,82188.78,0,1,1
UNSEEN_CUST_00150,Wakeeta Raj,regular,upi,True,28680.56,3,0,3
UNSEEN_CUST_00151,Finn Chada,regular,upi,True,75647.89,1,3,4
UNSEEN_CUST_00152,Raagini Sachdev,regular,upi,True,83744.99,3,0,3
UNSEEN_CUST_00153,Jatin Pathak,high_value,card,True,130657.02,4,1,5
UNSEEN_CUST_00154,Hardik Dutt,regular,upi,True,98415.07,2,0,2
UNSEEN_CUST_00155,Qasim Sarkar,new,card,True,9367.32,8,1,9
UNSEEN_CUST_00156,Unni Loke,regular,card,True,71616.09,3,0,3
UNSEEN_CUST_00157,Girik Prasad,regular,upi,True,53027.52,2,0,2
UNSEEN_CUST_00158,Ayushman Sahota,regular,upi,True,65405.75,2,0,2
UNSEEN_CUST_00159,Nathaniel Sami,regular,card,True,96882.55,0,0,0
UNSEEN_CUST_00160,Charita Chandran,regular,upi,True,92063.82,4,0,4
UNSEEN_CUST_00161,Isha Baral,regular,netbanking,True,95578.37,1,1,2
UNSEEN_CUST_00162,Nilima Modi,high_value,upi,True,345285.41,3,1,4
UNSEEN_CUST_00163,Ishaan Thakkar,regular,card,True,74458.56,2,1,3
UNSEEN_CUST_00164,Alka Bhargava,regular,upi,True,23938.52,2,0,2
UNSEEN_CUST_00165,Raghav Varkey,regular,netbanking,True,87643.52,3,1,4
UNSEEN_CUST_00166,Devansh Kapadia,regular,upi,True,24952.53,5,1,6
UNSEEN_CUST_00167,Kala Oak,regular,upi,True,46761.79,1,0,1
UNSEEN_CUST_00168,Neha De,regular,upi,True,50271.95,3,1,4
UNSEEN_CUST_00169,Jacob Basak,high_value,upi,True,221661.06,4,0,4
UNSEEN_CUST_00170,Ekanta Dass,regular,upi,True,73715.81,3,0,3
UNSEEN_CUST_00171,Jalsa Barman,regular,netbanking,True,28335.89,5,0,5
UNSEEN_CUST_00172,Zarna Pradhan,regular,netbanking,True,49000.79,3,0,3
UNSEEN_CUST_00173,Jai Sawhney,regular,upi,True,88075.54,1,0,1
UNSEEN_CUST_00174,Hitesh Srinivasan,regular,netbanking,True,38120.51,3,0,3
UNSEEN_CUST_00175,Onkar Saraf,regular,upi,False,81618.8,1,2,3
UNSEEN_CUST_00176,Yagnesh Som,regular,card,True,73206.5,3,0,3
UNSEEN_CUST_00177,Yatin Jani,high_value,upi,True,149215.27,0,0,0
UNSEEN_CUST_00178,Bina Khurana,regular,upi,True,70657.65,3,0,3
UNSEEN_CUST_00179,Krish Warrior,regular,upi,True,31991.96,6,2,8
UNSEEN_CUST_00180,Faras Nanda,regular,upi,True,46393.02,6,2,8
UNSEEN_CUST_00181,Balhaar Jayaraman,high_value,upi,True,400041.85,1,0,1
UNSEEN_CUST_00182,Arunima Sethi,regular,upi,True,35537.06,3,0,3
UNSEEN_CUST_00183,Liam Subramanian,regular,netbanking,True,36209.09,1,1,2
UNSEEN_CUST_00184,Gabriel Khurana,regular,netbanking,True,55905.37,4,1,5
UNSEEN_CUST_00185,Turvi Sani,regular,upi,True,26882.23,1,1,2
UNSEEN_CUST_00186,Waida Edwin,regular,card,True,20857.73,3,0,3
UNSEEN_CUST_00187,Daksh Nayar,new,upi,False,5132.38,5,0,5
UNSEEN_CUST_00188,Mugdha Jha,regular,upi,True,78052.22,0,1,1
UNSEEN_CUST_00189,Waida Rai,high_value,upi,True,364885.15,4,2,6
UNSEEN_CUST_00190,Pooja Shankar,regular,card,True,95258.27,2,1,3
UNSEEN_CUST_00191,Harish Ramakrishnan,regular,upi,True,92149.86,7,0,7
UNSEEN_CUST_00192,Pranit Bath,regular,upi,True,42308.29,2,0,2
UNSEEN_CUST_00193,Osha Chopra,high_value,upi,True,371361.6,3,2,5
UNSEEN_CUST_00194,Ronith Hora,regular,upi,True,27756.55,2,0,2
UNSEEN_CUST_00195,Janani Goel,regular,upi,True,59165.67,2,1,3
UNSEEN_CUST_00196,Tarak Saran,regular,upi,True,81988.7,3,0,3
UNSEEN_CUST_00197,Daksh Shan,regular,netbanking,True,93721.47,1,0,1
UNSEEN_CUST_00198,Isha Nadig,regular,card,True,35399.95,4,1,5
UNSEEN_CUST_00199,Matthew Goyal,new,upi,False,18086.45,3,4,7
UNSEEN_CUST_00200,Sarthak Bora,regular,upi,True,69137.09,3,1,4
UNSEEN_CUST_00201,Agastya Prasad,regular,upi,True,28246.97,1,0,1
UNSEEN_CUST_00202,Pavani Garde,high_value,upi,True,224986.25,5,0,5
UNSEEN_CUST_00203,Nathan Nanda,regular,upi,True,80601.0,3,0,3
UNSEEN_CUST_00204,Daniel Rege,regular,upi,True,55971.24,4,0,4
UNSEEN_CUST_00205,Chakrika Luthra,regular,upi,True,36627.03,0,1,1
UNSEEN_CUST_00206,Upasna Contractor,high_value,card,True,159334.44,0,1,1
UNSEEN_CUST_00207,Ikbal Kala,high_value,card,True,206499.78,2,0,2
UNSEEN_CUST_00208,Neel Modi,regular,netbanking,True,73347.61,2,1,3
UNSEEN_CUST_00209,Balendra Bhavsar,regular,upi,True,57141.22,1,1,2
UNSEEN_CUST_00210,Mohammed Bhatti,regular,card,True,93349.8,1,0,1
UNSEEN_CUST_00211,Yash Kale,regular,upi,False,74143.5,5,0,5
UNSEEN_CUST_00212,Wishi Ganguly,regular,upi,True,23519.3,1,1,2
UNSEEN_CUST_00213,Darika Sridhar,new,card,True,18478.94,0,2,2
UNSEEN_CUST_00214,Kai Chowdhury,new,card,True,15319.35,3,0,3
UNSEEN_CUST_00215,Gaurangi Narayan,new,card,True,17082.82,2,0,2
UNSEEN_CUST_00216,Yahvi Kulkarni,high_value,card,True,484315.06,2,0,2
UNSEEN_CUST_00217,Lohit Dhawan,regular,card,False,86802.28,2,2,4
UNSEEN_CUST_00218,Pratyush Bhatt,regular,upi,True,96500.08,3,0,3
UNSEEN_CUST_00219,Advaith Salvi,regular,card,True,86702.73,3,2,5
UNSEEN_CUST_00220,Manya Sanghvi,regular,upi,True,95040.37,3,0,3
UNSEEN_CUST_00221,Oeshi Vora,high_value,upi,True,179455.56,4,1,5
UNSEEN_CUST_00222,Jyoti Kota,high_value,upi,True,486247.55,0,0,0
UNSEEN_CUST_00223,Alexander Varma,regular,card,True,77790.59,2,0,2
UNSEEN_CUST_00224,Manya Jain,regular,card,True,46848.88,2,0,2
UNSEEN_CUST_00225,Ranbir Shan,regular,card,False,37312.13,4,0,4
UNSEEN_CUST_00226,Reyansh Dhar,new,upi,True,10015.1,2,2,4
UNSEEN_CUST_00227,Eta Dugar,regular,upi,True,31233.3,3,0,3
UNSEEN_CUST_00228,Rohan Srinivas,regular,netbanking,True,57057.32,3,1,4
UNSEEN_CUST_00229,Eshana Narula,regular,card,True,54620.86,3,0,3
UNSEEN_CUST_00230,Vincent Pant,regular,upi,True,96345.99,1,1,2
UNSEEN_CUST_00231,Balhaar Dube,high_value,upi,True,434951.93,2,0,2
UNSEEN_CUST_00232,Ijaya Halder,regular,upi,True,77664.55,5,2,7
UNSEEN_CUST_00233,Sarthak Mann,regular,upi,True,84672.54,9,0,9
UNSEEN_CUST_00234,Advaith Cherian,regular,netbanking,True,57459.24,2,0,2
UNSEEN_CUST_00235,Wahab Parekh,regular,card,True,45222.85,4,0,4
UNSEEN_CUST_00236,Warinder Varghese,regular,netbanking,True,47912.71,2,2,4
UNSEEN_CUST_00237,Siya Chhabra,regular,upi,True,21305.39,2,0,2
UNSEEN_CUST_00238,Vaishnavi Hayer,high_value,upi,True,216165.66,3,0,3
UNSEEN_CUST_00239,Mitali Majumdar,regular,upi,True,87104.97,3,1,4
UNSEEN_CUST_00240,Pooja Chadha,regular,card,True,33537.88,6,0,6
UNSEEN_CUST_00241,Gunbir Shroff,high_value,netbanking,True,218111.15,3,0,3
UNSEEN_CUST_00242,Chavvi Chaudhry,regular,upi,True,81828.42,3,1,4
UNSEEN_CUST_00243,Wriddhish Dewan,regular,upi,True,81020.0,2,0,2
UNSEEN_CUST_00244,Saumya Deol,regular,upi,True,23670.5,2,1,3
UNSEEN_CUST_00245,Tanvi Narang,regular,netbanking,True,65535.32,3,0,3
UNSEEN_CUST_00246,Balendra Sankaran,regular,upi,True,35151.26,4,1,5
UNSEEN_CUST_00247,Harrison Mital,high_value,upi,True,380369.99,4,1,5
UNSEEN_CUST_00248,Chandani Agate,regular,netbanking,True,33755.8,6,0,6
UNSEEN_CUST_00249,Rehaan Naidu,regular,upi,True,48088.76,8,0,8
UNSEEN_CUST_00250,Wridesh Borde,regular,upi,True,75472.69,2,0,2
UNSEEN_CUST_00251,Advay Wali,regular,netbanking,True,43954.28,3,1,4
UNSEEN_CUST_00252,Vaishnavi Nair,regular,upi,True,43064.31,5,1,6
UNSEEN_CUST_00253,Ishaan Dara,high_value,upi,True,117859.35,3,1,4
UNSEEN_CUST_00254,Mugdha Shroff,regular,card,True,66038.75,3,1,4
UNSEEN_CUST_00255,Megha Pathak,regular,card,True,60609.06,3,1,4
UNSEEN_CUST_00256,Henry Karan,high_value,card,True,480595.03,4,1,5
UNSEEN_CUST_00257,Udyati Deo,new,card,True,7136.99,1,0,1
UNSEEN_CUST_00258,Wishi Manda,regular,netbanking,False,51078.68,3,0,3
UNSEEN_CUST_00259,Aarna Yogi,regular,upi,True,32145.0,4,0,4
UNSEEN_CUST_00260,Finn Sekhon,regular,card,True,72272.33,2,1,3
UNSEEN_CUST_00261,Tanveer Agate,regular,card,True,79788.11,4,0,4
UNSEEN_CUST_00262,Champak Mann,regular,upi,True,68480.4,3,0,3
UNSEEN_CUST_00263,Yahvi Palan,regular,upi,True,87309.34,1,3,4
UNSEEN_CUST_00264,Chaaya Chahal,regular,card,True,78531.59,5,1,6
UNSEEN_CUST_00265,Chameli Sandal,regular,upi,True,99047.28,1,1,2
UNSEEN_CUST_00266,Balveer Sachar,regular,card,True,69021.47,3,0,3
UNSEEN_CUST_00267,Chakrika Behl,regular,netbanking,True,73120.75,4,1,5
UNSEEN_CUST_00268,Manan Chand,high_value,card,True,371533.09,6,0,6
UNSEEN_CUST_00269,Turvi Taneja,regular,upi,True,97588.09,1,0,1
UNSEEN_CUST_00270,Mekhala Kumar,high_value,card,False,235117.3,2,0,2
UNSEEN_CUST_00271,Zayyan Divan,regular,upi,True,54171.59,3,1,4
UNSEEN_CUST_00272,Oliver Rastogi,regular,upi,True,62822.43,1,0,1
UNSEEN_CUST_00273,Frederick Pant,regular,upi,True,33704.31,3,1,4
UNSEEN_CUST_00274,Benjamin Naidu,new,upi,True,14975.32,3,2,5
UNSEEN_CUST_00275,Ira Ghose,regular,upi,True,42074.35,2,0,2
UNSEEN_CUST_00276,Vincent Bansal,new,upi,True,19837.46,6,0,6
UNSEEN_CUST_00277,Qushi Saini,regular,card,True,87215.73,1,0,1
UNSEEN_CUST_00278,Meera Tara,regular,card,True,35209.3,3,2,5
UNSEEN_CUST_00279,Mohini Badal,regular,upi,True,65221.21,2,0,2
UNSEEN_CUST_00280,Damini Chhabra,new,card,True,1313.5,2,0,2
UNSEEN_CUST_00281,Diya Narayan,regular,netbanking,False,52023.27,4,0,4
UNSEEN_CUST_00282,Amaira Muni,new,card,True,5863.63,3,1,4
UNSEEN_CUST_00283,Udant Varghese,regular,card,True,49608.56,3,0,3
UNSEEN_CUST_00284,Agastya Ghosh,regular,upi,True,28384.77,6,0,6
UNSEEN_CUST_00285,Thomas Tailor,regular,netbanking,True,60597.79,4,1,5
UNSEEN_CUST_00286,Wishi Parmer,regular,upi,True,47779.17,5,0,5
UNSEEN_CUST_00287,Imaran Khatri,regular,card,True,71032.74,5,0,5
UNSEEN_CUST_00288,Nirja Purohit,high_value,upi,False,407601.99,2,0,2
UNSEEN_CUST_00289,Krishna Sachdev,new,upi,True,5142.48,2,2,4
UNSEEN_CUST_00290,Panini Sarma,regular,upi,False,25427.2,5,1,6
UNSEEN_CUST_00291,Banjeet Chada,regular,upi,False,32973.44,5,2,7
UNSEEN_CUST_00292,Ekantika Grewal,regular,card,True,47291.45,1,0,1
UNSEEN_CUST_00293,Faqid Goswami,new,upi,True,19226.7,2,0,2
UNSEEN_CUST_00294,Ria Krish,regular,upi,True,50029.15,2,1,3
UNSEEN_CUST_00295,Wakeeta Natt,new,upi,True,15560.68,1,0,1
UNSEEN_CUST_00296,Ikbal Naidu,regular,upi,True,59961.95,4,1,5
UNSEEN_CUST_00297,Maanav Bail,new,upi,True,14011.73,1,0,1
UNSEEN_CUST_00298,Bhanumati Hayre,regular,netbanking,True,59207.89,2,1,3
UNSEEN_CUST_00299,Vaishnavi Manne,regular,upi,True,47670.87,3,0,3
UNSEEN_CUST_00300,Charvi Menon,regular,upi,True,44463.38,1,3,4
UNSEEN_CUST_00301,Abhiram Salvi,regular,upi,True,61679.29,0,0,0
UNSEEN_CUST_00302,Mohini Parmer,new,card,True,16505.45,2,0,2
UNSEEN_CUST_00303,Orinder Kumar,regular,upi,True,33050.95,3,0,3
UNSEEN_CUST_00304,Barkha Anne,regular,upi,True,21766.16,5,1,6
UNSEEN_CUST_00305,Zayyan Kurian,new,card,True,18857.75,2,0,2
UNSEEN_CUST_00306,Waida Dar,new,upi,True,15585.85,2,2,4
UNSEEN_CUST_00307,Unnati Barad,regular,upi,True,42387.89,1,0,1
UNSEEN_CUST_00308,Max Ramakrishnan,regular,upi,True,71353.67,2,0,2
UNSEEN_CUST_00309,Vedant Sarna,regular,upi,True,43108.49,4,0,4
UNSEEN_CUST_00310,Vansha Maharaj,regular,upi,True,23670.37,0,2,2
UNSEEN_CUST_00311,Chakradev Contractor,regular,upi,True,67093.33,2,1,3
UNSEEN_CUST_00312,Nitesh Sheth,regular,card,True,52737.34,0,0,0
UNSEEN_CUST_00313,Warjas Dayal,regular,card,False,66234.44,4,1,5
UNSEEN_CUST_00314,Eesha Contractor,high_value,upi,True,284057.89,4,0,4
UNSEEN_CUST_00315,Vasatika Jani,regular,card,True,74336.98,1,0,1
UNSEEN_CUST_00316,Sathvik Chopra,regular,card,True,93284.24,2,0,2
UNSEEN_CUST_00317,Qushi Ravel,regular,upi,True,20232.19,1,1,2
UNSEEN_CUST_00318,Yahvi Kaul,high_value,card,True,275111.37,1,1,2
UNSEEN_CUST_00319,Chandran Narula,regular,upi,True,68815.6,4,0,4
UNSEEN_CUST_00320,Abha Dani,high_value,upi,True,392371.06,5,0,5
UNSEEN_CUST_00321,Neel Sarma,regular,card,True,65098.98,2,0,2
UNSEEN_CUST_00322,Bhanumati Rai,regular,upi,True,65790.1,3,0,3
UNSEEN_CUST_00323,Reyansh Srinivasan,regular,netbanking,True,44321.56,4,0,4
UNSEEN_CUST_00324,Priya Dhillon,regular,netbanking,False,47847.73,3,1,4
UNSEEN_CUST_00325,Maya Menon,high_value,netbanking,False,498221.76,3,0,3
UNSEEN_CUST_00326,Lakshmi Garg,regular,netbanking,True,64417.37,3,1,4
UNSEEN_CUST_00327,Jacob Nayar,regular,card,True,45137.86,1,0,1
UNSEEN_CUST_00328,Quincy Zacharia,regular,upi,True,81493.43,2,1,3
UNSEEN_CUST_00329,Simon Gill,regular,upi,True,61697.64,3,0,3
UNSEEN_CUST_00330,Gautami Rajagopalan,regular,upi,True,62095.84,5,2,7
UNSEEN_CUST_00331,Agastya Kanda,regular,upi,True,72496.12,3,0,3
UNSEEN_CUST_00332,William Shankar,regular,upi,True,26831.71,0,0,0
UNSEEN_CUST_00333,Jasmit Das,regular,upi,True,68994.03,1,1,2
UNSEEN_CUST_00334,Sai Mannan,regular,upi,True,73838.95,3,1,4
UNSEEN_CUST_00335,Patrick Rao,regular,upi,True,40466.72,2,0,2
UNSEEN_CUST_00336,Yatin Divan,high_value,upi,False,223674.56,5,0,5
UNSEEN_CUST_00337,Yashvi Shukla,regular,upi,True,69107.62,3,1,4
UNSEEN_CUST_00338,Megha Nanda,high_value,card,True,125687.51,3,0,3
UNSEEN_CUST_00339,Anusha Kapur,regular,upi,True,39175.05,2,0,2
UNSEEN_CUST_00340,Ethan Bhardwaj,regular,card,True,37297.03,5,1,6
UNSEEN_CUST_00341,Kabir Kata,regular,upi,False,94287.72,3,0,3
UNSEEN_CUST_00342,Prisha Ahuja,new,netbanking,True,10237.2,4,5,9
UNSEEN_CUST_00343,Siddharth Lalla,regular,upi,True,73183.98,3,0,3
UNSEEN_CUST_00344,Wridesh Chander,regular,upi,True,36237.03,4,1,5
UNSEEN_CUST_00345,Abdul Gill,regular,upi,True,89410.15,3,0,3
UNSEEN_CUST_00346,Gabriel Sahota,regular,card,True,22955.41,1,1,2
UNSEEN_CUST_00347,Joshua Kanda,new,card,True,4077.46,2,1,3
UNSEEN_CUST_00348,Hiral Lata,high_value,card,True,132792.52,2,1,3
UNSEEN_CUST_00349,Jackson Kala,regular,upi,True,97395.82,1,2,3
UNSEEN_CUST_00350,Ria Atwal,regular,card,True,24126.49,1,0,1
UNSEEN_CUST_00351,Vrinda Borra,regular,upi,True,72882.8,4,1,5
UNSEEN_CUST_00352,Zaid Tara,regular,card,True,40471.74,4,0,4
UNSEEN_CUST_00353,Abeer Thaman,regular,upi,True,62507.37,2,1,3
UNSEEN_CUST_00354,Nikita Mitra,regular,upi,True,83621.39,2,1,3
UNSEEN_CUST_00355,Avni Ratta,new,upi,True,12351.04,1,3,4
UNSEEN_CUST_00356,Harinakshi Vyas,regular,card,True,28571.82,2,1,3
UNSEEN_CUST_00357,Jalsa Pillai,regular,card,True,79078.33,2,0,2
UNSEEN_CUST_00358,Yug Thakur,regular,card,True,43298.94,4,1,5
UNSEEN_CUST_00359,Yug Raman,new,card,True,8313.95,3,1,4
UNSEEN_CUST_00360,Gayathri Viswanathan,new,netbanking,True,9020.63,5,0,5
UNSEEN_CUST_00361,Kamala Cheema,new,upi,True,16533.44,1,1,2
UNSEEN_CUST_00362,Janani Swaminathan,regular,upi,True,71831.87,1,0,1
UNSEEN_CUST_00363,Tripti Manne,high_value,card,True,264593.94,2,0,2
UNSEEN_CUST_00364,Divya Varma,regular,upi,True,46517.5,3,2,5
UNSEEN_CUST_00365,Mahika Cheema,regular,upi,True,34808.55,3,0,3
UNSEEN_CUST_00366,Vinaya Bedi,high_value,upi,True,121410.55,4,0,4
UNSEEN_CUST_00367,Yamini Rao,high_value,upi,True,124606.96,5,1,6
UNSEEN_CUST_00368,Sai Narang,regular,netbanking,True,70368.56,4,0,4
UNSEEN_CUST_00369,Aashi Pandit,regular,upi,True,89193.44,3,1,4
UNSEEN_CUST_00370,Warhi Soman,regular,upi,True,21782.32,1,1,2
UNSEEN_CUST_00371,Waida Biswas,regular,upi,True,32236.48,5,1,6
UNSEEN_CUST_00372,Noah Kant,regular,upi,True,81376.32,3,0,3
UNSEEN_CUST_00373,Hemang Dara,regular,upi,False,68516.61,3,1,4
UNSEEN_CUST_00374,Vansha Wali,new,netbanking,True,18954.24,6,1,7
UNSEEN_CUST_00375,Bakhshi Gaba,regular,upi,True,77736.65,2,1,3
UNSEEN_CUST_00376,Janani Memon,regular,upi,True,89186.19,2,2,4
UNSEEN_CUST_00377,Parth Swamy,regular,netbanking,True,78960.02,2,2,4
UNSEEN_CUST_00378,Vivaan Palla,regular,upi,True,89703.92,4,0,4
UNSEEN_CUST_00379,Triya Prabhu,regular,card,True,23144.99,3,2,5
UNSEEN_CUST_00380,Simon Bakshi,regular,upi,False,43068.69,1,0,1
UNSEEN_CUST_00381,Ira Narayan,new,netbanking,True,1062.7,3,0,3
UNSEEN_CUST_00382,Pahal Natarajan,regular,upi,True,53545.78,4,0,4
UNSEEN_CUST_00383,Gayathri Muni,high_value,upi,True,206677.49,2,0,2
UNSEEN_CUST_00384,Chakradhar Kota,regular,upi,True,69093.34,3,0,3
UNSEEN_CUST_00385,Janani Bhasin,high_value,upi,True,302882.65,3,1,4
UNSEEN_CUST_00386,Amruta Goel,high_value,upi,False,252613.66,1,1,2
UNSEEN_CUST_00387,Gunbir Sahota,high_value,card,True,251885.59,2,0,2
UNSEEN_CUST_00388,Lekha Shere,regular,card,True,75693.16,4,0,4
UNSEEN_CUST_00389,Sara Tella,high_value,upi,True,275439.93,1,0,1
UNSEEN_CUST_00390,Yasti Tata,regular,upi,True,81277.09,1,3,4
UNSEEN_CUST_00391,Chakradhar Chaudhari,high_value,card,True,175518.41,4,0,4
UNSEEN_CUST_00392,Eta Hora,new,card,True,2776.36,6,1,7
UNSEEN_CUST_00393,Bhavini Raj,regular,card,False,57018.36,2,0,2
UNSEEN_CUST_00394,Krisha Nayar,regular,upi,True,59307.42,1,1,2
UNSEEN_CUST_00395,Gagan Lall,regular,upi,True,27481.7,3,0,3
UNSEEN_CUST_00396,Vedika Devi,high_value,upi,False,333278.61,5,1,6
UNSEEN_CUST_00397,Irya Saini,regular,upi,True,55633.07,1,0,1
UNSEEN_CUST_00398,Kritika Nazareth,regular,netbanking,True,76112.68,3,2,5
UNSEEN_CUST_00399,Abhiram Tiwari,regular,upi,True,31958.74,3,1,4
UNSEEN_CUST_00400,Yauvani Sachdev,regular,card,True,60833.08,2,1,3
UNSEEN_CUST_00401,Sara Rajagopal,regular,upi,True,20760.22,2,0,2
UNSEEN_CUST_00402,Rayaan Vasa,regular,netbanking,True,26802.24,3,2,5
UNSEEN_CUST_00403,Mahika Bandi,regular,upi,True,64018.05,3,0,3
UNSEEN_CUST_00404,Niharika Bajaj,regular,card,True,57411.36,2,0,2
UNSEEN_CUST_00405,Champak Issac,high_value,netbanking,True,422086.46,3,1,4
UNSEEN_CUST_00406,Anya Dhar,regular,upi,True,66330.28,4,1,5
UNSEEN_CUST_00407,Noah Bail,regular,netbanking,False,25437.06,3,0,3
UNSEEN_CUST_00408,Bimala Lata,high_value,upi,True,183840.93,2,1,3
UNSEEN_CUST_00409,Garima Edwin,high_value,upi,True,404361.89,3,0,3
UNSEEN_CUST_00410,Nathaniel Yogi,high_value,upi,True,431145.51,2,0,2
UNSEEN_CUST_00411,Tanmayi Gulati,regular,upi,True,52702.67,5,0,5
UNSEEN_CUST_00412,Yash Dasgupta,regular,upi,True,28784.67,5,1,6
UNSEEN_CUST_00413,Ikshita Sane,regular,netbanking,True,34483.35,4,2,6
UNSEEN_CUST_00414,Prisha Shankar,regular,upi,True,48133.9,1,0,1
UNSEEN_CUST_00415,Pratyush Yogi,high_value,card,True,311124.9,1,0,1
UNSEEN_CUST_00416,Leena Pathak,high_value,upi,False,258067.57,1,0,1
UNSEEN_CUST_00417,Veer Char,new,upi,True,19469.69,4,3,7
UNSEEN_CUST_00418,Gunbir Kapur,regular,netbanking,True,73323.06,2,0,2
UNSEEN_CUST_00419,Gaurangi Mani,regular,card,False,67984.02,3,1,4
UNSEEN_CUST_00420,Jagat Wason,regular,card,True,76929.62,5,0,5
UNSEEN_CUST_00421,Mitali Hora,regular,netbanking,True,47745.97,2,0,2
UNSEEN_CUST_00422,Sudiksha Shankar,high_value,card,True,418284.65,1,0,1
UNSEEN_CUST_00423,Nachiket Kothari,regular,netbanking,True,66720.09,3,0,3
UNSEEN_CUST_00424,Ishaan Desai,regular,card,False,29696.9,3,2,5
UNSEEN_CUST_00425,Manya Chacko,new,netbanking,True,9920.18,2,1,3
UNSEEN_CUST_00426,Arya Guha,new,card,True,16742.13,3,1,4
UNSEEN_CUST_00427,Jai Raju,regular,card,True,95632.23,1,0,1
UNSEEN_CUST_00428,Zinal Bhatt,regular,upi,True,36495.2,1,1,2
UNSEEN_CUST_00429,Aarini Varkey,regular,netbanking,True,26163.46,3,0,3
UNSEEN_CUST_00430,Tanish Comar,high_value,netbanking,True,217484.17,3,2,5
UNSEEN_CUST_00431,Hemangini Sarin,regular,upi,True,71932.26,5,0,5
UNSEEN_CUST_00432,Upkaar Kar,high_value,upi,True,252508.27,4,0,4
UNSEEN_CUST_00433,Jhalak Chowdhury,regular,upi,True,81821.62,2,2,4
UNSEEN_CUST_00434,Quincy Badami,regular,upi,True,81320.58,4,1,5
UNSEEN_CUST_00435,Nathan Saraf,regular,upi,True,78923.2,4,0,4
UNSEEN_CUST_00436,Falguni Aurora,regular,upi,True,54535.97,0,1,1
UNSEEN_CUST_00437,Mugdha Mahal,new,upi,True,8696.87,2,0,2
UNSEEN_CUST_00438,Hiral Cherian,regular,upi,True,67238.01,3,0,3
UNSEEN_CUST_00439,Bhavani Lal,regular,card,True,74198.2,2,0,2
UNSEEN_CUST_00440,Dev Halder,regular,card,True,45227.76,5,0,5
UNSEEN_CUST_00441,Tamanna Johal,regular,upi,True,35714.93,2,0,2
UNSEEN_CUST_00442,Balveer Kapur,regular,card,True,58809.91,2,2,4
UNSEEN_CUST_00443,Nirja Raja,high_value,card,True,243911.5,2,1,3
UNSEEN_CUST_00444,Qarin Dyal,regular,card,False,85682.79,1,2,3
UNSEEN_CUST_00445,Vivaan Kamdar,high_value,upi,True,148603.84,1,0,1
UNSEEN_CUST_00446,Vaishnavi Zachariah,regular,upi,True,44882.52,6,1,7
UNSEEN_CUST_00447,Zaid Munshi,high_value,card,True,102143.42,2,0,2
UNSEEN_CUST_00448,Ranveer Dani,regular,card,True,84442.62,1,1,2
UNSEEN_CUST_00449,Sudiksha Seshadri,new,upi,True,16080.2,1,2,3
UNSEEN_CUST_00450,Damini Bakshi,regular,card,True,92913.32,6,0,6
UNSEEN_CUST_00451,Imaran Choudhry,regular,netbanking,True,89405.02,2,1,3
UNSEEN_CUST_00452,Siddharth Lal,regular,upi,True,43822.77,5,0,5
UNSEEN_CUST_00453,Varsha Shukla,regular,upi,True,86983.16,1,0,1
UNSEEN_CUST_00454,Jagrati Dugar,regular,card,True,41351.69,3,2,5
UNSEEN_CUST_00455,Xiti Bedi,regular,netbanking,True,34889.77,1,1,2
UNSEEN_CUST_00456,Yashvi Krishna,regular,upi,True,88749.83,5,0,5
UNSEEN_CUST_00457,Max Sarna,new,card,True,10932.14,3,2,5
UNSEEN_CUST_00458,Advika Sankar,regular,card,True,88023.45,3,0,3
UNSEEN_CUST_00459,Wriddhish Palan,regular,netbanking,True,81417.0,2,1,3
UNSEEN_CUST_00460,Upadhriti Dhawan,regular,card,False,86049.58,1,0,1
UNSEEN_CUST_00461,Edhitha Sachar,regular,upi,True,70584.02,1,1,2
UNSEEN_CUST_00462,Jai Bhavsar,regular,upi,True,98739.45,5,1,6
UNSEEN_CUST_00463,Ira Ahuja,regular,upi,True,55469.32,4,3,7
UNSEEN_CUST_00464,Pratyush Viswanathan,regular,upi,True,29246.41,4,3,7
UNSEEN_CUST_00465,Veda Gala,regular,card,True,55592.86,6,1,7
UNSEEN_CUST_00466,Aarnav Tata,high_value,netbanking,True,259891.63,5,2,7
UNSEEN_CUST_00467,Jagvi Murty,regular,upi,True,76760.07,3,0,3
UNSEEN_CUST_00468,Guneet Chopra,regular,upi,True,48776.59,2,1,3
UNSEEN_CUST_00469,Gabriel Nayak,regular,netbanking,True,96113.08,3,0,3
UNSEEN_CUST_00470,Warinder Lalla,regular,upi,True,70418.53,3,1,4
UNSEEN_CUST_00471,Bahadurjit Raj,regular,upi,True,99223.83,5,2,7
UNSEEN_CUST_00472,Pahal Badal,regular,upi,True,31800.61,3,1,4
UNSEEN_CUST_00473,Sudiksha Bhardwaj,regular,upi,True,38006.64,3,1,4
UNSEEN_CUST_00474,Quincy Chaudhary,regular,upi,False,41242.35,1,0,1
UNSEEN_CUST_00475,Sachi Seshadri,new,upi,False,8213.11,2,1,3
UNSEEN_CUST_00476,Chakradev Mane,regular,upi,True,40605.38,3,0,3
UNSEEN_CUST_00477,Falak Nagarajan,regular,upi,True,29566.18,4,0,4
UNSEEN_CUST_00478,Divya Natt,regular,upi,True,33744.48,2,0,2
UNSEEN_CUST_00479,Nirja Upadhyay,high_value,upi,True,124530.83,2,0,2
UNSEEN_CUST_00480,Lakshit Gandhi,new,card,True,9844.6,1,1,2
UNSEEN_CUST_00481,Reyansh Sarin,regular,upi,True,91021.43,3,0,3
UNSEEN_CUST_00482,Lopa Iyengar,high_value,upi,True,285172.28,3,2,5
UNSEEN_CUST_00483,Aarush Peri,regular,card,True,62225.67,5,1,6
UNSEEN_CUST_00484,Wakeeta Comar,regular,upi,True,30032.97,1,2,3
UNSEEN_CUST_00485,Vansha Salvi,regular,upi,False,67987.29,1,1,2
UNSEEN_CUST_00486,Aahana Mitter,regular,upi,True,99193.51,3,2,5
UNSEEN_CUST_00487,Darika Mannan,high_value,card,True,198244.78,3,0,3
UNSEEN_CUST_00488,Bahadurjit Mannan,new,upi,True,14464.77,4,0,4
UNSEEN_CUST_00489,Nimrat Nagarajan,high_value,upi,True,413283.23,4,0,4
UNSEEN_CUST_00490,Vaishnavi Tandon,regular,netbanking,True,71474.32,2,1,3
UNSEEN_CUST_00491,Nidhi Tella,regular,upi,True,68304.86,4,2,6
UNSEEN_CUST_00492,Mitali Morar,regular,upi,True,92668.03,3,2,5
UNSEEN_CUST_00493,Teerth Dayal,regular,upi,False,35676.63,2,0,2
UNSEEN_CUST_00494,Zaitra Nori,new,card,True,18814.74,1,0,1
UNSEEN_CUST_00495,Balvan Dara,regular,upi,True,27581.2,6,1,7
UNSEEN_CUST_00496,Ayaan Nagarajan,new,upi,True,3357.7,2,2,4
UNSEEN_CUST_00497,Hamsini Dhillon,regular,netbanking,True,68978.88,1,0,1
UNSEEN_CUST_00498,Aarnav Pillay,regular,card,True,37225.51,1,2,3
UNSEEN_CUST_00499,Hitesh Kale,new,upi,True,10484.46,0,1,1
UNSEEN_CUST_00500,Logan Narain,regular,upi,True,94866.16,5,0,5
UNSEEN_CUST_00501,Warhi Saxena,regular,card,True,25231.75,0,1,1
UNSEEN_CUST_00502,Ishaan Sandhu,new,netbanking,False,2320.75,2,2,4
UNSEEN_CUST_00503,Harinakshi Dave,regular,card,True,67275.71,1,0,1
UNSEEN_CUST_00504,Rajata Bedi,regular,upi,False,41822.71,2,0,2
UNSEEN_CUST_00505,Sathvik Gole,regular,upi,True,33104.46,1,0,1
UNSEEN_CUST_00506,Jasmit Edwin,regular,card,True,45848.05,4,1,5
UNSEEN_CUST_00507,Aishani Shere,regular,netbanking,True,90102.68,3,1,4
UNSEEN_CUST_00508,George Shan,high_value,upi,True,414393.77,0,0,0
UNSEEN_CUST_00509,Bina Chawla,regular,upi,True,58931.31,2,1,3
UNSEEN_CUST_00510,Yashoda Sagar,regular,upi,True,84680.71,5,0,5
UNSEEN_CUST_00511,Anay Choudhary,regular,card,True,38065.02,5,1,6
UNSEEN_CUST_00512,Vedant Kapur,new,upi,True,13741.75,4,0,4
UNSEEN_CUST_00513,Timothy Dara,regular,card,True,24786.96,3,2,5
UNSEEN_CUST_00514,Balendra Iyengar,regular,card,True,21234.16,5,0,5
UNSEEN_CUST_00515,Niharika Jhaveri,regular,card,True,52385.87,1,1,2
UNSEEN_CUST_00516,Brinda Dash,new,card,True,16614.06,1,1,2
UNSEEN_CUST_00517,Diya Hegde,regular,netbanking,True,83596.73,3,1,4
UNSEEN_CUST_00518,Triya Babu,new,upi,True,6668.94,1,1,2
UNSEEN_CUST_00519,Om Raman,regular,upi,True,98109.89,4,1,5
UNSEEN_CUST_00520,Jagrati Bhalla,regular,upi,True,72230.17,5,0,5
UNSEEN_CUST_00521,Neelima Swamy,new,upi,True,8313.48,7,2,9
UNSEEN_CUST_00522,Chakrika Buch,regular,netbanking,True,79658.63,2,1,3
UNSEEN_CUST_00523,Ronith Balay,high_value,card,True,186066.97,5,2,7
UNSEEN_CUST_00524,Girindra Soman,new,upi,True,4763.31,3,1,4
UNSEEN_CUST_00525,Hredhaan Shah,high_value,upi,True,316964.84,2,1,3
UNSEEN_CUST_00526,Samuel Kaur,new,upi,True,6768.58,5,1,6
UNSEEN_CUST_00527,Gautam Rajagopalan,high_value,card,True,370557.44,4,2,6
UNSEEN_CUST_00528,Yochana Sehgal,new,upi,True,14416.66,0,0,0
UNSEEN_CUST_00529,Sneha Oommen,regular,upi,True,79794.76,3,1,4
UNSEEN_CUST_00530,Vasatika Wagle,regular,netbanking,True,31164.45,4,1,5
UNSEEN_CUST_00531,Hema Kapadia,regular,card,True,98742.97,6,0,6
UNSEEN_CUST_00532,Chatresh Bhat,high_value,card,True,279068.23,3,1,4
UNSEEN_CUST_00533,Nandini Mane,regular,upi,True,77263.36,1,0,1
UNSEEN_CUST_00534,Megha Bhatia,high_value,upi,True,250115.8,5,1,6
UNSEEN_CUST_00535,Veer Tailor,high_value,netbanking,True,157688.86,4,1,5
UNSEEN_CUST_00536,Tanveer Ahuja,regular,card,True,68902.52,5,1,6
UNSEEN_CUST_00537,Lopa D’Alia,regular,upi,True,91841.74,3,0,3
UNSEEN_CUST_00538,Jonathan Ram,regular,upi,True,57358.84,2,0,2
UNSEEN_CUST_00539,Timothy Ahuja,new,netbanking,True,13995.74,1,3,4
UNSEEN_CUST_00540,Vasatika Pillay,regular,upi,True,50774.78,2,1,3
UNSEEN_CUST_00541,Nitara Deol,regular,upi,True,49653.61,2,0,2
UNSEEN_CUST_00542,Bina Lanka,new,upi,True,12644.17,3,0,3
UNSEEN_CUST_00543,Darpan Dutt,new,card,True,10894.84,4,2,6
UNSEEN_CUST_00544,Tejas Sankaran,high_value,upi,True,163186.81,3,1,4
UNSEEN_CUST_00545,Balhaar Gulati,regular,card,True,39307.55,7,0,7
UNSEEN_CUST_00546,Manbir Palla,regular,card,True,33506.25,3,0,3
UNSEEN_CUST_00547,Quincy Madan,new,card,True,13893.04,3,1,4
UNSEEN_CUST_00548,Rehaan Maharaj,regular,netbanking,True,56737.86,2,1,3
UNSEEN_CUST_00549,Maanav Sundaram,regular,card,True,80941.51,5,0,5
UNSEEN_CUST_00550,Gautam Kari,regular,upi,True,85029.07,3,1,4
UNSEEN_CUST_00551,Ekta Natarajan,regular,card,True,37338.46,2,1,3
UNSEEN_CUST_00552,Vasudha Sangha,regular,upi,True,69206.17,0,0,0
UNSEEN_CUST_00553,Oliver Walia,regular,upi,True,87003.23,2,1,3
UNSEEN_CUST_00554,Netra Bansal,new,upi,True,8301.84,0,0,0
UNSEEN_CUST_00555,Hemang Chacko,new,card,True,11586.26,1,1,2
UNSEEN_CUST_00556,Zayan Purohit,new,card,True,17390.29,5,3,8
UNSEEN_CUST_00557,Yoshita Sundaram,regular,netbanking,True,67294.03,4,2,6
UNSEEN_CUST_00558,Jai Varghese,regular,netbanking,True,56380.05,2,2,4
UNSEEN_CUST_00559,Ira Doshi,regular,upi,True,69118.92,0,0,0
UNSEEN_CUST_00560,Yashoda Sekhon,regular,upi,True,50081.89,1,1,2
UNSEEN_CUST_00561,Deepa Ghose,regular,upi,True,35244.39,2,1,3
UNSEEN_CUST_00562,Girindra Mannan,regular,upi,True,22444.68,7,0,7
UNSEEN_CUST_00563,Chameli Parekh,regular,upi,True,74499.28,4,2,6
UNSEEN_CUST_00564,Harrison Prabhu,regular,card,True,23562.18,3,2,5
UNSEEN_CUST_00565,Arunima Kaur,regular,upi,True,37512.63,4,1,5
UNSEEN_CUST_00566,Mekhala Palla,regular,upi,True,64184.87,3,0,3
UNSEEN_CUST_00567,Aradhana Kuruvilla,regular,netbanking,True,71772.7,2,0,2
UNSEEN_CUST_00568,Rehaan Aurora,regular,card,False,80761.2,2,2,4
UNSEEN_CUST_00569,Ishita Bala,regular,upi,True,34545.35,3,0,3
UNSEEN_CUST_00570,Maya Savant,regular,upi,True,49458.99,3,0,3
UNSEEN_CUST_00571,Liam Ratta,regular,card,True,93687.09,3,0,3
UNSEEN_CUST_00572,Vamakshi Gala,regular,upi,True,95053.91,3,0,3
UNSEEN_CUST_00573,Yashica Sami,new,upi,True,8240.39,2,0,2
UNSEEN_CUST_00574,Balendra Balakrishnan,regular,upi,True,98192.98,3,0,3
UNSEEN_CUST_00575,Manbir Mishra,regular,upi,True,39382.89,6,1,7
UNSEEN_CUST_00576,Meghana Patla,regular,card,True,83647.25,4,1,5
UNSEEN_CUST_00577,Lucky Murthy,new,upi,True,17057.18,4,2,6
UNSEEN_CUST_00578,Vritti Rattan,regular,netbanking,True,53390.06,3,0,3
UNSEEN_CUST_00579,Owen Ahluwalia,high_value,upi,True,118984.2,2,1,3
UNSEEN_CUST_00580,Kalpit Dutt,regular,upi,True,41632.69,1,1,2
UNSEEN_CUST_00581,Faqid Kala,new,card,True,16495.18,3,2,5
UNSEEN_CUST_00582,Ekani Yohannan,regular,upi,True,23879.32,5,0,5
UNSEEN_CUST_00583,Hitesh Pai,regular,netbanking,True,54343.99,3,1,4
UNSEEN_CUST_00584,Devansh Mistry,regular,netbanking,True,60570.23,6,1,7
UNSEEN_CUST_00585,Karan Dhawan,regular,upi,True,60371.73,5,1,6
UNSEEN_CUST_00586,Hardik Bir,new,netbanking,True,16136.57,3,0,3
UNSEEN_CUST_00587,Sai Dhar,regular,upi,False,90600.64,3,0,3
UNSEEN_CUST_00588,Rajata Gola,regular,netbanking,True,90849.15,1,0,1
UNSEEN_CUST_00589,Dhriti Lall,regular,card,True,21933.63,2,2,4
UNSEEN_CUST_00590,Priya Khatri,high_value,upi,False,430869.06,0,0,0
UNSEEN_CUST_00591,Mitali Chahal,regular,upi,True,62520.13,1,0,1
UNSEEN_CUST_00592,Hritik Mane,regular,upi,True,44830.19,1,0,1
UNSEEN_CUST_00593,Devika Issac,new,upi,True,16797.36,0,0,0
UNSEEN_CUST_00594,Arunima Pai,high_value,netbanking,True,210015.4,1,0,1
UNSEEN_CUST_00595,Mason Murthy,regular,netbanking,True,71027.53,2,3,5
UNSEEN_CUST_00596,Kalpit Manne,regular,upi,True,76752.33,4,2,6
UNSEEN_CUST_00597,Ladli Arya,high_value,upi,True,338917.94,4,0,4
UNSEEN_CUST_00598,Wakeeta Sur,regular,upi,True,83641.23,4,0,4
UNSEEN_CUST_00599,Yashoda Sabharwal,regular,upi,True,82285.56,0,1,1
UNSEEN_CUST_00600,Bhavika Talwar,regular,upi,True,40695.77,3,0,3
UNSEEN_CUST_00601,Maanav Ghosh,regular,upi,True,62834.29,1,2,3
UNSEEN_CUST_00602,Jhalak Butala,new,upi,True,15851.94,2,0,2
UNSEEN_CUST_00603,Inaya Mitter,regular,netbanking,True,76266.52,1,1,2
UNSEEN_CUST_00604,Urvi Upadhyay,regular,netbanking,True,75891.01,8,1,9
UNSEEN_CUST_00605,Laksh Ramachandran,high_value,card,True,466614.9,2,0,2
UNSEEN_CUST_00606,Ekiya Tank,regular,upi,True,44085.44,4,1,5
UNSEEN_CUST_00607,Azaan Soman,regular,upi,True,67544.85,2,2,4
UNSEEN_CUST_00608,Henry Shankar,regular,upi,True,71526.23,2,1,3
UNSEEN_CUST_00609,Kevin Ray,regular,card,True,68610.82,2,2,4
UNSEEN_CUST_00610,Barkha Salvi,regular,card,True,85584.51,3,1,4
UNSEEN_CUST_00611,Zayyan Kalita,regular,upi,True,67755.76,2,3,5
UNSEEN_CUST_00612,Reva Mahajan,new,upi,True,4903.1,0,1,1
UNSEEN_CUST_00613,Watika Gupta,new,card,True,17389.01,3,0,3
UNSEEN_CUST_00614,Abhimanyu Chada,high_value,upi,True,396453.21,1,1,2
UNSEEN_CUST_00615,Reyansh Mistry,regular,upi,True,63575.15,4,0,4
UNSEEN_CUST_00616,Chatura Koshy,regular,upi,True,20008.99,3,0,3
UNSEEN_CUST_00617,Azad Varma,regular,card,True,90617.25,1,0,1
UNSEEN_CUST_00618,Chakradev Baria,regular,upi,True,20411.33,0,3,3
UNSEEN_CUST_00619,Lakshit Kara,regular,upi,True,44514.13,2,0,2
UNSEEN_CUST_00620,Balhaar Shroff,regular,upi,True,67175.55,2,1,3
UNSEEN_CUST_00621,Omisha Oommen,high_value,card,True,194795.82,3,0,3
UNSEEN_CUST_00622,Divya Bali,high_value,upi,True,373718.9,4,2,6
UNSEEN_CUST_00623,Unnati Sheth,regular,netbanking,True,70366.89,0,0,0
UNSEEN_CUST_00624,Charles Prasad,regular,upi,True,81167.16,1,1,2
UNSEEN_CUST_00625,Henry Raval,regular,card,False,55753.89,4,0,4
UNSEEN_CUST_00626,Vedhika Bhatnagar,high_value,upi,True,129002.15,3,0,3
UNSEEN_CUST_00627,Dakshesh Venkataraman,regular,netbanking,True,74813.29,1,1,2
UNSEEN_CUST_00628,Samaksh Murthy,regular,card,False,42349.22,1,0,1
UNSEEN_CUST_00629,Warinder Apte,regular,netbanking,True,37505.45,2,0,2
UNSEEN_CUST_00630,Fiyaz Ganguly,regular,upi,True,31879.61,4,0,4
UNSEEN_CUST_00631,Kevin Guha,regular,netbanking,True,76703.05,6,0,6
UNSEEN_CUST_00632,Alka Nadkarni,regular,upi,True,89429.85,5,0,5
UNSEEN_CUST_00633,Lavanya Mitra,new,card,True,17776.8,1,3,4
UNSEEN_CUST_00634,Vansha Hari,regular,card,True,30741.32,1,1,2
UNSEEN_CUST_00635,Vedhika Subramanian,regular,upi,True,87306.65,4,0,4
UNSEEN_CUST_00636,Yutika Barman,regular,card,True,76034.03,4,2,6
UNSEEN_CUST_00637,Yashasvi Saha,regular,card,True,90988.2,2,0,2
UNSEEN_CUST_00638,Krisha Madan,regular,card,False,40426.42,3,1,4
UNSEEN_CUST_00639,Unni Sur,regular,card,True,97560.73,4,0,4
UNSEEN_CUST_00640,Nirja Chacko,new,upi,True,14884.15,0,0,0
UNSEEN_CUST_00641,Vivaan Sengupta,regular,card,True,49426.96,0,0,0
UNSEEN_CUST_00642,Pooja Varghese,regular,upi,True,82789.41,4,1,5
UNSEEN_CUST_00643,Falguni Raju,high_value,upi,True,366124.66,3,2,5
UNSEEN_CUST_00644,Lucky Hari,regular,upi,True,39961.74,1,0,1
UNSEEN_CUST_00645,Dayita Ahuja,regular,upi,True,94004.37,1,1,2
UNSEEN_CUST_00646,Yash Mangal,regular,card,True,57614.64,4,1,5
UNSEEN_CUST_00647,Ishita Vasa,regular,netbanking,True,42642.78,4,1,5
UNSEEN_CUST_00648,Rudra Kala,new,card,False,18466.34,4,0,4
UNSEEN_CUST_00649,Udyati Srinivasan,new,card,True,13763.46,3,0,3
UNSEEN_CUST_00650,Gopal Banerjee,regular,netbanking,True,68196.98,4,0,4
UNSEEN_CUST_00651,Edhitha Sem,regular,upi,True,92962.51,6,0,6
UNSEEN_CUST_00652,Kiaan Dash,regular,upi,False,44361.04,0,0,0
UNSEEN_CUST_00653,Avi Randhawa,regular,netbanking,True,63864.76,4,1,5
UNSEEN_CUST_00654,Hritik Dhingra,regular,upi,True,48822.27,2,2,4
UNSEEN_CUST_00655,Theodore Pall,regular,netbanking,True,78146.26,2,0,2
UNSEEN_CUST_00656,Udyati Bhargava,regular,upi,False,68799.06,1,0,1
UNSEEN_CUST_00657,Ati Kashyap,regular,upi,True,58125.26,7,2,9
UNSEEN_CUST_00658,Veer Walla,new,upi,True,16277.76,3,0,3
UNSEEN_CUST_00659,Aadhya Karpe,new,upi,True,4018.65,4,2,6
UNSEEN_CUST_00660,Tristan Warrior,regular,upi,True,66806.45,2,1,3
UNSEEN_CUST_00661,Charvi Dasgupta,regular,upi,True,72289.39,3,0,3
UNSEEN_CUST_00662,Shivansh Vohra,regular,upi,True,38210.57,3,1,4
UNSEEN_CUST_00663,Neelima Ravi,regular,upi,True,49141.74,4,1,5
UNSEEN_CUST_00664,Hema Barad,high_value,card,True,165636.52,7,0,7
UNSEEN_CUST_00665,Vasudha Kakar,regular,card,False,88494.61,3,1,4
UNSEEN_CUST_00666,Faqid Murthy,regular,upi,True,30149.4,4,1,5
UNSEEN_CUST_00667,Chanakya Khalsa,high_value,upi,True,259219.15,5,3,8
UNSEEN_CUST_00668,Henry Tripathi,regular,upi,True,53831.25,3,0,3
UNSEEN_CUST_00669,Gagan Karnik,regular,upi,True,99693.58,1,0,1
UNSEEN_CUST_00670,Mohini Sarkar,regular,netbanking,True,74834.01,6,1,7
UNSEEN_CUST_00671,Aarnav Sekhon,regular,netbanking,True,64621.73,3,0,3
UNSEEN_CUST_00672,Chavvi Bansal,regular,card,True,28601.0,2,1,3
UNSEEN_CUST_00673,Leela Devi,regular,upi,True,91020.16,6,0,6
UNSEEN_CUST_00674,Pranit Grewal,regular,upi,True,90839.76,4,0,4
UNSEEN_CUST_00675,Frado Brar,regular,upi,True,53264.73,3,0,3
UNSEEN_CUST_00676,Yashvi Krishna,regular,upi,True,38919.66,4,1,5
UNSEEN_CUST_00677,Thomas Mand,regular,upi,True,99617.28,3,2,5
UNSEEN_CUST_00678,Arunima Kapur,regular,card,True,53205.49,0,0,0
UNSEEN_CUST_00679,Dominic Nayar,new,card,True,19196.57,4,2,6
UNSEEN_CUST_00680,Samar Munshi,regular,netbanking,True,80758.95,0,0,0
UNSEEN_CUST_00681,Zaid Dada,regular,card,True,59340.21,5,1,6
UNSEEN_CUST_00682,Tristan Dixit,high_value,upi,True,287207.79,4,0,4
UNSEEN_CUST_00683,Frado Kari,new,upi,True,17261.9,3,2,5
UNSEEN_CUST_00684,Radha Kata,high_value,upi,False,210750.5,2,0,2
UNSEEN_CUST_00685,Shivani Ben,new,upi,True,15145.35,3,0,3
UNSEEN_CUST_00686,Siya Swamy,new,netbanking,True,1774.7,2,0,2
UNSEEN_CUST_00687,Neha Dhar,high_value,upi,True,335337.62,2,0,2
UNSEEN_CUST_00688,Hema Raghavan,regular,upi,False,38422.93,2,1,3
UNSEEN_CUST_00689,Wriddhish Sood,regular,upi,True,22434.53,1,0,1
UNSEEN_CUST_00690,Gayathri Keer,regular,upi,True,82979.52,5,1,6
UNSEEN_CUST_00691,Dhriti Barman,regular,upi,True,85355.34,5,0,5
UNSEEN_CUST_00692,Sathvik Andra,high_value,upi,True,467474.55,4,0,4
UNSEEN_CUST_00693,Ekani Kumar,regular,card,True,23249.78,2,1,3
UNSEEN_CUST_00694,Upasna Sarraf,high_value,netbanking,True,436031.2,0,0,0
UNSEEN_CUST_00695,Samar Mangal,high_value,upi,True,346743.2,1,0,1
UNSEEN_CUST_00696,Ekiya Pathak,new,upi,False,15210.84,0,0,0
UNSEEN_CUST_00697,Harinakshi Devan,regular,upi,True,48062.3,3,0,3
UNSEEN_CUST_00698,Upasna Patla,new,upi,True,4163.03,2,1,3
UNSEEN_CUST_00699,Sudiksha Dada,high_value,upi,True,415900.24,1,1,2
UNSEEN_CUST_00700,Sanya Khatri,regular,netbanking,True,98090.24,2,0,2
UNSEEN_CUST_00701,Arya Padmanabhan,regular,upi,True,37544.82,6,1,7
UNSEEN_CUST_00702,Ekalinga Nagar,new,upi,True,13823.84,1,1,2
UNSEEN_CUST_00703,Aayush Shenoy,regular,upi,True,98429.75,3,1,4
UNSEEN_CUST_00704,Janaki Shankar,high_value,card,True,400340.66,2,1,3
UNSEEN_CUST_00705,Pushti Nayak,new,upi,True,12914.85,4,0,4
UNSEEN_CUST_00706,Urmi Bora,regular,card,True,20367.19,3,0,3
UNSEEN_CUST_00707,Krisha Solanki,new,upi,True,5497.89,1,0,1
UNSEEN_CUST_00708,Gunbir Shukla,new,upi,True,8936.11,4,1,5
UNSEEN_CUST_00709,Bachittar Rao,high_value,upi,True,446249.02,2,0,2
UNSEEN_CUST_00710,Forum Ganesan,high_value,upi,True,372128.61,3,0,3
UNSEEN_CUST_00711,Chanchal Kakar,high_value,card,True,300912.7,1,0,1
UNSEEN_CUST_00712,Chakradhar Sabharwal,regular,upi,True,79311.5,4,0,4
UNSEEN_CUST_00713,Saksham Khatri,high_value,upi,True,441435.21,5,1,6
UNSEEN_CUST_00714,Yashica Bhandari,regular,upi,True,93311.33,4,0,4
UNSEEN_CUST_00715,Diya Dass,regular,upi,True,83744.59,4,0,4
UNSEEN_CUST_00716,Garima Kapadia,regular,card,True,53196.15,3,0,3
UNSEEN_CUST_00717,Thomas Pandey,regular,upi,True,31535.29,2,1,3
UNSEEN_CUST_00718,Yatin Kakar,regular,card,False,64138.07,0,1,1
UNSEEN_CUST_00719,Yashoda Kibe,new,upi,False,7586.5,4,0,4
UNSEEN_CUST_00720,Wridesh Pal,regular,card,False,93389.1,2,0,2
UNSEEN_CUST_00721,Vihaan Sood,regular,netbanking,True,63088.7,3,1,4
UNSEEN_CUST_00722,Janani Sinha,regular,upi,True,40642.29,2,1,3
UNSEEN_CUST_00723,Viraj Sandal,high_value,card,True,153773.67,4,0,4
UNSEEN_CUST_00724,Vedhika Parikh,regular,upi,True,73454.83,7,1,8
UNSEEN_CUST_00725,Charan Chauhan,regular,upi,True,87760.78,2,1,3
UNSEEN_CUST_00726,Mekhala Cherian,high_value,card,True,236786.55,1,0,1
UNSEEN_CUST_00727,Lekha Sabharwal,regular,upi,True,70948.66,1,0,1
UNSEEN_CUST_00728,Tripti Shetty,regular,upi,True,33862.62,5,1,6
UNSEEN_CUST_00729,Yatin Bose,high_value,card,True,302716.9,1,0,1
UNSEEN_CUST_00730,Vedika Radhakrishnan,regular,upi,True,32421.11,2,0,2
UNSEEN_CUST_00731,Chaman Comar,regular,card,True,83597.33,3,0,3
UNSEEN_CUST_00732,Sathvik Ramakrishnan,regular,upi,True,93818.13,1,2,3
UNSEEN_CUST_00733,Netra Bala,regular,upi,True,76784.57,6,0,6
UNSEEN_CUST_00734,Bina Buch,regular,card,True,99422.1,2,1,3
UNSEEN_CUST_00735,Pahal Kade,high_value,card,True,304001.0,3,1,4
UNSEEN_CUST_00736,Wishi Manne,regular,netbanking,True,80440.64,5,1,6
UNSEEN_CUST_00737,Wishi Chandra,regular,card,True,58584.48,1,0,1
UNSEEN_CUST_00738,Aashi Bedi,regular,upi,False,65975.31,6,1,7
UNSEEN_CUST_00739,Gopal Gade,regular,netbanking,True,80829.52,1,3,4
UNSEEN_CUST_00740,Theodore Char,regular,upi,False,23902.02,3,0,3
UNSEEN_CUST_00741,Yagnesh Dubey,regular,card,False,35948.98,2,0,2
UNSEEN_CUST_00742,Karan Balakrishnan,regular,upi,False,27252.41,5,1,6
UNSEEN_CUST_00743,Girindra Lad,regular,upi,True,54610.06,3,1,4
UNSEEN_CUST_00744,Qarin Bose,regular,card,True,54173.77,3,1,4
UNSEEN_CUST_00745,Samar Banik,regular,upi,True,75503.21,0,0,0
UNSEEN_CUST_00746,Samesh Khatri,regular,upi,True,86631.56,2,0,2
UNSEEN_CUST_00747,Gaurangi Kannan,regular,card,True,65293.66,2,1,3
UNSEEN_CUST_00748,Gautami Lalla,regular,upi,True,52312.24,5,2,7
UNSEEN_CUST_00749,Nikita Kata,new,card,True,7509.66,2,2,4
UNSEEN_CUST_00750,Fitan Solanki,regular,card,True,33794.72,7,1,8
UNSEEN_CUST_00751,Mohammed Tara,high_value,upi,True,418308.72,2,1,3
UNSEEN_CUST_00752,Pahal Dass,regular,netbanking,False,24717.29,2,1,3
UNSEEN_CUST_00753,Balendra Balakrishnan,regular,card,True,20783.6,1,1,2
UNSEEN_CUST_00754,Reva Kadakia,regular,upi,True,94431.08,4,1,5
UNSEEN_CUST_00755,Ikbal Jayaraman,regular,card,True,85665.64,3,0,3
UNSEEN_CUST_00756,Aarini Sheth,high_value,upi,True,363102.28,6,0,6
UNSEEN_CUST_00757,Jonathan Chaudry,new,upi,True,12643.47,3,2,5
UNSEEN_CUST_00758,Krishna Dhingra,regular,upi,True,91435.64,0,0,0
UNSEEN_CUST_00759,Kashish Chatterjee,regular,card,True,98842.11,4,0,4
UNSEEN_CUST_00760,Damyanti Dyal,regular,upi,False,51941.12,1,1,2
UNSEEN_CUST_00761,Qushi Kamdar,regular,upi,True,66150.15,4,0,4
UNSEEN_CUST_00762,Anvi Ramesh,regular,upi,True,27874.36,1,1,2
UNSEEN_CUST_00763,Atharv Subramaniam,regular,upi,True,66448.01,5,0,5
UNSEEN_CUST_00764,Chandani Chopra,regular,upi,False,24416.55,4,0,4
UNSEEN_CUST_00765,Jai Samra,regular,card,True,54932.34,2,0,2
UNSEEN_CUST_00766,Yashasvi Bhandari,regular,upi,True,44321.53,6,1,7
UNSEEN_CUST_00767,Devika Seshadri,regular,netbanking,True,65709.55,2,1,3
UNSEEN_CUST_00768,Gavin Khatri,regular,upi,True,82745.21,6,0,6
UNSEEN_CUST_00769,Neelima Dewan,regular,card,True,38282.15,1,1,2
UNSEEN_CUST_00770,Oliver Pillai,regular,card,False,51762.71,1,0,1
UNSEEN_CUST_00771,Vasudha Dewan,regular,card,True,44646.71,2,0,2
UNSEEN_CUST_00772,Suhani Oak,regular,upi,True,84999.56,3,0,3
UNSEEN_CUST_00773,Arin Bhagat,new,card,True,12048.28,3,0,3
UNSEEN_CUST_00774,Akshay Krish,new,upi,False,13748.68,3,1,4
UNSEEN_CUST_00775,Yasti Kant,regular,card,True,57985.17,1,0,1
UNSEEN_CUST_00776,Hemani Varma,high_value,card,True,104527.39,4,0,4
UNSEEN_CUST_00777,Falan Mangal,regular,upi,True,37608.88,4,1,5
UNSEEN_CUST_00778,Yahvi Bose,new,upi,True,2550.08,2,1,3
UNSEEN_CUST_00779,Yashawini Iyengar,regular,upi,False,78774.97,1,1,2
UNSEEN_CUST_00780,Oviya Viswanathan,high_value,card,True,414925.66,3,0,3
UNSEEN_CUST_00781,Nimrat Banik,regular,upi,True,54730.69,0,0,0
UNSEEN_CUST_00782,Dayamai Dutt,regular,upi,True,42283.75,5,0,5
UNSEEN_CUST_00783,Aditya Balakrishnan,regular,upi,True,49100.65,2,1,3
UNSEEN_CUST_00784,Neha Chaudhary,regular,card,True,20133.75,2,0,2
UNSEEN_CUST_00785,Gunbir Guha,regular,card,True,24396.37,2,0,2
UNSEEN_CUST_00786,Yochana Prakash,high_value,upi,True,275737.29,2,3,5
UNSEEN_CUST_00787,Isaac Bir,high_value,card,True,154899.56,3,1,4
UNSEEN_CUST_00788,Aarnav Kaur,regular,netbanking,True,69531.34,6,0,6
UNSEEN_CUST_00789,Orinder Saini,regular,card,True,56089.55,4,0,4
UNSEEN_CUST_00790,Timothy Sha,regular,card,True,46603.59,4,0,4
UNSEEN_CUST_00791,Warjas Som,regular,netbanking,True,20104.44,3,0,3
UNSEEN_CUST_00792,Arin Sodhi,regular,card,True,44290.2,5,0,5
UNSEEN_CUST_00793,Pratyush Grover,regular,upi,True,95356.67,3,0,3
UNSEEN_CUST_00794,Tanveer Khanna,regular,upi,True,97584.92,2,0,2
UNSEEN_CUST_00795,Edhitha Grover,regular,card,True,91993.23,5,0,5
UNSEEN_CUST_00796,Vedhika Pal,high_value,upi,True,195138.37,2,0,2
UNSEEN_CUST_00797,Unni Khosla,regular,card,True,32938.93,0,1,1
UNSEEN_CUST_00798,Amol Chokshi,regular,upi,True,57985.5,2,0,2
UNSEEN_CUST_00799,Charita Sathe,new,upi,True,5129.62,4,1,5
UNSEEN_CUST_00800,Sudiksha Comar,regular,upi,True,55806.21,3,1,4
UNSEEN_CUST_00801,Gabriel Zacharia,high_value,upi,True,112018.93,6,0,6
UNSEEN_CUST_00802,Sara Desai,high_value,card,True,261872.24,5,0,5
UNSEEN_CUST_00803,Deepa Kurian,regular,card,True,40786.18,2,2,4
UNSEEN_CUST_00804,Manan Chauhan,regular,upi,True,24616.12,2,0,2
UNSEEN_CUST_00805,Arin Prashad,regular,upi,True,53287.45,3,2,5
UNSEEN_CUST_00806,Vedant Sachar,regular,card,True,84002.07,3,0,3
UNSEEN_CUST_00807,Waida Pillai,regular,netbanking,True,76927.99,3,1,4
UNSEEN_CUST_00808,Frederick Chhabra,regular,upi,True,44274.27,7,0,7
UNSEEN_CUST_00809,Suhani Patil,regular,card,True,73403.37,2,1,3
UNSEEN_CUST_00810,Nirja Banerjee,high_value,card,True,373435.8,3,0,3
UNSEEN_CUST_00811,Dipta Mitra,regular,netbanking,True,69415.14,6,1,7
UNSEEN_CUST_00812,Wahab Mitter,new,card,True,3755.95,1,1,2
UNSEEN_CUST_00813,Advik Sachdeva,regular,upi,True,67590.97,2,5,7
UNSEEN_CUST_00814,Yagnesh Shanker,regular,upi,True,21001.19,4,0,4
UNSEEN_CUST_00815,Andrew Sarkar,regular,card,False,36376.89,2,0,2
UNSEEN_CUST_00816,Aarush Bhatti,high_value,card,True,241522.4,3,0,3
UNSEEN_CUST_00817,Vanya Mutti,high_value,upi,True,125496.0,3,0,3
UNSEEN_CUST_00818,Liam Nadkarni,regular,card,True,37908.41,0,1,1
UNSEEN_CUST_00819,Vedhika Arora,regular,upi,True,35527.03,5,2,7
UNSEEN_CUST_00820,Karan Sandhu,regular,netbanking,True,27381.99,1,0,1
UNSEEN_CUST_00821,Eesha Grewal,regular,upi,True,63227.2,2,0,2
UNSEEN_CUST_00822,Odika Chada,regular,card,True,73402.4,1,1,2
UNSEEN_CUST_00823,Avi Verma,regular,card,True,43542.14,1,0,1
UNSEEN_CUST_00824,Pranav Mohanty,new,upi,True,14270.33,2,2,4
UNSEEN_CUST_00825,Zashil Barman,regular,card,True,38420.79,2,0,2
UNSEEN_CUST_00826,Bhavani Wadhwa,regular,card,True,70315.29,1,0,1
UNSEEN_CUST_00827,Falguni Kapadia,regular,card,True,58059.06,4,2,6
UNSEEN_CUST_00828,Ishanvi Parekh,regular,card,False,50229.33,0,0,0
UNSEEN_CUST_00829,Reva Soni,regular,card,True,68167.04,3,0,3
UNSEEN_CUST_00830,Raagini Brahmbhatt,regular,upi,True,84303.13,1,0,1
UNSEEN_CUST_00831,Urvashi Vala,regular,card,True,24534.32,6,0,6
UNSEEN_CUST_00832,Kabir Anand,new,upi,True,11716.36,3,2,5
UNSEEN_CUST_00833,Liam Krish,regular,netbanking,True,38886.29,3,1,4
UNSEEN_CUST_00834,Meghana Chawla,regular,netbanking,True,50980.83,3,0,3
UNSEEN_CUST_00835,Turvi Mukhopadhyay,regular,card,True,45306.52,0,0,0
UNSEEN_CUST_00836,Ishita Deo,high_value,upi,True,108974.13,2,1,3
UNSEEN_CUST_00837,Isha Borra,regular,upi,True,36162.36,1,0,1
UNSEEN_CUST_00838,Faqid Sawhney,regular,upi,True,30323.54,5,1,6
UNSEEN_CUST_00839,Yochana Sibal,high_value,upi,True,132114.51,3,2,5
UNSEEN_CUST_00840,Suhani Padmanabhan,regular,card,True,53032.55,1,2,3
UNSEEN_CUST_00841,Aryan Subramanian,regular,upi,True,97388.15,5,0,5
UNSEEN_CUST_00842,Bhavini Khalsa,regular,card,True,30201.85,4,0,4
UNSEEN_CUST_00843,Vivaan More,new,card,True,10489.39,0,0,0
UNSEEN_CUST_00844,Ria Arora,regular,upi,True,55799.82,1,0,1
UNSEEN_CUST_00845,Krisha Char,regular,card,True,33294.91,2,2,4
UNSEEN_CUST_00846,Faris Brar,regular,upi,True,26005.17,3,1,4
UNSEEN_CUST_00847,Naksh Tata,regular,upi,True,96165.08,0,0,0
UNSEEN_CUST_00848,Ronith Issac,regular,upi,True,54846.59,6,0,6
UNSEEN_CUST_00849,Pahal Bhagat,regular,upi,True,53482.86,1,2,3
UNSEEN_CUST_00850,Chanchal Ben,high_value,upi,False,490213.53,3,0,3
UNSEEN_CUST_00851,Vivaan Karpe,regular,upi,True,68961.9,2,3,5
UNSEEN_CUST_00852,Vinaya Bali,regular,upi,True,23635.48,2,0,2
UNSEEN_CUST_00853,Yasti Balasubramanian,regular,netbanking,True,70441.2,3,0,3
UNSEEN_CUST_00854,Anvi Goda,regular,upi,True,65497.3,3,0,3
UNSEEN_CUST_00855,Kamya Wali,new,upi,True,17981.38,1,1,2
UNSEEN_CUST_00856,Akshay Bal,regular,upi,True,77960.62,2,3,5
UNSEEN_CUST_00857,Reva Bhatt,regular,upi,True,57968.65,2,0,2
UNSEEN_CUST_00858,Yahvi Keer,regular,card,True,36759.54,0,1,1
UNSEEN_CUST_00859,Hritik Prabhu,high_value,upi,True,120703.35,4,0,4
UNSEEN_CUST_00860,Manthan Batra,new,upi,True,7297.2,5,1,6
UNSEEN_CUST_00861,Bachittar Dewan,regular,upi,True,24334.19,1,1,2
UNSEEN_CUST_00862,Hemani Krishnamurthy,regular,upi,True,48799.29,2,0,2
UNSEEN_CUST_00863,Chasmum Palan,high_value,card,True,369634.89,4,1,5
UNSEEN_CUST_00864,Waida Hans,regular,upi,True,21707.22,7,2,9
UNSEEN_CUST_00865,Faqid Choudhury,high_value,upi,True,440165.05,1,1,2
UNSEEN_CUST_00866,Bhavini Chaudhary,high_value,card,True,416012.91,3,1,4
UNSEEN_CUST_00867,Yagnesh Sarin,regular,netbanking,False,61908.74,3,0,3
UNSEEN_CUST_00868,Fitan Ramakrishnan,new,card,True,13487.47,3,2,5
UNSEEN_CUST_00869,Ryan Batra,regular,card,True,91462.99,4,1,5
UNSEEN_CUST_00870,Yoshita Saxena,regular,upi,True,70748.04,2,0,2
UNSEEN_CUST_00871,Zaitra Sant,high_value,upi,True,347983.11,3,0,3
UNSEEN_CUST_00872,Ekansh Loyal,new,upi,True,8340.67,1,0,1
UNSEEN_CUST_00873,Waida Korpal,regular,upi,True,98189.45,3,0,3
UNSEEN_CUST_00874,Wahab D’Alia,regular,upi,True,73609.12,7,0,7
UNSEEN_CUST_00875,Yashica Bhandari,regular,upi,True,40751.84,4,0,4
UNSEEN_CUST_00876,Faqid Kapoor,new,upi,True,1465.92,1,1,2
UNSEEN_CUST_00877,Turvi Shanker,regular,card,True,68953.89,5,1,6
UNSEEN_CUST_00878,Bhanumati Dutta,regular,upi,True,38514.34,6,1,7
UNSEEN_CUST_00879,Jagvi Nagi,regular,upi,True,34040.59,1,0,1
UNSEEN_CUST_00880,Bimala Rajagopalan,regular,card,True,27598.29,2,0,2
UNSEEN_CUST_00881,Chakradhar Prakash,regular,upi,True,58758.74,5,0,5
UNSEEN_CUST_00882,Hredhaan Manne,high_value,card,True,190739.31,3,0,3
UNSEEN_CUST_00883,Arya Zachariah,regular,netbanking,True,37799.01,4,0,4
UNSEEN_CUST_00884,Odika Buch,regular,netbanking,True,69571.31,1,1,2
UNSEEN_CUST_00885,Ikbal Parsa,high_value,netbanking,True,431124.34,1,0,1
UNSEEN_CUST_00886,Zaid Pandit,high_value,netbanking,True,324954.68,4,1,5
UNSEEN_CUST_00887,Rudra Goel,regular,upi,True,28341.08,2,1,3
UNSEEN_CUST_00888,Ryan Rao,regular,card,True,45851.2,4,1,5
UNSEEN_CUST_00889,Zinal Bassi,regular,upi,True,41628.59,1,0,1
UNSEEN_CUST_00890,Lakshit Luthra,high_value,upi,True,208428.47,6,0,6
UNSEEN_CUST_00891,Inaya Vohra,regular,card,True,30159.35,3,2,5
UNSEEN_CUST_00892,Kashish Nagi,new,netbanking,True,5994.92,1,3,4
UNSEEN_CUST_00893,Unnati Hans,high_value,card,True,299739.41,4,1,5
UNSEEN_CUST_00894,Bhavya Warrior,regular,upi,True,85044.26,2,1,3
UNSEEN_CUST_00895,Kabir Brar,regular,card,True,59128.02,3,0,3
UNSEEN_CUST_00896,Manya Ghose,regular,upi,True,71642.34,3,0,3
UNSEEN_CUST_00897,Wridesh Dasgupta,regular,netbanking,True,47217.17,0,0,0
UNSEEN_CUST_00898,Nimrat Panchal,regular,upi,True,44907.93,2,0,2
UNSEEN_CUST_00899,Priya Ranganathan,new,upi,True,3623.58,4,0,4
UNSEEN_CUST_00900,Oeshi Parmar,regular,card,True,63544.13,2,1,3
UNSEEN_CUST_00901,Vasana Rattan,regular,card,False,53198.89,1,2,3
UNSEEN_CUST_00902,Yashoda Dutt,regular,upi,True,30069.73,3,0,3
UNSEEN_CUST_00903,Faqid Vig,high_value,netbanking,True,102413.15,3,2,5
UNSEEN_CUST_00904,Vinaya Gara,regular,upi,True,60516.77,4,1,5
UNSEEN_CUST_00905,Falguni Sarin,high_value,netbanking,True,280678.6,1,1,2
UNSEEN_CUST_00906,Yatan Patil,high_value,upi,True,113472.81,3,0,3
UNSEEN_CUST_00907,Ronith Gulati,regular,upi,True,63685.8,2,1,3
UNSEEN_CUST_00908,Vansha Sandal,regular,netbanking,True,72988.17,4,3,7
UNSEEN_CUST_00909,Yauvani Bajwa,regular,netbanking,True,91527.8,2,0,2
UNSEEN_CUST_00910,Udyati Nigam,new,upi,True,7419.68,3,2,5
UNSEEN_CUST_00911,Faras Ghosh,regular,netbanking,True,28866.7,2,0,2
UNSEEN_CUST_00912,Laksh Tripathi,regular,upi,True,29421.84,2,0,2
UNSEEN_CUST_00913,Tanmayi Mitra,regular,upi,True,89150.15,2,2,4
UNSEEN_CUST_00914,Warjas Reddy,high_value,netbanking,True,353282.44,3,1,4
UNSEEN_CUST_00915,Mohammed Kade,new,upi,True,1866.19,1,1,2
UNSEEN_CUST_00916,Hemangini Singhal,regular,upi,True,20562.94,7,1,8
UNSEEN_CUST_00917,Maanav Tak,regular,netbanking,True,47108.16,3,0,3
UNSEEN_CUST_00918,Meera Bahl,high_value,upi,True,360028.6,0,0,0
UNSEEN_CUST_00919,Yahvi Kaul,regular,card,True,33708.04,3,0,3
UNSEEN_CUST_00920,Pahal Arora,new,card,True,19947.1,4,0,4
UNSEEN_CUST_00921,Chanakya Gaba,high_value,card,True,425570.85,7,1,8
UNSEEN_CUST_00922,Lohit Chand,regular,card,True,59760.63,1,0,1
UNSEEN_CUST_00923,Timothy Nair,regular,card,True,88128.53,4,1,5
UNSEEN_CUST_00924,Tamanna Anne,regular,netbanking,True,45932.4,3,0,3
UNSEEN_CUST_00925,Ojas Krishnan,regular,upi,True,98212.47,3,2,5
UNSEEN_CUST_00926,Abdul Sarraf,high_value,card,True,170428.29,6,0,6
UNSEEN_CUST_00927,Gunbir Ravel,high_value,netbanking,True,367782.97,1,0,1
UNSEEN_CUST_00928,Nicholas Ramanathan,high_value,netbanking,False,468624.37,5,1,6
UNSEEN_CUST_00929,Irya Konda,new,upi,True,1512.04,2,1,3
UNSEEN_CUST_00930,Samarth Ben,regular,card,True,32216.11,4,0,4
UNSEEN_CUST_00931,Bhavini Ahuja,new,netbanking,True,15322.68,2,0,2
UNSEEN_CUST_00932,Bahadurjit Sangha,high_value,upi,True,350400.3,3,0,3
UNSEEN_CUST_00933,Aarini Oak,regular,card,True,87801.28,1,0,1
UNSEEN_CUST_00934,Owen Borde,regular,netbanking,True,41668.1,1,1,2
UNSEEN_CUST_00935,Vinaya Bala,high_value,upi,True,412697.99,6,2,8
UNSEEN_CUST_00936,Nidhi Rajagopal,regular,upi,False,71939.1,5,0,5
UNSEEN_CUST_00937,Onveer Bumb,new,upi,True,19175.32,3,1,4
UNSEEN_CUST_00938,Bahadurjit Kota,new,card,True,6795.51,3,1,4
UNSEEN_CUST_00939,Anika Wable,new,upi,True,3945.87,4,1,5
UNSEEN_CUST_00940,Bhavani Roy,regular,upi,True,66590.17,5,0,5
UNSEEN_CUST_00941,Jyoti Salvi,regular,card,True,84228.24,1,2,3
UNSEEN_CUST_00942,Gaurang Atwal,regular,upi,True,34960.46,3,2,5
UNSEEN_CUST_00943,Finn Mani,new,card,True,12255.62,1,1,2
UNSEEN_CUST_00944,Gunbir Pal,regular,netbanking,True,85368.11,2,0,2
UNSEEN_CUST_00945,Amol Seth,regular,upi,True,22297.22,5,0,5
UNSEEN_CUST_00946,Girik Luthra,new,upi,True,16968.26,3,2,5
UNSEEN_CUST_00947,Laban Mittal,regular,upi,False,33358.91,5,0,5
UNSEEN_CUST_00948,George Dua,regular,card,True,48795.2,3,1,4
UNSEEN_CUST_00949,Champak Ahuja,new,netbanking,True,1806.09,4,2,6
UNSEEN_CUST_00950,Aryan Barad,regular,upi,True,57266.39,2,0,2
UNSEEN_CUST_00951,Aradhana Muni,regular,upi,True,85096.35,5,1,6
UNSEEN_CUST_00952,Pavani Boase,new,upi,True,13361.95,3,0,3
UNSEEN_CUST_00953,Suhani Anand,regular,netbanking,True,34795.97,2,2,4
UNSEEN_CUST_00954,Christopher Solanki,high_value,card,False,482911.23,3,0,3
UNSEEN_CUST_00955,Ishanvi Sanghvi,new,netbanking,True,16473.53,0,0,0
UNSEEN_CUST_00956,Laban Dixit,high_value,upi,True,188882.83,5,0,5
UNSEEN_CUST_00957,Omisha Kala,regular,card,True,21426.78,4,0,4
UNSEEN_CUST_00958,Gavin Kamdar,regular,card,True,81486.55,4,0,4
UNSEEN_CUST_00959,Shaurya Madan,high_value,upi,True,337483.72,2,2,4
UNSEEN_CUST_00960,Gauri Sule,regular,upi,True,38425.31,0,0,0
UNSEEN_CUST_00961,Zayyan Thakkar,regular,upi,True,78931.72,3,0,3
UNSEEN_CUST_00962,Chanakya Nagy,new,card,True,9864.76,4,1,5
UNSEEN_CUST_00963,Anvi Varghese,regular,card,True,42148.1,7,3,10
UNSEEN_CUST_00964,Harinakshi Lanka,high_value,card,True,258587.7,1,0,1
UNSEEN_CUST_00965,Damini Mane,regular,netbanking,True,90187.3,2,1,3
UNSEEN_CUST_00966,Ishaan Garg,regular,upi,True,48673.3,3,0,3
UNSEEN_CUST_00967,Lajita Salvi,regular,upi,True,38295.27,3,0,3
UNSEEN_CUST_00968,Girik Karan,regular,upi,True,54137.55,2,1,3
UNSEEN_CUST_00969,Ria Viswanathan,regular,card,True,49699.42,3,0,3
UNSEEN_CUST_00970,Fiyaz Sundaram,high_value,card,True,374026.64,3,0,3
UNSEEN_CUST_00971,Wahab Divan,regular,netbanking,True,28128.04,3,2,5
UNSEEN_CUST_00972,Krishna Khare,high_value,upi,True,215669.7,3,2,5
UNSEEN_CUST_00973,Jagdish Manne,regular,card,True,78174.39,2,1,3
UNSEEN_CUST_00974,Kala Mukherjee,high_value,upi,True,184429.34,3,0,3
UNSEEN_CUST_00975,Samesh Baria,regular,upi,True,69448.29,5,0,5
UNSEEN_CUST_00976,Wridesh Chowdhury,regular,upi,True,71077.46,1,0,1
UNSEEN_CUST_00977,Meghana Verma,regular,upi,True,85880.61,5,2,7
UNSEEN_CUST_00978,Indira Raval,regular,upi,True,80784.44,1,0,1
UNSEEN_CUST_00979,Girik Thaman,regular,netbanking,True,77004.93,3,5,8
UNSEEN_CUST_00980,Chaaya Dyal,regular,netbanking,True,20632.17,3,0,3
UNSEEN_CUST_00981,David Thaker,regular,upi,True,84957.37,4,0,4
UNSEEN_CUST_00982,Ekanta Sha,regular,upi,False,59741.95,2,1,3
UNSEEN_CUST_00983,Azaan Bera,regular,netbanking,True,92985.58,4,0,4
UNSEEN_CUST_00984,Dev Basu,regular,upi,True,30365.74,2,0,2
UNSEEN_CUST_00985,Arya Modi,high_value,upi,True,198272.86,3,0,3
UNSEEN_CUST_00986,Azad Korpal,high_value,upi,True,325785.79,1,0,1
UNSEEN_CUST_00987,Vanya Chowdhury,regular,upi,True,82257.92,3,0,3
UNSEEN_CUST_00988,Gopal Oza,regular,upi,True,98380.72,2,0,2
UNSEEN_CUST_00989,Gautami Gaba,regular,netbanking,True,35581.28,0,0,0
UNSEEN_CUST_00990,Victor Banik,regular,card,True,81605.3,1,1,2
UNSEEN_CUST_00991,Vasudha Om,regular,card,True,66299.84,8,1,9
UNSEEN_CUST_00992,Sneha Virk,regular,upi,True,98512.08,1,0,1
UNSEEN_CUST_00993,Yashvi Jaggi,regular,card,True,59285.97,2,1,3
UNSEEN_CUST_00994,Libni Majumdar,regular,upi,True,90737.14,5,0,5
UNSEEN_CUST_00995,Ekalinga Edwin,regular,upi,True,27846.85,4,0,4
UNSEEN_CUST_00996,Krishna Jayaraman,regular,upi,True,91929.47,3,1,4
UNSEEN_CUST_00997,Varsha Ahuja,regular,upi,True,98169.77,2,1,3
UNSEEN_CUST_00998,Bhavini Shroff,regular,card,True,57661.68,3,0,3
UNSEEN_CUST_00999,Ekanta Prashad,high_value,card,True,319142.88,2,1,3
UNSEEN_CUST_01000,Udant Samra,high_value,upi,True,477441.41,4,1,5
UNSEEN_CUST_01001,Lipika Kumer,regular,card,True,82100.67,1,1,2
UNSEEN_CUST_01002,Falak Banerjee,regular,upi,True,59233.57,3,0,3
UNSEEN_CUST_01003,Harinakshi Sharaf,high_value,card,True,388425.67,2,0,2
UNSEEN_CUST_01004,Abhiram Keer,new,upi,True,4843.22,5,0,5
UNSEEN_CUST_01005,Chandran Chaudry,regular,upi,True,44136.8,2,0,2
UNSEEN_CUST_01006,Ekbal Hegde,high_value,netbanking,True,274761.67,3,1,4
UNSEEN_CUST_01007,Ansh Bansal,high_value,card,True,407030.1,1,1,2
UNSEEN_CUST_01008,Yuvraj Mukhopadhyay,regular,upi,True,88160.14,1,1,2
UNSEEN_CUST_01009,Michael Deo,regular,upi,True,39436.83,3,1,4
UNSEEN_CUST_01010,Reyansh Sahni,regular,upi,True,96015.39,2,2,4
UNSEEN_CUST_01011,Kai Rao,high_value,upi,True,260839.33,2,0,2
UNSEEN_CUST_01012,Ekta Goda,new,upi,True,3651.0,2,1,3
UNSEEN_CUST_01013,Umang Barman,regular,upi,True,75067.24,3,0,3
UNSEEN_CUST_01014,Krishna Korpal,regular,upi,True,21320.7,0,0,0
UNSEEN_CUST_01015,Aadi Joshi,regular,upi,True,41830.5,3,2,5
UNSEEN_CUST_01016,Aditya Tata,regular,upi,True,23330.08,2,1,3
UNSEEN_CUST_01017,Matthew Balan,regular,upi,False,27148.27,3,1,4
UNSEEN_CUST_01018,Shaurya Narayan,regular,upi,True,73846.05,1,0,1
UNSEEN_CUST_01019,Ganga Narasimhan,regular,netbanking,True,90102.52,2,1,3
UNSEEN_CUST_01020,Mohini Mohan,new,netbanking,True,17271.06,6,2,8
UNSEEN_CUST_01021,Arjun Mammen,new,upi,True,17103.26,0,1,1
UNSEEN_CUST_01022,Veer Sami,regular,card,True,34420.33,2,1,3
UNSEEN_CUST_01023,Kamala Bhatnagar,regular,card,True,86385.81,3,1,4
UNSEEN_CUST_01024,Chandresh Bajaj,regular,card,True,61911.13,1,0,1
UNSEEN_CUST_01025,Mitesh Walla,regular,upi,True,85652.87,2,1,3
UNSEEN_CUST_01026,Saksham Narasimhan,high_value,netbanking,True,400722.26,6,0,6
UNSEEN_CUST_01027,Yatin Varkey,new,upi,False,11102.44,3,1,4
UNSEEN_CUST_01028,Pranit Narasimhan,new,upi,True,17685.41,6,4,10
UNSEEN_CUST_01029,Bakhshi Kanda,regular,netbanking,True,50333.12,3,3,6
UNSEEN_CUST_01030,Wridesh Rajagopalan,regular,upi,True,57841.46,2,0,2
UNSEEN_CUST_01031,Vidhi Shetty,high_value,card,True,121498.16,2,0,2
UNSEEN_CUST_01032,Keya Deshpande,regular,card,True,65537.73,0,3,3
UNSEEN_CUST_01033,Hritik Ratta,regular,upi,True,27588.13,5,2,7
UNSEEN_CUST_01034,Saumya Bandi,regular,upi,True,73425.99,7,0,7
UNSEEN_CUST_01035,Amruta Kaul,regular,upi,True,50257.83,3,0,3
UNSEEN_CUST_01036,Nilima Sodhi,regular,card,True,89599.8,2,1,3
UNSEEN_CUST_01037,Wazir Mutti,regular,upi,True,22117.62,1,0,1
UNSEEN_CUST_01038,Aahana Butala,high_value,upi,True,275642.95,3,0,3
UNSEEN_CUST_01039,Mohammed Bose,regular,upi,True,95437.12,1,1,2
UNSEEN_CUST_01040,Omisha Tank,regular,upi,True,33766.53,3,0,3
UNSEEN_CUST_01041,Charvi Suresh,new,upi,True,12586.4,2,0,2
UNSEEN_CUST_01042,George Manne,regular,upi,True,25993.47,1,0,1
UNSEEN_CUST_01043,Harita Pillay,regular,upi,True,81247.92,0,1,1
UNSEEN_CUST_01044,Hardik Banerjee,regular,upi,True,80092.53,4,1,5
UNSEEN_CUST_01045,Yashoda Trivedi,regular,upi,True,39732.9,2,0,2
UNSEEN_CUST_01046,Udarsh Hayre,regular,card,True,58825.61,4,0,4
UNSEEN_CUST_01047,Aayush Karpe,regular,netbanking,True,31945.29,2,2,4
UNSEEN_CUST_01048,Raksha Viswanathan,regular,upi,True,99660.56,1,1,2
UNSEEN_CUST_01049,Aarav Morar,regular,upi,True,99863.18,2,0,2
UNSEEN_CUST_01050,Anmol Talwar,new,upi,True,9882.65,1,0,1
UNSEEN_CUST_01051,Azad Ray,regular,upi,True,26380.08,1,1,2
UNSEEN_CUST_01052,Anamika Bath,regular,upi,True,41299.71,6,1,7
UNSEEN_CUST_01053,Omisha Parekh,regular,netbanking,True,65360.42,6,0,6
UNSEEN_CUST_01054,Arin Nayar,regular,netbanking,True,45299.24,1,1,2
UNSEEN_CUST_01055,Harshil Pingle,new,upi,True,1821.29,2,4,6
UNSEEN_CUST_01056,Yochana Oak,regular,upi,True,39175.98,1,0,1
UNSEEN_CUST_01057,Sara Wason,regular,upi,True,95798.24,0,0,0
UNSEEN_CUST_01058,Hemang Bir,regular,netbanking,True,66166.51,1,0,1
UNSEEN_CUST_01059,Xiti Barman,regular,upi,True,37058.04,1,1,2
UNSEEN_CUST_01060,Devansh Pau,regular,upi,True,63831.39,3,0,3
UNSEEN_CUST_01061,Dalaja Swaminathan,regular,upi,True,81849.73,3,1,4
UNSEEN_CUST_01062,Meghana Kumar,regular,card,False,43723.6,3,0,3
UNSEEN_CUST_01063,Gavin Bir,regular,upi,True,62805.49,2,0,2
UNSEEN_CUST_01064,Utkarsh Saha,regular,upi,True,75736.62,7,2,9
UNSEEN_CUST_01065,Hitesh Mutti,regular,upi,True,51754.45,2,1,3
UNSEEN_CUST_01066,Frado Gandhi,regular,upi,True,30073.89,1,0,1
UNSEEN_CUST_01067,Theodore Goyal,high_value,upi,True,373214.39,2,0,2
UNSEEN_CUST_01068,Bishakha Dave,new,upi,True,2585.94,3,1,4
UNSEEN_CUST_01069,Peter Kannan,regular,card,True,38852.96,3,0,3
UNSEEN_CUST_01070,Yashasvi Tailor,regular,upi,True,22554.04,1,1,2
UNSEEN_CUST_01071,Xalak Kakar,regular,card,True,81164.09,2,2,4
UNSEEN_CUST_01072,Karan Tak,new,card,True,12243.86,3,2,5
UNSEEN_CUST_01073,Ridhi Devan,new,card,True,5934.04,1,2,3
UNSEEN_CUST_01074,Isaac Zachariah,regular,netbanking,True,22629.48,2,1,3
UNSEEN_CUST_01075,Zashil Pillay,high_value,netbanking,True,499424.91,3,0,3
UNSEEN_CUST_01076,Ekansh Chanda,high_value,netbanking,True,437514.27,4,0,4
UNSEEN_CUST_01077,Ansh Dua,regular,upi,True,38439.91,7,1,8
UNSEEN_CUST_01078,Chakradhar Bhatia,new,upi,True,6720.26,1,1,2
UNSEEN_CUST_01079,Zilmil Khatri,new,card,True,6759.02,6,1,7
UNSEEN_CUST_01080,Zashil Kapadia,regular,upi,True,39052.78,2,1,3
UNSEEN_CUST_01081,Leena Mohan,regular,card,False,29347.09,0,0,0
UNSEEN_CUST_01082,Yashoda Bal,new,upi,False,12839.55,4,0,4
UNSEEN_CUST_01083,Chakradhar Dube,regular,upi,True,91588.45,5,0,5
UNSEEN_CUST_01084,Ekapad Korpal,regular,card,True,72204.14,4,1,5
UNSEEN_CUST_01085,Mekhala Mitra,regular,upi,True,88614.26,0,0,0
UNSEEN_CUST_01086,Irya Kothari,high_value,card,True,436244.12,2,1,3
UNSEEN_CUST_01087,Maya Mital,regular,card,True,74574.46,4,0,4
UNSEEN_CUST_01088,Dev Tripathi,regular,netbanking,True,31000.84,7,1,8
UNSEEN_CUST_01089,Unnati Purohit,high_value,netbanking,True,245165.86,7,1,8
UNSEEN_CUST_01090,Ekapad Raja,regular,netbanking,True,44740.96,9,1,10
UNSEEN_CUST_01091,Lipika Date,high_value,upi,True,197537.16,3,1,4
UNSEEN_CUST_01092,Faraj Khanna,regular,card,True,50139.57,3,1,4
UNSEEN_CUST_01093,Agastya Ratti,regular,upi,True,50377.33,2,3,5
UNSEEN_CUST_01094,Garima Ghose,regular,card,False,39803.34,2,0,2
UNSEEN_CUST_01095,Adya Venkatesh,high_value,upi,True,493094.36,3,0,3
UNSEEN_CUST_01096,Vritti Srinivas,new,upi,True,19972.55,2,0,2
UNSEEN_CUST_01097,Harita Sarma,regular,upi,True,84968.87,4,0,4
UNSEEN_CUST_01098,Aadi Bera,regular,upi,True,21928.53,1,1,2
UNSEEN_CUST_01099,Tripti Minhas,regular,netbanking,True,77297.72,1,1,2
UNSEEN_CUST_01100,Urvashi Murty,regular,netbanking,True,31969.35,1,0,1
UNSEEN_CUST_01101,Caleb Khosla,regular,upi,True,95172.62,6,1,7
UNSEEN_CUST_01102,Tanveer Nagy,regular,upi,False,84212.75,3,0,3
UNSEEN_CUST_01103,Vyanjana Barman,regular,upi,True,70690.57,3,0,3
UNSEEN_CUST_01104,Vivaan Rajagopal,regular,upi,True,94034.88,4,0,4
UNSEEN_CUST_01105,Madhav Balasubramanian,regular,upi,False,90368.18,3,0,3
UNSEEN_CUST_01106,Bimala Dasgupta,regular,upi,True,50175.5,2,0,2
UNSEEN_CUST_01107,Ishanvi Naidu,regular,upi,True,58856.54,1,0,1
UNSEEN_CUST_01108,Aarav Sahota,regular,upi,True,79982.84,2,1,3
UNSEEN_CUST_01109,Rachita Mistry,regular,card,True,52029.12,2,0,2
UNSEEN_CUST_01110,Yochana Nagi,regular,card,True,34666.64,6,0,6
UNSEEN_CUST_01111,Azad Munshi,regular,card,True,97109.76,5,0,5
UNSEEN_CUST_01112,Yash Dhingra,regular,upi,True,61544.21,5,0,5
UNSEEN_CUST_01113,Jacob Kannan,high_value,card,True,390822.7,3,2,5
UNSEEN_CUST_01114,Nirja Dada,regular,upi,True,99421.72,0,1,1
UNSEEN_CUST_01115,Arunima Nayak,new,upi,True,11659.35,2,0,2
UNSEEN_CUST_01116,Jagat Lall,regular,netbanking,True,60103.78,3,0,3
UNSEEN_CUST_01117,Sarthak Mangal,new,upi,True,9961.67,2,0,2
UNSEEN_CUST_01118,Advaith Walla,regular,netbanking,True,61037.5,2,2,4
UNSEEN_CUST_01119,Balendra Nazareth,regular,upi,False,73818.51,2,0,2
UNSEEN_CUST_01120,Meera Merchant,new,upi,True,12343.42,1,1,2
UNSEEN_CUST_01121,Girik Bedi,regular,upi,True,73966.64,1,1,2
UNSEEN_CUST_01122,Kashish Parsa,new,upi,True,11335.23,4,0,4
UNSEEN_CUST_01123,Janani Iyengar,new,upi,True,16221.58,4,1,5
UNSEEN_CUST_01124,Nicholas Zachariah,regular,card,True,99246.61,2,1,3
UNSEEN_CUST_01125,Viraj Mani,regular,card,True,89679.12,1,1,2
UNSEEN_CUST_01126,Jagdish Keer,regular,card,True,41163.84,5,2,7
UNSEEN_CUST_01127,Timothy Mitter,high_value,card,True,252651.68,3,0,3
UNSEEN_CUST_01128,Tanveer Mammen,regular,card,True,88195.84,2,0,2
UNSEEN_CUST_01129,Nilima Verma,regular,card,True,63697.99,7,0,7
UNSEEN_CUST_01130,Owen Khosla,regular,netbanking,True,76600.64,3,0,3
UNSEEN_CUST_01131,Nirja Chander,regular,card,True,98186.31,4,0,4
UNSEEN_CUST_01132,Naksh Sharma,high_value,upi,True,318583.52,5,0,5
UNSEEN_CUST_01133,Pavani Nayar,regular,card,True,38543.48,2,2,4
UNSEEN_CUST_01134,Ishaan Minhas,regular,upi,True,77775.02,1,1,2
UNSEEN_CUST_01135,Quincy Wadhwa,regular,netbanking,True,41081.81,2,0,2
UNSEEN_CUST_01136,Charles Parmar,regular,upi,True,98059.94,3,0,3
UNSEEN_CUST_01137,Chandani Varughese,regular,card,True,99973.33,7,1,8
UNSEEN_CUST_01138,Wriddhish Raj,regular,upi,True,33276.13,2,2,4
UNSEEN_CUST_01139,Eta Mani,regular,card,True,54046.45,4,0,4
UNSEEN_CUST_01140,Ekbal Sarma,regular,upi,True,59782.07,2,1,3
UNSEEN_CUST_01141,Shivani Anand,regular,card,True,57956.98,6,0,6
UNSEEN_CUST_01142,Warhi Kale,regular,upi,True,68774.09,4,1,5
UNSEEN_CUST_01143,Arjun Lall,regular,card,True,54634.43,2,2,4
UNSEEN_CUST_01144,Adya Biswas,regular,card,True,44343.91,1,0,1
UNSEEN_CUST_01145,Samaksh Kadakia,regular,card,True,98983.7,6,0,6
UNSEEN_CUST_01146,Aahana Ratta,high_value,netbanking,True,199881.46,4,0,4
UNSEEN_CUST_01147,Amruta Bandi,regular,upi,True,52370.28,2,1,3
UNSEEN_CUST_01148,Janaki Raja,regular,upi,True,73852.8,2,1,3
UNSEEN_CUST_01149,Xiti Sridhar,new,card,True,2779.01,0,0,0
UNSEEN_CUST_01150,Onkar Dhingra,regular,card,True,29649.24,4,1,5
UNSEEN_CUST_01151,Darika Nazareth,regular,upi,True,75447.18,0,0,0
UNSEEN_CUST_01152,Hardik Choudhry,regular,netbanking,True,97675.01,3,0,3
UNSEEN_CUST_01153,Unnati Comar,regular,upi,True,56440.9,3,0,3
UNSEEN_CUST_01154,Samar Memon,regular,netbanking,True,91764.3,1,0,1
UNSEEN_CUST_01155,Gaurav Tella,regular,card,True,79474.2,5,1,6
UNSEEN_CUST_01156,Hamsini Butala,regular,upi,True,61142.05,2,1,3
UNSEEN_CUST_01157,Harrison Uppal,high_value,upi,True,318052.22,2,2,4
UNSEEN_CUST_01158,Max Sunder,regular,upi,True,89672.31,3,1,4
UNSEEN_CUST_01159,Yatin Ghosh,regular,card,True,97426.11,2,0,2
UNSEEN_CUST_01160,Chakradev Pau,regular,upi,True,86819.65,3,0,3
UNSEEN_CUST_01161,Chakrika Shukla,high_value,card,True,412055.72,5,1,6
UNSEEN_CUST_01162,Maya Rege,regular,card,True,20700.7,7,0,7
UNSEEN_CUST_01163,Ekani Memon,regular,upi,True,54084.35,0,2,2
UNSEEN_CUST_01164,Parth Bhagat,regular,upi,True,23182.25,2,0,2
UNSEEN_CUST_01165,Yuvraj Salvi,new,upi,True,18325.3,0,1,1
UNSEEN_CUST_01166,Banjeet Batta,regular,upi,False,32137.93,5,0,5
UNSEEN_CUST_01167,Nathan Sant,regular,upi,True,21440.71,7,0,7
UNSEEN_CUST_01168,Gaurangi Gala,regular,upi,True,69351.25,2,0,2
UNSEEN_CUST_01169,Gavin Prakash,regular,upi,True,38943.61,1,1,2
UNSEEN_CUST_01170,Tripti Sant,regular,netbanking,True,38264.15,5,0,5
UNSEEN_CUST_01171,Simon Bajwa,new,upi,True,14720.67,5,0,5
UNSEEN_CUST_01172,Anay Vora,regular,upi,True,70882.46,2,0,2
UNSEEN_CUST_01173,Kamala Mammen,regular,upi,True,90910.82,2,0,2
UNSEEN_CUST_01174,Ria Mittal,new,netbanking,True,6842.34,2,1,3
UNSEEN_CUST_01175,Yashvi Tank,regular,card,False,61521.61,5,1,6
UNSEEN_CUST_01176,Saanvi Kunda,regular,netbanking,True,60906.28,2,0,2
UNSEEN_CUST_01177,Ishanvi Sarkar,high_value,card,True,344738.11,3,0,3
UNSEEN_CUST_01178,Abha Krishna,regular,upi,True,24988.92,3,0,3
UNSEEN_CUST_01179,Jeremiah Nori,regular,card,True,85416.43,3,1,4
UNSEEN_CUST_01180,Raghav Venkataraman,regular,netbanking,True,39194.85,3,0,3
UNSEEN_CUST_01181,Faraj Barad,regular,upi,True,67310.97,2,0,2
UNSEEN_CUST_01182,Eesha Bhatia,high_value,upi,True,157553.9,4,1,5
UNSEEN_CUST_01183,Tara Chadha,regular,upi,True,38060.74,3,2,5
UNSEEN_CUST_01184,Bishakha Patil,regular,card,True,50820.34,4,1,5
UNSEEN_CUST_01185,Gayathri Comar,regular,upi,True,63269.68,5,0,5
UNSEEN_CUST_01186,Aadhya Boase,regular,netbanking,True,76823.43,2,0,2
UNSEEN_CUST_01187,Elijah Khare,regular,upi,True,35076.96,3,0,3
UNSEEN_CUST_01188,Devansh Trivedi,high_value,upi,True,304053.72,5,0,5
UNSEEN_CUST_01189,Chavvi Pandya,regular,card,True,31903.63,7,0,7
UNSEEN_CUST_01190,Harshil Shetty,regular,netbanking,False,63897.54,5,1,6
UNSEEN_CUST_01191,Udant Badal,regular,card,False,42204.26,5,0,5
UNSEEN_CUST_01192,Aahana Dara,new,upi,True,9325.46,2,0,2
UNSEEN_CUST_01193,Lucky Bahri,high_value,upi,False,425430.71,2,1,3
UNSEEN_CUST_01194,Harish Jhaveri,regular,upi,True,55332.82,0,2,2
UNSEEN_CUST_01195,Radhika Tank,high_value,upi,True,373047.4,4,1,5
UNSEEN_CUST_01196,Oscar Sawhney,regular,upi,True,50844.52,4,0,4
UNSEEN_CUST_01197,Akshay Halder,regular,card,True,83559.24,2,0,2
UNSEEN_CUST_01198,Tamanna Vasa,regular,card,True,34889.97,0,1,1
UNSEEN_CUST_01199,Rachita Chaudhari,regular,card,True,65247.32,2,1,3
UNSEEN_CUST_01200,Advay Rajagopalan,high_value,upi,True,383171.22,4,0,4
UNSEEN_CUST_01201,Riya Bora,regular,upi,True,20968.29,3,0,3
UNSEEN_CUST_01202,Mugdha Seshadri,high_value,card,True,452024.41,4,0,4
UNSEEN_CUST_01203,Sanya Raman,regular,netbanking,False,95331.84,3,0,3
UNSEEN_CUST_01204,Matthew Chacko,regular,card,True,55980.19,1,1,2
UNSEEN_CUST_01205,Lohit Luthra,regular,netbanking,True,34573.6,1,1,2
UNSEEN_CUST_01206,Raagini Sarma,regular,upi,False,29607.94,3,0,3
UNSEEN_CUST_01207,Bhavna Roy,regular,upi,True,30178.55,1,0,1
UNSEEN_CUST_01208,Shaurya Sur,regular,netbanking,False,34436.79,0,0,0
UNSEEN_CUST_01209,Aarush Bobal,regular,upi,True,98862.2,1,0,1
UNSEEN_CUST_01210,Bhavani Guha,new,card,True,6410.3,2,0,2
UNSEEN_CUST_01211,Nikita Gulati,new,card,True,5587.75,4,2,6
UNSEEN_CUST_01212,Bimala Wagle,regular,card,True,97054.17,6,0,6
UNSEEN_CUST_01213,Tejas Prabhakar,regular,netbanking,True,37814.41,2,0,2
UNSEEN_CUST_01214,Rudra Narasimhan,regular,card,True,77461.5,2,0,2
UNSEEN_CUST_01215,Gagan Saini,regular,netbanking,True,28171.52,3,3,6
UNSEEN_CUST_01216,Ansh Bajaj,regular,card,True,66756.27,7,1,8
UNSEEN_CUST_01217,Bhavna Bansal,new,card,True,14332.97,1,2,3
UNSEEN_CUST_01218,Tejas Nazareth,regular,card,True,71374.51,4,1,5
UNSEEN_CUST_01219,Bimala Mitter,regular,upi,True,74528.62,2,1,3
UNSEEN_CUST_01220,Oscar Narasimhan,high_value,card,True,344775.42,5,0,5
UNSEEN_CUST_01221,Theodore Mutti,high_value,upi,True,356415.04,5,2,7
UNSEEN_CUST_01222,Shravya Dhingra,new,upi,False,2746.51,0,1,1
UNSEEN_CUST_01223,Vrinda Parsa,regular,upi,True,87135.41,3,0,3
UNSEEN_CUST_01224,Ria Iyengar,regular,upi,True,91197.32,3,2,5
UNSEEN_CUST_01225,Nirja Rama,high_value,netbanking,True,238739.83,3,0,3
UNSEEN_CUST_01226,Chasmum Sabharwal,regular,upi,True,89509.74,4,0,4
UNSEEN_CUST_01227,Raagini Arora,regular,upi,False,86598.72,3,0,3
UNSEEN_CUST_01228,Udant Bhardwaj,regular,upi,True,21212.81,4,0,4
UNSEEN_CUST_01229,Yutika Ghosh,regular,card,True,53567.24,1,1,2
UNSEEN_CUST_01230,Niharika Majumdar,regular,upi,True,72434.7,4,0,4
UNSEEN_CUST_01231,Ishaan Ramesh,regular,upi,True,39510.07,3,0,3
UNSEEN_CUST_01232,Rushil Bir,regular,upi,True,49836.59,5,0,5
UNSEEN_CUST_01233,Maanav Sibal,regular,upi,True,91824.84,5,0,5
UNSEEN_CUST_01234,Chakradev Narayanan,regular,upi,True,94074.7,3,1,4
UNSEEN_CUST_01235,Oeshi Palla,regular,upi,True,70478.01,4,0,4
UNSEEN_CUST_01236,Neelima Devan,regular,card,True,87383.27,3,0,3
UNSEEN_CUST_01237,Aadi Ghose,high_value,upi,True,219696.74,4,0,4
UNSEEN_CUST_01238,Zinal Bath,regular,upi,True,78358.45,3,1,4
UNSEEN_CUST_01239,Gaurika Mander,regular,upi,True,52624.64,2,2,4
UNSEEN_CUST_01240,Frederick Jhaveri,regular,netbanking,True,62599.14,2,0,2
UNSEEN_CUST_01241,Vihaan Hora,regular,upi,True,54401.5,5,2,7
UNSEEN_CUST_01242,Hemal Narain,regular,card,True,85967.62,4,2,6
UNSEEN_CUST_01243,Veda Kannan,regular,upi,True,56470.18,1,0,1
UNSEEN_CUST_01244,Lohit Kanda,regular,netbanking,True,39762.24,0,2,2
UNSEEN_CUST_01245,Falguni Jani,regular,card,True,33947.77,4,0,4
UNSEEN_CUST_01246,Jasmit Ganguly,regular,upi,True,20768.7,1,0,1
UNSEEN_CUST_01247,Vyanjana Agate,regular,card,True,24231.09,3,0,3
UNSEEN_CUST_01248,Ekalinga Suresh,regular,upi,True,93404.61,5,2,7
UNSEEN_CUST_01249,Advika Mody,regular,card,True,34454.6,0,0,0
UNSEEN_CUST_01250,Neha Patla,regular,upi,True,77204.82,2,2,4
UNSEEN_CUST_01251,Veda Kala,high_value,card,True,406352.92,3,0,3
UNSEEN_CUST_01252,Qarin Khanna,regular,upi,True,41115.93,4,0,4
UNSEEN_CUST_01253,Edhitha Dhar,new,card,True,14876.16,0,1,1
UNSEEN_CUST_01254,Jalsa Ram,regular,upi,True,53444.02,2,0,2
UNSEEN_CUST_01255,Adweta Doctor,regular,upi,True,92536.1,8,0,8
UNSEEN_CUST_01256,Devansh Sura,regular,netbanking,True,37807.46,1,1,2
UNSEEN_CUST_01257,Imaran Manda,new,card,True,8011.03,3,1,4
UNSEEN_CUST_01258,Meghana Gola,regular,netbanking,True,52535.15,5,0,5
UNSEEN_CUST_01259,Rachita Bedi,regular,upi,True,71311.38,2,0,2
UNSEEN_CUST_01260,Amaira Kumar,regular,upi,True,96014.05,4,1,5
UNSEEN_CUST_01261,Naksh Madan,high_value,upi,True,491959.42,2,1,3
UNSEEN_CUST_01262,Yoshita Varghese,regular,card,True,36492.12,1,0,1
UNSEEN_CUST_01263,Sai Thaker,regular,upi,True,96900.01,4,0,4
UNSEEN_CUST_01264,Tejas De,new,card,True,1812.22,0,3,3
UNSEEN_CUST_01265,Mohini Bhatt,regular,upi,True,60140.46,3,1,4
UNSEEN_CUST_01266,Geetika Dugal,regular,upi,True,36200.14,1,0,1
UNSEEN_CUST_01267,Imaran Saran,regular,upi,True,95032.48,7,0,7
UNSEEN_CUST_01268,Rishi Behl,regular,card,True,85980.74,1,0,1
UNSEEN_CUST_01269,Widisha Chaudry,regular,card,True,32840.26,1,1,2
UNSEEN_CUST_01270,Arya Setty,regular,netbanking,True,48171.97,5,0,5
UNSEEN_CUST_01271,Udyati Hayer,regular,upi,True,41469.88,2,2,4
UNSEEN_CUST_01272,Farhan D’Alia,regular,netbanking,True,82136.96,4,0,4
UNSEEN_CUST_01273,Nikita Sani,new,upi,True,19474.48,3,1,4
UNSEEN_CUST_01274,Ishwar Chada,regular,upi,True,78341.71,5,2,7
UNSEEN_CUST_01275,Hemang Savant,regular,card,False,99767.09,2,0,2
UNSEEN_CUST_01276,Hitesh Dora,new,upi,True,5276.59,2,1,3
UNSEEN_CUST_01277,Raksha Kade,regular,upi,True,88789.56,4,0,4
UNSEEN_CUST_01278,Jagdish Prasad,regular,upi,True,87546.88,2,0,2
UNSEEN_CUST_01279,Wahab Issac,regular,card,True,56948.2,1,0,1
UNSEEN_CUST_01280,Gautami Tata,regular,card,True,59627.76,3,2,5
UNSEEN_CUST_01281,Faraj Balasubramanian,regular,upi,True,70788.61,3,1,4
UNSEEN_CUST_01282,Balvan Rattan,regular,upi,True,91039.45,3,1,4
UNSEEN_CUST_01283,Mason Seshadri,regular,upi,True,29383.78,3,0,3
UNSEEN_CUST_01284,Ryan Dewan,regular,upi,True,54427.13,2,1,3
UNSEEN_CUST_01285,Nandini Agrawal,regular,card,True,64850.68,3,2,5
UNSEEN_CUST_01286,Chameli Walla,regular,upi,True,39499.35,2,0,2
UNSEEN_CUST_01287,Dipta Mani,regular,card,False,44593.55,4,1,5
UNSEEN_CUST_01288,David Lad,regular,upi,True,66983.73,5,1,6
UNSEEN_CUST_01289,Hemangini Kumer,regular,card,True,83643.47,2,0,2
UNSEEN_CUST_01290,Rudra Bath,regular,upi,True,63921.63,5,1,6
UNSEEN_CUST_01291,Utkarsh Oommen,regular,upi,True,43652.58,3,1,4
UNSEEN_CUST_01292,Vasatika Banerjee,regular,upi,True,56499.44,4,0,4
UNSEEN_CUST_01293,Imaran Doctor,new,upi,True,10088.21,0,3,3
UNSEEN_CUST_01294,Avi Seth,new,card,True,7079.74,3,0,3
UNSEEN_CUST_01295,Ladli Behl,regular,card,True,87049.62,9,0,9
UNSEEN_CUST_01296,Alexander Nagy,regular,card,True,50918.18,1,1,2
UNSEEN_CUST_01297,Amaira Ratti,regular,upi,True,57156.08,1,0,1
UNSEEN_CUST_01298,Sudiksha Parikh,regular,netbanking,True,73927.21,1,1,2
UNSEEN_CUST_01299,Ikshita Krishna,regular,upi,True,79185.05,4,0,4
UNSEEN_CUST_01300,Vedant Vasa,regular,upi,True,62637.85,4,1,5
UNSEEN_CUST_01301,Bhavna Bansal,new,netbanking,True,3890.06,3,1,4
UNSEEN_CUST_01302,Ranbir Mistry,regular,netbanking,False,94489.41,2,1,3
UNSEEN_CUST_01303,Pavani Comar,regular,card,True,34514.75,4,1,5
UNSEEN_CUST_01304,Jeet Brar,regular,upi,False,31549.22,4,1,5
UNSEEN_CUST_01305,Amaira Iyengar,regular,card,True,85421.81,3,0,3
UNSEEN_CUST_01306,Wakeeta Naik,new,upi,True,12918.76,1,1,2
UNSEEN_CUST_01307,Quincy Basak,regular,upi,True,36810.31,4,2,6
UNSEEN_CUST_01308,Fiyaz Patil,regular,card,True,67014.55,3,0,3
UNSEEN_CUST_01309,Tanay Mammen,regular,netbanking,True,82519.73,2,0,2
UNSEEN_CUST_01310,Rishi Lala,high_value,upi,True,269111.71,0,1,1
UNSEEN_CUST_01311,Ekiya Bobal,regular,netbanking,True,30879.23,4,0,4
UNSEEN_CUST_01312,Yug Malhotra,high_value,card,True,348106.72,2,0,2
UNSEEN_CUST_01313,Prisha Dewan,new,upi,True,17180.92,2,1,3
UNSEEN_CUST_01314,Radha Solanki,high_value,upi,True,441943.71,2,0,2
UNSEEN_CUST_01315,Zarna Nadkarni,regular,upi,False,86699.33,1,2,3
UNSEEN_CUST_01316,Warjas Dada,regular,upi,True,53967.5,3,1,4
UNSEEN_CUST_01317,Parth Pradhan,regular,upi,True,22796.65,3,1,4
UNSEEN_CUST_01318,Yashica Pandya,new,card,True,10720.3,1,0,1
UNSEEN_CUST_01319,William Bir,regular,card,True,40824.81,3,1,4
UNSEEN_CUST_01320,Caleb Dasgupta,regular,card,True,92741.58,6,3,9
UNSEEN_CUST_01321,Liam Mody,regular,upi,True,27793.19,8,1,9
UNSEEN_CUST_01322,Chandran De,high_value,netbanking,True,142611.85,3,0,3
UNSEEN_CUST_01323,Bakhshi Merchant,new,upi,True,9778.98,2,2,4
UNSEEN_CUST_01324,Ojas Bir,regular,card,True,84215.75,1,0,1
UNSEEN_CUST_01325,Abha Rajagopalan,regular,upi,True,35734.54,1,0,1
UNSEEN_CUST_01326,Wridesh Deep,regular,upi,True,63562.83,1,0,1
UNSEEN_CUST_01327,Upadhriti Chowdhury,regular,upi,False,70835.55,2,0,2
UNSEEN_CUST_01328,Manthan Wagle,regular,upi,True,35661.89,3,0,3
UNSEEN_CUST_01329,Quincy Bahri,regular,card,True,87168.44,3,2,5
UNSEEN_CUST_01330,Wahab Pillay,regular,upi,True,66409.15,2,0,2
UNSEEN_CUST_01331,Chaitaly Nagar,regular,netbanking,True,98663.48,2,2,4
UNSEEN_CUST_01332,Balhaar Sur,regular,upi,True,85560.85,3,1,4
UNSEEN_CUST_01333,Aarini Banik,regular,netbanking,True,39351.55,3,0,3
UNSEEN_CUST_01334,Naveen Savant,regular,upi,True,75133.82,2,1,3
UNSEEN_CUST_01335,Jatin Tandon,new,card,True,18602.85,0,3,3
UNSEEN_CUST_01336,Charvi Chahal,regular,upi,True,22585.03,1,0,1
UNSEEN_CUST_01337,Kritika Buch,regular,netbanking,True,21959.8,2,0,2
UNSEEN_CUST_01338,Lipika Savant,regular,upi,True,77781.83,3,2,5
UNSEEN_CUST_01339,Idika Puri,regular,card,True,95107.49,3,1,4
UNSEEN_CUST_01340,Inaya Konda,new,upi,True,1552.37,2,2,4
UNSEEN_CUST_01341,Manan Dey,new,upi,True,11273.55,3,0,3
UNSEEN_CUST_01342,Rayaan Arya,high_value,upi,True,185105.15,4,1,5
UNSEEN_CUST_01343,Kala Ramachandran,regular,upi,True,39992.11,0,1,1
UNSEEN_CUST_01344,Hiral Vora,regular,upi,True,47416.61,2,1,3
UNSEEN_CUST_01345,Maanav Nazareth,regular,upi,False,69908.61,1,0,1
UNSEEN_CUST_01346,Pahal Mannan,regular,card,True,75711.09,4,1,5
UNSEEN_CUST_01347,Anvi Misra,high_value,netbanking,True,274491.32,5,1,6
UNSEEN_CUST_01348,Chaman Dube,regular,card,True,48672.72,2,1,3
UNSEEN_CUST_01349,Diya Naik,new,upi,True,6730.99,5,3,8
UNSEEN_CUST_01350,Manan Sarma,high_value,upi,True,219356.2,6,0,6
UNSEEN_CUST_01351,Vinaya Choudhary,regular,card,True,24359.33,2,0,2
UNSEEN_CUST_01352,Krish Bains,high_value,card,True,273231.82,6,1,7
UNSEEN_CUST_01353,Wazir Purohit,regular,netbanking,True,63780.56,2,0,2
UNSEEN_CUST_01354,Anusha Prashad,regular,netbanking,True,44590.13,3,0,3
UNSEEN_CUST_01355,Finn Biswas,regular,netbanking,True,72979.45,1,0,1
UNSEEN_CUST_01356,Hemal Khosla,regular,card,True,56561.02,2,0,2
UNSEEN_CUST_01357,Ati Sidhu,high_value,netbanking,True,454500.5,1,3,4
UNSEEN_CUST_01358,Sudiksha Ganesan,regular,upi,True,58125.46,2,0,2
UNSEEN_CUST_01359,Chatresh Saxena,regular,card,True,98897.36,1,2,3
UNSEEN_CUST_01360,Amara Halder,regular,upi,True,39915.27,1,1,2
UNSEEN_CUST_01361,Ishaan Bhandari,high_value,upi,True,100391.86,2,0,2
UNSEEN_CUST_01362,Kevin Sur,regular,upi,True,68599.38,5,3,8
UNSEEN_CUST_01363,Bakhshi Shanker,regular,upi,True,90779.3,3,0,3
UNSEEN_CUST_01364,Sudiksha Hari,regular,upi,True,45168.44,1,0,1
UNSEEN_CUST_01365,Darsh Hayer,regular,upi,True,84575.46,1,0,1
UNSEEN_CUST_01366,Chatresh Rajagopalan,regular,card,True,85991.96,4,0,4
UNSEEN_CUST_01367,Keya Kothari,regular,netbanking,True,23157.03,3,0,3
UNSEEN_CUST_01368,Maya Sarraf,regular,upi,True,22153.48,1,1,2
UNSEEN_CUST_01369,Aadhya Gupta,high_value,netbanking,False,310602.38,4,0,4
UNSEEN_CUST_01370,Anay Mangat,regular,upi,True,84772.39,2,0,2
UNSEEN_CUST_01371,Gaurika Nagi,regular,upi,True,83200.46,4,0,4
UNSEEN_CUST_01372,Shaurya Lall,regular,upi,True,48546.93,2,1,3
UNSEEN_CUST_01373,Adya Ramachandran,regular,upi,False,27483.42,2,0,2
UNSEEN_CUST_01374,Anvi Sen,regular,upi,True,98823.6,3,1,4
UNSEEN_CUST_01375,Divya Dhar,regular,card,True,93277.71,1,0,1
UNSEEN_CUST_01376,Bhanumati Savant,regular,card,True,39063.6,2,1,3
UNSEEN_CUST_01377,Abhimanyu Handa,regular,upi,True,58413.23,0,0,0
UNSEEN_CUST_01378,Sathvik Khosla,high_value,card,True,357282.16,4,0,4
UNSEEN_CUST_01379,Wakeeta Zachariah,new,card,True,9641.28,0,3,3
UNSEEN_CUST_01380,Anvi Srivastava,regular,upi,True,99561.65,6,0,6
UNSEEN_CUST_01381,Baghyawati Sheth,new,upi,False,18258.77,5,0,5
UNSEEN_CUST_01382,Jai Dhaliwal,regular,netbanking,True,99867.0,4,0,4
UNSEEN_CUST_01383,Yachana Bhatti,regular,netbanking,True,27031.93,2,3,5
UNSEEN_CUST_01384,Elijah Sem,regular,upi,True,93317.21,3,0,3
UNSEEN_CUST_01385,Jonathan Dua,new,upi,True,11920.29,0,1,1
UNSEEN_CUST_01386,Samuel Loyal,regular,netbanking,False,89190.13,1,3,4
UNSEEN_CUST_01387,Zayyan Puri,regular,netbanking,True,51574.62,1,0,1
UNSEEN_CUST_01388,Zarna Apte,regular,netbanking,True,56016.48,3,1,4
UNSEEN_CUST_01389,Reyansh Pai,regular,upi,True,88651.41,0,2,2
UNSEEN_CUST_01390,Dalbir Sarna,regular,card,False,41283.66,1,0,1
UNSEEN_CUST_01391,Sudiksha Kuruvilla,regular,upi,True,66241.5,5,0,5
UNSEEN_CUST_01392,Noah Ganesh,regular,upi,True,82372.32,6,1,7
UNSEEN_CUST_01393,Aarna Sur,regular,upi,True,63735.02,3,0,3
UNSEEN_CUST_01394,Jagrati Mall,regular,card,True,44548.74,4,2,6
UNSEEN_CUST_01395,Aishani Narayan,new,netbanking,True,4410.15,2,1,3
UNSEEN_CUST_01396,Geetika Lad,regular,card,True,97912.39,4,2,6
UNSEEN_CUST_01397,Ayushman Karnik,regular,netbanking,True,26774.0,5,0,5
UNSEEN_CUST_01398,Ekapad Venkatesh,regular,upi,True,51573.55,0,0,0
UNSEEN_CUST_01399,Vedika Lad,regular,upi,True,65680.3,7,2,9
UNSEEN_CUST_01400,Bimala Date,regular,card,True,51803.26,2,0,2
UNSEEN_CUST_01401,Vasatika Dora,high_value,upi,True,311594.42,2,0,2
UNSEEN_CUST_01402,Bhavika Krish,regular,upi,True,76018.26,4,0,4
UNSEEN_CUST_01403,Girik Saini,new,netbanking,True,7950.61,2,0,2
UNSEEN_CUST_01404,Maanav Kaul,regular,upi,True,80029.16,3,1,4
UNSEEN_CUST_01405,Ridhi Bali,regular,netbanking,True,67365.65,3,1,4
UNSEEN_CUST_01406,Ati Mani,regular,upi,True,58729.64,3,0,3
UNSEEN_CUST_01407,Yug Lad,regular,netbanking,True,41430.89,3,0,3
UNSEEN_CUST_01408,Sachi Viswanathan,high_value,upi,True,118826.93,1,0,1
UNSEEN_CUST_01409,Ayaan Tella,regular,upi,True,61108.3,4,0,4
UNSEEN_CUST_01410,Niharika Manne,regular,card,True,21597.8,1,1,2
UNSEEN_CUST_01411,Yashawini Hayre,high_value,upi,True,319958.51,3,0,3
UNSEEN_CUST_01412,Ikshita Bhalla,new,upi,True,4928.29,1,0,1
UNSEEN_CUST_01413,Samesh Sekhon,regular,card,True,52423.69,3,0,3
UNSEEN_CUST_01414,Rajata Contractor,high_value,upi,True,115576.57,1,0,1
UNSEEN_CUST_01415,Anamika Vyas,high_value,netbanking,True,356157.21,5,0,5
UNSEEN_CUST_01416,Garima Saraf,regular,card,True,78366.6,3,1,4
UNSEEN_CUST_01417,Fariq Kala,regular,card,True,47826.03,3,1,4
UNSEEN_CUST_01418,Dalaja Gade,new,upi,True,3991.86,4,4,8
UNSEEN_CUST_01419,Lopa Kohli,regular,upi,False,20608.08,1,0,1
UNSEEN_CUST_01420,Saumya Gole,regular,card,True,94174.87,3,0,3
UNSEEN_CUST_01421,Chandran Khurana,regular,upi,True,39688.25,5,1,6
UNSEEN_CUST_01422,Rohan Jain,regular,netbanking,True,28494.45,0,0,0
UNSEEN_CUST_01423,Ekani Prabhakar,regular,upi,True,78320.5,1,0,1
UNSEEN_CUST_01424,Saanvi Warrior,regular,card,True,88791.0,4,1,5
UNSEEN_CUST_01425,Jason Choudhury,high_value,upi,True,459251.58,1,1,2
UNSEEN_CUST_01426,Ridhi Banerjee,regular,card,True,42489.06,1,1,2
UNSEEN_CUST_01427,Nandini Bhalla,new,upi,True,19394.42,1,4,5
UNSEEN_CUST_01428,Ojasvi Divan,regular,upi,True,20695.72,4,0,4
UNSEEN_CUST_01429,Anita Roy,high_value,card,True,121307.82,4,0,4
UNSEEN_CUST_01430,Chatresh Halder,new,netbanking,True,15335.96,2,3,5
UNSEEN_CUST_01431,Yasti Khare,regular,upi,True,66234.45,2,2,4
UNSEEN_CUST_01432,Jairaj Baria,regular,netbanking,True,37921.21,6,0,6
UNSEEN_CUST_01433,Eiravati Oommen,new,upi,True,6236.55,1,4,5
UNSEEN_CUST_01434,Ekani Gour,regular,card,False,61969.88,2,0,2
UNSEEN_CUST_01435,Indira Kant,regular,card,True,52742.07,3,0,3
UNSEEN_CUST_01436,Utkarsh Dugal,regular,upi,True,83766.08,0,0,0
UNSEEN_CUST_01437,Faris Pal,high_value,card,True,247645.23,2,0,2
UNSEEN_CUST_01438,Ayushman Kurian,regular,upi,True,60572.68,3,1,4
UNSEEN_CUST_01439,Janaki Kuruvilla,regular,upi,True,59419.89,4,0,4
UNSEEN_CUST_01440,Avni Bobal,regular,card,False,70650.37,5,0,5
UNSEEN_CUST_01441,Adya Subramaniam,regular,card,True,82572.51,2,0,2
UNSEEN_CUST_01442,Samuel Kapoor,regular,upi,True,52970.37,5,0,5
UNSEEN_CUST_01443,Ishita Mahajan,high_value,card,True,473513.46,2,1,3
UNSEEN_CUST_01444,Gautam Raju,high_value,upi,True,193631.74,6,0,6
UNSEEN_CUST_01445,Faqid Chatterjee,new,card,True,17082.78,3,1,4
UNSEEN_CUST_01446,Brijesh Sethi,regular,netbanking,True,55021.59,2,1,3
UNSEEN_CUST_01447,Vanya Ranganathan,regular,upi,True,89359.99,1,3,4
UNSEEN_CUST_01448,Yash Chawla,regular,upi,True,66776.03,1,3,4
UNSEEN_CUST_01449,Agastya Deep,regular,card,True,36613.0,5,1,6
UNSEEN_CUST_01450,Advik Iyengar,regular,card,True,90641.22,3,0,3
UNSEEN_CUST_01451,Yashodhara Bail,high_value,upi,True,418801.28,4,0,4
UNSEEN_CUST_01452,Darpan Krishnamurthy,new,upi,True,9294.17,2,0,2
UNSEEN_CUST_01453,Meera Sidhu,regular,upi,True,31329.93,5,0,5
UNSEEN_CUST_01454,Lavanya Aurora,regular,upi,True,27486.65,3,1,4
UNSEEN_CUST_01455,Mitali Saha,regular,card,True,58722.98,3,0,3
UNSEEN_CUST_01456,Dayamai Chad,new,upi,True,11740.54,3,2,5
UNSEEN_CUST_01457,Kalpit Padmanabhan,regular,card,True,52031.41,3,1,4
UNSEEN_CUST_01458,Raksha Yohannan,regular,card,True,21567.11,5,0,5
UNSEEN_CUST_01459,Teerth Balan,regular,card,True,98217.89,3,0,3
UNSEEN_CUST_01460,Yasti Ganesan,regular,netbanking,True,92445.98,2,1,3
UNSEEN_CUST_01461,Caleb Luthra,regular,upi,True,23737.89,4,0,4
UNSEEN_CUST_01462,Raksha Mander,regular,netbanking,True,27858.98,2,2,4
UNSEEN_CUST_01463,Anika Garde,regular,netbanking,True,93061.6,4,0,4
UNSEEN_CUST_01464,Dominic Narang,high_value,upi,True,121132.48,2,1,3
UNSEEN_CUST_01465,Vasatika Verma,regular,card,True,95573.5,4,0,4
UNSEEN_CUST_01466,Ishita Jhaveri,regular,upi,True,79173.74,3,1,4
UNSEEN_CUST_01467,Yatin Parmar,regular,card,True,52205.3,3,1,4
UNSEEN_CUST_01468,Max Purohit,high_value,upi,True,180828.41,1,0,1
UNSEEN_CUST_01469,Om Mitra,new,netbanking,True,1931.39,4,0,4
UNSEEN_CUST_01470,Gaurav Ganesh,new,upi,True,18856.95,4,1,5
UNSEEN_CUST_01471,Manbir Dugal,regular,upi,False,87047.46,1,0,1
UNSEEN_CUST_01472,Liam Venkatesh,regular,netbanking,True,23997.03,0,0,0
UNSEEN_CUST_01473,Hemal Deshpande,high_value,upi,True,193402.66,2,4,6
UNSEEN_CUST_01474,Ryan Mohanty,regular,upi,True,40630.14,3,0,3
UNSEEN_CUST_01475,Ojasvi Salvi,regular,card,True,68182.92,0,0,0
UNSEEN_CUST_01476,Ishanvi Grover,regular,upi,True,52067.6,2,0,2
UNSEEN_CUST_01477,Jagat Anand,regular,card,True,78079.76,2,0,2
UNSEEN_CUST_01478,Hiral Ganesan,high_value,card,True,309976.05,1,0,1
UNSEEN_CUST_01479,Inaya Bhatia,regular,upi,True,63568.88,3,0,3
UNSEEN_CUST_01480,Guneet Shere,regular,netbanking,True,86299.77,4,1,5
UNSEEN_CUST_01481,Udarsh Nayar,regular,upi,True,98618.67,1,0,1
UNSEEN_CUST_01482,Jonathan Sanghvi,regular,card,False,55812.56,3,0,3
UNSEEN_CUST_01483,Maanas Saxena,regular,upi,True,56347.65,4,0,4
UNSEEN_CUST_01484,Veda Padmanabhan,regular,card,True,94914.7,3,2,5
UNSEEN_CUST_01485,Caleb Ben,regular,upi,True,81486.83,2,0,2
UNSEEN_CUST_01486,Yashica Garde,new,netbanking,True,12993.26,1,1,2
UNSEEN_CUST_01487,Laban Narayanan,high_value,card,True,484973.86,2,0,2
UNSEEN_CUST_01488,Ijaya Dani,regular,netbanking,True,30006.81,4,0,4
UNSEEN_CUST_01489,Anita Tank,regular,card,True,67051.31,3,1,4
UNSEEN_CUST_01490,Vihaan Rao,regular,upi,True,42310.71,2,0,2
UNSEEN_CUST_01491,Qadim Kohli,regular,upi,True,75078.18,2,1,3
UNSEEN_CUST_01492,Xalak Guha,regular,upi,True,55279.03,2,2,4
UNSEEN_CUST_01493,Yash Kurian,new,netbanking,True,1858.69,1,1,2
UNSEEN_CUST_01494,Aradhana Menon,regular,upi,True,85500.04,2,0,2
UNSEEN_CUST_01495,Theodore Divan,regular,upi,True,96644.81,7,1,8
UNSEEN_CUST_01496,Hemal Arya,new,upi,False,12737.26,5,1,6
UNSEEN_CUST_01497,Frederick Johal,new,upi,False,7438.21,3,0,3
UNSEEN_CUST_01498,Frado Andra,high_value,upi,True,115733.32,6,0,6
UNSEEN_CUST_01499,Isha Thaman,regular,card,True,91347.42,4,2,6
UNSEEN_CUST_01500,Jyoti Pingle,regular,upi,True,38246.61,4,0,4
UNSEEN_CUST_01501,Bachittar Saini,regular,upi,True,79283.88,1,1,2
UNSEEN_CUST_01502,Vyanjana Madan,regular,upi,True,34025.61,2,2,4
UNSEEN_CUST_01503,Bhavna Raj,regular,upi,False,23725.63,1,1,2
UNSEEN_CUST_01504,Vasatika Madan,regular,upi,True,93778.96,5,0,5
UNSEEN_CUST_01505,Thomas Kari,regular,upi,True,83709.9,4,1,5
UNSEEN_CUST_01506,Balveer Oommen,regular,upi,True,41827.27,3,0,3
UNSEEN_CUST_01507,Nisha Bhardwaj,regular,upi,True,33333.96,1,1,2
UNSEEN_CUST_01508,Ojasvi Dixit,regular,upi,True,47213.56,4,2,6
UNSEEN_CUST_01509,Vrishti Merchant,regular,card,True,71457.4,4,1,5
UNSEEN_CUST_01510,Zilmil Dugal,regular,card,True,53465.09,9,1,10
UNSEEN_CUST_01511,Yashvi Chada,regular,upi,True,83480.02,1,2,3
UNSEEN_CUST_01512,Imaran Dewan,new,card,True,6060.18,2,2,4
UNSEEN_CUST_01513,Vritti Dhaliwal,regular,card,True,60431.1,1,0,1
UNSEEN_CUST_01514,Kamala Mukhopadhyay,new,card,True,9541.18,4,0,4
UNSEEN_CUST_01515,Adweta Kade,new,card,True,5164.88,6,2,8
UNSEEN_CUST_01516,Tarak Chakraborty,regular,card,True,91965.67,3,1,4
UNSEEN_CUST_01517,Vedika Setty,high_value,upi,True,417138.31,2,2,4
UNSEEN_CUST_01518,Atharv Choudhary,regular,upi,True,47012.94,5,1,6
UNSEEN_CUST_01519,Oni Randhawa,regular,upi,True,43430.61,2,1,3
UNSEEN_CUST_01520,Sai Deo,regular,card,True,58702.18,4,0,4
UNSEEN_CUST_01521,Farhan Iyengar,regular,card,False,59664.6,3,1,4
UNSEEN_CUST_01522,Fiyaz Sule,regular,upi,True,87618.05,4,0,4
UNSEEN_CUST_01523,Watika Rao,regular,card,True,43361.74,6,0,6
UNSEEN_CUST_01524,Abeer Kunda,regular,card,True,51571.19,3,0,3
UNSEEN_CUST_01525,Damini Edwin,high_value,upi,True,304032.57,2,0,2
UNSEEN_CUST_01526,Lavanya Balakrishnan,high_value,upi,True,395163.09,5,0,5
UNSEEN_CUST_01527,Kavya Ratta,regular,netbanking,True,66505.93,2,1,3
UNSEEN_CUST_01528,Ridhi Boase,regular,upi,True,29634.6,5,0,5
UNSEEN_CUST_01529,Isaiah Bali,regular,netbanking,True,39852.11,2,1,3
UNSEEN_CUST_01530,Viraj Datta,regular,netbanking,True,28286.12,1,1,2
UNSEEN_CUST_01531,Chavvi Nagarajan,regular,upi,True,81555.64,1,0,1
UNSEEN_CUST_01532,Naveen Amble,regular,upi,True,96946.48,2,1,3
UNSEEN_CUST_01533,Azad Rao,regular,netbanking,True,71435.52,0,0,0
UNSEEN_CUST_01534,Upkaar Memon,regular,card,True,98567.03,2,1,3
UNSEEN_CUST_01535,Sachi Chahal,regular,card,True,70723.14,3,0,3
UNSEEN_CUST_01536,Ishita Bahri,regular,upi,True,60301.78,3,0,3
UNSEEN_CUST_01537,Ira Brar,new,netbanking,True,12512.72,2,2,4
UNSEEN_CUST_01538,Vasudha Pall,regular,upi,True,72950.3,1,2,3
UNSEEN_CUST_01539,Diya Upadhyay,regular,card,True,67621.75,4,0,4
UNSEEN_CUST_01540,Balvan Dalal,regular,card,True,24661.05,2,1,3
UNSEEN_CUST_01541,Bhavani Varkey,new,upi,True,1751.04,1,1,2
UNSEEN_CUST_01542,Warjas Barad,new,upi,True,14299.8,3,1,4
UNSEEN_CUST_01543,Faris Narasimhan,regular,card,True,81378.2,5,1,6
UNSEEN_CUST_01544,Ekani Nanda,high_value,netbanking,True,131891.98,6,0,6
UNSEEN_CUST_01545,Nachiket Kant,regular,card,True,23116.42,1,0,1
UNSEEN_CUST_01546,Aarini Datta,regular,card,True,57126.03,4,0,4
UNSEEN_CUST_01547,Leena Aggarwal,high_value,card,True,224499.56,2,0,2
UNSEEN_CUST_01548,Abhiram Mangat,new,upi,True,14962.07,0,2,2
UNSEEN_CUST_01549,Naveen Dass,new,card,True,2143.39,1,1,2
UNSEEN_CUST_01550,Damini Grewal,regular,upi,False,70559.22,1,1,2
UNSEEN_CUST_01551,Upkaar Kota,new,upi,True,4060.37,2,0,2
UNSEEN_CUST_01552,Girish More,regular,card,True,26147.89,4,1,5
UNSEEN_CUST_01553,Logan Narayan,regular,upi,True,66038.35,2,0,2
UNSEEN_CUST_01554,Akshay Agarwal,regular,netbanking,True,97170.24,2,0,2
UNSEEN_CUST_01555,Saumya Singhal,new,upi,True,4033.06,1,0,1
UNSEEN_CUST_01556,Wakeeta Sem,regular,card,True,50243.79,3,1,4
UNSEEN_CUST_01557,Manthan Prabhu,regular,card,True,41869.03,1,0,1
UNSEEN_CUST_01558,Dayamai Bhagat,high_value,upi,True,358640.27,5,0,5
UNSEEN_CUST_01559,Imaran Borra,regular,card,True,61586.41,7,1,8
UNSEEN_CUST_01560,Zaid Nagarajan,regular,card,True,45903.3,4,1,5
UNSEEN_CUST_01561,Yash Dey,regular,netbanking,True,78241.06,5,1,6
UNSEEN_CUST_01562,Varenya Chakrabarti,high_value,netbanking,True,251063.87,3,0,3
UNSEEN_CUST_01563,Jackson Dua,regular,upi,True,40931.88,1,0,1
UNSEEN_CUST_01564,Eiravati Lad,regular,netbanking,True,33338.77,5,2,7
UNSEEN_CUST_01565,Omaja Shenoy,new,netbanking,True,6262.13,3,1,4
UNSEEN_CUST_01566,Amrita Bassi,regular,upi,True,35924.86,3,1,4
UNSEEN_CUST_01567,Devika Reddy,new,upi,True,4485.67,5,1,6
UNSEEN_CUST_01568,Mohammed Sinha,regular,card,True,22872.19,1,2,3
UNSEEN_CUST_01569,Ekaraj Kashyap,regular,upi,True,67969.03,2,0,2
UNSEEN_CUST_01570,Aradhana Nagi,high_value,upi,True,128757.45,0,1,1
UNSEEN_CUST_01571,Ekalinga Baral,regular,upi,True,41218.02,3,0,3
UNSEEN_CUST_01572,Girish Wason,regular,netbanking,True,27643.78,5,0,5
UNSEEN_CUST_01573,Jonathan Dani,new,card,True,13980.44,3,1,4
UNSEEN_CUST_01574,Ekbal Palla,regular,card,True,37438.31,2,1,3
UNSEEN_CUST_01575,Aarna Zachariah,high_value,netbanking,True,246751.85,3,0,3
UNSEEN_CUST_01576,Victor Gopal,regular,card,True,87759.9,4,0,4
UNSEEN_CUST_01577,Samuel Soman,regular,upi,True,42803.89,5,0,5
UNSEEN_CUST_01578,Zaid Kalla,regular,card,True,97075.2,6,0,6
UNSEEN_CUST_01579,Yashvi Comar,regular,card,True,30436.07,4,0,4
UNSEEN_CUST_01580,Kritika Yadav,regular,netbanking,True,94946.56,4,0,4
UNSEEN_CUST_01581,Maanas Chaudhari,regular,upi,False,94130.67,4,0,4
UNSEEN_CUST_01582,Falak Ram,high_value,upi,True,369112.69,2,1,3
UNSEEN_CUST_01583,Bhavini Raja,new,netbanking,True,19073.13,2,2,4
UNSEEN_CUST_01584,Kala Sekhon,high_value,upi,True,210396.59,5,0,5
UNSEEN_CUST_01585,Ira Bhat,high_value,card,True,353728.25,5,1,6
UNSEEN_CUST_01586,Aarav Dey,regular,card,True,95777.56,3,1,4
UNSEEN_CUST_01587,Neha Raman,new,netbanking,True,17288.39,5,1,6
UNSEEN_CUST_01588,Chameli Ramaswamy,regular,upi,True,84106.48,3,0,3
UNSEEN_CUST_01589,Finn Aggarwal,regular,upi,True,70807.82,2,2,4
UNSEEN_CUST_01590,Hemani Bumb,regular,upi,True,23823.04,7,2,9
UNSEEN_CUST_01591,Wazir Lad,regular,upi,True,95442.04,5,0,5
UNSEEN_CUST_01592,Jagat Rastogi,new,card,True,9737.45,2,0,2
UNSEEN_CUST_01593,Tarak Khosla,new,upi,True,18600.11,5,1,6
UNSEEN_CUST_01594,Chaitaly Nayar,new,card,True,5750.97,3,2,5
UNSEEN_CUST_01595,Aditya Rau,regular,card,True,34007.59,4,0,4
UNSEEN_CUST_01596,Neelima Chatterjee,regular,upi,True,38558.02,3,0,3
UNSEEN_CUST_01597,Chameli Sarin,regular,netbanking,True,69701.29,2,1,3
UNSEEN_CUST_01598,Hredhaan Tata,regular,upi,True,90049.01,2,0,2
UNSEEN_CUST_01599,Niharika Wali,high_value,upi,True,233540.93,0,0,0
UNSEEN_CUST_01600,Liam Reddy,regular,card,True,96038.28,1,1,2
UNSEEN_CUST_01601,Ekanta Balasubramanian,regular,upi,True,74645.62,0,0,0
UNSEEN_CUST_01602,Chaman Kaul,regular,card,True,64497.8,3,2,5
UNSEEN_CUST_01603,Adweta Jha,regular,upi,True,55985.06,2,3,5
UNSEEN_CUST_01604,Anya Cheema,regular,card,True,58216.88,2,0,2
UNSEEN_CUST_01605,Yadavi Ganguly,high_value,upi,True,352024.84,7,2,9
UNSEEN_CUST_01606,Benjamin Shukla,high_value,card,True,147462.56,2,1,3
UNSEEN_CUST_01607,Oliver Sagar,regular,upi,True,57317.54,3,0,3
UNSEEN_CUST_01608,Indira Sama,regular,upi,True,78402.2,1,2,3
UNSEEN_CUST_01609,Luke Dua,regular,card,True,75567.6,3,1,4
UNSEEN_CUST_01610,Arunima Karpe,regular,netbanking,True,36125.88,1,0,1
UNSEEN_CUST_01611,Yash Chaudhry,high_value,netbanking,False,359302.82,3,0,3
UNSEEN_CUST_01612,Tamanna Bajaj,regular,upi,True,63504.48,3,0,3
UNSEEN_CUST_01613,Balhaar Jhaveri,regular,upi,False,75988.86,3,1,4
UNSEEN_CUST_01614,Ranveer Wali,new,upi,True,13692.62,3,0,3
UNSEEN_CUST_01615,Ijaya Agate,regular,upi,True,21672.13,2,0,2
UNSEEN_CUST_01616,Oviya Gola,regular,card,True,96245.24,5,2,7
UNSEEN_CUST_01617,Jeremiah Tara,regular,upi,True,23957.45,2,1,3
UNSEEN_CUST_01618,Owen Mandal,regular,upi,True,31991.05,1,0,1
UNSEEN_CUST_01619,Xalak Andra,regular,card,True,53643.83,6,0,6
UNSEEN_CUST_01620,Manthan Dhillon,new,upi,True,7245.35,6,2,8
UNSEEN_CUST_01621,Pranav Raval,regular,upi,True,65290.04,3,1,4
UNSEEN_CUST_01622,Yoshita Gill,regular,netbanking,True,57876.61,8,0,8
UNSEEN_CUST_01623,Naksh Dass,high_value,upi,True,293513.68,5,1,6
UNSEEN_CUST_01624,Lakshit Issac,regular,upi,True,63087.55,0,1,1
UNSEEN_CUST_01625,Yashvi Khare,new,upi,True,18196.83,0,0,0
UNSEEN_CUST_01626,Omaja Dada,new,upi,True,12708.21,3,0,3
UNSEEN_CUST_01627,Aarnav Sarna,regular,card,True,72745.67,2,1,3
UNSEEN_CUST_01628,Vedhika Mandal,high_value,card,True,430407.08,1,0,1
UNSEEN_CUST_01629,Kai Dubey,new,upi,True,12402.94,2,1,3
UNSEEN_CUST_01630,Dominic Keer,regular,card,True,62806.35,1,1,2
UNSEEN_CUST_01631,Ria More,regular,card,True,34053.1,1,0,1
UNSEEN_CUST_01632,Samuel Batra,regular,card,True,60750.61,3,1,4
UNSEEN_CUST_01633,Hemang Grover,new,card,True,15173.46,1,0,1
UNSEEN_CUST_01634,Ijaya Chatterjee,regular,netbanking,True,41842.08,1,0,1
UNSEEN_CUST_01635,Christopher Tailor,regular,upi,True,22082.17,5,3,8
UNSEEN_CUST_01636,Quincy Bal,high_value,upi,True,140678.97,2,1,3
UNSEEN_CUST_01637,Girik Ramesh,regular,upi,True,68943.92,3,1,4
UNSEEN_CUST_01638,Advaith Khare,regular,card,True,88275.31,3,1,4
UNSEEN_CUST_01639,Kevin Narula,regular,upi,True,36856.12,3,2,5
UNSEEN_CUST_01640,Wazir Verma,regular,upi,True,52130.14,3,0,3
UNSEEN_CUST_01641,Mason Hans,regular,upi,True,66167.55,7,0,7
UNSEEN_CUST_01642,Ekta Bhavsar,regular,card,True,59277.56,1,0,1
UNSEEN_CUST_01643,Oliver Oza,regular,card,True,57855.83,3,0,3
UNSEEN_CUST_01644,Geetika Nigam,high_value,upi,True,152707.45,1,1,2
UNSEEN_CUST_01645,Urishilla Bora,regular,card,True,31642.84,4,1,5
UNSEEN_CUST_01646,Vedant Bhavsar,new,upi,True,14780.14,2,2,4
UNSEEN_CUST_01647,Diya Bali,regular,upi,True,42171.32,4,0,4
UNSEEN_CUST_01648,Priya Kota,regular,card,True,46030.46,1,2,3
UNSEEN_CUST_01649,Faraj Nagy,regular,card,True,23908.49,3,0,3
UNSEEN_CUST_01650,Oviya Venkataraman,regular,upi,True,22943.91,4,1,5
UNSEEN_CUST_01651,Inaya Ratta,regular,card,True,82166.54,4,0,4
UNSEEN_CUST_01652,Mohammed Sharma,regular,upi,True,48602.34,4,0,4
UNSEEN_CUST_01653,Logan Malhotra,high_value,upi,True,177674.78,1,0,1
UNSEEN_CUST_01654,Samarth Pandit,regular,card,True,92741.09,1,1,2
UNSEEN_CUST_01655,Aadhya Gole,regular,netbanking,True,56715.0,5,0,5
UNSEEN_CUST_01656,Xalak Arya,regular,upi,True,91979.01,2,1,3
UNSEEN_CUST_01657,Nimrat Karnik,regular,netbanking,True,38313.47,2,0,2
UNSEEN_CUST_01658,Jagdish Mitter,high_value,card,False,386517.06,4,1,5
UNSEEN_CUST_01659,Deepa Balakrishnan,regular,upi,True,58347.68,0,1,1
UNSEEN_CUST_01660,Ekbal Singhal,regular,card,True,36550.19,2,0,2
UNSEEN_CUST_01661,Farhan Chacko,regular,card,True,49797.11,3,3,6
UNSEEN_CUST_01662,Pavani Korpal,regular,upi,True,23932.55,4,2,6
UNSEEN_CUST_01663,Rachita Pathak,high_value,upi,True,377882.52,3,0,3
UNSEEN_CUST_01664,Upadhriti Bains,regular,upi,True,25116.37,2,1,3
UNSEEN_CUST_01665,Rudra Sachar,regular,netbanking,True,28343.23,2,1,3
UNSEEN_CUST_01666,Oviya Parekh,regular,upi,True,34397.21,3,1,4
UNSEEN_CUST_01667,Ojas Choudhury,new,upi,True,4508.88,4,0,4
UNSEEN_CUST_01668,Wridesh Varghese,regular,netbanking,True,83533.61,2,0,2
UNSEEN_CUST_01669,Vinaya Salvi,new,upi,True,10914.13,0,0,0
UNSEEN_CUST_01670,Wriddhish Upadhyay,regular,card,True,74708.64,3,0,3
UNSEEN_CUST_01671,Michael Purohit,regular,card,True,22184.94,2,0,2
UNSEEN_CUST_01672,Tanay Walia,high_value,upi,True,452309.44,1,1,2
UNSEEN_CUST_01673,Radha Jani,regular,upi,True,85188.35,2,0,2
UNSEEN_CUST_01674,Ekapad Mody,regular,upi,True,58650.49,2,1,3
UNSEEN_CUST_01675,Rayaan D’Alia,regular,card,False,31390.94,3,0,3
UNSEEN_CUST_01676,Banjeet Venkatesh,high_value,upi,True,213090.89,1,0,1
UNSEEN_CUST_01677,Utkarsh Desai,regular,upi,True,44174.31,2,1,3
UNSEEN_CUST_01678,Matthew Konda,regular,upi,True,42711.46,2,1,3
UNSEEN_CUST_01679,Henry Karan,new,upi,True,6794.93,1,1,2
UNSEEN_CUST_01680,Dhriti Pai,new,card,True,16636.89,4,0,4
UNSEEN_CUST_01681,Mitali Balan,regular,netbanking,True,24430.2,3,1,4
UNSEEN_CUST_01682,Madhav Boase,high_value,upi,True,366376.45,1,0,1
UNSEEN_CUST_01683,Urvi Kapoor,high_value,card,True,299468.9,2,1,3
UNSEEN_CUST_01684,Ranbir Wagle,regular,card,True,94554.74,2,2,4
UNSEEN_CUST_01685,Ikbal Ganguly,regular,card,True,51783.31,7,2,9
UNSEEN_CUST_01686,Ubika Ramachandran,regular,card,True,54786.75,3,2,5
UNSEEN_CUST_01687,Ekbal Ramanathan,regular,netbanking,False,68355.42,3,0,3
UNSEEN_CUST_01688,Yamini Dhar,new,card,True,9586.16,3,1,4
UNSEEN_CUST_01689,Nitara Nair,regular,upi,True,51489.46,3,0,3
UNSEEN_CUST_01690,Rohan Sanghvi,regular,upi,True,47384.05,2,1,3
UNSEEN_CUST_01691,Aradhana Samra,regular,netbanking,True,72833.3,2,0,2
UNSEEN_CUST_01692,Harish Loyal,high_value,upi,True,115783.03,7,0,7
UNSEEN_CUST_01693,Vyanjana Bora,regular,upi,True,22570.49,1,2,3
UNSEEN_CUST_01694,Chandran Khurana,high_value,upi,True,444254.04,7,1,8
UNSEEN_CUST_01695,Ayaan Badal,new,netbanking,True,15086.25,2,1,3
UNSEEN_CUST_01696,Finn Dhingra,regular,netbanking,True,21591.09,1,1,2
UNSEEN_CUST_01697,Inaya Raghavan,regular,upi,True,54591.5,3,2,5
UNSEEN_CUST_01698,Balveer Bhasin,high_value,upi,True,243008.81,4,0,4
UNSEEN_CUST_01699,Omisha Raghavan,regular,upi,True,99333.69,4,0,4
UNSEEN_CUST_01700,Daniel Sekhon,regular,upi,True,64063.52,2,0,2
UNSEEN_CUST_01701,Ubika Sharma,high_value,card,True,323293.94,2,0,2
UNSEEN_CUST_01702,Benjamin Kanda,regular,upi,True,33381.57,0,1,1
UNSEEN_CUST_01703,Manya Sodhi,regular,upi,True,80600.81,1,0,1
UNSEEN_CUST_01704,Maya Dada,regular,upi,True,24172.51,6,0,6
UNSEEN_CUST_01705,Devansh Palla,regular,card,True,22770.57,3,2,5
UNSEEN_CUST_01706,Bhavika Tiwari,regular,upi,True,84192.88,3,1,4
UNSEEN_CUST_01707,Omisha Suri,new,upi,True,18959.89,2,1,3
UNSEEN_CUST_01708,Udarsh Chaudhuri,regular,upi,True,25083.86,3,1,4
UNSEEN_CUST_01709,Advik Rajagopalan,high_value,card,True,201765.73,5,1,6
UNSEEN_CUST_01710,Raghav Gara,regular,card,True,63823.52,2,0,2
UNSEEN_CUST_01711,Divya Koshy,regular,netbanking,False,58740.99,3,0,3
UNSEEN_CUST_01712,Triveni Pandey,regular,upi,False,78716.3,3,0,3
UNSEEN_CUST_01713,Madhav Ratta,high_value,card,True,357238.12,2,0,2
UNSEEN_CUST_01714,Ubika Sanghvi,regular,card,True,67821.1,4,0,4
UNSEEN_CUST_01715,Rachit Walia,regular,upi,True,74461.54,6,2,8
UNSEEN_CUST_01716,Sara Dyal,regular,card,True,90978.67,2,1,3
UNSEEN_CUST_01717,Krishna Badal,regular,upi,True,60012.73,3,1,4
UNSEEN_CUST_01718,Janani Boase,regular,upi,False,43193.04,1,0,1
UNSEEN_CUST_01719,Oliver Khatri,regular,upi,True,57397.32,3,0,3
UNSEEN_CUST_01720,Fiyaz Wali,regular,card,True,73245.02,4,1,5
UNSEEN_CUST_01721,Baljiwan Nori,regular,upi,True,47852.5,4,2,6
UNSEEN_CUST_01722,Om Parsa,regular,netbanking,True,97031.15,3,2,5
UNSEEN_CUST_01723,Janani Agate,regular,upi,True,34207.15,0,1,1
UNSEEN_CUST_01724,Jason Rao,regular,upi,True,24885.15,2,1,3
UNSEEN_CUST_01725,Qarin Sangha,regular,card,True,79180.96,3,1,4
UNSEEN_CUST_01726,Sara Cheema,regular,upi,True,48593.19,3,1,4
UNSEEN_CUST_01727,Udarsh Rai,new,upi,True,17336.88,2,4,6
UNSEEN_CUST_01728,Ojas Karan,high_value,upi,True,447025.01,2,1,3
UNSEEN_CUST_01729,Oeshi Kaur,regular,netbanking,True,33620.12,4,0,4
UNSEEN_CUST_01730,Abha Rao,regular,upi,True,30132.73,3,0,3
UNSEEN_CUST_01731,Girish Murty,regular,upi,True,96767.3,2,0,2
UNSEEN_CUST_01732,Ansh Sundaram,regular,upi,True,93376.49,5,1,6
UNSEEN_CUST_01733,Hemal Kannan,regular,card,False,53719.02,2,0,2
UNSEEN_CUST_01734,Dhriti Srinivas,high_value,upi,True,365019.17,6,0,6
UNSEEN_CUST_01735,Aarna Borde,regular,upi,True,75303.1,2,0,2
UNSEEN_CUST_01736,Isaiah Kala,regular,upi,True,28139.75,4,0,4
UNSEEN_CUST_01737,Ubika Dugal,regular,netbanking,True,95037.54,2,0,2
UNSEEN_CUST_01738,Vidhi Rama,regular,upi,True,87665.93,5,2,7
UNSEEN_CUST_01739,Ekiya Chaudry,regular,upi,True,80423.93,1,0,1
UNSEEN_CUST_01740,Ekani Tella,regular,card,True,81939.4,4,1,5
UNSEEN_CUST_01741,Krishna Ahuja,regular,upi,True,28013.64,3,1,4
UNSEEN_CUST_01742,Rudra Pandit,new,upi,True,3440.6,3,2,5
UNSEEN_CUST_01743,Samesh Mahal,regular,netbanking,False,27907.8,3,0,3
UNSEEN_CUST_01744,Janaki Rajagopalan,regular,upi,True,22693.09,3,2,5
UNSEEN_CUST_01745,Zarna Khosla,high_value,upi,True,343761.16,2,0,2
UNSEEN_CUST_01746,Leela Nagar,high_value,card,True,386131.55,7,3,10
UNSEEN_CUST_01747,Kabir Dasgupta,regular,upi,True,64109.52,2,1,3
UNSEEN_CUST_01748,Indrajit Madan,regular,card,True,54396.77,0,0,0
UNSEEN_CUST_01749,Ekbal Sekhon,regular,card,True,59801.1,2,1,3
UNSEEN_CUST_01750,Zehaan Walia,regular,upi,True,98489.01,3,1,4
UNSEEN_CUST_01751,Akshay Chand,new,netbanking,True,2741.64,2,2,4
UNSEEN_CUST_01752,Orinder Dhar,new,upi,True,3357.79,2,1,3
UNSEEN_CUST_01753,Upkaar Venkataraman,regular,card,True,96278.52,1,1,2
UNSEEN_CUST_01754,Chanakya Sagar,high_value,upi,True,155388.55,1,1,2
UNSEEN_CUST_01755,Simon Roy,new,upi,True,17210.68,1,1,2
UNSEEN_CUST_01756,Gavin Balan,new,upi,True,10019.89,4,0,4
UNSEEN_CUST_01757,Charles Viswanathan,new,upi,True,15462.72,3,0,3
UNSEEN_CUST_01758,Gopal Shenoy,regular,card,True,37941.14,7,0,7
UNSEEN_CUST_01759,Ethan Solanki,regular,card,True,97208.03,5,2,7
UNSEEN_CUST_01760,Triya Bala,regular,upi,True,47089.43,2,0,2
UNSEEN_CUST_01761,Wishi Pai,regular,card,True,91355.29,3,1,4
UNSEEN_CUST_01762,Luke Natarajan,high_value,card,True,108530.87,1,0,1
UNSEEN_CUST_01763,Madhavi Subramaniam,regular,upi,True,51498.68,2,1,3
UNSEEN_CUST_01764,Hritik Kurian,regular,upi,True,24163.66,4,0,4
UNSEEN_CUST_01765,Udyati Aurora,regular,netbanking,True,67823.14,3,0,3
UNSEEN_CUST_01766,Rajata Das,regular,upi,True,98797.04,1,2,3
UNSEEN_CUST_01767,Ronith Arora,regular,upi,True,27625.1,0,3,3
UNSEEN_CUST_01768,Veer Gara,regular,netbanking,True,25127.83,4,1,5
UNSEEN_CUST_01769,Waida Karnik,new,card,True,4045.66,2,2,4
UNSEEN_CUST_01770,Rachana Dora,high_value,upi,True,242256.74,5,0,5
UNSEEN_CUST_01771,Ekapad Balasubramanian,regular,upi,True,87132.37,4,0,4
UNSEEN_CUST_01772,Agastya Prashad,regular,card,False,37291.96,7,0,7
UNSEEN_CUST_01773,Omya Oommen,regular,card,True,39579.67,3,0,3
UNSEEN_CUST_01774,Charvi Thakur,high_value,upi,True,151472.89,2,0,2
UNSEEN_CUST_01775,William Bumb,regular,netbanking,False,87098.04,3,2,5
UNSEEN_CUST_01776,Ronith Char,new,card,True,12749.25,2,0,2
UNSEEN_CUST_01777,Tejas Kapadia,high_value,netbanking,False,282829.11,5,2,7
UNSEEN_CUST_01778,Ekta Jayaraman,new,netbanking,True,16310.89,2,2,4
UNSEEN_CUST_01779,Ekapad Gopal,regular,upi,True,71652.09,1,0,1
UNSEEN_CUST_01780,Timothy Grewal,regular,card,True,83306.57,2,1,3
UNSEEN_CUST_01781,Laban Rege,new,upi,True,5961.7,1,0,1
UNSEEN_CUST_01782,Ekaja Rana,regular,upi,True,62658.25,3,0,3
UNSEEN_CUST_01783,Ekani Swaminathan,new,upi,True,9747.36,3,0,3
UNSEEN_CUST_01784,Fiyaz Kaur,regular,card,True,98047.04,1,2,3
UNSEEN_CUST_01785,Ansh Chaudhari,regular,upi,True,52660.27,3,1,4
UNSEEN_CUST_01786,Liam Andra,regular,netbanking,True,55810.94,1,0,1
UNSEEN_CUST_01787,Ladli Bali,high_value,upi,True,271857.36,0,1,1
UNSEEN_CUST_01788,Guneet Basu,regular,card,True,96324.9,4,1,5
UNSEEN_CUST_01789,Oni Dey,regular,card,False,83140.57,4,0,4
UNSEEN_CUST_01790,Sarthak Raval,regular,netbanking,True,27668.9,2,1,3
UNSEEN_CUST_01791,Irya Chaudry,regular,upi,True,96666.79,4,1,5
UNSEEN_CUST_01792,Balendra Kata,regular,upi,True,20110.34,1,0,1
UNSEEN_CUST_01793,Qarin Kala,regular,card,True,21536.1,2,0,2
UNSEEN_CUST_01794,Inaya Chand,regular,card,True,30761.37,6,1,7
UNSEEN_CUST_01795,Anika Som,regular,netbanking,True,34821.2,6,2,8
UNSEEN_CUST_01796,Tristan Bains,regular,upi,True,95204.29,0,1,1
UNSEEN_CUST_01797,Rachana D’Alia,regular,upi,True,48703.3,2,0,2
UNSEEN_CUST_01798,Arunima Sha,regular,upi,True,89636.12,3,1,4
UNSEEN_CUST_01799,Lohit Memon,regular,card,True,57637.76,0,0,0
UNSEEN_CUST_01800,Odika Hora,regular,upi,False,90846.42,7,1,8
UNSEEN_CUST_01801,Sai Verma,regular,upi,True,34874.88,1,2,3
UNSEEN_CUST_01802,Jackson Mani,regular,netbanking,False,77447.88,5,0,5
UNSEEN_CUST_01803,Nidhi Madan,regular,card,True,89273.01,4,1,5
UNSEEN_CUST_01804,Ekantika Ramachandran,new,netbanking,True,19263.84,4,2,6
UNSEEN_CUST_01805,Kashish Bhattacharyya,high_value,upi,True,372193.37,3,0,3
UNSEEN_CUST_01806,Zilmil Mand,regular,netbanking,True,76412.73,2,0,2
UNSEEN_CUST_01807,Patrick Chaudhuri,regular,netbanking,True,84059.06,2,0,2
UNSEEN_CUST_01808,Laksh Naik,regular,upi,False,78137.72,0,0,0
UNSEEN_CUST_01809,Orinder Sant,new,card,True,3083.72,4,1,5
UNSEEN_CUST_01810,Aadi Dewan,regular,netbanking,True,72706.01,4,2,6
UNSEEN_CUST_01811,Arya Pal,regular,upi,False,61372.42,0,1,1
UNSEEN_CUST_01812,Matthew Babu,regular,card,True,43327.45,5,2,7
UNSEEN_CUST_01813,Yutika Bassi,regular,upi,True,37660.02,3,1,4
UNSEEN_CUST_01814,Niharika Sastry,regular,upi,True,57442.16,0,0,0
UNSEEN_CUST_01815,Wyatt Badal,regular,netbanking,True,44094.33,3,0,3
UNSEEN_CUST_01816,Advaith Vasa,high_value,upi,True,319905.24,1,0,1
UNSEEN_CUST_01817,Baghyawati Madan,regular,netbanking,True,42498.97,0,0,0
UNSEEN_CUST_01818,Omkaar Gara,regular,upi,True,21627.5,3,1,4
UNSEEN_CUST_01819,Urmi Dugar,regular,upi,True,51771.24,5,1,6
UNSEEN_CUST_01820,Timothy Bera,regular,card,True,38423.45,3,0,3
UNSEEN_CUST_01821,Devika Radhakrishnan,regular,netbanking,True,65632.8,2,1,3
UNSEEN_CUST_01822,Deepa Bahri,new,upi,True,14210.19,3,0,3
UNSEEN_CUST_01823,Arin Kaur,regular,upi,True,25291.01,0,0,0
UNSEEN_CUST_01824,Vasudha Goda,regular,card,True,81469.05,2,0,2
UNSEEN_CUST_01825,Qabil Chaudhari,regular,upi,True,89069.29,2,1,3
UNSEEN_CUST_01826,Isaiah Sane,regular,card,True,50068.25,2,0,2
UNSEEN_CUST_01827,Chameli Kadakia,regular,card,True,24899.46,3,0,3
UNSEEN_CUST_01828,Kabir Dayal,regular,card,True,92410.77,2,0,2
UNSEEN_CUST_01829,Nachiket Sen,regular,card,True,41568.08,1,0,1
UNSEEN_CUST_01830,Janani Parsa,regular,upi,True,66250.75,3,0,3
UNSEEN_CUST_01831,Harini Sahni,high_value,upi,True,220093.75,3,1,4
UNSEEN_CUST_01832,Ekavir Dash,regular,netbanking,True,52488.71,1,2,3
UNSEEN_CUST_01833,Osha Narasimhan,regular,card,True,34402.18,0,0,0
UNSEEN_CUST_01834,Amol Bora,regular,upi,True,60271.69,1,1,2
UNSEEN_CUST_01835,Devika Dara,regular,upi,True,72287.7,3,1,4
UNSEEN_CUST_01836,Dayamai Krishnamurthy,regular,upi,True,72489.03,4,1,5
UNSEEN_CUST_01837,Neelima Cherian,regular,upi,True,54243.47,3,0,3
UNSEEN_CUST_01838,Elijah Bhavsar,regular,upi,True,34919.06,2,2,4
UNSEEN_CUST_01839,Brinda Shankar,new,upi,True,2920.27,3,1,4
UNSEEN_CUST_01840,Urishilla Bumb,high_value,upi,True,468987.47,5,1,6
UNSEEN_CUST_01841,Owen Naik,regular,upi,True,47305.82,1,0,1
UNSEEN_CUST_01842,Unnati Zacharia,new,upi,False,13735.03,3,1,4
UNSEEN_CUST_01843,Samuel Wali,regular,upi,True,90716.61,5,0,5
UNSEEN_CUST_01844,Charan Kant,regular,card,True,58986.47,4,1,5
UNSEEN_CUST_01845,Naksh Wagle,regular,upi,True,82868.43,3,1,4
UNSEEN_CUST_01846,Aarav Dutt,regular,upi,True,66455.28,4,0,4
UNSEEN_CUST_01847,Sanya Arya,new,upi,True,16500.01,0,1,1
UNSEEN_CUST_01848,Falguni Chander,new,upi,True,6071.17,2,0,2
UNSEEN_CUST_01849,Gayathri Nigam,new,upi,False,11755.59,2,0,2
UNSEEN_CUST_01850,Triveni Natarajan,regular,upi,True,50843.75,4,1,5
UNSEEN_CUST_01851,Zinal Balay,regular,upi,True,44597.84,6,0,6
UNSEEN_CUST_01852,Jeet Bhargava,regular,netbanking,True,97252.29,1,0,1
UNSEEN_CUST_01853,Harrison Samra,new,upi,True,3522.76,1,0,1
UNSEEN_CUST_01854,Yash Subramaniam,new,upi,True,1573.4,1,0,1
UNSEEN_CUST_01855,Aayush Raghavan,new,upi,True,9022.81,6,0,6
UNSEEN_CUST_01856,Rajeshri Nagar,new,upi,True,8196.33,5,1,6
UNSEEN_CUST_01857,Nisha Amble,regular,upi,True,30361.54,4,2,6
UNSEEN_CUST_01858,Gayathri Oak,new,upi,True,2142.72,2,0,2
UNSEEN_CUST_01859,Ladli Narayanan,regular,card,True,27721.39,1,1,2
UNSEEN_CUST_01860,Mason Chawla,regular,upi,True,35978.93,5,1,6
UNSEEN_CUST_01861,Samaksh Narayanan,regular,upi,True,71733.76,4,0,4
UNSEEN_CUST_01862,Nitara Gandhi,regular,upi,True,32715.18,1,0,1
UNSEEN_CUST_01863,Mahika Tank,regular,card,True,78152.67,6,1,7
UNSEEN_CUST_01864,Waida Bhakta,high_value,upi,True,429337.72,6,1,7
UNSEEN_CUST_01865,Sneha Sibal,new,card,True,15774.21,2,0,2
UNSEEN_CUST_01866,Kai Deo,regular,card,True,39458.94,5,1,6
UNSEEN_CUST_01867,Chaitanya Bhardwaj,high_value,upi,True,381575.35,3,0,3
UNSEEN_CUST_01868,Simon Basu,regular,card,True,50133.51,4,0,4
UNSEEN_CUST_01869,Gavin Chadha,high_value,upi,True,408318.48,2,0,2
UNSEEN_CUST_01870,Bhavini Sura,regular,upi,True,41354.36,2,0,2
UNSEEN_CUST_01871,Ryan Karpe,regular,upi,True,94370.44,1,0,1
UNSEEN_CUST_01872,Jackson Tank,regular,netbanking,True,27130.48,4,3,7
UNSEEN_CUST_01873,Bhavini Bhagat,regular,card,True,44787.17,3,0,3
UNSEEN_CUST_01874,Nimrat Gole,regular,upi,True,64488.99,2,2,4
UNSEEN_CUST_01875,Maya Khosla,regular,upi,True,58322.36,5,1,6
UNSEEN_CUST_01876,Geetika Srivastava,high_value,upi,True,292056.06,3,0,3
UNSEEN_CUST_01877,Ekani Shetty,regular,netbanking,True,24650.39,9,0,9
UNSEEN_CUST_01878,Anita Sachdeva,regular,upi,True,40660.85,2,0,2
UNSEEN_CUST_01879,Shivani Devi,high_value,upi,True,374504.88,4,1,5
UNSEEN_CUST_01880,Aarav Dave,regular,card,True,54294.98,2,1,3
UNSEEN_CUST_01881,Fiyaz Raj,regular,card,True,39675.95,4,1,5
UNSEEN_CUST_01882,Anthony Sinha,new,upi,True,17729.45,1,1,2
UNSEEN_CUST_01883,Isaac Korpal,regular,upi,True,20687.97,2,0,2
UNSEEN_CUST_01884,Ekaja Ramanathan,regular,upi,True,95666.2,0,1,1
UNSEEN_CUST_01885,Michael Dash,regular,upi,True,87457.28,5,1,6
UNSEEN_CUST_01886,Ijaya Tak,regular,netbanking,True,63836.02,2,2,4
UNSEEN_CUST_01887,Lakshmi Date,high_value,card,False,168348.0,4,1,5
UNSEEN_CUST_01888,Samaksh Palla,regular,netbanking,False,59020.41,2,3,5
UNSEEN_CUST_01889,Damyanti Chanda,regular,card,True,62599.63,2,1,3
UNSEEN_CUST_01890,Yatan Nayak,high_value,upi,True,366179.89,5,2,7
UNSEEN_CUST_01891,Raghav Rama,regular,upi,True,47633.52,4,0,4
UNSEEN_CUST_01892,Dhruv Bail,new,netbanking,False,18846.54,1,1,2
UNSEEN_CUST_01893,Kai Kalla,new,netbanking,True,5923.57,3,2,5
UNSEEN_CUST_01894,Ati Sachdeva,regular,upi,True,28538.79,3,2,5
UNSEEN_CUST_01895,Ranbir Nadig,regular,upi,True,48831.96,2,3,5
UNSEEN_CUST_01896,Om Kalla,regular,card,True,46506.03,2,0,2
UNSEEN_CUST_01897,Nathaniel Bansal,regular,netbanking,True,77382.59,5,2,7
UNSEEN_CUST_01898,Dev Nanda,regular,card,True,83940.27,2,0,2
UNSEEN_CUST_01899,Jack Anand,regular,card,True,58351.55,3,1,4
UNSEEN_CUST_01900,Barkha Sankar,regular,upi,True,82985.46,2,5,7
UNSEEN_CUST_01901,Manan Shankar,new,upi,True,15834.81,1,1,2
UNSEEN_CUST_01902,Raghav Aurora,regular,upi,True,63144.72,1,0,1
UNSEEN_CUST_01903,Maanas Sangha,regular,upi,True,37125.51,1,0,1
UNSEEN_CUST_01904,Ridhi Singhal,high_value,card,True,317557.01,4,0,4
UNSEEN_CUST_01905,Hiral Sha,regular,netbanking,True,84900.47,4,1,5
UNSEEN_CUST_01906,Mitesh Kumer,regular,upi,True,51533.95,3,1,4
UNSEEN_CUST_01907,Wyatt Mistry,regular,upi,True,58986.98,3,1,4
UNSEEN_CUST_01908,Hema Lad,regular,upi,True,69114.69,2,0,2
UNSEEN_CUST_01909,Warinder Pillai,regular,card,False,25372.42,1,0,1
UNSEEN_CUST_01910,Dipta Shan,regular,netbanking,True,48745.42,2,0,2
UNSEEN_CUST_01911,Nirja Mangat,regular,card,True,58275.17,3,1,4
UNSEEN_CUST_01912,Zayan Mital,regular,upi,True,45226.11,0,0,0
UNSEEN_CUST_01913,Raagini Mani,high_value,upi,True,106936.11,0,0,0
UNSEEN_CUST_01914,Ladli Bumb,regular,card,True,56715.98,2,0,2
UNSEEN_CUST_01915,Ansh Loke,regular,card,True,92939.07,4,0,4
UNSEEN_CUST_01916,Sachi Keer,new,card,True,3574.23,5,1,6
UNSEEN_CUST_01917,Zashil Kadakia,regular,card,True,47394.21,4,0,4
UNSEEN_CUST_01918,Suhani Chandran,new,upi,True,1661.03,5,2,7
UNSEEN_CUST_01919,Darsh Bhatia,regular,upi,True,53865.13,4,1,5
UNSEEN_CUST_01920,Orinder Rajan,regular,upi,True,29022.37,1,1,2
UNSEEN_CUST_01921,Chandran Som,high_value,card,True,439736.97,3,1,4
UNSEEN_CUST_01922,Bhavini Verma,high_value,upi,True,194920.96,3,0,3
UNSEEN_CUST_01923,Krishna Ratta,regular,card,True,53349.16,5,0,5
UNSEEN_CUST_01924,Ranbir Natt,regular,upi,True,81444.96,4,0,4
UNSEEN_CUST_01925,Priya Kalita,high_value,card,True,243779.82,2,0,2
UNSEEN_CUST_01926,Owen Sen,high_value,upi,False,290191.98,4,1,5
UNSEEN_CUST_01927,Daksh Garg,regular,upi,True,46023.38,4,2,6
UNSEEN_CUST_01928,Leena Salvi,regular,card,True,25619.7,4,1,5
UNSEEN_CUST_01929,Rajeshri Kapoor,regular,card,True,31714.74,3,1,4
UNSEEN_CUST_01930,Zehaan Bose,regular,upi,True,28311.14,3,1,4
UNSEEN_CUST_01931,Unni Ramakrishnan,regular,upi,True,26385.24,3,2,5
UNSEEN_CUST_01932,Tanish Pillai,high_value,card,True,201381.95,5,0,5
UNSEEN_CUST_01933,Meghana Mittal,regular,upi,True,97549.37,0,2,2
UNSEEN_CUST_01934,Megha Tandon,regular,card,True,76395.02,5,2,7
UNSEEN_CUST_01935,Neha Garg,regular,upi,True,46016.55,4,2,6
UNSEEN_CUST_01936,Tanay Uppal,regular,upi,True,40648.3,1,1,2
UNSEEN_CUST_01937,Janya Bassi,regular,upi,True,98019.66,3,0,3
UNSEEN_CUST_01938,Saanvi Koshy,regular,upi,True,62587.1,5,1,6
UNSEEN_CUST_01939,Saanvi Thaman,regular,upi,True,41470.77,5,0,5
UNSEEN_CUST_01940,Ridhi Dayal,new,netbanking,True,1820.38,2,1,3
UNSEEN_CUST_01941,Urvashi Dutt,regular,upi,True,25838.55,3,1,4
UNSEEN_CUST_01942,Lakshit Dhar,high_value,card,True,387488.02,4,2,6
UNSEEN_CUST_01943,Umang Ramaswamy,regular,upi,True,63301.37,4,2,6
UNSEEN_CUST_01944,Chaaya Doctor,regular,upi,True,96501.58,2,0,2
UNSEEN_CUST_01945,Timothy Lala,regular,card,True,20133.63,0,0,0
UNSEEN_CUST_01946,Yagnesh Ramachandran,regular,card,True,87145.41,3,0,3
UNSEEN_CUST_01947,Nandini Upadhyay,new,upi,False,6217.6,3,1,4
UNSEEN_CUST_01948,Vasana Soman,high_value,upi,True,264252.1,3,0,3
UNSEEN_CUST_01949,Warjas Malhotra,new,upi,True,18523.49,0,1,1
UNSEEN_CUST_01950,Urishilla Johal,regular,card,True,33664.59,1,0,1
UNSEEN_CUST_01951,Lavanya Sahni,regular,netbanking,True,78871.73,3,3,6
UNSEEN_CUST_01952,Damyanti Prabhakar,regular,card,True,87270.65,2,5,7
UNSEEN_CUST_01953,Charvi Gokhale,regular,card,True,82429.1,4,2,6
UNSEEN_CUST_01954,Luke Cherian,regular,netbanking,True,28079.6,2,1,3
UNSEEN_CUST_01955,Varenya Merchant,regular,upi,True,89874.97,4,2,6
UNSEEN_CUST_01956,Jacob Bhargava,regular,upi,True,38119.77,5,0,5
UNSEEN_CUST_01957,Michael Vig,high_value,card,True,295234.27,4,0,4
UNSEEN_CUST_01958,Damyanti Sethi,regular,netbanking,True,26785.73,4,0,4
UNSEEN_CUST_01959,Varsha Chaudhari,regular,card,True,23862.6,4,1,5
UNSEEN_CUST_01960,Kabir Ghosh,regular,card,True,93188.01,5,1,6
UNSEEN_CUST_01961,Bishakha Kanda,regular,upi,True,43613.12,1,0,1
UNSEEN_CUST_01962,Ekaja Mukhopadhyay,high_value,card,True,439418.97,5,0,5
UNSEEN_CUST_01963,Frado Dube,new,upi,True,7553.3,4,1,5
UNSEEN_CUST_01964,Chaitaly Sengupta,regular,card,True,23942.28,3,2,5
UNSEEN_CUST_01965,Yoshita Wali,regular,card,True,95646.21,4,1,5
UNSEEN_CUST_01966,Ekansh D’Alia,regular,netbanking,True,95191.64,5,2,7
UNSEEN_CUST_01967,Samesh Pandey,regular,upi,True,45693.29,4,1,5
UNSEEN_CUST_01968,Wahab Swamy,regular,upi,True,35496.26,3,0,3
UNSEEN_CUST_01969,Ekaja Sunder,high_value,netbanking,True,419188.74,1,1,2
UNSEEN_CUST_01970,Falak Maharaj,regular,upi,True,38011.81,3,1,4
UNSEEN_CUST_01971,Ronith Ganesh,regular,netbanking,True,67374.74,2,1,3
UNSEEN_CUST_01972,Mitali Brar,regular,card,True,90365.49,1,1,2
UNSEEN_CUST_01973,Chakradev Palan,regular,card,True,64288.88,1,0,1
UNSEEN_CUST_01974,Rehaan Lad,regular,upi,True,30551.58,6,1,7
UNSEEN_CUST_01975,Madhavi Chacko,new,card,True,18410.77,1,0,1
UNSEEN_CUST_01976,Raghav Sem,regular,upi,True,67750.37,2,1,3
UNSEEN_CUST_01977,Chaitanya Prabhakar,regular,upi,True,95107.53,3,0,3
UNSEEN_CUST_01978,Gopal Mann,regular,upi,True,95805.96,1,0,1
UNSEEN_CUST_01979,Sara Parikh,regular,upi,True,40040.68,3,0,3
UNSEEN_CUST_01980,Jagat Parmar,regular,card,True,85900.48,4,1,5
UNSEEN_CUST_01981,Praneel Koshy,regular,upi,True,69456.44,6,0,6
UNSEEN_CUST_01982,Tanay Soni,regular,card,True,47016.64,1,0,1
UNSEEN_CUST_01983,Vihaan Parikh,high_value,card,True,472937.96,3,2,5
UNSEEN_CUST_01984,Advaith Acharya,regular,upi,True,98942.84,1,1,2
UNSEEN_CUST_01985,Unni Wable,high_value,netbanking,True,366219.03,2,0,2
UNSEEN_CUST_01986,Chakradhar Saraf,new,card,True,7496.62,3,0,3
UNSEEN_CUST_01987,Ronith Balakrishnan,high_value,netbanking,True,280309.05,3,1,4
UNSEEN_CUST_01988,Girish D’Alia,new,netbanking,True,5983.56,0,1,1
UNSEEN_CUST_01989,Anvi Sachar,new,card,True,5731.6,4,0,4
UNSEEN_CUST_01990,Geetika Sawhney,regular,upi,True,82601.48,3,0,3
UNSEEN_CUST_01991,Oscar Som,high_value,upi,True,318132.75,4,0,4
UNSEEN_CUST_01992,Bimala Srivastava,regular,upi,True,98456.48,4,1,5
UNSEEN_CUST_01993,Girik Morar,new,card,False,16339.59,4,0,4
UNSEEN_CUST_01994,Rajeshri Kaur,high_value,netbanking,True,178861.26,6,0,6
UNSEEN_CUST_01995,Tanish Sheth,regular,card,True,74502.85,3,1,4
UNSEEN_CUST_01996,Hamsini Krishna,high_value,netbanking,True,409038.55,2,0,2
UNSEEN_CUST_01997,Owen Bose,regular,card,True,81277.36,0,1,1
UNSEEN_CUST_01998,Bakhshi Karan,regular,upi,True,47003.81,4,0,4
UNSEEN_CUST_01999,Vinaya Soni,high_value,card,True,269516.88,4,1,5
UNSEEN_CUST_02000,Jagdish Peri,high_value,card,True,434026.55,5,0,5
