payment_id,customer_id,amount,payment_method,status,raw_failure_code,failure_category,attempt_number,created_at
UNSEEN_PAY_000001,UNSEEN_CUST_01191,41069.39,upi,successful,,,1,2026-07-13 02:24:41.794597
UNSEEN_PAY_000002,UNSEEN_CUST_00549,37699.67,upi,successful,,,1,2026-08-11 17:14:41.795597
UNSEEN_PAY_000003,UNSEEN_CUST_01639,18528.42,card,successful,,,1,2026-07-29 16:34:41.795597
UNSEEN_PAY_000004,UNSEEN_CUST_01187,22541.31,upi,successful,,,1,2026-07-08 08:17:41.795597
UNSEEN_PAY_000005,UNSEEN_CUST_01323,805.99,upi,failed,FUNDS_NOT_AVAILABLE,insufficient_funds,1,2026-07-27 14:22:41.796074
UNSEEN_PAY_000006,UNSEEN_CUST_00749,9473.12,card,failed,AUTHENTICATION_FAILED,authentication_failed,1,2026-06-06 22:33:41.796074
UNSEEN_PAY_000007,UNSEEN_CUST_01079,13384.53,upi,successful,,,1,2026-08-14 04:18:41.796074
UNSEEN_PAY_000008,UNSEEN_CUST_00838,33148.6,upi,successful,,,1,2026-06-30 11:50:41.796074
UNSEEN_PAY_000009,UNSEEN_CUST_01607,41848.42,upi,successful,,,1,2026-07-12 23:04:41.796074
UNSEEN_PAY_000010,UNSEEN_CUST_01459,9798.1,card,successful,,,1,2026-06-16 13:21:41.796074
UNSEEN_PAY_000011,UNSEEN_CUST_01844,3640.22,upi,successful,,,1,2026-07-30 18:14:41.796577
UNSEEN_PAY_000012,UNSEEN_CUST_01645,21980.05,upi,successful,,,1,2026-06-30 21:33:41.796577
UNSEEN_PAY_000013,UNSEEN_CUST_01615,21834.01,card,successful,,,1,2026-08-13 00:35:41.796577
UNSEEN_PAY_000014,UNSEEN_CUST_01299,6384.88,netbanking,successful,,,1,2026-07-19 23:19:41.796577
UNSEEN_PAY_000015,UNSEEN_CUST_00924,33434.51,card,successful,,,1,2026-07-10 15:39:41.796577
UNSEEN_PAY_000016,UNSEEN_CUST_00055,32036.27,netbanking,failed,INSUFFICIENT_BALANCE,insufficient_funds,1,2026-08-10 02:45:41.796577
UNSEEN_PAY_000017,UNSEEN_CUST_01034,20633.96,card,successful,,,1,2026-06-21 03:09:41.796577
UNSEEN_PAY_000018,UNSEEN_CUST_00811,35140.5,card,successful,,,1,2026-08-03 07:27:41.796577
UNSEEN_PAY_000019,UNSEEN_CUST_00788,23980.45,card,successful,,,1,2026-07-19 11:35:41.796577
UNSEEN_PAY_000020,UNSEEN_CUST_00571,39896.89,card,successful,,,1,2026-07-14 01:32:41.796577
UNSEEN_PAY_000021,UNSEEN_CUST_01559,30150.89,card,successful,,,1,2026-07-12 21:05:41.796577
UNSEEN_PAY_000022,UNSEEN_CUST_01527,4664.65,upi,successful,,,1,2026-06-01 03:28:41.796577
UNSEEN_PAY_000023,UNSEEN_CUST_00060,39840.45,card,successful,,,1,2026-08-25 08:03:41.796577
UNSEEN_PAY_000024,UNSEEN_CUST_01741,31821.67,card,successful,,,1,2026-07-19 14:12:41.796577
UNSEEN_PAY_000025,UNSEEN_CUST_00261,40942.08,upi,successful,,,1,2026-05-29 02:39:41.796577
UNSEEN_PAY_000026,UNSEEN_CUST_01098,16320.74,card,successful,,,1,2026-08-04 12:38:41.796577
UNSEEN_PAY_000027,UNSEEN_CUST_01875,44302.97,upi,successful,,,1,2026-05-31 09:07:41.796577
UNSEEN_PAY_000028,UNSEEN_CUST_01394,35863.92,card,successful,,,1,2026-06-24 10:09:41.796577
UNSEEN_PAY_000029,UNSEEN_CUST_01052,15370.57,upi,successful,,,1,2026-06-18 19:25:41.796577
UNSEEN_PAY_000030,UNSEEN_CUST_00242,11798.23,card,successful,,,1,2026-07-04 18:44:41.796577
UNSEEN_PAY_000031,UNSEEN_CUST_00249,48553.42,upi,successful,,,1,2026-06-18 05:09:41.796577
UNSEEN_PAY_000032,UNSEEN_CUST_01951,31119.86,card,failed,NETWORK_TIMEOUT,timeout,1,2026-07-29 12:21:41.796577
UNSEEN_PAY_000033,UNSEEN_CUST_01320,44959.29,upi,successful,,,1,2026-08-11 00:59:41.797581
UNSEEN_PAY_000034,UNSEEN_CUST_01088,5749.43,card,successful,,,1,2026-07-26 09:12:41.797581
UNSEEN_PAY_000035,UNSEEN_CUST_01079,17009.76,netbanking,failed,UNSPECIFIED_DECLINE,insufficient_funds,1,2026-07-13 09:14:41.797581
UNSEEN_PAY_000036,UNSEEN_CUST_00171,47564.79,upi,successful,,,1,2026-08-22 02:47:41.797581
UNSEEN_PAY_000037,UNSEEN_CUST_00632,37067.13,upi,successful,,,1,2026-08-01 18:05:41.797581
UNSEEN_PAY_000038,UNSEEN_CUST_01755,17206.92,upi,successful,,,1,2026-05-28 22:54:41.797581
UNSEEN_PAY_000039,UNSEEN_CUST_01839,8978.5,card,successful,,,1,2026-07-22 09:24:41.797581
UNSEEN_PAY_000040,UNSEEN_CUST_01874,33560.37,card,successful,,,1,2026-06-01 20:14:41.797581
UNSEEN_PAY_000041,UNSEEN_CUST_00369,17541.76,upi,successful,,,1,2026-07-07 22:23:41.797581
UNSEEN_PAY_000042,UNSEEN_CUST_01591,13008.9,upi,successful,,,1,2026-05-30 13:04:41.797581
UNSEEN_PAY_000043,UNSEEN_CUST_01849,7492.8,upi,successful,,,1,2026-06-30 16:57:41.797581
UNSEEN_PAY_000044,UNSEEN_CUST_00036,17695.24,netbanking,successful,,,1,2026-06-29 19:19:41.797581
UNSEEN_PAY_000045,UNSEEN_CUST_01089,91273.98,card,successful,,,1,2026-08-10 21:03:41.797581
UNSEEN_PAY_000046,UNSEEN_CUST_00417,17608.88,upi,failed,BANK_SERVICE_UNAVAILABLE,temporary_bank_failure,1,2026-07-05 07:48:41.797581
UNSEEN_PAY_000047,UNSEEN_CUST_00632,14920.1,upi,successful,,,1,2026-08-14 20:24:41.797581
UNSEEN_PAY_000048,UNSEEN_CUST_01491,39040.3,upi,failed,CARD_EXPIRED,expired_instrument,1,2026-07-30 06:22:41.797581
UNSEEN_PAY_000049,UNSEEN_CUST_01605,65398.48,upi,successful,,,1,2026-06-03 05:17:41.797581
UNSEEN_PAY_000050,UNSEEN_CUST_00866,40448.05,card,successful,,,1,2026-06-01 10:49:41.797581
UNSEEN_PAY_000051,UNSEEN_CUST_00697,2759.58,netbanking,successful,,,1,2026-08-25 17:22:41.797581
UNSEEN_PAY_000052,UNSEEN_CUST_01133,9745.37,upi,successful,,,1,2026-07-14 05:31:41.798581
UNSEEN_PAY_000053,UNSEEN_CUST_00113,6518.73,upi,successful,,,1,2026-07-17 17:30:41.798581
UNSEEN_PAY_000054,UNSEEN_CUST_00376,6884.88,upi,failed,TRANSACTION_LIMIT_EXCEEDED,limit_exceeded,1,2026-06-13 23:27:41.798581
UNSEEN_PAY_000055,UNSEEN_CUST_01383,10685.96,upi,failed,AUTHENTICATION_FAILED,authentication_failed,1,2026-08-11 11:39:41.798581
UNSEEN_PAY_000056,UNSEEN_CUST_00691,33184.56,upi,successful,,,1,2026-07-04 08:50:41.798581
UNSEEN_PAY_000057,UNSEEN_CUST_00998,30376.57,card,successful,,,1,2026-06-11 10:10:41.798581
UNSEEN_PAY_000058,UNSEEN_CUST_01048,7575.14,card,failed,FUNDS_NOT_AVAILABLE,insufficient_funds,1,2026-08-04 12:43:41.798581
UNSEEN_PAY_000059,UNSEEN_CUST_00886,49372.0,card,successful,,,1,2026-08-23 10:40:41.798581
UNSEEN_PAY_000060,UNSEEN_CUST_00823,44821.25,upi,successful,,,1,2026-06-26 14:27:41.798581
UNSEEN_PAY_000061,UNSEEN_CUST_01470,14869.43,card,successful,,,1,2026-08-26 00:19:41.798581
UNSEEN_PAY_000062,UNSEEN_CUST_00549,49218.84,upi,successful,,,1,2026-07-25 10:04:41.798581
UNSEEN_PAY_000063,UNSEEN_CUST_01698,98547.11,upi,successful,,,1,2026-07-26 10:28:41.799580
UNSEEN_PAY_000064,UNSEEN_CUST_00763,2680.59,upi,successful,,,1,2026-06-10 13:04:41.799580
UNSEEN_PAY_000065,UNSEEN_CUST_00012,11111.72,upi,failed,INSTRUMENT_EXPIRED,expired_instrument,1,2026-06-15 08:18:41.799580
UNSEEN_PAY_000066,UNSEEN_CUST_01074,27622.51,upi,successful,,,1,2026-08-26 05:11:41.799580
UNSEEN_PAY_000067,UNSEEN_CUST_01189,27189.84,upi,successful,,,1,2026-06-09 22:04:41.799580
UNSEEN_PAY_000068,UNSEEN_CUST_01744,39560.4,upi,successful,,,1,2026-07-07 14:30:41.799580
UNSEEN_PAY_000069,UNSEEN_CUST_00294,18757.83,netbanking,successful,,,1,2026-07-22 21:25:41.799580
UNSEEN_PAY_000070,UNSEEN_CUST_01065,45425.81,card,failed,UNSPECIFIED_DECLINE,unknown_failure,1,2026-05-29 17:57:41.799580
UNSEEN_PAY_000071,UNSEEN_CUST_00634,6314.9,upi,failed,TRANSACTION_LIMIT_EXCEEDED,limit_exceeded,1,2026-08-03 23:42:41.799580
UNSEEN_PAY_000072,UNSEEN_CUST_01461,45137.6,upi,successful,,,1,2026-07-19 12:17:41.799580
UNSEEN_PAY_000073,UNSEEN_CUST_01440,41019.05,upi,successful,,,1,2026-06-04 09:37:41.799580
UNSEEN_PAY_000074,UNSEEN_CUST_00157,28820.7,card,successful,,,1,2026-06-30 10:40:41.799580
UNSEEN_PAY_000075,UNSEEN_CUST_01103,19352.04,upi,successful,,,1,2026-08-05 13:25:41.799580
UNSEEN_PAY_000076,UNSEEN_CUST_01537,13251.5,upi,successful,,,1,2026-07-09 10:40:41.799580
UNSEEN_PAY_000077,UNSEEN_CUST_00162,26219.27,upi,failed,UNSPECIFIED_DECLINE,unknown_failure,1,2026-07-09 12:07:41.799580
UNSEEN_PAY_000078,UNSEEN_CUST_01266,39458.36,upi,successful,,,1,2026-07-27 06:10:41.799580
UNSEEN_PAY_000079,UNSEEN_CUST_00556,16094.84,upi,successful,,,1,2026-07-06 15:20:41.799580
UNSEEN_PAY_000080,UNSEEN_CUST_01827,46173.53,upi,successful,,,1,2026-05-31 01:18:41.799580
UNSEEN_PAY_000081,UNSEEN_CUST_00826,38630.71,upi,successful,,,1,2026-06-09 02:46:41.799580
UNSEEN_PAY_000082,UNSEEN_CUST_00396,88492.2,upi,successful,,,1,2026-08-20 10:05:41.800579
UNSEEN_PAY_000083,UNSEEN_CUST_01858,9760.11,upi,successful,,,1,2026-07-04 03:16:41.800579
UNSEEN_PAY_000084,UNSEEN_CUST_01090,43532.6,upi,successful,,,1,2026-08-03 09:02:41.800579
UNSEEN_PAY_000085,UNSEEN_CUST_01836,5315.62,card,successful,,,1,2026-05-28 23:13:41.800579
UNSEEN_PAY_000086,UNSEEN_CUST_01923,13458.42,netbanking,successful,,,1,2026-07-27 06:12:41.800579
UNSEEN_PAY_000087,UNSEEN_CUST_00953,14800.81,upi,failed,UNSPECIFIED_DECLINE,blocked_instrument,1,2026-05-30 10:31:41.800579
UNSEEN_PAY_000088,UNSEEN_CUST_01788,24937.11,upi,successful,,,1,2026-08-06 00:22:41.800579
UNSEEN_PAY_000089,UNSEEN_CUST_00172,21703.15,upi,successful,,,1,2026-05-30 17:18:41.800579
UNSEEN_PAY_000090,UNSEEN_CUST_01366,27158.07,upi,successful,,,1,2026-06-28 06:13:41.800579
UNSEEN_PAY_000091,UNSEEN_CUST_01201,38499.35,upi,successful,,,1,2026-08-12 13:46:41.800579
UNSEEN_PAY_000092,UNSEEN_CUST_00839,41123.24,card,failed,UNSPECIFIED_DECLINE,unknown_failure,1,2026-06-08 02:36:41.800579
UNSEEN_PAY_000093,UNSEEN_CUST_00969,20613.69,upi,successful,,,1,2026-07-06 23:13:41.800579
UNSEEN_PAY_000094,UNSEEN_CUST_00418,25916.38,upi,successful,,,1,2026-06-29 22:45:41.800579
UNSEEN_PAY_000095,UNSEEN_CUST_00550,18795.35,card,successful,,,1,2026-08-04 16:17:41.800579
UNSEEN_PAY_000096,UNSEEN_CUST_00691,21456.68,upi,successful,,,2,2026-08-23 07:49:41.800579
UNSEEN_PAY_000097,UNSEEN_CUST_00774,1917.01,netbanking,successful,,,1,2026-07-01 17:55:41.800579
UNSEEN_PAY_000098,UNSEEN_CUST_01012,8268.55,upi,successful,,,1,2026-08-14 08:38:41.800579
UNSEEN_PAY_000099,UNSEEN_CUST_01348,29007.48,upi,successful,,,1,2026-08-14 11:37:41.800579
UNSEEN_PAY_000100,UNSEEN_CUST_00895,44108.45,card,successful,,,1,2026-08-22 15:56:41.800579
UNSEEN_PAY_000101,UNSEEN_CUST_01357,78914.5,card,successful,,,1,2026-07-10 22:23:41.800579
UNSEEN_PAY_000102,UNSEEN_CUST_01108,17439.83,upi,successful,,,1,2026-08-05 13:52:41.801579
UNSEEN_PAY_000103,UNSEEN_CUST_00475,1660.55,card,successful,,,1,2026-07-10 11:23:41.801579
UNSEEN_PAY_000104,UNSEEN_CUST_00434,49078.5,card,failed,POLICY_DECLINED,risk_decline,1,2026-06-16 04:31:41.801579
UNSEEN_PAY_000105,UNSEEN_CUST_01415,56912.15,card,successful,,,1,2026-08-12 07:05:41.801579
UNSEEN_PAY_000106,UNSEEN_CUST_00848,29873.19,netbanking,successful,,,1,2026-07-21 03:01:41.801579
UNSEEN_PAY_000107,UNSEEN_CUST_01331,36893.36,upi,successful,,,1,2026-07-11 00:14:41.801579
UNSEEN_PAY_000108,UNSEEN_CUST_01957,32706.63,upi,successful,,,1,2026-07-03 16:00:41.801579
UNSEEN_PAY_000109,UNSEEN_CUST_00470,27400.32,upi,successful,,,1,2026-05-29 04:00:41.801579
UNSEEN_PAY_000110,UNSEEN_CUST_00082,74308.9,upi,successful,,,1,2026-08-23 17:17:41.801579
UNSEEN_PAY_000111,UNSEEN_CUST_01017,13756.51,upi,failed,CARD_EXPIRED,expired_instrument,1,2026-08-05 23:04:41.801579
UNSEEN_PAY_000112,UNSEEN_CUST_00283,7254.48,upi,successful,,,1,2026-07-12 23:11:41.801579
UNSEEN_PAY_000113,UNSEEN_CUST_01851,33796.26,netbanking,successful,,,1,2026-06-07 01:35:41.801579
UNSEEN_PAY_000114,UNSEEN_CUST_01477,36742.84,upi,successful,,,1,2026-08-02 17:28:41.801579
UNSEEN_PAY_000115,UNSEEN_CUST_01444,71525.03,card,successful,,,1,2026-07-03 04:03:41.801579
UNSEEN_PAY_000116,UNSEEN_CUST_00371,28125.62,upi,failed,CARD_BLOCKED,blocked_instrument,1,2026-05-30 09:33:41.801579
UNSEEN_PAY_000117,UNSEEN_CUST_01466,14920.73,upi,successful,,,1,2026-05-29 03:42:41.801579
UNSEEN_PAY_000118,UNSEEN_CUST_00498,2299.59,upi,successful,,,1,2026-08-22 16:01:41.801579
UNSEEN_PAY_000119,UNSEEN_CUST_00341,29080.49,card,successful,,,1,2026-08-04 23:44:41.801579
UNSEEN_PAY_000120,UNSEEN_CUST_01704,36012.12,upi,successful,,,1,2026-07-29 11:08:41.802579
UNSEEN_PAY_000121,UNSEEN_CUST_00913,8338.36,card,successful,,,1,2026-07-17 13:24:41.802579
UNSEEN_PAY_000122,UNSEEN_CUST_00038,13406.48,card,successful,,,1,2026-08-04 07:56:41.802579
UNSEEN_PAY_000123,UNSEEN_CUST_00214,6703.93,netbanking,successful,,,1,2026-08-02 21:31:41.802579
UNSEEN_PAY_000124,UNSEEN_CUST_01162,23909.87,netbanking,successful,,,1,2026-06-09 04:11:41.802579
UNSEEN_PAY_000125,UNSEEN_CUST_00916,22086.81,upi,failed,,authentication_failed,1,2026-08-22 11:50:41.802579
UNSEEN_PAY_000126,UNSEEN_CUST_00134,16713.52,upi,successful,,,1,2026-05-28 08:02:41.802579
UNSEEN_PAY_000127,UNSEEN_CUST_01977,41308.91,upi,successful,,,1,2026-08-10 13:38:41.802579
UNSEEN_PAY_000128,UNSEEN_CUST_01329,7071.45,netbanking,successful,,,1,2026-06-22 17:06:41.802579
UNSEEN_PAY_000129,UNSEEN_CUST_00456,39209.29,upi,successful,,,1,2026-06-30 14:33:41.802579
UNSEEN_PAY_000130,UNSEEN_CUST_01595,8800.08,upi,successful,,,1,2026-06-22 14:39:41.802579
UNSEEN_PAY_000131,UNSEEN_CUST_01445,14133.74,upi,successful,,,1,2026-06-18 05:27:41.802579
UNSEEN_PAY_000132,UNSEEN_CUST_01838,40159.98,upi,failed,INSUFFICIENT_BALANCE,insufficient_funds,1,2026-08-16 03:17:41.802579
UNSEEN_PAY_000133,UNSEEN_CUST_00187,2257.43,card,successful,,,1,2026-05-29 00:46:41.802579
UNSEEN_PAY_000134,UNSEEN_CUST_01992,15369.08,upi,successful,,,1,2026-06-25 15:28:41.802579
UNSEEN_PAY_000135,UNSEEN_CUST_01591,39427.39,upi,successful,,,1,2026-08-06 23:36:41.802579
UNSEEN_PAY_000136,UNSEEN_CUST_01645,15183.06,upi,successful,,,2,2026-07-22 19:58:41.802579
UNSEEN_PAY_000137,UNSEEN_CUST_01767,19803.46,upi,failed,INSTRUMENT_BLOCKED,blocked_instrument,1,2026-06-26 19:52:41.802579
UNSEEN_PAY_000138,UNSEEN_CUST_00839,75154.22,upi,successful,,,1,2026-08-14 00:05:41.802579
UNSEEN_PAY_000139,UNSEEN_CUST_01927,27522.52,card,failed,INSTRUMENT_BLOCKED,blocked_instrument,1,2026-06-08 22:11:41.802579
UNSEEN_PAY_000140,UNSEEN_CUST_00666,37308.55,upi,successful,,,1,2026-07-21 15:51:41.803579
UNSEEN_PAY_000141,UNSEEN_CUST_00187,18090.11,upi,successful,,,1,2026-08-07 05:28:41.803579
UNSEEN_PAY_000142,UNSEEN_CUST_01285,47647.79,upi,successful,,,1,2026-07-08 22:51:41.803579
UNSEEN_PAY_000143,UNSEEN_CUST_01517,78847.74,upi,successful,,,1,2026-07-24 12:01:41.803579
UNSEEN_PAY_000144,UNSEEN_CUST_01283,11367.91,upi,successful,,,1,2026-07-16 10:08:41.803579
UNSEEN_PAY_000145,UNSEEN_CUST_01480,29812.14,card,failed,BANK_TEMPORARY_ERROR,temporary_bank_failure,1,2026-06-05 08:03:41.803579
UNSEEN_PAY_000146,UNSEEN_CUST_00664,46637.25,netbanking,successful,,,1,2026-08-09 04:09:41.803579
UNSEEN_PAY_000147,UNSEEN_CUST_01212,18221.11,upi,successful,,,1,2026-08-01 15:35:41.803579
UNSEEN_PAY_000148,UNSEEN_CUST_00672,7683.58,upi,successful,,,1,2026-08-21 19:22:41.803579
UNSEEN_PAY_000149,UNSEEN_CUST_00569,49108.35,upi,successful,,,1,2026-08-15 14:25:41.803579
UNSEEN_PAY_000150,UNSEEN_CUST_01603,44575.56,netbanking,successful,,,1,2026-06-02 02:29:41.803579
UNSEEN_PAY_000151,UNSEEN_CUST_00189,37583.39,upi,successful,,,1,2026-07-27 11:54:41.803579
UNSEEN_PAY_000152,UNSEEN_CUST_01061,15021.09,upi,successful,,,1,2026-06-04 17:57:41.803579
UNSEEN_PAY_000153,UNSEEN_CUST_00300,13900.34,upi,failed,INSTRUMENT_BLOCKED,blocked_instrument,1,2026-06-18 06:53:41.803579
UNSEEN_PAY_000154,UNSEEN_CUST_01530,3214.93,upi,successful,,,1,2026-06-15 04:55:41.803579
UNSEEN_PAY_000155,UNSEEN_CUST_01918,8433.1,netbanking,successful,,,1,2026-06-16 06:13:41.803579
UNSEEN_PAY_000156,UNSEEN_CUST_00742,38024.43,upi,successful,,,1,2026-08-05 10:03:41.803579
UNSEEN_PAY_000157,UNSEEN_CUST_00621,78037.8,netbanking,successful,,,1,2026-08-19 22:49:41.803579
UNSEEN_PAY_000158,UNSEEN_CUST_01035,8683.2,upi,successful,,,1,2026-05-28 22:04:41.803579
UNSEEN_PAY_000159,UNSEEN_CUST_00284,35196.58,card,successful,,,1,2026-06-21 19:43:41.803579
UNSEEN_PAY_000160,UNSEEN_CUST_01617,37825.84,upi,failed,CARD_EXPIRED,expired_instrument,1,2026-07-26 16:18:41.803579
UNSEEN_PAY_000161,UNSEEN_CUST_00879,39505.19,upi,successful,,,1,2026-07-12 22:10:41.804579
UNSEEN_PAY_000162,UNSEEN_CUST_00142,48987.47,upi,successful,,,1,2026-06-25 19:22:41.804579
UNSEEN_PAY_000163,UNSEEN_CUST_00098,41414.51,upi,successful,,,1,2026-06-13 21:43:41.804579
UNSEEN_PAY_000164,UNSEEN_CUST_00323,14109.22,card,successful,,,1,2026-08-11 16:40:41.804579
UNSEEN_PAY_000165,UNSEEN_CUST_00728,15793.26,upi,failed,BANK_SERVICE_UNAVAILABLE,temporary_bank_failure,1,2026-06-28 22:31:41.804579
UNSEEN_PAY_000166,UNSEEN_CUST_01242,39643.25,upi,successful,,,1,2026-08-21 09:39:41.804579
UNSEEN_PAY_000167,UNSEEN_CUST_00351,43731.57,netbanking,successful,,,1,2026-06-26 14:23:41.804579
UNSEEN_PAY_000168,UNSEEN_CUST_01361,75131.1,upi,successful,,,1,2026-07-27 12:22:41.804579
UNSEEN_PAY_000169,UNSEEN_CUST_00180,37919.47,card,successful,,,1,2026-07-28 01:53:41.804579
UNSEEN_PAY_000170,UNSEEN_CUST_01237,86883.43,upi,successful,,,1,2026-08-14 16:45:41.804579
UNSEEN_PAY_000171,UNSEEN_CUST_00975,17421.97,upi,successful,,,1,2026-06-09 14:15:41.804579
UNSEEN_PAY_000172,UNSEEN_CUST_01445,11276.53,upi,successful,,,1,2026-06-29 20:14:41.804579
UNSEEN_PAY_000173,UNSEEN_CUST_00566,3754.01,upi,successful,,,1,2026-06-13 12:40:41.804579
UNSEEN_PAY_000174,UNSEEN_CUST_01754,75161.61,upi,successful,,,1,2026-06-04 00:43:41.804579
UNSEEN_PAY_000175,UNSEEN_CUST_01269,12205.06,upi,successful,,,1,2026-07-25 19:27:41.804579
UNSEEN_PAY_000176,UNSEEN_CUST_00374,4920.35,card,successful,,,1,2026-06-13 05:09:41.804579
UNSEEN_PAY_000177,UNSEEN_CUST_00948,34095.39,upi,failed,UNKNOWN_ERROR,unknown_failure,1,2026-08-19 09:00:41.804579
UNSEEN_PAY_000178,UNSEEN_CUST_01010,3627.41,upi,failed,TRANSACTION_LIMIT_EXCEEDED,limit_exceeded,1,2026-08-10 14:09:41.804579
UNSEEN_PAY_000179,UNSEEN_CUST_00077,24496.68,card,successful,,,1,2026-08-10 05:10:41.804579
UNSEEN_PAY_000180,UNSEEN_CUST_00438,37503.94,upi,successful,,,1,2026-07-26 22:29:41.804579
UNSEEN_PAY_000181,UNSEEN_CUST_01188,80822.1,upi,successful,,,1,2026-06-25 16:56:41.804579
UNSEEN_PAY_000182,UNSEEN_CUST_00151,41459.33,upi,failed,UNKNOWN_ERROR,unknown_failure,1,2026-07-15 02:25:41.805579
UNSEEN_PAY_000183,UNSEEN_CUST_00572,42464.26,card,successful,,,1,2026-06-19 18:05:41.805579
UNSEEN_PAY_000184,UNSEEN_CUST_01963,13984.24,upi,failed,PROCESSING_TIMEOUT,timeout,1,2026-08-15 20:02:41.805579
UNSEEN_PAY_000185,UNSEEN_CUST_00529,3071.26,upi,successful,,,1,2026-06-02 05:21:41.805579
UNSEEN_PAY_000186,UNSEEN_CUST_01275,25471.86,upi,successful,,,1,2026-08-17 19:29:41.805579
UNSEEN_PAY_000187,UNSEEN_CUST_00913,8660.95,upi,failed,BANK_SERVICE_UNAVAILABLE,temporary_bank_failure,1,2026-06-21 10:52:41.805579
UNSEEN_PAY_000188,UNSEEN_CUST_01429,46651.57,card,successful,,,1,2026-07-29 07:54:41.805579
UNSEEN_PAY_000189,UNSEEN_CUST_01927,46657.77,upi,successful,,,1,2026-07-03 17:11:41.805579
UNSEEN_PAY_000190,UNSEEN_CUST_01976,2767.25,card,failed,INSUFFICIENT_BALANCE,insufficient_funds,1,2026-06-30 19:18:41.805579
UNSEEN_PAY_000191,UNSEEN_CUST_00239,19416.98,card,successful,,,1,2026-07-08 16:49:41.805579
UNSEEN_PAY_000192,UNSEEN_CUST_00189,26675.46,card,successful,,,1,2026-08-03 16:12:41.805579
UNSEEN_PAY_000193,UNSEEN_CUST_00466,7847.82,upi,failed,RISK_DECLINED,risk_decline,1,2026-08-10 22:00:41.805579
UNSEEN_PAY_000194,UNSEEN_CUST_01885,29066.02,card,successful,,,1,2026-08-02 02:03:41.805579
UNSEEN_PAY_000195,UNSEEN_CUST_00721,24174.57,upi,successful,,,1,2026-07-30 14:46:41.805579
UNSEEN_PAY_000196,UNSEEN_CUST_01319,45737.74,upi,successful,,,1,2026-06-19 05:45:41.805579
UNSEEN_PAY_000197,UNSEEN_CUST_00282,16194.29,upi,successful,,,1,2026-07-24 09:47:41.805579
UNSEEN_PAY_000198,UNSEEN_CUST_01282,10173.04,upi,successful,,,1,2026-06-05 06:57:41.805579
UNSEEN_PAY_000199,UNSEEN_CUST_00465,3843.68,upi,successful,,,1,2026-07-05 06:55:41.805579
UNSEEN_PAY_000200,UNSEEN_CUST_00137,24999.58,upi,successful,,,1,2026-06-21 01:23:41.805579
UNSEEN_PAY_000201,UNSEEN_CUST_01405,23367.15,upi,failed,FUNDS_NOT_AVAILABLE,insufficient_funds,1,2026-08-25 12:55:41.805579
UNSEEN_PAY_000202,UNSEEN_CUST_00006,40601.37,upi,failed,CUSTOMER_AUTH_FAILED,authentication_failed,1,2026-07-23 12:02:41.806579
UNSEEN_PAY_000203,UNSEEN_CUST_01225,36526.61,netbanking,successful,,,1,2026-06-19 20:30:41.806579
UNSEEN_PAY_000204,UNSEEN_CUST_00128,1109.87,upi,successful,,,1,2026-08-15 06:02:41.806579
UNSEEN_PAY_000205,UNSEEN_CUST_01910,15615.63,upi,successful,,,1,2026-06-05 01:22:41.806579
UNSEEN_PAY_000206,UNSEEN_CUST_01875,8456.79,netbanking,successful,,,1,2026-07-03 04:12:41.806579
UNSEEN_PAY_000207,UNSEEN_CUST_01938,35168.05,upi,successful,,,1,2026-08-07 09:30:41.806579
UNSEEN_PAY_000208,UNSEEN_CUST_01278,34949.24,card,successful,,,1,2026-07-23 14:55:41.806579
UNSEEN_PAY_000209,UNSEEN_CUST_00909,19012.23,card,successful,,,1,2026-08-12 15:51:41.806579
UNSEEN_PAY_000210,UNSEEN_CUST_00039,76367.51,netbanking,successful,,,1,2026-07-28 07:53:41.806579
UNSEEN_PAY_000211,UNSEEN_CUST_01542,11140.65,upi,failed,AUTHENTICATION_FAILED,authentication_failed,1,2026-06-01 16:30:41.806579
UNSEEN_PAY_000212,UNSEEN_CUST_01721,48933.42,upi,successful,,,1,2026-06-06 08:24:41.806579
UNSEEN_PAY_000213,UNSEEN_CUST_01089,48457.24,card,failed,FUNDS_NOT_AVAILABLE,insufficient_funds,1,2026-08-19 21:19:41.806579
UNSEEN_PAY_000214,UNSEEN_CUST_00276,9728.43,card,successful,,,1,2026-07-11 08:08:41.806579
UNSEEN_PAY_000215,UNSEEN_CUST_00718,6511.07,card,failed,FUNDS_NOT_AVAILABLE,insufficient_funds,1,2026-06-04 22:05:41.806579
UNSEEN_PAY_000216,UNSEEN_CUST_01369,99718.33,upi,successful,,,1,2026-08-20 21:12:41.806579
UNSEEN_PAY_000217,UNSEEN_CUST_00470,7531.95,upi,successful,,,1,2026-06-15 02:55:41.806579
UNSEEN_PAY_000218,UNSEEN_CUST_00831,3393.9,card,successful,,,1,2026-06-07 14:35:41.806579
UNSEEN_PAY_000219,UNSEEN_CUST_01692,35057.76,netbanking,successful,,,1,2026-07-16 09:45:41.806579
UNSEEN_PAY_000220,UNSEEN_CUST_01785,23863.11,card,failed,FUNDS_NOT_AVAILABLE,insufficient_funds,1,2026-08-10 09:09:41.806579
UNSEEN_PAY_000221,UNSEEN_CUST_01605,99942.31,netbanking,successful,,,1,2026-08-22 20:02:41.806579
UNSEEN_PAY_000222,UNSEEN_CUST_01877,31427.79,upi,successful,,,1,2026-07-08 22:21:41.807579
UNSEEN_PAY_000223,UNSEEN_CUST_01290,36048.98,upi,failed,RISK_DECLINED,risk_decline,1,2026-08-16 10:48:41.807579
UNSEEN_PAY_000224,UNSEEN_CUST_00310,26393.26,card,failed,CARD_EXPIRED,expired_instrument,1,2026-08-08 03:54:41.807579
UNSEEN_PAY_000225,UNSEEN_CUST_00750,17300.2,upi,successful,,,1,2026-08-06 08:10:41.807579
UNSEEN_PAY_000226,UNSEEN_CUST_01667,7052.53,upi,successful,,,1,2026-06-08 15:37:41.807579
UNSEEN_PAY_000227,UNSEEN_CUST_01311,24896.82,upi,successful,,,1,2026-07-04 12:05:41.807579
UNSEEN_PAY_000228,UNSEEN_CUST_01418,3371.73,upi,failed,LIMIT_EXCEEDED,limit_exceeded,1,2026-05-30 08:22:41.807579
UNSEEN_PAY_000229,UNSEEN_CUST_01252,23812.9,upi,successful,,,1,2026-07-13 19:36:41.807579
UNSEEN_PAY_000230,UNSEEN_CUST_01306,18619.25,upi,failed,CARD_EXPIRED,expired_instrument,1,2026-08-03 10:53:41.807579
UNSEEN_PAY_000231,UNSEEN_CUST_00877,28693.32,upi,successful,,,1,2026-08-10 13:32:41.807579
UNSEEN_PAY_000232,UNSEEN_CUST_00813,33808.59,card,successful,,,1,2026-06-19 02:37:41.807579
UNSEEN_PAY_000233,UNSEEN_CUST_01915,3718.85,netbanking,successful,,,1,2026-07-12 23:51:41.807579
UNSEEN_PAY_000234,UNSEEN_CUST_00556,2187.45,netbanking,failed,NETWORK_TIMEOUT,timeout,2,2026-05-29 20:54:41.807579
UNSEEN_PAY_000235,UNSEEN_CUST_00602,9775.45,netbanking,successful,,,1,2026-07-07 01:08:41.807579
UNSEEN_PAY_000236,UNSEEN_CUST_00517,21026.36,upi,successful,,,1,2026-06-11 03:21:41.807579
UNSEEN_PAY_000237,UNSEEN_CUST_01888,21664.33,upi,failed,LIMIT_EXCEEDED,limit_exceeded,1,2026-08-03 17:10:41.807579
UNSEEN_PAY_000238,UNSEEN_CUST_01162,45219.69,netbanking,successful,,,1,2026-07-20 01:09:41.807579
UNSEEN_PAY_000239,UNSEEN_CUST_01794,4714.3,upi,successful,,,1,2026-07-30 18:32:41.808988
UNSEEN_PAY_000240,UNSEEN_CUST_00759,8433.55,upi,successful,,,1,2026-06-03 23:33:41.808988
UNSEEN_PAY_000241,UNSEEN_CUST_00368,40832.95,card,successful,,,1,2026-07-14 17:58:41.808988
UNSEEN_PAY_000242,UNSEEN_CUST_01879,27797.19,card,successful,,,1,2026-06-02 11:50:41.808988
UNSEEN_PAY_000243,UNSEEN_CUST_00795,36696.74,upi,successful,,,1,2026-06-03 08:59:41.808988
UNSEEN_PAY_000244,UNSEEN_CUST_01989,11409.79,card,successful,,,1,2026-06-09 22:02:41.808988
UNSEEN_PAY_000245,UNSEEN_CUST_00020,17122.71,upi,successful,,,1,2026-08-25 05:46:41.808988
UNSEEN_PAY_000246,UNSEEN_CUST_00511,32838.89,card,successful,,,1,2026-07-17 07:57:41.808988
UNSEEN_PAY_000247,UNSEEN_CUST_01616,33477.87,upi,successful,,,1,2026-07-16 15:52:41.808988
UNSEEN_PAY_000248,UNSEEN_CUST_01276,8956.66,upi,failed,BANK_SERVICE_UNAVAILABLE,temporary_bank_failure,1,2026-06-30 10:22:41.808988
UNSEEN_PAY_000249,UNSEEN_CUST_01855,5113.36,netbanking,successful,,,1,2026-07-17 23:39:41.808988
UNSEEN_PAY_000250,UNSEEN_CUST_01328,37113.0,upi,successful,,,1,2026-06-18 14:39:41.808988
UNSEEN_PAY_000251,UNSEEN_CUST_01566,24896.56,upi,successful,,,1,2026-06-22 08:17:41.808988
UNSEEN_PAY_000252,UNSEEN_CUST_01216,41313.4,card,successful,,,1,2026-08-14 02:31:41.808988
UNSEEN_PAY_000253,UNSEEN_CUST_00183,40918.42,card,successful,,,1,2026-08-14 23:14:41.808988
UNSEEN_PAY_000254,UNSEEN_CUST_00860,10087.15,upi,successful,,,1,2026-07-26 19:30:41.808988
UNSEEN_PAY_000255,UNSEEN_CUST_00231,97423.03,upi,successful,,,1,2026-08-17 00:58:41.808988
UNSEEN_PAY_000256,UNSEEN_CUST_00251,2400.0,card,successful,,,1,2026-07-17 06:06:41.808988
UNSEEN_PAY_000257,UNSEEN_CUST_00869,11600.96,upi,successful,,,1,2026-07-30 15:02:41.808988
UNSEEN_PAY_000258,UNSEEN_CUST_00577,9752.01,upi,successful,,,1,2026-06-16 16:30:41.808988
UNSEEN_PAY_000259,UNSEEN_CUST_01741,21433.16,upi,successful,,,1,2026-06-09 12:50:41.808988
UNSEEN_PAY_000260,UNSEEN_CUST_00708,625.93,upi,successful,,,1,2026-07-31 17:03:41.808988
UNSEEN_PAY_000261,UNSEEN_CUST_00677,10048.83,upi,failed,FUNDS_NOT_AVAILABLE,insufficient_funds,1,2026-06-15 10:47:41.808988
UNSEEN_PAY_000262,UNSEEN_CUST_01678,40470.28,card,successful,,,1,2026-08-17 11:43:41.808988
UNSEEN_PAY_000263,UNSEEN_CUST_01753,15994.9,upi,successful,,,1,2026-08-18 16:30:41.808988
UNSEEN_PAY_000264,UNSEEN_CUST_01664,17290.36,upi,successful,,,1,2026-06-10 09:53:41.809992
UNSEEN_PAY_000265,UNSEEN_CUST_00617,5664.56,upi,successful,,,1,2026-08-08 22:38:41.809992
UNSEEN_PAY_000266,UNSEEN_CUST_01304,15133.27,upi,successful,,,1,2026-06-24 13:33:41.809992
UNSEEN_PAY_000267,UNSEEN_CUST_00414,5492.98,upi,successful,,,1,2026-08-01 03:51:41.809992
UNSEEN_PAY_000268,UNSEEN_CUST_01473,6792.5,upi,failed,FUNDS_NOT_AVAILABLE,insufficient_funds,1,2026-07-13 01:28:41.809992
UNSEEN_PAY_000269,UNSEEN_CUST_01131,30345.93,upi,successful,,,1,2026-07-05 12:38:41.809992
UNSEEN_PAY_000270,UNSEEN_CUST_01620,17287.01,upi,successful,,,1,2026-08-18 23:45:41.809992
UNSEEN_PAY_000271,UNSEEN_CUST_01518,37687.75,card,successful,,,1,2026-07-05 03:12:41.809992
UNSEEN_PAY_000272,UNSEEN_CUST_00907,6121.52,upi,successful,,,1,2026-06-08 21:48:41.809992
UNSEEN_PAY_000273,UNSEEN_CUST_01947,3083.57,netbanking,successful,,,1,2026-08-25 23:43:41.809992
UNSEEN_PAY_000274,UNSEEN_CUST_00739,28187.15,card,failed,UNSPECIFIED_DECLINE,unknown_failure,1,2026-08-13 12:56:41.809992
UNSEEN_PAY_000275,UNSEEN_CUST_00513,41852.43,card,failed,INSTRUMENT_EXPIRED,expired_instrument,1,2026-07-10 03:30:41.809992
UNSEEN_PAY_000276,UNSEEN_CUST_01738,27109.64,netbanking,failed,CARD_BLOCKED,blocked_instrument,1,2026-08-18 03:49:41.809992
UNSEEN_PAY_000277,UNSEEN_CUST_01526,49755.41,upi,successful,,,1,2026-08-03 10:43:41.809992
UNSEEN_PAY_000278,UNSEEN_CUST_00857,47031.98,upi,successful,,,1,2026-07-13 06:23:41.809992
UNSEEN_PAY_000279,UNSEEN_CUST_00335,2134.75,upi,successful,,,1,2026-07-11 20:12:41.809992
UNSEEN_PAY_000280,UNSEEN_CUST_00842,40050.32,upi,successful,,,1,2026-06-22 10:28:41.810992
UNSEEN_PAY_000281,UNSEEN_CUST_00482,32711.17,card,failed,POLICY_DECLINED,risk_decline,1,2026-08-02 07:00:41.810992
UNSEEN_PAY_000282,UNSEEN_CUST_00040,24205.29,upi,successful,,,1,2026-07-21 11:38:41.810992
UNSEEN_PAY_000283,UNSEEN_CUST_01698,13677.59,card,successful,,,1,2026-07-24 22:39:41.810992
UNSEEN_PAY_000284,UNSEEN_CUST_00947,11128.07,upi,successful,,,1,2026-08-16 05:26:41.810992
UNSEEN_PAY_000285,UNSEEN_CUST_01323,16390.49,card,successful,,,1,2026-08-26 02:07:41.810992
UNSEEN_PAY_000286,UNSEEN_CUST_00074,11996.28,upi,failed,BANK_TEMPORARY_ERROR,temporary_bank_failure,1,2026-07-15 12:08:41.810992
UNSEEN_PAY_000287,UNSEEN_CUST_01092,20583.15,upi,successful,,,1,2026-07-17 04:37:41.810992
UNSEEN_PAY_000288,UNSEEN_CUST_01564,49877.11,upi,successful,,,1,2026-06-08 20:04:41.811992
UNSEEN_PAY_000289,UNSEEN_CUST_00454,27411.02,upi,successful,,,1,2026-06-21 02:45:41.811992
UNSEEN_PAY_000290,UNSEEN_CUST_01674,34235.66,card,failed,INSTRUMENT_BLOCKED,blocked_instrument,1,2026-06-08 00:19:41.811992
UNSEEN_PAY_000291,UNSEEN_CUST_00795,42785.15,card,successful,,,1,2026-06-04 14:54:41.811992
UNSEEN_PAY_000292,UNSEEN_CUST_01340,14944.89,netbanking,successful,,,1,2026-08-02 05:31:41.811992
UNSEEN_PAY_000293,UNSEEN_CUST_00375,49889.27,netbanking,successful,,,1,2026-06-19 14:51:41.811992
UNSEEN_PAY_000294,UNSEEN_CUST_00780,70014.12,upi,successful,,,1,2026-06-06 08:32:41.811992
UNSEEN_PAY_000295,UNSEEN_CUST_00248,4255.64,card,successful,,,1,2026-05-29 01:55:41.811992
UNSEEN_PAY_000296,UNSEEN_CUST_01590,19644.87,upi,failed,NETWORK_TIMEOUT,timeout,1,2026-08-07 15:59:41.811992
UNSEEN_PAY_000297,UNSEEN_CUST_01795,48732.29,upi,successful,,,1,2026-06-12 12:06:41.811992
UNSEEN_PAY_000298,UNSEEN_CUST_00863,38599.23,card,failed,UNSPECIFIED_DECLINE,unknown_failure,1,2026-06-16 22:40:41.811992
UNSEEN_PAY_000299,UNSEEN_CUST_01539,25760.35,upi,successful,,,1,2026-08-02 21:21:41.811992
UNSEEN_PAY_000300,UNSEEN_CUST_01039,36386.32,upi,successful,,,1,2026-08-14 22:15:41.812993
UNSEEN_PAY_000301,UNSEEN_CUST_01289,12658.97,upi,successful,,,1,2026-07-04 11:29:41.812993
UNSEEN_PAY_000302,UNSEEN_CUST_01442,48718.94,netbanking,successful,,,1,2026-07-17 12:33:41.812993
UNSEEN_PAY_000303,UNSEEN_CUST_00713,30444.46,card,successful,,,1,2026-08-24 07:18:41.812993
UNSEEN_PAY_000304,UNSEEN_CUST_01136,22641.2,netbanking,successful,,,1,2026-07-23 22:29:41.812993
UNSEEN_PAY_000305,UNSEEN_CUST_01199,18967.62,upi,successful,,,1,2026-06-11 01:37:41.812993
UNSEEN_PAY_000306,UNSEEN_CUST_01536,13701.98,card,successful,,,1,2026-08-25 03:31:41.812993
UNSEEN_PAY_000307,UNSEEN_CUST_01647,32301.63,upi,successful,,,1,2026-06-15 00:36:41.812993
UNSEEN_PAY_000308,UNSEEN_CUST_01272,6591.23,upi,successful,,,1,2026-07-08 07:21:41.812993
UNSEEN_PAY_000309,UNSEEN_CUST_00163,45494.87,upi,successful,,,1,2026-06-22 20:40:41.812993
UNSEEN_PAY_000310,UNSEEN_CUST_01380,31724.29,upi,successful,,,1,2026-06-05 14:12:41.812993
UNSEEN_PAY_000311,UNSEEN_CUST_01716,1766.55,upi,failed,CUSTOMER_AUTH_FAILED,authentication_failed,1,2026-06-22 15:31:41.812993
UNSEEN_PAY_000312,UNSEEN_CUST_01954,13253.94,card,successful,,,1,2026-06-24 05:24:41.813992
UNSEEN_PAY_000313,UNSEEN_CUST_00648,5340.53,upi,successful,,,1,2026-07-12 16:12:41.813992
UNSEEN_PAY_000314,UNSEEN_CUST_01621,46640.23,upi,successful,,,1,2026-07-03 13:52:41.813992
UNSEEN_PAY_000315,UNSEEN_CUST_00038,38848.16,upi,successful,,,1,2026-07-25 14:26:41.813992
UNSEEN_PAY_000316,UNSEEN_CUST_01338,48223.04,upi,failed,UNKNOWN_ERROR,unknown_failure,1,2026-07-10 21:08:41.813992
UNSEEN_PAY_000317,UNSEEN_CUST_01820,44772.68,upi,successful,,,1,2026-06-20 14:24:41.813992
UNSEEN_PAY_000318,UNSEEN_CUST_01416,25698.05,upi,failed,CARD_EXPIRED,expired_instrument,1,2026-08-06 22:37:41.813992
UNSEEN_PAY_000319,UNSEEN_CUST_01142,49526.13,upi,successful,,,1,2026-06-21 04:58:41.813992
UNSEEN_PAY_000320,UNSEEN_CUST_01941,25026.82,upi,successful,,,1,2026-08-17 02:19:41.813992
UNSEEN_PAY_000321,UNSEEN_CUST_01036,38370.86,upi,successful,,,1,2026-07-17 16:44:41.813992
UNSEEN_PAY_000322,UNSEEN_CUST_00029,57697.08,upi,successful,,,1,2026-08-03 03:49:41.813992
UNSEEN_PAY_000323,UNSEEN_CUST_00266,38926.54,netbanking,successful,,,1,2026-08-08 07:29:41.813992
UNSEEN_PAY_000324,UNSEEN_CUST_01216,17881.8,upi,successful,,,1,2026-06-17 01:04:41.813992
UNSEEN_PAY_000325,UNSEEN_CUST_00676,7688.32,upi,successful,,,1,2026-08-21 12:08:41.813992
UNSEEN_PAY_000326,UNSEEN_CUST_00940,20763.95,upi,successful,,,1,2026-06-25 03:06:41.813992
UNSEEN_PAY_000327,UNSEEN_CUST_01160,32296.59,upi,successful,,,1,2026-06-06 07:32:41.813992
UNSEEN_PAY_000328,UNSEEN_CUST_01746,95257.48,upi,successful,,,1,2026-06-10 10:08:41.813992
UNSEEN_PAY_000329,UNSEEN_CUST_01283,9547.05,card,successful,,,1,2026-08-14 02:24:41.813992
UNSEEN_PAY_000330,UNSEEN_CUST_01784,28644.06,card,failed,FUNDS_NOT_AVAILABLE,insufficient_funds,1,2026-07-27 13:16:41.813992
UNSEEN_PAY_000331,UNSEEN_CUST_01110,43048.88,netbanking,successful,,,1,2026-07-30 14:18:41.813992
UNSEEN_PAY_000332,UNSEEN_CUST_01556,34499.87,card,successful,,,1,2026-07-30 12:15:41.813992
UNSEEN_PAY_000333,UNSEEN_CUST_01366,23271.87,card,successful,,,1,2026-07-26 09:14:41.813992
UNSEEN_PAY_000334,UNSEEN_CUST_01980,27578.86,upi,successful,,,1,2026-07-12 18:32:41.813992
UNSEEN_PAY_000335,UNSEEN_CUST_00692,67044.37,card,successful,,,1,2026-07-18 02:04:41.814992
UNSEEN_PAY_000336,UNSEEN_CUST_00537,27361.17,card,successful,,,1,2026-07-14 08:06:41.814992
UNSEEN_PAY_000337,UNSEEN_CUST_00170,46120.24,upi,successful,,,1,2026-07-02 16:52:41.814992
UNSEEN_PAY_000338,UNSEEN_CUST_01819,4788.45,card,successful,,,1,2026-06-13 09:36:41.814992
UNSEEN_PAY_000339,UNSEEN_CUST_00147,75582.24,upi,successful,,,1,2026-07-04 10:31:41.814992
UNSEEN_PAY_000340,UNSEEN_CUST_00462,23880.12,card,failed,BANK_SERVICE_UNAVAILABLE,temporary_bank_failure,1,2026-08-08 21:21:41.814992
UNSEEN_PAY_000341,UNSEEN_CUST_01300,21901.97,card,failed,LIMIT_EXCEEDED,limit_exceeded,1,2026-07-14 01:58:41.814992
UNSEEN_PAY_000342,UNSEEN_CUST_01163,5424.92,upi,failed,UNKNOWN_ERROR,unknown_failure,1,2026-07-07 01:06:41.814992
UNSEEN_PAY_000343,UNSEEN_CUST_01499,48001.38,upi,successful,,,1,2026-07-04 10:12:41.814992
UNSEEN_PAY_000344,UNSEEN_CUST_00536,3807.6,card,successful,,,1,2026-06-06 20:42:41.814992
UNSEEN_PAY_000345,UNSEEN_CUST_01589,39697.53,upi,failed,FUNDS_NOT_AVAILABLE,insufficient_funds,1,2026-07-12 11:57:41.814992
UNSEEN_PAY_000346,UNSEEN_CUST_00833,40614.85,netbanking,failed,BANK_TEMPORARY_ERROR,temporary_bank_failure,1,2026-07-05 05:46:41.814992
UNSEEN_PAY_000347,UNSEEN_CUST_00069,20086.58,upi,successful,,,1,2026-08-01 16:00:41.814992
UNSEEN_PAY_000348,UNSEEN_CUST_00454,33701.69,netbanking,failed,RISK_DECLINED,risk_decline,2,2026-07-26 05:24:41.814992
UNSEEN_PAY_000349,UNSEEN_CUST_00032,46820.67,card,successful,,,1,2026-05-28 19:50:41.814992
UNSEEN_PAY_000350,UNSEEN_CUST_00337,27018.5,card,failed,PROCESSING_TIMEOUT,timeout,1,2026-07-01 01:00:41.814992
UNSEEN_PAY_000351,UNSEEN_CUST_00651,40931.14,upi,successful,,,1,2026-07-05 13:30:41.814992
UNSEEN_PAY_000352,UNSEEN_CUST_00344,4078.14,upi,successful,,,1,2026-08-13 21:29:41.814992
UNSEEN_PAY_000353,UNSEEN_CUST_00959,97762.53,upi,failed,NETWORK_TIMEOUT,timeout,1,2026-06-05 22:59:41.814992
UNSEEN_PAY_000354,UNSEEN_CUST_01965,49267.46,upi,failed,UNSPECIFIED_DECLINE,temporary_bank_failure,1,2026-06-12 12:02:41.814992
UNSEEN_PAY_000355,UNSEEN_CUST_01357,83533.58,upi,failed,RISK_DECLINED,risk_decline,1,2026-06-13 18:58:41.814992
UNSEEN_PAY_000356,UNSEEN_CUST_00783,10216.5,upi,successful,,,1,2026-06-18 12:05:41.815991
UNSEEN_PAY_000357,UNSEEN_CUST_00246,7281.66,card,failed,FUNDS_NOT_AVAILABLE,insufficient_funds,1,2026-08-23 10:35:41.815991
UNSEEN_PAY_000358,UNSEEN_CUST_01532,19354.06,card,successful,,,1,2026-08-08 03:25:41.815991
UNSEEN_PAY_000359,UNSEEN_CUST_00066,19261.28,card,successful,,,1,2026-08-17 04:24:41.815991
UNSEEN_PAY_000360,UNSEEN_CUST_00468,16964.35,netbanking,successful,,,1,2026-06-18 05:23:41.815991
UNSEEN_PAY_000361,UNSEEN_CUST_01806,7433.1,card,successful,,,1,2026-06-23 23:51:41.815991
UNSEEN_PAY_000362,UNSEEN_CUST_00251,10087.36,upi,successful,,,1,2026-06-05 07:53:41.815991
UNSEEN_PAY_000363,UNSEEN_CUST_01997,15859.93,upi,failed,FUNDS_NOT_AVAILABLE,insufficient_funds,1,2026-08-09 05:29:41.815991
UNSEEN_PAY_000364,UNSEEN_CUST_01399,38261.56,upi,successful,,,1,2026-07-11 21:24:41.815991
UNSEEN_PAY_000365,UNSEEN_CUST_00646,34879.19,upi,successful,,,1,2026-07-05 10:28:41.815991
UNSEEN_PAY_000366,UNSEEN_CUST_01820,33730.28,card,successful,,,1,2026-08-17 15:21:41.815991
UNSEEN_PAY_000367,UNSEEN_CUST_01033,39937.58,card,failed,FUNDS_NOT_AVAILABLE,insufficient_funds,1,2026-08-05 06:54:41.815991
UNSEEN_PAY_000368,UNSEEN_CUST_01887,73876.77,upi,successful,,,1,2026-06-03 16:34:41.815991
UNSEEN_PAY_000369,UNSEEN_CUST_01320,22625.07,netbanking,successful,,,1,2026-07-07 18:54:41.815991
UNSEEN_PAY_000370,UNSEEN_CUST_00462,46383.85,upi,successful,,,1,2026-08-12 12:18:41.815991
UNSEEN_PAY_000371,UNSEEN_CUST_00093,28328.0,netbanking,successful,,,1,2026-08-16 10:26:41.815991
UNSEEN_PAY_000372,UNSEEN_CUST_01675,9759.85,netbanking,successful,,,1,2026-06-21 03:58:41.815991
UNSEEN_PAY_000373,UNSEEN_CUST_01511,41365.5,upi,failed,BANK_TEMPORARY_ERROR,temporary_bank_failure,1,2026-08-02 13:35:41.815991
UNSEEN_PAY_000374,UNSEEN_CUST_00407,15938.9,upi,successful,,,1,2026-07-20 00:26:41.815991
UNSEEN_PAY_000375,UNSEEN_CUST_01881,15497.79,card,successful,,,1,2026-07-09 18:53:41.815991
UNSEEN_PAY_000376,UNSEEN_CUST_01603,39105.8,upi,failed,INSUFFICIENT_BALANCE,insufficient_funds,1,2026-06-10 02:30:41.815991
UNSEEN_PAY_000377,UNSEEN_CUST_01296,4793.97,upi,successful,,,1,2026-05-28 19:55:41.815991
UNSEEN_PAY_000378,UNSEEN_CUST_01350,14802.5,upi,successful,,,1,2026-06-22 05:43:41.816991
UNSEEN_PAY_000379,UNSEEN_CUST_00675,18806.96,upi,successful,,,1,2026-07-27 22:57:41.816991
UNSEEN_PAY_000380,UNSEEN_CUST_00390,37921.36,card,successful,,,1,2026-06-19 03:16:41.816991
UNSEEN_PAY_000381,UNSEEN_CUST_00990,27498.07,upi,successful,,,1,2026-06-19 11:46:41.816991
UNSEEN_PAY_000382,UNSEEN_CUST_00500,13351.24,card,successful,,,1,2026-06-02 20:48:41.816991
UNSEEN_PAY_000383,UNSEEN_CUST_00342,11567.79,upi,failed,CUSTOMER_AUTH_FAILED,authentication_failed,1,2026-06-20 07:39:41.816991
UNSEEN_PAY_000384,UNSEEN_CUST_01775,3516.31,upi,failed,BANK_TEMPORARY_ERROR,temporary_bank_failure,1,2026-06-17 21:27:41.816991
UNSEEN_PAY_000385,UNSEEN_CUST_01885,25646.84,netbanking,failed,BANK_SERVICE_UNAVAILABLE,temporary_bank_failure,2,2026-07-20 23:30:41.816991
UNSEEN_PAY_000386,UNSEEN_CUST_00274,19466.98,upi,successful,,,1,2026-07-18 03:54:41.816991
UNSEEN_PAY_000387,UNSEEN_CUST_00490,44504.3,upi,successful,,,1,2026-07-30 20:41:41.816991
UNSEEN_PAY_000388,UNSEEN_CUST_00090,5027.6,upi,successful,,,1,2026-07-15 05:09:41.816991
UNSEEN_PAY_000389,UNSEEN_CUST_01923,9214.89,upi,successful,,,2,2026-07-18 21:23:41.816991
UNSEEN_PAY_000390,UNSEEN_CUST_01087,40883.17,upi,successful,,,1,2026-08-02 08:29:41.816991
UNSEEN_PAY_000391,UNSEEN_CUST_01077,37079.4,upi,successful,,,1,2026-07-14 08:18:41.816991
UNSEEN_PAY_000392,UNSEEN_CUST_01761,37021.81,upi,successful,,,1,2026-08-07 10:05:41.816991
UNSEEN_PAY_000393,UNSEEN_CUST_00396,87120.45,upi,successful,,,1,2026-08-19 10:41:41.816991
UNSEEN_PAY_000394,UNSEEN_CUST_01491,46234.12,card,successful,,,1,2026-08-06 02:51:41.816991
UNSEEN_PAY_000395,UNSEEN_CUST_01401,47366.57,upi,successful,,,1,2026-07-26 17:53:41.816991
UNSEEN_PAY_000396,UNSEEN_CUST_00019,42749.43,upi,successful,,,1,2026-06-12 23:06:41.816991
UNSEEN_PAY_000397,UNSEEN_CUST_01697,41612.85,upi,successful,,,1,2026-08-15 12:43:41.816991
UNSEEN_PAY_000398,UNSEEN_CUST_01590,39245.35,netbanking,successful,,,1,2026-07-01 08:47:41.816991
UNSEEN_PAY_000399,UNSEEN_CUST_00424,39359.53,upi,successful,,,1,2026-06-01 03:28:41.816991
UNSEEN_PAY_000400,UNSEEN_CUST_01713,36618.08,upi,successful,,,1,2026-06-17 01:59:41.816991
UNSEEN_PAY_000401,UNSEEN_CUST_01639,44937.11,upi,successful,,,1,2026-08-15 04:40:41.817991
UNSEEN_PAY_000402,UNSEEN_CUST_01435,14677.77,upi,successful,,,1,2026-08-17 09:51:41.817991
UNSEEN_PAY_000403,UNSEEN_CUST_01495,48407.21,upi,successful,,,1,2026-05-29 17:26:41.817991
UNSEEN_PAY_000404,UNSEEN_CUST_00458,3202.53,upi,successful,,,1,2026-08-14 07:49:41.817991
UNSEEN_PAY_000405,UNSEEN_CUST_01685,48574.13,card,successful,,,1,2026-07-23 21:22:41.817991
UNSEEN_PAY_000406,UNSEEN_CUST_01489,37762.02,upi,successful,,,1,2026-07-21 11:12:41.817991
UNSEEN_PAY_000407,UNSEEN_CUST_00071,23155.24,card,failed,BANK_SERVICE_UNAVAILABLE,temporary_bank_failure,1,2026-07-19 01:18:41.817991
UNSEEN_PAY_000408,UNSEEN_CUST_00522,2855.38,netbanking,successful,,,1,2026-05-29 00:06:41.817991
UNSEEN_PAY_000409,UNSEEN_CUST_00233,7423.32,upi,successful,,,1,2026-06-04 18:06:41.817991
UNSEEN_PAY_000410,UNSEEN_CUST_00232,3152.1,upi,successful,,,1,2026-06-30 18:40:41.817991
UNSEEN_PAY_000411,UNSEEN_CUST_01449,34913.48,card,successful,,,1,2026-07-20 01:23:41.817991
UNSEEN_PAY_000412,UNSEEN_CUST_01476,41037.16,card,successful,,,1,2026-08-14 17:26:41.817991
UNSEEN_PAY_000413,UNSEEN_CUST_00926,7466.12,card,successful,,,1,2026-08-15 15:12:41.817991
UNSEEN_PAY_000414,UNSEEN_CUST_00030,18353.55,upi,failed,,temporary_bank_failure,1,2026-08-17 04:49:41.817991
UNSEEN_PAY_000415,UNSEEN_CUST_01386,2312.72,upi,failed,INSUFFICIENT_BALANCE,insufficient_funds,1,2026-06-01 07:25:41.817991
UNSEEN_PAY_000416,UNSEEN_CUST_00268,46423.17,card,successful,,,1,2026-05-29 15:38:41.817991
UNSEEN_PAY_000417,UNSEEN_CUST_00390,11479.8,upi,failed,CARD_EXPIRED,expired_instrument,2,2026-08-19 09:25:41.817991
UNSEEN_PAY_000418,UNSEEN_CUST_00492,30323.22,card,failed,UNKNOWN_ERROR,unknown_failure,1,2026-06-30 07:44:41.817991
UNSEEN_PAY_000419,UNSEEN_CUST_00853,7544.21,upi,successful,,,1,2026-07-04 13:47:41.817991
UNSEEN_PAY_000420,UNSEEN_CUST_01111,33717.46,card,successful,,,1,2026-07-12 17:11:41.817991
UNSEEN_PAY_000421,UNSEEN_CUST_00941,33025.51,card,failed,BANK_TEMPORARY_ERROR,temporary_bank_failure,1,2026-07-26 14:31:41.817991
UNSEEN_PAY_000422,UNSEEN_CUST_01843,24984.71,card,successful,,,1,2026-07-24 04:08:41.817991
UNSEEN_PAY_000423,UNSEEN_CUST_01565,14919.41,netbanking,successful,,,1,2026-06-27 04:05:41.817991
UNSEEN_PAY_000424,UNSEEN_CUST_00545,32378.21,upi,successful,,,1,2026-06-27 17:06:41.818991
UNSEEN_PAY_000425,UNSEEN_CUST_00539,11944.3,upi,failed,BANK_SERVICE_UNAVAILABLE,temporary_bank_failure,1,2026-06-06 17:13:41.818991
UNSEEN_PAY_000426,UNSEEN_CUST_00330,41945.79,upi,failed,UNKNOWN_ERROR,unknown_failure,1,2026-07-27 22:20:41.818991
UNSEEN_PAY_000427,UNSEEN_CUST_01856,11704.51,card,successful,,,1,2026-08-17 09:16:41.818991
UNSEEN_PAY_000428,UNSEEN_CUST_00773,12832.16,upi,successful,,,1,2026-07-01 13:13:41.818991
UNSEEN_PAY_000429,UNSEEN_CUST_01699,1245.79,card,successful,,,1,2026-07-30 04:15:41.818991
UNSEEN_PAY_000430,UNSEEN_CUST_01628,26189.98,upi,successful,,,1,2026-07-02 03:48:41.818991
UNSEEN_PAY_000431,UNSEEN_CUST_01881,2570.83,card,successful,,,1,2026-08-24 14:43:41.818991
UNSEEN_PAY_000432,UNSEEN_CUST_00339,24846.21,netbanking,successful,,,1,2026-07-29 06:15:41.818991
UNSEEN_PAY_000433,UNSEEN_CUST_00090,39627.36,netbanking,successful,,,1,2026-08-06 20:15:41.818991
UNSEEN_PAY_000434,UNSEEN_CUST_00364,47695.84,card,successful,,,1,2026-07-11 07:07:41.818991
UNSEEN_PAY_000435,UNSEEN_CUST_01967,36572.49,card,successful,,,1,2026-07-16 02:35:41.818991
UNSEEN_PAY_000436,UNSEEN_CUST_01558,25039.6,upi,successful,,,1,2026-07-13 01:43:41.818991
UNSEEN_PAY_000437,UNSEEN_CUST_01073,10173.75,card,failed,INSUFFICIENT_BALANCE,insufficient_funds,1,2026-06-23 23:35:41.818991
UNSEEN_PAY_000438,UNSEEN_CUST_00664,33321.17,card,successful,,,1,2026-08-20 01:27:41.818991
UNSEEN_PAY_000439,UNSEEN_CUST_00421,47885.42,upi,successful,,,1,2026-07-24 13:03:41.818991
UNSEEN_PAY_000440,UNSEEN_CUST_00616,3605.46,upi,successful,,,1,2026-07-09 06:31:41.818991
UNSEEN_PAY_000441,UNSEEN_CUST_01586,13833.16,upi,successful,,,1,2026-08-23 02:12:41.818991
UNSEEN_PAY_000442,UNSEEN_CUST_01614,18930.24,netbanking,successful,,,1,2026-07-14 09:50:41.818991
UNSEEN_PAY_000443,UNSEEN_CUST_00602,6073.28,upi,successful,,,2,2026-08-26 02:21:41.818991
UNSEEN_PAY_000444,UNSEEN_CUST_01866,21388.07,upi,successful,,,1,2026-07-21 05:06:41.818991
UNSEEN_PAY_000445,UNSEEN_CUST_00300,5627.65,upi,failed,BANK_TEMPORARY_ERROR,temporary_bank_failure,1,2026-07-29 04:40:41.818991
UNSEEN_PAY_000446,UNSEEN_CUST_01199,37086.17,card,successful,,,1,2026-06-01 01:07:41.818991
UNSEEN_PAY_000447,UNSEEN_CUST_01815,5676.4,netbanking,successful,,,1,2026-08-05 08:22:41.818991
UNSEEN_PAY_000448,UNSEEN_CUST_01962,18570.04,upi,successful,,,1,2026-06-21 16:25:41.819991
UNSEEN_PAY_000449,UNSEEN_CUST_00730,35324.26,netbanking,successful,,,1,2026-08-19 18:38:41.819991
UNSEEN_PAY_000450,UNSEEN_CUST_00631,5196.68,card,successful,,,1,2026-06-04 00:43:41.819991
UNSEEN_PAY_000451,UNSEEN_CUST_01093,8129.3,upi,successful,,,1,2026-07-01 06:44:41.819991
UNSEEN_PAY_000452,UNSEEN_CUST_01362,44897.33,netbanking,failed,FUNDS_NOT_AVAILABLE,insufficient_funds,1,2026-07-15 12:24:41.819991
UNSEEN_PAY_000453,UNSEEN_CUST_00245,6986.86,netbanking,successful,,,1,2026-06-21 20:53:41.819991
UNSEEN_PAY_000454,UNSEEN_CUST_01454,7192.31,upi,successful,,,1,2026-07-01 19:10:41.819991
UNSEEN_PAY_000455,UNSEEN_CUST_00807,1025.02,card,failed,TRANSACTION_LIMIT_EXCEEDED,limit_exceeded,1,2026-07-30 17:01:41.819991
UNSEEN_PAY_000456,UNSEEN_CUST_00165,18341.27,upi,failed,INSTRUMENT_BLOCKED,blocked_instrument,1,2026-06-07 22:49:41.819991
UNSEEN_PAY_000457,UNSEEN_CUST_00603,49340.27,upi,failed,FUNDS_NOT_AVAILABLE,insufficient_funds,1,2026-06-21 03:55:41.819991
UNSEEN_PAY_000458,UNSEEN_CUST_01027,4284.71,card,successful,,,1,2026-06-24 21:40:41.820991
UNSEEN_PAY_000459,UNSEEN_CUST_00958,27489.24,upi,successful,,,1,2026-08-17 20:10:41.820991
UNSEEN_PAY_000460,UNSEEN_CUST_01730,35284.63,card,successful,,,1,2026-08-06 23:45:41.820991
UNSEEN_PAY_000461,UNSEEN_CUST_01142,20870.13,upi,failed,NETWORK_TIMEOUT,timeout,1,2026-07-31 17:19:41.820991
UNSEEN_PAY_000462,UNSEEN_CUST_01420,32394.79,card,successful,,,1,2026-06-18 16:48:41.820991
UNSEEN_PAY_000463,UNSEEN_CUST_00543,14798.05,card,successful,,,1,2026-08-09 04:23:41.820991
UNSEEN_PAY_000464,UNSEEN_CUST_01162,9397.44,upi,successful,,,1,2026-07-23 19:01:41.820991
UNSEEN_PAY_000465,UNSEEN_CUST_01145,36417.02,upi,successful,,,1,2026-06-22 21:22:41.820991
UNSEEN_PAY_000466,UNSEEN_CUST_00403,11653.48,card,successful,,,1,2026-06-25 06:24:41.821991
UNSEEN_PAY_000467,UNSEEN_CUST_00477,35332.99,upi,successful,,,1,2026-08-01 11:17:41.821991
UNSEEN_PAY_000468,UNSEEN_CUST_00011,4495.17,upi,failed,FUNDS_NOT_AVAILABLE,insufficient_funds,1,2026-07-15 20:36:41.821991
UNSEEN_PAY_000469,UNSEEN_CUST_01088,26738.91,netbanking,successful,,,1,2026-07-15 19:48:41.821991
UNSEEN_PAY_000470,UNSEEN_CUST_01532,35059.85,upi,successful,,,1,2026-07-09 10:10:41.821991
UNSEEN_PAY_000471,UNSEEN_CUST_00193,89332.2,upi,successful,,,1,2026-07-07 11:44:41.823475
UNSEEN_PAY_000472,UNSEEN_CUST_01691,39141.82,netbanking,successful,,,1,2026-07-09 18:33:41.823475
UNSEEN_PAY_000473,UNSEEN_CUST_01044,43046.78,netbanking,successful,,,1,2026-06-23 03:43:41.823475
UNSEEN_PAY_000474,UNSEEN_CUST_01973,6331.33,netbanking,successful,,,1,2026-07-25 06:46:41.823475
UNSEEN_PAY_000475,UNSEEN_CUST_01128,40593.15,upi,successful,,,1,2026-08-19 06:51:41.823475
UNSEEN_PAY_000476,UNSEEN_CUST_00550,3307.19,upi,successful,,,1,2026-07-24 20:57:41.823475
UNSEEN_PAY_000477,UNSEEN_CUST_01863,48913.07,netbanking,failed,POLICY_DECLINED,risk_decline,1,2026-08-11 03:20:41.823475
UNSEEN_PAY_000478,UNSEEN_CUST_01905,14981.25,upi,successful,,,1,2026-08-12 10:20:41.823475
UNSEEN_PAY_000479,UNSEEN_CUST_00947,39614.97,upi,successful,,,1,2026-06-04 15:28:41.823475
UNSEEN_PAY_000480,UNSEEN_CUST_00187,7362.06,netbanking,successful,,,1,2026-07-17 05:26:41.823475
UNSEEN_PAY_000481,UNSEEN_CUST_01140,17603.12,upi,successful,,,1,2026-07-13 14:17:41.823475
UNSEEN_PAY_000482,UNSEEN_CUST_01843,5346.45,netbanking,successful,,,1,2026-07-01 18:54:41.823475
UNSEEN_PAY_000483,UNSEEN_CUST_00200,1534.14,card,successful,,,1,2026-08-15 23:40:41.823475
UNSEEN_PAY_000484,UNSEEN_CUST_00839,79196.67,upi,failed,CARD_EXPIRED,expired_instrument,1,2026-06-02 08:12:41.823475
UNSEEN_PAY_000485,UNSEEN_CUST_01508,24760.17,upi,successful,,,1,2026-06-05 06:16:41.824479
UNSEEN_PAY_000486,UNSEEN_CUST_00043,39072.15,card,successful,,,1,2026-06-09 22:33:41.824479
UNSEEN_PAY_000487,UNSEEN_CUST_01079,721.03,upi,successful,,,1,2026-07-13 09:47:41.824479
UNSEEN_PAY_000488,UNSEEN_CUST_00507,25873.96,upi,successful,,,1,2026-08-11 11:40:41.824479
UNSEEN_PAY_000489,UNSEEN_CUST_00535,22971.32,card,failed,BANK_TEMPORARY_ERROR,temporary_bank_failure,1,2026-08-01 14:08:41.824479
UNSEEN_PAY_000490,UNSEEN_CUST_00303,34356.86,upi,successful,,,1,2026-08-25 07:32:41.824479
UNSEEN_PAY_000491,UNSEEN_CUST_00064,14296.59,upi,successful,,,1,2026-08-08 05:08:41.824479
UNSEEN_PAY_000492,UNSEEN_CUST_01851,31757.39,card,successful,,,1,2026-06-09 15:54:41.824479
UNSEEN_PAY_000493,UNSEEN_CUST_00398,46126.29,upi,failed,BANK_SERVICE_UNAVAILABLE,temporary_bank_failure,1,2026-08-01 10:49:41.824479
UNSEEN_PAY_000494,UNSEEN_CUST_00122,11262.06,netbanking,successful,,,1,2026-06-15 22:35:41.824479
UNSEEN_PAY_000495,UNSEEN_CUST_01709,81679.31,upi,successful,,,1,2026-07-11 06:21:41.824479
UNSEEN_PAY_000496,UNSEEN_CUST_01966,48387.05,upi,failed,RISK_DECLINED,risk_decline,1,2026-07-08 21:08:41.824479
UNSEEN_PAY_000497,UNSEEN_CUST_01219,35043.72,upi,successful,,,1,2026-08-18 19:18:41.824479
UNSEEN_PAY_000498,UNSEEN_CUST_00282,3467.9,card,successful,,,1,2026-07-11 11:39:41.824479
UNSEEN_PAY_000499,UNSEEN_CUST_01746,86703.66,netbanking,failed,RISK_DECLINED,risk_decline,1,2026-06-24 00:52:41.824479
UNSEEN_PAY_000500,UNSEEN_CUST_00945,27124.34,card,successful,,,1,2026-06-28 00:51:41.824479
UNSEEN_PAY_000501,UNSEEN_CUST_01550,42878.68,card,failed,TRANSACTION_LIMIT_EXCEEDED,limit_exceeded,1,2026-08-01 15:23:41.824479
UNSEEN_PAY_000502,UNSEEN_CUST_00715,12143.73,upi,successful,,,1,2026-06-11 12:26:41.825479
UNSEEN_PAY_000503,UNSEEN_CUST_00061,2810.4,card,successful,,,1,2026-07-14 10:27:41.825479
UNSEEN_PAY_000504,UNSEEN_CUST_01242,41905.91,card,failed,BANK_TEMPORARY_ERROR,temporary_bank_failure,1,2026-08-07 01:41:41.825479
UNSEEN_PAY_000505,UNSEEN_CUST_00510,45399.6,card,successful,,,1,2026-08-06 16:27:41.825479
UNSEEN_PAY_000506,UNSEEN_CUST_01685,38845.85,card,failed,BANK_SERVICE_UNAVAILABLE,temporary_bank_failure,1,2026-08-02 12:51:41.825479
UNSEEN_PAY_000507,UNSEEN_CUST_00256,44449.44,card,successful,,,1,2026-07-18 15:34:41.825479
UNSEEN_PAY_000508,UNSEEN_CUST_01747,17598.49,card,successful,,,1,2026-06-01 01:25:41.825479
UNSEEN_PAY_000509,UNSEEN_CUST_01980,45091.67,upi,failed,PROCESSING_TIMEOUT,timeout,1,2026-06-23 16:54:41.825479
UNSEEN_PAY_000510,UNSEEN_CUST_00754,42545.5,upi,failed,NETWORK_TIMEOUT,timeout,1,2026-08-03 17:32:41.825479
UNSEEN_PAY_000511,UNSEEN_CUST_00916,25454.19,upi,successful,,,1,2026-08-17 04:23:41.825479
UNSEEN_PAY_000512,UNSEEN_CUST_00440,12502.12,upi,successful,,,1,2026-07-01 07:51:41.825479
UNSEEN_PAY_000513,UNSEEN_CUST_01789,38032.2,netbanking,successful,,,1,2026-08-19 09:31:41.825479
UNSEEN_PAY_000514,UNSEEN_CUST_01342,62427.65,card,successful,,,1,2026-05-29 16:45:41.825479
UNSEEN_PAY_000515,UNSEEN_CUST_01778,7119.78,upi,successful,,,1,2026-06-20 07:03:41.825479
UNSEEN_PAY_000516,UNSEEN_CUST_01493,17081.87,upi,failed,BANK_TEMPORARY_ERROR,temporary_bank_failure,1,2026-08-03 03:33:41.825479
UNSEEN_PAY_000517,UNSEEN_CUST_01851,29441.8,upi,successful,,,1,2026-07-26 10:28:41.825479
UNSEEN_PAY_000518,UNSEEN_CUST_01191,44923.67,upi,successful,,,1,2026-07-07 16:41:41.825479
UNSEEN_PAY_000519,UNSEEN_CUST_01007,66251.16,upi,failed,PROCESSING_TIMEOUT,timeout,1,2026-06-10 01:34:41.826478
UNSEEN_PAY_000520,UNSEEN_CUST_01215,7306.05,upi,failed,BANK_TEMPORARY_ERROR,temporary_bank_failure,1,2026-08-22 21:43:41.826478
UNSEEN_PAY_000521,UNSEEN_CUST_01842,8908.43,netbanking,failed,BANK_SERVICE_UNAVAILABLE,temporary_bank_failure,1,2026-08-26 16:22:41.826478
UNSEEN_PAY_000522,UNSEEN_CUST_01349,3614.09,upi,failed,PROCESSING_TIMEOUT,timeout,1,2026-07-26 21:16:41.826478
UNSEEN_PAY_000523,UNSEEN_CUST_00568,14360.26,upi,successful,,,1,2026-07-18 11:37:41.826478
UNSEEN_PAY_000524,UNSEEN_CUST_01772,14439.26,netbanking,successful,,,1,2026-06-29 12:54:41.826478
UNSEEN_PAY_000525,UNSEEN_CUST_01075,60723.12,upi,successful,,,1,2026-08-19 14:17:41.826478
UNSEEN_PAY_000526,UNSEEN_CUST_01171,5503.69,upi,successful,,,1,2026-07-05 19:48:41.826478
UNSEEN_PAY_000527,UNSEEN_CUST_01752,12984.06,upi,failed,BANK_TEMPORARY_ERROR,temporary_bank_failure,1,2026-07-02 17:15:41.826478
UNSEEN_PAY_000528,UNSEEN_CUST_00963,18841.94,upi,failed,INSTRUMENT_BLOCKED,blocked_instrument,1,2026-08-09 00:41:41.826478
UNSEEN_PAY_000529,UNSEEN_CUST_00991,33666.83,card,successful,,,1,2026-08-25 11:02:41.826478
UNSEEN_PAY_000530,UNSEEN_CUST_01332,20837.26,upi,successful,,,1,2026-06-07 09:05:41.826478
UNSEEN_PAY_000531,UNSEEN_CUST_00247,68196.92,upi,successful,,,1,2026-08-20 20:48:41.826478
UNSEEN_PAY_000532,UNSEEN_CUST_00360,8681.55,card,successful,,,1,2026-07-12 13:30:41.826478
UNSEEN_PAY_000533,UNSEEN_CUST_00236,17254.08,card,failed,INSUFFICIENT_BALANCE,insufficient_funds,1,2026-06-04 08:07:41.826478
UNSEEN_PAY_000534,UNSEEN_CUST_01929,28423.26,netbanking,successful,,,1,2026-08-10 14:42:41.826478
UNSEEN_PAY_000535,UNSEEN_CUST_00651,4581.25,upi,successful,,,1,2026-08-04 23:49:41.826478
UNSEEN_PAY_000536,UNSEEN_CUST_00031,15161.96,upi,failed,CUSTOMER_AUTH_FAILED,authentication_failed,1,2026-07-23 23:10:41.826478
UNSEEN_PAY_000537,UNSEEN_CUST_01871,21094.0,netbanking,successful,,,1,2026-07-07 22:54:41.827478
UNSEEN_PAY_000538,UNSEEN_CUST_01354,29367.74,upi,successful,,,1,2026-06-10 06:14:41.827478
UNSEEN_PAY_000539,UNSEEN_CUST_01705,43681.66,card,failed,INSUFFICIENT_BALANCE,insufficient_funds,1,2026-08-02 11:23:41.827478
UNSEEN_PAY_000540,UNSEEN_CUST_00776,86814.57,upi,successful,,,1,2026-07-29 13:58:41.827478
UNSEEN_PAY_000541,UNSEEN_CUST_00977,13678.47,upi,failed,BANK_SERVICE_UNAVAILABLE,temporary_bank_failure,1,2026-05-28 18:59:41.827478
UNSEEN_PAY_000542,UNSEEN_CUST_01053,44278.93,card,successful,,,1,2026-08-01 21:52:41.827478
UNSEEN_PAY_000543,UNSEEN_CUST_01689,8166.08,upi,successful,,,1,2026-07-20 08:28:41.827478
UNSEEN_PAY_000544,UNSEEN_CUST_00931,3756.63,upi,successful,,,1,2026-07-30 20:16:41.827478
UNSEEN_PAY_000545,UNSEEN_CUST_01836,9040.91,upi,successful,,,1,2026-07-19 04:47:41.827478
UNSEEN_PAY_000546,UNSEEN_CUST_00636,20038.27,upi,successful,,,1,2026-07-03 07:33:41.827478
UNSEEN_PAY_000547,UNSEEN_CUST_00431,37482.66,upi,successful,,,1,2026-07-26 20:05:41.827478
UNSEEN_PAY_000548,UNSEEN_CUST_01281,42753.78,netbanking,successful,,,1,2026-08-25 07:54:41.827478
UNSEEN_PAY_000549,UNSEEN_CUST_00583,34432.71,card,successful,,,1,2026-08-21 11:36:41.827478
UNSEEN_PAY_000550,UNSEEN_CUST_01111,40202.64,upi,successful,,,1,2026-07-09 00:30:41.827478
UNSEEN_PAY_000551,UNSEEN_CUST_01274,37964.8,upi,successful,,,1,2026-07-26 09:12:41.827478
UNSEEN_PAY_000552,UNSEEN_CUST_01064,10529.27,netbanking,successful,,,1,2026-08-25 06:16:41.827478
UNSEEN_PAY_000553,UNSEEN_CUST_00659,599.74,upi,successful,,,1,2026-07-22 03:57:41.827478
UNSEEN_PAY_000554,UNSEEN_CUST_00980,45603.94,upi,successful,,,1,2026-08-02 01:51:41.827478
UNSEEN_PAY_000555,UNSEEN_CUST_01536,31562.04,card,successful,,,1,2026-06-02 18:44:41.827478
UNSEEN_PAY_000556,UNSEEN_CUST_01652,46402.16,upi,successful,,,1,2026-06-14 01:40:41.827478
UNSEEN_PAY_000557,UNSEEN_CUST_01068,4211.35,card,successful,,,1,2026-07-09 23:31:41.827478
UNSEEN_PAY_000558,UNSEEN_CUST_00286,32871.26,card,successful,,,1,2026-07-21 15:32:41.828478
UNSEEN_PAY_000559,UNSEEN_CUST_00939,18694.03,upi,successful,,,1,2026-08-07 10:28:41.828478
UNSEEN_PAY_000560,UNSEEN_CUST_00635,26440.22,upi,successful,,,1,2026-07-26 18:38:41.828478
UNSEEN_PAY_000561,UNSEEN_CUST_00361,1303.27,upi,failed,RISK_DECLINED,risk_decline,1,2026-07-31 01:48:41.828478
UNSEEN_PAY_000562,UNSEEN_CUST_00453,32331.94,card,successful,,,1,2026-06-02 22:49:41.828478
UNSEEN_PAY_000563,UNSEEN_CUST_01090,22078.55,card,successful,,,1,2026-06-13 11:16:41.828478
UNSEEN_PAY_000564,UNSEEN_CUST_01077,35598.42,upi,successful,,,2,2026-07-18 18:32:41.828478
UNSEEN_PAY_000565,UNSEEN_CUST_01838,26434.6,card,failed,PROCESSING_TIMEOUT,timeout,1,2026-05-29 13:59:41.828478
UNSEEN_PAY_000566,UNSEEN_CUST_00791,47603.39,upi,successful,,,1,2026-06-28 05:04:41.828478
UNSEEN_PAY_000567,UNSEEN_CUST_00701,10522.08,card,successful,,,1,2026-06-14 16:58:41.828478
UNSEEN_PAY_000568,UNSEEN_CUST_01244,10228.24,upi,failed,POLICY_DECLINED,risk_decline,1,2026-06-21 15:49:41.828478
UNSEEN_PAY_000569,UNSEEN_CUST_01872,10555.28,upi,failed,CARD_BLOCKED,blocked_instrument,1,2026-07-01 16:57:41.828478
UNSEEN_PAY_000570,UNSEEN_CUST_01477,21985.67,upi,successful,,,1,2026-08-23 08:03:41.828478
UNSEEN_PAY_000571,UNSEEN_CUST_00492,9950.28,upi,successful,,,1,2026-07-16 19:35:41.828478
UNSEEN_PAY_000572,UNSEEN_CUST_00763,35031.98,upi,successful,,,1,2026-07-10 05:38:41.829478
UNSEEN_PAY_000573,UNSEEN_CUST_01991,67213.01,card,successful,,,1,2026-08-06 22:05:41.829478
UNSEEN_PAY_000574,UNSEEN_CUST_01750,19804.52,card,successful,,,1,2026-07-04 12:00:41.829478
UNSEEN_PAY_000575,UNSEEN_CUST_00834,28373.2,upi,successful,,,1,2026-06-11 10:47:41.829478
UNSEEN_PAY_000576,UNSEEN_CUST_00264,2948.18,upi,successful,,,1,2026-07-16 03:34:41.829478
UNSEEN_PAY_000577,UNSEEN_CUST_01300,24208.91,netbanking,successful,,,1,2026-08-05 22:18:41.829478
UNSEEN_PAY_000578,UNSEEN_CUST_00733,14695.8,card,successful,,,1,2026-06-20 11:27:41.829478
UNSEEN_PAY_000579,UNSEEN_CUST_01020,1088.24,upi,successful,,,1,2026-07-12 15:43:41.829478
UNSEEN_PAY_000580,UNSEEN_CUST_00672,15047.67,netbanking,successful,,,1,2026-06-06 10:41:41.829478
UNSEEN_PAY_000581,UNSEEN_CUST_00846,11679.63,upi,successful,,,1,2026-05-28 14:40:41.829478
UNSEEN_PAY_000582,UNSEEN_CUST_01940,11060.82,card,successful,,,1,2026-07-06 02:47:41.829478
UNSEEN_PAY_000583,UNSEEN_CUST_01936,46203.91,card,successful,,,1,2026-07-27 21:41:41.829478
UNSEEN_PAY_000584,UNSEEN_CUST_00701,17274.71,upi,successful,,,1,2026-07-06 23:20:41.829478
UNSEEN_PAY_000585,UNSEEN_CUST_00169,80218.57,card,successful,,,1,2026-06-09 04:20:41.829478
UNSEEN_PAY_000586,UNSEEN_CUST_01800,30715.16,upi,successful,,,1,2026-08-03 23:26:41.829478
UNSEEN_PAY_000587,UNSEEN_CUST_00401,47620.46,upi,successful,,,1,2026-07-26 22:58:41.829478
UNSEEN_PAY_000588,UNSEEN_CUST_00813,8794.37,netbanking,successful,,,1,2026-08-23 04:00:41.830479
UNSEEN_PAY_000589,UNSEEN_CUST_00749,6719.31,upi,successful,,,1,2026-06-19 04:44:41.830479
UNSEEN_PAY_000590,UNSEEN_CUST_01816,63207.4,netbanking,successful,,,1,2026-06-10 08:33:41.830479
UNSEEN_PAY_000591,UNSEEN_CUST_00146,16594.89,card,successful,,,1,2026-06-25 22:00:41.830479
UNSEEN_PAY_000592,UNSEEN_CUST_01138,46825.38,card,failed,BANK_TEMPORARY_ERROR,temporary_bank_failure,1,2026-08-13 12:08:41.830479
UNSEEN_PAY_000593,UNSEEN_CUST_00117,9599.45,upi,successful,,,1,2026-08-08 06:50:41.830479
UNSEEN_PAY_000594,UNSEEN_CUST_01255,38831.28,card,successful,,,1,2026-08-17 10:03:41.830479
UNSEEN_PAY_000595,UNSEEN_CUST_00163,47708.96,card,failed,INSTRUMENT_BLOCKED,blocked_instrument,1,2026-08-26 06:46:41.830479
UNSEEN_PAY_000596,UNSEEN_CUST_00556,12012.87,upi,successful,,,1,2026-06-20 16:37:41.830479
UNSEEN_PAY_000597,UNSEEN_CUST_01171,4342.33,upi,successful,,,1,2026-08-20 20:24:41.830479
UNSEEN_PAY_000598,UNSEEN_CUST_01840,53156.62,netbanking,successful,,,1,2026-06-06 17:55:41.830479
UNSEEN_PAY_000599,UNSEEN_CUST_01698,82517.19,card,successful,,,1,2026-06-10 11:56:41.830479
UNSEEN_PAY_000600,UNSEEN_CUST_00264,46979.88,card,successful,,,1,2026-08-25 13:42:41.830479
UNSEEN_PAY_000601,UNSEEN_CUST_01805,48526.55,netbanking,successful,,,1,2026-06-16 05:03:41.831480
UNSEEN_PAY_000602,UNSEEN_CUST_01335,14192.48,upi,failed,CARD_BLOCKED,blocked_instrument,1,2026-07-01 04:07:41.831480
UNSEEN_PAY_000603,UNSEEN_CUST_00400,42399.42,upi,successful,,,1,2026-08-18 13:28:41.831480
UNSEEN_PAY_000604,UNSEEN_CUST_00374,3405.07,netbanking,successful,,,2,2026-06-06 01:29:41.831480
UNSEEN_PAY_000605,UNSEEN_CUST_00772,34908.21,netbanking,successful,,,1,2026-06-25 18:34:41.831480
UNSEEN_PAY_000606,UNSEEN_CUST_01421,8049.84,upi,successful,,,1,2026-08-16 05:27:41.831480
UNSEEN_PAY_000607,UNSEEN_CUST_00412,42433.39,netbanking,successful,,,1,2026-08-02 12:51:41.831480
UNSEEN_PAY_000608,UNSEEN_CUST_00016,36722.68,card,successful,,,1,2026-06-20 15:34:41.831480
UNSEEN_PAY_000609,UNSEEN_CUST_01771,36846.62,card,successful,,,1,2026-06-13 11:56:41.831480
UNSEEN_PAY_000610,UNSEEN_CUST_01561,29879.61,card,successful,,,1,2026-07-13 00:35:41.831480
UNSEEN_PAY_000611,UNSEEN_CUST_01053,10019.02,card,successful,,,1,2026-06-16 14:05:41.831480
UNSEEN_PAY_000612,UNSEEN_CUST_00517,34514.56,upi,failed,INSTRUMENT_EXPIRED,expired_instrument,2,2026-07-19 20:57:41.831480
UNSEEN_PAY_000613,UNSEEN_CUST_01238,27738.64,upi,failed,PROCESSING_TIMEOUT,timeout,1,2026-06-09 21:00:41.831480
UNSEEN_PAY_000614,UNSEEN_CUST_00504,2993.88,upi,successful,,,1,2026-06-06 16:41:41.831480
UNSEEN_PAY_000615,UNSEEN_CUST_00421,29133.3,card,successful,,,1,2026-05-31 03:23:41.831480
UNSEEN_PAY_000616,UNSEEN_CUST_01164,13605.54,card,successful,,,1,2026-05-31 20:25:41.831480
UNSEEN_PAY_000617,UNSEEN_CUST_00336,69455.5,upi,successful,,,1,2026-08-06 02:37:41.831480
UNSEEN_PAY_000618,UNSEEN_CUST_01772,7671.12,upi,successful,,,1,2026-06-09 10:35:41.832480
UNSEEN_PAY_000619,UNSEEN_CUST_00604,42819.38,card,successful,,,1,2026-08-25 18:39:41.832480
UNSEEN_PAY_000620,UNSEEN_CUST_01290,24414.58,card,successful,,,1,2026-08-21 07:24:41.832480
UNSEEN_PAY_000621,UNSEEN_CUST_00239,26269.13,upi,successful,,,1,2026-06-12 20:01:41.832480
UNSEEN_PAY_000622,UNSEEN_CUST_00432,20020.34,netbanking,successful,,,1,2026-06-15 05:55:41.832480
UNSEEN_PAY_000623,UNSEEN_CUST_01594,9325.76,upi,successful,,,1,2026-07-08 06:56:41.832480
UNSEEN_PAY_000624,UNSEEN_CUST_01395,11506.81,upi,successful,,,1,2026-06-03 12:52:41.832480
UNSEEN_PAY_000625,UNSEEN_CUST_01227,13062.72,card,successful,,,1,2026-06-22 21:58:41.832480
UNSEEN_PAY_000626,UNSEEN_CUST_00198,25593.19,card,successful,,,1,2026-08-15 12:47:41.832480
UNSEEN_PAY_000627,UNSEEN_CUST_00184,18168.51,upi,successful,,,1,2026-08-13 00:27:41.832480
UNSEEN_PAY_000628,UNSEEN_CUST_00736,16477.73,card,successful,,,1,2026-08-12 10:37:41.832480
UNSEEN_PAY_000629,UNSEEN_CUST_00725,43688.39,upi,failed,FUNDS_NOT_AVAILABLE,insufficient_funds,1,2026-06-05 01:48:41.832480
UNSEEN_PAY_000630,UNSEEN_CUST_00805,23331.51,upi,successful,,,1,2026-07-05 21:25:41.832480
UNSEEN_PAY_000631,UNSEEN_CUST_01694,23857.37,netbanking,successful,,,1,2026-06-03 09:53:41.832480
UNSEEN_PAY_000632,UNSEEN_CUST_00631,4520.97,card,successful,,,1,2026-06-17 15:17:41.832480
UNSEEN_PAY_000633,UNSEEN_CUST_01329,3043.84,card,successful,,,1,2026-07-22 00:40:41.832480
UNSEEN_PAY_000634,UNSEEN_CUST_00374,7142.26,card,successful,,,1,2026-08-14 15:39:41.832480
UNSEEN_PAY_000635,UNSEEN_CUST_00948,27845.52,upi,successful,,,1,2026-08-22 06:42:41.832480
UNSEEN_PAY_000636,UNSEEN_CUST_01959,43142.5,upi,successful,,,1,2026-06-27 10:41:41.832480
UNSEEN_PAY_000637,UNSEEN_CUST_00288,88618.68,card,successful,,,1,2026-07-06 19:50:41.832480
UNSEEN_PAY_000638,UNSEEN_CUST_00050,16973.03,netbanking,successful,,,1,2026-07-08 00:53:41.832480
UNSEEN_PAY_000639,UNSEEN_CUST_01465,45394.65,upi,successful,,,1,2026-08-18 21:35:41.832480
UNSEEN_PAY_000640,UNSEEN_CUST_01347,30469.5,netbanking,successful,,,1,2026-08-24 20:15:41.832480
UNSEEN_PAY_000641,UNSEEN_CUST_00622,36733.53,upi,successful,,,1,2026-08-09 22:37:41.832480
UNSEEN_PAY_000642,UNSEEN_CUST_00997,38982.23,card,successful,,,1,2026-08-07 06:02:41.832480
UNSEEN_PAY_000643,UNSEEN_CUST_01459,13888.2,upi,successful,,,1,2026-06-30 10:10:41.833480
UNSEEN_PAY_000644,UNSEEN_CUST_00802,50770.11,upi,successful,,,1,2026-06-11 12:29:41.833480
UNSEEN_PAY_000645,UNSEEN_CUST_00894,36539.42,upi,failed,PROCESSING_TIMEOUT,timeout,1,2026-07-14 05:45:41.833480
UNSEEN_PAY_000646,UNSEEN_CUST_00089,32936.44,netbanking,failed,UNSPECIFIED_DECLINE,insufficient_funds,1,2026-06-20 03:49:41.833480
UNSEEN_PAY_000647,UNSEEN_CUST_00457,19145.68,card,failed,CARD_BLOCKED,blocked_instrument,1,2026-06-29 22:37:41.833480
UNSEEN_PAY_000648,UNSEEN_CUST_00511,18517.93,upi,successful,,,1,2026-06-08 15:56:41.833480
UNSEEN_PAY_000649,UNSEEN_CUST_00022,16314.89,card,successful,,,1,2026-06-26 03:45:41.833480
UNSEEN_PAY_000650,UNSEEN_CUST_01290,5903.48,upi,successful,,,1,2026-08-18 18:34:41.833480
UNSEEN_PAY_000651,UNSEEN_CUST_01182,27078.0,upi,successful,,,1,2026-06-27 12:42:41.833480
UNSEEN_PAY_000652,UNSEEN_CUST_00520,21436.29,card,successful,,,1,2026-07-06 00:45:41.833480
UNSEEN_PAY_000653,UNSEEN_CUST_01427,10058.47,upi,failed,INSUFFICIENT_BALANCE,insufficient_funds,1,2026-06-21 14:44:41.833480
UNSEEN_PAY_000654,UNSEEN_CUST_00085,13125.29,netbanking,failed,UNSPECIFIED_DECLINE,unknown_failure,1,2026-06-11 22:51:41.833480
UNSEEN_PAY_000655,UNSEEN_CUST_01920,40086.87,upi,failed,TRANSACTION_LIMIT_EXCEEDED,limit_exceeded,1,2026-08-16 07:42:41.833480
UNSEEN_PAY_000656,UNSEEN_CUST_00433,19186.44,card,successful,,,1,2026-06-05 13:45:41.833480
UNSEEN_PAY_000657,UNSEEN_CUST_01700,28123.78,netbanking,successful,,,1,2026-06-11 15:19:41.833480
UNSEEN_PAY_000658,UNSEEN_CUST_01061,44369.35,upi,successful,,,1,2026-07-30 13:50:41.833480
UNSEEN_PAY_000659,UNSEEN_CUST_00491,31166.37,upi,failed,POLICY_DECLINED,risk_decline,1,2026-06-25 05:04:41.833480
UNSEEN_PAY_000660,UNSEEN_CUST_01727,19738.36,netbanking,failed,AUTHENTICATION_FAILED,authentication_failed,1,2026-06-29 06:44:41.833480
UNSEEN_PAY_000661,UNSEEN_CUST_00736,19761.5,upi,failed,UNSPECIFIED_DECLINE,timeout,1,2026-06-19 04:33:41.833480
UNSEEN_PAY_000662,UNSEEN_CUST_01089,47836.09,card,successful,,,1,2026-06-27 16:42:41.833480
UNSEEN_PAY_000663,UNSEEN_CUST_01044,33437.54,upi,failed,UNKNOWN_ERROR,unknown_failure,1,2026-07-05 02:49:41.834479
UNSEEN_PAY_000664,UNSEEN_CUST_01906,6431.9,upi,successful,,,1,2026-07-14 04:26:41.834479
UNSEEN_PAY_000665,UNSEEN_CUST_00967,45241.9,upi,successful,,,1,2026-08-24 13:36:41.834479
UNSEEN_PAY_000666,UNSEEN_CUST_01877,47211.98,upi,successful,,,1,2026-08-17 13:12:41.834479
UNSEEN_PAY_000667,UNSEEN_CUST_01215,28711.2,card,successful,,,1,2026-05-31 19:24:41.834479
UNSEEN_PAY_000668,UNSEEN_CUST_00442,1590.84,card,failed,INSUFFICIENT_BALANCE,insufficient_funds,1,2026-06-13 22:45:41.834479
UNSEEN_PAY_000669,UNSEEN_CUST_01952,33249.39,upi,failed,CARD_EXPIRED,expired_instrument,1,2026-06-09 05:23:41.834479
UNSEEN_PAY_000670,UNSEEN_CUST_01802,29341.98,card,successful,,,1,2026-07-15 02:01:41.834479
UNSEEN_PAY_000671,UNSEEN_CUST_01918,8527.02,upi,successful,,,1,2026-06-19 17:19:41.834479
UNSEEN_PAY_000672,UNSEEN_CUST_00320,67015.64,card,successful,,,1,2026-08-04 18:39:41.834479
UNSEEN_PAY_000673,UNSEEN_CUST_00434,46694.97,upi,successful,,,2,2026-08-11 22:14:41.834479
UNSEEN_PAY_000674,UNSEEN_CUST_01540,36271.46,upi,successful,,,1,2026-06-03 20:06:41.834479
UNSEEN_PAY_000675,UNSEEN_CUST_01707,14257.28,upi,successful,,,1,2026-07-02 09:10:41.834479
UNSEEN_PAY_000676,UNSEEN_CUST_00396,83111.79,card,failed,INSUFFICIENT_BALANCE,insufficient_funds,1,2026-06-06 00:22:41.834479
UNSEEN_PAY_000677,UNSEEN_CUST_00004,48238.84,netbanking,failed,BANK_TEMPORARY_ERROR,temporary_bank_failure,1,2026-07-05 10:07:41.834479
UNSEEN_PAY_000678,UNSEEN_CUST_00530,12671.26,upi,successful,,,1,2026-07-28 02:40:41.834479
UNSEEN_PAY_000679,UNSEEN_CUST_00424,24073.51,card,failed,POLICY_DECLINED,risk_decline,1,2026-07-07 22:37:41.834479
UNSEEN_PAY_000680,UNSEEN_CUST_01922,43346.13,card,successful,,,1,2026-07-11 21:42:41.834479
UNSEEN_PAY_000681,UNSEEN_CUST_00316,33725.45,card,successful,,,1,2026-07-22 11:05:41.834479
UNSEEN_PAY_000682,UNSEEN_CUST_01946,10502.19,card,successful,,,1,2026-07-29 03:39:41.834479
UNSEEN_PAY_000683,UNSEEN_CUST_00411,12811.15,upi,successful,,,1,2026-06-23 00:49:41.834479
UNSEEN_PAY_000684,UNSEEN_CUST_01893,7071.73,netbanking,failed,INSUFFICIENT_BALANCE,insufficient_funds,1,2026-07-05 21:36:41.835479
UNSEEN_PAY_000685,UNSEEN_CUST_00884,17983.32,card,failed,,temporary_bank_failure,1,2026-06-24 20:52:41.835479
UNSEEN_PAY_000686,UNSEEN_CUST_01592,7681.16,upi,successful,,,1,2026-07-10 17:54:41.835479
UNSEEN_PAY_000687,UNSEEN_CUST_01338,37620.93,card,successful,,,1,2026-06-10 16:03:41.835479
UNSEEN_PAY_000688,UNSEEN_CUST_00642,10714.4,netbanking,successful,,,1,2026-06-09 00:26:41.835479
UNSEEN_PAY_000689,UNSEEN_CUST_00689,27029.79,netbanking,successful,,,1,2026-06-19 23:09:41.835479
UNSEEN_PAY_000690,UNSEEN_CUST_01484,38439.11,upi,failed,AUTHENTICATION_FAILED,authentication_failed,1,2026-06-30 00:45:41.835479
UNSEEN_PAY_000691,UNSEEN_CUST_00115,35262.59,card,successful,,,1,2026-06-18 20:42:41.835479
UNSEEN_PAY_000692,UNSEEN_CUST_00112,6803.75,upi,successful,,,1,2026-06-30 00:11:41.835479
UNSEEN_PAY_000693,UNSEEN_CUST_01113,98522.33,card,successful,,,1,2026-06-05 17:58:41.835479
UNSEEN_PAY_000694,UNSEEN_CUST_01078,3065.2,upi,failed,POLICY_DECLINED,risk_decline,1,2026-05-28 06:39:41.835479
UNSEEN_PAY_000695,UNSEEN_CUST_00285,40542.65,card,successful,,,1,2026-08-16 07:19:41.835479
UNSEEN_PAY_000696,UNSEEN_CUST_01532,4002.59,upi,failed,AUTHENTICATION_FAILED,authentication_failed,1,2026-07-21 14:41:41.835479
UNSEEN_PAY_000697,UNSEEN_CUST_00111,52567.78,upi,successful,,,1,2026-08-24 06:35:41.835479
UNSEEN_PAY_000698,UNSEEN_CUST_01917,35224.39,upi,successful,,,1,2026-08-04 19:32:41.835479
UNSEEN_PAY_000699,UNSEEN_CUST_00174,21440.63,netbanking,successful,,,1,2026-06-07 17:29:41.835479
UNSEEN_PAY_000700,UNSEEN_CUST_01449,10016.93,upi,failed,PROCESSING_TIMEOUT,timeout,1,2026-06-21 08:52:41.835479
UNSEEN_PAY_000701,UNSEEN_CUST_00291,33563.92,card,successful,,,1,2026-08-21 01:12:41.835479
UNSEEN_PAY_000702,UNSEEN_CUST_00518,18861.33,card,successful,,,1,2026-06-08 16:00:41.835479
UNSEEN_PAY_000703,UNSEEN_CUST_01556,38701.84,upi,successful,,,1,2026-08-19 14:20:41.835479
UNSEEN_PAY_000704,UNSEEN_CUST_01455,27906.31,upi,successful,,,1,2026-08-09 18:33:41.835479
UNSEEN_PAY_000705,UNSEEN_CUST_00148,18253.73,netbanking,successful,,,1,2026-06-08 20:49:41.835479
UNSEEN_PAY_000706,UNSEEN_CUST_01635,27740.75,upi,successful,,,1,2026-07-23 03:36:41.836478
UNSEEN_PAY_000707,UNSEEN_CUST_01231,10883.25,upi,successful,,,1,2026-06-14 00:10:41.836478
UNSEEN_PAY_000708,UNSEEN_CUST_01657,42359.82,card,successful,,,1,2026-06-10 02:21:41.836478
UNSEEN_PAY_000709,UNSEEN_CUST_00281,12634.54,card,successful,,,1,2026-08-13 09:21:41.836478
UNSEEN_PAY_000710,UNSEEN_CUST_01047,3757.3,upi,failed,INSUFFICIENT_BALANCE,insufficient_funds,1,2026-06-10 11:19:41.836478
UNSEEN_PAY_000711,UNSEEN_CUST_01084,37061.78,card,failed,PROCESSING_TIMEOUT,timeout,1,2026-05-30 22:31:41.836478
UNSEEN_PAY_000712,UNSEEN_CUST_01943,14726.94,netbanking,failed,BANK_TEMPORARY_ERROR,temporary_bank_failure,1,2026-06-15 19:18:41.836478
UNSEEN_PAY_000713,UNSEEN_CUST_01644,30449.05,upi,failed,LIMIT_EXCEEDED,limit_exceeded,1,2026-08-14 03:17:41.836478
UNSEEN_PAY_000714,UNSEEN_CUST_01764,13289.3,upi,successful,,,1,2026-07-22 12:42:41.836478
UNSEEN_PAY_000715,UNSEEN_CUST_00026,12630.99,card,successful,,,1,2026-06-23 16:05:41.836478
UNSEEN_PAY_000716,UNSEEN_CUST_00113,26410.56,card,successful,,,1,2026-06-28 03:16:41.836478
UNSEEN_PAY_000717,UNSEEN_CUST_01162,41012.17,upi,successful,,,1,2026-07-31 11:56:41.836478
UNSEEN_PAY_000718,UNSEEN_CUST_01953,45016.75,upi,failed,BANK_SERVICE_UNAVAILABLE,temporary_bank_failure,1,2026-06-25 22:30:41.836478
UNSEEN_PAY_000719,UNSEEN_CUST_01118,14634.27,upi,successful,,,1,2026-07-28 06:43:41.836478
UNSEEN_PAY_000720,UNSEEN_CUST_00527,99382.58,card,successful,,,1,2026-08-09 00:03:41.836478
UNSEEN_PAY_000721,UNSEEN_CUST_01541,3386.21,upi,successful,,,1,2026-08-15 05:08:41.836478
UNSEEN_PAY_000722,UNSEEN_CUST_00055,20412.54,upi,successful,,,1,2026-07-06 06:54:41.836478
UNSEEN_PAY_000723,UNSEEN_CUST_00514,41836.4,upi,successful,,,1,2026-07-31 12:18:41.836478
UNSEEN_PAY_000724,UNSEEN_CUST_01212,26666.89,upi,successful,,,1,2026-05-31 18:40:41.836478
UNSEEN_PAY_000725,UNSEEN_CUST_00768,25538.11,upi,successful,,,1,2026-06-30 09:54:41.836478
UNSEEN_PAY_000726,UNSEEN_CUST_01967,30353.21,card,successful,,,1,2026-06-22 00:24:41.836478
UNSEEN_PAY_000727,UNSEEN_CUST_01841,49316.72,upi,successful,,,1,2026-07-09 07:50:41.836478
UNSEEN_PAY_000728,UNSEEN_CUST_01686,9910.8,card,successful,,,1,2026-08-25 10:44:41.837480
UNSEEN_PAY_000729,UNSEEN_CUST_01002,11951.69,upi,successful,,,1,2026-06-19 02:55:41.837480
UNSEEN_PAY_000730,UNSEEN_CUST_00639,26335.84,netbanking,successful,,,1,2026-06-18 02:39:41.837480
UNSEEN_PAY_000731,UNSEEN_CUST_00813,43834.0,upi,failed,NETWORK_TIMEOUT,timeout,2,2026-08-24 06:01:41.837480
UNSEEN_PAY_000732,UNSEEN_CUST_00712,40167.5,upi,successful,,,1,2026-06-03 18:32:41.837480
UNSEEN_PAY_000733,UNSEEN_CUST_00252,49670.45,card,failed,BANK_TEMPORARY_ERROR,temporary_bank_failure,1,2026-06-17 22:38:41.837480
UNSEEN_PAY_000734,UNSEEN_CUST_01311,2030.81,upi,successful,,,1,2026-06-20 11:53:41.837480
UNSEEN_PAY_000735,UNSEEN_CUST_00284,30650.96,upi,successful,,,1,2026-06-11 16:08:41.837480
UNSEEN_PAY_000736,UNSEEN_CUST_01738,14075.13,upi,successful,,,1,2026-06-11 10:57:41.837480
UNSEEN_PAY_000737,UNSEEN_CUST_00860,19886.57,card,successful,,,1,2026-06-17 10:37:41.837480
UNSEEN_PAY_000738,UNSEEN_CUST_00225,17501.59,upi,successful,,,1,2026-08-23 14:00:41.837480
UNSEEN_PAY_000739,UNSEEN_CUST_00880,49296.16,netbanking,successful,,,1,2026-08-18 22:17:41.837480
UNSEEN_PAY_000740,UNSEEN_CUST_01976,37693.37,upi,successful,,,1,2026-06-18 04:08:41.837480
UNSEEN_PAY_000741,UNSEEN_CUST_01636,90874.6,upi,successful,,,1,2026-07-02 02:10:41.837480
UNSEEN_PAY_000742,UNSEEN_CUST_00134,9841.36,upi,successful,,,2,2026-08-08 03:53:41.837480
UNSEEN_PAY_000743,UNSEEN_CUST_01239,9027.14,card,failed,FUNDS_NOT_AVAILABLE,insufficient_funds,1,2026-06-13 19:09:41.837480
UNSEEN_PAY_000744,UNSEEN_CUST_01526,34511.14,upi,successful,,,1,2026-08-15 11:35:41.837480
UNSEEN_PAY_000745,UNSEEN_CUST_01416,36495.32,upi,successful,,,1,2026-07-21 20:51:41.837480
UNSEEN_PAY_000746,UNSEEN_CUST_00584,39555.79,upi,successful,,,1,2026-07-01 18:42:41.837480
UNSEEN_PAY_000747,UNSEEN_CUST_00391,22203.12,card,successful,,,1,2026-07-08 11:41:41.837480
UNSEEN_PAY_000748,UNSEEN_CUST_00268,36648.94,netbanking,successful,,,1,2026-07-27 23:37:41.837480
UNSEEN_PAY_000749,UNSEEN_CUST_00435,37031.4,card,successful,,,1,2026-08-05 07:41:41.837480
UNSEEN_PAY_000750,UNSEEN_CUST_01462,16031.57,upi,failed,CUSTOMER_AUTH_FAILED,authentication_failed,1,2026-06-10 02:23:41.837480
UNSEEN_PAY_000751,UNSEEN_CUST_01418,8907.59,upi,failed,LIMIT_EXCEEDED,limit_exceeded,1,2026-08-17 21:02:41.838479
UNSEEN_PAY_000752,UNSEEN_CUST_00674,23538.31,upi,successful,,,1,2026-07-26 05:55:41.838479
UNSEEN_PAY_000753,UNSEEN_CUST_00526,3661.74,upi,successful,,,1,2026-08-20 18:21:41.838479
UNSEEN_PAY_000754,UNSEEN_CUST_00720,25572.01,upi,successful,,,1,2026-08-06 02:57:41.838479
UNSEEN_PAY_000755,UNSEEN_CUST_01109,44908.89,netbanking,successful,,,1,2026-08-08 13:53:41.838479
UNSEEN_PAY_000756,UNSEEN_CUST_01935,5239.15,netbanking,failed,FUNDS_NOT_AVAILABLE,insufficient_funds,1,2026-07-16 09:43:41.838479
UNSEEN_PAY_000757,UNSEEN_CUST_00920,15128.6,upi,successful,,,1,2026-08-25 16:42:41.838479
UNSEEN_PAY_000758,UNSEEN_CUST_00892,3383.64,upi,failed,UNKNOWN_ERROR,unknown_failure,1,2026-07-05 07:02:41.838479
UNSEEN_PAY_000759,UNSEEN_CUST_00093,44159.71,upi,successful,,,1,2026-07-09 21:52:41.838479
UNSEEN_PAY_000760,UNSEEN_CUST_01073,13676.85,upi,failed,BANK_SERVICE_UNAVAILABLE,temporary_bank_failure,1,2026-06-18 13:56:41.838479
UNSEEN_PAY_000761,UNSEEN_CUST_01166,13216.47,card,successful,,,1,2026-06-01 08:36:41.839479
UNSEEN_PAY_000762,UNSEEN_CUST_00820,49066.17,card,successful,,,1,2026-08-18 15:35:41.839479
UNSEEN_PAY_000763,UNSEEN_CUST_01885,24815.63,netbanking,successful,,,1,2026-07-15 08:52:41.839479
UNSEEN_PAY_000764,UNSEEN_CUST_00765,12767.61,card,successful,,,1,2026-06-25 12:59:41.839479
UNSEEN_PAY_000765,UNSEEN_CUST_00269,13089.55,upi,successful,,,1,2026-06-28 21:25:41.839479
UNSEEN_PAY_000766,UNSEEN_CUST_01161,44001.37,upi,successful,,,1,2026-07-27 19:18:41.839479
UNSEEN_PAY_000767,UNSEEN_CUST_01334,29153.32,upi,successful,,,1,2026-08-26 09:51:41.839479
UNSEEN_PAY_000768,UNSEEN_CUST_00275,15867.01,upi,successful,,,1,2026-08-05 10:29:41.839479
UNSEEN_PAY_000769,UNSEEN_CUST_01264,9974.16,card,failed,NETWORK_TIMEOUT,timeout,1,2026-08-12 21:30:41.839479
UNSEEN_PAY_000770,UNSEEN_CUST_01010,18544.71,upi,successful,,,1,2026-07-20 11:15:41.839479
UNSEEN_PAY_000771,UNSEEN_CUST_00470,38939.84,upi,failed,AUTHENTICATION_FAILED,authentication_failed,1,2026-07-23 21:40:41.839479
UNSEEN_PAY_000772,UNSEEN_CUST_01431,31053.39,card,failed,BANK_TEMPORARY_ERROR,temporary_bank_failure,1,2026-08-10 12:40:41.839479
UNSEEN_PAY_000773,UNSEEN_CUST_00324,14738.61,card,successful,,,1,2026-07-13 15:46:41.839479
UNSEEN_PAY_000774,UNSEEN_CUST_01216,45819.03,netbanking,successful,,,2,2026-08-26 15:09:41.839479
UNSEEN_PAY_000775,UNSEEN_CUST_00113,42922.42,upi,failed,UNKNOWN_ERROR,unknown_failure,1,2026-08-14 18:10:41.840478
UNSEEN_PAY_000776,UNSEEN_CUST_00180,49401.26,card,failed,BANK_TEMPORARY_ERROR,temporary_bank_failure,1,2026-08-08 06:03:41.840478
UNSEEN_PAY_000777,UNSEEN_CUST_01666,3612.11,upi,failed,FUNDS_NOT_AVAILABLE,insufficient_funds,1,2026-08-11 11:57:41.840478
UNSEEN_PAY_000778,UNSEEN_CUST_00750,49776.39,upi,successful,,,1,2026-07-04 05:17:41.840478
UNSEEN_PAY_000779,UNSEEN_CUST_01938,41924.92,netbanking,failed,AUTHENTICATION_FAILED,authentication_failed,2,2026-07-27 08:41:41.840478
UNSEEN_PAY_000780,UNSEEN_CUST_01270,19320.63,upi,successful,,,1,2026-07-24 06:09:41.840478
UNSEEN_PAY_000781,UNSEEN_CUST_00008,24240.46,card,successful,,,1,2026-05-31 02:33:41.840478
UNSEEN_PAY_000782,UNSEEN_CUST_00618,41343.72,upi,failed,BANK_TEMPORARY_ERROR,temporary_bank_failure,1,2026-07-01 02:01:41.840478
UNSEEN_PAY_000783,UNSEEN_CUST_00657,41660.96,upi,successful,,,1,2026-08-13 16:34:41.840478
UNSEEN_PAY_000784,UNSEEN_CUST_01640,12583.93,netbanking,successful,,,1,2026-07-04 09:49:41.840478
UNSEEN_PAY_000785,UNSEEN_CUST_01711,29337.55,upi,successful,,,1,2026-06-29 00:19:41.840478
UNSEEN_PAY_000786,UNSEEN_CUST_00865,45123.49,card,successful,,,1,2026-06-30 12:05:41.840478
UNSEEN_PAY_000787,UNSEEN_CUST_00778,10868.18,card,successful,,,1,2026-08-26 01:43:41.840478
UNSEEN_PAY_000788,UNSEEN_CUST_00799,9307.9,card,successful,,,1,2026-08-19 06:29:41.841479
UNSEEN_PAY_000789,UNSEEN_CUST_00456,46695.45,upi,successful,,,2,2026-06-23 21:07:41.841479
UNSEEN_PAY_000790,UNSEEN_CUST_01952,30507.44,card,failed,UNKNOWN_ERROR,unknown_failure,1,2026-07-03 04:32:41.841479
UNSEEN_PAY_000791,UNSEEN_CUST_00715,5748.36,upi,successful,,,1,2026-07-14 11:51:41.841479
UNSEEN_PAY_000792,UNSEEN_CUST_00698,18554.9,card,successful,,,1,2026-05-31 07:31:41.841479
UNSEEN_PAY_000793,UNSEEN_CUST_01974,5803.2,upi,successful,,,1,2026-08-25 15:32:41.841479
UNSEEN_PAY_000794,UNSEEN_CUST_00584,40736.68,upi,successful,,,1,2026-07-24 04:01:41.841479
UNSEEN_PAY_000795,UNSEEN_CUST_01346,38498.21,upi,successful,,,1,2026-08-10 11:47:41.841479
UNSEEN_PAY_000796,UNSEEN_CUST_00611,42709.26,upi,successful,,,1,2026-06-12 19:48:41.841479
UNSEEN_PAY_000797,UNSEEN_CUST_00930,33307.22,upi,successful,,,1,2026-07-28 01:23:41.841479
UNSEEN_PAY_000798,UNSEEN_CUST_00947,8520.26,upi,successful,,,1,2026-08-13 16:42:41.841479
UNSEEN_PAY_000799,UNSEEN_CUST_00591,20355.27,netbanking,successful,,,1,2026-08-09 19:01:41.841479
UNSEEN_PAY_000800,UNSEEN_CUST_00631,23865.45,upi,successful,,,1,2026-08-05 21:18:41.841479
UNSEEN_PAY_000801,UNSEEN_CUST_01905,32028.22,upi,failed,FUNDS_NOT_AVAILABLE,insufficient_funds,1,2026-08-26 19:43:41.841479
UNSEEN_PAY_000802,UNSEEN_CUST_01141,45906.46,card,successful,,,1,2026-08-22 12:39:41.841479
UNSEEN_PAY_000803,UNSEEN_CUST_00313,45726.32,card,failed,TRANSACTION_LIMIT_EXCEEDED,limit_exceeded,1,2026-06-20 15:41:41.842479
UNSEEN_PAY_000804,UNSEEN_CUST_01923,18295.19,netbanking,successful,,,1,2026-08-05 19:59:41.842479
UNSEEN_PAY_000805,UNSEEN_CUST_01743,35896.95,netbanking,successful,,,1,2026-07-09 19:25:41.842479
UNSEEN_PAY_000806,UNSEEN_CUST_01167,40507.42,upi,successful,,,1,2026-07-15 21:38:41.842479
UNSEEN_PAY_000807,UNSEEN_CUST_00742,44290.61,upi,successful,,,1,2026-06-29 13:22:41.842479
UNSEEN_PAY_000808,UNSEEN_CUST_01137,29775.52,card,successful,,,1,2026-06-09 06:08:41.842479
UNSEEN_PAY_000809,UNSEEN_CUST_01204,37080.81,upi,failed,,blocked_instrument,1,2026-06-15 06:28:41.842479
UNSEEN_PAY_000810,UNSEEN_CUST_00934,44833.66,upi,successful,,,1,2026-07-06 06:30:41.842479
UNSEEN_PAY_000811,UNSEEN_CUST_00877,20032.82,card,successful,,,2,2026-07-17 11:23:41.843482
UNSEEN_PAY_000812,UNSEEN_CUST_00881,7810.99,netbanking,successful,,,1,2026-07-26 18:56:41.843482
UNSEEN_PAY_000813,UNSEEN_CUST_01191,43544.57,upi,successful,,,1,2026-06-20 06:48:41.843482
UNSEEN_PAY_000814,UNSEEN_CUST_00378,28811.21,upi,successful,,,1,2026-07-08 03:52:41.843482
UNSEEN_PAY_000815,UNSEEN_CUST_00472,34107.29,card,failed,NETWORK_TIMEOUT,timeout,1,2026-06-05 21:22:41.843482
UNSEEN_PAY_000816,UNSEEN_CUST_00915,6808.22,upi,failed,UNKNOWN_ERROR,unknown_failure,1,2026-08-09 22:04:41.843482
UNSEEN_PAY_000817,UNSEEN_CUST_01983,63115.5,upi,successful,,,1,2026-06-24 09:48:41.843482
UNSEEN_PAY_000818,UNSEEN_CUST_01719,40717.8,upi,successful,,,1,2026-06-25 13:42:41.843482
UNSEEN_PAY_000819,UNSEEN_CUST_01185,36577.25,card,successful,,,1,2026-08-26 08:41:41.843482
UNSEEN_PAY_000820,UNSEEN_CUST_00992,46052.32,card,successful,,,1,2026-06-18 05:07:41.843482
UNSEEN_PAY_000821,UNSEEN_CUST_01169,36897.87,upi,successful,,,1,2026-08-10 18:43:41.843482
UNSEEN_PAY_000822,UNSEEN_CUST_00171,31766.21,card,successful,,,1,2026-07-20 20:06:41.843482
UNSEEN_PAY_000823,UNSEEN_CUST_01372,43249.86,card,successful,,,1,2026-06-20 23:33:41.843482
UNSEEN_PAY_000824,UNSEEN_CUST_00415,75081.28,card,successful,,,1,2026-07-12 07:46:41.843482
UNSEEN_PAY_000825,UNSEEN_CUST_01225,23846.42,upi,successful,,,1,2026-06-22 10:54:41.843482
UNSEEN_PAY_000826,UNSEEN_CUST_01662,17437.79,upi,failed,AUTHENTICATION_FAILED,authentication_failed,1,2026-08-08 20:26:41.843482
UNSEEN_PAY_000827,UNSEEN_CUST_00805,10876.82,upi,successful,,,1,2026-06-01 03:36:41.843482
UNSEEN_PAY_000828,UNSEEN_CUST_00356,15026.72,netbanking,failed,CARD_EXPIRED,expired_instrument,1,2026-07-12 23:56:41.843482
UNSEEN_PAY_000829,UNSEEN_CUST_00683,15034.55,card,successful,,,1,2026-06-07 08:51:41.843482
UNSEEN_PAY_000830,UNSEEN_CUST_00631,36550.35,netbanking,successful,,,1,2026-06-02 14:49:41.843482
UNSEEN_PAY_000831,UNSEEN_CUST_01650,45991.09,upi,failed,BANK_TEMPORARY_ERROR,temporary_bank_failure,1,2026-06-28 06:59:41.844480
UNSEEN_PAY_000832,UNSEEN_CUST_00819,35708.88,upi,successful,,,1,2026-07-16 15:12:41.844480
UNSEEN_PAY_000833,UNSEEN_CUST_00262,8038.42,netbanking,successful,,,1,2026-07-08 16:25:41.844480
UNSEEN_PAY_000834,UNSEEN_CUST_00742,17198.3,netbanking,successful,,,1,2026-08-23 11:29:41.844480
UNSEEN_PAY_000835,UNSEEN_CUST_01119,8576.53,card,successful,,,1,2026-07-19 01:30:41.844480
UNSEEN_PAY_000836,UNSEEN_CUST_01419,14695.28,netbanking,successful,,,1,2026-05-30 23:37:41.844480
UNSEEN_PAY_000837,UNSEEN_CUST_00045,20942.17,upi,successful,,,1,2026-06-12 23:36:41.844480
UNSEEN_PAY_000838,UNSEEN_CUST_01326,33409.77,upi,successful,,,1,2026-07-05 21:51:41.844480
UNSEEN_PAY_000839,UNSEEN_CUST_01693,17968.55,netbanking,failed,CUSTOMER_AUTH_FAILED,authentication_failed,1,2026-07-26 04:31:41.844480
UNSEEN_PAY_000840,UNSEEN_CUST_00475,12969.02,upi,successful,,,2,2026-07-10 14:28:41.844480
UNSEEN_PAY_000841,UNSEEN_CUST_01507,37066.75,upi,successful,,,1,2026-07-29 15:16:41.844480
UNSEEN_PAY_000842,UNSEEN_CUST_01219,32214.11,card,failed,UNSPECIFIED_DECLINE,insufficient_funds,1,2026-06-07 20:40:41.844480
UNSEEN_PAY_000843,UNSEEN_CUST_00056,10647.61,upi,successful,,,1,2026-07-25 23:39:41.844480
UNSEEN_PAY_000844,UNSEEN_CUST_00506,9672.35,card,failed,NETWORK_TIMEOUT,timeout,1,2026-07-15 14:36:41.844480
UNSEEN_PAY_000845,UNSEEN_CUST_00891,4114.82,upi,successful,,,1,2026-07-06 17:44:41.844480
UNSEEN_PAY_000846,UNSEEN_CUST_00531,24019.64,upi,successful,,,1,2026-06-26 13:14:41.844480
UNSEEN_PAY_000847,UNSEEN_CUST_01877,46800.08,netbanking,successful,,,2,2026-06-27 06:49:41.844480
UNSEEN_PAY_000848,UNSEEN_CUST_01789,3475.87,netbanking,successful,,,1,2026-07-18 02:11:41.844480
UNSEEN_PAY_000849,UNSEEN_CUST_00526,17494.77,upi,failed,INSTRUMENT_EXPIRED,expired_instrument,1,2026-07-19 14:45:41.844480
UNSEEN_PAY_000850,UNSEEN_CUST_01301,3538.03,card,successful,,,1,2026-07-13 15:36:41.844480
UNSEEN_PAY_000851,UNSEEN_CUST_01514,15201.16,upi,successful,,,1,2026-06-04 05:14:41.844480
UNSEEN_PAY_000852,UNSEEN_CUST_01239,14096.09,card,failed,CARD_BLOCKED,blocked_instrument,2,2026-06-11 23:31:41.844480
UNSEEN_PAY_000853,UNSEEN_CUST_01023,48563.3,upi,successful,,,1,2026-07-16 13:28:41.845481
UNSEEN_PAY_000854,UNSEEN_CUST_00595,22062.51,netbanking,failed,BANK_TEMPORARY_ERROR,temporary_bank_failure,1,2026-08-06 23:03:41.845481
UNSEEN_PAY_000855,UNSEEN_CUST_00803,35653.79,card,failed,BANK_SERVICE_UNAVAILABLE,temporary_bank_failure,1,2026-05-30 20:05:41.845481
UNSEEN_PAY_000856,UNSEEN_CUST_00670,19315.56,upi,successful,,,1,2026-06-14 17:13:41.845481
UNSEEN_PAY_000857,UNSEEN_CUST_01288,11124.79,upi,successful,,,1,2026-07-24 07:50:41.845481
UNSEEN_PAY_000858,UNSEEN_CUST_00464,21137.63,upi,failed,BANK_TEMPORARY_ERROR,temporary_bank_failure,1,2026-08-03 20:47:41.845481
UNSEEN_PAY_000859,UNSEEN_CUST_01641,38480.46,card,successful,,,1,2026-06-07 16:34:41.845481
UNSEEN_PAY_000860,UNSEEN_CUST_01845,3586.01,upi,successful,,,1,2026-07-05 15:56:41.845481
UNSEEN_PAY_000861,UNSEEN_CUST_01852,2890.42,upi,successful,,,1,2026-06-18 04:33:41.845481
UNSEEN_PAY_000862,UNSEEN_CUST_00755,22189.99,upi,successful,,,1,2026-08-11 21:58:41.845481
UNSEEN_PAY_000863,UNSEEN_CUST_01110,37782.17,upi,successful,,,2,2026-08-09 12:33:41.845481
UNSEEN_PAY_000864,UNSEEN_CUST_00028,47729.44,upi,successful,,,1,2026-08-07 01:12:41.845481
UNSEEN_PAY_000865,UNSEEN_CUST_01922,23246.82,upi,successful,,,1,2026-07-25 20:20:41.845481
UNSEEN_PAY_000866,UNSEEN_CUST_00991,3871.42,upi,successful,,,2,2026-08-13 02:12:41.845481
UNSEEN_PAY_000867,UNSEEN_CUST_00148,82179.16,upi,successful,,,1,2026-06-01 00:29:41.845481
UNSEEN_PAY_000868,UNSEEN_CUST_00436,41403.17,upi,failed,BANK_SERVICE_UNAVAILABLE,temporary_bank_failure,1,2026-08-25 22:01:41.845481
UNSEEN_PAY_000869,UNSEEN_CUST_01270,21538.58,upi,successful,,,1,2026-07-19 11:35:41.845481
UNSEEN_PAY_000870,UNSEEN_CUST_01020,1170.31,card,successful,,,1,2026-08-07 15:50:41.845481
UNSEEN_PAY_000871,UNSEEN_CUST_01484,47634.67,upi,failed,BANK_SERVICE_UNAVAILABLE,temporary_bank_failure,2,2026-06-10 19:57:41.846480
UNSEEN_PAY_000872,UNSEEN_CUST_01079,3295.18,upi,successful,,,1,2026-06-04 00:16:41.846480
UNSEEN_PAY_000873,UNSEEN_CUST_01510,22228.56,upi,successful,,,1,2026-08-23 21:22:41.846480
UNSEEN_PAY_000874,UNSEEN_CUST_00160,29594.41,upi,successful,,,1,2026-07-05 21:44:41.846480
UNSEEN_PAY_000875,UNSEEN_CUST_01844,11657.83,card,successful,,,1,2026-06-26 08:09:41.846480
UNSEEN_PAY_000876,UNSEEN_CUST_01554,7712.7,card,successful,,,1,2026-07-08 02:23:41.846480
UNSEEN_PAY_000877,UNSEEN_CUST_01999,41358.14,card,successful,,,1,2026-08-09 16:36:41.846480
UNSEEN_PAY_000878,UNSEEN_CUST_01012,16170.36,card,failed,,temporary_bank_failure,1,2026-08-12 13:34:41.846480
UNSEEN_PAY_000879,UNSEEN_CUST_01661,19501.07,upi,failed,PROCESSING_TIMEOUT,timeout,1,2026-08-19 19:20:41.846480
UNSEEN_PAY_000880,UNSEEN_CUST_01734,31976.71,upi,successful,,,1,2026-08-06 07:39:41.846480
UNSEEN_PAY_000881,UNSEEN_CUST_00333,34545.49,netbanking,successful,,,1,2026-07-09 17:33:41.846480
UNSEEN_PAY_000882,UNSEEN_CUST_00791,2947.04,upi,successful,,,1,2026-06-07 04:33:41.846480
UNSEEN_PAY_000883,UNSEEN_CUST_01891,33023.59,netbanking,successful,,,1,2026-08-24 16:28:41.846480
UNSEEN_PAY_000884,UNSEEN_CUST_00100,4131.62,card,successful,,,1,2026-06-01 17:15:41.846480
UNSEEN_PAY_000885,UNSEEN_CUST_00079,12297.97,netbanking,successful,,,1,2026-06-25 14:04:41.846480
UNSEEN_PAY_000886,UNSEEN_CUST_00965,27896.32,netbanking,successful,,,1,2026-07-19 21:10:41.846480
UNSEEN_PAY_000887,UNSEEN_CUST_00584,25933.32,netbanking,successful,,,1,2026-07-20 14:16:41.846480
UNSEEN_PAY_000888,UNSEEN_CUST_01084,45332.66,upi,successful,,,1,2026-07-08 05:27:41.846480
UNSEEN_PAY_000889,UNSEEN_CUST_01577,8663.17,card,successful,,,1,2026-07-09 04:21:41.846480
UNSEEN_PAY_000890,UNSEEN_CUST_00214,10825.12,card,successful,,,1,2026-07-26 09:55:41.846480
UNSEEN_PAY_000891,UNSEEN_CUST_00900,20513.39,netbanking,successful,,,1,2026-07-19 03:34:41.847480
UNSEEN_PAY_000892,UNSEEN_CUST_00273,42895.46,card,successful,,,1,2026-07-07 20:13:41.847480
UNSEEN_PAY_000893,UNSEEN_CUST_01509,41058.31,netbanking,successful,,,1,2026-07-17 05:01:41.847480
UNSEEN_PAY_000894,UNSEEN_CUST_00318,11338.0,upi,successful,,,1,2026-06-27 15:16:41.847480
UNSEEN_PAY_000895,UNSEEN_CUST_00991,38558.2,card,successful,,,1,2026-07-26 12:00:41.847480
UNSEEN_PAY_000896,UNSEEN_CUST_01219,9514.31,netbanking,successful,,,1,2026-08-13 05:10:41.847480
UNSEEN_PAY_000897,UNSEEN_CUST_01753,10395.73,upi,failed,BANK_TEMPORARY_ERROR,temporary_bank_failure,1,2026-08-19 06:46:41.847480
UNSEEN_PAY_000898,UNSEEN_CUST_01722,27989.99,card,failed,TRANSACTION_LIMIT_EXCEEDED,limit_exceeded,1,2026-05-31 22:18:41.847480
UNSEEN_PAY_000899,UNSEEN_CUST_01383,2696.2,netbanking,failed,FUNDS_NOT_AVAILABLE,insufficient_funds,1,2026-06-24 01:00:41.847480
UNSEEN_PAY_000900,UNSEEN_CUST_00544,67870.66,upi,successful,,,1,2026-07-01 12:37:41.847480
UNSEEN_PAY_000901,UNSEEN_CUST_01432,33866.3,upi,successful,,,1,2026-08-13 19:32:41.847480
UNSEEN_PAY_000902,UNSEEN_CUST_01369,49162.33,card,successful,,,1,2026-07-30 04:53:41.847480
UNSEEN_PAY_000903,UNSEEN_CUST_01999,68833.0,upi,successful,,,2,2026-08-24 11:43:41.847480
UNSEEN_PAY_000904,UNSEEN_CUST_01036,48863.8,card,successful,,,1,2026-08-26 18:53:41.847480
UNSEEN_PAY_000905,UNSEEN_CUST_01379,2892.8,upi,failed,POLICY_DECLINED,risk_decline,1,2026-08-16 13:35:41.847480
UNSEEN_PAY_000906,UNSEEN_CUST_00637,46391.94,netbanking,successful,,,1,2026-07-18 09:09:41.848479
UNSEEN_PAY_000907,UNSEEN_CUST_01452,8848.07,upi,successful,,,1,2026-08-11 21:43:41.848479
UNSEEN_PAY_000908,UNSEEN_CUST_00790,48571.02,card,successful,,,1,2026-06-19 00:25:41.848479
UNSEEN_PAY_000909,UNSEEN_CUST_01904,26324.17,upi,successful,,,1,2026-07-20 03:44:41.848479
UNSEEN_PAY_000910,UNSEEN_CUST_00243,13505.12,upi,successful,,,1,2026-07-03 16:55:41.848479
UNSEEN_PAY_000911,UNSEEN_CUST_00295,7081.54,card,successful,,,1,2026-06-30 00:28:41.848479
UNSEEN_PAY_000912,UNSEEN_CUST_01940,14169.75,upi,successful,,,1,2026-06-25 03:29:41.848479
UNSEEN_PAY_000913,UNSEEN_CUST_00786,76249.83,upi,successful,,,1,2026-07-22 16:36:41.848479
UNSEEN_PAY_000914,UNSEEN_CUST_00802,76360.45,upi,successful,,,1,2026-07-05 19:52:41.848479
UNSEEN_PAY_000915,UNSEEN_CUST_00651,16301.99,netbanking,successful,,,1,2026-07-18 22:15:41.848479
UNSEEN_PAY_000916,UNSEEN_CUST_01702,29765.25,card,failed,CUSTOMER_AUTH_FAILED,authentication_failed,1,2026-08-01 04:06:41.848479
UNSEEN_PAY_000917,UNSEEN_CUST_01140,45878.97,upi,failed,CARD_BLOCKED,blocked_instrument,1,2026-08-07 08:19:41.848479
UNSEEN_PAY_000918,UNSEEN_CUST_00604,31726.87,upi,successful,,,1,2026-06-09 06:24:41.848479
UNSEEN_PAY_000919,UNSEEN_CUST_00218,25287.47,upi,successful,,,1,2026-07-27 08:01:41.848479
UNSEEN_PAY_000920,UNSEEN_CUST_01725,23964.28,card,successful,,,1,2026-06-27 22:42:41.848479
UNSEEN_PAY_000921,UNSEEN_CUST_00378,28481.36,card,successful,,,2,2026-07-22 10:14:41.848479
UNSEEN_PAY_000922,UNSEEN_CUST_01546,40270.03,upi,successful,,,1,2026-07-16 21:00:41.848479
UNSEEN_PAY_000923,UNSEEN_CUST_01007,86203.88,upi,successful,,,1,2026-06-29 03:04:41.848479
UNSEEN_PAY_000924,UNSEEN_CUST_01897,27360.51,upi,successful,,,1,2026-08-24 02:23:41.848479
UNSEEN_PAY_000925,UNSEEN_CUST_01514,562.06,card,successful,,,1,2026-07-20 07:00:41.848479
UNSEEN_PAY_000926,UNSEEN_CUST_00864,43394.65,upi,successful,,,1,2026-07-14 04:55:41.848479
UNSEEN_PAY_000927,UNSEEN_CUST_01758,6134.5,upi,successful,,,1,2026-07-17 16:34:41.848479
UNSEEN_PAY_000928,UNSEEN_CUST_01715,48864.31,netbanking,successful,,,1,2026-08-09 14:29:41.848479
UNSEEN_PAY_000929,UNSEEN_CUST_00921,76814.67,upi,successful,,,1,2026-08-23 19:36:41.849478
UNSEEN_PAY_000930,UNSEEN_CUST_01303,48557.44,netbanking,successful,,,1,2026-07-12 03:51:41.849478
UNSEEN_PAY_000931,UNSEEN_CUST_00667,79286.56,card,failed,NETWORK_TIMEOUT,timeout,1,2026-08-04 08:57:41.849478
UNSEEN_PAY_000932,UNSEEN_CUST_01537,3812.28,upi,successful,,,1,2026-06-11 23:39:41.849478
UNSEEN_PAY_000933,UNSEEN_CUST_01480,1245.82,upi,successful,,,2,2026-08-21 22:22:41.849478
UNSEEN_PAY_000934,UNSEEN_CUST_01044,25835.72,upi,successful,,,2,2026-06-14 00:25:41.849478
UNSEEN_PAY_000935,UNSEEN_CUST_00017,48382.54,upi,successful,,,1,2026-08-06 04:32:41.849478
UNSEEN_PAY_000936,UNSEEN_CUST_00071,34748.06,upi,successful,,,2,2026-07-23 06:56:41.849478
UNSEEN_PAY_000937,UNSEEN_CUST_00066,21160.54,upi,successful,,,1,2026-08-23 18:44:41.849478
UNSEEN_PAY_000938,UNSEEN_CUST_01873,38838.69,netbanking,successful,,,1,2026-08-20 12:36:41.849478
UNSEEN_PAY_000939,UNSEEN_CUST_00790,29366.2,netbanking,successful,,,1,2026-06-17 19:34:41.849478
UNSEEN_PAY_000940,UNSEEN_CUST_01812,5466.87,upi,successful,,,1,2026-07-14 00:04:41.849478
UNSEEN_PAY_000941,UNSEEN_CUST_00670,42731.7,upi,successful,,,1,2026-07-22 10:55:41.849478
UNSEEN_PAY_000942,UNSEEN_CUST_00407,46499.09,netbanking,successful,,,1,2026-06-02 02:05:41.849478
UNSEEN_PAY_000943,UNSEEN_CUST_00993,14762.5,netbanking,failed,UNSPECIFIED_DECLINE,insufficient_funds,1,2026-06-08 02:32:41.849478
UNSEEN_PAY_000944,UNSEEN_CUST_00900,13244.4,upi,failed,BANK_SERVICE_UNAVAILABLE,temporary_bank_failure,1,2026-07-11 00:10:41.849478
UNSEEN_PAY_000945,UNSEEN_CUST_01714,26851.75,netbanking,successful,,,1,2026-07-09 04:50:41.849478
UNSEEN_PAY_000946,UNSEEN_CUST_00662,21614.25,upi,failed,TRANSACTION_LIMIT_EXCEEDED,limit_exceeded,1,2026-06-29 00:30:41.849478
UNSEEN_PAY_000947,UNSEEN_CUST_00635,44131.27,upi,successful,,,1,2026-06-23 00:12:41.849478
UNSEEN_PAY_000948,UNSEEN_CUST_00608,30849.62,card,failed,INSUFFICIENT_BALANCE,insufficient_funds,1,2026-07-30 00:21:41.849478
UNSEEN_PAY_000949,UNSEEN_CUST_00991,34379.5,card,successful,,,1,2026-06-04 18:42:41.849478
UNSEEN_PAY_000950,UNSEEN_CUST_01698,55828.48,card,successful,,,1,2026-08-03 07:33:41.849478
UNSEEN_PAY_000951,UNSEEN_CUST_01182,92701.29,card,successful,,,1,2026-07-01 17:50:41.849478
UNSEEN_PAY_000952,UNSEEN_CUST_00917,35601.45,netbanking,successful,,,1,2026-08-24 04:21:41.850479
UNSEEN_PAY_000953,UNSEEN_CUST_00771,9523.49,netbanking,successful,,,1,2026-05-28 10:36:41.850479
UNSEEN_PAY_000954,UNSEEN_CUST_00923,24507.88,upi,successful,,,1,2026-06-23 05:56:41.850479
UNSEEN_PAY_000955,UNSEEN_CUST_00607,30566.26,upi,failed,FUNDS_NOT_AVAILABLE,insufficient_funds,1,2026-07-15 08:04:41.850479
UNSEEN_PAY_000956,UNSEEN_CUST_00613,6610.32,card,successful,,,1,2026-08-19 14:46:41.850479
UNSEEN_PAY_000957,UNSEEN_CUST_00431,46715.6,card,successful,,,1,2026-08-23 19:33:41.850479
UNSEEN_PAY_000958,UNSEEN_CUST_01130,22651.46,card,successful,,,1,2026-06-24 05:24:41.850479
UNSEEN_PAY_000959,UNSEEN_CUST_00378,1692.96,upi,successful,,,1,2026-08-17 15:27:41.850479
UNSEEN_PAY_000960,UNSEEN_CUST_01767,27445.99,upi,failed,BANK_SERVICE_UNAVAILABLE,temporary_bank_failure,1,2026-07-10 20:58:41.850479
UNSEEN_PAY_000961,UNSEEN_CUST_00596,40576.99,card,successful,,,1,2026-08-06 02:27:41.850479
UNSEEN_PAY_000962,UNSEEN_CUST_01122,660.38,card,successful,,,1,2026-06-22 15:27:41.850479
UNSEEN_PAY_000963,UNSEEN_CUST_00200,47649.2,upi,successful,,,2,2026-07-25 16:36:41.850479
UNSEEN_PAY_000964,UNSEEN_CUST_00788,34879.32,upi,successful,,,1,2026-08-11 03:39:41.850479
UNSEEN_PAY_000965,UNSEEN_CUST_01598,19693.19,card,successful,,,1,2026-08-25 00:24:41.850479
UNSEEN_PAY_000966,UNSEEN_CUST_01235,1258.49,upi,successful,,,1,2026-08-06 09:23:41.850479
UNSEEN_PAY_000967,UNSEEN_CUST_01409,6885.07,upi,successful,,,1,2026-08-14 03:08:41.850479
UNSEEN_PAY_000968,UNSEEN_CUST_00234,41309.78,netbanking,successful,,,1,2026-08-13 02:50:41.850479
UNSEEN_PAY_000969,UNSEEN_CUST_01956,29765.78,card,successful,,,1,2026-06-05 14:38:41.850479
UNSEEN_PAY_000970,UNSEEN_CUST_00673,10893.32,card,successful,,,1,2026-06-27 06:17:41.850479
UNSEEN_PAY_000971,UNSEEN_CUST_01827,38890.31,card,successful,,,1,2026-06-12 15:15:41.850479
UNSEEN_PAY_000972,UNSEEN_CUST_00645,49995.24,card,successful,,,1,2026-07-31 21:14:41.850479
UNSEEN_PAY_000973,UNSEEN_CUST_01798,10664.88,netbanking,failed,BANK_TEMPORARY_ERROR,temporary_bank_failure,1,2026-08-23 00:23:41.850479
UNSEEN_PAY_000974,UNSEEN_CUST_00979,22754.93,card,failed,UNSPECIFIED_DECLINE,temporary_bank_failure,1,2026-06-09 01:31:41.850479
UNSEEN_PAY_000975,UNSEEN_CUST_00189,34780.3,upi,successful,,,1,2026-08-04 08:42:41.851478
UNSEEN_PAY_000976,UNSEEN_CUST_01376,34786.57,upi,successful,,,1,2026-06-18 10:22:41.851478
UNSEEN_PAY_000977,UNSEEN_CUST_01445,9162.51,card,failed,INSUFFICIENT_BALANCE,insufficient_funds,1,2026-07-06 03:05:41.851478
UNSEEN_PAY_000978,UNSEEN_CUST_01947,4409.18,netbanking,successful,,,1,2026-06-12 08:21:41.851478
UNSEEN_PAY_000979,UNSEEN_CUST_01272,12710.1,upi,successful,,,1,2026-08-16 04:58:41.851478
UNSEEN_PAY_000980,UNSEEN_CUST_00221,94933.38,upi,failed,BANK_TEMPORARY_ERROR,temporary_bank_failure,1,2026-07-12 03:49:41.851478
UNSEEN_PAY_000981,UNSEEN_CUST_01952,4959.43,upi,failed,BANK_SERVICE_UNAVAILABLE,temporary_bank_failure,2,2026-07-07 00:05:41.851478
UNSEEN_PAY_000982,UNSEEN_CUST_01704,16263.32,card,successful,,,1,2026-07-13 09:55:41.851478
UNSEEN_PAY_000983,UNSEEN_CUST_01662,13258.83,upi,successful,,,1,2026-07-23 09:11:41.851478
UNSEEN_PAY_000984,UNSEEN_CUST_00647,25506.7,upi,successful,,,1,2026-06-30 02:05:41.851478
UNSEEN_PAY_000985,UNSEEN_CUST_01247,34875.05,upi,successful,,,1,2026-06-16 17:40:41.851478
UNSEEN_PAY_000986,UNSEEN_CUST_00850,46384.17,card,successful,,,1,2026-07-11 09:21:41.851478
UNSEEN_PAY_000987,UNSEEN_CUST_01307,16385.06,upi,successful,,,1,2026-06-16 09:17:41.851478
UNSEEN_PAY_000988,UNSEEN_CUST_00445,63456.21,card,successful,,,1,2026-06-27 18:27:41.851478
UNSEEN_PAY_000989,UNSEEN_CUST_00390,39031.1,card,failed,UNSPECIFIED_DECLINE,unknown_failure,1,2026-08-06 05:12:41.851478
UNSEEN_PAY_000990,UNSEEN_CUST_00721,18799.46,upi,failed,RISK_DECLINED,risk_decline,1,2026-08-03 05:36:41.851478
UNSEEN_PAY_000991,UNSEEN_CUST_01515,11121.53,card,successful,,,1,2026-08-10 22:01:41.851478
UNSEEN_PAY_000992,UNSEEN_CUST_01642,2937.03,upi,successful,,,1,2026-08-22 12:24:41.851478
UNSEEN_PAY_000993,UNSEEN_CUST_01517,54520.21,upi,successful,,,1,2026-07-19 04:42:41.851478
UNSEEN_PAY_000994,UNSEEN_CUST_01190,32011.6,upi,successful,,,1,2026-08-13 07:32:41.851478
UNSEEN_PAY_000995,UNSEEN_CUST_00027,46010.55,upi,successful,,,1,2026-08-04 14:28:41.851478
UNSEEN_PAY_000996,UNSEEN_CUST_00447,79958.44,upi,successful,,,1,2026-08-21 19:37:41.851478
UNSEEN_PAY_000997,UNSEEN_CUST_00983,14274.54,upi,successful,,,1,2026-08-19 20:02:41.851478
UNSEEN_PAY_000998,UNSEEN_CUST_00742,19908.49,upi,failed,LIMIT_EXCEEDED,limit_exceeded,1,2026-08-05 02:53:41.851478
UNSEEN_PAY_000999,UNSEEN_CUST_01413,38658.11,card,successful,,,1,2026-06-26 04:43:41.852484
UNSEEN_PAY_001000,UNSEEN_CUST_01451,75056.89,upi,successful,,,1,2026-06-10 18:36:41.852484
UNSEEN_PAY_001001,UNSEEN_CUST_01317,31117.26,netbanking,successful,,,1,2026-07-01 19:27:41.852484
UNSEEN_PAY_001002,UNSEEN_CUST_01189,17306.58,netbanking,successful,,,2,2026-07-26 05:56:41.852484
UNSEEN_PAY_001003,UNSEEN_CUST_01524,46308.33,upi,successful,,,1,2026-07-08 09:13:41.852484
UNSEEN_PAY_001004,UNSEEN_CUST_00868,12683.85,upi,successful,,,1,2026-06-17 03:29:41.852484
UNSEEN_PAY_001005,UNSEEN_CUST_00693,5762.31,upi,failed,NETWORK_TIMEOUT,timeout,1,2026-08-16 13:41:41.852484
UNSEEN_PAY_001006,UNSEEN_CUST_01309,14936.31,upi,successful,,,1,2026-06-30 15:32:41.852484
UNSEEN_PAY_001007,UNSEEN_CUST_01363,20416.07,card,successful,,,1,2026-08-18 21:13:41.852484
UNSEEN_PAY_001008,UNSEEN_CUST_00017,8318.59,upi,successful,,,1,2026-06-10 04:40:41.852484
UNSEEN_PAY_001009,UNSEEN_CUST_00276,4095.64,upi,successful,,,2,2026-06-04 04:21:41.852484
UNSEEN_PAY_001010,UNSEEN_CUST_00568,17532.75,card,successful,,,1,2026-08-07 22:35:41.852484
UNSEEN_PAY_001011,UNSEEN_CUST_01255,42488.9,upi,successful,,,1,2026-08-04 07:08:41.852484
UNSEEN_PAY_001012,UNSEEN_CUST_00539,2954.86,upi,failed,INSTRUMENT_BLOCKED,blocked_instrument,1,2026-07-22 13:01:41.852484
UNSEEN_PAY_001013,UNSEEN_CUST_01829,26076.99,upi,successful,,,1,2026-07-28 12:19:41.852484
UNSEEN_PAY_001014,UNSEEN_CUST_00514,43247.86,upi,successful,,,1,2026-07-10 17:41:41.852484
UNSEEN_PAY_001015,UNSEEN_CUST_01834,26239.41,card,successful,,,1,2026-06-24 05:07:41.852484
UNSEEN_PAY_001016,UNSEEN_CUST_00462,31882.86,card,successful,,,1,2026-06-03 03:27:41.852484
UNSEEN_PAY_001017,UNSEEN_CUST_00548,36362.46,upi,failed,INSUFFICIENT_BALANCE,insufficient_funds,1,2026-07-13 14:53:41.852484
UNSEEN_PAY_001018,UNSEEN_CUST_01141,34280.16,upi,successful,,,1,2026-06-05 04:41:41.852484
UNSEEN_PAY_001019,UNSEEN_CUST_00728,26342.13,card,successful,,,1,2026-07-09 02:24:41.852484
UNSEEN_PAY_001020,UNSEEN_CUST_01284,19469.33,upi,successful,,,1,2026-08-14 15:42:41.852484
UNSEEN_PAY_001021,UNSEEN_CUST_01591,39068.48,netbanking,successful,,,1,2026-07-02 04:05:41.852484
UNSEEN_PAY_001022,UNSEEN_CUST_00020,19107.96,upi,successful,,,1,2026-06-23 11:16:41.853480
UNSEEN_PAY_001023,UNSEEN_CUST_01316,24743.43,card,failed,UNKNOWN_ERROR,unknown_failure,1,2026-08-21 19:47:41.853480
UNSEEN_PAY_001024,UNSEEN_CUST_00267,29378.04,upi,successful,,,1,2026-06-21 06:51:41.853480
UNSEEN_PAY_001025,UNSEEN_CUST_01459,32931.1,upi,successful,,,1,2026-06-30 06:40:41.853480
UNSEEN_PAY_001026,UNSEEN_CUST_00413,47267.3,card,failed,BANK_SERVICE_UNAVAILABLE,temporary_bank_failure,1,2026-07-02 06:32:41.853480
UNSEEN_PAY_001027,UNSEEN_CUST_01339,6421.92,upi,successful,,,1,2026-08-18 10:41:41.853480
UNSEEN_PAY_001028,UNSEEN_CUST_01129,46444.04,upi,successful,,,1,2026-07-21 13:15:41.853480
UNSEEN_PAY_001029,UNSEEN_CUST_00046,5470.28,upi,successful,,,1,2026-08-02 07:43:41.853480
UNSEEN_PAY_001030,UNSEEN_CUST_01861,34904.34,netbanking,successful,,,1,2026-06-22 20:39:41.853480
UNSEEN_PAY_001031,UNSEEN_CUST_00524,13416.18,card,successful,,,1,2026-06-13 12:14:41.853480
UNSEEN_PAY_001032,UNSEEN_CUST_00192,43346.88,upi,successful,,,1,2026-07-20 13:08:41.853480
UNSEEN_PAY_001033,UNSEEN_CUST_00369,42852.2,card,failed,FUNDS_NOT_AVAILABLE,insufficient_funds,2,2026-08-16 20:15:41.853480
UNSEEN_PAY_001034,UNSEEN_CUST_00723,22506.52,card,successful,,,1,2026-07-18 11:45:41.853480
UNSEEN_PAY_001035,UNSEEN_CUST_01322,48331.1,card,successful,,,1,2026-06-14 02:43:41.853480
UNSEEN_PAY_001036,UNSEEN_CUST_00808,23610.46,netbanking,successful,,,1,2026-08-01 23:57:41.853480
UNSEEN_PAY_001037,UNSEEN_CUST_01971,20389.28,upi,successful,,,1,2026-08-01 02:13:41.853480
UNSEEN_PAY_001038,UNSEEN_CUST_01492,48181.4,netbanking,successful,,,1,2026-06-17 13:06:41.853480
UNSEEN_PAY_001039,UNSEEN_CUST_01277,27151.85,card,successful,,,1,2026-06-01 08:13:41.853480
UNSEEN_PAY_001040,UNSEEN_CUST_00025,17931.22,upi,failed,INSTRUMENT_EXPIRED,expired_instrument,1,2026-08-11 00:32:41.853480
UNSEEN_PAY_001041,UNSEEN_CUST_01300,19145.26,netbanking,successful,,,1,2026-08-07 16:07:41.853480
UNSEEN_PAY_001042,UNSEEN_CUST_00500,28138.29,netbanking,successful,,,1,2026-06-18 15:57:41.853480
UNSEEN_PAY_001043,UNSEEN_CUST_00935,35663.92,card,failed,BANK_TEMPORARY_ERROR,temporary_bank_failure,1,2026-06-21 03:03:41.853480
UNSEEN_PAY_001044,UNSEEN_CUST_00291,49050.02,netbanking,successful,,,1,2026-07-27 11:53:41.853480
UNSEEN_PAY_001045,UNSEEN_CUST_01369,40336.23,upi,successful,,,1,2026-07-10 22:41:41.853480
UNSEEN_PAY_001046,UNSEEN_CUST_00892,9613.28,card,successful,,,1,2026-08-23 05:31:41.854479
UNSEEN_PAY_001047,UNSEEN_CUST_01695,13461.33,card,failed,POLICY_DECLINED,risk_decline,1,2026-05-31 07:04:41.854479
UNSEEN_PAY_001048,UNSEEN_CUST_00523,33399.78,upi,successful,,,1,2026-07-03 15:53:41.854479
UNSEEN_PAY_001049,UNSEEN_CUST_01367,13340.2,upi,successful,,,1,2026-06-11 21:13:41.854479
UNSEEN_PAY_001050,UNSEEN_CUST_01265,28613.52,upi,successful,,,1,2026-07-16 20:58:41.854479
UNSEEN_PAY_001051,UNSEEN_CUST_00845,31563.14,upi,failed,INSTRUMENT_BLOCKED,blocked_instrument,1,2026-06-30 08:29:41.854479
UNSEEN_PAY_001052,UNSEEN_CUST_00784,41139.12,card,successful,,,1,2026-08-24 20:55:41.854479
UNSEEN_PAY_001053,UNSEEN_CUST_00802,47513.14,card,successful,,,1,2026-08-22 15:06:41.854479
UNSEEN_PAY_001054,UNSEEN_CUST_00808,17365.73,upi,successful,,,1,2026-08-16 08:56:41.854479
UNSEEN_PAY_001055,UNSEEN_CUST_00975,36754.29,upi,successful,,,1,2026-06-25 11:43:41.854479
UNSEEN_PAY_001056,UNSEEN_CUST_00665,33717.19,upi,successful,,,1,2026-06-16 19:50:41.854479
UNSEEN_PAY_001057,UNSEEN_CUST_01460,42698.9,upi,failed,NETWORK_TIMEOUT,timeout,1,2026-08-02 01:35:41.854479
UNSEEN_PAY_001058,UNSEEN_CUST_01590,19129.65,upi,successful,,,1,2026-06-15 01:23:41.854479
UNSEEN_PAY_001059,UNSEEN_CUST_01287,42004.78,upi,successful,,,1,2026-06-29 01:04:41.854479
UNSEEN_PAY_001060,UNSEEN_CUST_01840,23959.76,card,successful,,,1,2026-07-20 19:02:41.854479
UNSEEN_PAY_001061,UNSEEN_CUST_01565,3315.87,card,failed,BANK_SERVICE_UNAVAILABLE,temporary_bank_failure,1,2026-08-06 13:24:41.854479
UNSEEN_PAY_001062,UNSEEN_CUST_01951,39185.32,netbanking,failed,FUNDS_NOT_AVAILABLE,insufficient_funds,2,2026-08-06 03:58:41.854479
UNSEEN_PAY_001063,UNSEEN_CUST_01067,16105.73,netbanking,successful,,,1,2026-05-30 09:42:41.854479
UNSEEN_PAY_001064,UNSEEN_CUST_01794,21722.25,card,failed,FUNDS_NOT_AVAILABLE,insufficient_funds,1,2026-06-22 03:49:41.854479
UNSEEN_PAY_001065,UNSEEN_CUST_01941,46071.29,upi,successful,,,1,2026-07-06 10:15:41.854479
UNSEEN_PAY_001066,UNSEEN_CUST_01261,64360.28,card,failed,INSUFFICIENT_BALANCE,insufficient_funds,1,2026-08-14 00:08:41.854479
UNSEEN_PAY_001067,UNSEEN_CUST_00899,9184.62,card,successful,,,1,2026-08-15 14:05:41.854479
UNSEEN_PAY_001068,UNSEEN_CUST_00748,2221.28,upi,successful,,,1,2026-06-05 17:09:41.855491
UNSEEN_PAY_001069,UNSEEN_CUST_01515,7861.09,upi,successful,,,1,2026-07-25 05:09:41.855491
UNSEEN_PAY_001070,UNSEEN_CUST_00112,2155.46,netbanking,failed,UNSPECIFIED_DECLINE,insufficient_funds,1,2026-08-06 21:09:41.855491
UNSEEN_PAY_001071,UNSEEN_CUST_01544,34812.39,upi,successful,,,1,2026-06-04 02:56:41.855491
UNSEEN_PAY_001072,UNSEEN_CUST_00805,47471.93,card,failed,TRANSACTION_LIMIT_EXCEEDED,limit_exceeded,1,2026-07-03 19:07:41.855491
UNSEEN_PAY_001073,UNSEEN_CUST_01276,12795.1,card,successful,,,1,2026-07-12 14:25:41.855491
UNSEEN_PAY_001074,UNSEEN_CUST_01666,13563.33,upi,successful,,,1,2026-07-31 05:23:41.855491
UNSEEN_PAY_001075,UNSEEN_CUST_00284,42760.08,upi,successful,,,1,2026-08-07 09:13:41.855491
UNSEEN_PAY_001076,UNSEEN_CUST_01438,38598.41,netbanking,successful,,,1,2026-07-25 11:48:41.856478
UNSEEN_PAY_001077,UNSEEN_CUST_00756,66579.98,card,successful,,,1,2026-06-27 17:22:41.856478
UNSEEN_PAY_001078,UNSEEN_CUST_00582,5908.4,upi,successful,,,1,2026-06-13 05:15:41.856478
UNSEEN_PAY_001079,UNSEEN_CUST_01466,17647.22,upi,failed,FUNDS_NOT_AVAILABLE,insufficient_funds,1,2026-07-31 05:59:41.856478
UNSEEN_PAY_001080,UNSEEN_CUST_00456,30178.86,netbanking,successful,,,1,2026-07-10 11:19:41.856478
UNSEEN_PAY_001081,UNSEEN_CUST_01236,15987.95,upi,successful,,,1,2026-07-20 21:59:41.856478
UNSEEN_PAY_001082,UNSEEN_CUST_01220,44610.69,card,successful,,,1,2026-07-04 13:22:41.856478
UNSEEN_PAY_001083,UNSEEN_CUST_01721,38691.76,card,failed,NETWORK_TIMEOUT,timeout,1,2026-07-13 17:52:41.856478
UNSEEN_PAY_001084,UNSEEN_CUST_00841,42919.37,card,successful,,,1,2026-06-01 07:10:41.856478
UNSEEN_PAY_001085,UNSEEN_CUST_00430,74011.07,upi,successful,,,1,2026-07-18 18:20:41.856478
UNSEEN_PAY_001086,UNSEEN_CUST_01708,39711.48,netbanking,successful,,,1,2026-07-24 05:21:41.856478
UNSEEN_PAY_001087,UNSEEN_CUST_00728,8672.31,upi,successful,,,1,2026-05-31 03:45:41.857487
UNSEEN_PAY_001088,UNSEEN_CUST_01130,5460.23,card,successful,,,1,2026-07-10 16:53:41.857487
UNSEEN_PAY_001089,UNSEEN_CUST_01143,28306.14,upi,successful,,,1,2026-07-19 12:16:41.857487
UNSEEN_PAY_001090,UNSEEN_CUST_00755,19334.96,card,successful,,,1,2026-08-04 19:55:41.857487
UNSEEN_PAY_001091,UNSEEN_CUST_00991,41993.86,upi,successful,,,1,2026-08-04 13:05:41.857487
UNSEEN_PAY_001092,UNSEEN_CUST_01721,42236.7,card,successful,,,1,2026-08-14 01:12:41.857487
UNSEEN_PAY_001093,UNSEEN_CUST_00388,17322.99,upi,successful,,,1,2026-08-08 09:28:41.857487
UNSEEN_PAY_001094,UNSEEN_CUST_01947,2251.05,upi,failed,TRANSACTION_LIMIT_EXCEEDED,limit_exceeded,1,2026-07-23 03:18:41.857487
UNSEEN_PAY_001095,UNSEEN_CUST_00382,14053.4,upi,successful,,,1,2026-06-04 17:49:41.857487
UNSEEN_PAY_001096,UNSEEN_CUST_00893,68756.97,upi,successful,,,1,2026-07-09 14:43:41.857487
UNSEEN_PAY_001097,UNSEEN_CUST_00119,33672.65,card,failed,CUSTOMER_AUTH_FAILED,authentication_failed,1,2026-07-01 16:24:41.857487
UNSEEN_PAY_001098,UNSEEN_CUST_01886,21271.72,card,successful,,,1,2026-06-15 16:40:41.857487
UNSEEN_PAY_001099,UNSEEN_CUST_01046,17398.62,upi,successful,,,1,2026-06-10 15:30:41.857487
UNSEEN_PAY_001100,UNSEEN_CUST_01782,32983.24,card,successful,,,1,2026-06-29 01:40:41.857487
UNSEEN_PAY_001101,UNSEEN_CUST_01974,27530.7,card,successful,,,1,2026-07-12 04:42:41.857487
UNSEEN_PAY_001102,UNSEEN_CUST_01813,19997.22,upi,successful,,,1,2026-08-19 08:28:41.857487
UNSEEN_PAY_001103,UNSEEN_CUST_00161,27121.55,card,failed,INSTRUMENT_EXPIRED,expired_instrument,1,2026-06-29 23:37:41.857487
UNSEEN_PAY_001104,UNSEEN_CUST_00308,43407.0,card,successful,,,1,2026-06-25 04:10:41.857487
UNSEEN_PAY_001105,UNSEEN_CUST_00713,7427.68,card,successful,,,1,2026-06-12 03:01:41.857487
UNSEEN_PAY_001106,UNSEEN_CUST_00419,41612.01,upi,successful,,,1,2026-06-22 09:07:41.857487
UNSEEN_PAY_001107,UNSEEN_CUST_01265,4518.15,card,successful,,,1,2026-07-29 21:53:41.857487
UNSEEN_PAY_001108,UNSEEN_CUST_01241,48564.59,netbanking,successful,,,1,2026-05-28 00:49:41.857487
UNSEEN_PAY_001109,UNSEEN_CUST_00446,27247.05,upi,successful,,,1,2026-07-04 12:50:41.857487
UNSEEN_PAY_001110,UNSEEN_CUST_00777,15333.0,upi,successful,,,1,2026-06-10 00:03:41.858483
UNSEEN_PAY_001111,UNSEEN_CUST_01688,9477.57,card,successful,,,1,2026-05-28 10:35:41.858483
UNSEEN_PAY_001112,UNSEEN_CUST_01241,9240.04,upi,successful,,,1,2026-06-30 02:30:41.858483
UNSEEN_PAY_001113,UNSEEN_CUST_01391,39155.63,card,successful,,,1,2026-06-24 22:38:41.858483
UNSEEN_PAY_001114,UNSEEN_CUST_00647,41064.74,card,successful,,,1,2026-06-20 12:11:41.858483
UNSEEN_PAY_001115,UNSEEN_CUST_01211,19448.16,netbanking,successful,,,1,2026-06-09 12:00:41.858483
UNSEEN_PAY_001116,UNSEEN_CUST_01903,40130.95,upi,successful,,,1,2026-07-26 19:15:41.858483
UNSEEN_PAY_001117,UNSEEN_CUST_01318,7702.5,card,successful,,,1,2026-06-17 23:19:41.858483
UNSEEN_PAY_001118,UNSEEN_CUST_01998,26112.33,card,successful,,,1,2026-07-06 00:33:41.858483
UNSEEN_PAY_001119,UNSEEN_CUST_00674,22962.33,upi,successful,,,1,2026-06-29 17:22:41.858483
UNSEEN_PAY_001120,UNSEEN_CUST_00654,33434.11,upi,successful,,,1,2026-08-18 18:37:41.858483
UNSEEN_PAY_001121,UNSEEN_CUST_00498,25858.61,card,failed,PROCESSING_TIMEOUT,timeout,1,2026-06-13 16:28:41.858483
UNSEEN_PAY_001122,UNSEEN_CUST_00942,22151.5,card,failed,UNSPECIFIED_DECLINE,limit_exceeded,1,2026-07-07 19:46:41.858483
UNSEEN_PAY_001123,UNSEEN_CUST_01383,27009.56,card,successful,,,1,2026-05-30 04:54:41.858483
UNSEEN_PAY_001124,UNSEEN_CUST_01543,22945.6,upi,successful,,,1,2026-06-11 14:09:41.858483
UNSEEN_PAY_001125,UNSEEN_CUST_01177,57585.42,netbanking,successful,,,1,2026-07-08 08:52:41.858483
UNSEEN_PAY_001126,UNSEEN_CUST_00788,13517.07,upi,successful,,,2,2026-06-16 01:25:41.858483
UNSEEN_PAY_001127,UNSEEN_CUST_01176,19197.39,card,successful,,,1,2026-07-12 23:57:41.858483
UNSEEN_PAY_001128,UNSEEN_CUST_01029,31628.04,card,failed,BANK_TEMPORARY_ERROR,temporary_bank_failure,1,2026-06-07 13:24:41.858483
UNSEEN_PAY_001129,UNSEEN_CUST_00525,64360.16,upi,failed,INSUFFICIENT_BALANCE,insufficient_funds,1,2026-06-26 20:12:41.858483
UNSEEN_PAY_001130,UNSEEN_CUST_01778,14723.72,card,successful,,,1,2026-07-13 01:38:41.858483
UNSEEN_PAY_001131,UNSEEN_CUST_01780,20457.3,upi,failed,FUNDS_NOT_AVAILABLE,insufficient_funds,1,2026-08-15 12:57:41.858483
UNSEEN_PAY_001132,UNSEEN_CUST_01877,36728.63,card,successful,,,1,2026-08-16 13:25:41.859479
UNSEEN_PAY_001133,UNSEEN_CUST_01170,4332.21,netbanking,successful,,,1,2026-06-30 01:04:41.859479
UNSEEN_PAY_001134,UNSEEN_CUST_00999,64369.7,card,failed,,risk_decline,1,2026-08-12 15:03:41.859479
UNSEEN_PAY_001135,UNSEEN_CUST_01738,3082.87,upi,successful,,,1,2026-06-06 15:20:41.859479
UNSEEN_PAY_001136,UNSEEN_CUST_00440,46048.45,upi,successful,,,1,2026-07-13 14:24:41.859479
UNSEEN_PAY_001137,UNSEEN_CUST_00452,26577.33,card,successful,,,1,2026-08-21 17:55:41.859479
UNSEEN_PAY_001138,UNSEEN_CUST_01255,15571.98,card,successful,,,1,2026-08-06 03:14:41.859479
UNSEEN_PAY_001139,UNSEEN_CUST_00747,49503.22,upi,successful,,,1,2026-08-05 23:30:41.859479
UNSEEN_PAY_001140,UNSEEN_CUST_00527,12167.8,netbanking,failed,INSTRUMENT_EXPIRED,expired_instrument,2,2026-05-29 21:42:41.859479
UNSEEN_PAY_001141,UNSEEN_CUST_01380,14397.28,card,successful,,,1,2026-07-29 05:41:41.859479
UNSEEN_PAY_001142,UNSEEN_CUST_01175,35788.4,netbanking,successful,,,1,2026-07-01 08:21:41.859479
UNSEEN_PAY_001143,UNSEEN_CUST_01529,40666.86,upi,successful,,,1,2026-08-21 13:22:41.859479
UNSEEN_PAY_001144,UNSEEN_CUST_00672,46475.02,netbanking,failed,INSUFFICIENT_BALANCE,insufficient_funds,1,2026-06-20 23:36:41.859983
UNSEEN_PAY_001145,UNSEEN_CUST_01244,32866.51,upi,failed,BANK_SERVICE_UNAVAILABLE,temporary_bank_failure,2,2026-08-18 03:02:41.859983
UNSEEN_PAY_001146,UNSEEN_CUST_01360,22312.38,upi,successful,,,1,2026-08-19 15:32:41.859983
UNSEEN_PAY_001147,UNSEEN_CUST_01986,4668.01,upi,successful,,,1,2026-08-23 17:24:41.859983
UNSEEN_PAY_001148,UNSEEN_CUST_00748,5854.99,card,successful,,,2,2026-06-20 14:09:41.859983
UNSEEN_PAY_001149,UNSEEN_CUST_00658,14175.69,upi,successful,,,1,2026-06-28 08:41:41.859983
UNSEEN_PAY_001150,UNSEEN_CUST_00319,33772.89,card,successful,,,1,2026-08-18 14:31:41.859983
UNSEEN_PAY_001151,UNSEEN_CUST_00974,22168.96,upi,successful,,,1,2026-07-19 19:54:41.859983
UNSEEN_PAY_001152,UNSEEN_CUST_01077,22601.18,upi,failed,INSUFFICIENT_BALANCE,insufficient_funds,1,2026-08-13 23:11:41.859983
UNSEEN_PAY_001153,UNSEEN_CUST_00179,11521.67,card,failed,PROCESSING_TIMEOUT,timeout,1,2026-06-15 23:22:41.859983
UNSEEN_PAY_001154,UNSEEN_CUST_00543,12523.17,upi,successful,,,1,2026-08-24 15:00:41.859983
UNSEEN_PAY_001155,UNSEEN_CUST_01655,11424.5,card,successful,,,1,2026-07-24 16:41:41.859983
UNSEEN_PAY_001156,UNSEEN_CUST_00274,2860.45,upi,successful,,,2,2026-06-26 17:34:41.859983
UNSEEN_PAY_001157,UNSEEN_CUST_01520,28493.59,upi,successful,,,1,2026-08-01 07:34:41.859983
UNSEEN_PAY_001158,UNSEEN_CUST_01043,48207.5,netbanking,failed,UNSPECIFIED_DECLINE,timeout,1,2026-08-20 08:28:41.859983
UNSEEN_PAY_001159,UNSEEN_CUST_01137,7617.2,netbanking,successful,,,1,2026-07-07 16:36:41.859983
UNSEEN_PAY_001160,UNSEEN_CUST_00963,47663.1,card,successful,,,1,2026-08-20 21:07:41.859983
UNSEEN_PAY_001161,UNSEEN_CUST_01404,45925.56,upi,successful,,,1,2026-07-05 06:42:41.859983
UNSEEN_PAY_001162,UNSEEN_CUST_01765,7419.39,upi,successful,,,1,2026-07-17 20:38:41.859983
UNSEEN_PAY_001163,UNSEEN_CUST_00256,30191.39,upi,successful,,,1,2026-06-17 16:12:41.859983
UNSEEN_PAY_001164,UNSEEN_CUST_00423,13398.3,upi,successful,,,1,2026-08-06 23:58:41.859983
UNSEEN_PAY_001165,UNSEEN_CUST_00996,6197.37,netbanking,failed,BANK_TEMPORARY_ERROR,temporary_bank_failure,1,2026-06-25 00:22:41.859983
UNSEEN_PAY_001166,UNSEEN_CUST_01508,28543.29,card,failed,FUNDS_NOT_AVAILABLE,insufficient_funds,1,2026-06-21 10:50:41.859983
UNSEEN_PAY_001167,UNSEEN_CUST_00532,17004.14,upi,successful,,,1,2026-07-09 00:00:41.860992
UNSEEN_PAY_001168,UNSEEN_CUST_01150,7091.42,upi,failed,UNKNOWN_ERROR,unknown_failure,1,2026-05-30 20:57:41.860992
UNSEEN_PAY_001169,UNSEEN_CUST_00107,15139.2,upi,successful,,,1,2026-06-23 23:49:41.860992
UNSEEN_PAY_001170,UNSEEN_CUST_01868,22012.65,upi,successful,,,1,2026-06-02 10:00:41.860992
UNSEEN_PAY_001171,UNSEEN_CUST_01647,26139.72,upi,successful,,,2,2026-07-03 18:09:41.860992
UNSEEN_PAY_001172,UNSEEN_CUST_00233,1027.42,upi,successful,,,1,2026-07-29 03:31:41.860992
UNSEEN_PAY_001173,UNSEEN_CUST_01336,17364.29,card,successful,,,1,2026-06-11 11:22:41.860992
UNSEEN_PAY_001174,UNSEEN_CUST_01457,5492.17,upi,successful,,,1,2026-06-24 11:04:41.860992
UNSEEN_PAY_001175,UNSEEN_CUST_01899,20061.55,upi,successful,,,1,2026-07-26 11:00:41.860992
UNSEEN_PAY_001176,UNSEEN_CUST_01523,38596.49,card,successful,,,1,2026-06-04 19:47:41.860992
UNSEEN_PAY_001177,UNSEEN_CUST_01888,3631.93,upi,failed,UNSPECIFIED_DECLINE,unknown_failure,1,2026-08-04 18:44:41.860992
UNSEEN_PAY_001178,UNSEEN_CUST_00560,39089.67,netbanking,failed,BANK_SERVICE_UNAVAILABLE,temporary_bank_failure,1,2026-06-10 07:01:41.860992
UNSEEN_PAY_001179,UNSEEN_CUST_00693,21444.5,card,successful,,,1,2026-06-06 19:06:41.860992
UNSEEN_PAY_001180,UNSEEN_CUST_01033,8954.15,upi,successful,,,1,2026-07-05 21:54:41.860992
UNSEEN_PAY_001181,UNSEEN_CUST_00215,16750.37,upi,successful,,,1,2026-07-13 00:01:41.860992
UNSEEN_PAY_001182,UNSEEN_CUST_01183,40093.95,netbanking,successful,,,1,2026-07-19 05:16:41.860992
UNSEEN_PAY_001183,UNSEEN_CUST_01367,8007.94,netbanking,successful,,,2,2026-07-18 19:33:41.860992
UNSEEN_PAY_001184,UNSEEN_CUST_01248,3516.87,upi,successful,,,1,2026-07-10 11:53:41.860992
UNSEEN_PAY_001185,UNSEEN_CUST_01851,35767.59,upi,successful,,,1,2026-08-18 07:34:41.860992
UNSEEN_PAY_001186,UNSEEN_CUST_00255,11740.65,netbanking,successful,,,1,2026-06-03 09:38:41.860992
UNSEEN_PAY_001187,UNSEEN_CUST_00251,38328.42,upi,failed,FUNDS_NOT_AVAILABLE,insufficient_funds,1,2026-07-03 18:26:41.860992
UNSEEN_PAY_001188,UNSEEN_CUST_01412,12184.34,upi,successful,,,1,2026-06-10 15:47:41.860992
UNSEEN_PAY_001189,UNSEEN_CUST_00249,30889.69,upi,successful,,,1,2026-06-19 04:24:41.860992
UNSEEN_PAY_001190,UNSEEN_CUST_00094,33220.07,netbanking,successful,,,1,2026-05-28 21:15:41.861991
UNSEEN_PAY_001191,UNSEEN_CUST_00938,15945.98,netbanking,successful,,,1,2026-07-04 02:19:41.861991
UNSEEN_PAY_001192,UNSEEN_CUST_01482,49756.05,upi,successful,,,1,2026-08-05 14:42:41.861991
UNSEEN_PAY_001193,UNSEEN_CUST_01894,16012.59,upi,failed,BANK_TEMPORARY_ERROR,temporary_bank_failure,1,2026-07-24 02:45:41.861991
UNSEEN_PAY_001194,UNSEEN_CUST_01394,21531.04,upi,successful,,,1,2026-06-07 15:30:41.861991
UNSEEN_PAY_001195,UNSEEN_CUST_00290,28834.95,netbanking,successful,,,1,2026-07-30 15:46:41.861991
UNSEEN_PAY_001196,UNSEEN_CUST_00664,21046.25,upi,successful,,,1,2026-07-15 05:42:41.861991
UNSEEN_PAY_001197,UNSEEN_CUST_00759,23836.25,upi,successful,,,1,2026-08-05 16:20:41.861991
UNSEEN_PAY_001198,UNSEEN_CUST_01298,44820.87,netbanking,failed,BANK_TEMPORARY_ERROR,temporary_bank_failure,1,2026-06-20 12:55:41.861991
UNSEEN_PAY_001199,UNSEEN_CUST_00519,6579.15,upi,successful,,,1,2026-07-31 12:26:41.861991
UNSEEN_PAY_001200,UNSEEN_CUST_00564,48757.69,upi,successful,,,1,2026-06-16 05:19:41.861991
UNSEEN_PAY_001201,UNSEEN_CUST_01116,30290.84,upi,successful,,,1,2026-07-15 22:48:41.861991
UNSEEN_PAY_001202,UNSEEN_CUST_01734,20516.11,upi,successful,,,1,2026-08-20 15:17:41.861991
UNSEEN_PAY_001203,UNSEEN_CUST_01759,47195.91,card,successful,,,1,2026-06-21 06:37:41.861991
UNSEEN_PAY_001204,UNSEEN_CUST_01197,10570.79,upi,successful,,,1,2026-08-09 00:48:41.861991
UNSEEN_PAY_001205,UNSEEN_CUST_00981,44990.24,netbanking,successful,,,1,2026-07-21 11:21:41.861991
UNSEEN_PAY_001206,UNSEEN_CUST_01821,22912.77,card,failed,POLICY_DECLINED,risk_decline,1,2026-05-31 09:35:41.861991
UNSEEN_PAY_001207,UNSEEN_CUST_00164,41193.63,card,successful,,,1,2026-06-16 04:42:41.861991
UNSEEN_PAY_001208,UNSEEN_CUST_01584,26562.31,card,successful,,,1,2026-07-14 07:48:41.861991
UNSEEN_PAY_001209,UNSEEN_CUST_00457,17664.98,upi,failed,TRANSACTION_LIMIT_EXCEEDED,limit_exceeded,1,2026-06-09 13:46:41.861991
UNSEEN_PAY_001210,UNSEEN_CUST_01156,14245.73,card,successful,,,1,2026-08-14 04:40:41.861991
UNSEEN_PAY_001211,UNSEEN_CUST_00483,25462.78,upi,successful,,,1,2026-08-05 12:35:41.861991
UNSEEN_PAY_001212,UNSEEN_CUST_00714,12032.2,upi,successful,,,1,2026-06-09 12:30:41.861991
UNSEEN_PAY_001213,UNSEEN_CUST_00837,11154.91,upi,successful,,,1,2026-06-22 07:34:41.861991
UNSEEN_PAY_001214,UNSEEN_CUST_01215,45146.89,upi,successful,,,1,2026-06-16 01:39:41.862990
UNSEEN_PAY_001215,UNSEEN_CUST_00005,11323.07,upi,successful,,,1,2026-08-09 08:46:41.862990
UNSEEN_PAY_001216,UNSEEN_CUST_00612,17981.54,upi,failed,FUNDS_NOT_AVAILABLE,insufficient_funds,1,2026-07-12 08:37:41.862990
UNSEEN_PAY_001217,UNSEEN_CUST_01428,27906.84,upi,successful,,,1,2026-05-31 07:55:41.862990
UNSEEN_PAY_001218,UNSEEN_CUST_00708,12743.28,upi,successful,,,2,2026-07-31 20:27:41.862990
UNSEEN_PAY_001219,UNSEEN_CUST_01509,12767.5,netbanking,successful,,,1,2026-08-24 00:49:41.862990
UNSEEN_PAY_001220,UNSEEN_CUST_01850,29940.85,netbanking,successful,,,1,2026-08-18 01:23:41.862990
UNSEEN_PAY_001221,UNSEEN_CUST_00515,22961.88,upi,failed,INSTRUMENT_BLOCKED,blocked_instrument,1,2026-06-24 06:46:41.862990
UNSEEN_PAY_001222,UNSEEN_CUST_00372,12627.13,netbanking,successful,,,1,2026-07-18 00:32:41.862990
UNSEEN_PAY_001223,UNSEEN_CUST_00782,7671.86,upi,successful,,,1,2026-07-24 06:16:41.862990
UNSEEN_PAY_001224,UNSEEN_CUST_00003,12742.59,upi,successful,,,1,2026-07-26 16:29:41.862990
UNSEEN_PAY_001225,UNSEEN_CUST_00667,81621.33,upi,failed,UNSPECIFIED_DECLINE,insufficient_funds,1,2026-06-26 22:28:41.862990
UNSEEN_PAY_001226,UNSEEN_CUST_01294,5033.87,card,successful,,,1,2026-07-04 13:48:41.862990
UNSEEN_PAY_001227,UNSEEN_CUST_01304,20018.74,upi,successful,,,1,2026-07-13 14:03:41.862990
UNSEEN_PAY_001228,UNSEEN_CUST_01221,55462.51,upi,failed,TRANSACTION_LIMIT_EXCEEDED,limit_exceeded,1,2026-07-02 19:32:41.862990
UNSEEN_PAY_001229,UNSEEN_CUST_00116,11298.76,card,successful,,,1,2026-07-12 22:13:41.862990
UNSEEN_PAY_001230,UNSEEN_CUST_01856,12903.57,card,successful,,,2,2026-07-27 13:15:41.862990
UNSEEN_PAY_001231,UNSEEN_CUST_01995,17506.97,card,successful,,,1,2026-06-08 08:33:41.862990
UNSEEN_PAY_001232,UNSEEN_CUST_01886,32800.03,upi,failed,INSTRUMENT_BLOCKED,blocked_instrument,1,2026-07-11 11:35:41.862990
UNSEEN_PAY_001233,UNSEEN_CUST_01822,11224.71,card,successful,,,1,2026-06-09 04:17:41.862990
UNSEEN_PAY_001234,UNSEEN_CUST_01931,33940.91,card,failed,CUSTOMER_AUTH_FAILED,authentication_failed,1,2026-05-29 00:19:41.862990
UNSEEN_PAY_001235,UNSEEN_CUST_01831,89807.01,netbanking,failed,BANK_SERVICE_UNAVAILABLE,temporary_bank_failure,1,2026-05-31 19:28:41.862990
UNSEEN_PAY_001236,UNSEEN_CUST_00679,18526.64,card,successful,,,1,2026-08-06 21:41:41.863990
UNSEEN_PAY_001237,UNSEEN_CUST_00309,45898.47,netbanking,successful,,,1,2026-06-14 01:21:41.863990
UNSEEN_PAY_001238,UNSEEN_CUST_00162,60554.26,card,successful,,,1,2026-07-16 01:56:41.863990
UNSEEN_PAY_001239,UNSEEN_CUST_01609,30823.01,upi,successful,,,1,2026-07-22 05:09:41.863990
UNSEEN_PAY_001240,UNSEEN_CUST_01480,4094.22,upi,successful,,,1,2026-06-21 00:08:41.863990
UNSEEN_PAY_001241,UNSEEN_CUST_00334,48996.34,upi,successful,,,1,2026-05-31 22:01:41.863990
UNSEEN_PAY_001242,UNSEEN_CUST_00746,43565.42,card,successful,,,1,2026-08-08 10:58:41.863990
UNSEEN_PAY_001243,UNSEEN_CUST_00957,24483.13,card,successful,,,1,2026-07-07 14:02:41.863990
UNSEEN_PAY_001244,UNSEEN_CUST_00972,66214.01,card,successful,,,1,2026-07-02 11:01:41.863990
UNSEEN_PAY_001245,UNSEEN_CUST_00230,20453.86,upi,failed,CARD_BLOCKED,blocked_instrument,1,2026-07-26 14:45:41.863990
UNSEEN_PAY_001246,UNSEEN_CUST_01774,36897.1,card,successful,,,1,2026-07-31 05:39:41.863990
UNSEEN_PAY_001247,UNSEEN_CUST_00519,15305.37,upi,failed,INSUFFICIENT_BALANCE,insufficient_funds,1,2026-05-30 11:14:41.863990
UNSEEN_PAY_001248,UNSEEN_CUST_01000,41738.73,netbanking,successful,,,1,2026-07-28 20:55:41.863990
UNSEEN_PAY_001249,UNSEEN_CUST_00253,21863.42,upi,failed,BANK_TEMPORARY_ERROR,temporary_bank_failure,1,2026-08-20 14:23:41.863990
UNSEEN_PAY_001250,UNSEEN_CUST_01729,23502.15,upi,successful,,,1,2026-08-01 20:31:41.863990
UNSEEN_PAY_001251,UNSEEN_CUST_00639,26079.6,netbanking,successful,,,1,2026-05-31 02:25:41.863990
UNSEEN_PAY_001252,UNSEEN_CUST_01562,93257.11,upi,successful,,,1,2026-06-14 07:23:41.863990
UNSEEN_PAY_001253,UNSEEN_CUST_00402,44370.87,card,successful,,,1,2026-07-18 09:35:41.863990
UNSEEN_PAY_001254,UNSEEN_CUST_01440,46860.56,upi,successful,,,1,2026-06-28 16:09:41.863990
UNSEEN_PAY_001255,UNSEEN_CUST_01504,4645.31,upi,successful,,,1,2026-05-28 12:35:41.863990
UNSEEN_PAY_001256,UNSEEN_CUST_01868,46929.07,card,successful,,,1,2026-08-10 21:46:41.863990
UNSEEN_PAY_001257,UNSEEN_CUST_00509,42325.2,upi,failed,BANK_SERVICE_UNAVAILABLE,temporary_bank_failure,1,2026-08-14 08:23:41.863990
UNSEEN_PAY_001258,UNSEEN_CUST_00250,30235.6,upi,successful,,,1,2026-07-28 21:19:41.863990
UNSEEN_PAY_001259,UNSEEN_CUST_01060,26739.73,upi,successful,,,1,2026-07-02 00:57:41.863990
UNSEEN_PAY_001260,UNSEEN_CUST_00919,43143.14,card,successful,,,1,2026-08-22 03:35:41.864990
UNSEEN_PAY_001261,UNSEEN_CUST_01869,46663.72,upi,successful,,,1,2026-06-06 22:38:41.864990
UNSEEN_PAY_001262,UNSEEN_CUST_01432,2957.05,netbanking,successful,,,1,2026-08-21 01:07:41.864990
UNSEEN_PAY_001263,UNSEEN_CUST_00985,13496.48,upi,successful,,,1,2026-07-02 18:44:41.864990
UNSEEN_PAY_001264,UNSEEN_CUST_00731,16122.45,upi,successful,,,1,2026-06-10 14:16:41.864990
UNSEEN_PAY_001265,UNSEEN_CUST_00610,40262.86,card,successful,,,1,2026-08-02 00:32:41.864990
UNSEEN_PAY_001266,UNSEEN_CUST_01560,20709.89,upi,failed,FUNDS_NOT_AVAILABLE,insufficient_funds,1,2026-08-07 10:40:41.864990
UNSEEN_PAY_001267,UNSEEN_CUST_01742,10204.95,card,successful,,,1,2026-07-02 10:45:41.864990
UNSEEN_PAY_001268,UNSEEN_CUST_00821,5652.9,upi,successful,,,1,2026-06-29 08:51:41.864990
UNSEEN_PAY_001269,UNSEEN_CUST_00374,10523.01,upi,successful,,,1,2026-06-15 19:28:41.864990
UNSEEN_PAY_001270,UNSEEN_CUST_01257,605.75,card,successful,,,1,2026-08-10 22:47:41.864990
UNSEEN_PAY_001271,UNSEEN_CUST_00541,28340.66,card,successful,,,1,2026-07-08 05:25:41.864990
UNSEEN_PAY_001272,UNSEEN_CUST_01904,44598.65,netbanking,successful,,,1,2026-08-23 16:39:41.864990
UNSEEN_PAY_001273,UNSEEN_CUST_00982,5928.85,upi,failed,UNSPECIFIED_DECLINE,insufficient_funds,1,2026-08-15 07:41:41.864990
UNSEEN_PAY_001274,UNSEEN_CUST_00047,13360.56,card,successful,,,1,2026-07-01 23:10:41.864990
UNSEEN_PAY_001275,UNSEEN_CUST_01175,17239.65,card,successful,,,1,2026-05-29 23:07:41.864990
UNSEEN_PAY_001276,UNSEEN_CUST_00939,14026.93,netbanking,successful,,,2,2026-08-01 19:48:41.864990
UNSEEN_PAY_001277,UNSEEN_CUST_01580,46658.71,card,successful,,,1,2026-06-03 06:12:41.864990
UNSEEN_PAY_001278,UNSEEN_CUST_01495,25704.08,upi,successful,,,2,2026-08-22 04:14:41.864990
UNSEEN_PAY_001279,UNSEEN_CUST_00829,27968.05,upi,successful,,,1,2026-06-23 22:49:41.864990
UNSEEN_PAY_001280,UNSEEN_CUST_01185,16390.27,card,successful,,,1,2026-05-29 19:47:41.864990
UNSEEN_PAY_001281,UNSEEN_CUST_00208,8971.71,upi,successful,,,1,2026-07-13 16:49:41.864990
UNSEEN_PAY_001282,UNSEEN_CUST_00127,27350.41,netbanking,successful,,,1,2026-08-20 06:03:41.864990
UNSEEN_PAY_001283,UNSEEN_CUST_01296,20525.18,card,failed,NETWORK_TIMEOUT,timeout,1,2026-08-10 11:24:41.864990
UNSEEN_PAY_001284,UNSEEN_CUST_00180,35242.73,upi,successful,,,1,2026-07-19 14:19:41.864990
UNSEEN_PAY_001285,UNSEEN_CUST_01583,15731.76,upi,failed,CARD_EXPIRED,expired_instrument,1,2026-06-13 18:43:41.865990
UNSEEN_PAY_001286,UNSEEN_CUST_01270,5043.85,upi,successful,,,1,2026-06-30 15:02:41.865990
UNSEEN_PAY_001287,UNSEEN_CUST_01194,12043.76,card,failed,POLICY_DECLINED,risk_decline,1,2026-06-30 18:22:41.865990
UNSEEN_PAY_001288,UNSEEN_CUST_00664,84333.73,upi,successful,,,1,2026-08-20 00:27:41.865990
UNSEEN_PAY_001289,UNSEEN_CUST_01810,41524.39,upi,successful,,,1,2026-07-23 23:16:41.865990
UNSEEN_PAY_001290,UNSEEN_CUST_00734,39813.4,card,successful,,,1,2026-05-31 18:25:41.865990
UNSEEN_PAY_001291,UNSEEN_CUST_01260,37893.23,netbanking,successful,,,1,2026-07-14 20:41:41.865990
UNSEEN_PAY_001292,UNSEEN_CUST_01576,16594.96,upi,successful,,,1,2026-07-03 15:46:41.865990
UNSEEN_PAY_001293,UNSEEN_CUST_00151,42743.74,upi,failed,UNSPECIFIED_DECLINE,temporary_bank_failure,2,2026-07-04 22:02:41.865990
UNSEEN_PAY_001294,UNSEEN_CUST_01352,30804.13,card,successful,,,1,2026-06-06 19:50:41.865990
UNSEEN_PAY_001295,UNSEEN_CUST_00963,47450.91,card,successful,,,1,2026-08-18 06:54:41.865990
UNSEEN_PAY_001296,UNSEEN_CUST_00849,46688.01,upi,failed,UNSPECIFIED_DECLINE,temporary_bank_failure,1,2026-07-09 12:07:41.865990
UNSEEN_PAY_001297,UNSEEN_CUST_00724,35336.76,upi,successful,,,1,2026-07-08 08:44:41.865990
UNSEEN_PAY_001298,UNSEEN_CUST_00813,15129.89,card,failed,BANK_TEMPORARY_ERROR,temporary_bank_failure,1,2026-07-25 05:59:41.865990
UNSEEN_PAY_001299,UNSEEN_CUST_01846,3285.75,upi,successful,,,1,2026-07-17 09:54:41.865990
UNSEEN_PAY_001300,UNSEEN_CUST_00959,30634.52,upi,successful,,,1,2026-06-22 22:12:41.865990
UNSEEN_PAY_001301,UNSEEN_CUST_00456,8953.28,upi,successful,,,1,2026-06-27 01:07:41.865990
UNSEEN_PAY_001302,UNSEEN_CUST_00636,43897.74,netbanking,successful,,,1,2026-06-28 17:37:41.865990
UNSEEN_PAY_001303,UNSEEN_CUST_00373,13995.44,upi,successful,,,1,2026-07-28 09:27:41.865990
UNSEEN_PAY_001304,UNSEEN_CUST_01575,74987.69,upi,successful,,,1,2026-06-03 14:03:41.865990
UNSEEN_PAY_001305,UNSEEN_CUST_00564,20478.59,upi,failed,BANK_TEMPORARY_ERROR,temporary_bank_failure,1,2026-07-19 21:14:41.865990
UNSEEN_PAY_001306,UNSEEN_CUST_00750,12033.64,netbanking,successful,,,1,2026-07-12 17:56:41.865990
UNSEEN_PAY_001307,UNSEEN_CUST_00369,26528.84,netbanking,successful,,,1,2026-06-23 04:31:41.865990
UNSEEN_PAY_001308,UNSEEN_CUST_01131,22959.32,netbanking,successful,,,1,2026-05-30 21:17:41.866990
UNSEEN_PAY_001309,UNSEEN_CUST_00032,29357.06,upi,successful,,,1,2026-06-12 07:48:41.866990
UNSEEN_PAY_001310,UNSEEN_CUST_01526,46340.82,upi,successful,,,1,2026-08-20 09:39:41.866990
UNSEEN_PAY_001311,UNSEEN_CUST_00198,3059.99,upi,successful,,,1,2026-08-17 07:33:41.866990
UNSEEN_PAY_001312,UNSEEN_CUST_00973,11166.82,netbanking,failed,AUTHENTICATION_FAILED,authentication_failed,1,2026-07-31 11:02:41.866990
UNSEEN_PAY_001313,UNSEEN_CUST_00304,22068.08,upi,successful,,,1,2026-08-04 20:54:41.866990
UNSEEN_PAY_001314,UNSEEN_CUST_01963,10940.18,upi,successful,,,1,2026-06-10 05:34:41.866990
UNSEEN_PAY_001315,UNSEEN_CUST_01110,15596.83,card,successful,,,1,2026-06-02 05:00:41.866990
UNSEEN_PAY_001316,UNSEEN_CUST_00079,80312.42,upi,successful,,,1,2026-07-10 20:44:41.866990
UNSEEN_PAY_001317,UNSEEN_CUST_01068,14833.83,card,failed,UNSPECIFIED_DECLINE,unknown_failure,1,2026-07-20 16:10:41.866990
UNSEEN_PAY_001318,UNSEEN_CUST_01831,29836.96,netbanking,successful,,,1,2026-06-16 10:57:41.866990
UNSEEN_PAY_001319,UNSEEN_CUST_00798,36950.63,card,successful,,,1,2026-08-13 12:07:41.866990
UNSEEN_PAY_001320,UNSEEN_CUST_01197,7382.85,upi,successful,,,1,2026-08-21 14:33:41.866990
UNSEEN_PAY_001321,UNSEEN_CUST_01311,41165.1,upi,successful,,,1,2026-07-26 10:28:41.866990
UNSEEN_PAY_001322,UNSEEN_CUST_00392,6404.79,upi,successful,,,1,2026-06-06 23:14:41.866990
UNSEEN_PAY_001323,UNSEEN_CUST_01328,25482.88,netbanking,successful,,,1,2026-06-22 08:48:41.866990
UNSEEN_PAY_001324,UNSEEN_CUST_01890,13625.03,upi,successful,,,1,2026-06-16 21:03:41.866990
UNSEEN_PAY_001325,UNSEEN_CUST_01049,27602.98,upi,successful,,,1,2026-07-22 04:59:41.866990
UNSEEN_PAY_001326,UNSEEN_CUST_01589,8011.71,card,successful,,,1,2026-08-09 01:13:41.866990
UNSEEN_PAY_001327,UNSEEN_CUST_00582,12952.16,upi,successful,,,1,2026-06-07 10:42:41.866990
UNSEEN_PAY_001328,UNSEEN_CUST_01639,7205.23,upi,successful,,,1,2026-06-30 15:18:41.866990
UNSEEN_PAY_001329,UNSEEN_CUST_01032,18340.81,card,failed,BANK_TEMPORARY_ERROR,temporary_bank_failure,1,2026-06-18 01:18:41.866990
UNSEEN_PAY_001330,UNSEEN_CUST_01218,36496.85,upi,successful,,,1,2026-07-28 21:44:41.866990
UNSEEN_PAY_001331,UNSEEN_CUST_00330,7293.06,card,successful,,,1,2026-08-07 22:01:41.866990
UNSEEN_PAY_001332,UNSEEN_CUST_01567,14630.83,upi,successful,,,1,2026-08-24 07:20:41.866990
UNSEEN_PAY_001333,UNSEEN_CUST_01822,4574.92,netbanking,successful,,,1,2026-08-04 06:48:41.867990
UNSEEN_PAY_001334,UNSEEN_CUST_01927,11409.9,upi,failed,INSUFFICIENT_BALANCE,insufficient_funds,1,2026-06-29 18:19:41.867990
UNSEEN_PAY_001335,UNSEEN_CUST_01170,42071.87,netbanking,successful,,,1,2026-06-10 12:33:41.867990
UNSEEN_PAY_001336,UNSEEN_CUST_01145,47633.52,card,successful,,,1,2026-07-14 15:45:41.867990
UNSEEN_PAY_001337,UNSEEN_CUST_01547,68754.56,upi,successful,,,1,2026-06-12 06:22:41.867990
UNSEEN_PAY_001338,UNSEEN_CUST_00801,49075.71,upi,successful,,,1,2026-08-08 07:29:41.867990
UNSEEN_PAY_001339,UNSEEN_CUST_00914,87671.29,upi,failed,PROCESSING_TIMEOUT,timeout,1,2026-07-01 18:59:41.867990
UNSEEN_PAY_001340,UNSEEN_CUST_00349,35197.04,upi,failed,INSUFFICIENT_BALANCE,insufficient_funds,1,2026-06-24 10:29:41.867990
UNSEEN_PAY_001341,UNSEEN_CUST_00099,72459.39,upi,successful,,,1,2026-07-05 09:47:41.867990
UNSEEN_PAY_001342,UNSEEN_CUST_00555,13670.37,upi,failed,BANK_TEMPORARY_ERROR,temporary_bank_failure,1,2026-06-02 11:00:41.867990
UNSEEN_PAY_001343,UNSEEN_CUST_00792,44280.55,netbanking,successful,,,1,2026-06-11 13:31:41.867990
UNSEEN_PAY_001344,UNSEEN_CUST_01918,11689.0,upi,failed,UNKNOWN_ERROR,unknown_failure,1,2026-07-16 19:02:41.867990
UNSEEN_PAY_001345,UNSEEN_CUST_00423,22454.07,upi,successful,,,1,2026-06-12 19:29:41.867990
UNSEEN_PAY_001346,UNSEEN_CUST_00430,72615.15,card,failed,CUSTOMER_AUTH_FAILED,authentication_failed,1,2026-07-25 06:48:41.867990
UNSEEN_PAY_001347,UNSEEN_CUST_01250,10844.15,upi,successful,,,1,2026-07-04 21:30:41.867990
UNSEEN_PAY_001348,UNSEEN_CUST_01374,16250.9,card,successful,,,1,2026-07-12 09:05:41.867990
UNSEEN_PAY_001349,UNSEEN_CUST_00527,14131.53,card,successful,,,1,2026-07-06 09:24:41.867990
UNSEEN_PAY_001350,UNSEEN_CUST_01051,27589.18,netbanking,failed,CARD_BLOCKED,blocked_instrument,1,2026-07-29 01:30:41.867990
UNSEEN_PAY_001351,UNSEEN_CUST_01286,23273.97,card,successful,,,1,2026-08-10 20:45:41.867990
UNSEEN_PAY_001352,UNSEEN_CUST_00691,26534.66,upi,successful,,,1,2026-06-21 01:23:41.867990
UNSEEN_PAY_001353,UNSEEN_CUST_01282,13419.87,upi,successful,,,1,2026-06-15 22:23:41.867990
UNSEEN_PAY_001354,UNSEEN_CUST_00922,48807.92,upi,successful,,,1,2026-06-21 17:01:41.867990
UNSEEN_PAY_001355,UNSEEN_CUST_00146,4661.88,card,successful,,,1,2026-07-26 01:33:41.867990
UNSEEN_PAY_001356,UNSEEN_CUST_00806,17889.28,upi,successful,,,1,2026-06-08 03:29:41.868990
UNSEEN_PAY_001357,UNSEEN_CUST_01143,13264.4,card,failed,BANK_TEMPORARY_ERROR,temporary_bank_failure,1,2026-07-17 11:10:41.868990
UNSEEN_PAY_001358,UNSEEN_CUST_00956,25806.6,netbanking,successful,,,1,2026-08-16 09:09:41.868990
UNSEEN_PAY_001359,UNSEEN_CUST_00386,85307.88,card,successful,,,1,2026-06-01 18:06:41.868990
UNSEEN_PAY_001360,UNSEEN_CUST_01529,6242.28,upi,failed,INSUFFICIENT_BALANCE,insufficient_funds,2,2026-07-15 03:07:41.868990
UNSEEN_PAY_001361,UNSEEN_CUST_00827,26113.85,upi,failed,BANK_SERVICE_UNAVAILABLE,temporary_bank_failure,1,2026-07-25 11:27:41.868990
UNSEEN_PAY_001362,UNSEEN_CUST_01206,48048.97,netbanking,successful,,,1,2026-07-02 06:30:41.868990
UNSEEN_PAY_001363,UNSEEN_CUST_01138,2065.02,netbanking,failed,POLICY_DECLINED,risk_decline,1,2026-06-09 01:11:41.868990
UNSEEN_PAY_001364,UNSEEN_CUST_00864,46741.13,netbanking,failed,INSTRUMENT_BLOCKED,blocked_instrument,1,2026-07-27 16:53:41.868990
UNSEEN_PAY_001365,UNSEEN_CUST_00987,30590.02,upi,successful,,,1,2026-07-29 15:57:41.868990
UNSEEN_PAY_001366,UNSEEN_CUST_01506,11222.2,upi,successful,,,1,2026-06-26 06:54:41.868990
UNSEEN_PAY_001367,UNSEEN_CUST_01501,8774.69,netbanking,failed,FUNDS_NOT_AVAILABLE,insufficient_funds,1,2026-08-16 06:47:41.868990
UNSEEN_PAY_001368,UNSEEN_CUST_00777,16968.96,upi,successful,,,1,2026-07-06 10:01:41.868990
UNSEEN_PAY_001369,UNSEEN_CUST_00819,21356.52,upi,failed,FUNDS_NOT_AVAILABLE,insufficient_funds,1,2026-07-27 07:24:41.868990
UNSEEN_PAY_001370,UNSEEN_CUST_01844,22995.3,card,successful,,,1,2026-08-05 21:02:41.868990
UNSEEN_PAY_001371,UNSEEN_CUST_01260,31115.0,netbanking,successful,,,1,2026-07-04 13:38:41.868990
UNSEEN_PAY_001372,UNSEEN_CUST_01857,35195.37,card,successful,,,1,2026-07-13 15:21:41.868990
UNSEEN_PAY_001373,UNSEEN_CUST_01150,27888.16,card,successful,,,2,2026-08-22 18:00:41.868990
UNSEEN_PAY_001374,UNSEEN_CUST_00851,17661.94,upi,failed,UNSPECIFIED_DECLINE,unknown_failure,1,2026-06-23 08:02:41.868990
UNSEEN_PAY_001375,UNSEEN_CUST_00244,18864.8,card,successful,,,1,2026-07-09 23:36:41.868990
UNSEEN_PAY_001376,UNSEEN_CUST_01715,8639.09,card,successful,,,1,2026-06-12 10:19:41.868990
UNSEEN_PAY_001377,UNSEEN_CUST_01580,42043.96,upi,successful,,,1,2026-06-26 08:28:41.869990
UNSEEN_PAY_001378,UNSEEN_CUST_01951,45796.65,netbanking,successful,,,3,2026-08-15 08:30:41.869990
UNSEEN_PAY_001379,UNSEEN_CUST_00852,31680.16,netbanking,successful,,,1,2026-07-30 00:32:41.869990
UNSEEN_PAY_001380,UNSEEN_CUST_01876,7417.03,netbanking,successful,,,1,2026-08-13 03:01:41.869990
UNSEEN_PAY_001381,UNSEEN_CUST_01927,28052.75,card,successful,,,1,2026-08-12 13:08:41.869990
UNSEEN_PAY_001382,UNSEEN_CUST_00119,49698.01,upi,failed,BANK_TEMPORARY_ERROR,temporary_bank_failure,1,2026-08-16 00:03:41.869990
UNSEEN_PAY_001383,UNSEEN_CUST_01573,915.77,upi,successful,,,1,2026-08-08 04:38:41.869990
UNSEEN_PAY_001384,UNSEEN_CUST_01189,16490.95,netbanking,successful,,,1,2026-07-30 20:36:41.869990
UNSEEN_PAY_001385,UNSEEN_CUST_01990,6683.39,card,successful,,,1,2026-07-29 01:52:41.869990
UNSEEN_PAY_001386,UNSEEN_CUST_00400,10658.25,upi,successful,,,1,2026-08-09 15:13:41.869990
UNSEEN_PAY_001387,UNSEEN_CUST_00031,9408.13,card,successful,,,2,2026-05-30 09:17:41.869990
UNSEEN_PAY_001388,UNSEEN_CUST_00728,44129.16,card,successful,,,1,2026-06-22 06:16:41.869990
UNSEEN_PAY_001389,UNSEEN_CUST_01835,15489.82,upi,successful,,,1,2026-08-14 23:06:41.869990
UNSEEN_PAY_001390,UNSEEN_CUST_00704,83261.73,upi,successful,,,1,2026-08-13 09:59:41.869990
UNSEEN_PAY_001391,UNSEEN_CUST_00179,4947.47,card,successful,,,1,2026-07-18 03:35:41.869990
UNSEEN_PAY_001392,UNSEEN_CUST_01932,42848.18,upi,successful,,,1,2026-06-17 10:35:41.869990
UNSEEN_PAY_001393,UNSEEN_CUST_00646,37316.65,upi,failed,PROCESSING_TIMEOUT,timeout,1,2026-08-19 04:41:41.869990
UNSEEN_PAY_001394,UNSEEN_CUST_01221,30000.34,upi,successful,,,1,2026-07-10 08:14:41.869990
UNSEEN_PAY_001395,UNSEEN_CUST_00915,8839.08,upi,successful,,,1,2026-05-30 01:17:41.869990
UNSEEN_PAY_001396,UNSEEN_CUST_00536,10191.33,netbanking,successful,,,2,2026-08-04 22:35:41.869990
UNSEEN_PAY_001397,UNSEEN_CUST_00649,7558.58,card,successful,,,1,2026-08-06 03:44:41.869990
UNSEEN_PAY_001398,UNSEEN_CUST_01381,16472.09,upi,successful,,,1,2026-07-26 13:08:41.869990
UNSEEN_PAY_001399,UNSEEN_CUST_01865,2480.24,upi,successful,,,1,2026-08-07 16:57:41.869990
UNSEEN_PAY_001400,UNSEEN_CUST_01510,40470.36,upi,successful,,,2,2026-08-17 15:20:41.869990
UNSEEN_PAY_001401,UNSEEN_CUST_01015,27017.21,upi,failed,BANK_TEMPORARY_ERROR,temporary_bank_failure,1,2026-07-31 06:51:41.869990
UNSEEN_PAY_001402,UNSEEN_CUST_01500,9096.62,upi,successful,,,1,2026-06-17 21:59:41.870990
UNSEEN_PAY_001403,UNSEEN_CUST_01632,42086.96,netbanking,failed,BANK_TEMPORARY_ERROR,temporary_bank_failure,1,2026-06-16 14:02:41.870990
UNSEEN_PAY_001404,UNSEEN_CUST_00245,6777.85,card,successful,,,1,2026-07-17 14:06:41.870990
UNSEEN_PAY_001405,UNSEEN_CUST_01329,26866.06,upi,failed,UNSPECIFIED_DECLINE,unknown_failure,2,2026-07-03 22:47:41.870990
UNSEEN_PAY_001406,UNSEEN_CUST_01622,13515.95,upi,successful,,,1,2026-08-26 09:42:41.870990
UNSEEN_PAY_001407,UNSEEN_CUST_01636,31625.95,card,failed,FUNDS_NOT_AVAILABLE,insufficient_funds,1,2026-06-29 12:19:41.870990
UNSEEN_PAY_001408,UNSEEN_CUST_00682,32580.72,upi,successful,,,1,2026-08-21 17:13:41.870990
UNSEEN_PAY_001409,UNSEEN_CUST_00353,5549.14,upi,successful,,,1,2026-06-05 22:41:41.870990
UNSEEN_PAY_001410,UNSEEN_CUST_01074,38098.78,card,successful,,,1,2026-07-15 20:10:41.870990
UNSEEN_PAY_001411,UNSEEN_CUST_01093,9363.22,netbanking,failed,UNKNOWN_ERROR,unknown_failure,1,2026-08-01 06:42:41.870990
UNSEEN_PAY_001412,UNSEEN_CUST_00584,11031.19,upi,successful,,,1,2026-05-30 18:47:41.870990
UNSEEN_PAY_001413,UNSEEN_CUST_01879,63648.24,upi,successful,,,1,2026-08-20 00:24:41.870990
UNSEEN_PAY_001414,UNSEEN_CUST_00326,44331.87,upi,successful,,,1,2026-08-15 10:35:41.870990
UNSEEN_PAY_001415,UNSEEN_CUST_00171,3575.52,netbanking,successful,,,1,2026-07-06 19:50:41.870990
UNSEEN_PAY_001416,UNSEEN_CUST_00495,28069.01,upi,successful,,,1,2026-08-22 20:07:41.870990
UNSEEN_PAY_001417,UNSEEN_CUST_00842,38392.54,upi,successful,,,1,2026-08-13 20:47:41.870990
UNSEEN_PAY_001418,UNSEEN_CUST_00406,2649.04,upi,failed,FUNDS_NOT_AVAILABLE,insufficient_funds,1,2026-08-19 09:32:41.870990
UNSEEN_PAY_001419,UNSEEN_CUST_00921,20522.09,upi,successful,,,1,2026-06-03 20:39:41.870990
UNSEEN_PAY_001420,UNSEEN_CUST_01082,16857.34,netbanking,successful,,,1,2026-06-30 21:26:41.870990
UNSEEN_PAY_001421,UNSEEN_CUST_01188,47307.42,netbanking,successful,,,2,2026-06-20 13:12:41.870990
UNSEEN_PAY_001422,UNSEEN_CUST_01803,33594.52,upi,successful,,,1,2026-07-21 17:17:41.870990
UNSEEN_PAY_001423,UNSEEN_CUST_01190,27673.97,netbanking,failed,INSUFFICIENT_BALANCE,insufficient_funds,1,2026-07-02 18:48:41.870990
UNSEEN_PAY_001424,UNSEEN_CUST_00171,13187.81,upi,successful,,,2,2026-08-06 09:46:41.870990
UNSEEN_PAY_001425,UNSEEN_CUST_00983,29110.19,card,successful,,,1,2026-06-29 07:44:41.871990
UNSEEN_PAY_001426,UNSEEN_CUST_01934,33385.22,upi,successful,,,1,2026-06-14 04:55:41.871990
UNSEEN_PAY_001427,UNSEEN_CUST_00811,28855.92,netbanking,successful,,,1,2026-07-27 04:25:41.871990
UNSEEN_PAY_001428,UNSEEN_CUST_01965,46824.27,upi,successful,,,1,2026-07-30 20:26:41.871990
UNSEEN_PAY_001429,UNSEEN_CUST_00583,39377.06,netbanking,failed,CUSTOMER_AUTH_FAILED,authentication_failed,2,2026-08-01 13:01:41.871990
UNSEEN_PAY_001430,UNSEEN_CUST_00175,43534.16,card,failed,INSUFFICIENT_BALANCE,insufficient_funds,1,2026-06-19 01:50:41.871990
UNSEEN_PAY_001431,UNSEEN_CUST_01026,6326.33,card,successful,,,1,2026-07-20 05:07:41.871990
UNSEEN_PAY_001432,UNSEEN_CUST_00471,11730.73,upi,failed,RISK_DECLINED,risk_decline,1,2026-06-02 08:21:41.871990
UNSEEN_PAY_001433,UNSEEN_CUST_01324,4022.59,upi,successful,,,1,2026-07-26 15:47:41.871990
UNSEEN_PAY_001434,UNSEEN_CUST_01697,1940.91,upi,successful,,,1,2026-06-06 10:44:41.871990
UNSEEN_PAY_001435,UNSEEN_CUST_00156,31838.07,card,successful,,,1,2026-06-12 08:34:41.871990
UNSEEN_PAY_001436,UNSEEN_CUST_00379,4567.04,upi,successful,,,1,2026-06-07 23:46:41.871990
UNSEEN_PAY_001437,UNSEEN_CUST_00412,35953.47,upi,failed,FUNDS_NOT_AVAILABLE,insufficient_funds,1,2026-08-03 18:23:41.871990
UNSEEN_PAY_001438,UNSEEN_CUST_00535,78397.4,upi,successful,,,1,2026-06-05 05:35:41.871990
UNSEEN_PAY_001439,UNSEEN_CUST_01690,33112.3,upi,successful,,,1,2026-08-08 09:09:41.871990
UNSEEN_PAY_001440,UNSEEN_CUST_01840,10129.33,upi,successful,,,1,2026-08-10 14:43:41.871990
UNSEEN_PAY_001441,UNSEEN_CUST_01278,25680.86,card,successful,,,1,2026-08-20 17:13:41.871990
UNSEEN_PAY_001442,UNSEEN_CUST_01453,46564.6,upi,successful,,,1,2026-07-07 16:18:41.871990
UNSEEN_PAY_001443,UNSEEN_CUST_00417,13863.0,upi,successful,,,1,2026-06-27 18:48:41.871990
UNSEEN_PAY_001444,UNSEEN_CUST_00374,14526.69,netbanking,successful,,,1,2026-08-17 16:26:41.872985
UNSEEN_PAY_001445,UNSEEN_CUST_01110,34512.85,card,successful,,,1,2026-08-26 18:55:41.872985
UNSEEN_PAY_001446,UNSEEN_CUST_01218,23766.23,upi,failed,UNSPECIFIED_DECLINE,unknown_failure,1,2026-06-21 07:08:41.872985
UNSEEN_PAY_001447,UNSEEN_CUST_01777,45371.68,upi,successful,,,1,2026-07-15 03:41:41.872985
UNSEEN_PAY_001448,UNSEEN_CUST_01106,42154.99,card,successful,,,1,2026-06-06 04:36:41.872985
UNSEEN_PAY_001449,UNSEEN_CUST_01052,31729.12,card,successful,,,1,2026-07-31 02:00:41.872985
UNSEEN_PAY_001450,UNSEEN_CUST_01317,49339.36,upi,successful,,,1,2026-08-13 16:21:41.872985
UNSEEN_PAY_001451,UNSEEN_CUST_01791,4108.07,card,successful,,,1,2026-05-29 02:52:41.872985
UNSEEN_PAY_001452,UNSEEN_CUST_00547,5233.98,upi,successful,,,1,2026-06-20 06:22:41.872985
UNSEEN_PAY_001453,UNSEEN_CUST_00776,72571.71,netbanking,successful,,,1,2026-07-03 08:11:41.872985
UNSEEN_PAY_001454,UNSEEN_CUST_00540,37027.27,netbanking,successful,,,1,2026-06-01 18:30:41.872985
UNSEEN_PAY_001455,UNSEEN_CUST_01434,48848.64,upi,successful,,,1,2026-06-12 00:53:41.872985
UNSEEN_PAY_001456,UNSEEN_CUST_00783,44612.47,netbanking,successful,,,1,2026-07-18 01:30:41.872985
UNSEEN_PAY_001457,UNSEEN_CUST_01216,17775.67,upi,successful,,,1,2026-08-22 01:20:41.872985
UNSEEN_PAY_001458,UNSEEN_CUST_00575,3641.13,upi,failed,BANK_TEMPORARY_ERROR,temporary_bank_failure,1,2026-07-15 19:13:41.872985
UNSEEN_PAY_001459,UNSEEN_CUST_01104,36373.93,card,successful,,,1,2026-07-20 01:33:41.872985
UNSEEN_PAY_001460,UNSEEN_CUST_00480,14233.31,upi,failed,TRANSACTION_LIMIT_EXCEEDED,limit_exceeded,1,2026-06-06 00:59:41.872985
UNSEEN_PAY_001461,UNSEEN_CUST_01638,33114.98,upi,failed,UNKNOWN_ERROR,unknown_failure,1,2026-08-18 06:59:41.872985
UNSEEN_PAY_001462,UNSEEN_CUST_01023,42822.77,card,successful,,,2,2026-07-01 09:35:41.873987
UNSEEN_PAY_001463,UNSEEN_CUST_00116,24438.67,upi,successful,,,2,2026-06-14 01:00:41.873987
UNSEEN_PAY_001464,UNSEEN_CUST_00358,43931.66,upi,successful,,,1,2026-05-29 20:34:41.873987
UNSEEN_PAY_001465,UNSEEN_CUST_00523,24152.14,upi,successful,,,1,2026-07-11 23:40:41.873987
UNSEEN_PAY_001466,UNSEEN_CUST_00750,47523.52,upi,successful,,,1,2026-07-18 11:52:41.873987
UNSEEN_PAY_001467,UNSEEN_CUST_00526,16642.12,upi,successful,,,1,2026-08-20 06:37:41.873987
UNSEEN_PAY_001468,UNSEEN_CUST_01931,43258.98,card,successful,,,1,2026-06-29 15:36:41.873987
UNSEEN_PAY_001469,UNSEEN_CUST_01450,20127.11,upi,successful,,,1,2026-07-12 09:06:41.873987
UNSEEN_PAY_001470,UNSEEN_CUST_01502,41672.27,upi,successful,,,1,2026-08-20 14:09:41.873987
UNSEEN_PAY_001471,UNSEEN_CUST_00761,8372.08,card,successful,,,1,2026-06-05 13:33:41.873987
UNSEEN_PAY_001472,UNSEEN_CUST_00787,7808.07,upi,successful,,,1,2026-06-12 21:10:41.873987
UNSEEN_PAY_001473,UNSEEN_CUST_00413,40216.65,card,successful,,,1,2026-08-15 13:03:41.873987
UNSEEN_PAY_001474,UNSEEN_CUST_01090,18265.31,netbanking,failed,UNSPECIFIED_DECLINE,unknown_failure,2,2026-06-15 06:34:41.873987
UNSEEN_PAY_001475,UNSEEN_CUST_00848,28129.25,upi,successful,,,1,2026-08-24 01:50:41.873987
UNSEEN_PAY_001476,UNSEEN_CUST_01863,45913.08,upi,successful,,,1,2026-07-20 10:14:41.873987
UNSEEN_PAY_001477,UNSEEN_CUST_01059,33842.15,upi,successful,,,1,2026-06-23 16:44:41.873987
UNSEEN_PAY_001478,UNSEEN_CUST_00676,28100.85,card,successful,,,1,2026-06-09 01:59:41.873987
UNSEEN_PAY_001479,UNSEEN_CUST_01607,9328.58,netbanking,successful,,,1,2026-05-31 10:31:41.873987
UNSEEN_PAY_001480,UNSEEN_CUST_00855,3055.99,card,failed,INSTRUMENT_EXPIRED,expired_instrument,1,2026-07-27 22:19:41.874986
UNSEEN_PAY_001481,UNSEEN_CUST_01350,41456.87,netbanking,successful,,,1,2026-08-13 21:34:41.874986
UNSEEN_PAY_001482,UNSEEN_CUST_00377,33693.11,card,successful,,,1,2026-07-26 01:30:41.874986
UNSEEN_PAY_001483,UNSEEN_CUST_01000,77532.54,upi,successful,,,1,2026-08-23 03:56:41.874986
UNSEEN_PAY_001484,UNSEEN_CUST_01559,6611.67,upi,failed,,temporary_bank_failure,1,2026-08-13 15:33:41.874986
UNSEEN_PAY_001485,UNSEEN_CUST_00605,74510.68,card,successful,,,1,2026-07-06 16:08:41.874986
UNSEEN_PAY_001486,UNSEEN_CUST_00977,3186.26,upi,failed,UNSPECIFIED_DECLINE,authentication_failed,1,2026-05-28 10:09:41.874986
UNSEEN_PAY_001487,UNSEEN_CUST_00331,19333.53,upi,successful,,,1,2026-06-04 05:25:41.874986
UNSEEN_PAY_001488,UNSEEN_CUST_00362,11316.66,card,successful,,,1,2026-08-16 11:26:41.874986
UNSEEN_PAY_001489,UNSEEN_CUST_00074,4223.95,upi,failed,BANK_TEMPORARY_ERROR,temporary_bank_failure,1,2026-08-24 16:20:41.874986
UNSEEN_PAY_001490,UNSEEN_CUST_01203,6738.25,upi,successful,,,1,2026-06-24 17:41:41.874986
UNSEEN_PAY_001491,UNSEEN_CUST_01895,38380.27,card,failed,BANK_TEMPORARY_ERROR,temporary_bank_failure,1,2026-08-04 18:00:41.874986
UNSEEN_PAY_001492,UNSEEN_CUST_00625,6995.31,upi,successful,,,1,2026-08-11 01:46:41.874986
UNSEEN_PAY_001493,UNSEEN_CUST_00313,11147.46,card,successful,,,1,2026-07-23 06:28:41.874986
UNSEEN_PAY_001494,UNSEEN_CUST_01273,7087.24,upi,successful,,,1,2026-07-11 23:32:41.874986
UNSEEN_PAY_001495,UNSEEN_CUST_00314,24344.94,netbanking,successful,,,1,2026-08-01 17:47:41.874986
UNSEEN_PAY_001496,UNSEEN_CUST_01992,48947.75,card,failed,LIMIT_EXCEEDED,limit_exceeded,1,2026-05-31 16:30:41.874986
UNSEEN_PAY_001497,UNSEEN_CUST_00611,40827.8,upi,failed,INSUFFICIENT_BALANCE,insufficient_funds,1,2026-08-06 03:36:41.874986
UNSEEN_PAY_001498,UNSEEN_CUST_01536,44503.17,upi,successful,,,1,2026-08-09 02:12:41.874986
UNSEEN_PAY_001499,UNSEEN_CUST_01267,4983.99,netbanking,successful,,,1,2026-05-29 16:04:41.874986
UNSEEN_PAY_001500,UNSEEN_CUST_00266,29301.64,netbanking,successful,,,1,2026-07-23 19:42:41.874986
UNSEEN_PAY_001501,UNSEEN_CUST_01734,82361.7,upi,successful,,,1,2026-07-13 00:48:41.875985
UNSEEN_PAY_001502,UNSEEN_CUST_00834,38635.81,card,successful,,,1,2026-06-17 17:05:41.875985
UNSEEN_PAY_001503,UNSEEN_CUST_01929,7301.35,card,failed,FUNDS_NOT_AVAILABLE,insufficient_funds,1,2026-07-26 02:57:41.875985
UNSEEN_PAY_001504,UNSEEN_CUST_01308,1083.88,card,successful,,,1,2026-08-09 05:10:41.875985
UNSEEN_PAY_001505,UNSEEN_CUST_00899,12957.54,card,successful,,,1,2026-06-17 07:31:41.875985
UNSEEN_PAY_001506,UNSEEN_CUST_00656,12296.49,card,successful,,,1,2026-07-08 21:53:41.875985
UNSEEN_PAY_001507,UNSEEN_CUST_01959,40337.58,netbanking,failed,UNSPECIFIED_DECLINE,unknown_failure,2,2026-07-08 04:18:41.875985
UNSEEN_PAY_001508,UNSEEN_CUST_01994,37090.33,upi,successful,,,1,2026-06-12 07:19:41.875985
UNSEEN_PAY_001509,UNSEEN_CUST_00706,13598.29,netbanking,successful,,,1,2026-07-01 14:35:41.875985
UNSEEN_PAY_001510,UNSEEN_CUST_00167,34977.75,netbanking,successful,,,1,2026-07-16 01:35:41.875985
UNSEEN_PAY_001511,UNSEEN_CUST_00957,32906.46,upi,successful,,,1,2026-08-22 11:28:41.875985
UNSEEN_PAY_001512,UNSEEN_CUST_00147,65088.14,netbanking,successful,,,1,2026-06-28 17:46:41.875985
UNSEEN_PAY_001513,UNSEEN_CUST_01349,19933.05,netbanking,successful,,,1,2026-08-06 14:40:41.875985
UNSEEN_PAY_001514,UNSEEN_CUST_01027,7864.41,upi,successful,,,1,2026-06-01 19:33:41.875985
UNSEEN_PAY_001515,UNSEEN_CUST_00620,42886.51,upi,successful,,,1,2026-05-29 06:47:41.875985
UNSEEN_PAY_001516,UNSEEN_CUST_01866,43868.62,upi,successful,,,1,2026-06-06 11:21:41.875985
UNSEEN_PAY_001517,UNSEEN_CUST_00430,23660.0,netbanking,failed,FUNDS_NOT_AVAILABLE,insufficient_funds,1,2026-06-23 13:09:41.875985
UNSEEN_PAY_001518,UNSEEN_CUST_01242,11624.01,upi,successful,,,2,2026-07-04 04:13:41.875985
UNSEEN_PAY_001519,UNSEEN_CUST_01448,9538.04,netbanking,failed,FUNDS_NOT_AVAILABLE,insufficient_funds,1,2026-08-05 23:20:41.875985
UNSEEN_PAY_001520,UNSEEN_CUST_00261,31677.91,upi,successful,,,1,2026-07-11 14:24:41.875985
UNSEEN_PAY_001521,UNSEEN_CUST_00486,31387.51,upi,failed,FUNDS_NOT_AVAILABLE,insufficient_funds,1,2026-06-09 19:27:41.875985
UNSEEN_PAY_001522,UNSEEN_CUST_01228,34713.63,upi,successful,,,1,2026-06-20 07:17:41.875985
UNSEEN_PAY_001523,UNSEEN_CUST_00512,16157.69,upi,successful,,,1,2026-05-31 19:26:41.875985
UNSEEN_PAY_001524,UNSEEN_CUST_00782,8981.37,upi,successful,,,1,2026-07-26 12:50:41.876985
UNSEEN_PAY_001525,UNSEEN_CUST_00255,14164.43,card,failed,BANK_SERVICE_UNAVAILABLE,temporary_bank_failure,1,2026-06-06 13:08:41.876985
UNSEEN_PAY_001526,UNSEEN_CUST_01955,38571.15,card,successful,,,1,2026-07-26 01:03:41.876985
UNSEEN_PAY_001527,UNSEEN_CUST_01444,30346.34,card,successful,,,1,2026-06-30 07:26:41.876985
UNSEEN_PAY_001528,UNSEEN_CUST_01651,35311.39,upi,successful,,,1,2026-08-15 03:35:41.876985
UNSEEN_PAY_001529,UNSEEN_CUST_01522,11340.05,card,successful,,,1,2026-06-20 00:58:41.876985
UNSEEN_PAY_001530,UNSEEN_CUST_00070,40647.59,upi,successful,,,1,2026-08-24 23:46:41.876985
UNSEEN_PAY_001531,UNSEEN_CUST_01914,27619.54,netbanking,successful,,,1,2026-06-22 00:00:41.876985
UNSEEN_PAY_001532,UNSEEN_CUST_01877,34554.81,upi,successful,,,1,2026-06-15 21:34:41.876985
UNSEEN_PAY_001533,UNSEEN_CUST_01330,5038.68,netbanking,successful,,,1,2026-06-08 07:26:41.876985
UNSEEN_PAY_001534,UNSEEN_CUST_01254,44709.88,upi,successful,,,1,2026-06-13 01:52:41.876985
UNSEEN_PAY_001535,UNSEEN_CUST_00940,39007.21,netbanking,successful,,,1,2026-07-22 20:31:41.876985
UNSEEN_PAY_001536,UNSEEN_CUST_00673,1886.77,card,successful,,,1,2026-08-21 09:43:41.876985
UNSEEN_PAY_001537,UNSEEN_CUST_01241,25652.14,upi,successful,,,1,2026-08-02 18:27:41.876985
UNSEEN_PAY_001538,UNSEEN_CUST_01126,40310.9,card,failed,PROCESSING_TIMEOUT,timeout,1,2026-07-25 19:43:41.876985
UNSEEN_PAY_001539,UNSEEN_CUST_01143,32636.42,upi,successful,,,2,2026-06-26 07:28:41.876985
UNSEEN_PAY_001540,UNSEEN_CUST_00477,19160.31,upi,successful,,,1,2026-07-31 11:32:41.876985
UNSEEN_PAY_001541,UNSEEN_CUST_00254,41082.29,upi,successful,,,1,2026-08-05 15:16:41.876985
UNSEEN_PAY_001542,UNSEEN_CUST_01109,42611.1,netbanking,successful,,,1,2026-08-17 08:22:41.876985
UNSEEN_PAY_001543,UNSEEN_CUST_00962,19935.3,netbanking,successful,,,1,2026-06-17 11:59:41.876985
UNSEEN_PAY_001544,UNSEEN_CUST_01234,45036.51,card,successful,,,1,2026-07-06 08:46:41.876985
UNSEEN_PAY_001545,UNSEEN_CUST_00945,13464.68,upi,successful,,,1,2026-08-15 12:59:41.876985
UNSEEN_PAY_001546,UNSEEN_CUST_01315,39935.6,upi,failed,FUNDS_NOT_AVAILABLE,insufficient_funds,1,2026-07-22 21:48:41.876985
UNSEEN_PAY_001547,UNSEEN_CUST_01095,85326.13,netbanking,successful,,,1,2026-07-22 02:09:41.876985
UNSEEN_PAY_001548,UNSEEN_CUST_00513,30092.27,upi,successful,,,1,2026-07-15 22:27:41.877985
UNSEEN_PAY_001549,UNSEEN_CUST_00596,31524.71,netbanking,successful,,,1,2026-05-29 09:23:41.877985
UNSEEN_PAY_001550,UNSEEN_CUST_01569,9509.81,upi,successful,,,1,2026-07-25 12:32:41.877985
UNSEEN_PAY_001551,UNSEEN_CUST_00613,5297.33,upi,successful,,,1,2026-06-25 23:23:41.877985
UNSEEN_PAY_001552,UNSEEN_CUST_01285,29642.21,card,failed,RISK_DECLINED,risk_decline,1,2026-07-07 12:11:41.877985
UNSEEN_PAY_001553,UNSEEN_CUST_00464,26251.72,upi,failed,NETWORK_TIMEOUT,timeout,2,2026-07-05 12:39:41.877985
UNSEEN_PAY_001554,UNSEEN_CUST_00249,29894.01,upi,successful,,,1,2026-08-01 18:41:41.877985
UNSEEN_PAY_001555,UNSEEN_CUST_01038,32168.29,upi,successful,,,1,2026-06-14 14:26:41.877985
UNSEEN_PAY_001556,UNSEEN_CUST_01299,8595.02,card,successful,,,1,2026-07-19 12:11:41.877985
UNSEEN_PAY_001557,UNSEEN_CUST_00710,85792.88,card,successful,,,1,2026-08-06 23:41:41.877985
UNSEEN_PAY_001558,UNSEEN_CUST_01284,30164.41,card,failed,CUSTOMER_AUTH_FAILED,authentication_failed,1,2026-08-11 23:30:41.877985
UNSEEN_PAY_001559,UNSEEN_CUST_01311,3154.35,upi,successful,,,1,2026-07-22 12:01:41.877985
UNSEEN_PAY_001560,UNSEEN_CUST_00428,40941.91,upi,successful,,,1,2026-07-04 19:40:41.877985
UNSEEN_PAY_001561,UNSEEN_CUST_00673,24617.54,upi,successful,,,1,2026-07-03 01:25:41.877985
UNSEEN_PAY_001562,UNSEEN_CUST_00724,10574.27,upi,successful,,,1,2026-07-19 06:08:41.877985
UNSEEN_PAY_001563,UNSEEN_CUST_01456,10894.42,upi,successful,,,1,2026-08-12 04:58:41.877985
UNSEEN_PAY_001564,UNSEEN_CUST_01504,16593.75,upi,successful,,,1,2026-07-04 10:04:41.877985
UNSEEN_PAY_001565,UNSEEN_CUST_00638,31392.66,netbanking,successful,,,1,2026-07-22 06:13:41.877985
UNSEEN_PAY_001566,UNSEEN_CUST_01920,43172.96,netbanking,successful,,,1,2026-07-13 16:49:41.877985
UNSEEN_PAY_001567,UNSEEN_CUST_01943,19379.57,card,failed,BANK_TEMPORARY_ERROR,temporary_bank_failure,1,2026-08-13 11:19:41.877985
UNSEEN_PAY_001568,UNSEEN_CUST_01873,9701.24,upi,successful,,,1,2026-08-13 02:02:41.877985
UNSEEN_PAY_001569,UNSEEN_CUST_00216,79958.37,upi,successful,,,1,2026-07-27 19:44:41.877985
UNSEEN_PAY_001570,UNSEEN_CUST_00630,43934.38,upi,successful,,,1,2026-07-23 18:13:41.877985
UNSEEN_PAY_001571,UNSEEN_CUST_00252,12938.25,upi,successful,,,1,2026-07-08 14:53:41.877985
UNSEEN_PAY_001572,UNSEEN_CUST_00512,10067.86,card,successful,,,1,2026-06-30 08:07:41.878985
UNSEEN_PAY_001573,UNSEEN_CUST_00253,99967.46,upi,successful,,,1,2026-07-19 11:50:41.878985
UNSEEN_PAY_001574,UNSEEN_CUST_00766,27271.15,upi,failed,POLICY_DECLINED,risk_decline,1,2026-07-06 14:41:41.878985
UNSEEN_PAY_001575,UNSEEN_CUST_00787,8684.43,netbanking,successful,,,1,2026-07-12 11:55:41.878985
UNSEEN_PAY_001576,UNSEEN_CUST_00893,32472.86,upi,successful,,,1,2026-06-10 05:28:41.878985
UNSEEN_PAY_001577,UNSEEN_CUST_00491,23602.91,upi,successful,,,1,2026-07-15 17:23:41.878985
UNSEEN_PAY_001578,UNSEEN_CUST_00579,85303.63,netbanking,failed,BANK_SERVICE_UNAVAILABLE,temporary_bank_failure,1,2026-06-12 14:03:41.878985
UNSEEN_PAY_001579,UNSEEN_CUST_01481,24600.66,card,successful,,,1,2026-08-03 09:37:41.878985
UNSEEN_PAY_001580,UNSEEN_CUST_00663,1348.34,upi,successful,,,1,2026-07-29 19:15:41.878985
UNSEEN_PAY_001581,UNSEEN_CUST_01171,6112.2,card,successful,,,1,2026-07-21 04:02:41.878985
UNSEEN_PAY_001582,UNSEEN_CUST_01469,13530.05,netbanking,successful,,,1,2026-07-21 06:15:41.878985
UNSEEN_PAY_001583,UNSEEN_CUST_00181,35697.16,card,successful,,,1,2026-05-31 00:14:41.878985
UNSEEN_PAY_001584,UNSEEN_CUST_01076,17873.35,upi,successful,,,1,2026-07-19 15:57:41.878985
UNSEEN_PAY_001585,UNSEEN_CUST_01384,7098.84,card,successful,,,1,2026-08-05 11:15:41.878985
UNSEEN_PAY_001586,UNSEEN_CUST_01123,6667.58,netbanking,successful,,,1,2026-05-29 17:42:41.878985
UNSEEN_PAY_001587,UNSEEN_CUST_00874,39967.46,upi,successful,,,1,2026-07-27 04:40:41.878985
UNSEEN_PAY_001588,UNSEEN_CUST_01329,19380.15,upi,successful,,,1,2026-06-27 10:25:41.878985
UNSEEN_PAY_001589,UNSEEN_CUST_00335,9962.01,upi,successful,,,1,2026-08-17 22:28:41.878985
UNSEEN_PAY_001590,UNSEEN_CUST_00970,81131.41,upi,successful,,,1,2026-08-15 21:48:41.878985
UNSEEN_PAY_001591,UNSEEN_CUST_00147,26531.24,upi,successful,,,1,2026-06-14 10:49:41.878985
UNSEEN_PAY_001592,UNSEEN_CUST_01065,7546.41,upi,successful,,,1,2026-07-10 09:51:41.878985
UNSEEN_PAY_001593,UNSEEN_CUST_00866,72469.41,card,successful,,,1,2026-08-15 01:12:41.878985
UNSEEN_PAY_001594,UNSEEN_CUST_01635,28043.69,upi,failed,UNSPECIFIED_DECLINE,insufficient_funds,2,2026-07-07 12:10:41.878985
UNSEEN_PAY_001595,UNSEEN_CUST_01728,79730.22,netbanking,successful,,,1,2026-08-24 07:41:41.878985
UNSEEN_PAY_001596,UNSEEN_CUST_01032,20175.57,card,failed,BANK_TEMPORARY_ERROR,temporary_bank_failure,1,2026-06-23 16:54:41.879985
UNSEEN_PAY_001597,UNSEEN_CUST_00383,63286.25,card,successful,,,1,2026-07-19 06:53:41.879985
UNSEEN_PAY_001598,UNSEEN_CUST_01152,21565.78,upi,successful,,,1,2026-08-07 22:01:41.879985
UNSEEN_PAY_001599,UNSEEN_CUST_00981,2722.93,upi,successful,,,1,2026-08-24 09:03:41.879985
UNSEEN_PAY_001600,UNSEEN_CUST_01656,48125.62,upi,failed,UNKNOWN_ERROR,unknown_failure,1,2026-07-02 19:26:41.879985
UNSEEN_PAY_001601,UNSEEN_CUST_01921,77558.2,upi,successful,,,1,2026-08-01 02:59:41.879985
UNSEEN_PAY_001602,UNSEEN_CUST_00891,2292.97,upi,failed,UNSPECIFIED_DECLINE,unknown_failure,1,2026-06-10 05:08:41.879985
UNSEEN_PAY_001603,UNSEEN_CUST_00253,44571.14,upi,successful,,,1,2026-07-16 14:12:41.879985
UNSEEN_PAY_001604,UNSEEN_CUST_01953,49274.13,netbanking,failed,RISK_DECLINED,risk_decline,1,2026-06-24 16:16:41.879985
UNSEEN_PAY_001605,UNSEEN_CUST_01658,48751.41,card,failed,TRANSACTION_LIMIT_EXCEEDED,limit_exceeded,1,2026-07-04 08:10:41.879985
UNSEEN_PAY_001606,UNSEEN_CUST_00435,4973.79,upi,successful,,,1,2026-08-23 03:37:41.879985
UNSEEN_PAY_001607,UNSEEN_CUST_01549,18286.14,upi,successful,,,1,2026-06-18 03:25:41.879985
UNSEEN_PAY_001608,UNSEEN_CUST_01077,40921.26,upi,successful,,,1,2026-07-20 21:22:41.879985
UNSEEN_PAY_001609,UNSEEN_CUST_01901,4002.82,upi,failed,UNSPECIFIED_DECLINE,authentication_failed,1,2026-07-22 16:02:41.879985
UNSEEN_PAY_001610,UNSEEN_CUST_01800,16598.74,upi,successful,,,1,2026-07-06 13:06:41.879985
UNSEEN_PAY_001611,UNSEEN_CUST_00883,48712.26,netbanking,successful,,,1,2026-06-10 14:14:41.879985
UNSEEN_PAY_001612,UNSEEN_CUST_00538,48680.7,upi,successful,,,1,2026-06-25 07:18:41.879985
UNSEEN_PAY_001613,UNSEEN_CUST_01291,45478.49,card,successful,,,1,2026-06-02 22:51:41.879985
UNSEEN_PAY_001614,UNSEEN_CUST_00285,34090.38,netbanking,successful,,,1,2026-06-05 20:57:41.879985
UNSEEN_PAY_001615,UNSEEN_CUST_00411,46181.84,netbanking,successful,,,1,2026-06-30 07:39:41.879985
UNSEEN_PAY_001616,UNSEEN_CUST_00144,2816.84,upi,successful,,,1,2026-07-19 02:53:41.879985
UNSEEN_PAY_001617,UNSEEN_CUST_00092,4930.75,upi,successful,,,1,2026-07-30 05:05:41.879985
UNSEEN_PAY_001618,UNSEEN_CUST_00681,37397.64,card,successful,,,1,2026-06-15 07:32:41.879985
UNSEEN_PAY_001619,UNSEEN_CUST_00780,68216.08,upi,successful,,,1,2026-06-24 18:44:41.880985
UNSEEN_PAY_001620,UNSEEN_CUST_01211,6289.84,card,successful,,,1,2026-08-19 00:12:41.880985
UNSEEN_PAY_001621,UNSEEN_CUST_01967,44665.35,card,successful,,,1,2026-06-29 01:04:41.880985
UNSEEN_PAY_001622,UNSEEN_CUST_00873,34677.69,upi,successful,,,1,2026-06-14 15:21:41.880985
UNSEEN_PAY_001623,UNSEEN_CUST_01694,38751.22,upi,successful,,,1,2026-06-07 20:25:41.880985
UNSEEN_PAY_001624,UNSEEN_CUST_01637,13292.57,upi,successful,,,1,2026-06-04 04:15:41.880985
UNSEEN_PAY_001625,UNSEEN_CUST_00446,27061.52,card,successful,,,1,2026-07-24 08:01:41.880985
UNSEEN_PAY_001626,UNSEEN_CUST_00164,26733.92,card,successful,,,1,2026-07-02 05:13:41.880985
UNSEEN_PAY_001627,UNSEEN_CUST_00920,13610.57,card,successful,,,1,2026-08-02 10:13:41.880985
UNSEEN_PAY_001628,UNSEEN_CUST_01212,11878.77,card,successful,,,1,2026-08-01 05:04:41.880985
UNSEEN_PAY_001629,UNSEEN_CUST_01247,24827.51,upi,successful,,,1,2026-08-20 09:52:41.880985
UNSEEN_PAY_001630,UNSEEN_CUST_00931,11399.96,upi,successful,,,1,2026-06-26 00:34:41.880985
UNSEEN_PAY_001631,UNSEEN_CUST_00166,3617.76,upi,successful,,,1,2026-07-18 08:41:41.880985
UNSEEN_PAY_001632,UNSEEN_CUST_00452,8667.81,netbanking,successful,,,1,2026-06-05 14:57:41.880985
UNSEEN_PAY_001633,UNSEEN_CUST_00292,29144.9,card,successful,,,1,2026-06-18 20:01:41.880985
UNSEEN_PAY_001634,UNSEEN_CUST_01813,25772.06,upi,successful,,,1,2026-07-10 12:42:41.880985
UNSEEN_PAY_001635,UNSEEN_CUST_00509,22667.23,card,successful,,,1,2026-07-19 11:05:41.880985
UNSEEN_PAY_001636,UNSEEN_CUST_00264,31586.62,upi,successful,,,1,2026-08-12 02:32:41.880985
UNSEEN_PAY_001637,UNSEEN_CUST_01090,32234.73,card,successful,,,1,2026-07-24 23:56:41.880985
UNSEEN_PAY_001638,UNSEEN_CUST_00271,2361.2,card,successful,,,1,2026-08-08 13:42:41.880985
UNSEEN_PAY_001639,UNSEEN_CUST_01235,26848.73,card,successful,,,1,2026-08-24 17:23:41.880985
UNSEEN_PAY_001640,UNSEEN_CUST_01024,16685.64,upi,successful,,,1,2026-07-11 01:00:41.880985
UNSEEN_PAY_001641,UNSEEN_CUST_01650,25653.49,upi,successful,,,1,2026-06-08 17:48:41.880985
UNSEEN_PAY_001642,UNSEEN_CUST_01899,12062.3,netbanking,failed,BANK_SERVICE_UNAVAILABLE,temporary_bank_failure,1,2026-07-19 10:06:41.880985
UNSEEN_PAY_001643,UNSEEN_CUST_00495,13482.71,card,successful,,,1,2026-08-24 09:46:41.880985
UNSEEN_PAY_001644,UNSEEN_CUST_01526,6065.16,card,successful,,,1,2026-07-03 21:40:41.880985
UNSEEN_PAY_001645,UNSEEN_CUST_01763,13227.23,card,successful,,,1,2026-08-24 17:59:41.881985
UNSEEN_PAY_001646,UNSEEN_CUST_00264,31164.8,card,successful,,,1,2026-08-18 16:29:41.881985
UNSEEN_PAY_001647,UNSEEN_CUST_00256,62026.08,card,failed,INSTRUMENT_EXPIRED,expired_instrument,1,2026-07-03 17:33:41.881985
UNSEEN_PAY_001648,UNSEEN_CUST_01783,17857.85,card,successful,,,1,2026-08-21 13:36:41.881985
UNSEEN_PAY_001649,UNSEEN_CUST_00068,27820.7,card,successful,,,1,2026-07-15 09:53:41.881985
UNSEEN_PAY_001650,UNSEEN_CUST_01830,23181.07,upi,successful,,,1,2026-07-16 12:25:41.881985
UNSEEN_PAY_001651,UNSEEN_CUST_01508,39311.47,upi,failed,INSUFFICIENT_BALANCE,insufficient_funds,1,2026-07-10 15:15:41.881985
UNSEEN_PAY_001652,UNSEEN_CUST_01773,8324.26,netbanking,successful,,,1,2026-07-20 23:01:41.881985
UNSEEN_PAY_001653,UNSEEN_CUST_01751,7426.23,card,successful,,,1,2026-06-08 04:31:41.881985
UNSEEN_PAY_001654,UNSEEN_CUST_00110,38647.47,card,failed,NETWORK_TIMEOUT,timeout,1,2026-06-16 04:51:41.881985
UNSEEN_PAY_001655,UNSEEN_CUST_01683,67375.66,netbanking,successful,,,1,2026-08-13 08:22:41.881985
UNSEEN_PAY_001656,UNSEEN_CUST_00226,11861.65,card,failed,UNKNOWN_ERROR,unknown_failure,1,2026-07-19 08:58:41.881985
UNSEEN_PAY_001657,UNSEEN_CUST_01550,9359.86,upi,successful,,,2,2026-06-29 11:18:41.881985
UNSEEN_PAY_001658,UNSEEN_CUST_00488,7733.64,netbanking,successful,,,1,2026-06-18 05:29:41.881985
UNSEEN_PAY_001659,UNSEEN_CUST_00482,46499.32,upi,successful,,,1,2026-07-20 17:47:41.881985
UNSEEN_PAY_001660,UNSEEN_CUST_01772,44833.68,card,successful,,,1,2026-07-21 23:03:41.881985
UNSEEN_PAY_001661,UNSEEN_CUST_00007,50893.42,card,successful,,,1,2026-06-11 02:00:41.881985
UNSEEN_PAY_001662,UNSEEN_CUST_01922,79102.94,upi,successful,,,1,2026-08-04 11:11:41.881985
UNSEEN_PAY_001663,UNSEEN_CUST_01751,5837.07,netbanking,failed,BANK_SERVICE_UNAVAILABLE,temporary_bank_failure,1,2026-08-07 19:01:41.881985
UNSEEN_PAY_001664,UNSEEN_CUST_00345,27369.13,upi,successful,,,1,2026-06-27 00:32:41.881985
UNSEEN_PAY_001665,UNSEEN_CUST_01711,25854.26,upi,successful,,,1,2026-08-21 16:33:41.881985
UNSEEN_PAY_001666,UNSEEN_CUST_00041,12686.58,upi,successful,,,1,2026-06-05 13:58:41.881985
UNSEEN_PAY_001667,UNSEEN_CUST_01428,24470.53,card,successful,,,1,2026-08-16 11:05:41.881985
UNSEEN_PAY_001668,UNSEEN_CUST_01167,43576.35,netbanking,successful,,,1,2026-06-03 06:29:41.882985
UNSEEN_PAY_001669,UNSEEN_CUST_00908,2353.31,upi,successful,,,1,2026-08-14 07:51:41.882985
UNSEEN_PAY_001670,UNSEEN_CUST_01612,14969.29,card,successful,,,1,2026-06-28 00:46:41.882985
UNSEEN_PAY_001671,UNSEEN_CUST_01919,28397.77,card,successful,,,1,2026-08-26 16:45:41.882985
UNSEEN_PAY_001672,UNSEEN_CUST_00963,13232.95,upi,failed,BANK_TEMPORARY_ERROR,temporary_bank_failure,1,2026-07-08 12:42:41.882985
UNSEEN_PAY_001673,UNSEEN_CUST_00180,23696.08,netbanking,failed,FUNDS_NOT_AVAILABLE,insufficient_funds,1,2026-07-31 15:37:41.882985
UNSEEN_PAY_001674,UNSEEN_CUST_00155,8826.67,upi,successful,,,1,2026-07-30 02:11:41.882985
UNSEEN_PAY_001675,UNSEEN_CUST_01393,39646.51,card,successful,,,1,2026-08-15 22:43:41.882985
UNSEEN_PAY_001676,UNSEEN_CUST_01989,2795.64,upi,successful,,,1,2026-06-03 13:04:41.882985
UNSEEN_PAY_001677,UNSEEN_CUST_00788,27358.73,upi,successful,,,1,2026-06-11 19:25:41.882985
UNSEEN_PAY_001678,UNSEEN_CUST_01429,97589.23,upi,successful,,,1,2026-08-24 09:31:41.882985
UNSEEN_PAY_001679,UNSEEN_CUST_00371,26305.53,upi,successful,,,1,2026-07-04 22:33:41.882985
UNSEEN_PAY_001680,UNSEEN_CUST_01034,6972.04,upi,successful,,,1,2026-07-01 03:20:41.882985
UNSEEN_PAY_001681,UNSEEN_CUST_01489,25102.34,upi,failed,UNKNOWN_ERROR,unknown_failure,1,2026-07-29 07:22:41.882985
UNSEEN_PAY_001682,UNSEEN_CUST_01496,13416.65,card,successful,,,1,2026-06-16 18:53:41.882985
UNSEEN_PAY_001683,UNSEEN_CUST_00855,17230.81,card,successful,,,1,2026-08-01 12:21:41.882985
UNSEEN_PAY_001684,UNSEEN_CUST_01334,4428.47,netbanking,failed,BANK_SERVICE_UNAVAILABLE,temporary_bank_failure,1,2026-07-14 23:52:41.882985
UNSEEN_PAY_001685,UNSEEN_CUST_01683,27658.1,upi,failed,UNSPECIFIED_DECLINE,authentication_failed,1,2026-08-13 06:36:41.882985
UNSEEN_PAY_001686,UNSEEN_CUST_01563,30707.22,upi,successful,,,1,2026-08-06 06:08:41.882985
UNSEEN_PAY_001687,UNSEEN_CUST_01411,70693.31,card,successful,,,1,2026-08-18 21:39:41.882985
UNSEEN_PAY_001688,UNSEEN_CUST_01906,12071.29,upi,successful,,,1,2026-06-16 21:17:41.882985
UNSEEN_PAY_001689,UNSEEN_CUST_00268,64833.8,upi,successful,,,1,2026-07-09 21:54:41.882985
UNSEEN_PAY_001690,UNSEEN_CUST_00373,31303.78,upi,successful,,,1,2026-06-10 00:04:41.882985
UNSEEN_PAY_001691,UNSEEN_CUST_01108,1557.39,upi,successful,,,1,2026-08-19 13:14:41.882985
UNSEEN_PAY_001692,UNSEEN_CUST_00340,25183.7,upi,successful,,,1,2026-06-15 12:45:41.883985
UNSEEN_PAY_001693,UNSEEN_CUST_01867,24067.55,card,successful,,,1,2026-08-18 09:03:41.883985
UNSEEN_PAY_001694,UNSEEN_CUST_00346,43466.16,netbanking,failed,BANK_TEMPORARY_ERROR,temporary_bank_failure,1,2026-07-23 11:16:41.883985
UNSEEN_PAY_001695,UNSEEN_CUST_00076,27126.59,card,successful,,,1,2026-07-17 15:31:41.883985
UNSEEN_PAY_001696,UNSEEN_CUST_01301,11286.1,netbanking,successful,,,1,2026-07-22 03:47:41.883985
UNSEEN_PAY_001697,UNSEEN_CUST_01606,63890.14,card,successful,,,1,2026-07-16 22:30:41.883985
UNSEEN_PAY_001698,UNSEEN_CUST_00685,14501.02,upi,successful,,,1,2026-08-02 02:31:41.883985
UNSEEN_PAY_001699,UNSEEN_CUST_00420,20239.07,card,successful,,,1,2026-06-25 02:08:41.883985
UNSEEN_PAY_001700,UNSEEN_CUST_00451,48993.76,upi,failed,UNSPECIFIED_DECLINE,unknown_failure,1,2026-07-03 02:14:41.883985
UNSEEN_PAY_001701,UNSEEN_CUST_00983,36571.12,card,successful,,,1,2026-05-28 00:49:41.883985
UNSEEN_PAY_001702,UNSEEN_CUST_00465,26478.23,upi,successful,,,1,2026-07-15 21:41:41.883985
UNSEEN_PAY_001703,UNSEEN_CUST_00644,49007.97,upi,successful,,,1,2026-06-20 20:50:41.883985
UNSEEN_PAY_001704,UNSEEN_CUST_01221,38000.37,netbanking,successful,,,1,2026-07-31 09:49:41.883985
UNSEEN_PAY_001705,UNSEEN_CUST_01284,18360.14,card,successful,,,1,2026-06-22 18:35:41.883985
UNSEEN_PAY_001706,UNSEEN_CUST_01431,37207.93,card,successful,,,2,2026-08-19 19:08:41.883985
UNSEEN_PAY_001707,UNSEEN_CUST_01583,4790.0,upi,successful,,,2,2026-07-17 09:17:41.883985
UNSEEN_PAY_001708,UNSEEN_CUST_01593,6626.98,upi,successful,,,1,2026-07-08 16:59:41.883985
UNSEEN_PAY_001709,UNSEEN_CUST_01773,14872.69,upi,successful,,,1,2026-07-06 19:22:41.883985
UNSEEN_PAY_001710,UNSEEN_CUST_01139,24291.12,upi,successful,,,1,2026-07-22 11:18:41.883985
UNSEEN_PAY_001711,UNSEEN_CUST_01362,43662.56,netbanking,successful,,,1,2026-07-14 15:58:41.883985
UNSEEN_PAY_001712,UNSEEN_CUST_01831,14090.02,upi,successful,,,1,2026-08-18 18:08:41.883985
UNSEEN_PAY_001713,UNSEEN_CUST_01819,23712.51,upi,successful,,,1,2026-07-31 13:09:41.883985
UNSEEN_PAY_001714,UNSEEN_CUST_00315,28481.36,card,successful,,,1,2026-07-17 05:31:41.883985
UNSEEN_PAY_001715,UNSEEN_CUST_01560,10024.28,upi,successful,,,1,2026-06-20 00:04:41.883985
UNSEEN_PAY_001716,UNSEEN_CUST_01015,16722.59,upi,successful,,,1,2026-06-29 14:45:41.883985
UNSEEN_PAY_001717,UNSEEN_CUST_01846,46270.46,card,successful,,,1,2026-06-23 14:15:41.884985
UNSEEN_PAY_001718,UNSEEN_CUST_01332,13141.33,upi,successful,,,1,2026-07-27 06:04:41.884985
UNSEEN_PAY_001719,UNSEEN_CUST_01008,39287.22,upi,failed,FUNDS_NOT_AVAILABLE,insufficient_funds,1,2026-06-01 07:37:41.884985
UNSEEN_PAY_001720,UNSEEN_CUST_00719,6408.62,upi,successful,,,1,2026-06-12 10:31:41.884985
UNSEEN_PAY_001721,UNSEEN_CUST_01897,22923.66,upi,successful,,,1,2026-07-01 22:11:41.884985
UNSEEN_PAY_001722,UNSEEN_CUST_00265,35532.06,card,successful,,,1,2026-07-08 06:28:41.884985
UNSEEN_PAY_001723,UNSEEN_CUST_00482,48201.87,card,successful,,,1,2026-07-15 04:55:41.884985
UNSEEN_PAY_001724,UNSEEN_CUST_01900,7983.05,upi,failed,CARD_BLOCKED,blocked_instrument,1,2026-07-02 15:29:41.884985
UNSEEN_PAY_001725,UNSEEN_CUST_01274,14721.85,netbanking,failed,UNSPECIFIED_DECLINE,unknown_failure,1,2026-06-16 22:37:41.884985
UNSEEN_PAY_001726,UNSEEN_CUST_01157,11669.16,upi,successful,,,1,2026-06-03 10:35:41.884985
UNSEEN_PAY_001727,UNSEEN_CUST_00659,725.18,card,failed,INSUFFICIENT_BALANCE,insufficient_funds,1,2026-07-11 08:39:41.884985
UNSEEN_PAY_001728,UNSEEN_CUST_00913,41346.96,upi,failed,FUNDS_NOT_AVAILABLE,insufficient_funds,1,2026-06-18 16:45:41.884985
UNSEEN_PAY_001729,UNSEEN_CUST_00893,34075.4,upi,successful,,,1,2026-06-27 05:37:41.884985
UNSEEN_PAY_001730,UNSEEN_CUST_01983,91991.87,card,successful,,,1,2026-07-08 11:42:41.884985
UNSEEN_PAY_001731,UNSEEN_CUST_01187,2025.17,upi,successful,,,1,2026-06-22 08:24:41.884985
UNSEEN_PAY_001732,UNSEEN_CUST_01020,17601.57,upi,successful,,,1,2026-07-19 06:11:41.884985
UNSEEN_PAY_001733,UNSEEN_CUST_01378,74058.55,card,successful,,,1,2026-06-03 13:10:41.884985
UNSEEN_PAY_001734,UNSEEN_CUST_01994,43357.56,netbanking,successful,,,1,2026-08-26 08:19:41.884985
UNSEEN_PAY_001735,UNSEEN_CUST_00010,45976.51,upi,successful,,,1,2026-08-22 21:27:41.884985
UNSEEN_PAY_001736,UNSEEN_CUST_01237,70954.55,upi,successful,,,1,2026-07-12 12:01:41.884985
UNSEEN_PAY_001737,UNSEEN_CUST_00050,48790.57,card,successful,,,1,2026-08-13 19:37:41.884985
UNSEEN_PAY_001738,UNSEEN_CUST_01955,32529.66,card,successful,,,2,2026-06-22 07:42:41.884985
UNSEEN_PAY_001739,UNSEEN_CUST_00200,39688.39,upi,successful,,,3,2026-06-25 17:18:41.884985
UNSEEN_PAY_001740,UNSEEN_CUST_01738,29958.86,upi,failed,INSTRUMENT_EXPIRED,expired_instrument,1,2026-08-11 21:58:41.885985
UNSEEN_PAY_001741,UNSEEN_CUST_00303,33139.91,upi,successful,,,1,2026-06-18 22:26:41.885985
UNSEEN_PAY_001742,UNSEEN_CUST_01403,6641.01,netbanking,successful,,,1,2026-07-03 08:07:41.885985
UNSEEN_PAY_001743,UNSEEN_CUST_01349,14099.83,card,failed,CUSTOMER_AUTH_FAILED,authentication_failed,2,2026-07-10 19:06:41.885985
UNSEEN_PAY_001744,UNSEEN_CUST_01555,16482.03,upi,successful,,,1,2026-08-18 16:07:41.885985
UNSEEN_PAY_001745,UNSEEN_CUST_00539,13114.5,upi,successful,,,1,2026-07-03 15:41:41.885985
UNSEEN_PAY_001746,UNSEEN_CUST_00227,24680.28,upi,successful,,,1,2026-08-19 13:31:41.885985
UNSEEN_PAY_001747,UNSEEN_CUST_00627,20342.65,upi,successful,,,1,2026-07-22 06:20:41.885985
UNSEEN_PAY_001748,UNSEEN_CUST_01138,45843.38,upi,successful,,,1,2026-07-03 12:35:41.885985
UNSEEN_PAY_001749,UNSEEN_CUST_01788,4734.39,upi,successful,,,1,2026-06-10 17:13:41.885985
UNSEEN_PAY_001750,UNSEEN_CUST_01725,11202.63,netbanking,failed,INSUFFICIENT_BALANCE,insufficient_funds,1,2026-07-08 08:14:41.885985
UNSEEN_PAY_001751,UNSEEN_CUST_01076,51991.83,upi,successful,,,1,2026-08-02 16:48:41.885985
UNSEEN_PAY_001752,UNSEEN_CUST_01028,18388.33,upi,failed,UNSPECIFIED_DECLINE,unknown_failure,1,2026-08-10 02:29:41.885985
UNSEEN_PAY_001753,UNSEEN_CUST_00267,3681.07,netbanking,successful,,,1,2026-08-24 15:20:41.885985
UNSEEN_PAY_001754,UNSEEN_CUST_01649,47135.11,netbanking,successful,,,1,2026-08-14 09:58:41.885985
UNSEEN_PAY_001755,UNSEEN_CUST_01062,7353.48,netbanking,successful,,,1,2026-08-01 18:21:41.885985
UNSEEN_PAY_001756,UNSEEN_CUST_00471,21478.98,upi,failed,UNSPECIFIED_DECLINE,timeout,1,2026-07-11 16:50:41.885985
UNSEEN_PAY_001757,UNSEEN_CUST_01836,20043.27,card,failed,,timeout,1,2026-07-19 04:21:41.885985
UNSEEN_PAY_001758,UNSEEN_CUST_00276,15898.96,card,successful,,,3,2026-06-23 02:40:41.885985
UNSEEN_PAY_001759,UNSEEN_CUST_01054,38835.45,card,successful,,,1,2026-06-27 09:51:41.885985
UNSEEN_PAY_001760,UNSEEN_CUST_00142,71821.26,card,successful,,,1,2026-06-05 00:13:41.885985
UNSEEN_PAY_001761,UNSEEN_CUST_00279,8850.87,upi,successful,,,1,2026-06-14 00:18:41.885985
UNSEEN_PAY_001762,UNSEEN_CUST_00794,24155.34,upi,successful,,,1,2026-08-02 16:04:41.885985
UNSEEN_PAY_001763,UNSEEN_CUST_01881,22358.24,card,successful,,,1,2026-06-01 11:43:41.886985
UNSEEN_PAY_001764,UNSEEN_CUST_00601,45864.62,upi,failed,PROCESSING_TIMEOUT,timeout,1,2026-06-09 05:46:41.886985
UNSEEN_PAY_001765,UNSEEN_CUST_00432,13817.74,upi,successful,,,1,2026-07-28 13:21:41.886985
UNSEEN_PAY_001766,UNSEEN_CUST_00459,19496.97,upi,successful,,,1,2026-07-25 13:41:41.886985
UNSEEN_PAY_001767,UNSEEN_CUST_01510,15409.72,upi,successful,,,1,2026-06-14 01:51:41.886985
UNSEEN_PAY_001768,UNSEEN_CUST_00744,25311.36,netbanking,failed,UNKNOWN_ERROR,unknown_failure,1,2026-07-30 07:47:41.886985
UNSEEN_PAY_001769,UNSEEN_CUST_01147,6664.86,card,successful,,,1,2026-06-15 03:01:41.886985
UNSEEN_PAY_001770,UNSEEN_CUST_00824,12660.68,upi,successful,,,1,2026-07-21 18:31:41.886985
UNSEEN_PAY_001771,UNSEEN_CUST_00805,15424.49,upi,successful,,,1,2026-05-28 08:37:41.886985
UNSEEN_PAY_001772,UNSEEN_CUST_01313,7928.52,upi,successful,,,1,2026-06-29 16:12:41.886985
UNSEEN_PAY_001773,UNSEEN_CUST_01581,27860.18,upi,successful,,,1,2026-08-05 19:50:41.886985
UNSEEN_PAY_001774,UNSEEN_CUST_01006,63999.9,card,successful,,,1,2026-07-09 01:47:41.886985
UNSEEN_PAY_001775,UNSEEN_CUST_01518,27913.7,netbanking,successful,,,1,2026-07-23 02:10:41.886985
UNSEEN_PAY_001776,UNSEEN_CUST_01554,13750.73,upi,successful,,,1,2026-08-11 11:11:41.886985
UNSEEN_PAY_001777,UNSEEN_CUST_01893,18618.18,upi,successful,,,1,2026-06-27 16:40:41.886985
UNSEEN_PAY_001778,UNSEEN_CUST_01605,88632.41,upi,failed,BANK_SERVICE_UNAVAILABLE,temporary_bank_failure,2,2026-07-01 18:14:41.886985
UNSEEN_PAY_001779,UNSEEN_CUST_00768,43323.44,upi,successful,,,1,2026-06-11 07:41:41.886985
UNSEEN_PAY_001780,UNSEEN_CUST_00713,26738.32,upi,successful,,,1,2026-06-19 12:31:41.886985
UNSEEN_PAY_001781,UNSEEN_CUST_00810,31319.66,upi,successful,,,1,2026-07-09 07:43:41.886985
UNSEEN_PAY_001782,UNSEEN_CUST_01496,2095.02,upi,successful,,,1,2026-08-08 15:41:41.886985
UNSEEN_PAY_001783,UNSEEN_CUST_00753,30682.34,upi,successful,,,1,2026-06-09 06:33:41.886985
UNSEEN_PAY_001784,UNSEEN_CUST_00873,17041.39,upi,successful,,,1,2026-07-26 09:16:41.886985
UNSEEN_PAY_001785,UNSEEN_CUST_00838,4133.45,card,failed,CARD_BLOCKED,blocked_instrument,1,2026-08-21 21:45:41.886985
UNSEEN_PAY_001786,UNSEEN_CUST_01733,42660.96,card,successful,,,1,2026-08-02 00:41:41.886985
UNSEEN_PAY_001787,UNSEEN_CUST_01693,1721.72,card,failed,POLICY_DECLINED,risk_decline,1,2026-07-27 04:11:41.887985
UNSEEN_PAY_001788,UNSEEN_CUST_01872,42260.69,card,failed,INSUFFICIENT_BALANCE,insufficient_funds,1,2026-06-19 16:15:41.887985
UNSEEN_PAY_001789,UNSEEN_CUST_01894,45990.68,netbanking,failed,UNKNOWN_ERROR,unknown_failure,2,2026-07-06 03:54:41.887985
UNSEEN_PAY_001790,UNSEEN_CUST_01195,88174.31,upi,successful,,,1,2026-08-10 08:51:41.887985
UNSEEN_PAY_001791,UNSEEN_CUST_00974,31644.49,card,successful,,,1,2026-08-05 02:55:41.887985
UNSEEN_PAY_001792,UNSEEN_CUST_01510,14357.54,upi,successful,,,1,2026-06-30 06:59:41.887985
UNSEEN_PAY_001793,UNSEEN_CUST_01201,14295.6,netbanking,successful,,,1,2026-06-29 23:25:41.887985
UNSEEN_PAY_001794,UNSEEN_CUST_01234,41972.47,upi,successful,,,1,2026-06-20 19:54:41.887985
UNSEEN_PAY_001795,UNSEEN_CUST_01648,21339.67,upi,failed,NETWORK_TIMEOUT,timeout,1,2026-06-25 10:10:41.887985
UNSEEN_PAY_001796,UNSEEN_CUST_00553,36932.63,upi,successful,,,1,2026-06-14 02:11:41.887985
UNSEEN_PAY_001797,UNSEEN_CUST_00683,858.15,card,failed,UNKNOWN_ERROR,unknown_failure,1,2026-07-19 00:39:41.887985
UNSEEN_PAY_001798,UNSEEN_CUST_00100,771.76,upi,successful,,,1,2026-07-17 17:49:41.887985
UNSEEN_PAY_001799,UNSEEN_CUST_00493,8506.79,card,successful,,,1,2026-05-30 17:58:41.887985
UNSEEN_PAY_001800,UNSEEN_CUST_01930,3337.06,netbanking,successful,,,1,2026-06-29 11:36:41.887985
UNSEEN_PAY_001801,UNSEEN_CUST_01758,42332.38,upi,successful,,,1,2026-08-10 15:31:41.887985
UNSEEN_PAY_001802,UNSEEN_CUST_00117,44933.73,upi,successful,,,1,2026-08-11 11:15:41.887985
UNSEEN_PAY_001803,UNSEEN_CUST_01410,27098.57,upi,failed,INSTRUMENT_BLOCKED,blocked_instrument,1,2026-05-29 10:03:41.887985
UNSEEN_PAY_001804,UNSEEN_CUST_00075,19374.18,upi,failed,INSUFFICIENT_BALANCE,insufficient_funds,1,2026-07-11 23:11:41.887985
UNSEEN_PAY_001805,UNSEEN_CUST_00408,78236.52,card,successful,,,1,2026-08-20 00:10:41.887985
UNSEEN_PAY_001806,UNSEEN_CUST_01124,8517.78,card,successful,,,1,2026-06-23 11:51:41.887985
UNSEEN_PAY_001807,UNSEEN_CUST_01171,17198.28,card,successful,,,1,2026-06-01 12:28:41.887985
UNSEEN_PAY_001808,UNSEEN_CUST_00523,50888.35,netbanking,failed,INSUFFICIENT_BALANCE,insufficient_funds,1,2026-06-13 03:28:41.888985
UNSEEN_PAY_001809,UNSEEN_CUST_01604,25604.42,card,successful,,,1,2026-08-08 14:10:41.888985
UNSEEN_PAY_001810,UNSEEN_CUST_01590,40568.4,upi,successful,,,1,2026-07-27 23:26:41.888985
UNSEEN_PAY_001811,UNSEEN_CUST_01585,24298.36,card,successful,,,1,2026-08-19 04:33:41.888985
UNSEEN_PAY_001812,UNSEEN_CUST_00449,19986.92,upi,failed,TRANSACTION_LIMIT_EXCEEDED,limit_exceeded,1,2026-08-21 20:04:41.888985
UNSEEN_PAY_001813,UNSEEN_CUST_01388,26122.73,upi,successful,,,1,2026-08-25 23:14:41.888985
UNSEEN_PAY_001814,UNSEEN_CUST_01931,20796.34,upi,successful,,,1,2026-07-26 02:49:41.888985
UNSEEN_PAY_001815,UNSEEN_CUST_01585,27365.45,netbanking,successful,,,1,2026-07-09 16:06:41.888985
UNSEEN_PAY_001816,UNSEEN_CUST_01188,22748.53,card,successful,,,1,2026-06-08 15:56:41.888985
UNSEEN_PAY_001817,UNSEEN_CUST_00806,23853.35,netbanking,successful,,,1,2026-08-07 04:57:41.888985
UNSEEN_PAY_001818,UNSEEN_CUST_01732,9939.62,upi,successful,,,1,2026-05-29 10:38:41.888985
UNSEEN_PAY_001819,UNSEEN_CUST_01509,14710.11,card,successful,,,1,2026-06-01 10:11:41.888985
UNSEEN_PAY_001820,UNSEEN_CUST_01061,23226.32,card,successful,,,1,2026-08-01 01:39:41.888985
UNSEEN_PAY_001821,UNSEEN_CUST_01960,16602.57,card,successful,,,1,2026-06-16 10:30:41.888985
UNSEEN_PAY_001822,UNSEEN_CUST_01323,10253.91,card,failed,FUNDS_NOT_AVAILABLE,insufficient_funds,1,2026-08-21 14:20:41.888985
UNSEEN_PAY_001823,UNSEEN_CUST_00143,25222.1,card,successful,,,1,2026-07-19 17:00:41.888985
UNSEEN_PAY_001824,UNSEEN_CUST_00381,14533.19,card,successful,,,1,2026-07-02 05:04:41.888985
UNSEEN_PAY_001825,UNSEEN_CUST_01299,21309.97,upi,successful,,,1,2026-07-08 07:41:41.888985
UNSEEN_PAY_001826,UNSEEN_CUST_01090,39986.46,upi,successful,,,1,2026-06-15 22:50:41.888985
UNSEEN_PAY_001827,UNSEEN_CUST_00977,44830.43,netbanking,successful,,,1,2026-06-03 12:51:41.888985
UNSEEN_PAY_001828,UNSEEN_CUST_00521,19244.07,netbanking,successful,,,1,2026-06-30 12:00:41.888985
UNSEEN_PAY_001829,UNSEEN_CUST_00098,64343.99,upi,successful,,,1,2026-08-04 14:41:41.888985
UNSEEN_PAY_001830,UNSEEN_CUST_00768,13486.12,upi,successful,,,1,2026-07-15 20:13:41.888985
UNSEEN_PAY_001831,UNSEEN_CUST_01804,13461.55,upi,failed,UNKNOWN_ERROR,unknown_failure,1,2026-08-10 19:26:41.888985
UNSEEN_PAY_001832,UNSEEN_CUST_01104,6719.09,upi,successful,,,1,2026-06-21 20:14:41.889985
UNSEEN_PAY_001833,UNSEEN_CUST_00772,27124.74,upi,successful,,,1,2026-06-18 07:50:41.889985
UNSEEN_PAY_001834,UNSEEN_CUST_00864,30146.53,netbanking,successful,,,1,2026-08-14 12:22:41.889985
UNSEEN_PAY_001835,UNSEEN_CUST_01981,8163.39,upi,successful,,,1,2026-06-13 00:04:41.889985
UNSEEN_PAY_001836,UNSEEN_CUST_00082,66782.18,upi,successful,,,1,2026-08-11 18:34:41.889985
UNSEEN_PAY_001837,UNSEEN_CUST_00267,18663.59,card,successful,,,1,2026-06-20 09:06:41.889985
UNSEEN_PAY_001838,UNSEEN_CUST_01924,14290.31,card,successful,,,1,2026-07-18 09:24:41.889985
UNSEEN_PAY_001839,UNSEEN_CUST_01619,42946.95,upi,successful,,,1,2026-06-07 18:49:41.889985
UNSEEN_PAY_001840,UNSEEN_CUST_01167,12247.78,card,successful,,,2,2026-07-23 05:10:41.889985
UNSEEN_PAY_001841,UNSEEN_CUST_00172,20481.19,upi,successful,,,2,2026-06-25 19:09:41.889985
UNSEEN_PAY_001842,UNSEEN_CUST_01373,31382.79,netbanking,successful,,,1,2026-05-28 01:16:41.889985
UNSEEN_PAY_001843,UNSEEN_CUST_00630,38965.91,netbanking,successful,,,1,2026-06-09 12:43:41.889985
UNSEEN_PAY_001844,UNSEEN_CUST_01213,42139.68,upi,successful,,,1,2026-06-03 21:34:41.889985
UNSEEN_PAY_001845,UNSEEN_CUST_01675,17253.15,netbanking,successful,,,1,2026-06-10 23:22:41.889985
UNSEEN_PAY_001846,UNSEEN_CUST_00553,3645.58,card,successful,,,1,2026-06-23 07:15:41.889985
UNSEEN_PAY_001847,UNSEEN_CUST_01900,45476.59,netbanking,failed,RISK_DECLINED,risk_decline,2,2026-08-21 17:29:41.889985
UNSEEN_PAY_001848,UNSEEN_CUST_01906,7973.27,card,successful,,,1,2026-06-24 05:00:41.889985
UNSEEN_PAY_001849,UNSEEN_CUST_00107,37204.59,upi,successful,,,1,2026-07-20 20:40:41.889985
UNSEEN_PAY_001850,UNSEEN_CUST_00688,19769.85,upi,failed,UNKNOWN_ERROR,unknown_failure,1,2026-06-10 07:34:41.889985
UNSEEN_PAY_001851,UNSEEN_CUST_00115,45311.05,upi,successful,,,1,2026-07-12 13:48:41.889985
UNSEEN_PAY_001852,UNSEEN_CUST_00795,10804.21,card,successful,,,1,2026-07-10 19:23:41.889985
UNSEEN_PAY_001853,UNSEEN_CUST_01677,33851.7,upi,failed,BANK_SERVICE_UNAVAILABLE,temporary_bank_failure,1,2026-08-03 01:40:41.889985
UNSEEN_PAY_001854,UNSEEN_CUST_01040,2072.24,card,successful,,,1,2026-07-15 20:58:41.890985
UNSEEN_PAY_001855,UNSEEN_CUST_01938,35108.66,upi,successful,,,1,2026-06-26 02:21:41.890985
UNSEEN_PAY_001856,UNSEEN_CUST_01107,21779.91,card,successful,,,1,2026-08-03 05:28:41.890985
UNSEEN_PAY_001857,UNSEEN_CUST_00836,71993.43,upi,successful,,,1,2026-06-07 15:21:41.890985
UNSEEN_PAY_001858,UNSEEN_CUST_01966,46114.41,upi,successful,,,2,2026-06-04 18:09:41.890985
UNSEEN_PAY_001859,UNSEEN_CUST_01735,5906.83,card,successful,,,1,2026-08-26 07:51:41.890985
UNSEEN_PAY_001860,UNSEEN_CUST_01587,15521.77,netbanking,successful,,,1,2026-07-10 20:18:41.890985
UNSEEN_PAY_001861,UNSEEN_CUST_00670,46191.52,card,successful,,,1,2026-08-15 05:52:41.890985
UNSEEN_PAY_001862,UNSEEN_CUST_01307,14642.95,upi,successful,,,2,2026-07-06 01:31:41.890985
UNSEEN_PAY_001863,UNSEEN_CUST_00564,42645.83,card,successful,,,1,2026-07-12 23:13:41.890985
UNSEEN_PAY_001864,UNSEEN_CUST_01512,3985.09,upi,failed,INSTRUMENT_EXPIRED,expired_instrument,1,2026-08-03 04:21:41.890985
UNSEEN_PAY_001865,UNSEEN_CUST_00178,11153.22,upi,successful,,,1,2026-07-20 01:15:41.890985
UNSEEN_PAY_001866,UNSEEN_CUST_01017,7163.07,upi,successful,,,1,2026-06-18 08:40:41.890985
UNSEEN_PAY_001867,UNSEEN_CUST_00667,85207.26,card,successful,,,1,2026-06-24 11:38:41.890985
UNSEEN_PAY_001868,UNSEEN_CUST_01291,32735.32,netbanking,successful,,,1,2026-07-08 08:02:41.890985
UNSEEN_PAY_001869,UNSEEN_CUST_00620,42811.61,upi,failed,FUNDS_NOT_AVAILABLE,insufficient_funds,1,2026-07-29 06:28:41.890985
UNSEEN_PAY_001870,UNSEEN_CUST_01995,19087.71,upi,successful,,,1,2026-07-04 08:18:41.890985
UNSEEN_PAY_001871,UNSEEN_CUST_00077,26168.31,upi,successful,,,1,2026-08-16 04:50:41.890985
UNSEEN_PAY_001872,UNSEEN_CUST_01981,4618.91,card,successful,,,1,2026-07-25 19:24:41.890985
UNSEEN_PAY_001873,UNSEEN_CUST_00716,21566.66,upi,successful,,,1,2026-08-03 20:57:41.890985
UNSEEN_PAY_001874,UNSEEN_CUST_01764,22801.41,upi,successful,,,1,2026-07-22 01:10:41.890985
UNSEEN_PAY_001875,UNSEEN_CUST_00337,11195.82,netbanking,successful,,,1,2026-06-26 11:15:41.890985
UNSEEN_PAY_001876,UNSEEN_CUST_00290,10963.78,upi,successful,,,1,2026-05-29 08:18:41.890985
UNSEEN_PAY_001877,UNSEEN_CUST_00345,25488.56,upi,successful,,,1,2026-07-03 03:40:41.890985
UNSEEN_PAY_001878,UNSEEN_CUST_00875,48700.26,card,successful,,,1,2026-07-27 23:44:41.890985
UNSEEN_PAY_001879,UNSEEN_CUST_01385,14441.05,netbanking,failed,BANK_SERVICE_UNAVAILABLE,temporary_bank_failure,1,2026-06-20 07:21:41.891985
UNSEEN_PAY_001880,UNSEEN_CUST_00636,31678.33,upi,failed,AUTHENTICATION_FAILED,authentication_failed,1,2026-08-01 12:42:41.891985
UNSEEN_PAY_001881,UNSEEN_CUST_00575,12655.8,netbanking,successful,,,1,2026-06-16 20:15:41.891985
UNSEEN_PAY_001882,UNSEEN_CUST_01775,18554.91,upi,successful,,,2,2026-08-10 01:54:41.891985
UNSEEN_PAY_001883,UNSEEN_CUST_00959,97110.08,upi,failed,CARD_EXPIRED,expired_instrument,1,2026-07-13 06:46:41.891985
UNSEEN_PAY_001884,UNSEEN_CUST_00661,15458.27,netbanking,successful,,,1,2026-06-28 21:18:41.891985
UNSEEN_PAY_001885,UNSEEN_CUST_01321,44312.53,upi,successful,,,1,2026-08-17 23:25:41.891985
UNSEEN_PAY_001886,UNSEEN_CUST_00928,49013.71,card,failed,INSTRUMENT_EXPIRED,expired_instrument,1,2026-07-25 17:34:41.891985
UNSEEN_PAY_001887,UNSEEN_CUST_00563,21954.84,card,successful,,,1,2026-08-10 19:26:41.891985
UNSEEN_PAY_001888,UNSEEN_CUST_01690,21404.81,card,failed,CUSTOMER_AUTH_FAILED,authentication_failed,1,2026-08-21 18:18:41.891985
UNSEEN_PAY_001889,UNSEEN_CUST_00683,688.48,upi,successful,,,1,2026-06-13 19:33:41.891985
UNSEEN_PAY_001890,UNSEEN_CUST_01931,2471.14,card,successful,,,1,2026-08-23 17:32:41.891985
UNSEEN_PAY_001891,UNSEEN_CUST_00872,6845.76,card,successful,,,1,2026-08-17 01:06:41.891985
UNSEEN_PAY_001892,UNSEEN_CUST_00062,4172.36,netbanking,successful,,,1,2026-07-24 18:18:41.891985
UNSEEN_PAY_001893,UNSEEN_CUST_00632,21001.62,card,successful,,,1,2026-07-14 02:07:41.891985
UNSEEN_PAY_001894,UNSEEN_CUST_00128,45935.73,netbanking,successful,,,1,2026-08-08 03:37:41.891985
UNSEEN_PAY_001895,UNSEEN_CUST_01727,8876.42,card,failed,UNSPECIFIED_DECLINE,timeout,1,2026-07-13 02:43:41.891985
UNSEEN_PAY_001896,UNSEEN_CUST_01232,43395.88,upi,successful,,,1,2026-07-20 20:52:41.891985
UNSEEN_PAY_001897,UNSEEN_CUST_01404,26497.05,card,failed,PROCESSING_TIMEOUT,timeout,1,2026-06-26 05:17:41.891985
UNSEEN_PAY_001898,UNSEEN_CUST_00756,13364.53,upi,successful,,,2,2026-06-02 09:33:41.891985
UNSEEN_PAY_001899,UNSEEN_CUST_00060,25931.27,card,successful,,,1,2026-07-18 16:05:41.891985
UNSEEN_PAY_001900,UNSEEN_CUST_00521,15098.2,upi,successful,,,1,2026-08-01 08:31:41.891985
UNSEEN_PAY_001901,UNSEEN_CUST_00062,37746.55,card,successful,,,1,2026-07-05 01:31:41.891985
UNSEEN_PAY_001902,UNSEEN_CUST_01809,14814.16,netbanking,failed,NETWORK_TIMEOUT,timeout,1,2026-06-23 20:58:41.892985
UNSEEN_PAY_001903,UNSEEN_CUST_00001,43136.55,card,successful,,,1,2026-06-23 17:40:41.892985
UNSEEN_PAY_001904,UNSEEN_CUST_00322,36450.11,card,successful,,,1,2026-08-11 04:56:41.892985
UNSEEN_PAY_001905,UNSEEN_CUST_01295,45828.82,upi,successful,,,1,2026-08-02 19:36:41.892985
UNSEEN_PAY_001906,UNSEEN_CUST_00562,25938.55,upi,successful,,,1,2026-07-14 09:13:41.892985
UNSEEN_PAY_001907,UNSEEN_CUST_01230,9478.98,upi,successful,,,1,2026-08-12 20:46:41.892985
UNSEEN_PAY_001908,UNSEEN_CUST_01510,49863.42,upi,successful,,,1,2026-07-24 23:38:41.892985
UNSEEN_PAY_001909,UNSEEN_CUST_01685,8117.87,upi,successful,,,1,2026-07-27 12:40:41.892985
UNSEEN_PAY_001910,UNSEEN_CUST_00708,7883.88,upi,successful,,,1,2026-07-04 08:23:41.892985
UNSEEN_PAY_001911,UNSEEN_CUST_00671,32343.12,upi,successful,,,1,2026-07-30 21:06:41.892985
UNSEEN_PAY_001912,UNSEEN_CUST_01317,11655.9,card,failed,NETWORK_TIMEOUT,timeout,1,2026-08-01 01:47:41.892985
UNSEEN_PAY_001913,UNSEEN_CUST_01394,30212.66,upi,failed,FUNDS_NOT_AVAILABLE,insufficient_funds,1,2026-07-27 17:22:41.892985
UNSEEN_PAY_001914,UNSEEN_CUST_01617,28183.28,card,successful,,,1,2026-06-08 09:51:41.892985
UNSEEN_PAY_001915,UNSEEN_CUST_01703,9724.05,upi,successful,,,1,2026-08-04 08:27:41.892985
UNSEEN_PAY_001916,UNSEEN_CUST_01887,61220.35,netbanking,failed,UNSPECIFIED_DECLINE,risk_decline,1,2026-06-12 19:20:41.892985
UNSEEN_PAY_001917,UNSEEN_CUST_01825,5179.01,upi,failed,BANK_SERVICE_UNAVAILABLE,temporary_bank_failure,1,2026-06-04 12:58:41.892985
UNSEEN_PAY_001918,UNSEEN_CUST_01880,29381.66,upi,successful,,,1,2026-06-28 10:17:41.892985
UNSEEN_PAY_001919,UNSEEN_CUST_01399,13570.77,netbanking,successful,,,1,2026-08-04 07:03:41.892985
UNSEEN_PAY_001920,UNSEEN_CUST_01162,26389.01,card,successful,,,1,2026-07-01 01:34:41.892985
UNSEEN_PAY_001921,UNSEEN_CUST_00530,23419.85,netbanking,failed,INSUFFICIENT_BALANCE,insufficient_funds,1,2026-06-18 12:22:41.892985
UNSEEN_PAY_001922,UNSEEN_CUST_01015,26770.88,netbanking,failed,FUNDS_NOT_AVAILABLE,insufficient_funds,1,2026-08-20 16:48:41.892985
UNSEEN_PAY_001923,UNSEEN_CUST_00977,8855.74,upi,successful,,,2,2026-07-20 13:50:41.892985
UNSEEN_PAY_001924,UNSEEN_CUST_00033,36800.59,upi,successful,,,1,2026-06-02 07:08:41.893985
UNSEEN_PAY_001925,UNSEEN_CUST_00856,1084.1,upi,successful,,,1,2026-08-04 11:06:41.893985
UNSEEN_PAY_001926,UNSEEN_CUST_00479,69489.94,card,successful,,,1,2026-07-02 12:39:41.893985
UNSEEN_PAY_001927,UNSEEN_CUST_01141,11609.12,upi,successful,,,1,2026-08-04 22:38:41.893985
UNSEEN_PAY_001928,UNSEEN_CUST_00122,17448.19,netbanking,failed,FUNDS_NOT_AVAILABLE,insufficient_funds,2,2026-08-13 06:07:41.893985
UNSEEN_PAY_001929,UNSEEN_CUST_01392,18404.22,upi,successful,,,1,2026-06-29 14:15:41.893985
UNSEEN_PAY_001930,UNSEEN_CUST_01681,4534.33,upi,successful,,,1,2026-07-04 22:02:41.893985
UNSEEN_PAY_001931,UNSEEN_CUST_00272,42622.66,upi,successful,,,1,2026-08-02 00:36:41.893985
UNSEEN_PAY_001932,UNSEEN_CUST_00358,36224.53,netbanking,failed,CARD_BLOCKED,blocked_instrument,2,2026-05-30 09:55:41.893985
UNSEEN_PAY_001933,UNSEEN_CUST_01805,79816.85,upi,successful,,,2,2026-07-03 09:56:41.893985
UNSEEN_PAY_001934,UNSEEN_CUST_01693,11694.06,upi,successful,,,1,2026-05-28 11:49:41.893985
UNSEEN_PAY_001935,UNSEEN_CUST_01097,19350.0,card,successful,,,1,2026-06-15 12:20:41.893985
UNSEEN_PAY_001936,UNSEEN_CUST_01425,20427.73,card,successful,,,1,2026-06-30 15:44:41.893985
UNSEEN_PAY_001937,UNSEEN_CUST_01444,77316.52,upi,successful,,,1,2026-07-27 15:10:41.893985
UNSEEN_PAY_001938,UNSEEN_CUST_00639,27481.34,card,successful,,,1,2026-08-22 10:25:41.893985
UNSEEN_PAY_001939,UNSEEN_CUST_00951,20658.88,netbanking,failed,PROCESSING_TIMEOUT,timeout,1,2026-06-15 12:16:41.893985
UNSEEN_PAY_001940,UNSEEN_CUST_00131,37402.25,netbanking,successful,,,1,2026-06-10 20:30:41.893985
UNSEEN_PAY_001941,UNSEEN_CUST_00832,17732.72,upi,successful,,,1,2026-06-30 10:10:41.893985
UNSEEN_PAY_001942,UNSEEN_CUST_01064,8662.46,card,successful,,,1,2026-08-04 01:04:41.893985
UNSEEN_PAY_001943,UNSEEN_CUST_00206,18698.53,netbanking,failed,CUSTOMER_AUTH_FAILED,authentication_failed,1,2026-05-27 22:56:41.893985
UNSEEN_PAY_001944,UNSEEN_CUST_00713,88013.62,upi,successful,,,1,2026-05-29 00:38:41.893985
UNSEEN_PAY_001945,UNSEEN_CUST_00211,42888.95,upi,successful,,,1,2026-07-21 12:26:41.893985
UNSEEN_PAY_001946,UNSEEN_CUST_00654,20055.39,upi,failed,BANK_TEMPORARY_ERROR,temporary_bank_failure,1,2026-08-19 20:24:41.893985
UNSEEN_PAY_001947,UNSEEN_CUST_01837,11485.62,upi,successful,,,1,2026-06-21 19:07:41.893985
UNSEEN_PAY_001948,UNSEEN_CUST_01832,47791.5,card,successful,,,1,2026-08-26 12:43:41.894985
UNSEEN_PAY_001949,UNSEEN_CUST_00695,44582.39,upi,successful,,,1,2026-07-26 18:54:41.894985
UNSEEN_PAY_001950,UNSEEN_CUST_01392,35300.09,upi,successful,,,1,2026-06-28 19:53:41.894985
UNSEEN_PAY_001951,UNSEEN_CUST_01399,43315.98,card,successful,,,1,2026-06-12 22:12:41.894985
UNSEEN_PAY_001952,UNSEEN_CUST_01969,37054.13,card,successful,,,1,2026-06-11 17:10:41.894985
UNSEEN_PAY_001953,UNSEEN_CUST_01341,10443.94,upi,successful,,,1,2026-06-21 09:51:41.894985
UNSEEN_PAY_001954,UNSEEN_CUST_01715,31182.24,upi,successful,,,1,2026-08-09 20:14:41.894985
UNSEEN_PAY_001955,UNSEEN_CUST_00199,9733.55,card,failed,NETWORK_TIMEOUT,timeout,1,2026-07-24 02:32:41.894985
UNSEEN_PAY_001956,UNSEEN_CUST_00805,16682.3,netbanking,failed,UNKNOWN_ERROR,unknown_failure,1,2026-06-30 03:51:41.894985
UNSEEN_PAY_001957,UNSEEN_CUST_01930,23236.1,upi,successful,,,1,2026-07-28 13:48:41.894985
UNSEEN_PAY_001958,UNSEEN_CUST_00803,22720.14,upi,successful,,,1,2026-08-13 00:51:41.894985
UNSEEN_PAY_001959,UNSEEN_CUST_01987,95763.77,card,failed,FUNDS_NOT_AVAILABLE,insufficient_funds,1,2026-08-20 07:37:41.894985
UNSEEN_PAY_001960,UNSEEN_CUST_00802,17313.44,upi,successful,,,2,2026-05-30 21:04:41.894985
UNSEEN_PAY_001961,UNSEEN_CUST_01077,14905.3,upi,successful,,,1,2026-07-19 07:30:41.894985
UNSEEN_PAY_001962,UNSEEN_CUST_01919,47299.75,card,failed,FUNDS_NOT_AVAILABLE,insufficient_funds,1,2026-08-01 16:37:41.894985
UNSEEN_PAY_001963,UNSEEN_CUST_01972,26330.22,card,failed,BANK_SERVICE_UNAVAILABLE,temporary_bank_failure,1,2026-08-16 04:03:41.894985
UNSEEN_PAY_001964,UNSEEN_CUST_01603,22187.88,upi,successful,,,1,2026-06-23 03:44:41.894985
UNSEEN_PAY_001965,UNSEEN_CUST_00225,32890.26,upi,successful,,,1,2026-06-17 14:28:41.894985
UNSEEN_PAY_001966,UNSEEN_CUST_01840,7592.71,upi,successful,,,1,2026-07-16 19:21:41.894985
UNSEEN_PAY_001967,UNSEEN_CUST_01489,31992.03,card,successful,,,1,2026-06-16 14:00:41.894985
UNSEEN_PAY_001968,UNSEEN_CUST_01807,10472.16,upi,successful,,,1,2026-08-05 21:39:41.894985
UNSEEN_PAY_001969,UNSEEN_CUST_01258,30608.15,upi,successful,,,1,2026-05-28 16:27:41.894985
UNSEEN_PAY_001970,UNSEEN_CUST_01949,18584.26,upi,failed,RISK_DECLINED,risk_decline,1,2026-07-11 02:44:41.894985
UNSEEN_PAY_001971,UNSEEN_CUST_00457,6447.39,upi,successful,,,1,2026-07-16 16:37:41.895985
UNSEEN_PAY_001972,UNSEEN_CUST_00867,36914.33,upi,successful,,,1,2026-07-23 14:37:41.895985
UNSEEN_PAY_001973,UNSEEN_CUST_01578,16523.15,upi,successful,,,1,2026-07-14 18:32:41.895985
UNSEEN_PAY_001974,UNSEEN_CUST_01091,78477.81,upi,failed,CARD_EXPIRED,expired_instrument,1,2026-07-07 20:40:41.895985
UNSEEN_PAY_001975,UNSEEN_CUST_00081,10088.43,upi,successful,,,1,2026-06-27 13:21:41.895985
UNSEEN_PAY_001976,UNSEEN_CUST_00561,33408.82,upi,successful,,,1,2026-08-10 12:48:41.895985
UNSEEN_PAY_001977,UNSEEN_CUST_00748,3137.73,card,successful,,,1,2026-08-10 22:35:41.895985
UNSEEN_PAY_001978,UNSEEN_CUST_00579,55816.09,upi,successful,,,1,2026-05-31 23:54:41.895985
UNSEEN_PAY_001979,UNSEEN_CUST_00118,35261.98,card,successful,,,1,2026-06-15 05:31:41.895985
UNSEEN_PAY_001980,UNSEEN_CUST_00686,18945.85,upi,successful,,,1,2026-07-12 20:20:41.895985
UNSEEN_PAY_001981,UNSEEN_CUST_00971,15492.15,card,successful,,,1,2026-08-12 04:32:41.895985
UNSEEN_PAY_001982,UNSEEN_CUST_00028,14886.76,upi,successful,,,1,2026-07-22 14:41:41.895985
UNSEEN_PAY_001983,UNSEEN_CUST_00340,43293.58,card,failed,INSUFFICIENT_BALANCE,insufficient_funds,1,2026-06-03 19:31:41.895985
UNSEEN_PAY_001984,UNSEEN_CUST_00046,39140.16,upi,successful,,,1,2026-07-05 02:13:41.895985
UNSEEN_PAY_001985,UNSEEN_CUST_00342,18831.22,upi,failed,,blocked_instrument,1,2026-05-29 08:52:41.895985
UNSEEN_PAY_001986,UNSEEN_CUST_00874,17626.25,card,successful,,,2,2026-07-11 09:09:41.895985
UNSEEN_PAY_001987,UNSEEN_CUST_00993,10145.55,card,successful,,,1,2026-06-28 19:40:41.895985
UNSEEN_PAY_001988,UNSEEN_CUST_01409,25769.61,upi,successful,,,1,2026-07-21 02:30:41.895985
UNSEEN_PAY_001989,UNSEEN_CUST_00091,18078.5,upi,successful,,,1,2026-08-23 10:47:41.895985
UNSEEN_PAY_001990,UNSEEN_CUST_01732,28894.38,netbanking,successful,,,1,2026-06-04 19:51:41.895985
UNSEEN_PAY_001991,UNSEEN_CUST_00120,30784.01,upi,failed,AUTHENTICATION_FAILED,authentication_failed,1,2026-06-19 23:08:41.895985
UNSEEN_PAY_001992,UNSEEN_CUST_01652,47023.55,upi,successful,,,1,2026-06-13 17:27:41.895985
UNSEEN_PAY_001993,UNSEEN_CUST_01345,31368.59,card,successful,,,1,2026-06-01 05:06:41.895985
UNSEEN_PAY_001994,UNSEEN_CUST_00981,32483.27,card,successful,,,1,2026-06-01 09:09:41.895985
UNSEEN_PAY_001995,UNSEEN_CUST_01166,26178.05,netbanking,successful,,,1,2026-08-09 03:05:41.896985
UNSEEN_PAY_001996,UNSEEN_CUST_00643,47716.94,upi,failed,NETWORK_TIMEOUT,timeout,1,2026-07-07 16:00:41.896985
UNSEEN_PAY_001997,UNSEEN_CUST_01830,19071.32,upi,successful,,,1,2026-06-08 14:54:41.896985
UNSEEN_PAY_001998,UNSEEN_CUST_01240,33422.43,upi,successful,,,1,2026-06-30 12:03:41.896985
UNSEEN_PAY_001999,UNSEEN_CUST_00547,14027.12,netbanking,successful,,,1,2026-07-07 08:32:41.896985
UNSEEN_PAY_002000,UNSEEN_CUST_01746,98750.79,upi,successful,,,1,2026-06-21 05:50:41.896985
UNSEEN_PAY_002001,UNSEEN_CUST_00525,40781.05,upi,successful,,,1,2026-07-22 14:10:41.896985
UNSEEN_PAY_002002,UNSEEN_CUST_01991,51476.89,upi,successful,,,1,2026-05-28 08:34:41.896985
UNSEEN_PAY_002003,UNSEEN_CUST_01667,15103.34,netbanking,successful,,,1,2026-05-29 16:51:41.896985
UNSEEN_PAY_002004,UNSEEN_CUST_00124,17422.41,netbanking,successful,,,1,2026-08-10 05:17:41.896985
UNSEEN_PAY_002005,UNSEEN_CUST_01458,47004.38,upi,successful,,,1,2026-08-26 14:07:41.896985
UNSEEN_PAY_002006,UNSEEN_CUST_01579,15743.96,upi,successful,,,1,2026-06-29 18:21:41.896985
UNSEEN_PAY_002007,UNSEEN_CUST_01221,39158.65,card,successful,,,1,2026-07-15 01:15:41.896985
UNSEEN_PAY_002008,UNSEEN_CUST_01998,13183.64,card,successful,,,1,2026-05-31 15:23:41.896985
UNSEEN_PAY_002009,UNSEEN_CUST_01362,35159.72,card,failed,INSTRUMENT_BLOCKED,blocked_instrument,1,2026-08-18 17:16:41.896985
UNSEEN_PAY_002010,UNSEEN_CUST_01391,10174.09,upi,successful,,,1,2026-07-01 05:50:41.896985
UNSEEN_PAY_002011,UNSEEN_CUST_00639,7544.58,upi,successful,,,1,2026-06-04 10:18:41.896985
UNSEEN_PAY_002012,UNSEEN_CUST_01182,52091.95,upi,successful,,,1,2026-06-23 10:17:41.896985
UNSEEN_PAY_002013,UNSEEN_CUST_01218,46695.81,upi,successful,,,1,2026-06-29 06:16:41.896985
UNSEEN_PAY_002014,UNSEEN_CUST_01720,44832.49,card,successful,,,1,2026-06-30 05:35:41.896985
UNSEEN_PAY_002015,UNSEEN_CUST_01573,13110.72,upi,successful,,,1,2026-08-14 12:20:41.896985
UNSEEN_PAY_002016,UNSEEN_CUST_01482,25383.98,upi,successful,,,2,2026-07-05 02:55:41.896985
UNSEEN_PAY_002017,UNSEEN_CUST_01303,14268.97,upi,successful,,,1,2026-06-22 05:51:41.896985
UNSEEN_PAY_002018,UNSEEN_CUST_01333,27129.15,card,successful,,,1,2026-07-15 16:14:41.896985
UNSEEN_PAY_002019,UNSEEN_CUST_00229,10112.48,netbanking,successful,,,1,2026-08-02 22:29:41.896985
UNSEEN_PAY_002020,UNSEEN_CUST_01143,47906.72,netbanking,failed,UNSPECIFIED_DECLINE,unknown_failure,1,2026-06-25 07:29:41.897985
UNSEEN_PAY_002021,UNSEEN_CUST_01785,20854.14,netbanking,successful,,,1,2026-06-08 00:21:41.897985
UNSEEN_PAY_002022,UNSEEN_CUST_00351,13741.08,card,successful,,,1,2026-06-10 17:52:41.897985
UNSEEN_PAY_002023,UNSEEN_CUST_00701,1168.72,upi,successful,,,1,2026-07-11 01:31:41.897985
UNSEEN_PAY_002024,UNSEEN_CUST_01226,39304.37,upi,successful,,,1,2026-08-16 15:25:41.897985
UNSEEN_PAY_002025,UNSEEN_CUST_01986,17163.62,card,successful,,,1,2026-06-21 23:08:41.897985
UNSEEN_PAY_002026,UNSEEN_CUST_01809,17061.62,upi,successful,,,1,2026-06-18 09:38:41.897985
UNSEEN_PAY_002027,UNSEEN_CUST_00258,39598.16,upi,successful,,,1,2026-06-27 07:50:41.897985
UNSEEN_PAY_002028,UNSEEN_CUST_01768,49794.03,card,successful,,,1,2026-07-07 05:18:41.897985
UNSEEN_PAY_002029,UNSEEN_CUST_01878,7186.03,upi,successful,,,1,2026-06-23 16:53:41.897985
UNSEEN_PAY_002030,UNSEEN_CUST_00497,47136.36,upi,successful,,,1,2026-06-02 00:42:41.897985
UNSEEN_PAY_002031,UNSEEN_CUST_01129,44901.95,upi,successful,,,1,2026-08-15 09:11:41.897985
UNSEEN_PAY_002032,UNSEEN_CUST_01453,33622.5,upi,successful,,,1,2026-06-16 15:06:41.897985
UNSEEN_PAY_002033,UNSEEN_CUST_00769,44343.54,upi,successful,,,1,2026-08-02 12:09:41.897985
UNSEEN_PAY_002034,UNSEEN_CUST_00500,7757.72,upi,successful,,,1,2026-07-02 16:40:41.897985
UNSEEN_PAY_002035,UNSEEN_CUST_00420,36625.5,upi,successful,,,1,2026-06-02 07:04:41.897985
UNSEEN_PAY_002036,UNSEEN_CUST_01506,8437.47,card,successful,,,1,2026-06-18 18:45:41.897985
UNSEEN_PAY_002037,UNSEEN_CUST_01508,33515.39,card,successful,,,1,2026-06-08 13:03:41.897985
UNSEEN_PAY_002038,UNSEEN_CUST_00485,47228.72,netbanking,failed,LIMIT_EXCEEDED,limit_exceeded,1,2026-08-15 02:05:41.897985
UNSEEN_PAY_002039,UNSEEN_CUST_01064,1061.0,card,successful,,,2,2026-08-10 20:09:41.897985
UNSEEN_PAY_002040,UNSEEN_CUST_01687,25558.91,netbanking,successful,,,1,2026-07-22 09:14:41.897985
UNSEEN_PAY_002041,UNSEEN_CUST_01179,25971.94,netbanking,successful,,,1,2026-07-07 02:42:41.897985
UNSEEN_PAY_002042,UNSEEN_CUST_01794,31132.99,upi,successful,,,1,2026-06-02 18:16:41.897985
UNSEEN_PAY_002043,UNSEEN_CUST_00079,84502.77,card,successful,,,1,2026-07-14 07:38:41.897985
UNSEEN_PAY_002044,UNSEEN_CUST_00611,25069.58,upi,failed,UNSPECIFIED_DECLINE,temporary_bank_failure,1,2026-08-17 14:53:41.897985
UNSEEN_PAY_002045,UNSEEN_CUST_01458,44548.81,upi,successful,,,2,2026-07-29 10:21:41.898985
UNSEEN_PAY_002046,UNSEEN_CUST_01028,12714.31,netbanking,successful,,,1,2026-06-28 03:52:41.898985
UNSEEN_PAY_002047,UNSEEN_CUST_01242,45972.09,upi,successful,,,1,2026-06-29 15:22:41.898985
UNSEEN_PAY_002048,UNSEEN_CUST_00293,12186.85,upi,successful,,,1,2026-07-18 15:55:41.898985
UNSEEN_PAY_002049,UNSEEN_CUST_01993,13620.46,card,successful,,,1,2026-06-04 06:21:41.898985
UNSEEN_PAY_002050,UNSEEN_CUST_01895,13965.76,upi,successful,,,1,2026-06-13 11:55:41.898985
UNSEEN_PAY_002051,UNSEEN_CUST_00690,22002.21,upi,successful,,,1,2026-08-08 02:19:41.898985
UNSEEN_PAY_002052,UNSEEN_CUST_00919,10035.49,card,successful,,,1,2026-07-19 00:19:41.898985
UNSEEN_PAY_002053,UNSEEN_CUST_00091,4677.71,netbanking,successful,,,1,2026-07-24 03:56:41.898985
UNSEEN_PAY_002054,UNSEEN_CUST_01126,4006.08,netbanking,successful,,,1,2026-06-04 23:56:41.898985
UNSEEN_PAY_002055,UNSEEN_CUST_00653,39316.15,card,successful,,,1,2026-07-08 21:40:41.898985
UNSEEN_PAY_002056,UNSEEN_CUST_01538,10721.25,netbanking,failed,LIMIT_EXCEEDED,limit_exceeded,1,2026-05-28 23:18:41.898985
UNSEEN_PAY_002057,UNSEEN_CUST_01969,24517.14,netbanking,failed,PROCESSING_TIMEOUT,timeout,1,2026-07-12 05:18:41.898985
UNSEEN_PAY_002058,UNSEEN_CUST_01549,8322.4,card,failed,LIMIT_EXCEEDED,limit_exceeded,1,2026-06-19 02:24:41.898985
UNSEEN_PAY_002059,UNSEEN_CUST_01983,5900.73,card,failed,INSTRUMENT_BLOCKED,blocked_instrument,1,2026-06-05 08:27:41.898985
UNSEEN_PAY_002060,UNSEEN_CUST_01856,3261.94,card,successful,,,1,2026-06-22 11:57:41.898985
UNSEEN_PAY_002061,UNSEEN_CUST_00801,71689.81,card,successful,,,1,2026-06-15 05:35:41.898985
UNSEEN_PAY_002062,UNSEEN_CUST_01034,42058.7,upi,successful,,,1,2026-07-28 03:40:41.898985
UNSEEN_PAY_002063,UNSEEN_CUST_00239,4868.89,netbanking,failed,BANK_TEMPORARY_ERROR,temporary_bank_failure,1,2026-06-23 01:08:41.898985
UNSEEN_PAY_002064,UNSEEN_CUST_00451,3207.98,upi,successful,,,1,2026-07-29 07:00:41.898985
UNSEEN_PAY_002065,UNSEEN_CUST_00515,17602.14,netbanking,successful,,,1,2026-07-30 16:29:41.898985
UNSEEN_PAY_002066,UNSEEN_CUST_00976,37721.39,upi,successful,,,1,2026-08-07 18:16:41.898985
UNSEEN_PAY_002067,UNSEEN_CUST_01590,28278.69,card,successful,,,1,2026-07-05 02:15:41.898985
UNSEEN_PAY_002068,UNSEEN_CUST_01020,5420.32,upi,failed,INSTRUMENT_BLOCKED,blocked_instrument,1,2026-06-01 10:23:41.898985
UNSEEN_PAY_002069,UNSEEN_CUST_00764,9429.47,upi,successful,,,1,2026-06-23 00:29:41.899985
UNSEEN_PAY_002070,UNSEEN_CUST_01044,18480.87,card,successful,,,1,2026-06-25 23:45:41.899985
UNSEEN_PAY_002071,UNSEEN_CUST_00584,16573.09,netbanking,successful,,,1,2026-07-22 10:40:41.899985
UNSEEN_PAY_002072,UNSEEN_CUST_00092,15178.75,upi,failed,AUTHENTICATION_FAILED,authentication_failed,1,2026-08-04 18:55:41.899985
UNSEEN_PAY_002073,UNSEEN_CUST_01167,22480.83,netbanking,successful,,,1,2026-08-12 07:33:41.899985
UNSEEN_PAY_002074,UNSEEN_CUST_00444,49875.23,card,failed,NETWORK_TIMEOUT,timeout,1,2026-08-02 11:19:41.899985
UNSEEN_PAY_002075,UNSEEN_CUST_00848,2490.32,upi,successful,,,1,2026-08-23 01:34:41.899985
UNSEEN_PAY_002076,UNSEEN_CUST_01045,12913.67,card,successful,,,1,2026-08-22 20:44:41.899985
UNSEEN_PAY_002077,UNSEEN_CUST_00306,14615.59,upi,failed,FUNDS_NOT_AVAILABLE,insufficient_funds,1,2026-08-16 07:45:41.899985
UNSEEN_PAY_002078,UNSEEN_CUST_01079,4247.52,card,successful,,,1,2026-08-08 23:35:41.899985
UNSEEN_PAY_002079,UNSEEN_CUST_00407,47519.19,card,successful,,,1,2026-07-12 17:05:41.899985
UNSEEN_PAY_002080,UNSEEN_CUST_00949,2006.66,upi,failed,BANK_TEMPORARY_ERROR,temporary_bank_failure,1,2026-06-14 19:42:41.899985
UNSEEN_PAY_002081,UNSEEN_CUST_01724,31148.16,upi,failed,INSUFFICIENT_BALANCE,insufficient_funds,1,2026-08-06 15:59:41.899985
UNSEEN_PAY_002082,UNSEEN_CUST_01092,43543.86,card,successful,,,1,2026-07-12 08:29:41.899985
UNSEEN_PAY_002083,UNSEEN_CUST_01051,36104.45,upi,successful,,,1,2026-08-15 15:13:41.899985
UNSEEN_PAY_002084,UNSEEN_CUST_00259,21173.58,upi,successful,,,1,2026-06-16 19:01:41.899985
UNSEEN_PAY_002085,UNSEEN_CUST_01861,29062.82,upi,successful,,,1,2026-06-28 11:41:41.899985
UNSEEN_PAY_002086,UNSEEN_CUST_00354,23448.48,upi,successful,,,1,2026-07-21 17:38:41.899985
UNSEEN_PAY_002087,UNSEEN_CUST_00291,4063.95,netbanking,successful,,,1,2026-06-22 11:16:41.899985
UNSEEN_PAY_002088,UNSEEN_CUST_00141,15690.23,netbanking,failed,BANK_TEMPORARY_ERROR,temporary_bank_failure,1,2026-06-18 13:57:41.899985
UNSEEN_PAY_002089,UNSEEN_CUST_00882,28737.01,card,successful,,,1,2026-08-01 13:07:41.899985
UNSEEN_PAY_002090,UNSEEN_CUST_00729,67674.9,card,successful,,,1,2026-08-19 21:29:41.899985
UNSEEN_PAY_002091,UNSEEN_CUST_01768,29705.45,card,successful,,,1,2026-08-14 13:19:41.900985
UNSEEN_PAY_002092,UNSEEN_CUST_00078,16201.64,netbanking,failed,FUNDS_NOT_AVAILABLE,insufficient_funds,1,2026-06-08 18:54:41.900985
UNSEEN_PAY_002093,UNSEEN_CUST_00002,45968.04,card,successful,,,1,2026-07-23 11:15:41.900985
UNSEEN_PAY_002094,UNSEEN_CUST_01440,38634.11,netbanking,successful,,,1,2026-08-11 13:15:41.900985
UNSEEN_PAY_002095,UNSEEN_CUST_01228,6575.08,netbanking,successful,,,1,2026-06-04 02:29:41.900985
UNSEEN_PAY_002096,UNSEEN_CUST_00466,14644.08,upi,successful,,,1,2026-06-29 17:24:41.900985
UNSEEN_PAY_002097,UNSEEN_CUST_01543,17259.43,upi,failed,FUNDS_NOT_AVAILABLE,insufficient_funds,1,2026-07-30 08:46:41.900985
UNSEEN_PAY_002098,UNSEEN_CUST_01402,30741.77,upi,successful,,,1,2026-06-04 16:19:41.900985
UNSEEN_PAY_002099,UNSEEN_CUST_01741,47739.94,netbanking,successful,,,1,2026-06-24 18:39:41.900985
UNSEEN_PAY_002100,UNSEEN_CUST_00836,96485.33,upi,successful,,,1,2026-08-08 20:03:41.900985
UNSEEN_PAY_002101,UNSEEN_CUST_00304,32207.69,upi,successful,,,1,2026-06-30 14:31:41.900985
UNSEEN_PAY_002102,UNSEEN_CUST_01751,13722.47,netbanking,successful,,,1,2026-06-06 05:02:41.900985
UNSEEN_PAY_002103,UNSEEN_CUST_00221,66810.17,card,successful,,,1,2026-08-22 11:49:41.900985
UNSEEN_PAY_002104,UNSEEN_CUST_00676,49823.04,card,failed,BANK_SERVICE_UNAVAILABLE,temporary_bank_failure,1,2026-07-20 19:42:41.900985
UNSEEN_PAY_002105,UNSEEN_CUST_00209,31071.57,upi,failed,CUSTOMER_AUTH_FAILED,authentication_failed,1,2026-07-28 21:58:41.900985
UNSEEN_PAY_002106,UNSEEN_CUST_00691,45411.89,upi,successful,,,1,2026-07-22 02:54:41.900985
UNSEEN_PAY_002107,UNSEEN_CUST_01648,49352.17,netbanking,failed,BANK_TEMPORARY_ERROR,temporary_bank_failure,1,2026-05-31 08:03:41.900985
UNSEEN_PAY_002108,UNSEEN_CUST_00733,25979.05,card,successful,,,1,2026-08-11 10:38:41.900985
UNSEEN_PAY_002109,UNSEEN_CUST_00276,13509.2,card,successful,,,1,2026-08-22 02:27:41.900985
UNSEEN_PAY_002110,UNSEEN_CUST_00906,74864.99,upi,successful,,,1,2026-08-09 01:21:41.900985
UNSEEN_PAY_002111,UNSEEN_CUST_01691,19208.71,upi,successful,,,1,2026-07-12 22:16:41.900985
UNSEEN_PAY_002112,UNSEEN_CUST_01026,57045.84,upi,successful,,,1,2026-06-26 15:46:41.900985
UNSEEN_PAY_002113,UNSEEN_CUST_01418,15812.8,upi,failed,RISK_DECLINED,risk_decline,1,2026-07-12 19:18:41.900985
UNSEEN_PAY_002114,UNSEEN_CUST_01323,16683.32,card,successful,,,1,2026-07-01 08:06:41.901985
UNSEEN_PAY_002115,UNSEEN_CUST_01784,37413.28,upi,failed,UNSPECIFIED_DECLINE,unknown_failure,1,2026-07-08 02:33:41.901985
UNSEEN_PAY_002116,UNSEEN_CUST_00757,15362.4,card,successful,,,1,2026-07-07 00:45:41.901985
UNSEEN_PAY_002117,UNSEEN_CUST_00144,12771.0,upi,successful,,,1,2026-06-08 08:33:41.901985
UNSEEN_PAY_002118,UNSEEN_CUST_01418,14744.1,card,successful,,,2,2026-07-29 11:26:41.901985
UNSEEN_PAY_002119,UNSEEN_CUST_00057,40582.33,upi,successful,,,1,2026-08-26 09:38:41.901985
UNSEEN_PAY_002120,UNSEEN_CUST_01697,21394.17,netbanking,failed,UNSPECIFIED_DECLINE,authentication_failed,1,2026-07-10 08:38:41.901985
UNSEEN_PAY_002121,UNSEEN_CUST_01251,55616.84,card,successful,,,1,2026-08-24 13:55:41.901985
UNSEEN_PAY_002122,UNSEEN_CUST_01677,28416.23,card,successful,,,1,2026-08-10 00:45:41.901985
UNSEEN_PAY_002123,UNSEEN_CUST_00296,14227.3,card,failed,BANK_SERVICE_UNAVAILABLE,temporary_bank_failure,1,2026-08-14 13:08:41.901985
UNSEEN_PAY_002124,UNSEEN_CUST_00532,28062.67,upi,successful,,,1,2026-06-14 07:56:41.901985
UNSEEN_PAY_002125,UNSEEN_CUST_00846,42051.11,upi,failed,INSUFFICIENT_BALANCE,insufficient_funds,2,2026-08-25 08:20:41.901985
UNSEEN_PAY_002126,UNSEEN_CUST_00199,10036.4,upi,successful,,,1,2026-06-05 04:43:41.901985
UNSEEN_PAY_002127,UNSEEN_CUST_01458,25708.08,upi,successful,,,1,2026-07-06 15:39:41.901985
UNSEEN_PAY_002128,UNSEEN_CUST_01651,4277.73,upi,successful,,,1,2026-08-17 07:08:41.901985
UNSEEN_PAY_002129,UNSEEN_CUST_01542,17122.1,upi,successful,,,1,2026-07-19 02:14:41.901985
UNSEEN_PAY_002130,UNSEEN_CUST_01802,37681.1,upi,successful,,,1,2026-06-18 16:59:41.901985
UNSEEN_PAY_002131,UNSEEN_CUST_01593,19530.67,upi,successful,,,1,2026-08-11 03:02:41.901985
UNSEEN_PAY_002132,UNSEEN_CUST_00054,15223.28,upi,successful,,,1,2026-07-16 08:35:41.901985
UNSEEN_PAY_002133,UNSEEN_CUST_01793,47310.83,upi,successful,,,1,2026-06-19 12:43:41.901985
UNSEEN_PAY_002134,UNSEEN_CUST_00201,8896.92,upi,successful,,,1,2026-08-04 05:55:41.901985
UNSEEN_PAY_002135,UNSEEN_CUST_01646,552.36,upi,failed,POLICY_DECLINED,risk_decline,1,2026-08-19 18:04:41.901985
UNSEEN_PAY_002136,UNSEEN_CUST_01568,35490.34,upi,failed,UNSPECIFIED_DECLINE,blocked_instrument,1,2026-08-15 05:46:41.902985
UNSEEN_PAY_002137,UNSEEN_CUST_01803,29744.36,upi,successful,,,1,2026-07-01 14:23:41.902985
UNSEEN_PAY_002138,UNSEEN_CUST_00719,8830.6,card,successful,,,1,2026-07-01 11:48:41.902985
UNSEEN_PAY_002139,UNSEEN_CUST_01939,40669.82,card,successful,,,1,2026-07-05 02:07:41.902985
UNSEEN_PAY_002140,UNSEEN_CUST_00069,13304.79,card,successful,,,1,2026-06-07 18:21:41.902985
UNSEEN_PAY_002141,UNSEEN_CUST_01376,27822.61,upi,failed,POLICY_DECLINED,risk_decline,1,2026-07-05 04:06:41.902985
UNSEEN_PAY_002142,UNSEEN_CUST_01759,1505.02,upi,successful,,,1,2026-07-01 16:33:41.902985
UNSEEN_PAY_002143,UNSEEN_CUST_00405,60432.62,upi,failed,NETWORK_TIMEOUT,timeout,1,2026-06-24 08:13:41.902985
UNSEEN_PAY_002144,UNSEEN_CUST_01348,21075.39,upi,failed,RISK_DECLINED,risk_decline,1,2026-08-06 22:49:41.902985
UNSEEN_PAY_002145,UNSEEN_CUST_01857,35051.35,upi,failed,BANK_TEMPORARY_ERROR,temporary_bank_failure,2,2026-08-01 22:00:41.902985
UNSEEN_PAY_002146,UNSEEN_CUST_01917,39334.09,upi,successful,,,1,2026-07-07 11:36:41.902985
UNSEEN_PAY_002147,UNSEEN_CUST_01449,36091.64,netbanking,successful,,,1,2026-08-23 16:20:41.902985
UNSEEN_PAY_002148,UNSEEN_CUST_01505,4556.27,upi,successful,,,1,2026-05-28 03:29:41.902985
UNSEEN_PAY_002149,UNSEEN_CUST_01290,29216.66,upi,successful,,,1,2026-08-05 17:22:41.902985
UNSEEN_PAY_002150,UNSEEN_CUST_00422,75242.95,upi,successful,,,1,2026-07-19 05:21:41.902985
UNSEEN_PAY_002151,UNSEEN_CUST_01171,881.66,card,successful,,,1,2026-07-25 17:50:41.902985
UNSEEN_PAY_002152,UNSEEN_CUST_01435,8052.2,netbanking,successful,,,1,2026-07-31 01:52:41.902985
UNSEEN_PAY_002153,UNSEEN_CUST_00466,11858.02,upi,successful,,,1,2026-05-28 13:47:41.902985
UNSEEN_PAY_002154,UNSEEN_CUST_01934,44153.44,upi,successful,,,1,2026-06-18 20:31:41.902985
UNSEEN_PAY_002155,UNSEEN_CUST_01919,20562.6,card,successful,,,1,2026-07-10 19:35:41.902985
UNSEEN_PAY_002156,UNSEEN_CUST_00340,14472.66,netbanking,successful,,,1,2026-06-19 15:55:41.902985
UNSEEN_PAY_002157,UNSEEN_CUST_00366,62580.41,upi,successful,,,1,2026-06-25 07:01:41.902985
UNSEEN_PAY_002158,UNSEEN_CUST_01994,97088.24,upi,successful,,,1,2026-08-10 01:30:41.902985
UNSEEN_PAY_002159,UNSEEN_CUST_00112,7454.37,upi,successful,,,1,2026-06-08 11:55:41.902985
UNSEEN_PAY_002160,UNSEEN_CUST_01758,37250.93,upi,successful,,,1,2026-08-18 07:33:41.903985
UNSEEN_PAY_002161,UNSEEN_CUST_01082,15922.37,card,successful,,,1,2026-06-28 00:46:41.903985
UNSEEN_PAY_002162,UNSEEN_CUST_01777,47355.21,upi,failed,UNSPECIFIED_DECLINE,unknown_failure,1,2026-06-29 20:31:41.903985
UNSEEN_PAY_002163,UNSEEN_CUST_00822,15476.97,upi,failed,UNSPECIFIED_DECLINE,limit_exceeded,1,2026-08-15 21:52:41.903985
UNSEEN_PAY_002164,UNSEEN_CUST_01880,4521.92,upi,failed,BANK_TEMPORARY_ERROR,temporary_bank_failure,1,2026-06-21 02:26:41.903985
UNSEEN_PAY_002165,UNSEEN_CUST_00363,95623.39,upi,successful,,,1,2026-06-05 12:16:41.903985
UNSEEN_PAY_002166,UNSEEN_CUST_01104,5838.93,card,successful,,,1,2026-07-20 15:11:41.903985
UNSEEN_PAY_002167,UNSEEN_CUST_00355,10191.79,upi,failed,INSUFFICIENT_BALANCE,insufficient_funds,1,2026-06-25 05:38:41.903985
UNSEEN_PAY_002168,UNSEEN_CUST_01044,49175.21,upi,successful,,,1,2026-07-31 17:26:41.903985
UNSEEN_PAY_002169,UNSEEN_CUST_00253,39094.51,upi,successful,,,1,2026-07-06 04:37:41.903985
UNSEEN_PAY_002170,UNSEEN_CUST_01953,17527.81,upi,successful,,,1,2026-07-19 02:39:41.903985
UNSEEN_PAY_002171,UNSEEN_CUST_01758,36274.39,upi,successful,,,1,2026-07-18 03:36:41.903985
UNSEEN_PAY_002172,UNSEEN_CUST_01005,29021.65,card,successful,,,1,2026-08-05 18:36:41.903985
UNSEEN_PAY_002173,UNSEEN_CUST_01431,34142.37,card,failed,CARD_EXPIRED,expired_instrument,1,2026-08-05 05:04:41.903985
UNSEEN_PAY_002174,UNSEEN_CUST_00749,9681.11,card,successful,,,1,2026-07-17 14:43:41.903985
UNSEEN_PAY_002175,UNSEEN_CUST_01627,37730.22,netbanking,failed,BANK_SERVICE_UNAVAILABLE,temporary_bank_failure,1,2026-08-24 18:45:41.903985
UNSEEN_PAY_002176,UNSEEN_CUST_01137,47831.8,upi,successful,,,1,2026-07-07 18:49:41.903985
UNSEEN_PAY_002177,UNSEEN_CUST_01561,22634.26,upi,successful,,,1,2026-08-23 06:34:41.903985
UNSEEN_PAY_002178,UNSEEN_CUST_01664,16492.68,netbanking,successful,,,1,2026-07-24 14:28:41.903985
UNSEEN_PAY_002179,UNSEEN_CUST_00336,58049.14,card,successful,,,2,2026-08-02 04:09:41.903985
UNSEEN_PAY_002180,UNSEEN_CUST_00063,23243.43,card,successful,,,1,2026-08-20 23:12:41.903985
UNSEEN_PAY_002181,UNSEEN_CUST_00793,41473.96,upi,successful,,,1,2026-08-21 21:05:41.903985
UNSEEN_PAY_002182,UNSEEN_CUST_01394,33503.91,netbanking,successful,,,1,2026-08-21 01:38:41.904985
UNSEEN_PAY_002183,UNSEEN_CUST_00910,9458.0,upi,successful,,,1,2026-06-26 06:02:41.904985
UNSEEN_PAY_002184,UNSEEN_CUST_01730,2678.14,upi,successful,,,1,2026-08-03 22:26:41.904985
UNSEEN_PAY_002185,UNSEEN_CUST_01467,13294.63,upi,successful,,,1,2026-08-10 21:42:41.904985
UNSEEN_PAY_002186,UNSEEN_CUST_01229,31367.05,card,failed,INSUFFICIENT_BALANCE,insufficient_funds,1,2026-07-26 04:03:41.904985
UNSEEN_PAY_002187,UNSEEN_CUST_00474,47164.54,card,successful,,,1,2026-07-03 23:07:41.904985
UNSEEN_PAY_002188,UNSEEN_CUST_00460,49070.2,card,successful,,,1,2026-07-03 23:38:41.904985
UNSEEN_PAY_002189,UNSEEN_CUST_01815,3278.92,card,successful,,,1,2026-08-14 02:56:41.904985
UNSEEN_PAY_002190,UNSEEN_CUST_01981,2580.48,card,successful,,,1,2026-05-30 17:21:41.904985
UNSEEN_PAY_002191,UNSEEN_CUST_01966,16188.72,card,failed,BANK_TEMPORARY_ERROR,temporary_bank_failure,1,2026-08-26 17:14:41.904985
UNSEEN_PAY_002192,UNSEEN_CUST_01096,7796.64,upi,successful,,,1,2026-06-12 15:38:41.904985
UNSEEN_PAY_002193,UNSEEN_CUST_00540,14045.26,netbanking,successful,,,2,2026-08-16 21:03:41.904985
UNSEEN_PAY_002194,UNSEEN_CUST_00882,45932.74,card,successful,,,1,2026-08-23 07:18:41.904985
UNSEEN_PAY_002195,UNSEEN_CUST_00988,9465.7,netbanking,successful,,,1,2026-06-21 15:45:41.904985
UNSEEN_PAY_002196,UNSEEN_CUST_00087,10617.65,netbanking,successful,,,1,2026-07-19 16:44:41.904985
UNSEEN_PAY_002197,UNSEEN_CUST_02000,14627.19,upi,successful,,,1,2026-06-16 22:58:41.904985
UNSEEN_PAY_002198,UNSEEN_CUST_00994,1159.1,netbanking,successful,,,1,2026-06-01 03:46:41.904985
UNSEEN_PAY_002199,UNSEEN_CUST_00419,22285.18,upi,successful,,,1,2026-07-09 04:31:41.904985
UNSEEN_PAY_002200,UNSEEN_CUST_00179,19395.75,card,successful,,,1,2026-06-03 23:19:41.904985
UNSEEN_PAY_002201,UNSEEN_CUST_01214,47228.67,upi,successful,,,1,2026-08-01 03:40:41.904985
UNSEEN_PAY_002202,UNSEEN_CUST_00668,48048.45,upi,successful,,,1,2026-06-11 20:14:41.904985
UNSEEN_PAY_002203,UNSEEN_CUST_00092,1902.7,upi,successful,,,1,2026-06-26 02:32:41.904985
UNSEEN_PAY_002204,UNSEEN_CUST_00132,8793.65,upi,successful,,,1,2026-08-03 19:30:41.904985
UNSEEN_PAY_002205,UNSEEN_CUST_01344,29339.15,upi,failed,INSUFFICIENT_BALANCE,insufficient_funds,1,2026-08-14 01:06:41.904985
UNSEEN_PAY_002206,UNSEEN_CUST_01729,33873.51,upi,successful,,,1,2026-07-24 04:36:41.904985
UNSEEN_PAY_002207,UNSEEN_CUST_00211,12511.8,netbanking,successful,,,1,2026-08-24 04:45:41.905985
UNSEEN_PAY_002208,UNSEEN_CUST_00543,5529.93,netbanking,successful,,,1,2026-07-24 01:22:41.905985
UNSEEN_PAY_002209,UNSEEN_CUST_00935,96246.53,upi,successful,,,1,2026-08-09 22:51:41.905985
UNSEEN_PAY_002210,UNSEEN_CUST_00910,15428.62,netbanking,failed,INSUFFICIENT_BALANCE,insufficient_funds,1,2026-08-22 00:08:41.905985
UNSEEN_PAY_002211,UNSEEN_CUST_00124,9772.61,upi,successful,,,1,2026-06-03 11:24:41.905985
UNSEEN_PAY_002212,UNSEEN_CUST_01906,16405.89,netbanking,failed,INSTRUMENT_EXPIRED,expired_instrument,1,2026-08-19 13:09:41.905985
UNSEEN_PAY_002213,UNSEEN_CUST_01924,49690.93,card,successful,,,1,2026-08-18 23:43:41.905985
UNSEEN_PAY_002214,UNSEEN_CUST_01756,2603.69,upi,successful,,,1,2026-07-26 17:46:41.905985
UNSEEN_PAY_002215,UNSEEN_CUST_01002,34495.28,card,successful,,,1,2026-08-25 08:27:41.905985
UNSEEN_PAY_002216,UNSEEN_CUST_00443,17869.09,netbanking,successful,,,1,2026-08-03 09:33:41.905985
UNSEEN_PAY_002217,UNSEEN_CUST_00705,10318.6,upi,successful,,,1,2026-06-05 23:43:41.905985
UNSEEN_PAY_002218,UNSEEN_CUST_00705,2894.1,upi,successful,,,1,2026-08-19 01:58:41.905985
UNSEEN_PAY_002219,UNSEEN_CUST_00605,61318.15,netbanking,successful,,,1,2026-07-03 15:28:41.905985
UNSEEN_PAY_002220,UNSEEN_CUST_00522,11361.76,card,successful,,,1,2026-06-21 18:06:41.905985
UNSEEN_PAY_002221,UNSEEN_CUST_00901,40364.84,card,successful,,,1,2026-06-15 07:16:41.905985
UNSEEN_PAY_002222,UNSEEN_CUST_00954,47445.2,card,successful,,,1,2026-06-23 01:26:41.905985
UNSEEN_PAY_002223,UNSEEN_CUST_01307,7555.64,upi,failed,CUSTOMER_AUTH_FAILED,authentication_failed,3,2026-06-19 00:08:41.905985
UNSEEN_PAY_002224,UNSEEN_CUST_00859,58855.22,upi,successful,,,1,2026-07-18 05:00:41.905985
UNSEEN_PAY_002225,UNSEEN_CUST_00757,5173.57,netbanking,failed,FUNDS_NOT_AVAILABLE,insufficient_funds,1,2026-08-19 14:03:41.905985
UNSEEN_PAY_002226,UNSEEN_CUST_01028,17965.06,card,successful,,,1,2026-06-03 19:05:41.905985
UNSEEN_PAY_002227,UNSEEN_CUST_00536,6221.97,card,successful,,,1,2026-06-19 08:37:41.905985
UNSEEN_PAY_002228,UNSEEN_CUST_00209,41199.69,upi,successful,,,1,2026-06-30 08:33:41.906985
UNSEEN_PAY_002229,UNSEEN_CUST_01277,31191.65,netbanking,successful,,,1,2026-06-06 15:49:41.906985
UNSEEN_PAY_002230,UNSEEN_CUST_00975,31834.0,upi,successful,,,1,2026-07-28 21:54:41.906985
UNSEEN_PAY_002231,UNSEEN_CUST_01637,45551.71,upi,successful,,,1,2026-07-22 12:01:41.906985
UNSEEN_PAY_002232,UNSEEN_CUST_01462,2458.43,upi,successful,,,1,2026-08-13 08:47:41.906985
UNSEEN_PAY_002233,UNSEEN_CUST_01101,37624.63,card,failed,INSUFFICIENT_BALANCE,insufficient_funds,1,2026-08-06 22:49:41.906985
UNSEEN_PAY_002234,UNSEEN_CUST_01635,7224.63,upi,successful,,,1,2026-07-11 20:47:41.906985
UNSEEN_PAY_002235,UNSEEN_CUST_00581,9668.33,upi,successful,,,1,2026-08-13 12:42:41.906985
UNSEEN_PAY_002236,UNSEEN_CUST_00925,11018.08,upi,failed,PROCESSING_TIMEOUT,timeout,1,2026-07-10 15:24:41.906985
UNSEEN_PAY_002237,UNSEEN_CUST_01123,3785.47,upi,successful,,,1,2026-06-27 05:56:41.906985
UNSEEN_PAY_002238,UNSEEN_CUST_00166,12518.43,upi,successful,,,1,2026-08-09 04:24:41.906985
UNSEEN_PAY_002239,UNSEEN_CUST_00180,27834.77,upi,successful,,,1,2026-06-05 09:50:41.906985
UNSEEN_PAY_002240,UNSEEN_CUST_00202,30630.23,card,successful,,,1,2026-07-21 22:53:41.906985
UNSEEN_PAY_002241,UNSEEN_CUST_01897,23333.04,card,failed,UNSPECIFIED_DECLINE,unknown_failure,2,2026-07-02 22:26:41.906985
UNSEEN_PAY_002242,UNSEEN_CUST_00892,8827.14,upi,failed,FUNDS_NOT_AVAILABLE,insufficient_funds,1,2026-06-13 23:06:41.906985
UNSEEN_PAY_002243,UNSEEN_CUST_01175,21515.85,upi,successful,,,1,2026-06-11 22:02:41.906985
UNSEEN_PAY_002244,UNSEEN_CUST_01446,14056.72,upi,successful,,,1,2026-08-14 12:53:41.906985
UNSEEN_PAY_002245,UNSEEN_CUST_00770,46650.04,card,successful,,,1,2026-06-23 14:40:41.906985
UNSEEN_PAY_002246,UNSEEN_CUST_00370,41695.8,upi,successful,,,1,2026-06-20 10:31:41.906985
UNSEEN_PAY_002247,UNSEEN_CUST_00744,40164.0,upi,successful,,,2,2026-06-13 06:07:41.906985
UNSEEN_PAY_002248,UNSEEN_CUST_01370,1156.2,upi,successful,,,1,2026-07-19 02:36:41.906985
UNSEEN_PAY_002249,UNSEEN_CUST_01464,63058.56,upi,successful,,,1,2026-05-30 23:51:41.906985
UNSEEN_PAY_002250,UNSEEN_CUST_01866,23202.96,card,failed,CARD_EXPIRED,expired_instrument,1,2026-07-25 18:42:41.906985
UNSEEN_PAY_002251,UNSEEN_CUST_01497,4687.58,upi,successful,,,1,2026-08-19 05:29:41.907985
UNSEEN_PAY_002252,UNSEEN_CUST_00410,19126.65,upi,successful,,,1,2026-06-22 01:17:41.907985
UNSEEN_PAY_002253,UNSEEN_CUST_01621,31817.35,upi,successful,,,1,2026-07-02 12:48:41.907985
UNSEEN_PAY_002254,UNSEEN_CUST_00195,45208.69,netbanking,successful,,,1,2026-07-26 21:04:41.907985
UNSEEN_PAY_002255,UNSEEN_CUST_00580,43189.91,upi,failed,INSUFFICIENT_BALANCE,insufficient_funds,1,2026-06-14 23:40:41.907985
UNSEEN_PAY_002256,UNSEEN_CUST_00291,29639.13,upi,successful,,,1,2026-07-11 20:24:41.907985
UNSEEN_PAY_002257,UNSEEN_CUST_01406,28986.73,card,successful,,,1,2026-06-05 06:14:41.907985
UNSEEN_PAY_002258,UNSEEN_CUST_00679,10067.34,card,successful,,,1,2026-08-19 05:57:41.907985
UNSEEN_PAY_002259,UNSEEN_CUST_00204,19444.03,netbanking,successful,,,1,2026-06-14 14:04:41.907985
UNSEEN_PAY_002260,UNSEEN_CUST_00929,16464.97,card,successful,,,1,2026-07-25 17:08:41.907985
UNSEEN_PAY_002261,UNSEEN_CUST_01183,37277.71,upi,failed,UNSPECIFIED_DECLINE,unknown_failure,1,2026-06-04 17:29:41.907985
UNSEEN_PAY_002262,UNSEEN_CUST_00353,11373.33,upi,failed,CUSTOMER_AUTH_FAILED,authentication_failed,1,2026-08-19 19:41:41.907985
UNSEEN_PAY_002263,UNSEEN_CUST_01402,35863.68,upi,successful,,,1,2026-08-15 03:17:41.907985
UNSEEN_PAY_002264,UNSEEN_CUST_00106,44276.62,upi,successful,,,1,2026-06-07 19:47:41.907985
UNSEEN_PAY_002265,UNSEEN_CUST_01416,44540.93,upi,successful,,,1,2026-07-12 16:42:41.907985
UNSEEN_PAY_002266,UNSEEN_CUST_01344,8190.65,card,successful,,,1,2026-05-31 01:58:41.907985
UNSEEN_PAY_002267,UNSEEN_CUST_00766,27145.39,upi,successful,,,1,2026-07-16 06:32:41.907985
UNSEEN_PAY_002268,UNSEEN_CUST_01320,38115.65,upi,failed,BANK_TEMPORARY_ERROR,temporary_bank_failure,1,2026-07-20 03:37:41.907985
UNSEEN_PAY_002269,UNSEEN_CUST_00886,45129.61,upi,failed,INSUFFICIENT_BALANCE,insufficient_funds,1,2026-08-21 09:24:41.907985
UNSEEN_PAY_002270,UNSEEN_CUST_01227,3107.07,card,successful,,,1,2026-08-17 07:26:41.907985
UNSEEN_PAY_002271,UNSEEN_CUST_01982,40817.48,upi,successful,,,1,2026-06-17 08:59:41.907985
UNSEEN_PAY_002272,UNSEEN_CUST_00789,2611.1,netbanking,successful,,,1,2026-06-20 01:55:41.907985
UNSEEN_PAY_002273,UNSEEN_CUST_00588,45846.52,upi,successful,,,1,2026-07-19 22:08:41.907985
UNSEEN_PAY_002274,UNSEEN_CUST_00010,15373.76,netbanking,successful,,,1,2026-07-30 12:04:41.907985
UNSEEN_PAY_002275,UNSEEN_CUST_01803,32740.22,upi,successful,,,1,2026-07-05 15:24:41.908985
UNSEEN_PAY_002276,UNSEEN_CUST_01923,20561.62,upi,successful,,,1,2026-07-25 06:13:41.908985
UNSEEN_PAY_002277,UNSEEN_CUST_00634,45721.76,card,successful,,,1,2026-08-07 04:54:41.908985
UNSEEN_PAY_002278,UNSEEN_CUST_01794,38752.08,netbanking,successful,,,1,2026-08-10 08:56:41.908985
UNSEEN_PAY_002279,UNSEEN_CUST_00564,3427.52,card,successful,,,1,2026-08-15 05:13:41.908985
UNSEEN_PAY_002280,UNSEEN_CUST_01046,34414.03,upi,successful,,,1,2026-08-19 08:52:41.908985
UNSEEN_PAY_002281,UNSEEN_CUST_01634,28003.27,upi,successful,,,1,2026-07-04 11:14:41.908985
UNSEEN_PAY_002282,UNSEEN_CUST_00947,28245.95,card,successful,,,1,2026-08-06 18:18:41.908985
UNSEEN_PAY_002283,UNSEEN_CUST_00084,24098.92,upi,successful,,,1,2026-08-04 16:32:41.908985
UNSEEN_PAY_002284,UNSEEN_CUST_01499,24849.66,upi,successful,,,1,2026-07-10 11:29:41.908985
UNSEEN_PAY_002285,UNSEEN_CUST_01866,1493.74,upi,successful,,,1,2026-08-23 01:14:41.908985
UNSEEN_PAY_002286,UNSEEN_CUST_00800,22819.1,upi,successful,,,1,2026-07-08 07:19:41.908985
UNSEEN_PAY_002287,UNSEEN_CUST_01179,18541.75,netbanking,failed,FUNDS_NOT_AVAILABLE,insufficient_funds,1,2026-08-18 10:58:41.908985
UNSEEN_PAY_002288,UNSEEN_CUST_01686,27351.88,upi,successful,,,1,2026-08-13 21:50:41.908985
UNSEEN_PAY_002289,UNSEEN_CUST_00736,43060.28,upi,successful,,,2,2026-07-15 15:42:41.908985
UNSEEN_PAY_002290,UNSEEN_CUST_00523,56349.52,netbanking,successful,,,1,2026-07-20 05:49:41.908985
UNSEEN_PAY_002291,UNSEEN_CUST_00483,19406.33,upi,successful,,,1,2026-06-10 01:35:41.908985
UNSEEN_PAY_002292,UNSEEN_CUST_01730,34202.31,upi,successful,,,1,2026-06-25 12:10:41.908985
UNSEEN_PAY_002293,UNSEEN_CUST_00841,5399.85,upi,successful,,,1,2026-06-03 19:47:41.908985
UNSEEN_PAY_002294,UNSEEN_CUST_00894,10567.49,card,successful,,,1,2026-08-19 15:29:41.908985
UNSEEN_PAY_002295,UNSEEN_CUST_00780,70797.18,upi,successful,,,1,2026-06-14 18:48:41.908985
UNSEEN_PAY_002296,UNSEEN_CUST_01957,93276.83,netbanking,successful,,,1,2026-06-03 03:41:41.908985
UNSEEN_PAY_002297,UNSEEN_CUST_01564,15754.97,card,successful,,,1,2026-08-03 12:07:41.908985
UNSEEN_PAY_002298,UNSEEN_CUST_01396,20165.02,upi,successful,,,1,2026-07-06 09:52:41.908985
UNSEEN_PAY_002299,UNSEEN_CUST_00756,47245.15,card,successful,,,1,2026-08-21 09:21:41.908985
UNSEEN_PAY_002300,UNSEEN_CUST_00535,80879.03,netbanking,successful,,,1,2026-06-23 19:19:41.908985
UNSEEN_PAY_002301,UNSEEN_CUST_00704,52992.2,upi,successful,,,1,2026-07-06 02:50:41.909985
UNSEEN_PAY_002302,UNSEEN_CUST_00576,39370.31,netbanking,successful,,,1,2026-07-06 03:40:41.909985
UNSEEN_PAY_002303,UNSEEN_CUST_00513,11269.3,upi,successful,,,1,2026-07-25 01:59:41.909985
UNSEEN_PAY_002304,UNSEEN_CUST_00233,34875.86,upi,successful,,,1,2026-07-28 04:23:41.909985
UNSEEN_PAY_002305,UNSEEN_CUST_00851,29806.75,upi,successful,,,2,2026-07-20 10:11:41.909985
UNSEEN_PAY_002306,UNSEEN_CUST_01264,7028.8,upi,failed,NETWORK_TIMEOUT,timeout,1,2026-07-27 21:39:41.909985
UNSEEN_PAY_002307,UNSEEN_CUST_00036,18712.53,netbanking,successful,,,1,2026-08-22 17:36:41.909985
UNSEEN_PAY_002308,UNSEEN_CUST_01626,6644.87,upi,successful,,,1,2026-06-12 03:52:41.909985
UNSEEN_PAY_002309,UNSEEN_CUST_01658,39558.92,upi,successful,,,1,2026-07-22 14:05:41.909985
UNSEEN_PAY_002310,UNSEEN_CUST_00833,27251.83,upi,successful,,,1,2026-08-19 18:42:41.909985
UNSEEN_PAY_002311,UNSEEN_CUST_00249,13830.37,upi,successful,,,1,2026-06-08 03:23:41.909985
UNSEEN_PAY_002312,UNSEEN_CUST_01156,30305.43,upi,failed,PROCESSING_TIMEOUT,timeout,1,2026-08-07 03:37:41.909985
UNSEEN_PAY_002313,UNSEEN_CUST_00885,57404.46,upi,successful,,,1,2026-07-27 01:49:41.909985
UNSEEN_PAY_002314,UNSEEN_CUST_01426,46735.81,upi,successful,,,1,2026-07-06 09:42:41.909985
UNSEEN_PAY_002315,UNSEEN_CUST_01548,15024.12,netbanking,failed,BANK_SERVICE_UNAVAILABLE,temporary_bank_failure,1,2026-07-04 23:19:41.909985
UNSEEN_PAY_002316,UNSEEN_CUST_00575,40809.36,card,successful,,,1,2026-08-19 21:59:41.909985
UNSEEN_PAY_002317,UNSEEN_CUST_00904,5550.7,upi,failed,BANK_TEMPORARY_ERROR,temporary_bank_failure,1,2026-06-07 08:57:41.909985
UNSEEN_PAY_002318,UNSEEN_CUST_01928,19000.5,card,successful,,,1,2026-08-06 02:13:41.909985
UNSEEN_PAY_002319,UNSEEN_CUST_00273,49236.95,upi,successful,,,1,2026-08-06 08:21:41.909985
UNSEEN_PAY_002320,UNSEEN_CUST_01190,17307.73,netbanking,successful,,,1,2026-06-12 20:22:41.909985
UNSEEN_PAY_002321,UNSEEN_CUST_01732,22653.92,card,successful,,,2,2026-07-23 19:41:41.909985
UNSEEN_PAY_002322,UNSEEN_CUST_00019,12851.56,upi,successful,,,1,2026-06-28 00:14:41.909985
UNSEEN_PAY_002323,UNSEEN_CUST_00799,2064.32,upi,failed,TRANSACTION_LIMIT_EXCEEDED,limit_exceeded,1,2026-06-06 08:29:41.909985
UNSEEN_PAY_002324,UNSEEN_CUST_00626,38637.75,upi,successful,,,1,2026-05-29 09:30:41.910985
UNSEEN_PAY_002325,UNSEEN_CUST_01490,21146.61,upi,successful,,,1,2026-08-01 02:01:41.910985
UNSEEN_PAY_002326,UNSEEN_CUST_01305,29266.14,card,successful,,,1,2026-07-22 17:28:41.910985
UNSEEN_PAY_002327,UNSEEN_CUST_00848,31540.85,upi,successful,,,1,2026-08-22 09:34:41.910985
UNSEEN_PAY_002328,UNSEEN_CUST_01362,13712.48,netbanking,successful,,,1,2026-08-18 21:11:41.910985
UNSEEN_PAY_002329,UNSEEN_CUST_01926,43991.03,netbanking,successful,,,1,2026-08-12 19:46:41.910985
UNSEEN_PAY_002330,UNSEEN_CUST_00083,11823.13,upi,failed,BANK_SERVICE_UNAVAILABLE,temporary_bank_failure,1,2026-07-12 18:38:41.910985
UNSEEN_PAY_002331,UNSEEN_CUST_01352,67003.68,netbanking,failed,NETWORK_TIMEOUT,timeout,1,2026-07-06 10:03:41.910985
UNSEEN_PAY_002332,UNSEEN_CUST_01449,21831.08,upi,successful,,,1,2026-07-30 05:20:41.910985
UNSEEN_PAY_002333,UNSEEN_CUST_01995,19879.59,netbanking,successful,,,1,2026-06-15 19:34:41.910985
UNSEEN_PAY_002334,UNSEEN_CUST_01543,21383.2,upi,successful,,,1,2026-06-12 18:19:41.910985
UNSEEN_PAY_002335,UNSEEN_CUST_00187,17827.49,netbanking,successful,,,1,2026-07-17 00:45:41.910985
UNSEEN_PAY_002336,UNSEEN_CUST_00191,39534.0,upi,successful,,,1,2026-08-23 08:28:41.910985
UNSEEN_PAY_002337,UNSEEN_CUST_01469,8826.44,card,successful,,,1,2026-08-16 17:11:41.910985
UNSEEN_PAY_002338,UNSEEN_CUST_01134,42035.6,card,failed,UNKNOWN_ERROR,unknown_failure,1,2026-07-13 00:18:41.910985
UNSEEN_PAY_002339,UNSEEN_CUST_01483,9934.88,upi,successful,,,1,2026-08-03 03:43:41.910985
UNSEEN_PAY_002340,UNSEEN_CUST_00304,48085.0,upi,successful,,,1,2026-08-25 14:07:41.910985
UNSEEN_PAY_002341,UNSEEN_CUST_00160,42876.31,card,successful,,,1,2026-08-08 12:58:41.910985
UNSEEN_PAY_002342,UNSEEN_CUST_01916,3225.98,upi,successful,,,1,2026-08-18 23:41:41.910985
UNSEEN_PAY_002343,UNSEEN_CUST_01276,10536.61,card,successful,,,1,2026-06-03 18:44:41.910985
UNSEEN_PAY_002344,UNSEEN_CUST_00971,14467.66,upi,failed,NETWORK_TIMEOUT,timeout,1,2026-07-12 20:59:41.910985
UNSEEN_PAY_002345,UNSEEN_CUST_00287,15347.03,upi,successful,,,1,2026-06-22 15:45:41.910985
UNSEEN_PAY_002346,UNSEEN_CUST_00492,3752.89,upi,failed,CARD_BLOCKED,blocked_instrument,1,2026-08-13 11:15:41.910985
UNSEEN_PAY_002347,UNSEEN_CUST_01346,24991.21,upi,successful,,,1,2026-07-21 09:37:41.910985
UNSEEN_PAY_002348,UNSEEN_CUST_01223,31120.28,card,successful,,,1,2026-06-19 07:45:41.911985
UNSEEN_PAY_002349,UNSEEN_CUST_01169,25184.9,upi,failed,FUNDS_NOT_AVAILABLE,insufficient_funds,1,2026-07-14 06:56:41.911985
UNSEEN_PAY_002350,UNSEEN_CUST_01430,14757.29,card,successful,,,1,2026-08-12 08:59:41.911985
UNSEEN_PAY_002351,UNSEEN_CUST_00937,9600.44,card,successful,,,1,2026-06-24 20:52:41.911985
UNSEEN_PAY_002352,UNSEEN_CUST_00221,23985.31,netbanking,successful,,,1,2026-07-01 06:47:41.911985
UNSEEN_PAY_002353,UNSEEN_CUST_00511,6742.24,netbanking,successful,,,1,2026-08-14 04:26:41.911985
UNSEEN_PAY_002354,UNSEEN_CUST_00330,26893.77,card,failed,BANK_SERVICE_UNAVAILABLE,temporary_bank_failure,1,2026-06-27 14:02:41.911985
UNSEEN_PAY_002355,UNSEEN_CUST_01122,1296.34,upi,successful,,,1,2026-06-15 09:21:41.911985
UNSEEN_PAY_002356,UNSEEN_CUST_00237,40362.04,upi,successful,,,1,2026-08-06 09:14:41.911985
UNSEEN_PAY_002357,UNSEEN_CUST_01655,24659.73,upi,successful,,,1,2026-08-16 12:45:41.911985
UNSEEN_PAY_002358,UNSEEN_CUST_00763,24464.79,card,successful,,,1,2026-07-15 19:28:41.911985
UNSEEN_PAY_002359,UNSEEN_CUST_00864,35662.87,upi,successful,,,1,2026-08-15 12:08:41.911985
UNSEEN_PAY_002360,UNSEEN_CUST_00582,47923.63,netbanking,successful,,,1,2026-07-31 06:07:41.911985
UNSEEN_PAY_002361,UNSEEN_CUST_01790,20888.89,netbanking,successful,,,1,2026-08-02 07:05:41.911985
UNSEEN_PAY_002362,UNSEEN_CUST_01026,12448.61,card,successful,,,1,2026-08-26 02:27:41.911985
UNSEEN_PAY_002363,UNSEEN_CUST_00735,19161.54,upi,successful,,,1,2026-08-24 14:48:41.911985
UNSEEN_PAY_002364,UNSEEN_CUST_00947,5908.26,upi,successful,,,1,2026-07-21 18:31:41.911985
UNSEEN_PAY_002365,UNSEEN_CUST_00966,21446.79,upi,successful,,,1,2026-05-30 01:08:41.911985
UNSEEN_PAY_002366,UNSEEN_CUST_01620,6007.67,card,successful,,,1,2026-07-16 07:42:41.911985
UNSEEN_PAY_002367,UNSEEN_CUST_01259,44785.02,upi,successful,,,1,2026-07-01 23:15:41.911985
UNSEEN_PAY_002368,UNSEEN_CUST_01424,36831.62,upi,successful,,,1,2026-07-31 13:18:41.911985
UNSEEN_PAY_002369,UNSEEN_CUST_01863,11613.96,upi,successful,,,1,2026-08-23 18:38:41.911985
UNSEEN_PAY_002370,UNSEEN_CUST_01487,55311.72,card,successful,,,1,2026-07-31 17:44:41.911985
UNSEEN_PAY_002371,UNSEEN_CUST_00732,13013.79,card,failed,BANK_TEMPORARY_ERROR,temporary_bank_failure,1,2026-08-16 18:55:41.911985
UNSEEN_PAY_002372,UNSEEN_CUST_01198,12046.88,upi,failed,UNKNOWN_ERROR,unknown_failure,1,2026-07-25 16:12:41.911985
UNSEEN_PAY_002373,UNSEEN_CUST_01292,48615.13,upi,successful,,,1,2026-07-31 16:29:41.912985
UNSEEN_PAY_002374,UNSEEN_CUST_00155,1008.15,card,successful,,,1,2026-07-01 19:55:41.912985
UNSEEN_PAY_002375,UNSEEN_CUST_01080,15206.12,card,successful,,,1,2026-06-24 16:40:41.912985
UNSEEN_PAY_002376,UNSEEN_CUST_01173,3666.33,card,successful,,,1,2026-06-06 21:47:41.912985
UNSEEN_PAY_002377,UNSEEN_CUST_01620,2818.88,upi,failed,RISK_DECLINED,risk_decline,1,2026-08-20 13:59:41.912985
UNSEEN_PAY_002378,UNSEEN_CUST_00286,38977.72,upi,successful,,,1,2026-07-31 16:59:41.912985
UNSEEN_PAY_002379,UNSEEN_CUST_01697,47682.0,card,failed,UNSPECIFIED_DECLINE,unknown_failure,1,2026-08-17 04:35:41.912985
UNSEEN_PAY_002380,UNSEEN_CUST_01126,41813.95,card,failed,INSUFFICIENT_BALANCE,insufficient_funds,1,2026-07-21 10:46:41.912985
UNSEEN_PAY_002381,UNSEEN_CUST_01501,43666.81,netbanking,successful,,,1,2026-06-08 14:01:41.912985
UNSEEN_PAY_002382,UNSEEN_CUST_00137,34988.04,upi,successful,,,1,2026-06-26 20:57:41.912985
UNSEEN_PAY_002383,UNSEEN_CUST_01238,32143.32,netbanking,successful,,,1,2026-07-19 15:57:41.912985
UNSEEN_PAY_002384,UNSEEN_CUST_00541,7596.72,netbanking,successful,,,2,2026-08-02 08:03:41.912985
UNSEEN_PAY_002385,UNSEEN_CUST_00817,43671.23,upi,successful,,,1,2026-08-26 11:43:41.912985
UNSEEN_PAY_002386,UNSEEN_CUST_00856,19028.67,upi,failed,INSUFFICIENT_BALANCE,insufficient_funds,1,2026-06-23 06:41:41.912985
UNSEEN_PAY_002387,UNSEEN_CUST_01645,16575.02,card,successful,,,1,2026-07-21 19:42:41.912985
UNSEEN_PAY_002388,UNSEEN_CUST_00874,14816.99,upi,successful,,,1,2026-07-15 02:27:41.912985
UNSEEN_PAY_002389,UNSEEN_CUST_01124,28740.27,upi,successful,,,1,2026-06-16 14:53:41.912985
UNSEEN_PAY_002390,UNSEEN_CUST_01267,34989.47,card,successful,,,1,2026-07-16 16:41:41.912985
UNSEEN_PAY_002391,UNSEEN_CUST_00529,48484.87,card,successful,,,1,2026-08-01 10:17:41.912985
UNSEEN_PAY_002392,UNSEEN_CUST_01622,35070.45,netbanking,successful,,,1,2026-07-27 17:51:41.912985
UNSEEN_PAY_002393,UNSEEN_CUST_00152,41172.13,netbanking,successful,,,1,2026-06-15 02:46:41.912985
UNSEEN_PAY_002394,UNSEEN_CUST_00337,24246.77,upi,successful,,,2,2026-08-04 17:20:41.912985
UNSEEN_PAY_002395,UNSEEN_CUST_00987,9180.53,upi,successful,,,1,2026-08-18 15:48:41.912985
UNSEEN_PAY_002396,UNSEEN_CUST_00104,27684.01,upi,successful,,,1,2026-07-02 14:17:41.913985
UNSEEN_PAY_002397,UNSEEN_CUST_00486,13502.13,upi,successful,,,1,2026-07-21 22:33:41.913985
UNSEEN_PAY_002398,UNSEEN_CUST_01772,36754.79,netbanking,successful,,,2,2026-08-23 21:16:41.913985
UNSEEN_PAY_002399,UNSEEN_CUST_01704,14607.63,card,successful,,,1,2026-06-21 20:49:41.913985
UNSEEN_PAY_002400,UNSEEN_CUST_01496,6948.04,netbanking,successful,,,1,2026-08-10 11:04:41.913985
UNSEEN_PAY_002401,UNSEEN_CUST_01451,48308.75,upi,successful,,,1,2026-06-22 15:36:41.913985
UNSEEN_PAY_002402,UNSEEN_CUST_01262,40686.63,card,successful,,,1,2026-06-26 05:46:41.913985
UNSEEN_PAY_002403,UNSEEN_CUST_01582,91742.84,card,successful,,,1,2026-06-23 05:21:41.913985
UNSEEN_PAY_002404,UNSEEN_CUST_00766,13314.97,upi,successful,,,2,2026-08-02 17:00:41.913985
UNSEEN_PAY_002405,UNSEEN_CUST_00502,4756.73,netbanking,failed,FUNDS_NOT_AVAILABLE,insufficient_funds,1,2026-08-08 11:18:41.913985
UNSEEN_PAY_002406,UNSEEN_CUST_01666,6148.09,netbanking,successful,,,1,2026-08-03 15:35:41.913985
UNSEEN_PAY_002407,UNSEEN_CUST_00764,5210.37,card,successful,,,1,2026-07-25 21:27:41.913985
UNSEEN_PAY_002408,UNSEEN_CUST_01248,16494.06,upi,failed,AUTHENTICATION_FAILED,authentication_failed,1,2026-05-29 06:55:41.913985
UNSEEN_PAY_002409,UNSEEN_CUST_00361,19828.8,card,successful,,,1,2026-08-18 03:39:41.913985
UNSEEN_PAY_002410,UNSEEN_CUST_00238,15003.92,netbanking,successful,,,1,2026-05-29 15:14:41.913985
UNSEEN_PAY_002411,UNSEEN_CUST_00604,25039.74,upi,successful,,,2,2026-07-23 00:50:41.913985
UNSEEN_PAY_002412,UNSEEN_CUST_01084,47231.41,card,successful,,,1,2026-07-06 05:18:41.913985
UNSEEN_PAY_002413,UNSEEN_CUST_00126,4817.13,card,successful,,,1,2026-07-22 21:35:41.913985
UNSEEN_PAY_002414,UNSEEN_CUST_01250,30215.57,upi,successful,,,1,2026-06-11 16:36:41.913985
UNSEEN_PAY_002415,UNSEEN_CUST_00220,43325.32,upi,successful,,,1,2026-07-02 22:53:41.913985
UNSEEN_PAY_002416,UNSEEN_CUST_00888,14180.98,card,successful,,,1,2026-07-27 04:39:41.913985
UNSEEN_PAY_002417,UNSEEN_CUST_00151,7213.18,upi,successful,,,1,2026-08-10 04:55:41.913985
UNSEEN_PAY_002418,UNSEEN_CUST_00258,21233.48,upi,successful,,,1,2026-07-30 05:50:41.913985
UNSEEN_PAY_002419,UNSEEN_CUST_00585,21593.71,upi,successful,,,1,2026-08-04 14:38:41.913985
UNSEEN_PAY_002420,UNSEEN_CUST_01391,47423.43,netbanking,successful,,,1,2026-07-16 15:29:41.913985
UNSEEN_PAY_002421,UNSEEN_CUST_00342,2180.01,netbanking,successful,,,1,2026-06-22 15:52:41.914985
UNSEEN_PAY_002422,UNSEEN_CUST_01372,43849.11,upi,successful,,,1,2026-06-27 00:36:41.914985
UNSEEN_PAY_002423,UNSEEN_CUST_00776,9077.09,upi,successful,,,1,2026-08-04 19:22:41.914985
UNSEEN_PAY_002424,UNSEEN_CUST_00712,23594.29,card,successful,,,1,2026-07-02 13:57:41.914985
UNSEEN_PAY_002425,UNSEEN_CUST_00245,25388.4,upi,successful,,,1,2026-06-16 11:59:41.914985
UNSEEN_PAY_002426,UNSEEN_CUST_01573,6132.79,upi,successful,,,1,2026-07-08 00:37:41.914985
UNSEEN_PAY_002427,UNSEEN_CUST_00926,90704.67,upi,successful,,,1,2026-07-10 05:17:41.914985
UNSEEN_PAY_002428,UNSEEN_CUST_01746,65510.19,upi,failed,BANK_TEMPORARY_ERROR,temporary_bank_failure,2,2026-08-13 11:50:41.914985
UNSEEN_PAY_002429,UNSEEN_CUST_01846,37375.83,upi,successful,,,1,2026-08-13 22:00:41.914985
UNSEEN_PAY_002430,UNSEEN_CUST_00204,19471.69,upi,successful,,,1,2026-06-30 21:55:41.914985
UNSEEN_PAY_002431,UNSEEN_CUST_01339,41411.97,upi,successful,,,1,2026-08-16 22:08:41.914985
UNSEEN_PAY_002432,UNSEEN_CUST_00140,10960.11,upi,successful,,,1,2026-08-25 13:02:41.914985
UNSEEN_PAY_002433,UNSEEN_CUST_01523,5898.66,upi,successful,,,2,2026-08-23 13:04:41.914985
UNSEEN_PAY_002434,UNSEEN_CUST_01211,14115.27,netbanking,successful,,,1,2026-07-11 03:43:41.914985
UNSEEN_PAY_002435,UNSEEN_CUST_01567,12137.32,upi,successful,,,1,2026-07-23 02:21:41.914985
UNSEEN_PAY_002436,UNSEEN_CUST_00957,42723.66,card,successful,,,1,2026-06-24 04:53:41.914985
UNSEEN_PAY_002437,UNSEEN_CUST_01443,91583.98,netbanking,failed,INSTRUMENT_EXPIRED,expired_instrument,1,2026-06-22 17:42:41.914985
UNSEEN_PAY_002438,UNSEEN_CUST_01346,2428.78,upi,failed,FUNDS_NOT_AVAILABLE,insufficient_funds,1,2026-08-16 01:06:41.914985
UNSEEN_PAY_002439,UNSEEN_CUST_00133,7702.95,netbanking,failed,RISK_DECLINED,risk_decline,1,2026-06-28 13:17:41.914985
UNSEEN_PAY_002440,UNSEEN_CUST_01928,46404.05,upi,failed,INSUFFICIENT_BALANCE,insufficient_funds,1,2026-07-02 12:21:41.914985
UNSEEN_PAY_002441,UNSEEN_CUST_01242,37916.13,upi,successful,,,1,2026-07-23 06:47:41.914985
UNSEEN_PAY_002442,UNSEEN_CUST_01512,16189.87,upi,successful,,,1,2026-08-17 03:49:41.914985
UNSEEN_PAY_002443,UNSEEN_CUST_00380,1330.48,card,successful,,,1,2026-08-20 16:32:41.914985
UNSEEN_PAY_002444,UNSEEN_CUST_00615,3864.75,upi,successful,,,1,2026-06-25 21:15:41.915985
UNSEEN_PAY_002445,UNSEEN_CUST_01552,48751.97,card,successful,,,1,2026-06-08 17:34:41.915985
UNSEEN_PAY_002446,UNSEEN_CUST_01766,1259.03,card,failed,UNSPECIFIED_DECLINE,authentication_failed,1,2026-06-12 07:25:41.915985
UNSEEN_PAY_002447,UNSEEN_CUST_00563,2107.82,card,failed,INSUFFICIENT_BALANCE,insufficient_funds,1,2026-06-22 10:48:41.915985
UNSEEN_PAY_002448,UNSEEN_CUST_00991,8621.94,upi,successful,,,1,2026-06-30 22:24:41.915985
UNSEEN_PAY_002449,UNSEEN_CUST_00643,49370.86,upi,successful,,,1,2026-06-30 08:15:41.915985
UNSEEN_PAY_002450,UNSEEN_CUST_01011,18065.48,netbanking,successful,,,1,2026-05-30 15:38:41.915985
UNSEEN_PAY_002451,UNSEEN_CUST_01272,4362.7,netbanking,successful,,,1,2026-06-16 11:29:41.915985
UNSEEN_PAY_002452,UNSEEN_CUST_01640,9810.09,upi,successful,,,1,2026-08-16 06:15:41.915985
UNSEEN_PAY_002453,UNSEEN_CUST_01593,13772.98,netbanking,failed,UNSPECIFIED_DECLINE,unknown_failure,1,2026-07-11 13:23:41.915985
UNSEEN_PAY_002454,UNSEEN_CUST_01709,93405.82,upi,successful,,,1,2026-08-19 21:13:41.915985
UNSEEN_PAY_002455,UNSEEN_CUST_01483,23513.54,upi,successful,,,1,2026-07-18 09:53:41.915985
UNSEEN_PAY_002456,UNSEEN_CUST_00297,5729.48,upi,successful,,,1,2026-06-02 13:33:41.915985
UNSEEN_PAY_002457,UNSEEN_CUST_01716,6369.87,upi,successful,,,1,2026-06-01 22:26:41.915985
UNSEEN_PAY_002458,UNSEEN_CUST_01492,38580.58,netbanking,failed,POLICY_DECLINED,risk_decline,2,2026-05-31 03:50:41.915985
UNSEEN_PAY_002459,UNSEEN_CUST_00697,49919.27,netbanking,successful,,,1,2026-06-01 04:30:41.915985
UNSEEN_PAY_002460,UNSEEN_CUST_01392,46524.14,netbanking,successful,,,1,2026-06-06 15:44:41.915985
UNSEEN_PAY_002461,UNSEEN_CUST_00717,21574.82,upi,failed,LIMIT_EXCEEDED,limit_exceeded,1,2026-07-20 22:06:41.915985
UNSEEN_PAY_002462,UNSEEN_CUST_00534,92795.92,card,failed,INSTRUMENT_BLOCKED,blocked_instrument,1,2026-07-04 08:54:41.915985
UNSEEN_PAY_002463,UNSEEN_CUST_00789,30816.69,upi,successful,,,1,2026-08-03 20:44:41.915985
UNSEEN_PAY_002464,UNSEEN_CUST_00716,32808.02,netbanking,successful,,,1,2026-07-07 15:35:41.915985
UNSEEN_PAY_002465,UNSEEN_CUST_01503,2713.11,upi,successful,,,1,2026-07-26 16:39:41.915985
UNSEEN_PAY_002466,UNSEEN_CUST_00628,12058.78,card,successful,,,1,2026-07-28 22:51:41.915985
UNSEEN_PAY_002467,UNSEEN_CUST_01566,47604.9,netbanking,failed,FUNDS_NOT_AVAILABLE,insufficient_funds,2,2026-07-10 11:16:41.916985
UNSEEN_PAY_002468,UNSEEN_CUST_00648,2922.51,netbanking,successful,,,1,2026-06-05 20:28:41.916985
UNSEEN_PAY_002469,UNSEEN_CUST_00949,18424.52,netbanking,successful,,,1,2026-06-15 02:32:41.916985
UNSEEN_PAY_002470,UNSEEN_CUST_01966,31140.34,netbanking,successful,,,2,2026-07-31 10:12:41.916985
UNSEEN_PAY_002471,UNSEEN_CUST_00886,14072.42,upi,successful,,,1,2026-07-04 11:17:41.916985
UNSEEN_PAY_002472,UNSEEN_CUST_00544,66095.73,card,successful,,,1,2026-08-21 22:33:41.916985
UNSEEN_PAY_002473,UNSEEN_CUST_00495,19228.41,upi,successful,,,1,2026-07-05 11:33:41.916985
UNSEEN_PAY_002474,UNSEEN_CUST_01146,38178.68,upi,successful,,,1,2026-07-24 11:32:41.916985
UNSEEN_PAY_002475,UNSEEN_CUST_00657,43483.19,upi,successful,,,1,2026-06-24 13:03:41.916985
UNSEEN_PAY_002476,UNSEEN_CUST_00344,47491.31,card,failed,PROCESSING_TIMEOUT,timeout,1,2026-08-10 06:30:41.916985
UNSEEN_PAY_002477,UNSEEN_CUST_00248,20589.73,card,successful,,,1,2026-06-25 05:25:41.916985
UNSEEN_PAY_002478,UNSEEN_CUST_00141,18311.08,netbanking,successful,,,1,2026-05-28 21:24:41.916985
UNSEEN_PAY_002479,UNSEEN_CUST_01439,24883.26,upi,successful,,,1,2026-08-07 22:33:41.916985
UNSEEN_PAY_002480,UNSEEN_CUST_01731,47274.04,netbanking,successful,,,1,2026-07-02 13:54:41.916985
UNSEEN_PAY_002481,UNSEEN_CUST_01381,4408.67,upi,successful,,,1,2026-06-06 10:52:41.916985
UNSEEN_PAY_002482,UNSEEN_CUST_00370,8012.35,card,failed,CARD_EXPIRED,expired_instrument,1,2026-08-01 18:48:41.916985
UNSEEN_PAY_002483,UNSEEN_CUST_01811,18558.06,card,failed,INSUFFICIENT_BALANCE,insufficient_funds,1,2026-08-15 19:15:41.916985
UNSEEN_PAY_002484,UNSEEN_CUST_01948,62452.41,card,successful,,,1,2026-07-29 10:02:41.916985
UNSEEN_PAY_002485,UNSEEN_CUST_00863,56335.93,card,successful,,,1,2026-06-10 03:37:41.916985
UNSEEN_PAY_002486,UNSEEN_CUST_01371,42385.68,card,successful,,,1,2026-07-31 19:41:41.916985
UNSEEN_PAY_002487,UNSEEN_CUST_00979,37919.19,netbanking,failed,CARD_EXPIRED,expired_instrument,1,2026-07-10 13:24:41.916985
UNSEEN_PAY_002488,UNSEEN_CUST_00225,26083.58,card,successful,,,1,2026-07-05 16:21:41.916985
UNSEEN_PAY_002489,UNSEEN_CUST_01101,48029.96,card,successful,,,1,2026-06-13 00:55:41.916985
UNSEEN_PAY_002490,UNSEEN_CUST_00761,37557.76,card,successful,,,2,2026-06-27 15:29:41.917985
UNSEEN_PAY_002491,UNSEEN_CUST_01593,7060.79,card,successful,,,1,2026-07-10 05:11:41.917985
UNSEEN_PAY_002492,UNSEEN_CUST_00207,93922.26,card,successful,,,1,2026-08-01 09:56:41.917985
UNSEEN_PAY_002493,UNSEEN_CUST_00203,13651.25,upi,successful,,,1,2026-07-05 12:14:41.917985
UNSEEN_PAY_002494,UNSEEN_CUST_00767,21678.19,upi,successful,,,1,2026-06-05 07:34:41.917985
UNSEEN_PAY_002495,UNSEEN_CUST_01133,6630.24,upi,failed,CARD_BLOCKED,blocked_instrument,2,2026-06-11 10:16:41.917985
UNSEEN_PAY_002496,UNSEEN_CUST_00620,32098.7,upi,successful,,,1,2026-05-29 17:43:41.917985
UNSEEN_PAY_002497,UNSEEN_CUST_00481,36130.35,netbanking,successful,,,1,2026-08-12 19:48:41.917985
UNSEEN_PAY_002498,UNSEEN_CUST_01447,34003.16,upi,failed,UNSPECIFIED_DECLINE,expired_instrument,1,2026-07-05 14:59:41.917985
UNSEEN_PAY_002499,UNSEEN_CUST_01162,40535.17,card,successful,,,1,2026-07-11 20:01:41.917985
UNSEEN_PAY_002500,UNSEEN_CUST_01825,24706.2,upi,successful,,,1,2026-06-19 00:19:41.917985
UNSEEN_PAY_002501,UNSEEN_CUST_01592,12986.85,card,successful,,,1,2026-06-27 05:20:41.917985
UNSEEN_PAY_002502,UNSEEN_CUST_01235,24027.03,upi,successful,,,1,2026-07-03 05:25:41.917985
UNSEEN_PAY_002503,UNSEEN_CUST_01155,47778.68,card,successful,,,1,2026-07-09 06:53:41.917985
UNSEEN_PAY_002504,UNSEEN_CUST_00774,13863.67,upi,successful,,,1,2026-06-18 21:14:41.917985
UNSEEN_PAY_002505,UNSEEN_CUST_01763,29546.52,netbanking,failed,RISK_DECLINED,risk_decline,2,2026-08-01 09:53:41.917985
UNSEEN_PAY_002506,UNSEEN_CUST_00688,37438.04,card,successful,,,1,2026-06-22 02:32:41.917985
UNSEEN_PAY_002507,UNSEEN_CUST_01928,18186.98,upi,successful,,,1,2026-07-05 11:20:41.917985
UNSEEN_PAY_002508,UNSEEN_CUST_01662,38867.55,card,failed,RISK_DECLINED,risk_decline,1,2026-07-24 13:25:41.917985
UNSEEN_PAY_002509,UNSEEN_CUST_01113,80886.05,card,failed,RISK_DECLINED,risk_decline,1,2026-08-02 03:30:41.917985
UNSEEN_PAY_002510,UNSEEN_CUST_00702,5904.82,card,failed,BANK_SERVICE_UNAVAILABLE,temporary_bank_failure,1,2026-08-05 04:03:41.917985
UNSEEN_PAY_002511,UNSEEN_CUST_00412,30675.74,upi,successful,,,1,2026-06-27 15:13:41.917985
UNSEEN_PAY_002512,UNSEEN_CUST_01074,1062.9,card,failed,CARD_EXPIRED,expired_instrument,2,2026-08-23 12:24:41.918985
UNSEEN_PAY_002513,UNSEEN_CUST_01260,35836.8,card,successful,,,1,2026-08-09 06:53:41.918985
UNSEEN_PAY_002514,UNSEEN_CUST_00282,7141.56,card,successful,,,2,2026-07-02 04:10:41.918985
UNSEEN_PAY_002515,UNSEEN_CUST_01222,19238.01,card,failed,UNSPECIFIED_DECLINE,unknown_failure,1,2026-05-30 22:39:41.918985
UNSEEN_PAY_002516,UNSEEN_CUST_01717,33258.72,upi,successful,,,1,2026-06-11 09:08:41.918985
UNSEEN_PAY_002517,UNSEEN_CUST_00240,47577.65,card,successful,,,1,2026-07-26 06:26:41.918985
UNSEEN_PAY_002518,UNSEEN_CUST_00471,44102.41,card,successful,,,1,2026-06-17 06:54:41.918985
UNSEEN_PAY_002519,UNSEEN_CUST_00560,5555.37,upi,successful,,,1,2026-05-30 08:54:41.918985
UNSEEN_PAY_002520,UNSEEN_CUST_01571,44422.64,upi,successful,,,1,2026-07-03 09:21:41.918985
UNSEEN_PAY_002521,UNSEEN_CUST_01374,28771.74,upi,successful,,,1,2026-08-01 15:51:41.918985
UNSEEN_PAY_002522,UNSEEN_CUST_01132,56557.66,upi,successful,,,1,2026-08-02 01:05:41.918985
UNSEEN_PAY_002523,UNSEEN_CUST_01182,96533.98,netbanking,failed,POLICY_DECLINED,risk_decline,1,2026-06-14 05:20:41.918985
UNSEEN_PAY_002524,UNSEEN_CUST_00067,1171.4,netbanking,successful,,,1,2026-06-29 01:33:41.918985
UNSEEN_PAY_002525,UNSEEN_CUST_00218,48053.49,upi,successful,,,1,2026-06-07 03:14:41.918985
UNSEEN_PAY_002526,UNSEEN_CUST_00282,9296.32,card,failed,FUNDS_NOT_AVAILABLE,insufficient_funds,1,2026-08-12 16:26:41.918985
UNSEEN_PAY_002527,UNSEEN_CUST_00611,39018.14,upi,successful,,,1,2026-07-17 06:11:41.918985
UNSEEN_PAY_002528,UNSEEN_CUST_00184,3602.43,netbanking,failed,INSUFFICIENT_BALANCE,insufficient_funds,1,2026-07-24 05:06:41.918985
UNSEEN_PAY_002529,UNSEEN_CUST_00952,5455.97,upi,successful,,,1,2026-06-07 06:28:41.918985
UNSEEN_PAY_002530,UNSEEN_CUST_00123,37004.83,upi,successful,,,1,2026-08-06 14:21:41.918985
UNSEEN_PAY_002531,UNSEEN_CUST_01704,41090.24,card,successful,,,1,2026-06-20 17:18:41.918985
UNSEEN_PAY_002532,UNSEEN_CUST_00244,19063.87,upi,successful,,,1,2026-06-02 18:47:41.918985
UNSEEN_PAY_002533,UNSEEN_CUST_01341,17216.39,upi,successful,,,1,2026-06-06 03:29:41.918985
UNSEEN_PAY_002534,UNSEEN_CUST_00679,10739.35,netbanking,successful,,,1,2026-08-01 10:51:41.918985
UNSEEN_PAY_002535,UNSEEN_CUST_01635,19404.32,upi,successful,,,1,2026-06-20 06:52:41.918985
UNSEEN_PAY_002536,UNSEEN_CUST_01155,27058.71,netbanking,failed,BANK_TEMPORARY_ERROR,temporary_bank_failure,1,2026-06-21 15:14:41.919985
UNSEEN_PAY_002537,UNSEEN_CUST_00962,13663.93,card,successful,,,1,2026-08-07 19:11:41.919985
UNSEEN_PAY_002538,UNSEEN_CUST_01810,45646.9,upi,successful,,,1,2026-07-26 18:57:41.919985
UNSEEN_PAY_002539,UNSEEN_CUST_01960,13929.25,upi,successful,,,1,2026-07-07 20:21:41.919985
UNSEEN_PAY_002540,UNSEEN_CUST_00904,19769.68,netbanking,successful,,,2,2026-06-11 12:29:41.919985
UNSEEN_PAY_002541,UNSEEN_CUST_01706,14752.69,card,successful,,,1,2026-06-30 11:15:41.919985
UNSEEN_PAY_002542,UNSEEN_CUST_00019,14397.04,upi,failed,BANK_SERVICE_UNAVAILABLE,temporary_bank_failure,1,2026-06-17 19:54:41.919985
UNSEEN_PAY_002543,UNSEEN_CUST_01510,25921.92,netbanking,successful,,,1,2026-07-16 16:56:41.919985
UNSEEN_PAY_002544,UNSEEN_CUST_01065,4740.35,upi,successful,,,1,2026-06-03 12:21:41.919985
UNSEEN_PAY_002545,UNSEEN_CUST_01809,14372.29,upi,successful,,,1,2026-07-05 21:01:41.919985
UNSEEN_PAY_002546,UNSEEN_CUST_01122,12059.58,card,successful,,,1,2026-08-24 12:56:41.919985
UNSEEN_PAY_002547,UNSEEN_CUST_00536,12902.07,card,failed,CARD_BLOCKED,blocked_instrument,1,2026-06-17 08:07:41.919985
UNSEEN_PAY_002548,UNSEEN_CUST_01358,19679.94,upi,successful,,,1,2026-06-26 09:42:41.919985
UNSEEN_PAY_002549,UNSEEN_CUST_01602,9805.45,card,successful,,,1,2026-08-21 14:31:41.919985
UNSEEN_PAY_002550,UNSEEN_CUST_00281,26228.17,upi,successful,,,1,2026-08-07 12:49:41.919985
UNSEEN_PAY_002551,UNSEEN_CUST_01179,37340.54,upi,successful,,,1,2026-06-13 21:24:41.919985
UNSEEN_PAY_002552,UNSEEN_CUST_00137,48128.52,upi,failed,UNSPECIFIED_DECLINE,timeout,1,2026-06-13 06:59:41.919985
UNSEEN_PAY_002553,UNSEEN_CUST_00194,35010.1,card,successful,,,1,2026-07-16 03:37:41.919985
UNSEEN_PAY_002554,UNSEEN_CUST_00846,32311.8,upi,successful,,,1,2026-06-30 10:19:41.919985
UNSEEN_PAY_002555,UNSEEN_CUST_01384,11829.34,card,successful,,,1,2026-06-01 23:00:41.919985
UNSEEN_PAY_002556,UNSEEN_CUST_01028,15667.11,card,successful,,,1,2026-06-26 07:24:41.919985
UNSEEN_PAY_002557,UNSEEN_CUST_00387,87032.39,netbanking,successful,,,1,2026-08-21 16:56:41.919985
UNSEEN_PAY_002558,UNSEEN_CUST_01520,35682.13,upi,successful,,,1,2026-08-18 12:46:41.920985
UNSEEN_PAY_002559,UNSEEN_CUST_00089,52007.48,upi,successful,,,1,2026-08-02 05:30:41.920985
UNSEEN_PAY_002560,UNSEEN_CUST_00808,39160.52,upi,successful,,,1,2026-08-22 17:37:41.920985
UNSEEN_PAY_002561,UNSEEN_CUST_00587,10057.38,netbanking,successful,,,1,2026-07-18 12:54:41.920985
UNSEEN_PAY_002562,UNSEEN_CUST_00228,2526.88,card,failed,UNSPECIFIED_DECLINE,temporary_bank_failure,1,2026-06-16 02:26:41.920985
UNSEEN_PAY_002563,UNSEEN_CUST_00535,7205.98,upi,successful,,,2,2026-07-15 06:21:41.920985
UNSEEN_PAY_002564,UNSEEN_CUST_00469,36419.68,upi,successful,,,1,2026-08-15 12:26:41.920985
UNSEEN_PAY_002565,UNSEEN_CUST_01498,52065.68,netbanking,successful,,,1,2026-06-23 15:44:41.920985
UNSEEN_PAY_002566,UNSEEN_CUST_00098,90793.11,upi,successful,,,1,2026-07-30 10:11:41.921999
UNSEEN_PAY_002567,UNSEEN_CUST_00429,46352.53,card,successful,,,1,2026-08-15 07:03:41.921999
UNSEEN_PAY_002568,UNSEEN_CUST_00786,88999.66,upi,successful,,,1,2026-08-25 22:24:41.921999
UNSEEN_PAY_002569,UNSEEN_CUST_01082,5126.79,netbanking,successful,,,1,2026-07-16 06:54:41.921999
UNSEEN_PAY_002570,UNSEEN_CUST_00082,11636.04,card,successful,,,1,2026-07-06 22:35:41.921999
UNSEEN_PAY_002571,UNSEEN_CUST_00439,37516.86,netbanking,successful,,,1,2026-07-07 13:08:41.921999
UNSEEN_PAY_002572,UNSEEN_CUST_00035,49119.81,upi,failed,FUNDS_NOT_AVAILABLE,insufficient_funds,1,2026-06-21 18:28:41.921999
UNSEEN_PAY_002573,UNSEEN_CUST_01354,11604.93,upi,successful,,,1,2026-06-22 21:04:41.921999
UNSEEN_PAY_002574,UNSEEN_CUST_00446,40144.85,upi,successful,,,1,2026-08-22 14:52:41.921999
UNSEEN_PAY_002575,UNSEEN_CUST_00455,3033.23,card,failed,BANK_SERVICE_UNAVAILABLE,temporary_bank_failure,1,2026-08-24 03:34:41.921999
UNSEEN_PAY_002576,UNSEEN_CUST_01737,48209.99,card,successful,,,1,2026-05-30 02:45:41.921999
UNSEEN_PAY_002577,UNSEEN_CUST_00202,32296.07,netbanking,successful,,,1,2026-07-15 03:12:41.921999
UNSEEN_PAY_002578,UNSEEN_CUST_00134,38126.46,card,failed,INSUFFICIENT_BALANCE,insufficient_funds,1,2026-06-23 17:49:41.921999
UNSEEN_PAY_002579,UNSEEN_CUST_00491,23348.35,upi,successful,,,1,2026-07-18 00:11:41.921999
UNSEEN_PAY_002580,UNSEEN_CUST_01890,40696.02,card,successful,,,1,2026-06-13 20:13:41.921999
UNSEEN_PAY_002581,UNSEEN_CUST_00589,46886.43,upi,successful,,,1,2026-08-06 23:11:41.921999
UNSEEN_PAY_002582,UNSEEN_CUST_01399,40998.28,netbanking,failed,UNSPECIFIED_DECLINE,unknown_failure,1,2026-07-03 20:32:41.921999
UNSEEN_PAY_002583,UNSEEN_CUST_01770,98225.44,upi,successful,,,1,2026-07-06 21:09:41.921999
UNSEEN_PAY_002584,UNSEEN_CUST_00158,28141.87,card,successful,,,1,2026-06-25 07:30:41.921999
UNSEEN_PAY_002585,UNSEEN_CUST_00877,14857.4,upi,successful,,,1,2026-07-18 18:35:41.921999
UNSEEN_PAY_002586,UNSEEN_CUST_01456,1806.4,upi,failed,INSUFFICIENT_BALANCE,insufficient_funds,1,2026-06-27 03:14:41.921999
UNSEEN_PAY_002587,UNSEEN_CUST_01584,79083.63,upi,successful,,,1,2026-08-13 03:46:41.922985
UNSEEN_PAY_002588,UNSEEN_CUST_00916,4039.49,upi,successful,,,1,2026-07-04 05:31:41.922985
UNSEEN_PAY_002589,UNSEEN_CUST_01900,45421.68,upi,failed,NETWORK_TIMEOUT,timeout,3,2026-06-17 03:34:41.922985
UNSEEN_PAY_002590,UNSEEN_CUST_00673,8261.27,upi,successful,,,1,2026-08-20 05:17:41.922985
UNSEEN_PAY_002591,UNSEEN_CUST_01153,29843.6,card,successful,,,1,2026-06-02 03:20:41.922985
UNSEEN_PAY_002592,UNSEEN_CUST_01078,17492.03,upi,successful,,,1,2026-06-03 22:17:41.922985
UNSEEN_PAY_002593,UNSEEN_CUST_01158,40778.74,card,successful,,,1,2026-08-10 22:20:41.922985
UNSEEN_PAY_002594,UNSEEN_CUST_00619,26121.92,card,successful,,,1,2026-07-14 20:09:41.922985
UNSEEN_PAY_002595,UNSEEN_CUST_00131,3988.82,upi,successful,,,1,2026-06-22 04:30:41.922985
UNSEEN_PAY_002596,UNSEEN_CUST_01517,31131.24,card,failed,,unknown_failure,1,2026-07-13 16:15:41.922985
UNSEEN_PAY_002597,UNSEEN_CUST_00816,32120.28,netbanking,successful,,,1,2026-08-22 19:28:41.922985
UNSEEN_PAY_002598,UNSEEN_CUST_01722,44651.65,upi,successful,,,1,2026-06-29 13:04:41.922985
UNSEEN_PAY_002599,UNSEEN_CUST_00864,4099.56,upi,successful,,,1,2026-08-14 10:55:41.922985
UNSEEN_PAY_002600,UNSEEN_CUST_00147,50044.68,upi,successful,,,1,2026-08-05 14:11:41.922985
UNSEEN_PAY_002601,UNSEEN_CUST_00647,14720.79,netbanking,successful,,,1,2026-08-08 10:10:41.922985
UNSEEN_PAY_002602,UNSEEN_CUST_00534,37660.0,upi,successful,,,2,2026-08-11 20:46:41.922985
UNSEEN_PAY_002603,UNSEEN_CUST_00921,88042.32,upi,successful,,,1,2026-06-30 20:48:41.922985
UNSEEN_PAY_002604,UNSEEN_CUST_00097,46096.11,netbanking,successful,,,1,2026-07-15 09:35:41.922985
UNSEEN_PAY_002605,UNSEEN_CUST_00465,34188.98,upi,successful,,,1,2026-07-21 12:25:41.922985
UNSEEN_PAY_002606,UNSEEN_CUST_00724,7519.87,upi,successful,,,1,2026-08-11 21:10:41.922985
UNSEEN_PAY_002607,UNSEEN_CUST_00788,4490.35,card,successful,,,1,2026-06-30 09:16:41.922985
UNSEEN_PAY_002608,UNSEEN_CUST_01527,27131.28,upi,successful,,,1,2026-06-23 21:27:41.922985
UNSEEN_PAY_002609,UNSEEN_CUST_00507,11316.21,upi,successful,,,1,2026-08-11 03:07:41.922985
UNSEEN_PAY_002610,UNSEEN_CUST_01742,19350.02,upi,failed,NETWORK_TIMEOUT,timeout,2,2026-08-21 13:18:41.922985
UNSEEN_PAY_002611,UNSEEN_CUST_01947,7511.71,card,successful,,,1,2026-06-05 11:47:41.922985
UNSEEN_PAY_002612,UNSEEN_CUST_01251,98225.11,upi,successful,,,2,2026-08-18 15:38:41.923996
UNSEEN_PAY_002613,UNSEEN_CUST_01129,41296.67,card,successful,,,1,2026-06-01 13:02:41.923996
UNSEEN_PAY_002614,UNSEEN_CUST_01235,35142.25,upi,successful,,,1,2026-07-10 07:45:41.923996
UNSEEN_PAY_002615,UNSEEN_CUST_01025,3857.97,card,successful,,,1,2026-07-09 02:39:41.923996
UNSEEN_PAY_002616,UNSEEN_CUST_01795,24045.58,upi,failed,CUSTOMER_AUTH_FAILED,authentication_failed,1,2026-07-10 14:26:41.923996
UNSEEN_PAY_002617,UNSEEN_CUST_01868,1401.4,card,successful,,,1,2026-08-25 06:49:41.923996
UNSEEN_PAY_002618,UNSEEN_CUST_01221,24920.86,upi,failed,PROCESSING_TIMEOUT,timeout,2,2026-07-31 03:11:41.923996
UNSEEN_PAY_002619,UNSEEN_CUST_00285,13705.77,upi,successful,,,1,2026-07-18 07:35:41.923996
UNSEEN_PAY_002620,UNSEEN_CUST_01764,35517.37,card,successful,,,1,2026-05-28 05:55:41.923996
UNSEEN_PAY_002621,UNSEEN_CUST_01641,29652.33,netbanking,successful,,,1,2026-06-14 01:44:41.923996
UNSEEN_PAY_002622,UNSEEN_CUST_00015,32048.28,upi,successful,,,1,2026-08-13 20:33:41.923996
UNSEEN_PAY_002623,UNSEEN_CUST_01052,29665.63,upi,failed,PROCESSING_TIMEOUT,timeout,2,2026-06-25 06:59:41.923996
UNSEEN_PAY_002624,UNSEEN_CUST_01308,10249.92,netbanking,successful,,,1,2026-06-06 21:13:41.923996
UNSEEN_PAY_002625,UNSEEN_CUST_01864,60631.51,upi,successful,,,1,2026-06-26 06:23:41.923996
UNSEEN_PAY_002626,UNSEEN_CUST_01714,15101.06,upi,successful,,,1,2026-06-30 13:25:41.923996
UNSEEN_PAY_002627,UNSEEN_CUST_00919,26788.91,upi,successful,,,1,2026-06-26 08:07:41.923996
UNSEEN_PAY_002628,UNSEEN_CUST_00963,26424.93,card,successful,,,1,2026-06-22 08:30:41.923996
UNSEEN_PAY_002629,UNSEEN_CUST_00395,49789.38,netbanking,successful,,,1,2026-07-16 04:31:41.923996
UNSEEN_PAY_002630,UNSEEN_CUST_01113,86521.72,card,successful,,,1,2026-06-22 22:02:41.923996
UNSEEN_PAY_002631,UNSEEN_CUST_01680,10033.11,upi,successful,,,1,2026-06-30 15:44:41.923996
UNSEEN_PAY_002632,UNSEEN_CUST_01857,42779.53,netbanking,successful,,,1,2026-07-02 19:18:41.923996
UNSEEN_PAY_002633,UNSEEN_CUST_01485,40715.56,card,successful,,,1,2026-05-30 18:42:41.923996
UNSEEN_PAY_002634,UNSEEN_CUST_01686,30001.68,upi,failed,CUSTOMER_AUTH_FAILED,authentication_failed,1,2026-07-19 07:48:41.923996
UNSEEN_PAY_002635,UNSEEN_CUST_01847,12987.76,upi,failed,NETWORK_TIMEOUT,timeout,1,2026-08-04 08:45:41.924991
UNSEEN_PAY_002636,UNSEEN_CUST_00233,5900.11,upi,successful,,,1,2026-06-23 01:41:41.924991
UNSEEN_PAY_002637,UNSEEN_CUST_00176,34102.78,upi,successful,,,1,2026-06-14 20:42:41.924991
UNSEEN_PAY_002638,UNSEEN_CUST_00426,15932.24,upi,failed,CUSTOMER_AUTH_FAILED,authentication_failed,1,2026-07-31 05:13:41.924991
UNSEEN_PAY_002639,UNSEEN_CUST_00699,84595.38,card,successful,,,1,2026-07-24 00:26:41.924991
UNSEEN_PAY_002640,UNSEEN_CUST_00487,47057.47,card,successful,,,1,2026-07-25 03:20:41.924991
UNSEEN_PAY_002641,UNSEEN_CUST_00845,30671.17,netbanking,failed,INSUFFICIENT_BALANCE,insufficient_funds,1,2026-08-13 21:46:41.924991
UNSEEN_PAY_002642,UNSEEN_CUST_01041,14380.1,netbanking,successful,,,1,2026-07-26 04:03:41.924991
UNSEEN_PAY_002643,UNSEEN_CUST_00725,29922.63,netbanking,successful,,,1,2026-08-17 03:56:41.924991
UNSEEN_PAY_002644,UNSEEN_CUST_01964,32967.16,upi,successful,,,1,2026-07-03 00:57:41.924991
UNSEEN_PAY_002645,UNSEEN_CUST_01295,5299.98,netbanking,successful,,,1,2026-07-18 17:23:41.924991
UNSEEN_PAY_002646,UNSEEN_CUST_01428,22745.39,upi,successful,,,1,2026-08-26 12:47:41.924991
UNSEEN_PAY_002647,UNSEEN_CUST_01930,10362.53,upi,failed,RISK_DECLINED,risk_decline,1,2026-07-08 02:32:41.924991
UNSEEN_PAY_002648,UNSEEN_CUST_01025,48992.88,netbanking,failed,BANK_SERVICE_UNAVAILABLE,temporary_bank_failure,1,2026-07-18 19:29:41.924991
UNSEEN_PAY_002649,UNSEEN_CUST_00127,46291.35,netbanking,successful,,,1,2026-06-19 19:34:41.924991
UNSEEN_PAY_002650,UNSEEN_CUST_01701,54182.13,upi,successful,,,1,2026-07-31 17:05:41.924991
UNSEEN_PAY_002651,UNSEEN_CUST_01450,47673.08,netbanking,successful,,,1,2026-06-03 22:12:41.924991
UNSEEN_PAY_002652,UNSEEN_CUST_00305,17600.82,upi,successful,,,1,2026-06-24 23:01:41.924991
UNSEEN_PAY_002653,UNSEEN_CUST_00878,37876.2,upi,successful,,,1,2026-06-13 18:30:41.924991
UNSEEN_PAY_002654,UNSEEN_CUST_01790,16009.45,card,failed,CARD_EXPIRED,expired_instrument,1,2026-08-13 15:40:41.924991
UNSEEN_PAY_002655,UNSEEN_CUST_00428,21615.24,card,failed,UNSPECIFIED_DECLINE,insufficient_funds,1,2026-07-15 15:08:41.925990
UNSEEN_PAY_002656,UNSEEN_CUST_01574,4010.03,upi,successful,,,1,2026-06-19 18:35:41.925990
UNSEEN_PAY_002657,UNSEEN_CUST_00859,32260.66,upi,successful,,,1,2026-07-26 21:31:41.925990
UNSEEN_PAY_002658,UNSEEN_CUST_01552,20384.48,card,successful,,,1,2026-06-23 13:58:41.925990
UNSEEN_PAY_002659,UNSEEN_CUST_01052,36898.23,card,successful,,,1,2026-08-01 00:10:41.925990
UNSEEN_PAY_002660,UNSEEN_CUST_00009,41997.3,upi,successful,,,1,2026-07-23 08:49:41.925990
UNSEEN_PAY_002661,UNSEEN_CUST_00650,23828.23,upi,successful,,,1,2026-07-26 03:00:41.925990
UNSEEN_PAY_002662,UNSEEN_CUST_00502,15923.34,upi,successful,,,1,2026-07-06 07:51:41.925990
UNSEEN_PAY_002663,UNSEEN_CUST_01230,11534.44,upi,successful,,,1,2026-06-11 08:01:41.925990
UNSEEN_PAY_002664,UNSEEN_CUST_01739,18467.41,card,successful,,,1,2026-06-29 08:11:41.925990
UNSEEN_PAY_002665,UNSEEN_CUST_00977,6900.19,upi,successful,,,1,2026-07-29 21:02:41.925990
UNSEEN_PAY_002666,UNSEEN_CUST_01576,22436.15,upi,successful,,,1,2026-06-18 23:17:41.925990
UNSEEN_PAY_002667,UNSEEN_CUST_01350,70111.6,upi,successful,,,1,2026-08-02 04:34:41.925990
UNSEEN_PAY_002668,UNSEEN_CUST_00821,22065.24,netbanking,successful,,,1,2026-06-23 22:38:41.925990
UNSEEN_PAY_002669,UNSEEN_CUST_00229,47494.29,netbanking,successful,,,2,2026-08-24 21:48:41.925990
UNSEEN_PAY_002670,UNSEEN_CUST_00212,19036.69,upi,successful,,,1,2026-07-06 19:49:41.925990
UNSEEN_PAY_002671,UNSEEN_CUST_00531,25363.2,upi,successful,,,1,2026-06-27 03:01:41.925990
UNSEEN_PAY_002672,UNSEEN_CUST_00853,40228.19,upi,successful,,,2,2026-06-14 15:03:41.925990
UNSEEN_PAY_002673,UNSEEN_CUST_00880,21958.53,upi,successful,,,1,2026-06-10 16:50:41.925990
UNSEEN_PAY_002674,UNSEEN_CUST_01928,45601.93,upi,successful,,,1,2026-07-12 10:10:41.925990
UNSEEN_PAY_002675,UNSEEN_CUST_01893,1915.84,card,successful,,,1,2026-06-24 08:55:41.925990
UNSEEN_PAY_002676,UNSEEN_CUST_01647,29631.31,upi,successful,,,1,2026-06-12 01:44:41.925990
UNSEEN_PAY_002677,UNSEEN_CUST_00413,27056.9,upi,successful,,,1,2026-08-22 07:53:41.925990
UNSEEN_PAY_002678,UNSEEN_CUST_01526,8502.16,card,successful,,,1,2026-08-06 06:13:41.926990
UNSEEN_PAY_002679,UNSEEN_CUST_00965,37449.88,upi,failed,BANK_TEMPORARY_ERROR,temporary_bank_failure,1,2026-06-29 08:43:41.926990
UNSEEN_PAY_002680,UNSEEN_CUST_00110,28423.9,card,successful,,,1,2026-08-11 07:11:41.926990
UNSEEN_PAY_002681,UNSEEN_CUST_00838,10689.24,upi,successful,,,1,2026-07-29 23:10:41.926990
UNSEEN_PAY_002682,UNSEEN_CUST_00562,28408.49,upi,successful,,,2,2026-07-25 12:37:41.926990
UNSEEN_PAY_002683,UNSEEN_CUST_01717,20261.91,upi,successful,,,1,2026-06-20 23:24:41.926990
UNSEEN_PAY_002684,UNSEEN_CUST_01621,17905.3,upi,successful,,,1,2026-08-03 21:32:41.926990
UNSEEN_PAY_002685,UNSEEN_CUST_01337,13263.77,upi,successful,,,1,2026-08-01 05:28:41.926990
UNSEEN_PAY_002686,UNSEEN_CUST_01236,42841.37,upi,successful,,,1,2026-05-28 08:57:41.926990
UNSEEN_PAY_002687,UNSEEN_CUST_01157,52190.12,netbanking,failed,FUNDS_NOT_AVAILABLE,insufficient_funds,1,2026-07-29 07:13:41.926990
UNSEEN_PAY_002688,UNSEEN_CUST_00160,4252.32,upi,successful,,,1,2026-08-08 17:49:41.926990
UNSEEN_PAY_002689,UNSEEN_CUST_01746,65467.22,card,successful,,,1,2026-06-26 21:09:41.926990
UNSEEN_PAY_002690,UNSEEN_CUST_01438,5515.26,card,successful,,,1,2026-08-20 10:33:41.926990
UNSEEN_PAY_002691,UNSEEN_CUST_00808,12790.51,upi,successful,,,1,2026-07-16 10:18:41.926990
UNSEEN_PAY_002692,UNSEEN_CUST_01960,21740.23,card,successful,,,1,2026-08-01 06:16:41.926990
UNSEEN_PAY_002693,UNSEEN_CUST_01088,1653.24,card,successful,,,1,2026-07-21 12:31:41.926990
UNSEEN_PAY_002694,UNSEEN_CUST_01499,41634.05,upi,failed,CUSTOMER_AUTH_FAILED,authentication_failed,1,2026-08-15 15:35:41.926990
UNSEEN_PAY_002695,UNSEEN_CUST_01033,19743.45,netbanking,successful,,,1,2026-08-16 09:44:41.926990
UNSEEN_PAY_002696,UNSEEN_CUST_01376,34825.91,upi,successful,,,1,2026-06-04 06:34:41.926990
UNSEEN_PAY_002697,UNSEEN_CUST_01239,3101.74,upi,successful,,,1,2026-06-09 14:52:41.926990
UNSEEN_PAY_002698,UNSEEN_CUST_01446,6904.16,upi,successful,,,1,2026-06-10 12:58:41.926990
UNSEEN_PAY_002699,UNSEEN_CUST_00557,9451.7,card,successful,,,1,2026-07-28 18:49:41.926990
UNSEEN_PAY_002700,UNSEEN_CUST_01645,30383.97,netbanking,failed,BANK_TEMPORARY_ERROR,temporary_bank_failure,1,2026-06-04 23:15:41.926990
UNSEEN_PAY_002701,UNSEEN_CUST_01934,27225.62,upi,successful,,,1,2026-06-21 16:12:41.927989
UNSEEN_PAY_002702,UNSEEN_CUST_01101,21156.38,upi,successful,,,1,2026-06-01 18:02:41.927989
UNSEEN_PAY_002703,UNSEEN_CUST_00648,2407.03,upi,successful,,,1,2026-06-28 07:23:41.927989
UNSEEN_PAY_002704,UNSEEN_CUST_01637,4722.89,card,failed,FUNDS_NOT_AVAILABLE,insufficient_funds,1,2026-08-02 18:33:41.927989
UNSEEN_PAY_002705,UNSEEN_CUST_01542,6383.8,upi,successful,,,1,2026-07-31 22:42:41.927989
UNSEEN_PAY_002706,UNSEEN_CUST_00276,11155.77,upi,successful,,,1,2026-06-13 18:18:41.927989
UNSEEN_PAY_002707,UNSEEN_CUST_00331,44426.49,upi,successful,,,1,2026-07-01 03:31:41.927989
UNSEEN_PAY_002708,UNSEEN_CUST_00711,58810.74,upi,successful,,,1,2026-08-16 02:15:41.927989
UNSEEN_PAY_002709,UNSEEN_CUST_00289,4486.01,card,successful,,,1,2026-07-06 03:47:41.927989
UNSEEN_PAY_002710,UNSEEN_CUST_01993,16041.03,upi,successful,,,1,2026-07-13 19:37:41.927989
UNSEEN_PAY_002711,UNSEEN_CUST_00750,35794.87,card,failed,FUNDS_NOT_AVAILABLE,insufficient_funds,1,2026-06-27 10:05:41.927989
UNSEEN_PAY_002712,UNSEEN_CUST_00949,19035.43,card,failed,NETWORK_TIMEOUT,timeout,1,2026-06-13 14:48:41.927989
UNSEEN_PAY_002713,UNSEEN_CUST_01469,16916.46,card,successful,,,1,2026-05-30 22:20:41.927989
UNSEEN_PAY_002714,UNSEEN_CUST_00719,4779.48,card,successful,,,1,2026-06-08 20:36:41.927989
UNSEEN_PAY_002715,UNSEEN_CUST_01861,26282.56,upi,successful,,,1,2026-05-30 23:23:41.927989
UNSEEN_PAY_002716,UNSEEN_CUST_00284,33899.89,netbanking,successful,,,2,2026-07-25 09:58:41.927989
UNSEEN_PAY_002717,UNSEEN_CUST_01070,46205.35,upi,successful,,,1,2026-08-26 14:22:41.927989
UNSEEN_PAY_002718,UNSEEN_CUST_00936,49213.65,netbanking,successful,,,1,2026-07-22 17:30:41.927989
UNSEEN_PAY_002719,UNSEEN_CUST_01218,38013.41,card,successful,,,1,2026-07-19 04:12:41.927989
UNSEEN_PAY_002720,UNSEEN_CUST_00323,45206.09,upi,successful,,,1,2026-07-05 04:04:41.927989
UNSEEN_PAY_002721,UNSEEN_CUST_01386,48381.79,upi,failed,BANK_SERVICE_UNAVAILABLE,temporary_bank_failure,1,2026-07-25 09:59:41.927989
UNSEEN_PAY_002722,UNSEEN_CUST_00752,4212.16,upi,failed,BANK_TEMPORARY_ERROR,temporary_bank_failure,1,2026-06-28 16:44:41.928990
UNSEEN_PAY_002723,UNSEEN_CUST_00284,32946.48,upi,successful,,,1,2026-06-22 08:09:41.928990
UNSEEN_PAY_002724,UNSEEN_CUST_01613,27483.38,card,successful,,,1,2026-05-28 09:37:41.928990
UNSEEN_PAY_002725,UNSEEN_CUST_01838,29448.79,upi,successful,,,2,2026-07-23 20:39:41.928990
UNSEEN_PAY_002726,UNSEEN_CUST_00911,46503.91,netbanking,successful,,,1,2026-06-03 14:59:41.928990
UNSEEN_PAY_002727,UNSEEN_CUST_00659,14505.42,netbanking,successful,,,1,2026-08-19 11:35:41.928990
UNSEEN_PAY_002728,UNSEEN_CUST_01033,34744.12,upi,failed,FUNDS_NOT_AVAILABLE,insufficient_funds,2,2026-06-22 23:04:41.928990
UNSEEN_PAY_002729,UNSEEN_CUST_00168,8193.36,netbanking,failed,POLICY_DECLINED,risk_decline,1,2026-06-14 02:00:41.928990
UNSEEN_PAY_002730,UNSEEN_CUST_00556,9359.3,upi,failed,UNSPECIFIED_DECLINE,temporary_bank_failure,1,2026-08-24 02:16:41.928990
UNSEEN_PAY_002731,UNSEEN_CUST_00220,8013.16,card,successful,,,1,2026-06-05 10:57:41.928990
UNSEEN_PAY_002732,UNSEEN_CUST_00242,21899.84,upi,failed,CUSTOMER_AUTH_FAILED,authentication_failed,1,2026-07-26 14:28:41.928990
UNSEEN_PAY_002733,UNSEEN_CUST_00202,8180.04,card,successful,,,1,2026-07-28 01:51:41.928990
UNSEEN_PAY_002734,UNSEEN_CUST_01212,24322.33,card,successful,,,1,2026-07-15 15:49:41.928990
UNSEEN_PAY_002735,UNSEEN_CUST_01518,14850.85,upi,successful,,,1,2026-07-27 09:45:41.928990
UNSEEN_PAY_002736,UNSEEN_CUST_01663,39530.17,upi,successful,,,1,2026-08-11 08:34:41.928990
UNSEEN_PAY_002737,UNSEEN_CUST_01585,95734.79,netbanking,successful,,,1,2026-06-18 21:39:41.928990
UNSEEN_PAY_002738,UNSEEN_CUST_00146,35520.44,netbanking,successful,,,1,2026-08-22 22:00:41.928990
UNSEEN_PAY_002739,UNSEEN_CUST_01320,7873.77,upi,successful,,,2,2026-08-10 17:43:41.928990
UNSEEN_PAY_002740,UNSEEN_CUST_00624,8526.03,netbanking,successful,,,1,2026-08-18 12:14:41.928990
UNSEEN_PAY_002741,UNSEEN_CUST_01845,1956.09,card,successful,,,1,2026-06-05 03:02:41.928990
UNSEEN_PAY_002742,UNSEEN_CUST_01902,21620.61,upi,successful,,,1,2026-06-03 03:37:41.929989
UNSEEN_PAY_002743,UNSEEN_CUST_01692,15132.68,card,successful,,,1,2026-07-07 23:40:41.929989
UNSEEN_PAY_002744,UNSEEN_CUST_01359,23426.62,netbanking,successful,,,1,2026-08-03 03:54:41.929989
UNSEEN_PAY_002745,UNSEEN_CUST_00571,1530.64,netbanking,successful,,,1,2026-06-27 03:19:41.929989
UNSEEN_PAY_002746,UNSEEN_CUST_00107,6946.39,card,failed,INSUFFICIENT_BALANCE,insufficient_funds,1,2026-06-10 21:09:41.929989
UNSEEN_PAY_002747,UNSEEN_CUST_00842,18670.5,card,successful,,,1,2026-06-24 22:44:41.929989
UNSEEN_PAY_002748,UNSEEN_CUST_00463,2898.87,upi,successful,,,1,2026-06-01 14:22:41.929989
UNSEEN_PAY_002749,UNSEEN_CUST_01942,23527.37,card,failed,FUNDS_NOT_AVAILABLE,insufficient_funds,1,2026-06-22 10:32:41.929989
UNSEEN_PAY_002750,UNSEEN_CUST_00326,20737.17,card,failed,BANK_SERVICE_UNAVAILABLE,temporary_bank_failure,1,2026-07-04 21:53:41.929989
UNSEEN_PAY_002751,UNSEEN_CUST_00199,18579.4,upi,failed,BANK_TEMPORARY_ERROR,temporary_bank_failure,1,2026-08-23 17:08:41.929989
UNSEEN_PAY_002752,UNSEEN_CUST_01020,3414.75,upi,successful,,,2,2026-06-15 07:03:41.929989
UNSEEN_PAY_002753,UNSEEN_CUST_00527,88874.78,card,failed,AUTHENTICATION_FAILED,authentication_failed,1,2026-08-17 19:22:41.929989
UNSEEN_PAY_002754,UNSEEN_CUST_01148,4007.11,upi,successful,,,1,2026-06-02 07:44:41.929989
UNSEEN_PAY_002755,UNSEEN_CUST_00724,22676.93,netbanking,failed,POLICY_DECLINED,risk_decline,1,2026-05-31 05:23:41.929989
UNSEEN_PAY_002756,UNSEEN_CUST_01274,37293.63,upi,successful,,,1,2026-07-22 03:52:41.929989
UNSEEN_PAY_002757,UNSEEN_CUST_01046,37592.89,upi,successful,,,1,2026-07-31 11:27:41.929989
UNSEEN_PAY_002758,UNSEEN_CUST_00309,44224.12,upi,successful,,,1,2026-07-08 00:18:41.929989
UNSEEN_PAY_002759,UNSEEN_CUST_01583,10208.87,upi,failed,INSUFFICIENT_BALANCE,insufficient_funds,1,2026-06-10 13:37:41.929989
UNSEEN_PAY_002760,UNSEEN_CUST_01991,60909.17,upi,successful,,,1,2026-07-30 17:36:41.929989
UNSEEN_PAY_002761,UNSEEN_CUST_00657,44014.26,upi,successful,,,1,2026-06-17 09:03:41.929989
UNSEEN_PAY_002762,UNSEEN_CUST_00094,20348.06,upi,successful,,,1,2026-07-19 05:36:41.930990
UNSEEN_PAY_002763,UNSEEN_CUST_01112,42022.36,card,successful,,,1,2026-08-05 16:38:41.930990
UNSEEN_PAY_002764,UNSEEN_CUST_01277,27911.04,upi,successful,,,1,2026-07-10 20:11:41.930990
UNSEEN_PAY_002765,UNSEEN_CUST_01221,55545.08,upi,successful,,,1,2026-07-19 09:56:41.930990
UNSEEN_PAY_002766,UNSEEN_CUST_01221,48984.64,card,successful,,,1,2026-07-18 06:33:41.930990
UNSEEN_PAY_002767,UNSEEN_CUST_00577,3592.96,upi,successful,,,1,2026-06-29 08:39:41.930990
UNSEEN_PAY_002768,UNSEEN_CUST_01358,6943.85,upi,successful,,,1,2026-08-25 01:38:41.930990
UNSEEN_PAY_002769,UNSEEN_CUST_01785,48696.11,card,successful,,,1,2026-06-24 09:06:41.930990
UNSEEN_PAY_002770,UNSEEN_CUST_00180,8118.78,upi,successful,,,1,2026-06-06 11:25:41.930990
UNSEEN_PAY_002771,UNSEEN_CUST_00088,12384.11,netbanking,successful,,,1,2026-06-24 22:23:41.930990
UNSEEN_PAY_002772,UNSEEN_CUST_01548,6173.85,card,failed,TRANSACTION_LIMIT_EXCEEDED,limit_exceeded,1,2026-08-16 18:31:41.930990
UNSEEN_PAY_002773,UNSEEN_CUST_00273,25723.27,upi,failed,FUNDS_NOT_AVAILABLE,insufficient_funds,2,2026-07-12 06:50:41.930990
UNSEEN_PAY_002774,UNSEEN_CUST_00446,33670.7,upi,successful,,,1,2026-06-25 15:13:41.930990
UNSEEN_PAY_002775,UNSEEN_CUST_00180,13488.85,upi,successful,,,1,2026-07-27 20:46:41.930990
UNSEEN_PAY_002776,UNSEEN_CUST_01166,11072.53,upi,successful,,,2,2026-07-23 11:01:41.930990
UNSEEN_PAY_002777,UNSEEN_CUST_01845,5429.11,upi,successful,,,1,2026-06-28 09:19:41.930990
UNSEEN_PAY_002778,UNSEEN_CUST_00896,12987.69,upi,successful,,,1,2026-08-17 20:08:41.930990
UNSEEN_PAY_002779,UNSEEN_CUST_01400,37135.38,card,successful,,,1,2026-05-28 10:12:41.930990
UNSEEN_PAY_002780,UNSEEN_CUST_00577,5474.75,card,failed,AUTHENTICATION_FAILED,authentication_failed,1,2026-07-16 00:54:41.930990
UNSEEN_PAY_002781,UNSEEN_CUST_01887,93909.51,card,successful,,,1,2026-08-11 20:46:41.930990
UNSEEN_PAY_002782,UNSEEN_CUST_00441,25739.8,upi,successful,,,1,2026-06-26 16:23:41.930990
UNSEEN_PAY_002783,UNSEEN_CUST_00632,6086.31,card,successful,,,1,2026-07-29 16:00:41.930990
UNSEEN_PAY_002784,UNSEEN_CUST_01596,31422.19,upi,successful,,,1,2026-06-01 10:24:41.931989
UNSEEN_PAY_002785,UNSEEN_CUST_00951,9798.04,card,successful,,,2,2026-06-25 11:23:41.931989
UNSEEN_PAY_002786,UNSEEN_CUST_00387,40306.39,upi,successful,,,1,2026-08-25 13:07:41.931989
UNSEEN_PAY_002787,UNSEEN_CUST_01510,35600.19,upi,failed,NETWORK_TIMEOUT,timeout,1,2026-08-16 15:14:41.931989
UNSEEN_PAY_002788,UNSEEN_CUST_01090,43547.67,upi,successful,,,1,2026-07-08 02:09:41.931989
UNSEEN_PAY_002789,UNSEEN_CUST_00107,26870.45,card,failed,BANK_SERVICE_UNAVAILABLE,temporary_bank_failure,1,2026-06-22 08:42:41.931989
UNSEEN_PAY_002790,UNSEEN_CUST_00324,8678.38,netbanking,successful,,,1,2026-06-22 12:27:41.931989
UNSEEN_PAY_002791,UNSEEN_CUST_01901,19355.07,card,successful,,,1,2026-07-28 17:38:41.931989
UNSEEN_PAY_002792,UNSEEN_CUST_01650,31524.62,card,successful,,,1,2026-06-02 15:09:41.931989
UNSEEN_PAY_002793,UNSEEN_CUST_00123,46979.84,upi,failed,FUNDS_NOT_AVAILABLE,insufficient_funds,2,2026-07-01 00:48:41.931989
UNSEEN_PAY_002794,UNSEEN_CUST_00681,24400.2,card,successful,,,1,2026-06-06 21:16:41.931989
UNSEEN_PAY_002795,UNSEEN_CUST_01662,20271.7,netbanking,successful,,,2,2026-08-23 14:00:41.931989
UNSEEN_PAY_002796,UNSEEN_CUST_01701,63567.98,netbanking,successful,,,1,2026-06-30 19:26:41.931989
UNSEEN_PAY_002797,UNSEEN_CUST_00867,37157.73,card,successful,,,2,2026-05-28 00:57:41.931989
UNSEEN_PAY_002798,UNSEEN_CUST_00881,13246.76,card,successful,,,1,2026-06-05 00:43:41.931989
UNSEEN_PAY_002799,UNSEEN_CUST_01987,69935.31,card,successful,,,1,2026-08-19 01:14:41.931989
UNSEEN_PAY_002800,UNSEEN_CUST_01447,41784.47,upi,successful,,,1,2026-07-16 12:10:41.931989
UNSEEN_PAY_002801,UNSEEN_CUST_00287,13685.13,upi,successful,,,2,2026-07-07 02:15:41.931989
UNSEEN_PAY_002802,UNSEEN_CUST_01926,99808.04,netbanking,successful,,,1,2026-08-18 02:27:41.931989
UNSEEN_PAY_002803,UNSEEN_CUST_01020,10415.25,upi,successful,,,1,2026-06-04 17:02:41.931989
UNSEEN_PAY_002804,UNSEEN_CUST_00218,14987.41,upi,successful,,,1,2026-08-23 00:33:41.931989
UNSEEN_PAY_002805,UNSEEN_CUST_00938,6891.39,upi,successful,,,1,2026-06-10 20:18:41.931989
UNSEEN_PAY_002806,UNSEEN_CUST_00556,6112.77,card,successful,,,1,2026-07-09 10:15:41.931989
UNSEEN_PAY_002807,UNSEEN_CUST_00667,13433.03,card,failed,NETWORK_TIMEOUT,timeout,1,2026-07-09 02:52:41.932990
UNSEEN_PAY_002808,UNSEEN_CUST_00267,28466.25,upi,failed,BANK_SERVICE_UNAVAILABLE,temporary_bank_failure,1,2026-06-16 07:03:41.932990
UNSEEN_PAY_002809,UNSEEN_CUST_01331,10816.53,upi,failed,FUNDS_NOT_AVAILABLE,insufficient_funds,2,2026-07-18 13:54:41.932990
UNSEEN_PAY_002810,UNSEEN_CUST_01300,8042.63,upi,successful,,,2,2026-06-16 17:38:41.932990
UNSEEN_PAY_002811,UNSEEN_CUST_00506,7297.68,upi,successful,,,1,2026-08-03 11:37:41.932990
UNSEEN_PAY_002812,UNSEEN_CUST_00764,37421.28,upi,successful,,,1,2026-06-14 16:20:41.932990
UNSEEN_PAY_002813,UNSEEN_CUST_01623,17619.79,card,successful,,,1,2026-07-26 01:17:41.932990
UNSEEN_PAY_002814,UNSEEN_CUST_01602,7009.55,upi,successful,,,1,2026-07-10 07:14:41.932990
UNSEEN_PAY_002815,UNSEEN_CUST_01382,41664.12,card,successful,,,1,2026-07-06 08:16:41.932990
UNSEEN_PAY_002816,UNSEEN_CUST_00081,14529.48,upi,successful,,,1,2026-06-18 06:27:41.932990
UNSEEN_PAY_002817,UNSEEN_CUST_01953,37409.89,netbanking,successful,,,1,2026-08-21 23:32:41.932990
UNSEEN_PAY_002818,UNSEEN_CUST_00576,16327.71,upi,successful,,,1,2026-07-31 22:19:41.932990
UNSEEN_PAY_002819,UNSEEN_CUST_01515,15542.17,card,failed,BANK_SERVICE_UNAVAILABLE,temporary_bank_failure,1,2026-06-06 21:05:41.932990
UNSEEN_PAY_002820,UNSEEN_CUST_00250,15930.49,netbanking,successful,,,1,2026-05-28 00:45:41.932990
UNSEEN_PAY_002821,UNSEEN_CUST_01139,24429.6,card,successful,,,1,2026-06-06 22:01:41.932990
UNSEEN_PAY_002822,UNSEEN_CUST_01166,22473.98,upi,successful,,,1,2026-08-22 13:20:41.932990
UNSEEN_PAY_002823,UNSEEN_CUST_01641,48188.93,netbanking,successful,,,1,2026-07-02 13:33:41.932990
UNSEEN_PAY_002824,UNSEEN_CUST_01349,14009.28,upi,successful,,,1,2026-08-23 09:35:41.932990
UNSEEN_PAY_002825,UNSEEN_CUST_01406,48288.7,upi,successful,,,1,2026-08-19 06:54:41.932990
UNSEEN_PAY_002826,UNSEEN_CUST_00392,11357.6,upi,failed,LIMIT_EXCEEDED,limit_exceeded,1,2026-07-21 15:57:41.932990
UNSEEN_PAY_002827,UNSEEN_CUST_00120,14302.64,card,successful,,,1,2026-07-11 14:05:41.932990
UNSEEN_PAY_002828,UNSEEN_CUST_00632,11973.47,card,successful,,,2,2026-06-16 07:26:41.933989
UNSEEN_PAY_002829,UNSEEN_CUST_01523,32326.49,card,successful,,,1,2026-06-16 11:46:41.933989
UNSEEN_PAY_002830,UNSEEN_CUST_01590,21945.22,upi,successful,,,1,2026-07-02 09:14:41.933989
UNSEEN_PAY_002831,UNSEEN_CUST_01818,37232.04,netbanking,successful,,,1,2026-06-04 00:57:41.933989
UNSEEN_PAY_002832,UNSEEN_CUST_01761,11829.18,upi,successful,,,1,2026-08-23 08:45:41.933989
UNSEEN_PAY_002833,UNSEEN_CUST_01597,1789.66,netbanking,failed,INSUFFICIENT_BALANCE,insufficient_funds,1,2026-08-26 07:22:41.933989
UNSEEN_PAY_002834,UNSEEN_CUST_00042,45418.6,card,successful,,,1,2026-06-17 03:22:41.933989
UNSEEN_PAY_002835,UNSEEN_CUST_01998,46807.77,upi,successful,,,1,2026-08-24 12:13:41.933989
UNSEEN_PAY_002836,UNSEEN_CUST_00325,20087.58,upi,successful,,,1,2026-06-22 02:22:41.933989
UNSEEN_PAY_002837,UNSEEN_CUST_00521,17719.89,upi,successful,,,2,2026-08-12 13:55:41.933989
UNSEEN_PAY_002838,UNSEEN_CUST_01178,37843.82,upi,successful,,,1,2026-07-31 08:33:41.933989
UNSEEN_PAY_002839,UNSEEN_CUST_01895,37527.17,netbanking,failed,PROCESSING_TIMEOUT,timeout,1,2026-06-15 10:50:41.933989
UNSEEN_PAY_002840,UNSEEN_CUST_01966,24107.45,card,successful,,,1,2026-08-26 16:54:41.933989
UNSEEN_PAY_002841,UNSEEN_CUST_01948,8526.46,card,successful,,,2,2026-06-20 10:51:41.933989
UNSEEN_PAY_002842,UNSEEN_CUST_01301,17909.33,upi,successful,,,1,2026-07-04 16:12:41.933989
UNSEEN_PAY_002843,UNSEEN_CUST_00478,41322.68,netbanking,successful,,,1,2026-06-30 07:29:41.933989
UNSEEN_PAY_002844,UNSEEN_CUST_00799,2624.29,card,successful,,,1,2026-06-20 20:16:41.933989
UNSEEN_PAY_002845,UNSEEN_CUST_00969,33919.25,netbanking,successful,,,1,2026-05-29 22:04:41.933989
UNSEEN_PAY_002846,UNSEEN_CUST_00374,6159.95,netbanking,successful,,,1,2026-07-15 12:54:41.933989
UNSEEN_PAY_002847,UNSEEN_CUST_00916,19593.35,card,successful,,,2,2026-07-14 16:41:41.933989
UNSEEN_PAY_002848,UNSEEN_CUST_00868,3333.32,card,failed,AUTHENTICATION_FAILED,authentication_failed,1,2026-07-26 10:04:41.934990
UNSEEN_PAY_002849,UNSEEN_CUST_01123,19797.18,upi,successful,,,1,2026-08-17 02:24:41.934990
UNSEEN_PAY_002850,UNSEEN_CUST_01009,36676.01,card,successful,,,1,2026-07-18 14:38:41.934990
UNSEEN_PAY_002851,UNSEEN_CUST_01943,2251.87,upi,successful,,,2,2026-08-09 23:42:41.934990
UNSEEN_PAY_002852,UNSEEN_CUST_00534,43653.29,netbanking,successful,,,1,2026-07-12 06:30:41.934990
UNSEEN_PAY_002853,UNSEEN_CUST_01240,15595.25,upi,successful,,,1,2026-06-03 17:24:41.934990
UNSEEN_PAY_002854,UNSEEN_CUST_00864,11133.91,upi,successful,,,1,2026-07-06 02:34:41.934990
UNSEEN_PAY_002855,UNSEEN_CUST_00423,34309.17,card,successful,,,1,2026-05-28 03:25:41.934990
UNSEEN_PAY_002856,UNSEEN_CUST_01660,29926.31,card,successful,,,1,2026-07-25 02:09:41.934990
UNSEEN_PAY_002857,UNSEEN_CUST_00631,30162.93,upi,successful,,,1,2026-07-07 03:29:41.934990
UNSEEN_PAY_002858,UNSEEN_CUST_00916,17832.12,upi,successful,,,1,2026-07-03 16:52:41.934990
UNSEEN_PAY_002859,UNSEEN_CUST_01562,42112.79,card,successful,,,1,2026-07-26 22:25:41.934990
UNSEEN_PAY_002860,UNSEEN_CUST_00103,70640.19,card,successful,,,1,2026-08-16 15:03:41.934990
UNSEEN_PAY_002861,UNSEEN_CUST_01917,43470.07,upi,successful,,,1,2026-07-31 17:11:41.934990
UNSEEN_PAY_002862,UNSEEN_CUST_00360,9429.76,card,successful,,,1,2026-06-26 05:39:41.934990
UNSEEN_PAY_002863,UNSEEN_CUST_00846,27003.94,card,successful,,,1,2026-07-27 16:46:41.934990
UNSEEN_PAY_002864,UNSEEN_CUST_00344,41329.92,upi,successful,,,1,2026-06-07 19:30:41.934990
UNSEEN_PAY_002865,UNSEEN_CUST_00472,26397.06,upi,successful,,,1,2026-08-03 18:22:41.934990
UNSEEN_PAY_002866,UNSEEN_CUST_01900,29282.18,upi,successful,,,1,2026-08-14 04:22:41.934990
UNSEEN_PAY_002867,UNSEEN_CUST_01807,37219.59,card,successful,,,1,2026-08-01 16:27:41.934990
UNSEEN_PAY_002868,UNSEEN_CUST_00577,13296.28,netbanking,successful,,,1,2026-08-22 22:37:41.934990
UNSEEN_PAY_002869,UNSEEN_CUST_01245,32545.58,upi,successful,,,1,2026-08-22 16:28:41.934990
UNSEEN_PAY_002870,UNSEEN_CUST_00759,4308.64,card,successful,,,1,2026-06-02 05:24:41.935989
UNSEEN_PAY_002871,UNSEEN_CUST_01756,8275.8,upi,successful,,,2,2026-06-07 11:41:41.935989
UNSEEN_PAY_002872,UNSEEN_CUST_00937,14215.91,upi,failed,BANK_SERVICE_UNAVAILABLE,temporary_bank_failure,1,2026-08-14 11:16:41.935989
UNSEEN_PAY_002873,UNSEEN_CUST_00143,17608.07,card,successful,,,1,2026-06-15 18:41:41.935989
UNSEEN_PAY_002874,UNSEEN_CUST_00891,40719.08,netbanking,successful,,,1,2026-06-24 07:16:41.935989
UNSEEN_PAY_002875,UNSEEN_CUST_01726,10489.16,upi,successful,,,1,2026-07-07 22:09:41.935989
UNSEEN_PAY_002876,UNSEEN_CUST_01252,1292.91,card,successful,,,1,2026-07-31 04:13:41.935989
UNSEEN_PAY_002877,UNSEEN_CUST_00723,60617.24,upi,successful,,,1,2026-07-23 12:16:41.935989
UNSEEN_PAY_002878,UNSEEN_CUST_01031,16236.2,upi,successful,,,1,2026-08-17 16:35:41.935989
UNSEEN_PAY_002879,UNSEEN_CUST_01528,41139.24,upi,successful,,,1,2026-06-18 02:03:41.935989
UNSEEN_PAY_002880,UNSEEN_CUST_00659,19577.8,upi,failed,FUNDS_NOT_AVAILABLE,insufficient_funds,1,2026-05-30 18:53:41.935989
UNSEEN_PAY_002881,UNSEEN_CUST_01232,40153.16,upi,successful,,,1,2026-08-04 18:59:41.935989
UNSEEN_PAY_002882,UNSEEN_CUST_00545,41609.19,upi,successful,,,1,2026-06-23 00:19:41.935989
UNSEEN_PAY_002883,UNSEEN_CUST_01315,4964.5,card,successful,,,2,2026-06-25 14:38:41.935989
UNSEEN_PAY_002884,UNSEEN_CUST_01927,11207.77,upi,successful,,,1,2026-08-07 16:49:41.935989
UNSEEN_PAY_002885,UNSEEN_CUST_00173,14066.1,upi,successful,,,1,2026-07-05 12:07:41.935989
UNSEEN_PAY_002886,UNSEEN_CUST_00951,14915.1,upi,successful,,,1,2026-07-15 23:47:41.935989
UNSEEN_PAY_002887,UNSEEN_CUST_00280,9748.13,netbanking,successful,,,1,2026-07-25 00:47:41.935989
UNSEEN_PAY_002888,UNSEEN_CUST_01374,37525.34,upi,successful,,,1,2026-06-21 03:45:41.935989
UNSEEN_PAY_002889,UNSEEN_CUST_00949,15605.49,card,successful,,,1,2026-08-06 21:05:41.935989
UNSEEN_PAY_002890,UNSEEN_CUST_01441,6494.72,card,successful,,,1,2026-08-04 04:28:41.935989
UNSEEN_PAY_002891,UNSEEN_CUST_01340,16174.74,card,successful,,,1,2026-07-31 01:00:41.936990
UNSEEN_PAY_002892,UNSEEN_CUST_01712,17381.49,upi,successful,,,1,2026-07-10 01:00:41.936990
UNSEEN_PAY_002893,UNSEEN_CUST_00028,3611.94,card,failed,INSUFFICIENT_BALANCE,insufficient_funds,1,2026-08-05 21:14:41.936990
UNSEEN_PAY_002894,UNSEEN_CUST_01496,5914.08,upi,successful,,,1,2026-05-29 23:30:41.936990
UNSEEN_PAY_002895,UNSEEN_CUST_01191,45884.15,upi,successful,,,1,2026-06-15 17:37:41.936990
UNSEEN_PAY_002896,UNSEEN_CUST_01572,26881.81,netbanking,successful,,,1,2026-05-31 21:43:41.936990
UNSEEN_PAY_002897,UNSEEN_CUST_00665,41255.24,card,successful,,,1,2026-08-07 01:55:41.936990
UNSEEN_PAY_002898,UNSEEN_CUST_01915,37443.66,upi,successful,,,1,2026-05-30 02:07:41.936990
UNSEEN_PAY_002899,UNSEEN_CUST_01880,25426.57,upi,successful,,,1,2026-06-03 21:12:41.936990
UNSEEN_PAY_002900,UNSEEN_CUST_00061,1367.59,netbanking,successful,,,1,2026-08-22 10:44:41.936990
UNSEEN_PAY_002901,UNSEEN_CUST_01463,14085.98,upi,successful,,,1,2026-06-26 21:21:41.936990
UNSEEN_PAY_002902,UNSEEN_CUST_00685,12901.86,card,successful,,,1,2026-07-05 08:56:41.936990
UNSEEN_PAY_002903,UNSEEN_CUST_01535,44938.13,upi,successful,,,1,2026-08-04 14:51:41.936990
UNSEEN_PAY_002904,UNSEEN_CUST_01782,26677.53,upi,successful,,,1,2026-07-13 00:11:41.936990
UNSEEN_PAY_002905,UNSEEN_CUST_01135,8547.74,upi,successful,,,1,2026-06-18 03:26:41.936990
UNSEEN_PAY_002906,UNSEEN_CUST_01540,19054.93,upi,successful,,,1,2026-07-24 07:56:41.936990
UNSEEN_PAY_002907,UNSEEN_CUST_00562,23627.33,netbanking,successful,,,1,2026-08-15 19:50:41.936990
UNSEEN_PAY_002908,UNSEEN_CUST_01380,12933.25,card,successful,,,1,2026-07-01 15:34:41.936990
UNSEEN_PAY_002909,UNSEEN_CUST_01076,88823.02,upi,successful,,,2,2026-06-13 16:06:41.936990
UNSEEN_PAY_002910,UNSEEN_CUST_00304,1828.6,netbanking,successful,,,1,2026-07-28 17:46:41.936990
UNSEEN_PAY_002911,UNSEEN_CUST_00733,33347.18,upi,successful,,,1,2026-07-12 02:49:41.936990
UNSEEN_PAY_002912,UNSEEN_CUST_01381,9880.85,upi,successful,,,1,2026-06-29 18:19:41.937990
UNSEEN_PAY_002913,UNSEEN_CUST_01295,3088.54,card,successful,,,1,2026-08-20 06:15:41.937990
UNSEEN_PAY_002914,UNSEEN_CUST_01202,96467.14,upi,successful,,,1,2026-07-11 16:04:41.937990
UNSEEN_PAY_002915,UNSEEN_CUST_01297,8293.05,upi,successful,,,1,2026-07-20 05:40:41.937990
UNSEEN_PAY_002916,UNSEEN_CUST_01405,26952.45,card,successful,,,1,2026-08-18 03:48:41.937990
UNSEEN_PAY_002917,UNSEEN_CUST_00155,2157.21,upi,successful,,,1,2026-06-07 14:57:41.937990
UNSEEN_PAY_002918,UNSEEN_CUST_01783,15486.48,upi,successful,,,1,2026-05-27 23:04:41.937990
UNSEEN_PAY_002919,UNSEEN_CUST_01819,33396.21,upi,successful,,,1,2026-08-05 02:03:41.937990
UNSEEN_PAY_002920,UNSEEN_CUST_00053,30903.31,upi,successful,,,1,2026-06-15 04:55:41.937990
UNSEEN_PAY_002921,UNSEEN_CUST_01813,13962.03,upi,failed,TRANSACTION_LIMIT_EXCEEDED,limit_exceeded,1,2026-06-12 08:58:41.937990
UNSEEN_PAY_002922,UNSEEN_CUST_01461,12322.62,card,successful,,,1,2026-06-24 17:42:41.937990
UNSEEN_PAY_002923,UNSEEN_CUST_00176,28299.21,upi,successful,,,1,2026-07-23 14:42:41.937990
UNSEEN_PAY_002924,UNSEEN_CUST_00778,4344.05,upi,failed,PROCESSING_TIMEOUT,timeout,1,2026-07-21 07:33:41.937990
UNSEEN_PAY_002925,UNSEEN_CUST_01619,41118.91,netbanking,successful,,,1,2026-06-22 12:07:41.937990
UNSEEN_PAY_002926,UNSEEN_CUST_00329,37896.14,upi,successful,,,1,2026-05-28 10:29:41.937990
UNSEEN_PAY_002927,UNSEEN_CUST_01127,69592.81,upi,successful,,,1,2026-07-19 20:28:41.937990
UNSEEN_PAY_002928,UNSEEN_CUST_01617,7804.49,upi,successful,,,1,2026-07-03 10:59:41.937990
UNSEEN_PAY_002929,UNSEEN_CUST_00233,24185.99,upi,successful,,,2,2026-06-26 07:52:41.937990
UNSEEN_PAY_002930,UNSEEN_CUST_01791,12603.69,upi,successful,,,1,2026-08-25 00:06:41.937990
UNSEEN_PAY_002931,UNSEEN_CUST_01258,26487.4,upi,successful,,,1,2026-06-06 00:25:41.937990
UNSEEN_PAY_002932,UNSEEN_CUST_00893,17265.23,upi,failed,FUNDS_NOT_AVAILABLE,insufficient_funds,1,2026-07-20 13:55:41.937990
UNSEEN_PAY_002933,UNSEEN_CUST_00941,20856.09,upi,failed,FUNDS_NOT_AVAILABLE,insufficient_funds,1,2026-08-18 12:35:41.938990
UNSEEN_PAY_002934,UNSEEN_CUST_01141,2388.09,upi,successful,,,1,2026-06-07 00:38:41.938990
UNSEEN_PAY_002935,UNSEEN_CUST_00244,49031.27,netbanking,failed,FUNDS_NOT_AVAILABLE,insufficient_funds,1,2026-06-30 16:09:41.938990
UNSEEN_PAY_002936,UNSEEN_CUST_00235,28052.6,card,successful,,,1,2026-06-21 05:55:41.938990
UNSEEN_PAY_002937,UNSEEN_CUST_00233,1161.8,upi,successful,,,1,2026-08-16 13:46:41.938990
UNSEEN_PAY_002938,UNSEEN_CUST_00558,27091.33,upi,failed,UNKNOWN_ERROR,unknown_failure,1,2026-07-10 09:21:41.938990
UNSEEN_PAY_002939,UNSEEN_CUST_01851,25336.78,card,successful,,,1,2026-08-11 10:17:41.938990
UNSEEN_PAY_002940,UNSEEN_CUST_00583,21940.85,upi,successful,,,1,2026-07-27 05:28:41.938990
UNSEEN_PAY_002941,UNSEEN_CUST_00622,75042.47,netbanking,failed,PROCESSING_TIMEOUT,timeout,1,2026-08-04 05:11:41.938990
UNSEEN_PAY_002942,UNSEEN_CUST_01644,84188.61,card,successful,,,1,2026-06-21 02:05:41.938990
UNSEEN_PAY_002943,UNSEEN_CUST_01396,15662.15,upi,successful,,,1,2026-06-26 01:04:41.938990
UNSEEN_PAY_002944,UNSEEN_CUST_00971,17587.07,card,failed,BANK_TEMPORARY_ERROR,temporary_bank_failure,2,2026-05-27 22:26:41.938990
UNSEEN_PAY_002945,UNSEEN_CUST_01366,30918.96,netbanking,successful,,,1,2026-06-09 15:56:41.938990
UNSEEN_PAY_002946,UNSEEN_CUST_01618,18383.57,netbanking,successful,,,1,2026-07-06 00:35:41.939987
UNSEEN_PAY_002947,UNSEEN_CUST_00565,33910.9,card,successful,,,1,2026-07-03 18:37:41.939987
UNSEEN_PAY_002948,UNSEEN_CUST_00433,25042.04,netbanking,failed,AUTHENTICATION_FAILED,authentication_failed,1,2026-06-30 20:41:41.939987
UNSEEN_PAY_002949,UNSEEN_CUST_01089,50097.72,upi,successful,,,2,2026-07-11 06:08:41.939987
UNSEEN_PAY_002950,UNSEEN_CUST_01738,43311.96,card,successful,,,1,2026-06-04 10:00:41.939987
UNSEEN_PAY_002951,UNSEEN_CUST_00860,2135.4,card,successful,,,1,2026-08-26 02:09:41.939987
UNSEEN_PAY_002952,UNSEEN_CUST_01506,37480.67,upi,successful,,,1,2026-07-11 19:26:41.939987
UNSEEN_PAY_002953,UNSEEN_CUST_00482,28201.1,upi,failed,BANK_TEMPORARY_ERROR,temporary_bank_failure,1,2026-06-14 20:39:41.939987
UNSEEN_PAY_002954,UNSEEN_CUST_01312,17484.25,netbanking,successful,,,1,2026-06-24 18:04:41.939987
UNSEEN_PAY_002955,UNSEEN_CUST_01758,5180.05,netbanking,successful,,,1,2026-06-25 07:54:41.939987
UNSEEN_PAY_002956,UNSEEN_CUST_01705,39021.03,upi,successful,,,1,2026-07-19 22:31:41.939987
UNSEEN_PAY_002957,UNSEEN_CUST_00072,28629.15,netbanking,successful,,,1,2026-08-22 06:04:41.939987
UNSEEN_PAY_002958,UNSEEN_CUST_01960,18250.12,card,successful,,,1,2026-08-08 23:53:41.939987
UNSEEN_PAY_002959,UNSEEN_CUST_01462,29346.0,upi,successful,,,1,2026-07-24 16:37:41.939987
UNSEEN_PAY_002960,UNSEEN_CUST_00724,29335.05,upi,successful,,,1,2026-06-09 21:14:41.939987
UNSEEN_PAY_002961,UNSEEN_CUST_01801,21983.81,card,failed,BANK_SERVICE_UNAVAILABLE,temporary_bank_failure,1,2026-07-23 23:22:41.940990
UNSEEN_PAY_002962,UNSEEN_CUST_00358,14087.9,netbanking,successful,,,1,2026-06-01 04:26:41.940990
UNSEEN_PAY_002963,UNSEEN_CUST_00581,1800.34,netbanking,successful,,,1,2026-06-30 06:42:41.940990
UNSEEN_PAY_002964,UNSEEN_CUST_00896,31181.64,netbanking,successful,,,1,2026-06-13 07:49:41.940990
UNSEEN_PAY_002965,UNSEEN_CUST_01152,7340.84,netbanking,successful,,,1,2026-08-11 18:23:41.940990
UNSEEN_PAY_002966,UNSEEN_CUST_01828,19613.75,netbanking,successful,,,1,2026-08-02 16:46:41.940990
UNSEEN_PAY_002967,UNSEEN_CUST_01229,44371.61,card,successful,,,1,2026-06-15 11:18:41.940990
UNSEEN_PAY_002968,UNSEEN_CUST_00317,43616.09,upi,successful,,,1,2026-07-02 06:19:41.940990
UNSEEN_PAY_002969,UNSEEN_CUST_00036,4463.21,upi,successful,,,1,2026-07-03 20:50:41.940990
UNSEEN_PAY_002970,UNSEEN_CUST_01437,71394.71,upi,successful,,,1,2026-07-18 17:08:41.940990
UNSEEN_PAY_002971,UNSEEN_CUST_01495,4018.06,card,successful,,,1,2026-07-16 04:37:41.940990
UNSEEN_PAY_002972,UNSEEN_CUST_00585,28552.03,upi,successful,,,1,2026-06-27 00:52:41.940990
UNSEEN_PAY_002973,UNSEEN_CUST_01919,40856.83,upi,successful,,,1,2026-06-19 07:41:41.940990
UNSEEN_PAY_002974,UNSEEN_CUST_00562,2689.05,netbanking,successful,,,1,2026-08-12 04:12:41.940990
UNSEEN_PAY_002975,UNSEEN_CUST_00967,14540.39,card,successful,,,2,2026-06-20 07:13:41.940990
UNSEEN_PAY_002976,UNSEEN_CUST_01568,37253.8,upi,successful,,,1,2026-07-21 15:28:41.940990
UNSEEN_PAY_002977,UNSEEN_CUST_01856,14824.9,card,failed,BANK_SERVICE_UNAVAILABLE,temporary_bank_failure,1,2026-08-22 01:14:41.940990
UNSEEN_PAY_002978,UNSEEN_CUST_00803,8900.5,upi,successful,,,1,2026-06-15 06:40:41.940990
UNSEEN_PAY_002979,UNSEEN_CUST_01444,23216.07,upi,successful,,,2,2026-05-29 08:02:41.940990
UNSEEN_PAY_002980,UNSEEN_CUST_00311,43496.51,upi,successful,,,1,2026-07-13 02:48:41.940990
UNSEEN_PAY_002981,UNSEEN_CUST_00199,11279.04,upi,failed,BANK_SERVICE_UNAVAILABLE,temporary_bank_failure,1,2026-07-08 14:15:41.940990
UNSEEN_PAY_002982,UNSEEN_CUST_00766,12409.63,card,successful,,,1,2026-08-01 20:54:41.941986
UNSEEN_PAY_002983,UNSEEN_CUST_01114,43277.73,upi,failed,AUTHENTICATION_FAILED,authentication_failed,1,2026-05-30 08:52:41.941986
UNSEEN_PAY_002984,UNSEEN_CUST_00352,38070.6,upi,successful,,,1,2026-08-20 11:10:41.941986
UNSEEN_PAY_002985,UNSEEN_CUST_01583,18384.21,card,successful,,,1,2026-06-02 01:05:41.941986
UNSEEN_PAY_002986,UNSEEN_CUST_00894,23512.97,card,successful,,,1,2026-07-06 00:54:41.941986
UNSEEN_PAY_002987,UNSEEN_CUST_01860,11128.5,card,successful,,,1,2026-08-10 04:05:41.941986
UNSEEN_PAY_002988,UNSEEN_CUST_00486,43874.55,upi,successful,,,1,2026-07-15 10:35:41.941986
UNSEEN_PAY_002989,UNSEEN_CUST_01888,19029.96,upi,failed,INSTRUMENT_EXPIRED,expired_instrument,2,2026-07-02 03:16:41.941986
UNSEEN_PAY_002990,UNSEEN_CUST_01195,48990.7,upi,successful,,,1,2026-08-15 01:41:41.941986
UNSEEN_PAY_002991,UNSEEN_CUST_00038,18483.52,netbanking,successful,,,1,2026-06-16 13:35:41.941986
UNSEEN_PAY_002992,UNSEEN_CUST_00487,80596.12,card,successful,,,1,2026-07-20 05:59:41.941986
UNSEEN_PAY_002993,UNSEEN_CUST_01588,42579.73,upi,successful,,,1,2026-07-29 11:37:41.941986
UNSEEN_PAY_002994,UNSEEN_CUST_00917,12036.02,upi,successful,,,1,2026-08-20 15:57:41.941986
UNSEEN_PAY_002995,UNSEEN_CUST_01004,1152.51,upi,successful,,,1,2026-08-23 15:53:41.941986
UNSEEN_PAY_002996,UNSEEN_CUST_00083,1287.95,netbanking,successful,,,1,2026-08-19 13:10:41.941986
UNSEEN_PAY_002997,UNSEEN_CUST_01275,44486.27,upi,successful,,,1,2026-06-18 11:12:41.941986
UNSEEN_PAY_002998,UNSEEN_CUST_00761,46465.13,upi,successful,,,1,2026-06-27 21:28:41.941986
UNSEEN_PAY_002999,UNSEEN_CUST_01505,28561.63,netbanking,successful,,,1,2026-06-20 00:10:41.941986
UNSEEN_PAY_003000,UNSEEN_CUST_01433,8114.48,card,failed,BANK_TEMPORARY_ERROR,temporary_bank_failure,1,2026-06-01 09:18:41.942990
UNSEEN_PAY_003001,UNSEEN_CUST_00412,37858.59,netbanking,successful,,,1,2026-07-31 16:16:41.942990
UNSEEN_PAY_003002,UNSEEN_CUST_00677,4983.18,card,successful,,,1,2026-08-13 14:57:41.942990
UNSEEN_PAY_003003,UNSEEN_CUST_01593,1000.46,upi,successful,,,1,2026-05-30 03:10:41.942990
UNSEEN_PAY_003004,UNSEEN_CUST_01860,36828.06,card,successful,,,2,2026-08-02 17:35:41.942990
UNSEEN_PAY_003005,UNSEEN_CUST_00183,3036.59,upi,failed,NETWORK_TIMEOUT,timeout,1,2026-06-19 18:49:41.942990
UNSEEN_PAY_003006,UNSEEN_CUST_01362,7062.73,upi,successful,,,1,2026-07-04 11:21:41.942990
UNSEEN_PAY_003007,UNSEEN_CUST_01397,44452.51,netbanking,successful,,,1,2026-07-26 02:19:41.942990
UNSEEN_PAY_003008,UNSEEN_CUST_00115,7579.33,netbanking,successful,,,1,2026-08-04 13:12:41.942990
UNSEEN_PAY_003009,UNSEEN_CUST_00967,35622.25,card,successful,,,1,2026-07-25 13:29:41.942990
UNSEEN_PAY_003010,UNSEEN_CUST_01258,22837.31,upi,successful,,,1,2026-08-05 10:05:41.942990
UNSEEN_PAY_003011,UNSEEN_CUST_01218,33471.91,upi,successful,,,1,2026-07-05 15:10:41.942990
UNSEEN_PAY_003012,UNSEEN_CUST_00235,34731.19,upi,successful,,,1,2026-06-15 21:34:41.942990
UNSEEN_PAY_003013,UNSEEN_CUST_01295,10912.64,upi,successful,,,1,2026-07-15 06:31:41.942990
UNSEEN_PAY_003014,UNSEEN_CUST_01614,4897.47,card,successful,,,1,2026-07-24 20:22:41.942990
UNSEEN_PAY_003015,UNSEEN_CUST_00679,3252.73,upi,failed,,insufficient_funds,2,2026-08-10 17:54:41.942990
UNSEEN_PAY_003016,UNSEEN_CUST_00211,12024.62,upi,successful,,,1,2026-08-06 02:34:41.942990
UNSEEN_PAY_003017,UNSEEN_CUST_00953,6868.37,upi,successful,,,1,2026-06-28 23:39:41.942990
UNSEEN_PAY_003018,UNSEEN_CUST_00263,29175.71,upi,failed,TRANSACTION_LIMIT_EXCEEDED,limit_exceeded,1,2026-06-27 12:59:41.943990
UNSEEN_PAY_003019,UNSEEN_CUST_00137,40378.62,card,successful,,,1,2026-06-09 01:23:41.943990
UNSEEN_PAY_003020,UNSEEN_CUST_00863,26447.0,upi,successful,,,1,2026-08-09 10:28:41.943990
UNSEEN_PAY_003021,UNSEEN_CUST_00303,23129.4,netbanking,successful,,,1,2026-07-29 23:07:41.943990
UNSEEN_PAY_003022,UNSEEN_CUST_00789,11383.42,card,successful,,,1,2026-07-09 15:44:41.943990
UNSEEN_PAY_003023,UNSEEN_CUST_00379,4867.62,card,successful,,,1,2026-07-10 09:42:41.943990
UNSEEN_PAY_003024,UNSEEN_CUST_00838,46683.88,netbanking,successful,,,1,2026-06-10 20:38:41.943990
UNSEEN_PAY_003025,UNSEEN_CUST_00412,44304.23,card,successful,,,1,2026-08-03 02:55:41.943990
UNSEEN_PAY_003026,UNSEEN_CUST_00996,17842.62,upi,successful,,,1,2026-08-19 18:55:41.943990
UNSEEN_PAY_003027,UNSEEN_CUST_01915,2874.67,upi,successful,,,1,2026-08-19 23:41:41.943990
UNSEEN_PAY_003028,UNSEEN_CUST_00174,48049.41,card,successful,,,1,2026-05-31 12:59:41.943990
UNSEEN_PAY_003029,UNSEEN_CUST_01159,13034.79,card,successful,,,1,2026-06-21 13:50:41.943990
UNSEEN_PAY_003030,UNSEEN_CUST_00399,3230.61,upi,failed,INSTRUMENT_EXPIRED,expired_instrument,1,2026-07-27 11:31:41.943990
UNSEEN_PAY_003031,UNSEEN_CUST_00267,5438.21,upi,successful,,,1,2026-06-18 05:39:41.943990
UNSEEN_PAY_003032,UNSEEN_CUST_00896,2737.36,card,successful,,,1,2026-06-23 06:18:41.943990
UNSEEN_PAY_003033,UNSEEN_CUST_01736,40806.53,card,successful,,,1,2026-07-04 03:46:41.943990
UNSEEN_PAY_003034,UNSEEN_CUST_01077,4498.94,card,successful,,,1,2026-06-27 16:26:41.943990
UNSEEN_PAY_003035,UNSEEN_CUST_00793,45413.87,netbanking,successful,,,1,2026-06-15 09:02:41.943990
UNSEEN_PAY_003036,UNSEEN_CUST_01522,4240.56,upi,successful,,,1,2026-06-03 05:52:41.943990
UNSEEN_PAY_003037,UNSEEN_CUST_00165,25599.87,card,successful,,,1,2026-08-07 03:52:41.944990
UNSEEN_PAY_003038,UNSEEN_CUST_00996,42235.37,upi,successful,,,1,2026-08-21 21:40:41.944990
UNSEEN_PAY_003039,UNSEEN_CUST_00851,28344.25,upi,failed,TRANSACTION_LIMIT_EXCEEDED,limit_exceeded,3,2026-06-02 04:03:41.944990
UNSEEN_PAY_003040,UNSEEN_CUST_00338,52957.45,upi,successful,,,1,2026-06-19 01:18:41.944990
UNSEEN_PAY_003041,UNSEEN_CUST_00343,30829.48,upi,successful,,,1,2026-06-22 13:10:41.944990
UNSEEN_PAY_003042,UNSEEN_CUST_01661,20877.16,netbanking,failed,INSTRUMENT_EXPIRED,expired_instrument,2,2026-08-15 03:05:41.944990
UNSEEN_PAY_003043,UNSEEN_CUST_00323,13304.06,netbanking,successful,,,1,2026-08-02 04:35:41.944990
UNSEEN_PAY_003044,UNSEEN_CUST_01226,23267.2,upi,successful,,,1,2026-06-05 15:31:41.944990
UNSEEN_PAY_003045,UNSEEN_CUST_01365,10913.88,upi,successful,,,1,2026-07-06 18:01:41.944990
UNSEEN_PAY_003046,UNSEEN_CUST_01771,3978.25,upi,successful,,,1,2026-07-02 03:13:41.944990
UNSEEN_PAY_003047,UNSEEN_CUST_00757,15272.86,upi,successful,,,1,2026-07-18 19:45:41.944990
UNSEEN_PAY_003048,UNSEEN_CUST_01433,4013.85,card,successful,,,2,2026-06-24 23:28:41.944990
UNSEEN_PAY_003049,UNSEEN_CUST_00135,1027.82,upi,successful,,,1,2026-07-08 21:14:41.944990
UNSEEN_PAY_003050,UNSEEN_CUST_00281,39445.61,upi,successful,,,1,2026-07-05 12:13:41.944990
UNSEEN_PAY_003051,UNSEEN_CUST_01019,49639.31,card,failed,AUTHENTICATION_FAILED,authentication_failed,1,2026-07-12 23:32:41.944990
UNSEEN_PAY_003052,UNSEEN_CUST_00102,6230.58,card,failed,BANK_TEMPORARY_ERROR,temporary_bank_failure,1,2026-08-08 07:40:41.944990
UNSEEN_PAY_003053,UNSEEN_CUST_00849,27881.74,upi,successful,,,1,2026-06-11 14:30:41.944990
UNSEEN_PAY_003054,UNSEEN_CUST_00674,16932.74,upi,successful,,,1,2026-08-02 22:54:41.944990
UNSEEN_PAY_003055,UNSEEN_CUST_01798,40577.93,netbanking,successful,,,1,2026-06-07 12:19:41.945990
UNSEEN_PAY_003056,UNSEEN_CUST_00565,6759.42,upi,failed,CARD_EXPIRED,expired_instrument,1,2026-07-23 08:23:41.945990
UNSEEN_PAY_003057,UNSEEN_CUST_00642,28929.27,card,successful,,,1,2026-07-31 16:39:41.945990
UNSEEN_PAY_003058,UNSEEN_CUST_00346,16656.54,card,successful,,,1,2026-07-03 18:07:41.945990
UNSEEN_PAY_003059,UNSEEN_CUST_00930,7588.34,netbanking,successful,,,1,2026-07-30 02:08:41.945990
UNSEEN_PAY_003060,UNSEEN_CUST_00348,15985.14,card,successful,,,1,2026-08-10 13:18:41.945990
UNSEEN_PAY_003061,UNSEEN_CUST_00815,42749.42,upi,successful,,,1,2026-07-25 11:14:41.945990
UNSEEN_PAY_003062,UNSEEN_CUST_01453,12471.33,card,successful,,,1,2026-07-26 09:14:41.945990
UNSEEN_PAY_003063,UNSEEN_CUST_01033,22572.67,upi,successful,,,1,2026-06-01 22:25:41.945990
UNSEEN_PAY_003064,UNSEEN_CUST_01442,27106.14,card,successful,,,1,2026-06-10 16:00:41.945990
UNSEEN_PAY_003065,UNSEEN_CUST_00723,18671.13,upi,successful,,,1,2026-06-15 12:56:41.945990
UNSEEN_PAY_003066,UNSEEN_CUST_00716,37524.68,upi,successful,,,1,2026-06-22 08:19:41.945990
UNSEEN_PAY_003067,UNSEEN_CUST_00259,30676.45,card,successful,,,1,2026-07-19 08:33:41.945990
UNSEEN_PAY_003068,UNSEEN_CUST_01011,94473.44,upi,successful,,,1,2026-08-13 13:34:41.945990
UNSEEN_PAY_003069,UNSEEN_CUST_01470,4242.95,upi,successful,,,2,2026-08-02 19:48:41.945990
UNSEEN_PAY_003070,UNSEEN_CUST_01220,47490.28,upi,successful,,,1,2026-06-05 14:53:41.945990
UNSEEN_PAY_003071,UNSEEN_CUST_00581,7853.14,upi,failed,NETWORK_TIMEOUT,timeout,2,2026-07-27 17:24:41.945990
UNSEEN_PAY_003072,UNSEEN_CUST_00726,77580.07,netbanking,successful,,,1,2026-08-09 08:26:41.945990
UNSEEN_PAY_003073,UNSEEN_CUST_00904,31202.85,upi,successful,,,1,2026-08-21 15:52:41.945990
UNSEEN_PAY_003074,UNSEEN_CUST_01292,14558.72,card,successful,,,1,2026-07-29 04:53:41.945990
UNSEEN_PAY_003075,UNSEEN_CUST_00666,24423.95,upi,successful,,,1,2026-07-10 18:53:41.946989
UNSEEN_PAY_003076,UNSEEN_CUST_00979,34737.42,upi,failed,CARD_EXPIRED,expired_instrument,1,2026-06-02 20:34:41.946989
UNSEEN_PAY_003077,UNSEEN_CUST_01770,34118.18,netbanking,successful,,,2,2026-06-01 14:04:41.946989
UNSEEN_PAY_003078,UNSEEN_CUST_01357,83365.29,upi,failed,BANK_SERVICE_UNAVAILABLE,temporary_bank_failure,2,2026-06-07 21:47:41.946989
UNSEEN_PAY_003079,UNSEEN_CUST_01170,27890.55,card,successful,,,1,2026-06-15 05:08:41.946989
UNSEEN_PAY_003080,UNSEEN_CUST_00211,29185.45,upi,successful,,,1,2026-06-19 05:54:41.946989
UNSEEN_PAY_003081,UNSEEN_CUST_01715,48263.42,upi,successful,,,2,2026-06-25 12:05:41.946989
UNSEEN_PAY_003082,UNSEEN_CUST_01683,68139.72,upi,successful,,,1,2026-06-20 20:32:41.946989
UNSEEN_PAY_003083,UNSEEN_CUST_00319,47339.5,netbanking,successful,,,1,2026-07-12 20:43:41.946989
UNSEEN_PAY_003084,UNSEEN_CUST_01594,17742.03,card,failed,FUNDS_NOT_AVAILABLE,insufficient_funds,1,2026-07-11 16:55:41.946989
UNSEEN_PAY_003085,UNSEEN_CUST_01348,10737.34,netbanking,successful,,,1,2026-08-06 03:40:41.946989
UNSEEN_PAY_003086,UNSEEN_CUST_01020,10263.19,card,failed,CUSTOMER_AUTH_FAILED,authentication_failed,1,2026-08-02 16:44:41.946989
UNSEEN_PAY_003087,UNSEEN_CUST_01981,13109.17,card,successful,,,1,2026-07-14 02:36:41.946989
UNSEEN_PAY_003088,UNSEEN_CUST_01867,44871.53,upi,successful,,,1,2026-06-12 20:23:41.946989
UNSEEN_PAY_003089,UNSEEN_CUST_01694,38848.45,upi,successful,,,1,2026-08-04 14:30:41.946989
UNSEEN_PAY_003090,UNSEEN_CUST_00801,51053.72,upi,successful,,,1,2026-08-21 16:49:41.946989
UNSEEN_PAY_003091,UNSEEN_CUST_00067,8443.07,upi,failed,INSUFFICIENT_BALANCE,insufficient_funds,1,2026-05-28 23:13:41.946989
UNSEEN_PAY_003092,UNSEEN_CUST_01746,6979.81,upi,successful,,,1,2026-08-16 19:56:41.946989
UNSEEN_PAY_003093,UNSEEN_CUST_00708,8117.79,upi,successful,,,1,2026-06-07 15:13:41.947990
UNSEEN_PAY_003094,UNSEEN_CUST_01932,9001.94,card,successful,,,1,2026-06-27 23:17:41.947990
UNSEEN_PAY_003095,UNSEEN_CUST_01727,7095.27,upi,successful,,,2,2026-08-08 03:39:41.947990
UNSEEN_PAY_003096,UNSEEN_CUST_01712,6576.32,card,successful,,,2,2026-06-03 14:54:41.947990
UNSEEN_PAY_003097,UNSEEN_CUST_00890,82679.43,upi,successful,,,1,2026-08-06 21:10:41.947990
UNSEEN_PAY_003098,UNSEEN_CUST_01022,37556.78,upi,failed,BANK_TEMPORARY_ERROR,temporary_bank_failure,1,2026-06-21 13:50:41.947990
UNSEEN_PAY_003099,UNSEEN_CUST_01987,79855.93,upi,successful,,,1,2026-07-16 20:12:41.947990
UNSEEN_PAY_003100,UNSEEN_CUST_01905,30697.75,upi,successful,,,1,2026-07-23 06:06:41.947990
UNSEEN_PAY_003101,UNSEEN_CUST_01608,26882.21,upi,failed,POLICY_DECLINED,risk_decline,1,2026-08-06 20:25:41.947990
UNSEEN_PAY_003102,UNSEEN_CUST_01623,29315.34,card,failed,BANK_SERVICE_UNAVAILABLE,temporary_bank_failure,1,2026-08-03 06:44:41.947990
UNSEEN_PAY_003103,UNSEEN_CUST_01652,6489.41,upi,successful,,,1,2026-06-12 18:43:41.947990
UNSEEN_PAY_003104,UNSEEN_CUST_01195,39192.14,upi,failed,TRANSACTION_LIMIT_EXCEEDED,limit_exceeded,1,2026-08-16 06:00:41.947990
UNSEEN_PAY_003105,UNSEEN_CUST_00674,33469.26,card,successful,,,1,2026-06-24 11:02:41.947990
UNSEEN_PAY_003106,UNSEEN_CUST_01665,42038.41,card,failed,BANK_TEMPORARY_ERROR,temporary_bank_failure,1,2026-06-27 20:30:41.947990
UNSEEN_PAY_003107,UNSEEN_CUST_00759,16066.88,upi,successful,,,1,2026-08-05 21:26:41.947990
UNSEEN_PAY_003108,UNSEEN_CUST_00424,13910.87,card,successful,,,1,2026-07-27 12:58:41.947990
UNSEEN_PAY_003109,UNSEEN_CUST_01383,24994.73,card,failed,BANK_SERVICE_UNAVAILABLE,temporary_bank_failure,1,2026-07-09 12:22:41.947990
UNSEEN_PAY_003110,UNSEEN_CUST_00233,4720.22,upi,successful,,,2,2026-07-29 08:18:41.947990
UNSEEN_PAY_003111,UNSEEN_CUST_00655,49430.19,upi,successful,,,1,2026-06-02 12:55:41.948990
UNSEEN_PAY_003112,UNSEEN_CUST_01041,6215.18,upi,successful,,,1,2026-08-24 16:22:41.948990
UNSEEN_PAY_003113,UNSEEN_CUST_00356,20288.29,card,successful,,,1,2026-07-10 01:34:41.948990
UNSEEN_PAY_003114,UNSEEN_CUST_00902,34002.86,netbanking,successful,,,1,2026-07-15 18:17:41.948990
UNSEEN_PAY_003115,UNSEEN_CUST_00808,37794.51,upi,successful,,,1,2026-08-25 21:03:41.948990
UNSEEN_PAY_003116,UNSEEN_CUST_01882,7291.52,upi,failed,BANK_SERVICE_UNAVAILABLE,temporary_bank_failure,1,2026-05-30 02:48:41.948990
UNSEEN_PAY_003117,UNSEEN_CUST_00054,26640.66,card,failed,INSUFFICIENT_BALANCE,insufficient_funds,1,2026-06-19 23:21:41.948990
UNSEEN_PAY_003118,UNSEEN_CUST_01724,10907.52,card,successful,,,1,2026-06-02 05:38:41.948990
UNSEEN_PAY_003119,UNSEEN_CUST_01863,43703.5,upi,successful,,,2,2026-07-05 05:54:41.948990
UNSEEN_PAY_003120,UNSEEN_CUST_00827,26792.1,upi,successful,,,1,2026-08-11 08:28:41.948990
UNSEEN_PAY_003121,UNSEEN_CUST_01614,15715.93,card,successful,,,1,2026-08-14 18:23:41.948990
UNSEEN_PAY_003122,UNSEEN_CUST_01980,6889.9,netbanking,successful,,,2,2026-07-16 06:11:41.948990
UNSEEN_PAY_003123,UNSEEN_CUST_00405,75215.29,upi,successful,,,2,2026-07-19 07:37:41.948990
UNSEEN_PAY_003124,UNSEEN_CUST_00700,26342.17,card,successful,,,1,2026-06-18 06:22:41.948990
UNSEEN_PAY_003125,UNSEEN_CUST_00438,37623.62,upi,successful,,,2,2026-08-14 05:12:41.948990
UNSEEN_PAY_003126,UNSEEN_CUST_00053,21128.92,netbanking,successful,,,1,2026-06-06 12:47:41.948990
UNSEEN_PAY_003127,UNSEEN_CUST_01768,40912.52,upi,successful,,,1,2026-07-10 17:22:41.948990
UNSEEN_PAY_003128,UNSEEN_CUST_01451,79172.32,card,successful,,,1,2026-07-05 07:36:41.948990
UNSEEN_PAY_003129,UNSEEN_CUST_01505,39384.74,upi,successful,,,1,2026-07-19 14:43:41.948990
UNSEEN_PAY_003130,UNSEEN_CUST_00878,15304.86,upi,successful,,,1,2026-07-13 12:36:41.948990
UNSEEN_PAY_003131,UNSEEN_CUST_00852,3638.08,upi,successful,,,1,2026-06-22 07:43:41.949990
UNSEEN_PAY_003132,UNSEEN_CUST_00961,11162.39,card,successful,,,1,2026-05-28 05:43:41.949990
UNSEEN_PAY_003133,UNSEEN_CUST_00160,2175.07,upi,successful,,,1,2026-05-28 16:58:41.949990
UNSEEN_PAY_003134,UNSEEN_CUST_00236,19847.63,upi,failed,AUTHENTICATION_FAILED,authentication_failed,1,2026-06-23 17:30:41.949990
UNSEEN_PAY_003135,UNSEEN_CUST_00019,14510.56,upi,successful,,,1,2026-06-12 17:54:41.949990
UNSEEN_PAY_003136,UNSEEN_CUST_00331,1252.89,card,successful,,,1,2026-08-13 10:53:41.949990
UNSEEN_PAY_003137,UNSEEN_CUST_01342,61888.54,upi,successful,,,1,2026-08-04 00:10:41.949990
UNSEEN_PAY_003138,UNSEEN_CUST_00057,23667.86,card,successful,,,1,2026-06-25 06:45:41.949990
UNSEEN_PAY_003139,UNSEEN_CUST_00451,41133.7,netbanking,successful,,,1,2026-07-10 02:38:41.949990
UNSEEN_PAY_003140,UNSEEN_CUST_00115,85319.04,upi,successful,,,1,2026-06-19 10:41:41.949990
UNSEEN_PAY_003141,UNSEEN_CUST_00057,9832.63,upi,failed,FUNDS_NOT_AVAILABLE,insufficient_funds,1,2026-06-16 01:41:41.949990
UNSEEN_PAY_003142,UNSEEN_CUST_01188,70448.74,upi,successful,,,2,2026-08-05 17:18:41.949990
UNSEEN_PAY_003143,UNSEEN_CUST_00928,97128.71,card,successful,,,1,2026-08-18 08:44:41.949990
UNSEEN_PAY_003144,UNSEEN_CUST_00942,48256.97,upi,failed,TRANSACTION_LIMIT_EXCEEDED,limit_exceeded,1,2026-08-09 05:32:41.949990
UNSEEN_PAY_003145,UNSEEN_CUST_01201,20227.86,card,successful,,,1,2026-08-02 14:15:41.949990
UNSEEN_PAY_003146,UNSEEN_CUST_01250,34676.48,upi,failed,UNSPECIFIED_DECLINE,expired_instrument,1,2026-07-10 15:10:41.949990
UNSEEN_PAY_003147,UNSEEN_CUST_01709,40251.03,upi,failed,BANK_TEMPORARY_ERROR,temporary_bank_failure,1,2026-06-14 01:30:41.949990
UNSEEN_PAY_003148,UNSEEN_CUST_00488,15905.4,card,successful,,,2,2026-06-21 03:50:41.950990
UNSEEN_PAY_003149,UNSEEN_CUST_01495,30304.43,upi,successful,,,2,2026-07-11 17:14:41.950990
UNSEEN_PAY_003150,UNSEEN_CUST_00663,6790.33,netbanking,successful,,,1,2026-07-02 10:36:41.950990
UNSEEN_PAY_003151,UNSEEN_CUST_01493,9775.0,upi,successful,,,1,2026-08-22 22:09:41.950990
UNSEEN_PAY_003152,UNSEEN_CUST_00440,27879.46,netbanking,successful,,,1,2026-07-22 18:50:41.950990
UNSEEN_PAY_003153,UNSEEN_CUST_00970,38422.54,upi,successful,,,1,2026-06-08 23:16:41.950990
UNSEEN_PAY_003154,UNSEEN_CUST_00329,36291.74,netbanking,successful,,,1,2026-07-21 04:30:41.950990
UNSEEN_PAY_003155,UNSEEN_CUST_01681,17882.33,card,successful,,,1,2026-06-09 11:30:41.950990
UNSEEN_PAY_003156,UNSEEN_CUST_01543,19503.26,upi,successful,,,1,2026-08-03 23:21:41.950990
UNSEEN_PAY_003157,UNSEEN_CUST_00703,9520.63,upi,successful,,,1,2026-06-25 04:44:41.950990
UNSEEN_PAY_003158,UNSEEN_CUST_00170,37024.5,upi,successful,,,1,2026-07-20 07:08:41.950990
UNSEEN_PAY_003159,UNSEEN_CUST_00752,41527.45,upi,successful,,,1,2026-06-23 22:09:41.950990
UNSEEN_PAY_003160,UNSEEN_CUST_01747,33501.36,netbanking,failed,NETWORK_TIMEOUT,timeout,1,2026-06-15 13:42:41.950990
UNSEEN_PAY_003161,UNSEEN_CUST_00399,45951.71,upi,successful,,,1,2026-07-05 15:43:41.950990
UNSEEN_PAY_003162,UNSEEN_CUST_01560,31267.19,upi,successful,,,1,2026-06-11 21:35:41.950990
UNSEEN_PAY_003163,UNSEEN_CUST_01520,12829.73,upi,successful,,,1,2026-06-20 18:51:41.950990
UNSEEN_PAY_003164,UNSEEN_CUST_00681,24549.32,upi,successful,,,1,2026-07-30 12:11:41.950990
UNSEEN_PAY_003165,UNSEEN_CUST_00585,27690.98,upi,successful,,,1,2026-06-01 02:19:41.950990
UNSEEN_PAY_003166,UNSEEN_CUST_01272,27051.01,netbanking,successful,,,1,2026-06-27 17:09:41.950990
UNSEEN_PAY_003167,UNSEEN_CUST_01944,2563.27,upi,successful,,,1,2026-08-25 20:51:41.950990
UNSEEN_PAY_003168,UNSEEN_CUST_00614,39839.72,upi,successful,,,1,2026-06-07 17:39:41.950990
UNSEEN_PAY_003169,UNSEEN_CUST_01195,49555.8,netbanking,successful,,,1,2026-06-16 03:06:41.951990
UNSEEN_PAY_003170,UNSEEN_CUST_00741,11550.23,upi,successful,,,1,2026-07-23 14:00:41.951990
UNSEEN_PAY_003171,UNSEEN_CUST_01892,10268.32,netbanking,failed,UNSPECIFIED_DECLINE,unknown_failure,1,2026-08-05 14:04:41.951990
UNSEEN_PAY_003172,UNSEEN_CUST_01534,6886.47,upi,successful,,,1,2026-07-06 19:21:41.951990
UNSEEN_PAY_003173,UNSEEN_CUST_01734,14945.22,upi,successful,,,1,2026-07-15 17:25:41.951990
UNSEEN_PAY_003174,UNSEEN_CUST_00192,21490.05,card,successful,,,1,2026-07-05 16:26:41.951990
UNSEEN_PAY_003175,UNSEEN_CUST_00299,28101.39,card,successful,,,1,2026-07-26 03:21:41.951990
UNSEEN_PAY_003176,UNSEEN_CUST_01064,25051.1,upi,successful,,,1,2026-07-31 21:05:41.951990
UNSEEN_PAY_003177,UNSEEN_CUST_00665,46621.06,upi,successful,,,1,2026-08-11 12:08:41.951990
UNSEEN_PAY_003178,UNSEEN_CUST_01068,17223.52,upi,successful,,,1,2026-08-14 19:08:41.951990
UNSEEN_PAY_003179,UNSEEN_CUST_01170,2062.18,upi,successful,,,1,2026-07-03 22:26:41.951990
UNSEEN_PAY_003180,UNSEEN_CUST_00603,15560.11,card,successful,,,1,2026-08-09 14:13:41.951990
UNSEEN_PAY_003181,UNSEEN_CUST_01689,32421.51,upi,successful,,,1,2026-08-16 10:00:41.951990
UNSEEN_PAY_003182,UNSEEN_CUST_00078,6153.05,netbanking,successful,,,1,2026-06-16 12:49:41.951990
UNSEEN_PAY_003183,UNSEEN_CUST_01756,17164.87,netbanking,successful,,,1,2026-07-25 16:53:41.951990
UNSEEN_PAY_003184,UNSEEN_CUST_00908,46116.65,upi,successful,,,1,2026-08-05 15:45:41.951990
UNSEEN_PAY_003185,UNSEEN_CUST_00512,9300.62,upi,successful,,,1,2026-08-16 05:05:41.951990
UNSEEN_PAY_003186,UNSEEN_CUST_00657,5237.0,netbanking,successful,,,1,2026-06-03 20:27:41.951990
UNSEEN_PAY_003187,UNSEEN_CUST_00023,40569.09,netbanking,successful,,,1,2026-06-30 17:14:41.951990
UNSEEN_PAY_003188,UNSEEN_CUST_01740,16599.06,netbanking,failed,UNKNOWN_ERROR,unknown_failure,1,2026-07-28 20:26:41.951990
UNSEEN_PAY_003189,UNSEEN_CUST_01588,11812.33,upi,successful,,,1,2026-06-06 15:45:41.952989
UNSEEN_PAY_003190,UNSEEN_CUST_00577,12043.24,netbanking,failed,FUNDS_NOT_AVAILABLE,insufficient_funds,1,2026-08-17 00:41:41.952989
UNSEEN_PAY_003191,UNSEEN_CUST_01750,6721.38,upi,failed,BANK_TEMPORARY_ERROR,temporary_bank_failure,1,2026-07-25 00:24:41.952989
UNSEEN_PAY_003192,UNSEEN_CUST_00956,34136.11,card,successful,,,1,2026-06-30 22:14:41.952989
UNSEEN_PAY_003193,UNSEEN_CUST_01525,18858.36,card,successful,,,1,2026-06-11 08:43:41.952989
UNSEEN_PAY_003194,UNSEEN_CUST_01977,11034.02,upi,successful,,,1,2026-08-13 09:20:41.952989
UNSEEN_PAY_003195,UNSEEN_CUST_01671,15012.23,card,successful,,,1,2026-08-11 07:43:41.952989
UNSEEN_PAY_003196,UNSEEN_CUST_00434,6143.57,card,successful,,,1,2026-06-21 10:39:41.952989
UNSEEN_PAY_003197,UNSEEN_CUST_00034,7467.9,netbanking,failed,FUNDS_NOT_AVAILABLE,insufficient_funds,1,2026-08-20 09:28:41.952989
UNSEEN_PAY_003198,UNSEEN_CUST_01778,15915.2,card,failed,CARD_EXPIRED,expired_instrument,1,2026-08-25 11:51:41.952989
UNSEEN_PAY_003199,UNSEEN_CUST_00743,23172.42,netbanking,successful,,,1,2026-07-10 12:51:41.952989
UNSEEN_PAY_003200,UNSEEN_CUST_00677,30394.49,card,successful,,,1,2026-06-16 08:51:41.952989
UNSEEN_PAY_003201,UNSEEN_CUST_00100,16856.04,netbanking,successful,,,1,2026-06-16 05:20:41.953986
UNSEEN_PAY_003202,UNSEEN_CUST_00033,47971.38,upi,successful,,,1,2026-07-13 03:33:41.953986
UNSEEN_PAY_003203,UNSEEN_CUST_01054,16739.7,netbanking,failed,AUTHENTICATION_FAILED,authentication_failed,1,2026-06-25 18:22:41.953986
UNSEEN_PAY_003204,UNSEEN_CUST_01546,25318.81,upi,successful,,,1,2026-06-19 04:49:41.953986
UNSEEN_PAY_003205,UNSEEN_CUST_01515,19447.82,upi,failed,NETWORK_TIMEOUT,timeout,2,2026-06-23 01:51:41.953986
UNSEEN_PAY_003206,UNSEEN_CUST_00224,13947.76,netbanking,successful,,,1,2026-08-20 19:31:41.953986
UNSEEN_PAY_003207,UNSEEN_CUST_00536,49263.86,upi,successful,,,1,2026-07-06 19:01:41.953986
UNSEEN_PAY_003208,UNSEEN_CUST_00524,2310.12,upi,successful,,,1,2026-06-18 00:23:41.953986
UNSEEN_PAY_003209,UNSEEN_CUST_01055,2419.57,card,failed,CUSTOMER_AUTH_FAILED,authentication_failed,1,2026-07-13 08:49:41.953986
UNSEEN_PAY_003210,UNSEEN_CUST_01110,27041.93,upi,successful,,,1,2026-07-03 20:56:41.953986
UNSEEN_PAY_003211,UNSEEN_CUST_01999,20040.58,upi,successful,,,1,2026-08-11 18:03:41.953986
UNSEEN_PAY_003212,UNSEEN_CUST_00923,42523.2,upi,successful,,,1,2026-06-17 00:02:41.953986
UNSEEN_PAY_003213,UNSEEN_CUST_00411,15686.82,upi,successful,,,2,2026-06-20 02:13:41.953986
UNSEEN_PAY_003214,UNSEEN_CUST_01055,17794.32,netbanking,failed,BANK_SERVICE_UNAVAILABLE,temporary_bank_failure,1,2026-06-08 01:17:41.953986
UNSEEN_PAY_003215,UNSEEN_CUST_01185,36859.06,upi,successful,,,1,2026-07-03 12:09:41.953986
UNSEEN_PAY_003216,UNSEEN_CUST_00983,22341.1,netbanking,successful,,,1,2026-07-27 21:51:41.953986
UNSEEN_PAY_003217,UNSEEN_CUST_01038,29787.01,upi,successful,,,1,2026-08-03 08:15:41.953986
UNSEEN_PAY_003218,UNSEEN_CUST_01775,13001.42,upi,successful,,,1,2026-06-25 08:57:41.953986
UNSEEN_PAY_003219,UNSEEN_CUST_00249,42381.34,card,successful,,,1,2026-08-23 22:31:41.953986
UNSEEN_PAY_003220,UNSEEN_CUST_01494,11702.0,upi,successful,,,1,2026-08-22 19:41:41.954986
UNSEEN_PAY_003221,UNSEEN_CUST_00286,37001.84,card,successful,,,2,2026-06-26 01:15:41.954986
UNSEEN_PAY_003222,UNSEEN_CUST_00166,29240.36,upi,successful,,,2,2026-08-15 23:38:41.954986
UNSEEN_PAY_003223,UNSEEN_CUST_01523,37535.64,upi,successful,,,1,2026-08-12 16:49:41.954986
UNSEEN_PAY_003224,UNSEEN_CUST_00636,15859.02,upi,successful,,,1,2026-08-01 06:51:41.954986
UNSEEN_PAY_003225,UNSEEN_CUST_00633,5686.46,upi,successful,,,1,2026-07-09 09:54:41.954986
UNSEEN_PAY_003226,UNSEEN_CUST_01182,66858.7,upi,successful,,,2,2026-06-28 03:13:41.954986
UNSEEN_PAY_003227,UNSEEN_CUST_01028,8833.77,netbanking,failed,FUNDS_NOT_AVAILABLE,insufficient_funds,2,2026-05-29 18:40:41.954986
UNSEEN_PAY_003228,UNSEEN_CUST_01886,34620.61,card,failed,BANK_TEMPORARY_ERROR,temporary_bank_failure,1,2026-08-17 17:01:41.954986
UNSEEN_PAY_003229,UNSEEN_CUST_00019,40381.24,netbanking,successful,,,1,2026-07-15 04:23:41.954986
UNSEEN_PAY_003230,UNSEEN_CUST_01652,10493.9,card,successful,,,1,2026-07-10 13:21:41.954986
UNSEEN_PAY_003231,UNSEEN_CUST_00463,26066.57,card,failed,INSTRUMENT_EXPIRED,expired_instrument,1,2026-07-10 07:30:41.954986
UNSEEN_PAY_003232,UNSEEN_CUST_00069,24699.93,upi,successful,,,2,2026-08-17 21:24:41.954986
UNSEEN_PAY_003233,UNSEEN_CUST_01572,19664.3,upi,successful,,,1,2026-07-06 20:37:41.954986
UNSEEN_PAY_003234,UNSEEN_CUST_01581,1219.09,upi,successful,,,1,2026-07-15 06:11:41.954986
UNSEEN_PAY_003235,UNSEEN_CUST_01547,33574.78,card,successful,,,1,2026-08-03 13:34:41.954986
UNSEEN_PAY_003236,UNSEEN_CUST_01145,42733.91,upi,successful,,,1,2026-06-15 21:41:41.954986
UNSEEN_PAY_003237,UNSEEN_CUST_00792,11432.78,upi,successful,,,1,2026-06-21 09:01:41.954986
UNSEEN_PAY_003238,UNSEEN_CUST_01742,17791.12,card,failed,PROCESSING_TIMEOUT,timeout,3,2026-07-02 14:09:41.954986
UNSEEN_PAY_003239,UNSEEN_CUST_00150,13410.07,upi,successful,,,1,2026-07-16 12:01:41.955987
UNSEEN_PAY_003240,UNSEEN_CUST_00109,28195.81,upi,successful,,,1,2026-07-19 06:47:41.955987
UNSEEN_PAY_003241,UNSEEN_CUST_00044,5450.33,card,successful,,,1,2026-08-07 19:28:41.955987
UNSEEN_PAY_003242,UNSEEN_CUST_00442,10123.04,upi,successful,,,1,2026-08-03 21:45:41.955987
UNSEEN_PAY_003243,UNSEEN_CUST_00391,11560.72,card,successful,,,2,2026-06-26 10:59:41.955987
UNSEEN_PAY_003244,UNSEEN_CUST_01863,42780.15,upi,successful,,,1,2026-07-21 04:41:41.955987
UNSEEN_PAY_003245,UNSEEN_CUST_01111,39902.84,card,successful,,,1,2026-06-06 10:59:41.955987
UNSEEN_PAY_003246,UNSEEN_CUST_01263,1783.73,upi,successful,,,1,2026-06-30 06:43:41.955987
UNSEEN_PAY_003247,UNSEEN_CUST_00471,24051.84,card,successful,,,2,2026-08-16 18:44:41.955987
UNSEEN_PAY_003248,UNSEEN_CUST_01305,21145.63,upi,successful,,,1,2026-07-11 04:25:41.955987
UNSEEN_PAY_003249,UNSEEN_CUST_01897,17576.86,card,failed,CUSTOMER_AUTH_FAILED,authentication_failed,1,2026-08-03 00:02:41.955987
UNSEEN_PAY_003250,UNSEEN_CUST_01217,5340.06,card,failed,TRANSACTION_LIMIT_EXCEEDED,limit_exceeded,1,2026-06-19 11:39:41.955987
UNSEEN_PAY_003251,UNSEEN_CUST_01400,13154.57,upi,successful,,,1,2026-06-01 18:50:41.955987
UNSEEN_PAY_003252,UNSEEN_CUST_00129,17002.34,card,successful,,,1,2026-07-13 15:35:41.955987
UNSEEN_PAY_003253,UNSEEN_CUST_01280,38474.8,card,failed,LIMIT_EXCEEDED,limit_exceeded,1,2026-08-09 06:59:41.956992
UNSEEN_PAY_003254,UNSEEN_CUST_01940,19447.95,card,failed,LIMIT_EXCEEDED,limit_exceeded,1,2026-07-24 16:29:41.956992
UNSEEN_PAY_003255,UNSEEN_CUST_00786,94585.32,upi,failed,RISK_DECLINED,risk_decline,2,2026-07-29 06:17:41.956992
UNSEEN_PAY_003256,UNSEEN_CUST_01034,20246.09,upi,successful,,,1,2026-06-09 22:26:41.956992
UNSEEN_PAY_003257,UNSEEN_CUST_00750,43133.99,upi,successful,,,2,2026-07-30 17:33:41.956992
UNSEEN_PAY_003258,UNSEEN_CUST_01089,19567.7,upi,successful,,,1,2026-05-29 18:29:41.956992
UNSEEN_PAY_003259,UNSEEN_CUST_00103,50541.47,netbanking,successful,,,1,2026-06-28 00:11:41.956992
UNSEEN_PAY_003260,UNSEEN_CUST_01005,38940.41,upi,successful,,,1,2026-07-03 09:42:41.956992
UNSEEN_PAY_003261,UNSEEN_CUST_01674,36983.71,upi,successful,,,1,2026-07-25 10:20:41.956992
UNSEEN_PAY_003262,UNSEEN_CUST_01166,4987.61,card,successful,,,1,2026-07-31 08:21:41.956992
UNSEEN_PAY_003263,UNSEEN_CUST_00849,19957.04,upi,failed,UNSPECIFIED_DECLINE,timeout,1,2026-06-15 23:28:41.956992
UNSEEN_PAY_003264,UNSEEN_CUST_01508,20737.01,card,successful,,,1,2026-07-18 03:55:41.956992
UNSEEN_PAY_003265,UNSEEN_CUST_01686,22846.34,upi,failed,POLICY_DECLINED,risk_decline,1,2026-06-16 02:05:41.956992
UNSEEN_PAY_003266,UNSEEN_CUST_00604,20374.01,upi,failed,TRANSACTION_LIMIT_EXCEEDED,limit_exceeded,1,2026-06-13 08:40:41.956992
UNSEEN_PAY_003267,UNSEEN_CUST_01609,17689.38,upi,successful,,,1,2026-06-15 09:49:41.956992
UNSEEN_PAY_003268,UNSEEN_CUST_01635,37224.54,card,successful,,,1,2026-07-02 22:28:41.956992
UNSEEN_PAY_003269,UNSEEN_CUST_00199,18410.46,upi,failed,PROCESSING_TIMEOUT,timeout,1,2026-05-30 00:57:41.956992
UNSEEN_PAY_003270,UNSEEN_CUST_01190,22206.71,card,successful,,,1,2026-07-11 18:09:41.957990
UNSEEN_PAY_003271,UNSEEN_CUST_00077,17683.16,upi,failed,AUTHENTICATION_FAILED,authentication_failed,2,2026-06-03 12:21:41.957990
UNSEEN_PAY_003272,UNSEEN_CUST_00779,22850.39,upi,successful,,,1,2026-06-06 14:25:41.957990
UNSEEN_PAY_003273,UNSEEN_CUST_01094,8516.36,upi,successful,,,1,2026-08-14 07:18:41.957990
UNSEEN_PAY_003274,UNSEEN_CUST_00779,40238.43,card,failed,AUTHENTICATION_FAILED,authentication_failed,1,2026-07-18 21:16:41.957990
UNSEEN_PAY_003275,UNSEEN_CUST_01935,10005.35,card,successful,,,1,2026-07-29 22:24:41.957990
UNSEEN_PAY_003276,UNSEEN_CUST_00047,3171.23,upi,failed,RISK_DECLINED,risk_decline,1,2026-07-24 08:23:41.957990
UNSEEN_PAY_003277,UNSEEN_CUST_00120,11282.77,upi,successful,,,1,2026-08-21 23:53:41.957990
UNSEEN_PAY_003278,UNSEEN_CUST_00521,19790.09,card,failed,LIMIT_EXCEEDED,limit_exceeded,1,2026-05-29 14:09:41.957990
UNSEEN_PAY_003279,UNSEEN_CUST_00740,32016.44,upi,successful,,,1,2026-08-12 12:12:41.957990
UNSEEN_PAY_003280,UNSEEN_CUST_01837,26238.63,card,successful,,,1,2026-06-11 22:48:41.957990
UNSEEN_PAY_003281,UNSEEN_CUST_01826,23255.86,card,successful,,,1,2026-08-18 22:55:41.957990
UNSEEN_PAY_003282,UNSEEN_CUST_00203,41042.93,card,successful,,,1,2026-07-10 01:46:41.957990
UNSEEN_PAY_003283,UNSEEN_CUST_01352,80180.39,upi,successful,,,1,2026-06-29 01:11:41.957990
UNSEEN_PAY_003284,UNSEEN_CUST_01650,36771.41,upi,successful,,,1,2026-06-15 12:22:41.957990
UNSEEN_PAY_003285,UNSEEN_CUST_01606,12950.73,upi,failed,UNSPECIFIED_DECLINE,unknown_failure,1,2026-06-09 06:05:41.957990
UNSEEN_PAY_003286,UNSEEN_CUST_01177,91445.23,netbanking,successful,,,1,2026-06-21 06:34:41.957990
UNSEEN_PAY_003287,UNSEEN_CUST_00489,95394.77,card,successful,,,1,2026-06-18 14:27:41.958990
UNSEEN_PAY_003288,UNSEEN_CUST_01895,38993.98,upi,successful,,,2,2026-08-26 05:47:41.958990
UNSEEN_PAY_003289,UNSEEN_CUST_00749,4351.81,card,failed,BANK_SERVICE_UNAVAILABLE,temporary_bank_failure,1,2026-07-08 23:13:41.958990
UNSEEN_PAY_003290,UNSEEN_CUST_00277,15581.03,upi,successful,,,1,2026-07-07 18:58:41.958990
UNSEEN_PAY_003291,UNSEEN_CUST_00179,23198.91,upi,successful,,,1,2026-06-15 22:28:41.958990
UNSEEN_PAY_003292,UNSEEN_CUST_01943,44499.82,netbanking,successful,,,3,2026-08-08 08:03:41.958990
UNSEEN_PAY_003293,UNSEEN_CUST_00860,11246.57,card,failed,BANK_SERVICE_UNAVAILABLE,temporary_bank_failure,1,2026-07-27 16:30:41.958990
UNSEEN_PAY_003294,UNSEEN_CUST_00935,5500.67,card,successful,,,1,2026-08-16 13:24:41.958990
UNSEEN_PAY_003295,UNSEEN_CUST_01959,11714.03,upi,successful,,,1,2026-07-06 12:27:41.958990
UNSEEN_PAY_003296,UNSEEN_CUST_00144,12192.06,upi,failed,BANK_SERVICE_UNAVAILABLE,temporary_bank_failure,1,2026-08-14 16:26:41.958990
UNSEEN_PAY_003297,UNSEEN_CUST_01744,12264.13,upi,successful,,,1,2026-08-17 06:07:41.958990
UNSEEN_PAY_003298,UNSEEN_CUST_01304,2222.67,card,successful,,,1,2026-06-26 22:33:41.958990
UNSEEN_PAY_003299,UNSEEN_CUST_00648,13082.02,card,successful,,,1,2026-06-25 23:29:41.958990
UNSEEN_PAY_003300,UNSEEN_CUST_01089,23745.81,card,successful,,,1,2026-06-26 16:05:41.958990
UNSEEN_PAY_003301,UNSEEN_CUST_00550,8858.93,card,failed,BANK_SERVICE_UNAVAILABLE,temporary_bank_failure,1,2026-07-28 22:15:41.958990
UNSEEN_PAY_003302,UNSEEN_CUST_01200,94252.45,upi,successful,,,1,2026-08-16 16:13:41.958990
UNSEEN_PAY_003303,UNSEEN_CUST_01009,7352.29,card,successful,,,1,2026-06-16 10:37:41.959990
UNSEEN_PAY_003304,UNSEEN_CUST_01112,4250.01,card,successful,,,1,2026-06-02 14:20:41.959990
UNSEEN_PAY_003305,UNSEEN_CUST_01207,46957.59,upi,successful,,,1,2026-06-25 06:06:41.959990
UNSEEN_PAY_003306,UNSEEN_CUST_01521,14962.63,card,successful,,,1,2026-08-10 02:19:41.959990
UNSEEN_PAY_003307,UNSEEN_CUST_01534,7344.82,upi,successful,,,1,2026-07-12 06:40:41.959990
UNSEEN_PAY_003308,UNSEEN_CUST_01337,38903.15,card,successful,,,1,2026-08-01 19:48:41.959990
UNSEEN_PAY_003309,UNSEEN_CUST_01154,3244.18,upi,successful,,,1,2026-08-01 01:18:41.959990
UNSEEN_PAY_003310,UNSEEN_CUST_00977,29818.53,upi,successful,,,1,2026-08-03 10:20:41.959990
UNSEEN_PAY_003311,UNSEEN_CUST_01095,47677.1,card,successful,,,2,2026-08-22 05:05:41.959990
UNSEEN_PAY_003312,UNSEEN_CUST_01448,20172.73,card,failed,FUNDS_NOT_AVAILABLE,insufficient_funds,1,2026-08-08 07:40:41.959990
UNSEEN_PAY_003313,UNSEEN_CUST_00098,38031.79,card,successful,,,1,2026-07-05 20:54:41.959990
UNSEEN_PAY_003314,UNSEEN_CUST_00402,43992.16,upi,failed,INSUFFICIENT_BALANCE,insufficient_funds,2,2026-07-24 10:01:41.959990
UNSEEN_PAY_003315,UNSEEN_CUST_01692,16879.81,card,successful,,,1,2026-08-24 09:46:41.959990
UNSEEN_PAY_003316,UNSEEN_CUST_01267,14058.48,card,successful,,,1,2026-08-23 13:27:41.959990
UNSEEN_PAY_003317,UNSEEN_CUST_01974,7315.98,netbanking,successful,,,1,2026-08-02 18:59:41.959990
UNSEEN_PAY_003318,UNSEEN_CUST_00961,2268.63,netbanking,successful,,,1,2026-07-03 08:20:41.959990
UNSEEN_PAY_003319,UNSEEN_CUST_01433,5497.67,upi,failed,INSTRUMENT_BLOCKED,blocked_instrument,1,2026-08-14 06:45:41.959990
UNSEEN_PAY_003320,UNSEEN_CUST_01946,14677.9,upi,successful,,,1,2026-07-04 02:29:41.959990
UNSEEN_PAY_003321,UNSEEN_CUST_01226,49121.13,upi,successful,,,1,2026-06-06 13:24:41.960990
UNSEEN_PAY_003322,UNSEEN_CUST_01559,7836.62,upi,successful,,,1,2026-06-25 08:48:41.960990
UNSEEN_PAY_003323,UNSEEN_CUST_00385,79801.77,upi,successful,,,1,2026-06-03 03:58:41.960990
UNSEEN_PAY_003324,UNSEEN_CUST_00926,90339.47,upi,successful,,,1,2026-06-30 17:36:41.960990
UNSEEN_PAY_003325,UNSEEN_CUST_01000,35526.24,netbanking,successful,,,1,2026-08-15 12:18:41.960990
UNSEEN_PAY_003326,UNSEEN_CUST_00464,47818.77,upi,failed,UNSPECIFIED_DECLINE,unknown_failure,3,2026-07-09 23:59:41.960990
UNSEEN_PAY_003327,UNSEEN_CUST_01449,30535.55,upi,successful,,,1,2026-07-15 11:37:41.960990
UNSEEN_PAY_003328,UNSEEN_CUST_01744,24190.6,card,failed,UNSPECIFIED_DECLINE,insufficient_funds,1,2026-07-16 01:33:41.960990
UNSEEN_PAY_003329,UNSEEN_CUST_00943,6100.44,upi,failed,CUSTOMER_AUTH_FAILED,authentication_failed,1,2026-06-28 20:44:41.960990
UNSEEN_PAY_003330,UNSEEN_CUST_00394,46453.8,upi,successful,,,1,2026-07-17 04:11:41.960990
UNSEEN_PAY_003331,UNSEEN_CUST_01979,12307.72,upi,successful,,,1,2026-06-30 22:14:41.960990
UNSEEN_PAY_003332,UNSEEN_CUST_00551,43014.38,upi,successful,,,1,2026-06-07 02:45:41.960990
UNSEEN_PAY_003333,UNSEEN_CUST_00994,31753.59,upi,successful,,,2,2026-06-07 22:51:41.960990
UNSEEN_PAY_003334,UNSEEN_CUST_00844,32346.79,netbanking,successful,,,1,2026-06-13 17:26:41.960990
UNSEEN_PAY_003335,UNSEEN_CUST_00654,45507.81,card,failed,BANK_TEMPORARY_ERROR,temporary_bank_failure,1,2026-07-07 08:22:41.960990
UNSEEN_PAY_003336,UNSEEN_CUST_00673,28697.9,upi,successful,,,1,2026-05-28 08:20:41.960990
UNSEEN_PAY_003337,UNSEEN_CUST_01330,25160.77,upi,successful,,,1,2026-06-21 07:57:41.960990
UNSEEN_PAY_003338,UNSEEN_CUST_01347,12888.45,card,successful,,,1,2026-08-21 01:14:41.961989
UNSEEN_PAY_003339,UNSEEN_CUST_00571,41183.85,upi,successful,,,1,2026-06-15 04:36:41.961989
UNSEEN_PAY_003340,UNSEEN_CUST_01855,15810.46,card,successful,,,1,2026-07-10 20:02:41.961989
UNSEEN_PAY_003341,UNSEEN_CUST_01327,41812.76,upi,successful,,,1,2026-07-25 13:39:41.961989
UNSEEN_PAY_003342,UNSEEN_CUST_00909,28467.18,upi,successful,,,1,2026-06-17 13:01:41.961989
UNSEEN_PAY_003343,UNSEEN_CUST_01438,45835.98,card,successful,,,1,2026-07-24 16:55:41.961989
UNSEEN_PAY_003344,UNSEEN_CUST_01335,15609.55,upi,failed,INSUFFICIENT_BALANCE,insufficient_funds,1,2026-06-28 19:12:41.961989
UNSEEN_PAY_003345,UNSEEN_CUST_00798,32996.23,upi,successful,,,1,2026-05-31 13:45:41.961989
UNSEEN_PAY_003346,UNSEEN_CUST_00476,13582.82,card,successful,,,1,2026-08-03 08:52:41.961989
UNSEEN_PAY_003347,UNSEEN_CUST_01567,2731.38,netbanking,successful,,,1,2026-06-13 05:25:41.961989
UNSEEN_PAY_003348,UNSEEN_CUST_01256,3266.22,card,successful,,,1,2026-06-18 00:14:41.961989
UNSEEN_PAY_003349,UNSEEN_CUST_00768,26668.54,upi,successful,,,1,2026-08-23 15:54:41.961989
UNSEEN_PAY_003350,UNSEEN_CUST_01802,32377.8,upi,successful,,,1,2026-07-30 14:01:41.961989
UNSEEN_PAY_003351,UNSEEN_CUST_00511,21556.17,netbanking,successful,,,1,2026-07-14 01:27:41.961989
UNSEEN_PAY_003352,UNSEEN_CUST_01794,21555.99,upi,successful,,,2,2026-08-26 19:44:41.961989
UNSEEN_PAY_003353,UNSEEN_CUST_01380,11959.81,upi,successful,,,1,2026-07-16 21:02:41.961989
UNSEEN_PAY_003354,UNSEEN_CUST_00133,96054.75,netbanking,failed,INSUFFICIENT_BALANCE,insufficient_funds,1,2026-06-14 23:02:41.961989
UNSEEN_PAY_003355,UNSEEN_CUST_00881,34969.7,netbanking,successful,,,1,2026-06-16 08:12:41.961989
UNSEEN_PAY_003356,UNSEEN_CUST_01371,11261.99,netbanking,successful,,,1,2026-06-06 02:50:41.962990
UNSEEN_PAY_003357,UNSEEN_CUST_01168,16474.49,netbanking,successful,,,1,2026-08-09 18:11:41.962990
UNSEEN_PAY_003358,UNSEEN_CUST_00599,41549.73,card,failed,PROCESSING_TIMEOUT,timeout,1,2026-07-04 22:00:41.962990
UNSEEN_PAY_003359,UNSEEN_CUST_00118,20217.42,upi,successful,,,1,2026-08-23 08:56:41.962990
UNSEEN_PAY_003360,UNSEEN_CUST_00248,29572.68,card,successful,,,1,2026-08-18 12:05:41.962990
UNSEEN_PAY_003361,UNSEEN_CUST_01870,7522.32,upi,successful,,,1,2026-06-22 16:48:41.962990
UNSEEN_PAY_003362,UNSEEN_CUST_00921,69657.88,upi,successful,,,1,2026-06-18 23:18:41.962990
UNSEEN_PAY_003363,UNSEEN_CUST_01145,7382.29,card,successful,,,1,2026-07-11 03:17:41.962990
UNSEEN_PAY_003364,UNSEEN_CUST_00310,42216.57,upi,failed,CUSTOMER_AUTH_FAILED,authentication_failed,1,2026-07-04 16:14:41.962990
UNSEEN_PAY_003365,UNSEEN_CUST_00933,13127.86,upi,successful,,,1,2026-08-20 01:37:41.962990
UNSEEN_PAY_003366,UNSEEN_CUST_01725,49986.93,upi,successful,,,1,2026-06-05 12:36:41.962990
UNSEEN_PAY_003367,UNSEEN_CUST_01088,24900.99,upi,successful,,,1,2026-07-14 22:27:41.962990
UNSEEN_PAY_003368,UNSEEN_CUST_01578,30336.67,upi,successful,,,1,2026-08-16 06:07:41.962990
UNSEEN_PAY_003369,UNSEEN_CUST_00756,62261.59,netbanking,successful,,,1,2026-08-15 13:30:41.962990
UNSEEN_PAY_003370,UNSEEN_CUST_01333,28384.66,card,successful,,,1,2026-08-01 21:20:41.962990
UNSEEN_PAY_003371,UNSEEN_CUST_00163,23328.57,upi,successful,,,1,2026-06-24 10:15:41.962990
UNSEEN_PAY_003372,UNSEEN_CUST_00022,26471.05,upi,successful,,,1,2026-07-30 15:53:41.962990
UNSEEN_PAY_003373,UNSEEN_CUST_01935,22091.91,netbanking,successful,,,1,2026-08-11 03:04:41.962990
UNSEEN_PAY_003374,UNSEEN_CUST_00534,70007.81,card,successful,,,1,2026-06-18 14:40:41.963990
UNSEEN_PAY_003375,UNSEEN_CUST_00379,6791.45,upi,failed,CARD_BLOCKED,blocked_instrument,1,2026-07-24 18:24:41.963990
UNSEEN_PAY_003376,UNSEEN_CUST_01574,30802.93,upi,failed,NETWORK_TIMEOUT,timeout,1,2026-06-29 21:44:41.963990
UNSEEN_PAY_003377,UNSEEN_CUST_00468,14079.3,upi,failed,BANK_TEMPORARY_ERROR,temporary_bank_failure,1,2026-06-20 19:40:41.963990
UNSEEN_PAY_003378,UNSEEN_CUST_00673,36027.14,upi,successful,,,2,2026-08-08 08:43:41.963990
UNSEEN_PAY_003379,UNSEEN_CUST_00334,11362.67,upi,successful,,,1,2026-07-06 16:43:41.963990
UNSEEN_PAY_003380,UNSEEN_CUST_01320,6554.69,upi,successful,,,1,2026-06-01 23:56:41.963990
UNSEEN_PAY_003381,UNSEEN_CUST_00579,34961.81,netbanking,successful,,,1,2026-08-14 05:26:41.963990
UNSEEN_PAY_003382,UNSEEN_CUST_01689,46883.79,card,successful,,,1,2026-06-04 19:38:41.963990
UNSEEN_PAY_003383,UNSEEN_CUST_01061,26756.4,netbanking,failed,UNKNOWN_ERROR,unknown_failure,1,2026-07-12 12:59:41.963990
UNSEEN_PAY_003384,UNSEEN_CUST_00681,22907.34,card,failed,FUNDS_NOT_AVAILABLE,insufficient_funds,1,2026-07-06 04:12:41.963990
UNSEEN_PAY_003385,UNSEEN_CUST_01192,6831.63,upi,successful,,,1,2026-08-07 07:07:41.963990
UNSEEN_PAY_003386,UNSEEN_CUST_01355,45514.86,upi,successful,,,1,2026-07-28 00:40:41.963990
UNSEEN_PAY_003387,UNSEEN_CUST_01537,9647.48,upi,failed,INSUFFICIENT_BALANCE,insufficient_funds,1,2026-07-24 16:48:41.963990
UNSEEN_PAY_003388,UNSEEN_CUST_00482,40864.76,upi,successful,,,1,2026-06-28 03:22:41.963990
UNSEEN_PAY_003389,UNSEEN_CUST_00491,49027.33,upi,successful,,,1,2026-07-09 12:48:41.963990
UNSEEN_PAY_003390,UNSEEN_CUST_01040,3019.27,netbanking,successful,,,1,2026-05-31 06:12:41.964990
UNSEEN_PAY_003391,UNSEEN_CUST_00408,83221.29,card,failed,AUTHENTICATION_FAILED,authentication_failed,2,2026-07-05 06:50:41.964990
UNSEEN_PAY_003392,UNSEEN_CUST_00690,3978.1,card,successful,,,1,2026-06-03 12:53:41.964990
UNSEEN_PAY_003393,UNSEEN_CUST_00724,1606.21,upi,successful,,,1,2026-05-29 08:12:41.964990
UNSEEN_PAY_003394,UNSEEN_CUST_00756,98157.13,upi,successful,,,1,2026-08-17 00:15:41.964990
UNSEEN_PAY_003395,UNSEEN_CUST_01055,13097.2,upi,successful,,,1,2026-05-30 12:20:41.964990
UNSEEN_PAY_003396,UNSEEN_CUST_00809,31261.25,card,successful,,,1,2026-06-25 13:23:41.964990
UNSEEN_PAY_003397,UNSEEN_CUST_01223,29341.89,upi,successful,,,2,2026-07-30 11:12:41.964990
UNSEEN_PAY_003398,UNSEEN_CUST_00382,46408.37,upi,successful,,,1,2026-08-08 22:59:41.964990
UNSEEN_PAY_003399,UNSEEN_CUST_01850,37521.09,upi,successful,,,1,2026-07-04 09:22:41.964990
UNSEEN_PAY_003400,UNSEEN_CUST_00021,18703.96,upi,successful,,,1,2026-07-04 21:45:41.964990
UNSEEN_PAY_003401,UNSEEN_CUST_01382,47595.86,upi,successful,,,1,2026-06-16 04:17:41.964990
UNSEEN_PAY_003402,UNSEEN_CUST_00367,66355.85,card,successful,,,1,2026-07-13 15:05:41.964990
UNSEEN_PAY_003403,UNSEEN_CUST_01161,16364.17,card,failed,INSUFFICIENT_BALANCE,insufficient_funds,1,2026-08-15 06:04:41.964990
UNSEEN_PAY_003404,UNSEEN_CUST_01017,13410.25,upi,successful,,,1,2026-08-15 04:53:41.964990
UNSEEN_PAY_003405,UNSEEN_CUST_01415,56293.81,upi,successful,,,1,2026-06-05 21:54:41.964990
UNSEEN_PAY_003406,UNSEEN_CUST_01963,17241.2,upi,successful,,,1,2026-06-28 02:20:41.964990
UNSEEN_PAY_003407,UNSEEN_CUST_00609,10341.34,netbanking,failed,BANK_SERVICE_UNAVAILABLE,temporary_bank_failure,1,2026-06-12 00:55:41.964990
UNSEEN_PAY_003408,UNSEEN_CUST_01321,12160.8,upi,successful,,,1,2026-06-14 02:34:41.965990
UNSEEN_PAY_003409,UNSEEN_CUST_01474,40457.37,upi,successful,,,1,2026-07-01 22:02:41.965990
UNSEEN_PAY_003410,UNSEEN_CUST_01174,19166.17,upi,successful,,,1,2026-08-21 16:37:41.965990
UNSEEN_PAY_003411,UNSEEN_CUST_00247,45519.33,upi,successful,,,1,2026-08-20 05:36:41.965990
UNSEEN_PAY_003412,UNSEEN_CUST_01351,17279.04,netbanking,successful,,,1,2026-08-18 03:48:41.965990
UNSEEN_PAY_003413,UNSEEN_CUST_01893,3059.9,card,successful,,,1,2026-08-25 23:47:41.965990
UNSEEN_PAY_003414,UNSEEN_CUST_00988,5188.23,upi,successful,,,1,2026-08-19 14:30:41.965990
UNSEEN_PAY_003415,UNSEEN_CUST_00424,18404.26,card,successful,,,1,2026-07-11 02:15:41.965990
UNSEEN_PAY_003416,UNSEEN_CUST_00467,38524.96,upi,successful,,,1,2026-08-03 06:00:41.965990
UNSEEN_PAY_003417,UNSEEN_CUST_00255,43711.22,card,successful,,,2,2026-08-15 22:31:41.965990
UNSEEN_PAY_003418,UNSEEN_CUST_00188,32675.76,netbanking,failed,BANK_TEMPORARY_ERROR,temporary_bank_failure,1,2026-07-25 23:32:41.965990
UNSEEN_PAY_003419,UNSEEN_CUST_00416,43885.58,upi,successful,,,1,2026-07-10 09:52:41.965990
UNSEEN_PAY_003420,UNSEEN_CUST_01864,46306.09,upi,successful,,,1,2026-07-16 08:53:41.965990
UNSEEN_PAY_003421,UNSEEN_CUST_00982,21198.03,netbanking,successful,,,1,2026-08-12 22:48:41.965990
UNSEEN_PAY_003422,UNSEEN_CUST_01996,79279.42,card,successful,,,1,2026-05-28 12:23:41.965990
UNSEEN_PAY_003423,UNSEEN_CUST_00184,44399.03,card,successful,,,1,2026-08-07 19:07:41.965990
UNSEEN_PAY_003424,UNSEEN_CUST_01889,6567.26,upi,successful,,,1,2026-08-13 02:40:41.965990
UNSEEN_PAY_003425,UNSEEN_CUST_00717,15911.0,upi,successful,,,1,2026-07-28 16:01:41.965990
UNSEEN_PAY_003426,UNSEEN_CUST_01620,5960.17,card,successful,,,1,2026-08-21 07:21:41.966990
UNSEEN_PAY_003427,UNSEEN_CUST_01290,14740.78,upi,successful,,,1,2026-07-06 00:08:41.966990
UNSEEN_PAY_003428,UNSEEN_CUST_01544,8757.97,card,successful,,,1,2026-07-02 13:05:41.966990
UNSEEN_PAY_003429,UNSEEN_CUST_01255,13094.98,upi,successful,,,1,2026-07-22 15:30:41.966990
UNSEEN_PAY_003430,UNSEEN_CUST_00874,34356.67,upi,successful,,,1,2026-08-12 13:03:41.966990
UNSEEN_PAY_003431,UNSEEN_CUST_00367,61189.8,upi,successful,,,1,2026-06-14 16:48:41.966990
UNSEEN_PAY_003432,UNSEEN_CUST_00576,36996.66,upi,failed,AUTHENTICATION_FAILED,authentication_failed,1,2026-08-03 04:47:41.966990
UNSEEN_PAY_003433,UNSEEN_CUST_00462,35990.26,upi,successful,,,1,2026-05-28 11:22:41.966990
UNSEEN_PAY_003434,UNSEEN_CUST_00526,12541.17,card,successful,,,1,2026-06-21 19:21:41.966990
UNSEEN_PAY_003435,UNSEEN_CUST_01788,41078.76,upi,failed,UNSPECIFIED_DECLINE,unknown_failure,1,2026-07-14 07:33:41.966990
UNSEEN_PAY_003436,UNSEEN_CUST_01347,17230.75,netbanking,successful,,,1,2026-08-11 11:02:41.966990
UNSEEN_PAY_003437,UNSEEN_CUST_00232,4253.4,upi,successful,,,1,2026-08-08 12:44:41.966990
UNSEEN_PAY_003438,UNSEEN_CUST_01942,43584.75,upi,successful,,,1,2026-07-29 22:02:41.966990
UNSEEN_PAY_003439,UNSEEN_CUST_00099,38593.55,upi,successful,,,1,2026-08-25 20:17:41.966990
UNSEEN_PAY_003440,UNSEEN_CUST_00472,8197.48,upi,successful,,,1,2026-07-23 06:24:41.966990
UNSEEN_PAY_003441,UNSEEN_CUST_01772,25006.99,card,successful,,,1,2026-08-18 15:40:41.966990
UNSEEN_PAY_003442,UNSEEN_CUST_00756,66952.68,card,successful,,,1,2026-07-18 05:39:41.966990
UNSEEN_PAY_003443,UNSEEN_CUST_01854,5307.23,netbanking,successful,,,1,2026-07-18 23:28:41.966990
UNSEEN_PAY_003444,UNSEEN_CUST_00657,34462.24,netbanking,failed,BANK_TEMPORARY_ERROR,temporary_bank_failure,1,2026-06-01 05:34:41.967990
UNSEEN_PAY_003445,UNSEEN_CUST_01567,8009.99,card,successful,,,1,2026-08-25 01:31:41.967990
UNSEEN_PAY_003446,UNSEEN_CUST_01602,18368.22,upi,failed,BANK_TEMPORARY_ERROR,temporary_bank_failure,1,2026-08-09 17:33:41.967990
UNSEEN_PAY_003447,UNSEEN_CUST_00584,18331.5,card,successful,,,1,2026-06-04 02:49:41.967990
UNSEEN_PAY_003448,UNSEEN_CUST_00578,19338.29,netbanking,successful,,,1,2026-06-20 15:14:41.967990
UNSEEN_PAY_003449,UNSEEN_CUST_01134,33319.87,card,successful,,,1,2026-08-15 10:15:41.967990
UNSEEN_PAY_003450,UNSEEN_CUST_01420,41438.35,upi,successful,,,1,2026-06-23 21:03:41.967990
UNSEEN_PAY_003451,UNSEEN_CUST_01510,43208.87,upi,successful,,,1,2026-08-07 03:34:41.967990
UNSEEN_PAY_003452,UNSEEN_CUST_01876,88890.13,upi,successful,,,1,2026-06-07 22:17:41.967990
UNSEEN_PAY_003453,UNSEEN_CUST_01743,29776.89,upi,successful,,,1,2026-08-04 05:55:41.967990
UNSEEN_PAY_003454,UNSEEN_CUST_01887,28737.46,upi,successful,,,1,2026-06-04 16:28:41.967990
UNSEEN_PAY_003455,UNSEEN_CUST_01681,31408.96,card,failed,UNSPECIFIED_DECLINE,unknown_failure,1,2026-08-22 07:16:41.967990
UNSEEN_PAY_003456,UNSEEN_CUST_00495,8448.43,upi,successful,,,1,2026-06-01 06:03:41.967990
UNSEEN_PAY_003457,UNSEEN_CUST_01803,48934.31,card,failed,NETWORK_TIMEOUT,timeout,1,2026-08-16 12:04:41.967990
UNSEEN_PAY_003458,UNSEEN_CUST_00089,40205.51,upi,successful,,,1,2026-07-01 06:11:41.967990
UNSEEN_PAY_003459,UNSEEN_CUST_01661,25002.6,card,successful,,,1,2026-06-12 14:14:41.967990
UNSEEN_PAY_003460,UNSEEN_CUST_00383,16050.15,upi,successful,,,1,2026-08-24 15:35:41.967990
UNSEEN_PAY_003461,UNSEEN_CUST_01471,12566.52,card,successful,,,1,2026-07-10 09:12:41.967990
UNSEEN_PAY_003462,UNSEEN_CUST_01071,47823.04,upi,successful,,,1,2026-07-25 11:50:41.968991
UNSEEN_PAY_003463,UNSEEN_CUST_00792,6823.5,upi,successful,,,2,2026-06-02 22:40:41.968991
UNSEEN_PAY_003464,UNSEEN_CUST_00830,3422.28,upi,successful,,,1,2026-07-18 17:16:41.968991
UNSEEN_PAY_003465,UNSEEN_CUST_01245,43618.71,upi,successful,,,1,2026-08-08 04:57:41.968991
UNSEEN_PAY_003466,UNSEEN_CUST_00985,93223.83,upi,successful,,,1,2026-06-22 20:41:41.968991
UNSEEN_PAY_003467,UNSEEN_CUST_01368,35025.91,upi,failed,FUNDS_NOT_AVAILABLE,insufficient_funds,1,2026-08-11 20:39:41.968991
UNSEEN_PAY_003468,UNSEEN_CUST_01089,36586.97,upi,successful,,,1,2026-06-15 17:44:41.968991
UNSEEN_PAY_003469,UNSEEN_CUST_01667,7537.43,card,successful,,,1,2026-08-07 13:57:41.968991
UNSEEN_PAY_003470,UNSEEN_CUST_00815,12396.73,upi,successful,,,1,2026-08-25 19:39:41.968991
UNSEEN_PAY_003471,UNSEEN_CUST_01937,19402.08,card,successful,,,1,2026-06-16 03:55:41.968991
UNSEEN_PAY_003472,UNSEEN_CUST_01155,9998.23,upi,successful,,,2,2026-05-28 16:53:41.968991
UNSEEN_PAY_003473,UNSEEN_CUST_00810,22221.04,netbanking,successful,,,1,2026-08-24 21:53:41.968991
UNSEEN_PAY_003474,UNSEEN_CUST_01287,2843.09,upi,failed,FUNDS_NOT_AVAILABLE,insufficient_funds,1,2026-06-09 16:57:41.968991
UNSEEN_PAY_003475,UNSEEN_CUST_01609,43015.18,upi,failed,CUSTOMER_AUTH_FAILED,authentication_failed,2,2026-06-24 07:42:41.968991
UNSEEN_PAY_003476,UNSEEN_CUST_01332,37411.66,upi,failed,PROCESSING_TIMEOUT,timeout,1,2026-05-29 04:24:41.968991
UNSEEN_PAY_003477,UNSEEN_CUST_00232,43089.93,card,failed,CARD_EXPIRED,expired_instrument,1,2026-07-23 10:01:41.968991
UNSEEN_PAY_003478,UNSEEN_CUST_01715,37053.51,netbanking,successful,,,1,2026-08-14 16:43:41.968991
UNSEEN_PAY_003479,UNSEEN_CUST_00103,61290.96,card,successful,,,1,2026-08-11 11:50:41.969990
UNSEEN_PAY_003480,UNSEEN_CUST_00320,32535.62,card,successful,,,1,2026-07-14 10:41:41.969990
UNSEEN_PAY_003481,UNSEEN_CUST_00473,21192.87,upi,successful,,,1,2026-07-10 11:46:41.969990
UNSEEN_PAY_003482,UNSEEN_CUST_01524,20784.99,upi,successful,,,1,2026-07-20 20:05:41.969990
UNSEEN_PAY_003483,UNSEEN_CUST_01573,18383.16,netbanking,failed,BANK_SERVICE_UNAVAILABLE,temporary_bank_failure,1,2026-06-11 23:13:41.969990
UNSEEN_PAY_003484,UNSEEN_CUST_01429,53561.81,card,successful,,,1,2026-06-25 20:26:41.969990
UNSEEN_PAY_003485,UNSEEN_CUST_00104,19307.39,card,failed,INSUFFICIENT_BALANCE,insufficient_funds,2,2026-06-18 22:16:41.969990
UNSEEN_PAY_003486,UNSEEN_CUST_01196,32226.78,upi,successful,,,1,2026-07-01 10:47:41.969990
UNSEEN_PAY_003487,UNSEEN_CUST_00700,21663.68,card,successful,,,1,2026-08-15 03:09:41.969990
UNSEEN_PAY_003488,UNSEEN_CUST_01191,10297.32,upi,successful,,,1,2026-07-24 19:12:41.969990
UNSEEN_PAY_003489,UNSEEN_CUST_00080,46988.79,upi,successful,,,1,2026-05-30 01:04:41.969990
UNSEEN_PAY_003490,UNSEEN_CUST_01518,32521.24,upi,successful,,,1,2026-07-20 15:11:41.969990
UNSEEN_PAY_003491,UNSEEN_CUST_00698,13279.74,card,failed,RISK_DECLINED,risk_decline,1,2026-07-08 18:22:41.969990
UNSEEN_PAY_003492,UNSEEN_CUST_01863,36402.9,upi,successful,,,1,2026-07-15 02:22:41.969990
UNSEEN_PAY_003493,UNSEEN_CUST_00045,49776.33,upi,successful,,,1,2026-06-10 06:15:41.969990
UNSEEN_PAY_003494,UNSEEN_CUST_01030,28888.05,upi,successful,,,1,2026-06-25 20:21:41.969990
UNSEEN_PAY_003495,UNSEEN_CUST_01035,6143.73,card,successful,,,1,2026-05-29 09:38:41.969990
UNSEEN_PAY_003496,UNSEEN_CUST_01145,15511.18,upi,successful,,,1,2026-07-01 15:30:41.969990
UNSEEN_PAY_003497,UNSEEN_CUST_01656,42088.01,card,successful,,,1,2026-06-25 01:11:41.970990
UNSEEN_PAY_003498,UNSEEN_CUST_01707,18160.28,upi,failed,POLICY_DECLINED,risk_decline,1,2026-08-03 07:10:41.970990
UNSEEN_PAY_003499,UNSEEN_CUST_00523,98519.17,card,failed,BANK_SERVICE_UNAVAILABLE,temporary_bank_failure,2,2026-08-19 14:55:41.970990
UNSEEN_PAY_003500,UNSEEN_CUST_00607,46981.05,card,successful,,,1,2026-08-08 04:23:41.970990
UNSEEN_PAY_003501,UNSEEN_CUST_00943,6710.65,card,successful,,,1,2026-08-26 20:09:41.970990
UNSEEN_PAY_003502,UNSEEN_CUST_00888,5134.14,upi,failed,NETWORK_TIMEOUT,timeout,1,2026-08-05 16:46:41.970990
UNSEEN_PAY_003503,UNSEEN_CUST_00582,49559.45,netbanking,successful,,,1,2026-08-10 17:27:41.970990
UNSEEN_PAY_003504,UNSEEN_CUST_01126,3212.91,upi,successful,,,1,2026-06-03 13:52:41.970990
UNSEEN_PAY_003505,UNSEEN_CUST_00155,9826.31,netbanking,successful,,,1,2026-06-24 11:29:41.970990
UNSEEN_PAY_003506,UNSEEN_CUST_01148,7936.59,upi,failed,INSUFFICIENT_BALANCE,insufficient_funds,1,2026-06-26 20:31:41.970990
UNSEEN_PAY_003507,UNSEEN_CUST_00098,48135.45,netbanking,successful,,,1,2026-08-05 16:55:41.970990
UNSEEN_PAY_003508,UNSEEN_CUST_00114,66743.1,netbanking,successful,,,1,2026-07-09 20:19:41.970990
UNSEEN_PAY_003509,UNSEEN_CUST_01088,42204.58,card,successful,,,1,2026-07-06 19:56:41.970990
UNSEEN_PAY_003510,UNSEEN_CUST_00928,30573.92,upi,successful,,,1,2026-08-05 06:10:41.970990
UNSEEN_PAY_003511,UNSEEN_CUST_01708,23549.74,upi,failed,UNKNOWN_ERROR,unknown_failure,1,2026-07-21 02:47:41.970990
UNSEEN_PAY_003512,UNSEEN_CUST_01795,3861.03,upi,failed,PROCESSING_TIMEOUT,timeout,1,2026-08-07 06:43:41.970990
UNSEEN_PAY_003513,UNSEEN_CUST_01402,28620.51,upi,successful,,,1,2026-08-11 18:31:41.970990
UNSEEN_PAY_003514,UNSEEN_CUST_00995,1719.27,upi,successful,,,1,2026-07-17 13:46:41.971990
UNSEEN_PAY_003515,UNSEEN_CUST_01448,30060.58,card,failed,PROCESSING_TIMEOUT,timeout,1,2026-06-06 11:23:41.971990
UNSEEN_PAY_003516,UNSEEN_CUST_00895,37707.48,card,successful,,,1,2026-07-18 20:39:41.971990
UNSEEN_PAY_003517,UNSEEN_CUST_00978,10999.22,upi,successful,,,1,2026-06-03 18:24:41.971990
UNSEEN_PAY_003518,UNSEEN_CUST_00914,65066.86,upi,successful,,,1,2026-08-16 10:24:41.971990
UNSEEN_PAY_003519,UNSEEN_CUST_00754,10250.4,upi,successful,,,1,2026-08-05 00:54:41.971990
UNSEEN_PAY_003520,UNSEEN_CUST_00587,44210.73,upi,successful,,,1,2026-07-19 19:16:41.971990
UNSEEN_PAY_003521,UNSEEN_CUST_01090,39301.51,upi,successful,,,1,2026-06-04 08:48:41.971990
UNSEEN_PAY_003522,UNSEEN_CUST_00705,17107.37,upi,successful,,,1,2026-07-08 04:57:41.971990
UNSEEN_PAY_003523,UNSEEN_CUST_01233,4402.07,card,successful,,,1,2026-07-23 09:52:41.971990
UNSEEN_PAY_003524,UNSEEN_CUST_00392,809.31,netbanking,successful,,,2,2026-07-08 13:24:41.971990
UNSEEN_PAY_003525,UNSEEN_CUST_01053,33465.27,upi,successful,,,1,2026-06-09 15:59:41.971990
UNSEEN_PAY_003526,UNSEEN_CUST_00473,7060.3,card,failed,UNSPECIFIED_DECLINE,unknown_failure,1,2026-06-16 00:19:41.971990
UNSEEN_PAY_003527,UNSEEN_CUST_00606,1551.39,upi,successful,,,1,2026-07-26 04:20:41.971990
UNSEEN_PAY_003528,UNSEEN_CUST_00055,43509.08,upi,failed,INSUFFICIENT_BALANCE,insufficient_funds,1,2026-06-18 15:09:41.971990
UNSEEN_PAY_003529,UNSEEN_CUST_01723,35112.17,upi,failed,INSTRUMENT_EXPIRED,expired_instrument,1,2026-06-27 07:29:41.971990
UNSEEN_PAY_003530,UNSEEN_CUST_00926,54305.97,upi,successful,,,1,2026-07-22 18:55:41.971990
UNSEEN_PAY_003531,UNSEEN_CUST_01331,18194.45,upi,failed,BANK_TEMPORARY_ERROR,temporary_bank_failure,1,2026-06-10 09:59:41.972987
UNSEEN_PAY_003532,UNSEEN_CUST_01224,3803.23,card,successful,,,1,2026-08-26 09:33:41.972987
UNSEEN_PAY_003533,UNSEEN_CUST_00155,16055.74,netbanking,failed,RISK_DECLINED,risk_decline,1,2026-06-10 13:18:41.972987
UNSEEN_PAY_003534,UNSEEN_CUST_01121,25381.99,upi,failed,FUNDS_NOT_AVAILABLE,insufficient_funds,1,2026-07-05 13:23:41.972987
UNSEEN_PAY_003535,UNSEEN_CUST_01556,26629.08,upi,successful,,,1,2026-07-25 15:32:41.972987
UNSEEN_PAY_003536,UNSEEN_CUST_00246,29625.25,upi,successful,,,1,2026-06-18 00:22:41.972987
UNSEEN_PAY_003537,UNSEEN_CUST_01157,47417.64,upi,failed,CARD_EXPIRED,expired_instrument,1,2026-07-29 20:09:41.972987
UNSEEN_PAY_003538,UNSEEN_CUST_01942,36419.82,card,successful,,,1,2026-08-20 13:49:41.972987
UNSEEN_PAY_003539,UNSEEN_CUST_01492,5519.63,upi,failed,UNSPECIFIED_DECLINE,insufficient_funds,1,2026-06-14 22:38:41.972987
UNSEEN_PAY_003540,UNSEEN_CUST_01313,12189.74,upi,failed,INSUFFICIENT_BALANCE,insufficient_funds,1,2026-07-08 20:49:41.972987
UNSEEN_PAY_003541,UNSEEN_CUST_01551,13120.3,card,successful,,,1,2026-07-03 23:55:41.972987
UNSEEN_PAY_003542,UNSEEN_CUST_01224,32470.98,upi,successful,,,1,2026-07-12 12:12:41.972987
UNSEEN_PAY_003543,UNSEEN_CUST_00864,19303.17,upi,successful,,,1,2026-07-31 16:50:41.972987
UNSEEN_PAY_003544,UNSEEN_CUST_00903,28386.06,upi,successful,,,1,2026-07-31 15:21:41.972987
UNSEEN_PAY_003545,UNSEEN_CUST_01921,91514.51,upi,successful,,,1,2026-08-21 16:02:41.972987
UNSEEN_PAY_003546,UNSEEN_CUST_00878,15356.52,card,failed,INSTRUMENT_EXPIRED,expired_instrument,1,2026-05-28 22:04:41.972987
UNSEEN_PAY_003547,UNSEEN_CUST_00558,34539.74,upi,failed,UNSPECIFIED_DECLINE,unknown_failure,1,2026-08-25 18:37:41.972987
UNSEEN_PAY_003548,UNSEEN_CUST_00772,36280.21,upi,successful,,,1,2026-08-13 08:03:41.972987
UNSEEN_PAY_003549,UNSEEN_CUST_01692,29795.89,netbanking,successful,,,1,2026-07-24 09:14:41.974067
UNSEEN_PAY_003550,UNSEEN_CUST_01681,34309.5,upi,successful,,,1,2026-07-04 10:07:41.974067
UNSEEN_PAY_003551,UNSEEN_CUST_00863,11531.58,card,successful,,,1,2026-06-22 11:03:41.974067
UNSEEN_PAY_003552,UNSEEN_CUST_00078,19303.36,upi,failed,INSTRUMENT_EXPIRED,expired_instrument,2,2026-08-14 06:08:41.974067
UNSEEN_PAY_003553,UNSEEN_CUST_01446,40633.06,upi,failed,CUSTOMER_AUTH_FAILED,authentication_failed,1,2026-08-21 14:54:41.974067
UNSEEN_PAY_003554,UNSEEN_CUST_01795,6078.59,card,successful,,,1,2026-07-10 02:44:41.974067
UNSEEN_PAY_003555,UNSEEN_CUST_00496,11690.13,upi,successful,,,1,2026-08-24 00:03:41.974067
UNSEEN_PAY_003556,UNSEEN_CUST_01516,1958.99,card,successful,,,1,2026-06-19 04:44:41.974067
UNSEEN_PAY_003557,UNSEEN_CUST_00150,15298.28,card,successful,,,1,2026-08-08 09:50:41.974067
UNSEEN_PAY_003558,UNSEEN_CUST_00240,28008.78,upi,successful,,,1,2026-07-11 18:46:41.974067
UNSEEN_PAY_003559,UNSEEN_CUST_00119,44830.2,upi,successful,,,1,2026-07-23 10:27:41.974067
UNSEEN_PAY_003560,UNSEEN_CUST_00307,31250.71,netbanking,successful,,,1,2026-07-26 22:16:41.974067
UNSEEN_PAY_003561,UNSEEN_CUST_01158,25377.85,upi,successful,,,1,2026-06-29 06:01:41.974067
UNSEEN_PAY_003562,UNSEEN_CUST_00791,44711.81,card,successful,,,1,2026-06-28 01:54:41.974067
UNSEEN_PAY_003563,UNSEEN_CUST_01736,31302.15,upi,successful,,,1,2026-06-06 11:55:41.974067
UNSEEN_PAY_003564,UNSEEN_CUST_01430,8971.87,upi,failed,BANK_SERVICE_UNAVAILABLE,temporary_bank_failure,1,2026-06-28 09:55:41.974067
UNSEEN_PAY_003565,UNSEEN_CUST_00368,25916.26,upi,successful,,,2,2026-07-25 13:34:41.974067
UNSEEN_PAY_003566,UNSEEN_CUST_00304,8443.85,upi,successful,,,1,2026-06-06 17:08:41.974067
UNSEEN_PAY_003567,UNSEEN_CUST_01234,11327.41,netbanking,successful,,,1,2026-08-10 17:50:41.974067
UNSEEN_PAY_003568,UNSEEN_CUST_00291,35542.39,card,failed,INSUFFICIENT_BALANCE,insufficient_funds,1,2026-08-04 04:20:41.975073
UNSEEN_PAY_003569,UNSEEN_CUST_01898,7710.2,card,successful,,,1,2026-07-12 14:57:41.975073
UNSEEN_PAY_003570,UNSEEN_CUST_00667,43765.46,upi,successful,,,1,2026-06-12 12:42:41.975073
UNSEEN_PAY_003571,UNSEEN_CUST_00131,42287.25,card,successful,,,1,2026-08-17 08:39:41.975073
UNSEEN_PAY_003572,UNSEEN_CUST_00738,45765.23,card,successful,,,1,2026-08-11 07:38:41.975073
UNSEEN_PAY_003573,UNSEEN_CUST_01099,15084.41,upi,successful,,,1,2026-06-06 17:34:41.975073
UNSEEN_PAY_003574,UNSEEN_CUST_01053,10380.15,upi,successful,,,1,2026-06-16 15:50:41.975073
UNSEEN_PAY_003575,UNSEEN_CUST_01720,11397.9,card,failed,LIMIT_EXCEEDED,limit_exceeded,1,2026-07-18 18:54:41.975073
UNSEEN_PAY_003576,UNSEEN_CUST_01750,20521.43,upi,successful,,,1,2026-06-07 07:18:41.975073
UNSEEN_PAY_003577,UNSEEN_CUST_00549,6511.97,upi,successful,,,1,2026-07-20 04:06:41.975073
UNSEEN_PAY_003578,UNSEEN_CUST_01373,37680.11,netbanking,successful,,,1,2026-08-14 05:19:41.975073
UNSEEN_PAY_003579,UNSEEN_CUST_00089,99150.01,card,successful,,,1,2026-07-10 23:26:41.975073
UNSEEN_PAY_003580,UNSEEN_CUST_00129,42806.03,netbanking,failed,INSUFFICIENT_BALANCE,insufficient_funds,1,2026-08-08 07:00:41.975073
UNSEEN_PAY_003581,UNSEEN_CUST_00507,35224.91,card,successful,,,1,2026-06-24 01:51:41.975073
UNSEEN_PAY_003582,UNSEEN_CUST_00578,16591.91,card,successful,,,1,2026-08-13 00:12:41.975073
UNSEEN_PAY_003583,UNSEEN_CUST_01518,35106.73,upi,failed,FUNDS_NOT_AVAILABLE,insufficient_funds,1,2026-07-06 11:27:41.975073
UNSEEN_PAY_003584,UNSEEN_CUST_00304,24505.79,card,failed,BANK_SERVICE_UNAVAILABLE,temporary_bank_failure,1,2026-05-29 23:59:41.975073
UNSEEN_PAY_003585,UNSEEN_CUST_01303,31583.82,card,failed,INSTRUMENT_EXPIRED,expired_instrument,1,2026-06-08 19:41:41.976066
UNSEEN_PAY_003586,UNSEEN_CUST_00595,6869.39,netbanking,successful,,,1,2026-07-11 08:52:41.976066
UNSEEN_PAY_003587,UNSEEN_CUST_00728,25268.25,card,successful,,,1,2026-08-23 02:28:41.976066
UNSEEN_PAY_003588,UNSEEN_CUST_00186,43189.25,netbanking,successful,,,1,2026-08-08 05:48:41.976066
UNSEEN_PAY_003589,UNSEEN_CUST_00123,21550.26,netbanking,successful,,,3,2026-06-29 01:11:41.976066
UNSEEN_PAY_003590,UNSEEN_CUST_01356,1911.81,upi,successful,,,1,2026-08-03 09:12:41.976066
UNSEEN_PAY_003591,UNSEEN_CUST_00287,29755.71,upi,successful,,,1,2026-08-04 08:14:41.976066
UNSEEN_PAY_003592,UNSEEN_CUST_01929,35034.75,upi,successful,,,2,2026-07-16 19:47:41.976066
UNSEEN_PAY_003593,UNSEEN_CUST_01129,20836.98,upi,successful,,,1,2026-06-27 05:56:41.976066
UNSEEN_PAY_003594,UNSEEN_CUST_00420,5691.69,upi,successful,,,1,2026-07-27 22:26:41.976066
UNSEEN_PAY_003595,UNSEEN_CUST_01932,86971.71,card,successful,,,1,2026-06-04 10:10:41.976066
UNSEEN_PAY_003596,UNSEEN_CUST_01248,8557.5,card,successful,,,1,2026-07-10 00:02:41.976066
UNSEEN_PAY_003597,UNSEEN_CUST_00637,11475.86,card,successful,,,1,2026-06-04 16:05:41.976066
UNSEEN_PAY_003598,UNSEEN_CUST_00888,16519.77,upi,successful,,,1,2026-06-17 10:17:41.976066
UNSEEN_PAY_003599,UNSEEN_CUST_00232,45850.52,card,successful,,,1,2026-06-05 12:32:41.976066
UNSEEN_PAY_003600,UNSEEN_CUST_00165,46754.23,upi,successful,,,1,2026-06-12 14:20:41.976066
UNSEEN_PAY_003601,UNSEEN_CUST_01484,13149.94,upi,successful,,,1,2026-06-01 09:20:41.976066
UNSEEN_PAY_003602,UNSEEN_CUST_00147,67839.2,card,successful,,,1,2026-07-09 02:52:41.976066
UNSEEN_PAY_003603,UNSEEN_CUST_00396,61719.41,upi,successful,,,1,2026-06-30 16:55:41.976066
UNSEEN_PAY_003604,UNSEEN_CUST_01415,25516.1,card,successful,,,1,2026-07-15 09:25:41.976066
UNSEEN_PAY_003605,UNSEEN_CUST_00633,6730.95,netbanking,failed,INSUFFICIENT_BALANCE,insufficient_funds,1,2026-06-23 05:31:41.976066
UNSEEN_PAY_003606,UNSEEN_CUST_01935,26109.93,card,successful,,,1,2026-06-28 06:27:41.977071
UNSEEN_PAY_003607,UNSEEN_CUST_01981,22378.83,upi,successful,,,2,2026-07-08 02:44:41.977071
UNSEEN_PAY_003608,UNSEEN_CUST_00539,928.56,upi,failed,TRANSACTION_LIMIT_EXCEEDED,limit_exceeded,1,2026-06-17 01:46:41.977071
UNSEEN_PAY_003609,UNSEEN_CUST_01328,42130.74,netbanking,successful,,,1,2026-06-26 03:57:41.977071
UNSEEN_PAY_003610,UNSEEN_CUST_01609,13491.07,card,successful,,,1,2026-06-13 08:54:41.977071
UNSEEN_PAY_003611,UNSEEN_CUST_00675,2201.96,upi,successful,,,1,2026-06-24 01:08:41.977071
UNSEEN_PAY_003612,UNSEEN_CUST_00818,24064.36,upi,failed,BANK_SERVICE_UNAVAILABLE,temporary_bank_failure,1,2026-06-19 00:56:41.977071
UNSEEN_PAY_003613,UNSEEN_CUST_00228,5618.92,card,successful,,,1,2026-07-30 09:45:41.977071
UNSEEN_PAY_003614,UNSEEN_CUST_00178,15402.39,upi,successful,,,1,2026-07-01 01:00:41.977071
UNSEEN_PAY_003615,UNSEEN_CUST_01726,46649.15,upi,failed,LIMIT_EXCEEDED,limit_exceeded,1,2026-06-02 01:02:41.977071
UNSEEN_PAY_003616,UNSEEN_CUST_01843,5195.39,upi,successful,,,1,2026-08-16 13:59:41.977071
UNSEEN_PAY_003617,UNSEEN_CUST_00397,33980.69,upi,successful,,,1,2026-08-20 17:35:41.977071
UNSEEN_PAY_003618,UNSEEN_CUST_01368,42268.16,upi,successful,,,1,2026-06-16 01:59:41.977071
UNSEEN_PAY_003619,UNSEEN_CUST_00971,8547.99,upi,successful,,,1,2026-07-09 15:01:41.977071
UNSEEN_PAY_003620,UNSEEN_CUST_00598,14114.87,upi,successful,,,1,2026-06-04 17:21:41.977071
UNSEEN_PAY_003621,UNSEEN_CUST_01424,44561.83,upi,successful,,,1,2026-07-08 08:20:41.977071
UNSEEN_PAY_003622,UNSEEN_CUST_00569,37035.5,netbanking,successful,,,1,2026-08-01 10:51:41.977071
UNSEEN_PAY_003623,UNSEEN_CUST_00691,10256.8,upi,successful,,,1,2026-08-12 00:54:41.977071
UNSEEN_PAY_003624,UNSEEN_CUST_00972,60979.65,upi,successful,,,1,2026-07-30 02:23:41.977071
UNSEEN_PAY_003625,UNSEEN_CUST_00070,4739.82,upi,failed,INSUFFICIENT_BALANCE,insufficient_funds,2,2026-06-08 09:18:41.978068
UNSEEN_PAY_003626,UNSEEN_CUST_01467,46033.75,upi,successful,,,1,2026-07-14 04:59:41.978068
UNSEEN_PAY_003627,UNSEEN_CUST_00325,18096.62,upi,successful,,,2,2026-06-11 05:10:41.978068
UNSEEN_PAY_003628,UNSEEN_CUST_01000,30960.84,netbanking,failed,BANK_SERVICE_UNAVAILABLE,temporary_bank_failure,1,2026-06-15 13:20:41.978068
UNSEEN_PAY_003629,UNSEEN_CUST_01889,32116.73,netbanking,failed,FUNDS_NOT_AVAILABLE,insufficient_funds,1,2026-06-10 02:26:41.978068
UNSEEN_PAY_003630,UNSEEN_CUST_00248,34472.52,upi,successful,,,1,2026-08-25 03:12:41.978068
UNSEEN_PAY_003631,UNSEEN_CUST_00352,8419.14,card,successful,,,1,2026-05-29 05:11:41.978068
UNSEEN_PAY_003632,UNSEEN_CUST_01766,16568.42,upi,failed,INSTRUMENT_EXPIRED,expired_instrument,2,2026-08-02 17:42:41.978068
UNSEEN_PAY_003633,UNSEEN_CUST_01539,3024.43,upi,successful,,,1,2026-06-17 07:14:41.978068
UNSEEN_PAY_003634,UNSEEN_CUST_00510,26054.45,netbanking,successful,,,2,2026-08-23 22:56:41.978068
UNSEEN_PAY_003635,UNSEEN_CUST_00479,34365.96,upi,successful,,,1,2026-06-02 03:32:41.978068
UNSEEN_PAY_003636,UNSEEN_CUST_01606,45035.33,netbanking,successful,,,1,2026-06-01 21:39:41.978068
UNSEEN_PAY_003637,UNSEEN_CUST_00910,18418.55,upi,successful,,,1,2026-06-05 08:45:41.978068
UNSEEN_PAY_003638,UNSEEN_CUST_01552,36900.4,card,failed,NETWORK_TIMEOUT,timeout,1,2026-07-30 22:55:41.978068
UNSEEN_PAY_003639,UNSEEN_CUST_00393,19586.74,upi,successful,,,1,2026-06-24 17:29:41.978068
UNSEEN_PAY_003640,UNSEEN_CUST_00017,2992.77,upi,successful,,,1,2026-06-23 06:23:41.978068
UNSEEN_PAY_003641,UNSEEN_CUST_00184,31004.83,netbanking,successful,,,1,2026-07-17 19:28:41.978068
UNSEEN_PAY_003642,UNSEEN_CUST_00768,11561.36,upi,successful,,,1,2026-06-08 15:44:41.978068
UNSEEN_PAY_003643,UNSEEN_CUST_00520,12126.95,card,successful,,,1,2026-06-26 14:56:41.979070
UNSEEN_PAY_003644,UNSEEN_CUST_00715,11480.15,card,successful,,,1,2026-07-16 19:28:41.979070
UNSEEN_PAY_003645,UNSEEN_CUST_00547,15653.59,upi,successful,,,1,2026-07-18 00:16:41.979070
UNSEEN_PAY_003646,UNSEEN_CUST_01063,28633.53,netbanking,successful,,,1,2026-08-01 11:34:41.979070
UNSEEN_PAY_003647,UNSEEN_CUST_00019,32215.74,netbanking,successful,,,1,2026-07-22 16:17:41.979070
UNSEEN_PAY_003648,UNSEEN_CUST_00809,21360.94,upi,failed,BANK_TEMPORARY_ERROR,temporary_bank_failure,2,2026-06-18 03:10:41.979070
UNSEEN_PAY_003649,UNSEEN_CUST_00808,1802.47,netbanking,successful,,,1,2026-06-23 13:51:41.979070
UNSEEN_PAY_003650,UNSEEN_CUST_01798,9805.11,upi,successful,,,1,2026-06-21 01:46:41.979070
UNSEEN_PAY_003651,UNSEEN_CUST_01768,21974.48,upi,failed,INSUFFICIENT_BALANCE,insufficient_funds,1,2026-08-01 22:19:41.979070
UNSEEN_PAY_003652,UNSEEN_CUST_00646,18742.55,card,successful,,,1,2026-08-12 18:12:41.979070
UNSEEN_PAY_003653,UNSEEN_CUST_00384,5794.96,card,successful,,,1,2026-05-28 17:19:41.979070
UNSEEN_PAY_003654,UNSEEN_CUST_00556,13695.14,netbanking,successful,,,1,2026-07-02 02:48:41.979070
UNSEEN_PAY_003655,UNSEEN_CUST_01241,34849.0,card,successful,,,2,2026-07-18 12:22:41.979070
UNSEEN_PAY_003656,UNSEEN_CUST_00665,17815.63,upi,failed,POLICY_DECLINED,risk_decline,1,2026-06-15 17:55:41.979070
UNSEEN_PAY_003657,UNSEEN_CUST_01819,49586.46,card,successful,,,1,2026-07-19 15:49:41.979070
UNSEEN_PAY_003658,UNSEEN_CUST_00340,40391.31,upi,successful,,,1,2026-06-09 19:10:41.979070
UNSEEN_PAY_003659,UNSEEN_CUST_00429,20371.28,card,successful,,,1,2026-07-26 10:22:41.979070
UNSEEN_PAY_003660,UNSEEN_CUST_01879,66618.94,upi,successful,,,1,2026-08-11 14:01:41.979070
UNSEEN_PAY_003661,UNSEEN_CUST_01086,18788.93,upi,successful,,,1,2026-06-23 16:25:41.979070
UNSEEN_PAY_003662,UNSEEN_CUST_01473,92612.17,upi,successful,,,1,2026-06-28 21:35:41.979070
UNSEEN_PAY_003663,UNSEEN_CUST_01978,29550.2,upi,successful,,,1,2026-07-10 10:03:41.980067
UNSEEN_PAY_003664,UNSEEN_CUST_01175,23974.84,card,failed,CARD_EXPIRED,expired_instrument,1,2026-07-23 06:56:41.980067
UNSEEN_PAY_003665,UNSEEN_CUST_01292,29481.58,card,successful,,,1,2026-08-21 12:26:41.980067
UNSEEN_PAY_003666,UNSEEN_CUST_00567,46006.6,netbanking,successful,,,1,2026-06-12 23:11:41.980067
UNSEEN_PAY_003667,UNSEEN_CUST_01632,10027.48,upi,successful,,,1,2026-08-11 16:31:41.980067
UNSEEN_PAY_003668,UNSEEN_CUST_01280,30429.77,netbanking,successful,,,1,2026-06-07 05:12:41.980067
UNSEEN_PAY_003669,UNSEEN_CUST_00371,8828.13,netbanking,successful,,,1,2026-06-09 07:12:41.980067
UNSEEN_PAY_003670,UNSEEN_CUST_00353,35801.14,netbanking,successful,,,1,2026-07-01 15:10:41.980067
UNSEEN_PAY_003671,UNSEEN_CUST_00725,18593.27,upi,successful,,,2,2026-06-15 09:43:41.980067
UNSEEN_PAY_003672,UNSEEN_CUST_01931,47794.92,card,failed,CUSTOMER_AUTH_FAILED,authentication_failed,1,2026-06-15 21:07:41.980067
UNSEEN_PAY_003673,UNSEEN_CUST_01140,12596.68,upi,successful,,,1,2026-07-28 02:40:41.980067
UNSEEN_PAY_003674,UNSEEN_CUST_01552,28063.55,upi,successful,,,1,2026-07-30 19:56:41.980067
UNSEEN_PAY_003675,UNSEEN_CUST_01479,10534.86,upi,successful,,,1,2026-06-09 03:30:41.980067
UNSEEN_PAY_003676,UNSEEN_CUST_00400,35596.74,upi,failed,NETWORK_TIMEOUT,timeout,1,2026-07-08 18:10:41.980067
UNSEEN_PAY_003677,UNSEEN_CUST_00733,11617.87,card,successful,,,1,2026-07-24 23:34:41.980067
UNSEEN_PAY_003678,UNSEEN_CUST_01658,57191.25,netbanking,successful,,,1,2026-08-15 21:40:41.980067
UNSEEN_PAY_003679,UNSEEN_CUST_01396,35534.07,upi,successful,,,1,2026-06-22 01:15:41.980067
UNSEEN_PAY_003680,UNSEEN_CUST_01417,25079.38,upi,failed,UNSPECIFIED_DECLINE,unknown_failure,1,2026-07-01 05:12:41.980067
UNSEEN_PAY_003681,UNSEEN_CUST_01813,43949.25,upi,successful,,,1,2026-08-12 04:43:41.981072
UNSEEN_PAY_003682,UNSEEN_CUST_01466,46697.13,upi,successful,,,1,2026-07-27 04:25:41.981072
UNSEEN_PAY_003683,UNSEEN_CUST_00055,28686.55,upi,successful,,,1,2026-07-15 14:09:41.981072
UNSEEN_PAY_003684,UNSEEN_CUST_01483,46638.16,card,successful,,,1,2026-06-06 12:42:41.981072
UNSEEN_PAY_003685,UNSEEN_CUST_01382,25605.46,card,successful,,,1,2026-06-17 22:48:41.981072
UNSEEN_PAY_003686,UNSEEN_CUST_00732,39853.07,card,failed,UNSPECIFIED_DECLINE,temporary_bank_failure,1,2026-06-09 16:45:41.981072
UNSEEN_PAY_003687,UNSEEN_CUST_01576,42045.75,upi,successful,,,1,2026-06-09 18:52:41.981072
UNSEEN_PAY_003688,UNSEEN_CUST_01282,46467.02,netbanking,failed,BANK_TEMPORARY_ERROR,temporary_bank_failure,1,2026-07-20 00:08:41.981072
UNSEEN_PAY_003689,UNSEEN_CUST_00083,27025.13,card,successful,,,1,2026-07-30 02:34:41.981072
UNSEEN_PAY_003690,UNSEEN_CUST_01233,40001.94,upi,successful,,,1,2026-07-09 14:45:41.981072
UNSEEN_PAY_003691,UNSEEN_CUST_00890,67959.53,upi,successful,,,1,2026-06-19 02:11:41.981072
UNSEEN_PAY_003692,UNSEEN_CUST_00518,17812.54,upi,failed,UNSPECIFIED_DECLINE,risk_decline,1,2026-06-29 08:22:41.981072
UNSEEN_PAY_003693,UNSEEN_CUST_01782,20374.02,upi,successful,,,1,2026-07-28 13:52:41.981072
UNSEEN_PAY_003694,UNSEEN_CUST_00103,20019.3,upi,successful,,,1,2026-08-25 18:04:41.981072
UNSEEN_PAY_003695,UNSEEN_CUST_01705,8756.54,upi,successful,,,1,2026-07-03 01:57:41.981072
UNSEEN_PAY_003696,UNSEEN_CUST_00786,22616.14,card,failed,CARD_EXPIRED,expired_instrument,1,2026-07-24 11:42:41.981072
UNSEEN_PAY_003697,UNSEEN_CUST_01052,20643.29,upi,successful,,,2,2026-06-11 20:52:41.981072
UNSEEN_PAY_003698,UNSEEN_CUST_01255,10473.86,upi,successful,,,1,2026-07-31 10:39:41.981072
UNSEEN_PAY_003699,UNSEEN_CUST_01545,22647.57,upi,successful,,,1,2026-08-06 02:33:41.981072
UNSEEN_PAY_003700,UNSEEN_CUST_00334,6740.47,card,successful,,,1,2026-08-07 21:55:41.982066
UNSEEN_PAY_003701,UNSEEN_CUST_00606,36236.12,upi,successful,,,1,2026-08-23 01:21:41.982066
UNSEEN_PAY_003702,UNSEEN_CUST_01603,29680.59,card,failed,INSUFFICIENT_BALANCE,insufficient_funds,2,2026-07-19 13:24:41.982066
UNSEEN_PAY_003703,UNSEEN_CUST_01508,1611.97,upi,successful,,,1,2026-07-12 22:39:41.982066
UNSEEN_PAY_003704,UNSEEN_CUST_01616,41440.2,upi,successful,,,1,2026-06-09 11:57:41.982066
UNSEEN_PAY_003705,UNSEEN_CUST_01212,34679.48,card,successful,,,1,2026-06-16 15:23:41.982066
UNSEEN_PAY_003706,UNSEEN_CUST_01361,74454.3,upi,successful,,,1,2026-07-22 00:26:41.982066
UNSEEN_PAY_003707,UNSEEN_CUST_01591,27914.85,upi,successful,,,1,2026-08-04 08:38:41.982066
UNSEEN_PAY_003708,UNSEEN_CUST_01970,37301.45,upi,successful,,,1,2026-08-24 23:04:41.982066
UNSEEN_PAY_003709,UNSEEN_CUST_01144,35835.45,upi,successful,,,1,2026-08-01 14:19:41.982066
UNSEEN_PAY_003710,UNSEEN_CUST_00037,1398.54,upi,failed,CARD_EXPIRED,expired_instrument,1,2026-06-04 04:31:41.982066
UNSEEN_PAY_003711,UNSEEN_CUST_00298,45403.38,upi,successful,,,1,2026-07-04 12:34:41.982066
UNSEEN_PAY_003712,UNSEEN_CUST_00401,31665.92,upi,successful,,,1,2026-07-04 22:06:41.982066
UNSEEN_PAY_003713,UNSEEN_CUST_00320,56997.56,upi,successful,,,1,2026-06-12 19:17:41.982066
UNSEEN_PAY_003714,UNSEEN_CUST_00935,46215.58,upi,successful,,,1,2026-07-07 06:14:41.982066
UNSEEN_PAY_003715,UNSEEN_CUST_01972,15083.13,card,successful,,,1,2026-07-13 08:04:41.982066
UNSEEN_PAY_003716,UNSEEN_CUST_00937,19891.12,upi,successful,,,1,2026-08-21 04:08:41.982066
UNSEEN_PAY_003717,UNSEEN_CUST_00418,8235.24,netbanking,successful,,,1,2026-07-22 23:45:41.982066
UNSEEN_PAY_003718,UNSEEN_CUST_01695,4942.53,upi,successful,,,1,2026-06-02 06:05:41.982066
UNSEEN_PAY_003719,UNSEEN_CUST_00430,77583.94,card,successful,,,1,2026-08-24 19:58:41.982066
UNSEEN_PAY_003720,UNSEEN_CUST_00999,96788.42,upi,successful,,,1,2026-07-31 09:24:41.982986
UNSEEN_PAY_003721,UNSEEN_CUST_00467,41897.17,card,successful,,,1,2026-06-25 14:27:41.982986
UNSEEN_PAY_003722,UNSEEN_CUST_01137,39711.46,netbanking,failed,INSUFFICIENT_BALANCE,insufficient_funds,2,2026-06-25 04:11:41.982986
UNSEEN_PAY_003723,UNSEEN_CUST_00341,1731.25,netbanking,successful,,,1,2026-07-21 14:40:41.982986
UNSEEN_PAY_003724,UNSEEN_CUST_01722,45950.96,upi,failed,INSUFFICIENT_BALANCE,insufficient_funds,1,2026-06-05 17:15:41.982986
UNSEEN_PAY_003725,UNSEEN_CUST_00102,11986.19,card,successful,,,1,2026-08-22 00:15:41.982986
UNSEEN_PAY_003726,UNSEEN_CUST_00679,5284.02,upi,failed,BANK_SERVICE_UNAVAILABLE,temporary_bank_failure,1,2026-08-12 06:10:41.982986
UNSEEN_PAY_003727,UNSEEN_CUST_01558,16939.9,upi,successful,,,1,2026-05-31 16:31:41.982986
UNSEEN_PAY_003728,UNSEEN_CUST_00970,94977.72,upi,successful,,,1,2026-06-30 14:30:41.982986
UNSEEN_PAY_003729,UNSEEN_CUST_00217,2397.35,upi,failed,INSUFFICIENT_BALANCE,insufficient_funds,1,2026-06-08 12:01:41.982986
UNSEEN_PAY_003730,UNSEEN_CUST_00886,78343.45,card,successful,,,1,2026-08-14 07:42:41.982986
UNSEEN_PAY_003731,UNSEEN_CUST_01293,7049.9,upi,failed,FUNDS_NOT_AVAILABLE,insufficient_funds,1,2026-07-08 04:37:41.982986
UNSEEN_PAY_003732,UNSEEN_CUST_01180,6390.89,card,successful,,,1,2026-07-28 00:16:41.982986
UNSEEN_PAY_003733,UNSEEN_CUST_00314,58378.88,netbanking,successful,,,1,2026-06-23 15:38:41.982986
UNSEEN_PAY_003734,UNSEEN_CUST_00787,87312.94,netbanking,failed,AUTHENTICATION_FAILED,authentication_failed,1,2026-07-11 19:44:41.982986
UNSEEN_PAY_003735,UNSEEN_CUST_01930,13523.03,upi,successful,,,1,2026-07-21 12:58:41.982986
UNSEEN_PAY_003736,UNSEEN_CUST_00768,46952.88,netbanking,successful,,,1,2026-05-30 03:55:41.982986
UNSEEN_PAY_003737,UNSEEN_CUST_00839,87723.99,card,successful,,,2,2026-07-30 17:06:41.982986
UNSEEN_PAY_003738,UNSEEN_CUST_01859,9223.98,upi,successful,,,1,2026-07-30 22:58:41.982986
UNSEEN_PAY_003739,UNSEEN_CUST_01238,7869.76,card,successful,,,1,2026-07-01 11:29:41.982986
UNSEEN_PAY_003740,UNSEEN_CUST_01971,24280.93,netbanking,failed,,insufficient_funds,2,2026-06-11 01:51:41.983985
UNSEEN_PAY_003741,UNSEEN_CUST_01521,1969.2,upi,failed,INSTRUMENT_EXPIRED,expired_instrument,2,2026-06-18 16:01:41.983985
UNSEEN_PAY_003742,UNSEEN_CUST_01605,22394.59,card,successful,,,1,2026-08-25 09:48:41.983985
UNSEEN_PAY_003743,UNSEEN_CUST_01123,10695.59,card,failed,CARD_EXPIRED,expired_instrument,1,2026-07-01 12:33:41.983985
UNSEEN_PAY_003744,UNSEEN_CUST_01302,17380.33,card,successful,,,1,2026-06-09 22:55:41.983985
UNSEEN_PAY_003745,UNSEEN_CUST_01399,29050.96,card,successful,,,2,2026-07-20 11:17:41.983985
UNSEEN_PAY_003746,UNSEEN_CUST_00676,47309.35,upi,successful,,,1,2026-06-28 13:28:41.983985
UNSEEN_PAY_003747,UNSEEN_CUST_00286,31883.15,upi,successful,,,1,2026-07-24 11:37:41.983985
UNSEEN_PAY_003748,UNSEEN_CUST_00735,95171.69,card,successful,,,1,2026-08-24 01:51:41.983985
UNSEEN_PAY_003749,UNSEEN_CUST_00342,4402.04,netbanking,successful,,,1,2026-08-15 16:55:41.983985
UNSEEN_PAY_003750,UNSEEN_CUST_00193,60846.05,card,successful,,,1,2026-06-10 20:56:41.983985
UNSEEN_PAY_003751,UNSEEN_CUST_00633,14795.68,upi,failed,UNKNOWN_ERROR,unknown_failure,1,2026-06-20 04:08:41.983985
UNSEEN_PAY_003752,UNSEEN_CUST_01185,29510.01,card,successful,,,1,2026-07-24 02:54:41.983985
UNSEEN_PAY_003753,UNSEEN_CUST_01492,39191.73,netbanking,successful,,,1,2026-05-29 14:33:41.983985
UNSEEN_PAY_003754,UNSEEN_CUST_00864,28528.97,card,successful,,,1,2026-08-20 23:36:41.983985
UNSEEN_PAY_003755,UNSEEN_CUST_01953,38172.39,card,successful,,,1,2026-08-17 11:59:41.983985
UNSEEN_PAY_003756,UNSEEN_CUST_01521,35023.5,upi,successful,,,1,2026-07-26 00:50:41.983985
UNSEEN_PAY_003757,UNSEEN_CUST_01243,27281.18,card,successful,,,1,2026-06-22 03:07:41.983985
UNSEEN_PAY_003758,UNSEEN_CUST_00908,15690.16,upi,failed,BANK_TEMPORARY_ERROR,temporary_bank_failure,1,2026-06-13 06:21:41.983985
UNSEEN_PAY_003759,UNSEEN_CUST_01295,33605.54,upi,successful,,,1,2026-08-11 10:20:41.983985
UNSEEN_PAY_003760,UNSEEN_CUST_00974,94981.76,upi,successful,,,1,2026-07-22 21:21:41.983985
UNSEEN_PAY_003761,UNSEEN_CUST_01333,43534.49,upi,successful,,,1,2026-06-18 01:15:41.983985
UNSEEN_PAY_003762,UNSEEN_CUST_01413,47705.23,netbanking,successful,,,1,2026-06-21 14:16:41.983985
UNSEEN_PAY_003763,UNSEEN_CUST_00039,87922.43,upi,successful,,,1,2026-06-24 23:31:41.983985
UNSEEN_PAY_003764,UNSEEN_CUST_01257,12789.74,card,successful,,,1,2026-07-10 20:14:41.985074
UNSEEN_PAY_003765,UNSEEN_CUST_01498,94815.47,netbanking,successful,,,1,2026-08-03 12:59:41.985074
UNSEEN_PAY_003766,UNSEEN_CUST_00597,35325.64,card,successful,,,1,2026-08-01 17:28:41.985074
UNSEEN_PAY_003767,UNSEEN_CUST_01720,46737.49,card,successful,,,2,2026-07-22 03:27:41.985074
UNSEEN_PAY_003768,UNSEEN_CUST_01424,33812.55,card,failed,UNKNOWN_ERROR,unknown_failure,1,2026-08-21 11:07:41.985074
UNSEEN_PAY_003769,UNSEEN_CUST_01998,16713.65,upi,successful,,,1,2026-08-23 16:43:41.985074
UNSEEN_PAY_003770,UNSEEN_CUST_01788,13145.23,upi,successful,,,1,2026-06-11 10:54:41.985074
UNSEEN_PAY_003771,UNSEEN_CUST_00069,5270.76,netbanking,successful,,,1,2026-07-07 02:04:41.985074
UNSEEN_PAY_003772,UNSEEN_CUST_01159,21253.75,upi,successful,,,1,2026-08-26 20:07:41.985074
UNSEEN_PAY_003773,UNSEEN_CUST_01003,41118.74,upi,successful,,,1,2026-06-01 13:31:41.985074
UNSEEN_PAY_003774,UNSEEN_CUST_01987,43232.75,upi,successful,,,2,2026-06-26 10:22:41.985074
UNSEEN_PAY_003775,UNSEEN_CUST_00138,18974.79,card,successful,,,1,2026-07-26 16:35:41.985074
UNSEEN_PAY_003776,UNSEEN_CUST_01890,89243.99,upi,successful,,,1,2026-07-15 18:00:41.985074
UNSEEN_PAY_003777,UNSEEN_CUST_00928,10193.15,upi,successful,,,2,2026-06-09 15:36:41.985074
UNSEEN_PAY_003778,UNSEEN_CUST_01469,2206.5,card,successful,,,1,2026-07-14 20:16:41.985074
UNSEEN_PAY_003779,UNSEEN_CUST_00010,68952.28,netbanking,successful,,,1,2026-07-10 18:18:41.985074
UNSEEN_PAY_003780,UNSEEN_CUST_00227,29757.47,card,successful,,,1,2026-06-16 00:09:41.985074
UNSEEN_PAY_003781,UNSEEN_CUST_01955,3132.04,upi,failed,INSUFFICIENT_BALANCE,insufficient_funds,1,2026-08-12 14:58:41.985074
UNSEEN_PAY_003782,UNSEEN_CUST_00053,78931.89,netbanking,failed,UNSPECIFIED_DECLINE,limit_exceeded,1,2026-07-14 01:18:41.985074
UNSEEN_PAY_003783,UNSEEN_CUST_01571,1676.11,card,successful,,,1,2026-07-04 23:29:41.985074
UNSEEN_PAY_003784,UNSEEN_CUST_01252,3352.47,upi,successful,,,1,2026-06-05 05:19:41.985074
UNSEEN_PAY_003785,UNSEEN_CUST_00721,49481.04,upi,successful,,,1,2026-05-31 08:18:41.985074
UNSEEN_PAY_003786,UNSEEN_CUST_00675,31264.18,card,successful,,,2,2026-06-01 07:19:41.985074
UNSEEN_PAY_003787,UNSEEN_CUST_01777,81292.59,card,successful,,,2,2026-07-09 21:41:41.986072
UNSEEN_PAY_003788,UNSEEN_CUST_01393,26856.09,card,successful,,,1,2026-08-16 19:19:41.986072
UNSEEN_PAY_003789,UNSEEN_CUST_01402,13572.64,upi,successful,,,1,2026-08-24 07:01:41.986072
UNSEEN_PAY_003790,UNSEEN_CUST_01575,89310.02,upi,successful,,,1,2026-07-24 17:12:41.986072
UNSEEN_PAY_003791,UNSEEN_CUST_01778,1168.61,upi,failed,BANK_SERVICE_UNAVAILABLE,temporary_bank_failure,1,2026-07-15 11:50:41.986072
UNSEEN_PAY_003792,UNSEEN_CUST_00875,41658.52,card,successful,,,1,2026-06-04 14:00:41.986072
UNSEEN_PAY_003793,UNSEEN_CUST_01093,16487.6,card,failed,INSUFFICIENT_BALANCE,insufficient_funds,1,2026-08-12 06:54:41.986072
UNSEEN_PAY_003794,UNSEEN_CUST_00330,8864.78,upi,successful,,,1,2026-07-14 02:21:41.986072
UNSEEN_PAY_003795,UNSEEN_CUST_01112,25789.98,card,successful,,,1,2026-08-26 16:04:41.986072
UNSEEN_PAY_003796,UNSEEN_CUST_00630,8560.43,card,successful,,,1,2026-08-13 03:44:41.986072
UNSEEN_PAY_003797,UNSEEN_CUST_00907,10311.78,upi,successful,,,1,2026-06-04 18:05:41.986072
UNSEEN_PAY_003798,UNSEEN_CUST_00869,16050.0,card,successful,,,1,2026-07-08 13:30:41.986072
UNSEEN_PAY_003799,UNSEEN_CUST_00169,92323.36,card,successful,,,1,2026-07-03 23:12:41.986072
UNSEEN_PAY_003800,UNSEEN_CUST_00827,37063.97,card,failed,BANK_SERVICE_UNAVAILABLE,temporary_bank_failure,1,2026-06-04 22:22:41.986072
UNSEEN_PAY_003801,UNSEEN_CUST_01407,26853.68,card,successful,,,1,2026-08-25 21:06:41.986072
UNSEEN_PAY_003802,UNSEEN_CUST_00121,7916.55,netbanking,failed,BANK_SERVICE_UNAVAILABLE,temporary_bank_failure,1,2026-08-09 01:55:41.986072
UNSEEN_PAY_003803,UNSEEN_CUST_01780,41469.89,upi,successful,,,1,2026-06-26 07:53:41.986072
UNSEEN_PAY_003804,UNSEEN_CUST_00958,41440.23,upi,successful,,,1,2026-07-02 21:21:41.986072
UNSEEN_PAY_003805,UNSEEN_CUST_00857,39692.79,card,successful,,,1,2026-07-29 21:05:41.986072
UNSEEN_PAY_003806,UNSEEN_CUST_00330,5977.08,netbanking,successful,,,1,2026-08-08 09:49:41.986072
UNSEEN_PAY_003807,UNSEEN_CUST_00799,563.65,upi,successful,,,1,2026-05-31 23:58:41.986072
UNSEEN_PAY_003808,UNSEEN_CUST_00751,88852.35,card,successful,,,1,2026-05-31 17:04:41.986072
UNSEEN_PAY_003809,UNSEEN_CUST_00570,20843.88,upi,successful,,,1,2026-07-22 23:43:41.986072
UNSEEN_PAY_003810,UNSEEN_CUST_01812,17905.64,upi,successful,,,1,2026-07-28 10:02:41.987068
UNSEEN_PAY_003811,UNSEEN_CUST_00534,39125.62,upi,successful,,,1,2026-08-05 21:07:41.987068
UNSEEN_PAY_003812,UNSEEN_CUST_00598,26998.55,netbanking,successful,,,1,2026-08-12 19:50:41.987068
UNSEEN_PAY_003813,UNSEEN_CUST_00527,55650.2,upi,successful,,,1,2026-08-12 16:36:41.987068
UNSEEN_PAY_003814,UNSEEN_CUST_01926,43150.76,card,failed,UNKNOWN_ERROR,unknown_failure,1,2026-06-21 02:36:41.987068
UNSEEN_PAY_003815,UNSEEN_CUST_01206,8225.86,upi,successful,,,2,2026-07-11 16:47:41.987068
UNSEEN_PAY_003816,UNSEEN_CUST_01759,22308.72,card,failed,INSUFFICIENT_BALANCE,insufficient_funds,1,2026-07-27 22:13:41.987068
UNSEEN_PAY_003817,UNSEEN_CUST_00629,32417.85,netbanking,successful,,,1,2026-06-26 10:20:41.987068
UNSEEN_PAY_003818,UNSEEN_CUST_00778,5690.47,netbanking,successful,,,1,2026-06-05 04:06:41.987068
UNSEEN_PAY_003819,UNSEEN_CUST_01559,13035.39,netbanking,successful,,,2,2026-08-12 11:00:41.987068
UNSEEN_PAY_003820,UNSEEN_CUST_00065,29241.61,upi,successful,,,1,2026-07-19 15:55:41.987068
UNSEEN_PAY_003821,UNSEEN_CUST_00064,23461.56,upi,failed,,timeout,2,2026-08-09 20:40:41.987068
UNSEEN_PAY_003822,UNSEEN_CUST_00054,14569.66,card,failed,TRANSACTION_LIMIT_EXCEEDED,limit_exceeded,1,2026-05-28 01:30:41.987068
UNSEEN_PAY_003823,UNSEEN_CUST_01156,18239.96,netbanking,successful,,,1,2026-08-25 00:42:41.987068
UNSEEN_PAY_003824,UNSEEN_CUST_00031,7516.57,card,successful,,,1,2026-06-08 00:35:41.987068
UNSEEN_PAY_003825,UNSEEN_CUST_00788,24554.31,netbanking,successful,,,1,2026-07-08 20:00:41.987068
UNSEEN_PAY_003826,UNSEEN_CUST_01394,31141.58,upi,successful,,,1,2026-07-17 02:31:41.987068
UNSEEN_PAY_003827,UNSEEN_CUST_00022,39610.76,upi,successful,,,1,2026-07-09 20:35:41.987068
UNSEEN_PAY_003828,UNSEEN_CUST_00878,5999.76,upi,successful,,,1,2026-07-08 23:19:41.987068
UNSEEN_PAY_003829,UNSEEN_CUST_00754,33917.07,netbanking,successful,,,1,2026-06-29 22:37:41.987068
UNSEEN_PAY_003830,UNSEEN_CUST_00980,17126.76,card,successful,,,1,2026-08-17 09:36:41.987068
UNSEEN_PAY_003831,UNSEEN_CUST_00573,18240.95,upi,successful,,,1,2026-07-22 01:33:41.987068
UNSEEN_PAY_003832,UNSEEN_CUST_00483,29815.69,card,successful,,,1,2026-07-20 07:30:41.987068
UNSEEN_PAY_003833,UNSEEN_CUST_01623,68328.17,upi,successful,,,1,2026-07-03 05:53:41.988078
UNSEEN_PAY_003834,UNSEEN_CUST_01688,1878.63,card,successful,,,2,2026-06-08 11:47:41.988078
UNSEEN_PAY_003835,UNSEEN_CUST_00190,22441.65,netbanking,successful,,,1,2026-07-15 11:15:41.988078
UNSEEN_PAY_003836,UNSEEN_CUST_00078,18215.72,upi,failed,PROCESSING_TIMEOUT,timeout,1,2026-07-03 00:27:41.988078
UNSEEN_PAY_003837,UNSEEN_CUST_01567,13827.03,upi,failed,FUNDS_NOT_AVAILABLE,insufficient_funds,2,2026-06-24 01:32:41.988078
UNSEEN_PAY_003838,UNSEEN_CUST_00226,13072.0,upi,successful,,,1,2026-07-16 23:33:41.988078
UNSEEN_PAY_003839,UNSEEN_CUST_00561,26626.72,card,failed,UNSPECIFIED_DECLINE,unknown_failure,1,2026-08-21 03:26:41.988078
UNSEEN_PAY_003840,UNSEEN_CUST_00684,29275.2,upi,successful,,,1,2026-05-28 15:53:41.988078
UNSEEN_PAY_003841,UNSEEN_CUST_00031,16033.66,upi,successful,,,2,2026-06-17 08:17:41.988078
UNSEEN_PAY_003842,UNSEEN_CUST_01147,46898.91,upi,successful,,,1,2026-06-09 16:41:41.988078
UNSEEN_PAY_003843,UNSEEN_CUST_01646,10737.45,netbanking,successful,,,1,2026-07-24 17:28:41.988078
UNSEEN_PAY_003844,UNSEEN_CUST_01515,2559.8,upi,successful,,,3,2026-06-23 18:55:41.988078
UNSEEN_PAY_003845,UNSEEN_CUST_00650,28144.47,upi,successful,,,1,2026-07-13 17:09:41.988078
UNSEEN_PAY_003846,UNSEEN_CUST_01572,41029.12,upi,successful,,,1,2026-05-31 05:20:41.988078
UNSEEN_PAY_003847,UNSEEN_CUST_01539,2360.14,upi,successful,,,1,2026-06-01 09:51:41.988078
UNSEEN_PAY_003848,UNSEEN_CUST_00925,23684.77,upi,successful,,,1,2026-08-03 17:50:41.988078
UNSEEN_PAY_003849,UNSEEN_CUST_00153,27287.37,netbanking,failed,NETWORK_TIMEOUT,timeout,1,2026-06-01 15:56:41.988078
UNSEEN_PAY_003850,UNSEEN_CUST_00329,48255.57,upi,successful,,,1,2026-08-18 21:05:41.988078
UNSEEN_PAY_003851,UNSEEN_CUST_00495,19607.33,card,successful,,,2,2026-08-07 02:20:41.988078
UNSEEN_PAY_003852,UNSEEN_CUST_01380,4472.5,card,successful,,,2,2026-06-20 02:39:41.988078
UNSEEN_PAY_003853,UNSEEN_CUST_00572,4234.17,card,successful,,,1,2026-07-29 15:43:41.988078
UNSEEN_PAY_003854,UNSEEN_CUST_01812,17091.41,netbanking,failed,BANK_SERVICE_UNAVAILABLE,temporary_bank_failure,1,2026-05-30 22:03:41.988078
UNSEEN_PAY_003855,UNSEEN_CUST_00625,9493.62,upi,successful,,,1,2026-07-27 18:49:41.988078
UNSEEN_PAY_003856,UNSEEN_CUST_00391,97110.92,card,successful,,,1,2026-06-28 20:34:41.989077
UNSEEN_PAY_003857,UNSEEN_CUST_01352,20441.93,upi,successful,,,1,2026-08-07 17:39:41.989077
UNSEEN_PAY_003858,UNSEEN_CUST_00113,10539.34,netbanking,successful,,,1,2026-06-24 13:10:41.989077
UNSEEN_PAY_003859,UNSEEN_CUST_01577,48301.6,upi,successful,,,1,2026-08-02 07:15:41.989077
UNSEEN_PAY_003860,UNSEEN_CUST_01952,46875.99,upi,failed,INSUFFICIENT_BALANCE,insufficient_funds,3,2026-07-30 02:37:41.989077
UNSEEN_PAY_003861,UNSEEN_CUST_00483,31685.95,upi,successful,,,1,2026-06-23 13:29:41.989077
UNSEEN_PAY_003862,UNSEEN_CUST_01938,15848.53,card,successful,,,1,2026-08-25 12:31:41.989077
UNSEEN_PAY_003863,UNSEEN_CUST_00807,2301.3,netbanking,successful,,,1,2026-07-22 21:10:41.989077
UNSEEN_PAY_003864,UNSEEN_CUST_01612,6639.5,netbanking,successful,,,2,2026-06-17 22:32:41.989077
UNSEEN_PAY_003865,UNSEEN_CUST_01248,24927.83,upi,failed,BANK_TEMPORARY_ERROR,temporary_bank_failure,1,2026-06-12 07:56:41.989077
UNSEEN_PAY_003866,UNSEEN_CUST_00037,15264.54,upi,successful,,,1,2026-06-13 01:24:41.989077
UNSEEN_PAY_003867,UNSEEN_CUST_01898,1461.28,upi,successful,,,1,2026-07-01 23:34:41.989077
UNSEEN_PAY_003868,UNSEEN_CUST_00057,35764.43,card,successful,,,1,2026-06-19 12:15:41.989077
UNSEEN_PAY_003869,UNSEEN_CUST_00928,42090.28,upi,successful,,,1,2026-08-08 19:46:41.989077
UNSEEN_PAY_003870,UNSEEN_CUST_01874,47338.48,upi,failed,UNSPECIFIED_DECLINE,unknown_failure,1,2026-08-14 00:14:41.989077
UNSEEN_PAY_003871,UNSEEN_CUST_00600,30763.51,upi,successful,,,1,2026-08-04 01:15:41.989077
UNSEEN_PAY_003872,UNSEEN_CUST_00575,39756.96,card,successful,,,1,2026-06-05 14:39:41.989077
UNSEEN_PAY_003873,UNSEEN_CUST_00367,83765.18,upi,failed,CARD_EXPIRED,expired_instrument,1,2026-06-06 03:00:41.989077
UNSEEN_PAY_003874,UNSEEN_CUST_00175,27808.87,upi,successful,,,1,2026-08-08 22:11:41.989077
UNSEEN_PAY_003875,UNSEEN_CUST_01764,12639.28,upi,successful,,,1,2026-08-20 09:55:41.989986
UNSEEN_PAY_003876,UNSEEN_CUST_01675,39132.23,upi,successful,,,1,2026-06-23 00:16:41.989986
UNSEEN_PAY_003877,UNSEEN_CUST_00979,20116.61,upi,successful,,,1,2026-07-31 08:31:41.989986
UNSEEN_PAY_003878,UNSEEN_CUST_01411,16664.63,upi,successful,,,1,2026-07-02 20:43:41.989986
UNSEEN_PAY_003879,UNSEEN_CUST_00287,2692.83,card,successful,,,1,2026-07-13 18:03:41.989986
UNSEEN_PAY_003880,UNSEEN_CUST_00895,49500.29,card,successful,,,1,2026-08-23 13:43:41.989986
UNSEEN_PAY_003881,UNSEEN_CUST_01421,3322.61,upi,successful,,,1,2026-06-10 11:46:41.989986
UNSEEN_PAY_003882,UNSEEN_CUST_00286,22309.65,upi,successful,,,1,2026-06-22 09:37:41.989986
UNSEEN_PAY_003883,UNSEEN_CUST_00377,17668.13,card,successful,,,1,2026-08-15 10:52:41.989986
UNSEEN_PAY_003884,UNSEEN_CUST_00714,14478.86,upi,successful,,,1,2026-08-15 10:46:41.989986
UNSEEN_PAY_003885,UNSEEN_CUST_00050,8475.1,upi,successful,,,1,2026-08-23 08:36:41.989986
UNSEEN_PAY_003886,UNSEEN_CUST_01498,50723.95,netbanking,successful,,,2,2026-06-20 20:51:41.989986
UNSEEN_PAY_003887,UNSEEN_CUST_00923,7620.94,upi,successful,,,1,2026-06-16 09:08:41.989986
UNSEEN_PAY_003888,UNSEEN_CUST_01499,12731.12,upi,successful,,,1,2026-06-25 18:07:41.989986
UNSEEN_PAY_003889,UNSEEN_CUST_00995,29070.27,upi,successful,,,1,2026-06-15 06:48:41.989986
UNSEEN_PAY_003890,UNSEEN_CUST_00189,18439.55,upi,successful,,,1,2026-08-01 16:17:41.989986
UNSEEN_PAY_003891,UNSEEN_CUST_01810,12880.33,upi,successful,,,1,2026-08-13 19:01:41.989986
UNSEEN_PAY_003892,UNSEEN_CUST_00230,12064.32,card,successful,,,1,2026-08-21 06:12:41.989986
UNSEEN_PAY_003893,UNSEEN_CUST_00866,31999.51,card,failed,RISK_DECLINED,risk_decline,1,2026-07-18 07:34:41.989986
UNSEEN_PAY_003894,UNSEEN_CUST_01619,43109.36,netbanking,successful,,,1,2026-07-27 23:23:41.989986
UNSEEN_PAY_003895,UNSEEN_CUST_01977,10844.66,netbanking,successful,,,1,2026-06-01 07:10:41.989986
UNSEEN_PAY_003896,UNSEEN_CUST_01064,29300.77,card,successful,,,1,2026-06-01 00:54:41.989986
UNSEEN_PAY_003897,UNSEEN_CUST_00440,36987.78,netbanking,successful,,,1,2026-08-07 20:15:41.989986
UNSEEN_PAY_003898,UNSEEN_CUST_00409,61933.64,upi,successful,,,1,2026-07-13 10:38:41.989986
UNSEEN_PAY_003899,UNSEEN_CUST_00278,49146.54,netbanking,successful,,,1,2026-05-30 23:17:41.989986
UNSEEN_PAY_003900,UNSEEN_CUST_01202,52966.96,upi,successful,,,1,2026-08-01 18:54:41.989986
UNSEEN_PAY_003901,UNSEEN_CUST_00040,9646.23,upi,successful,,,1,2026-07-18 20:44:41.991079
UNSEEN_PAY_003902,UNSEEN_CUST_00723,42877.89,card,successful,,,1,2026-06-12 23:06:41.991079
UNSEEN_PAY_003903,UNSEEN_CUST_00633,10605.23,upi,failed,FUNDS_NOT_AVAILABLE,insufficient_funds,1,2026-08-23 15:41:41.991079
UNSEEN_PAY_003904,UNSEEN_CUST_00083,7780.21,card,successful,,,1,2026-08-23 08:37:41.991079
UNSEEN_PAY_003905,UNSEEN_CUST_00044,26979.43,netbanking,successful,,,2,2026-08-01 14:50:41.991079
UNSEEN_PAY_003906,UNSEEN_CUST_01962,28107.79,netbanking,successful,,,1,2026-06-24 05:31:41.991079
UNSEEN_PAY_003907,UNSEEN_CUST_00279,16591.85,card,successful,,,1,2026-08-11 14:27:41.991079
UNSEEN_PAY_003908,UNSEEN_CUST_01028,5295.59,card,successful,,,1,2026-06-03 23:02:41.991079
UNSEEN_PAY_003909,UNSEEN_CUST_01183,16798.8,upi,failed,BANK_SERVICE_UNAVAILABLE,temporary_bank_failure,1,2026-08-11 16:14:41.991079
UNSEEN_PAY_003910,UNSEEN_CUST_01564,27408.04,upi,successful,,,1,2026-06-14 20:21:41.991079
UNSEEN_PAY_003911,UNSEEN_CUST_01142,8265.14,upi,successful,,,1,2026-07-12 03:48:41.991079
UNSEEN_PAY_003912,UNSEEN_CUST_00936,23243.76,upi,successful,,,1,2026-06-01 07:55:41.991079
UNSEEN_PAY_003913,UNSEEN_CUST_01579,5641.92,upi,successful,,,1,2026-07-03 10:02:41.991079
UNSEEN_PAY_003914,UNSEEN_CUST_00874,14284.11,upi,successful,,,1,2026-08-23 23:23:41.991079
UNSEEN_PAY_003915,UNSEEN_CUST_01938,45960.93,card,successful,,,1,2026-08-08 21:55:41.991079
UNSEEN_PAY_003916,UNSEEN_CUST_00972,84115.69,upi,successful,,,1,2026-06-30 18:45:41.991079
UNSEEN_PAY_003917,UNSEEN_CUST_01274,16955.24,upi,failed,BANK_SERVICE_UNAVAILABLE,temporary_bank_failure,2,2026-06-20 15:50:41.991079
UNSEEN_PAY_003918,UNSEEN_CUST_00158,16371.19,upi,successful,,,2,2026-06-26 12:30:41.991079
UNSEEN_PAY_003919,UNSEEN_CUST_01016,27643.57,card,successful,,,1,2026-07-30 15:50:41.991079
UNSEEN_PAY_003920,UNSEEN_CUST_01027,13895.38,card,successful,,,1,2026-08-26 15:12:41.991079
UNSEEN_PAY_003921,UNSEEN_CUST_01789,8868.97,netbanking,successful,,,1,2026-08-21 17:56:41.991079
UNSEEN_PAY_003922,UNSEEN_CUST_00810,8796.64,upi,successful,,,1,2026-08-04 22:44:41.991079
UNSEEN_PAY_003923,UNSEEN_CUST_00898,21002.15,card,successful,,,1,2026-07-22 07:23:41.991079
UNSEEN_PAY_003924,UNSEEN_CUST_00690,36861.11,netbanking,failed,CARD_EXPIRED,expired_instrument,1,2026-06-22 05:21:41.991079
UNSEEN_PAY_003925,UNSEEN_CUST_00449,15284.71,upi,failed,INSUFFICIENT_BALANCE,insufficient_funds,1,2026-06-28 06:03:41.992078
UNSEEN_PAY_003926,UNSEEN_CUST_01911,33737.31,upi,successful,,,1,2026-06-09 08:13:41.992078
UNSEEN_PAY_003927,UNSEEN_CUST_01414,36774.95,upi,successful,,,1,2026-08-01 15:13:41.992078
UNSEEN_PAY_003928,UNSEEN_CUST_00399,45407.52,upi,successful,,,1,2026-07-21 13:03:41.992078
UNSEEN_PAY_003929,UNSEEN_CUST_00831,9329.48,card,successful,,,1,2026-06-17 14:20:41.992078
UNSEEN_PAY_003930,UNSEEN_CUST_01474,3294.82,upi,successful,,,1,2026-06-03 10:31:41.992078
UNSEEN_PAY_003931,UNSEEN_CUST_00078,5005.85,card,successful,,,1,2026-05-31 23:04:41.992078
UNSEEN_PAY_003932,UNSEEN_CUST_00202,71579.32,card,successful,,,1,2026-06-18 02:03:41.992078
UNSEEN_PAY_003933,UNSEEN_CUST_01071,24878.25,upi,failed,BANK_SERVICE_UNAVAILABLE,temporary_bank_failure,1,2026-08-05 20:44:41.992078
UNSEEN_PAY_003934,UNSEEN_CUST_01954,21711.14,upi,failed,BANK_SERVICE_UNAVAILABLE,temporary_bank_failure,1,2026-07-18 04:20:41.992078
UNSEEN_PAY_003935,UNSEEN_CUST_00168,34178.84,netbanking,successful,,,1,2026-08-14 15:15:41.992078
UNSEEN_PAY_003936,UNSEEN_CUST_00255,42156.86,card,successful,,,1,2026-07-09 11:07:41.992078
UNSEEN_PAY_003937,UNSEEN_CUST_00936,16356.89,netbanking,successful,,,1,2026-07-21 18:56:41.992078
UNSEEN_PAY_003938,UNSEEN_CUST_01641,38157.81,upi,successful,,,1,2026-08-08 03:45:41.992078
UNSEEN_PAY_003939,UNSEEN_CUST_00203,35653.86,upi,successful,,,1,2026-08-23 19:29:41.992078
UNSEEN_PAY_003940,UNSEEN_CUST_01815,23947.39,upi,successful,,,1,2026-07-11 03:24:41.992078
UNSEEN_PAY_003941,UNSEEN_CUST_00630,12872.18,upi,successful,,,1,2026-06-15 17:16:41.992078
UNSEEN_PAY_003942,UNSEEN_CUST_00638,15772.32,card,failed,POLICY_DECLINED,risk_decline,1,2026-07-09 08:53:41.992078
UNSEEN_PAY_003943,UNSEEN_CUST_00112,16877.98,upi,failed,AUTHENTICATION_FAILED,authentication_failed,1,2026-08-21 15:38:41.992078
UNSEEN_PAY_003944,UNSEEN_CUST_01602,9854.83,upi,successful,,,1,2026-07-30 06:30:41.992989
UNSEEN_PAY_003945,UNSEEN_CUST_01189,29725.23,card,successful,,,1,2026-08-17 18:54:41.992989
UNSEEN_PAY_003946,UNSEEN_CUST_01115,5342.07,card,successful,,,1,2026-06-14 04:04:41.992989
UNSEEN_PAY_003947,UNSEEN_CUST_01006,51527.32,card,failed,NETWORK_TIMEOUT,timeout,1,2026-08-16 01:51:41.992989
UNSEEN_PAY_003948,UNSEEN_CUST_01963,8746.95,card,successful,,,1,2026-07-12 19:16:41.992989
UNSEEN_PAY_003949,UNSEEN_CUST_01352,64810.16,netbanking,successful,,,1,2026-07-19 05:47:41.992989
UNSEEN_PAY_003950,UNSEEN_CUST_01342,33436.58,upi,successful,,,1,2026-06-09 17:35:41.992989
UNSEEN_PAY_003951,UNSEEN_CUST_00496,8280.11,upi,successful,,,1,2026-07-03 00:09:41.992989
UNSEEN_PAY_003952,UNSEEN_CUST_00074,7801.29,upi,successful,,,1,2026-08-16 21:13:41.992989
UNSEEN_PAY_003953,UNSEEN_CUST_01223,44618.86,upi,successful,,,3,2026-06-25 19:19:41.992989
UNSEEN_PAY_003954,UNSEEN_CUST_01038,20296.66,card,successful,,,2,2026-08-02 09:24:41.992989
UNSEEN_PAY_003955,UNSEEN_CUST_01424,22985.4,netbanking,successful,,,1,2026-08-16 14:16:41.992989
UNSEEN_PAY_003956,UNSEEN_CUST_00016,46217.55,upi,successful,,,1,2026-06-13 23:48:41.992989
UNSEEN_PAY_003957,UNSEEN_CUST_00795,10021.41,card,successful,,,1,2026-06-03 02:46:41.992989
UNSEEN_PAY_003958,UNSEEN_CUST_00321,42605.27,upi,successful,,,1,2026-06-13 21:29:41.992989
UNSEEN_PAY_003959,UNSEEN_CUST_00357,33751.9,upi,successful,,,1,2026-07-16 07:55:41.992989
UNSEEN_PAY_003960,UNSEEN_CUST_00039,88647.62,card,successful,,,1,2026-07-12 17:09:41.992989
UNSEEN_PAY_003961,UNSEEN_CUST_01320,17117.3,netbanking,failed,BANK_SERVICE_UNAVAILABLE,temporary_bank_failure,1,2026-05-27 20:37:41.992989
UNSEEN_PAY_003962,UNSEEN_CUST_00531,11912.11,card,successful,,,1,2026-06-08 21:34:41.992989
UNSEEN_PAY_003963,UNSEEN_CUST_01327,35119.0,card,successful,,,1,2026-08-08 14:49:41.992989
UNSEEN_PAY_003964,UNSEEN_CUST_00496,5834.12,upi,failed,CUSTOMER_AUTH_FAILED,authentication_failed,1,2026-07-02 21:53:41.992989
UNSEEN_PAY_003965,UNSEEN_CUST_01395,5134.03,upi,failed,UNSPECIFIED_DECLINE,blocked_instrument,1,2026-08-10 06:13:41.992989
UNSEEN_PAY_003966,UNSEEN_CUST_01797,13186.66,upi,successful,,,1,2026-07-04 10:46:41.992989
UNSEEN_PAY_003967,UNSEEN_CUST_01155,38074.71,upi,successful,,,1,2026-06-14 03:57:41.992989
UNSEEN_PAY_003968,UNSEEN_CUST_01086,82312.54,upi,failed,UNSPECIFIED_DECLINE,insufficient_funds,1,2026-06-12 22:50:41.993986
UNSEEN_PAY_003969,UNSEEN_CUST_01516,1390.34,upi,successful,,,1,2026-06-16 13:42:41.993986
UNSEEN_PAY_003970,UNSEEN_CUST_00184,43834.21,upi,successful,,,1,2026-07-05 06:20:41.993986
UNSEEN_PAY_003971,UNSEEN_CUST_01740,23402.73,upi,successful,,,1,2026-06-02 12:39:41.993986
UNSEEN_PAY_003972,UNSEEN_CUST_00886,30336.09,card,successful,,,1,2026-08-24 00:08:41.993986
UNSEEN_PAY_003973,UNSEEN_CUST_00829,8603.44,upi,successful,,,1,2026-06-14 16:09:41.993986
UNSEEN_PAY_003974,UNSEEN_CUST_01812,13740.57,upi,successful,,,1,2026-07-28 22:52:41.993986
UNSEEN_PAY_003975,UNSEEN_CUST_00764,21049.88,card,successful,,,1,2026-07-19 01:14:41.993986
UNSEEN_PAY_003976,UNSEEN_CUST_01137,7099.85,netbanking,successful,,,1,2026-08-15 10:38:41.993986
UNSEEN_PAY_003977,UNSEEN_CUST_00635,30483.72,card,successful,,,1,2026-08-11 04:26:41.993986
UNSEEN_PAY_003978,UNSEEN_CUST_01528,1457.77,card,successful,,,1,2026-06-29 14:58:41.993986
UNSEEN_PAY_003979,UNSEEN_CUST_01429,60467.86,upi,successful,,,1,2026-06-27 04:18:41.993986
UNSEEN_PAY_003980,UNSEEN_CUST_00747,40793.07,card,failed,POLICY_DECLINED,risk_decline,1,2026-08-20 05:07:41.993986
UNSEEN_PAY_003981,UNSEEN_CUST_00589,19846.03,upi,failed,BANK_SERVICE_UNAVAILABLE,temporary_bank_failure,1,2026-06-16 02:35:41.993986
UNSEEN_PAY_003982,UNSEEN_CUST_01800,45171.63,upi,failed,AUTHENTICATION_FAILED,authentication_failed,1,2026-06-30 22:58:41.993986
UNSEEN_PAY_003983,UNSEEN_CUST_01237,62458.67,upi,successful,,,2,2026-07-21 09:53:41.993986
UNSEEN_PAY_003984,UNSEEN_CUST_00241,83200.5,netbanking,successful,,,1,2026-07-12 01:20:41.993986
UNSEEN_PAY_003985,UNSEEN_CUST_00607,25848.41,netbanking,successful,,,1,2026-07-12 05:22:41.993986
UNSEEN_PAY_003986,UNSEEN_CUST_01313,3852.31,card,successful,,,1,2026-05-28 20:02:41.993986
UNSEEN_PAY_003987,UNSEEN_CUST_01937,29804.51,upi,successful,,,1,2026-07-04 23:13:41.993986
UNSEEN_PAY_003988,UNSEEN_CUST_01866,1633.58,upi,successful,,,1,2026-06-15 21:00:41.993986
UNSEEN_PAY_003989,UNSEEN_CUST_01022,23669.28,netbanking,successful,,,2,2026-07-23 14:31:41.993986
UNSEEN_PAY_003990,UNSEEN_CUST_01528,31422.78,upi,successful,,,1,2026-07-25 15:03:41.993986
UNSEEN_PAY_003991,UNSEEN_CUST_00252,31185.88,card,successful,,,1,2026-06-21 01:36:41.994987
UNSEEN_PAY_003992,UNSEEN_CUST_01765,27247.34,netbanking,successful,,,1,2026-05-28 13:29:41.994987
UNSEEN_PAY_003993,UNSEEN_CUST_00290,8442.9,upi,successful,,,1,2026-06-02 10:17:41.994987
UNSEEN_PAY_003994,UNSEEN_CUST_00358,19697.09,upi,successful,,,1,2026-06-15 01:57:41.994987
UNSEEN_PAY_003995,UNSEEN_CUST_00594,26292.52,upi,successful,,,1,2026-06-14 13:33:41.994987
UNSEEN_PAY_003996,UNSEEN_CUST_00574,33209.07,upi,successful,,,1,2026-06-03 21:14:41.994987
UNSEEN_PAY_003997,UNSEEN_CUST_01783,18436.03,netbanking,successful,,,1,2026-07-23 06:08:41.994987
UNSEEN_PAY_003998,UNSEEN_CUST_00997,27858.34,card,successful,,,1,2026-06-17 02:56:41.994987
UNSEEN_PAY_003999,UNSEEN_CUST_00417,15362.12,upi,successful,,,1,2026-08-12 09:23:41.994987
UNSEEN_PAY_004000,UNSEEN_CUST_01853,7384.86,card,successful,,,1,2026-06-16 09:38:41.994987
UNSEEN_PAY_004001,UNSEEN_CUST_01965,23401.4,upi,successful,,,1,2026-05-31 09:17:41.994987
UNSEEN_PAY_004002,UNSEEN_CUST_00099,56378.5,upi,successful,,,1,2026-08-12 01:06:41.994987
UNSEEN_PAY_004003,UNSEEN_CUST_01209,32883.78,upi,successful,,,1,2026-08-12 07:14:41.994987
UNSEEN_PAY_004004,UNSEEN_CUST_00600,3579.82,upi,successful,,,1,2026-06-05 03:19:41.994987
UNSEEN_PAY_004005,UNSEEN_CUST_00523,14758.2,netbanking,successful,,,1,2026-08-07 08:04:41.994987
UNSEEN_PAY_004006,UNSEEN_CUST_01918,12846.75,upi,failed,INSUFFICIENT_BALANCE,insufficient_funds,2,2026-07-15 15:05:41.994987
UNSEEN_PAY_004007,UNSEEN_CUST_01392,44516.37,upi,successful,,,1,2026-08-05 09:05:41.994987
UNSEEN_PAY_004008,UNSEEN_CUST_01769,1563.72,card,successful,,,1,2026-08-07 00:44:41.994987
UNSEEN_PAY_004009,UNSEEN_CUST_00868,12064.52,netbanking,successful,,,1,2026-06-07 06:17:41.994987
UNSEEN_PAY_004010,UNSEEN_CUST_01294,1029.35,upi,successful,,,1,2026-07-07 10:45:41.994987
UNSEEN_PAY_004011,UNSEEN_CUST_01667,2306.48,upi,successful,,,1,2026-08-02 16:37:41.994987
UNSEEN_PAY_004012,UNSEEN_CUST_00521,5632.43,card,successful,,,1,2026-08-24 03:47:41.994987
UNSEEN_PAY_004013,UNSEEN_CUST_00262,1763.18,card,successful,,,1,2026-06-07 01:15:41.994987
UNSEEN_PAY_004014,UNSEEN_CUST_01670,9426.21,upi,successful,,,1,2026-07-06 23:23:41.994987
UNSEEN_PAY_004015,UNSEEN_CUST_00039,37133.79,upi,successful,,,1,2026-07-05 11:45:41.994987
UNSEEN_PAY_004016,UNSEEN_CUST_01274,30175.36,card,successful,,,1,2026-06-04 11:09:41.994987
UNSEEN_PAY_004017,UNSEEN_CUST_01233,22145.38,netbanking,successful,,,1,2026-08-16 22:58:41.994987
UNSEEN_PAY_004018,UNSEEN_CUST_00659,15588.75,upi,successful,,,2,2026-08-05 16:09:41.994987
UNSEEN_PAY_004019,UNSEEN_CUST_01921,55636.93,upi,successful,,,1,2026-06-25 23:17:41.994987
UNSEEN_PAY_004020,UNSEEN_CUST_00832,9609.03,upi,successful,,,1,2026-08-20 11:25:41.996072
UNSEEN_PAY_004021,UNSEEN_CUST_00521,15980.45,card,successful,,,1,2026-05-31 15:33:41.996072
UNSEEN_PAY_004022,UNSEEN_CUST_01427,18020.03,upi,failed,PROCESSING_TIMEOUT,timeout,1,2026-06-04 23:41:41.996072
UNSEEN_PAY_004023,UNSEEN_CUST_01825,32389.94,upi,successful,,,1,2026-06-15 10:02:41.996072
UNSEEN_PAY_004024,UNSEEN_CUST_01519,8774.68,upi,failed,BANK_TEMPORARY_ERROR,temporary_bank_failure,1,2026-06-25 15:02:41.996072
UNSEEN_PAY_004025,UNSEEN_CUST_00041,24874.64,netbanking,successful,,,1,2026-08-18 23:42:41.996072
UNSEEN_PAY_004026,UNSEEN_CUST_01661,48092.54,upi,successful,,,1,2026-08-11 17:00:41.996072
UNSEEN_PAY_004027,UNSEEN_CUST_01780,37151.32,upi,successful,,,1,2026-06-05 23:02:41.996072
UNSEEN_PAY_004028,UNSEEN_CUST_00629,1072.75,upi,successful,,,1,2026-07-21 07:58:41.996072
UNSEEN_PAY_004029,UNSEEN_CUST_01893,7853.32,upi,failed,LIMIT_EXCEEDED,limit_exceeded,1,2026-07-30 17:19:41.996072
UNSEEN_PAY_004030,UNSEEN_CUST_01908,36922.38,upi,successful,,,1,2026-06-01 11:07:41.996072
UNSEEN_PAY_004031,UNSEEN_CUST_00217,25875.55,card,failed,NETWORK_TIMEOUT,timeout,2,2026-06-21 02:44:41.996072
UNSEEN_PAY_004032,UNSEEN_CUST_01099,35509.4,card,failed,BANK_SERVICE_UNAVAILABLE,temporary_bank_failure,1,2026-08-01 13:00:41.996072
UNSEEN_PAY_004033,UNSEEN_CUST_01150,26376.72,card,successful,,,1,2026-06-21 02:38:41.996072
UNSEEN_PAY_004034,UNSEEN_CUST_01638,39504.66,netbanking,successful,,,1,2026-06-04 15:07:41.996072
UNSEEN_PAY_004035,UNSEEN_CUST_00660,40622.15,netbanking,failed,PROCESSING_TIMEOUT,timeout,1,2026-06-13 22:23:41.996072
UNSEEN_PAY_004036,UNSEEN_CUST_01308,3036.47,card,successful,,,1,2026-06-26 18:07:41.996072
UNSEEN_PAY_004037,UNSEEN_CUST_00425,6706.62,card,successful,,,1,2026-08-24 14:22:41.996072
UNSEEN_PAY_004038,UNSEEN_CUST_01388,13735.97,upi,successful,,,1,2026-07-29 07:36:41.996072
UNSEEN_PAY_004039,UNSEEN_CUST_01970,24352.95,card,successful,,,2,2026-06-30 02:56:41.996072
UNSEEN_PAY_004040,UNSEEN_CUST_00509,32150.41,card,successful,,,1,2026-07-31 05:16:41.996072
UNSEEN_PAY_004041,UNSEEN_CUST_01312,75247.87,card,successful,,,1,2026-08-26 19:23:41.997028
UNSEEN_PAY_004042,UNSEEN_CUST_01963,19211.15,upi,successful,,,1,2026-06-21 02:20:41.997028
UNSEEN_PAY_004043,UNSEEN_CUST_01465,46803.15,upi,successful,,,1,2026-06-26 03:28:41.997028
UNSEEN_PAY_004044,UNSEEN_CUST_00538,19874.14,upi,successful,,,1,2026-06-16 20:28:41.997028
UNSEEN_PAY_004045,UNSEEN_CUST_00029,23531.88,upi,failed,CUSTOMER_AUTH_FAILED,authentication_failed,1,2026-07-08 16:58:41.997028
UNSEEN_PAY_004046,UNSEEN_CUST_00985,81179.72,upi,successful,,,1,2026-07-16 21:57:41.997028
UNSEEN_PAY_004047,UNSEEN_CUST_01699,2848.67,card,successful,,,2,2026-08-12 10:11:41.997028
UNSEEN_PAY_004048,UNSEEN_CUST_00371,2554.94,card,successful,,,1,2026-06-28 22:55:41.997028
UNSEEN_PAY_004049,UNSEEN_CUST_01848,15502.22,upi,successful,,,1,2026-08-09 17:04:41.997028
UNSEEN_PAY_004050,UNSEEN_CUST_00906,64949.71,upi,successful,,,1,2026-05-30 21:01:41.997028
UNSEEN_PAY_004051,UNSEEN_CUST_00543,8694.04,upi,failed,INSUFFICIENT_BALANCE,insufficient_funds,2,2026-08-21 21:32:41.997028
UNSEEN_PAY_004052,UNSEEN_CUST_01254,44992.7,card,successful,,,1,2026-06-02 18:53:41.997028
UNSEEN_PAY_004053,UNSEEN_CUST_01320,13629.93,upi,failed,BANK_SERVICE_UNAVAILABLE,temporary_bank_failure,1,2026-06-04 21:38:41.997028
UNSEEN_PAY_004054,UNSEEN_CUST_00171,26560.35,card,successful,,,1,2026-06-16 11:59:41.997028
UNSEEN_PAY_004055,UNSEEN_CUST_00198,23553.85,upi,successful,,,1,2026-06-22 03:51:41.997028
UNSEEN_PAY_004056,UNSEEN_CUST_00179,17886.88,card,successful,,,1,2026-06-04 21:16:41.997028
UNSEEN_PAY_004057,UNSEEN_CUST_01709,88123.31,upi,successful,,,1,2026-07-02 08:39:41.997028
UNSEEN_PAY_004058,UNSEEN_CUST_01293,19638.91,card,failed,FUNDS_NOT_AVAILABLE,insufficient_funds,1,2026-06-05 05:27:41.997028
UNSEEN_PAY_004059,UNSEEN_CUST_00516,10221.95,card,failed,FUNDS_NOT_AVAILABLE,insufficient_funds,1,2026-08-13 17:38:41.997028
UNSEEN_PAY_004060,UNSEEN_CUST_01141,2970.27,upi,successful,,,1,2026-05-30 21:03:41.997028
UNSEEN_PAY_004061,UNSEEN_CUST_01513,12414.65,upi,successful,,,1,2026-06-08 23:23:41.997028
UNSEEN_PAY_004062,UNSEEN_CUST_01386,30141.62,upi,successful,,,1,2026-07-20 19:46:41.997028
UNSEEN_PAY_004063,UNSEEN_CUST_00783,9762.64,upi,failed,INSTRUMENT_EXPIRED,expired_instrument,2,2026-07-18 03:06:41.997028
UNSEEN_PAY_004064,UNSEEN_CUST_00861,38546.35,upi,failed,BANK_SERVICE_UNAVAILABLE,temporary_bank_failure,1,2026-07-30 23:25:41.997028
UNSEEN_PAY_004065,UNSEEN_CUST_01224,7965.56,upi,failed,UNSPECIFIED_DECLINE,unknown_failure,1,2026-06-28 15:55:41.998077
UNSEEN_PAY_004066,UNSEEN_CUST_00439,6736.79,netbanking,successful,,,2,2026-08-07 19:47:41.998077
UNSEEN_PAY_004067,UNSEEN_CUST_01435,22043.8,upi,successful,,,1,2026-07-22 06:36:41.998077
UNSEEN_PAY_004068,UNSEEN_CUST_00246,4728.17,upi,successful,,,1,2026-07-03 04:23:41.998077
UNSEEN_PAY_004069,UNSEEN_CUST_00514,44512.73,upi,successful,,,1,2026-06-03 11:38:41.998077
UNSEEN_PAY_004070,UNSEEN_CUST_00364,46226.55,netbanking,successful,,,1,2026-08-15 11:16:41.998077
UNSEEN_PAY_004071,UNSEEN_CUST_01178,8738.21,upi,successful,,,1,2026-07-06 10:44:41.998077
UNSEEN_PAY_004072,UNSEEN_CUST_00095,17437.18,upi,successful,,,1,2026-08-22 05:21:41.998077
UNSEEN_PAY_004073,UNSEEN_CUST_01979,23084.83,card,successful,,,1,2026-08-12 01:52:41.998077
UNSEEN_PAY_004074,UNSEEN_CUST_01925,49396.02,card,successful,,,1,2026-07-23 08:07:41.998077
UNSEEN_PAY_004075,UNSEEN_CUST_01172,42016.08,upi,successful,,,1,2026-06-10 06:20:41.998077
UNSEEN_PAY_004076,UNSEEN_CUST_01673,19537.26,card,successful,,,1,2026-06-02 13:24:41.998077
UNSEEN_PAY_004077,UNSEEN_CUST_01374,47811.4,card,failed,BANK_SERVICE_UNAVAILABLE,temporary_bank_failure,1,2026-07-13 10:04:41.998077
UNSEEN_PAY_004078,UNSEEN_CUST_01558,83385.06,upi,successful,,,1,2026-08-03 18:33:41.998077
UNSEEN_PAY_004079,UNSEEN_CUST_01520,21688.0,card,successful,,,1,2026-08-25 18:31:41.998077
UNSEEN_PAY_004080,UNSEEN_CUST_00972,97090.49,upi,failed,CARD_EXPIRED,expired_instrument,1,2026-07-12 17:41:41.998077
UNSEEN_PAY_004081,UNSEEN_CUST_00376,35604.29,upi,successful,,,1,2026-06-18 06:01:41.998077
UNSEEN_PAY_004082,UNSEEN_CUST_01810,2845.77,upi,successful,,,2,2026-06-03 01:55:41.998077
UNSEEN_PAY_004083,UNSEEN_CUST_00137,42049.99,upi,successful,,,2,2026-06-11 16:13:41.998077
UNSEEN_PAY_004084,UNSEEN_CUST_01178,41809.83,card,successful,,,1,2026-06-07 08:39:41.998077
UNSEEN_PAY_004085,UNSEEN_CUST_00465,20304.62,netbanking,successful,,,2,2026-08-07 03:33:41.998077
UNSEEN_PAY_004086,UNSEEN_CUST_00084,45863.13,upi,failed,INSUFFICIENT_BALANCE,insufficient_funds,2,2026-06-07 05:03:41.998077
UNSEEN_PAY_004087,UNSEEN_CUST_01933,39153.65,upi,failed,LIMIT_EXCEEDED,limit_exceeded,1,2026-08-14 13:34:41.998077
UNSEEN_PAY_004088,UNSEEN_CUST_01394,47761.26,upi,failed,UNKNOWN_ERROR,unknown_failure,1,2026-08-23 13:05:41.999067
UNSEEN_PAY_004089,UNSEEN_CUST_00921,72134.25,upi,successful,,,1,2026-06-05 07:36:41.999067
UNSEEN_PAY_004090,UNSEEN_CUST_00732,42924.63,upi,successful,,,1,2026-06-11 20:58:41.999067
UNSEEN_PAY_004091,UNSEEN_CUST_00359,3103.52,upi,successful,,,1,2026-07-27 04:23:41.999067
UNSEEN_PAY_004092,UNSEEN_CUST_00185,29136.21,upi,failed,INSTRUMENT_EXPIRED,expired_instrument,1,2026-07-17 18:46:41.999067
UNSEEN_PAY_004093,UNSEEN_CUST_01680,4647.68,upi,successful,,,2,2026-06-09 19:37:41.999067
UNSEEN_PAY_004094,UNSEEN_CUST_01485,38746.54,upi,successful,,,1,2026-08-03 10:15:41.999067
UNSEEN_PAY_004095,UNSEEN_CUST_00450,44792.99,upi,successful,,,1,2026-08-01 08:11:41.999067
UNSEEN_PAY_004096,UNSEEN_CUST_01105,21333.63,card,successful,,,1,2026-08-07 02:15:41.999067
UNSEEN_PAY_004097,UNSEEN_CUST_00098,54855.63,netbanking,successful,,,1,2026-08-08 15:38:41.999067
UNSEEN_PAY_004098,UNSEEN_CUST_01685,28088.4,card,successful,,,1,2026-06-24 13:05:41.999067
UNSEEN_PAY_004099,UNSEEN_CUST_00138,19647.9,upi,successful,,,1,2026-07-07 06:59:41.999067
UNSEEN_PAY_004100,UNSEEN_CUST_00030,1298.04,upi,successful,,,1,2026-07-31 21:12:41.999067
UNSEEN_PAY_004101,UNSEEN_CUST_00824,9317.69,netbanking,failed,UNKNOWN_ERROR,unknown_failure,1,2026-07-24 12:36:41.999067
UNSEEN_PAY_004102,UNSEEN_CUST_00622,8896.95,upi,failed,FUNDS_NOT_AVAILABLE,insufficient_funds,1,2026-07-14 15:43:41.999067
UNSEEN_PAY_004103,UNSEEN_CUST_01150,7907.39,netbanking,successful,,,2,2026-07-24 02:33:41.999067
UNSEEN_PAY_004104,UNSEEN_CUST_00319,13892.41,upi,successful,,,1,2026-06-02 05:39:41.999067
UNSEEN_PAY_004105,UNSEEN_CUST_01855,4249.94,card,successful,,,1,2026-07-14 19:19:41.999067
UNSEEN_PAY_004106,UNSEEN_CUST_01744,29829.03,upi,failed,BANK_TEMPORARY_ERROR,temporary_bank_failure,1,2026-05-31 19:21:41.999067
UNSEEN_PAY_004107,UNSEEN_CUST_00055,36463.15,card,successful,,,1,2026-07-18 04:12:41.999067
UNSEEN_PAY_004108,UNSEEN_CUST_01507,3659.03,upi,failed,UNKNOWN_ERROR,unknown_failure,1,2026-06-20 19:29:41.999067
UNSEEN_PAY_004109,UNSEEN_CUST_01900,17048.57,card,successful,,,1,2026-08-14 06:08:42.000077
UNSEEN_PAY_004110,UNSEEN_CUST_01213,24134.78,upi,successful,,,1,2026-08-08 23:37:42.000077
UNSEEN_PAY_004111,UNSEEN_CUST_00786,12711.61,upi,failed,FUNDS_NOT_AVAILABLE,insufficient_funds,1,2026-06-22 03:00:42.000077
UNSEEN_PAY_004112,UNSEEN_CUST_01248,7710.17,upi,successful,,,1,2026-06-09 07:14:42.000077
UNSEEN_PAY_004113,UNSEEN_CUST_01404,40218.08,netbanking,successful,,,1,2026-08-08 20:01:42.000077
UNSEEN_PAY_004114,UNSEEN_CUST_01685,48029.96,upi,successful,,,1,2026-08-10 21:42:42.000077
UNSEEN_PAY_004115,UNSEEN_CUST_00385,96291.99,upi,failed,NETWORK_TIMEOUT,timeout,1,2026-06-28 23:03:42.000077
UNSEEN_PAY_004116,UNSEEN_CUST_01844,16300.27,upi,failed,BANK_TEMPORARY_ERROR,temporary_bank_failure,1,2026-06-02 12:35:42.000077
UNSEEN_PAY_004117,UNSEEN_CUST_01706,1842.46,netbanking,failed,CUSTOMER_AUTH_FAILED,authentication_failed,1,2026-07-19 03:18:42.000077
UNSEEN_PAY_004118,UNSEEN_CUST_01217,14099.11,upi,successful,,,1,2026-08-13 19:21:42.000077
UNSEEN_PAY_004119,UNSEEN_CUST_00598,17115.65,upi,successful,,,1,2026-06-18 02:24:42.000077
UNSEEN_PAY_004120,UNSEEN_CUST_00555,10424.06,upi,successful,,,1,2026-07-21 23:44:42.000077
UNSEEN_PAY_004121,UNSEEN_CUST_00841,32789.66,card,successful,,,1,2026-07-22 22:44:42.000077
UNSEEN_PAY_004122,UNSEEN_CUST_00994,20346.51,card,successful,,,1,2026-06-14 01:22:42.000077
UNSEEN_PAY_004123,UNSEEN_CUST_01184,7095.49,netbanking,successful,,,1,2026-08-21 21:12:42.000077
UNSEEN_PAY_004124,UNSEEN_CUST_01163,6725.21,upi,failed,CUSTOMER_AUTH_FAILED,authentication_failed,1,2026-08-15 14:51:42.000077
UNSEEN_PAY_004125,UNSEEN_CUST_01145,11629.81,upi,successful,,,1,2026-07-11 07:48:42.000077
UNSEEN_PAY_004126,UNSEEN_CUST_01404,27879.91,upi,successful,,,1,2026-06-21 01:25:42.000077
UNSEEN_PAY_004127,UNSEEN_CUST_00122,19835.12,card,successful,,,1,2026-07-21 03:09:42.000077
UNSEEN_PAY_004128,UNSEEN_CUST_01687,41742.38,upi,successful,,,1,2026-06-08 20:03:42.000077
UNSEEN_PAY_004129,UNSEEN_CUST_01029,17953.94,upi,successful,,,1,2026-07-12 13:53:42.000077
UNSEEN_PAY_004130,UNSEEN_CUST_01397,33490.06,upi,successful,,,1,2026-08-25 11:20:42.000077
UNSEEN_PAY_004131,UNSEEN_CUST_01083,24233.29,upi,successful,,,1,2026-05-30 17:58:42.000077
UNSEEN_PAY_004132,UNSEEN_CUST_00790,33025.17,netbanking,successful,,,1,2026-08-19 21:33:42.001072
UNSEEN_PAY_004133,UNSEEN_CUST_01904,62133.11,upi,successful,,,1,2026-08-04 17:41:42.001072
UNSEEN_PAY_004134,UNSEEN_CUST_01119,27002.63,upi,successful,,,1,2026-08-15 10:18:42.001072
UNSEEN_PAY_004135,UNSEEN_CUST_01416,45040.35,upi,successful,,,1,2026-07-20 18:20:42.001072
UNSEEN_PAY_004136,UNSEEN_CUST_00100,2357.59,card,successful,,,1,2026-05-30 11:19:42.001072
UNSEEN_PAY_004137,UNSEEN_CUST_00467,4820.29,upi,successful,,,1,2026-06-05 02:23:42.001072
UNSEEN_PAY_004138,UNSEEN_CUST_00152,21907.04,netbanking,successful,,,1,2026-08-14 21:19:42.001072
UNSEEN_PAY_004139,UNSEEN_CUST_01273,5711.33,card,successful,,,1,2026-06-17 18:07:42.001072
UNSEEN_PAY_004140,UNSEEN_CUST_00433,1180.76,upi,successful,,,1,2026-06-03 04:04:42.001072
UNSEEN_PAY_004141,UNSEEN_CUST_00586,985.2,card,successful,,,1,2026-07-24 15:02:42.001072
UNSEEN_PAY_004142,UNSEEN_CUST_01907,29373.49,upi,successful,,,1,2026-07-13 10:31:42.001072
UNSEEN_PAY_004143,UNSEEN_CUST_01970,23284.66,upi,failed,UNSPECIFIED_DECLINE,limit_exceeded,3,2026-07-04 23:47:42.001072
UNSEEN_PAY_004144,UNSEEN_CUST_01512,5163.77,card,failed,,authentication_failed,1,2026-06-19 21:58:42.001072
UNSEEN_PAY_004145,UNSEEN_CUST_00636,13578.07,netbanking,successful,,,1,2026-06-02 16:45:42.001072
UNSEEN_PAY_004146,UNSEEN_CUST_01091,41022.16,upi,successful,,,2,2026-06-09 00:42:42.001072
UNSEEN_PAY_004147,UNSEEN_CUST_00182,40299.03,upi,successful,,,1,2026-07-26 00:12:42.001072
UNSEEN_PAY_004148,UNSEEN_CUST_00952,19922.77,card,successful,,,1,2026-07-07 17:39:42.001072
UNSEEN_PAY_004149,UNSEEN_CUST_01321,15128.11,card,successful,,,1,2026-06-29 15:05:42.001072
UNSEEN_PAY_004150,UNSEEN_CUST_00403,16924.65,card,successful,,,1,2026-08-17 23:13:42.001072
UNSEEN_PAY_004151,UNSEEN_CUST_01968,3920.2,upi,successful,,,1,2026-06-03 01:49:42.001072
UNSEEN_PAY_004152,UNSEEN_CUST_01629,18555.94,card,successful,,,1,2026-06-15 15:17:42.001072
UNSEEN_PAY_004153,UNSEEN_CUST_00325,57222.1,card,successful,,,1,2026-07-14 16:47:42.001072
UNSEEN_PAY_004154,UNSEEN_CUST_00089,85375.22,card,failed,CUSTOMER_AUTH_FAILED,authentication_failed,1,2026-08-17 00:57:42.001072
UNSEEN_PAY_004155,UNSEEN_CUST_00991,24975.83,card,failed,AUTHENTICATION_FAILED,authentication_failed,1,2026-07-25 09:16:42.001072
UNSEEN_PAY_004156,UNSEEN_CUST_01886,36837.69,upi,successful,,,1,2026-07-09 02:51:42.002075
UNSEEN_PAY_004157,UNSEEN_CUST_00045,14687.68,upi,successful,,,1,2026-08-12 09:00:42.002075
UNSEEN_PAY_004158,UNSEEN_CUST_01522,20511.61,upi,successful,,,1,2026-08-19 16:23:42.002075
UNSEEN_PAY_004159,UNSEEN_CUST_01985,55528.3,netbanking,successful,,,1,2026-06-15 10:00:42.002075
UNSEEN_PAY_004160,UNSEEN_CUST_00466,77939.27,upi,successful,,,1,2026-08-10 00:00:42.002075
UNSEEN_PAY_004161,UNSEEN_CUST_00294,28434.15,upi,failed,PROCESSING_TIMEOUT,timeout,1,2026-06-28 22:17:42.002075
UNSEEN_PAY_004162,UNSEEN_CUST_00278,17431.64,upi,successful,,,1,2026-08-26 08:22:42.002075
UNSEEN_PAY_004163,UNSEEN_CUST_00241,47002.15,upi,successful,,,1,2026-07-28 01:36:42.002075
UNSEEN_PAY_004164,UNSEEN_CUST_00869,27281.22,upi,successful,,,1,2026-06-24 13:22:42.002075
UNSEEN_PAY_004165,UNSEEN_CUST_00557,21724.07,card,successful,,,1,2026-06-05 12:25:42.002075
UNSEEN_PAY_004166,UNSEEN_CUST_01120,8032.45,card,successful,,,1,2026-06-23 19:22:42.002075
UNSEEN_PAY_004167,UNSEEN_CUST_01677,10004.1,netbanking,successful,,,1,2026-05-29 14:47:42.002075
UNSEEN_PAY_004168,UNSEEN_CUST_00964,54136.07,upi,successful,,,1,2026-07-09 11:55:42.002075
UNSEEN_PAY_004169,UNSEEN_CUST_01653,84901.66,upi,successful,,,1,2026-06-21 14:08:42.002075
UNSEEN_PAY_004170,UNSEEN_CUST_00146,39942.16,netbanking,successful,,,1,2026-06-23 05:01:42.002075
UNSEEN_PAY_004171,UNSEEN_CUST_00543,9273.6,netbanking,failed,UNSPECIFIED_DECLINE,blocked_instrument,1,2026-08-12 03:21:42.002075
UNSEEN_PAY_004172,UNSEEN_CUST_00801,69259.87,upi,successful,,,1,2026-08-17 03:30:42.002075
UNSEEN_PAY_004173,UNSEEN_CUST_00127,28914.93,card,successful,,,1,2026-08-18 19:05:42.002075
UNSEEN_PAY_004174,UNSEEN_CUST_01049,34579.15,upi,successful,,,1,2026-08-03 14:57:42.002075
UNSEEN_PAY_004175,UNSEEN_CUST_00363,43332.34,upi,successful,,,1,2026-06-06 05:36:42.002075
UNSEEN_PAY_004176,UNSEEN_CUST_01406,49391.81,upi,successful,,,1,2026-06-11 12:10:42.002075
UNSEEN_PAY_004177,UNSEEN_CUST_00326,39428.93,upi,successful,,,1,2026-06-17 12:17:42.002075
UNSEEN_PAY_004178,UNSEEN_CUST_00657,8269.92,upi,failed,LIMIT_EXCEEDED,limit_exceeded,1,2026-06-22 11:13:42.002075
UNSEEN_PAY_004179,UNSEEN_CUST_01857,40546.89,netbanking,successful,,,1,2026-06-12 08:00:42.003073
UNSEEN_PAY_004180,UNSEEN_CUST_00531,15619.82,netbanking,successful,,,1,2026-07-16 01:23:42.003073
UNSEEN_PAY_004181,UNSEEN_CUST_00252,23898.33,upi,successful,,,1,2026-08-10 01:59:42.003073
UNSEEN_PAY_004182,UNSEEN_CUST_01810,41010.06,netbanking,failed,BANK_TEMPORARY_ERROR,temporary_bank_failure,1,2026-05-29 03:28:42.003073
UNSEEN_PAY_004183,UNSEEN_CUST_00598,31154.85,upi,successful,,,1,2026-06-25 13:07:42.003073
UNSEEN_PAY_004184,UNSEEN_CUST_01781,6711.66,card,successful,,,1,2026-07-24 03:42:42.003073
UNSEEN_PAY_004185,UNSEEN_CUST_01241,5188.03,card,successful,,,1,2026-05-31 08:20:42.003073
UNSEEN_PAY_004186,UNSEEN_CUST_00219,32953.23,card,successful,,,1,2026-05-30 22:47:42.003073
UNSEEN_PAY_004187,UNSEEN_CUST_01918,16059.21,upi,successful,,,1,2026-07-19 09:20:42.003073
UNSEEN_PAY_004188,UNSEEN_CUST_01584,35138.6,card,successful,,,1,2026-07-26 10:38:42.003073
UNSEEN_PAY_004189,UNSEEN_CUST_01679,8003.09,netbanking,failed,UNSPECIFIED_DECLINE,limit_exceeded,1,2026-06-03 22:35:42.003073
UNSEEN_PAY_004190,UNSEEN_CUST_01894,27949.25,netbanking,successful,,,1,2026-05-30 20:19:42.003073
UNSEEN_PAY_004191,UNSEEN_CUST_00531,20845.76,upi,successful,,,1,2026-06-16 11:30:42.003073
UNSEEN_PAY_004192,UNSEEN_CUST_00037,635.62,card,failed,CARD_BLOCKED,blocked_instrument,1,2026-06-08 09:41:42.003073
UNSEEN_PAY_004193,UNSEEN_CUST_00542,14966.55,card,successful,,,1,2026-06-29 03:16:42.003073
UNSEEN_PAY_004194,UNSEEN_CUST_01709,8770.46,upi,successful,,,1,2026-08-11 02:36:42.003073
UNSEEN_PAY_004195,UNSEEN_CUST_01200,22499.04,upi,successful,,,1,2026-06-23 12:03:42.003073
UNSEEN_PAY_004196,UNSEEN_CUST_00774,11321.56,card,successful,,,1,2026-07-13 06:39:42.003073
UNSEEN_PAY_004197,UNSEEN_CUST_00556,11622.77,upi,successful,,,1,2026-07-08 22:16:42.003073
UNSEEN_PAY_004198,UNSEEN_CUST_00519,39750.9,card,successful,,,1,2026-08-15 06:07:42.003073
UNSEEN_PAY_004199,UNSEEN_CUST_01397,5822.63,upi,successful,,,1,2026-06-08 21:02:42.003073
UNSEEN_PAY_004200,UNSEEN_CUST_00447,55992.21,upi,successful,,,1,2026-07-20 18:39:42.003073
UNSEEN_PAY_004201,UNSEEN_CUST_00417,8770.95,upi,failed,INSUFFICIENT_BALANCE,insufficient_funds,1,2026-08-23 03:17:42.003073
UNSEEN_PAY_004202,UNSEEN_CUST_00084,37134.93,upi,successful,,,1,2026-07-13 07:07:42.004073
UNSEEN_PAY_004203,UNSEEN_CUST_00481,47276.23,card,successful,,,1,2026-06-25 21:32:42.004073
UNSEEN_PAY_004204,UNSEEN_CUST_00510,44050.35,card,successful,,,1,2026-08-18 15:49:42.004073
UNSEEN_PAY_004205,UNSEEN_CUST_01955,12755.16,netbanking,failed,PROCESSING_TIMEOUT,timeout,1,2026-08-16 13:34:42.004073
UNSEEN_PAY_004206,UNSEEN_CUST_01750,21283.54,upi,successful,,,1,2026-07-19 16:57:42.004073
UNSEEN_PAY_004207,UNSEEN_CUST_01086,21743.35,upi,successful,,,1,2026-06-09 17:29:42.004073
UNSEEN_PAY_004208,UNSEEN_CUST_01964,21222.83,upi,successful,,,1,2026-06-24 05:04:42.004073
UNSEEN_PAY_004209,UNSEEN_CUST_01015,33955.46,netbanking,successful,,,2,2026-07-29 21:53:42.004073
UNSEEN_PAY_004210,UNSEEN_CUST_01769,8988.68,upi,successful,,,1,2026-06-08 14:47:42.004073
UNSEEN_PAY_004211,UNSEEN_CUST_00314,49581.1,card,successful,,,1,2026-08-08 13:49:42.004073
UNSEEN_PAY_004212,UNSEEN_CUST_01250,26722.1,upi,failed,UNSPECIFIED_DECLINE,unknown_failure,1,2026-07-23 20:07:42.004073
UNSEEN_PAY_004213,UNSEEN_CUST_00156,24084.56,upi,successful,,,1,2026-07-31 04:40:42.004073
UNSEEN_PAY_004214,UNSEEN_CUST_00543,5877.16,upi,successful,,,1,2026-07-09 21:09:42.004073
UNSEEN_PAY_004215,UNSEEN_CUST_01991,23112.42,upi,successful,,,1,2026-06-18 19:16:42.004073
UNSEEN_PAY_004216,UNSEEN_CUST_01800,9359.37,upi,successful,,,1,2026-06-20 19:20:42.004073
UNSEEN_PAY_004217,UNSEEN_CUST_00372,48708.62,card,successful,,,1,2026-08-23 11:43:42.004073
UNSEEN_PAY_004218,UNSEEN_CUST_00710,96334.89,card,successful,,,1,2026-07-18 17:56:42.004073
UNSEEN_PAY_004219,UNSEEN_CUST_01026,97928.17,upi,successful,,,1,2026-07-02 08:03:42.004073
UNSEEN_PAY_004220,UNSEEN_CUST_00530,25972.53,upi,successful,,,1,2026-06-06 22:57:42.004073
UNSEEN_PAY_004221,UNSEEN_CUST_00548,18856.57,upi,successful,,,1,2026-06-29 16:11:42.004073
UNSEEN_PAY_004222,UNSEEN_CUST_01136,9574.94,card,successful,,,1,2026-07-06 21:32:42.004073
UNSEEN_PAY_004223,UNSEEN_CUST_01263,20293.87,card,successful,,,1,2026-07-08 01:03:42.004988
UNSEEN_PAY_004224,UNSEEN_CUST_00035,67181.15,upi,successful,,,1,2026-06-20 17:41:42.004988
UNSEEN_PAY_004225,UNSEEN_CUST_00226,18357.83,card,failed,INSUFFICIENT_BALANCE,insufficient_funds,1,2026-07-17 10:42:42.004988
UNSEEN_PAY_004226,UNSEEN_CUST_01040,2485.24,netbanking,successful,,,1,2026-06-29 06:08:42.004988
UNSEEN_PAY_004227,UNSEEN_CUST_01819,39527.73,upi,successful,,,1,2026-08-07 19:48:42.004988
UNSEEN_PAY_004228,UNSEEN_CUST_01087,47623.87,upi,successful,,,1,2026-08-18 08:55:42.004988
UNSEEN_PAY_004229,UNSEEN_CUST_00916,32245.79,upi,successful,,,1,2026-08-12 02:16:42.004988
UNSEEN_PAY_004230,UNSEEN_CUST_00577,17381.65,upi,successful,,,1,2026-08-24 16:57:42.004988
UNSEEN_PAY_004231,UNSEEN_CUST_01510,11750.82,card,successful,,,1,2026-06-09 04:20:42.004988
UNSEEN_PAY_004232,UNSEEN_CUST_00932,26322.23,card,successful,,,1,2026-07-28 20:50:42.004988
UNSEEN_PAY_004233,UNSEEN_CUST_01155,19851.9,upi,successful,,,1,2026-07-31 13:26:42.004988
UNSEEN_PAY_004234,UNSEEN_CUST_01938,34400.4,upi,successful,,,1,2026-06-02 06:16:42.004988
UNSEEN_PAY_004235,UNSEEN_CUST_01060,22280.67,upi,successful,,,1,2026-07-08 16:24:42.004988
UNSEEN_PAY_004236,UNSEEN_CUST_01678,14492.53,card,failed,BANK_SERVICE_UNAVAILABLE,temporary_bank_failure,1,2026-06-05 13:29:42.004988
UNSEEN_PAY_004237,UNSEEN_CUST_01351,14922.6,upi,successful,,,1,2026-06-10 22:39:42.004988
UNSEEN_PAY_004238,UNSEEN_CUST_00352,17809.21,card,successful,,,1,2026-07-22 11:42:42.004988
UNSEEN_PAY_004239,UNSEEN_CUST_00887,18465.05,card,failed,CARD_EXPIRED,expired_instrument,1,2026-06-06 05:52:42.004988
UNSEEN_PAY_004240,UNSEEN_CUST_00946,6497.36,upi,successful,,,1,2026-06-17 17:36:42.004988
UNSEEN_PAY_004241,UNSEEN_CUST_01632,15786.11,upi,successful,,,2,2026-06-12 09:10:42.004988
UNSEEN_PAY_004242,UNSEEN_CUST_01261,32109.3,card,successful,,,1,2026-07-08 22:05:42.004988
UNSEEN_PAY_004243,UNSEEN_CUST_00082,83956.06,netbanking,successful,,,1,2026-07-12 14:56:42.004988
UNSEEN_PAY_004244,UNSEEN_CUST_01463,12676.77,card,successful,,,1,2026-06-08 02:57:42.004988
UNSEEN_PAY_004245,UNSEEN_CUST_00062,36271.01,card,failed,BANK_TEMPORARY_ERROR,temporary_bank_failure,1,2026-07-09 20:48:42.004988
UNSEEN_PAY_004246,UNSEEN_CUST_00432,16181.67,card,successful,,,1,2026-07-02 13:17:42.005987
UNSEEN_PAY_004247,UNSEEN_CUST_01890,48948.66,upi,failed,INSUFFICIENT_BALANCE,insufficient_funds,1,2026-08-14 11:53:42.005987
UNSEEN_PAY_004248,UNSEEN_CUST_01239,44505.26,upi,successful,,,1,2026-08-08 05:28:42.005987
UNSEEN_PAY_004249,UNSEEN_CUST_01869,53985.83,card,successful,,,1,2026-07-12 21:36:42.005987
UNSEEN_PAY_004250,UNSEEN_CUST_00022,18234.19,upi,failed,RISK_DECLINED,risk_decline,1,2026-07-25 02:17:42.005987
UNSEEN_PAY_004251,UNSEEN_CUST_00667,98622.14,card,successful,,,1,2026-06-21 18:36:42.005987
UNSEEN_PAY_004252,UNSEEN_CUST_01443,91367.73,card,successful,,,2,2026-08-13 11:59:42.005987
UNSEEN_PAY_004253,UNSEEN_CUST_01034,46566.83,upi,successful,,,1,2026-06-24 05:32:42.005987
UNSEEN_PAY_004254,UNSEEN_CUST_00997,16836.1,upi,failed,UNSPECIFIED_DECLINE,unknown_failure,1,2026-07-31 11:15:42.005987
UNSEEN_PAY_004255,UNSEEN_CUST_00102,4244.21,card,successful,,,1,2026-08-17 22:58:42.005987
UNSEEN_PAY_004256,UNSEEN_CUST_01584,69053.66,card,successful,,,1,2026-06-12 10:31:42.005987
UNSEEN_PAY_004257,UNSEEN_CUST_00406,36109.9,upi,successful,,,1,2026-06-15 11:06:42.005987
UNSEEN_PAY_004258,UNSEEN_CUST_01131,47668.76,upi,successful,,,1,2026-08-13 06:43:42.005987
UNSEEN_PAY_004259,UNSEEN_CUST_01771,45230.65,upi,successful,,,1,2026-08-16 04:14:42.005987
UNSEEN_PAY_004260,UNSEEN_CUST_01955,8783.9,upi,successful,,,1,2026-08-17 20:31:42.006989
UNSEEN_PAY_004261,UNSEEN_CUST_00302,19715.07,card,successful,,,1,2026-06-27 21:01:42.006989
UNSEEN_PAY_004262,UNSEEN_CUST_00450,3269.48,card,successful,,,1,2026-06-19 16:03:42.006989
UNSEEN_PAY_004263,UNSEEN_CUST_01732,20544.85,card,failed,INSTRUMENT_EXPIRED,expired_instrument,1,2026-08-20 12:42:42.006989
UNSEEN_PAY_004264,UNSEEN_CUST_01438,20543.5,upi,failed,AUTHENTICATION_FAILED,authentication_failed,1,2026-07-24 09:20:42.006989
UNSEEN_PAY_004265,UNSEEN_CUST_00585,23746.31,card,failed,INSUFFICIENT_BALANCE,insufficient_funds,1,2026-07-09 21:06:42.006989
UNSEEN_PAY_004266,UNSEEN_CUST_01899,15928.57,card,successful,,,1,2026-06-16 13:39:42.006989
UNSEEN_PAY_004267,UNSEEN_CUST_00032,25832.59,upi,successful,,,1,2026-07-03 17:04:42.006989
UNSEEN_PAY_004268,UNSEEN_CUST_01447,34745.78,card,failed,NETWORK_TIMEOUT,timeout,1,2026-08-14 01:16:42.006989
UNSEEN_PAY_004269,UNSEEN_CUST_01349,9548.04,upi,failed,PROCESSING_TIMEOUT,timeout,1,2026-07-14 10:08:42.006989
UNSEEN_PAY_004270,UNSEEN_CUST_00566,21027.5,upi,successful,,,1,2026-07-24 09:35:42.006989
UNSEEN_PAY_004271,UNSEEN_CUST_01706,19452.1,upi,successful,,,1,2026-07-23 21:11:42.006989
UNSEEN_PAY_004272,UNSEEN_CUST_00706,21929.4,upi,successful,,,1,2026-08-05 04:42:42.006989
UNSEEN_PAY_004273,UNSEEN_CUST_00792,3285.28,upi,successful,,,1,2026-06-21 18:59:42.006989
UNSEEN_PAY_004274,UNSEEN_CUST_01203,3627.65,card,successful,,,1,2026-08-17 04:15:42.006989
UNSEEN_PAY_004275,UNSEEN_CUST_00338,21778.93,upi,successful,,,1,2026-06-24 07:43:42.006989
UNSEEN_PAY_004276,UNSEEN_CUST_00956,32871.54,card,successful,,,1,2026-08-24 13:27:42.006989
UNSEEN_PAY_004277,UNSEEN_CUST_01894,9059.94,upi,successful,,,1,2026-08-25 19:55:42.006989
UNSEEN_PAY_004278,UNSEEN_CUST_00927,69939.22,card,successful,,,1,2026-06-02 16:57:42.006989
UNSEEN_PAY_004279,UNSEEN_CUST_01534,47254.47,upi,failed,,insufficient_funds,1,2026-06-24 09:46:42.006989
UNSEEN_PAY_004280,UNSEEN_CUST_01174,11097.87,card,successful,,,1,2026-08-16 21:09:42.006989
UNSEEN_PAY_004281,UNSEEN_CUST_01421,9394.72,card,successful,,,1,2026-06-21 21:42:42.006989
UNSEEN_PAY_004282,UNSEEN_CUST_00704,80853.13,netbanking,failed,BANK_TEMPORARY_ERROR,temporary_bank_failure,2,2026-08-07 04:45:42.006989
UNSEEN_PAY_004283,UNSEEN_CUST_01993,12877.64,upi,successful,,,1,2026-06-02 16:02:42.006989
UNSEEN_PAY_004284,UNSEEN_CUST_01231,31361.68,upi,successful,,,2,2026-05-29 23:47:42.008077
UNSEEN_PAY_004285,UNSEEN_CUST_00289,4150.57,upi,failed,AUTHENTICATION_FAILED,authentication_failed,1,2026-06-21 23:29:42.008077
UNSEEN_PAY_004286,UNSEEN_CUST_00621,82481.8,netbanking,successful,,,1,2026-07-13 22:57:42.008077
UNSEEN_PAY_004287,UNSEEN_CUST_00938,15597.77,card,failed,UNSPECIFIED_DECLINE,temporary_bank_failure,1,2026-06-14 12:22:42.008077
UNSEEN_PAY_004288,UNSEEN_CUST_00928,62129.96,upi,successful,,,1,2026-08-04 22:21:42.008077
UNSEEN_PAY_004289,UNSEEN_CUST_00701,40205.03,upi,successful,,,1,2026-06-16 02:32:42.008077
UNSEEN_PAY_004290,UNSEEN_CUST_01891,8212.64,upi,successful,,,1,2026-08-26 05:01:42.008077
UNSEEN_PAY_004291,UNSEEN_CUST_01661,33583.16,upi,successful,,,1,2026-08-04 00:21:42.008077
UNSEEN_PAY_004292,UNSEEN_CUST_00355,5058.3,netbanking,failed,FUNDS_NOT_AVAILABLE,insufficient_funds,1,2026-08-24 08:06:42.008077
UNSEEN_PAY_004293,UNSEEN_CUST_01581,36669.74,upi,successful,,,1,2026-07-21 07:08:42.008077
UNSEEN_PAY_004294,UNSEEN_CUST_00570,40570.57,upi,successful,,,1,2026-08-19 17:39:42.008077
UNSEEN_PAY_004295,UNSEEN_CUST_00804,30812.53,card,successful,,,1,2026-08-17 15:02:42.008077
UNSEEN_PAY_004296,UNSEEN_CUST_01399,35351.81,card,successful,,,1,2026-06-24 13:35:42.008077
UNSEEN_PAY_004297,UNSEEN_CUST_01392,42688.15,card,failed,LIMIT_EXCEEDED,limit_exceeded,2,2026-07-17 03:55:42.008077
UNSEEN_PAY_004298,UNSEEN_CUST_01058,5291.67,upi,successful,,,1,2026-07-09 14:29:42.008077
UNSEEN_PAY_004299,UNSEEN_CUST_00510,36478.73,upi,successful,,,2,2026-07-16 07:39:42.008077
UNSEEN_PAY_004300,UNSEEN_CUST_00365,29267.0,upi,successful,,,1,2026-08-14 13:44:42.008077
UNSEEN_PAY_004301,UNSEEN_CUST_00596,35904.61,upi,successful,,,1,2026-07-27 04:11:42.008077
UNSEEN_PAY_004302,UNSEEN_CUST_00963,34816.87,card,successful,,,1,2026-07-08 23:30:42.008077
UNSEEN_PAY_004303,UNSEEN_CUST_01979,39159.84,card,successful,,,1,2026-08-26 18:42:42.008077
UNSEEN_PAY_004304,UNSEEN_CUST_00904,14517.31,netbanking,successful,,,1,2026-08-07 13:15:42.008077
UNSEEN_PAY_004305,UNSEEN_CUST_01875,47653.96,netbanking,successful,,,1,2026-08-15 07:33:42.008077
UNSEEN_PAY_004306,UNSEEN_CUST_00228,17887.91,upi,successful,,,1,2026-08-19 11:14:42.008077
UNSEEN_PAY_004307,UNSEEN_CUST_01655,3133.21,card,successful,,,2,2026-07-23 19:37:42.009066
UNSEEN_PAY_004308,UNSEEN_CUST_00861,34663.15,card,successful,,,1,2026-06-23 02:09:42.009066
UNSEEN_PAY_004309,UNSEEN_CUST_00982,27504.39,card,successful,,,1,2026-07-24 11:43:42.009066
UNSEEN_PAY_004310,UNSEEN_CUST_01068,5677.02,upi,successful,,,1,2026-07-17 10:30:42.009066
UNSEEN_PAY_004311,UNSEEN_CUST_01445,17021.51,netbanking,successful,,,1,2026-07-31 11:08:42.009066
UNSEEN_PAY_004312,UNSEEN_CUST_00647,4444.56,card,failed,INSUFFICIENT_BALANCE,insufficient_funds,1,2026-06-02 19:26:42.009066
UNSEEN_PAY_004313,UNSEEN_CUST_01845,8745.13,upi,failed,BANK_SERVICE_UNAVAILABLE,temporary_bank_failure,1,2026-07-10 22:52:42.009066
UNSEEN_PAY_004314,UNSEEN_CUST_01980,17960.62,netbanking,successful,,,1,2026-08-24 03:50:42.009066
UNSEEN_PAY_004315,UNSEEN_CUST_00434,3084.69,card,successful,,,1,2026-08-19 18:06:42.009066
UNSEEN_PAY_004316,UNSEEN_CUST_01818,17281.41,upi,successful,,,1,2026-06-22 20:18:42.009066
UNSEEN_PAY_004317,UNSEEN_CUST_01948,21074.8,card,successful,,,1,2026-06-08 10:41:42.009066
UNSEEN_PAY_004318,UNSEEN_CUST_00348,94003.53,upi,successful,,,1,2026-06-21 04:27:42.009066
UNSEEN_PAY_004319,UNSEEN_CUST_01101,25300.01,upi,successful,,,1,2026-06-13 20:32:42.009066
UNSEEN_PAY_004320,UNSEEN_CUST_01352,61737.53,netbanking,successful,,,1,2026-07-11 07:43:42.009066
UNSEEN_PAY_004321,UNSEEN_CUST_00168,27965.79,netbanking,successful,,,1,2026-06-19 17:55:42.009066
UNSEEN_PAY_004322,UNSEEN_CUST_00958,16657.08,upi,successful,,,1,2026-06-22 00:51:42.009066
UNSEEN_PAY_004323,UNSEEN_CUST_01759,19117.76,upi,successful,,,1,2026-06-17 04:22:42.009066
UNSEEN_PAY_004324,UNSEEN_CUST_00658,17426.76,upi,successful,,,1,2026-07-14 10:48:42.009066
UNSEEN_PAY_004325,UNSEEN_CUST_00064,4100.28,card,successful,,,1,2026-05-31 17:07:42.009066
UNSEEN_PAY_004326,UNSEEN_CUST_00156,11803.75,upi,successful,,,1,2026-08-09 07:10:42.009066
UNSEEN_PAY_004327,UNSEEN_CUST_01126,1880.33,upi,successful,,,1,2026-07-05 02:06:42.009066
UNSEEN_PAY_004328,UNSEEN_CUST_00252,14741.63,netbanking,successful,,,1,2026-07-17 02:20:42.009066
UNSEEN_PAY_004329,UNSEEN_CUST_01425,33599.07,upi,failed,CUSTOMER_AUTH_FAILED,authentication_failed,2,2026-06-29 03:55:42.009066
UNSEEN_PAY_004330,UNSEEN_CUST_01189,23904.99,netbanking,successful,,,1,2026-08-24 19:46:42.009986
UNSEEN_PAY_004331,UNSEEN_CUST_01362,24692.52,upi,successful,,,1,2026-06-16 14:00:42.009986
UNSEEN_PAY_004332,UNSEEN_CUST_00193,9851.32,card,failed,UNSPECIFIED_DECLINE,risk_decline,1,2026-06-04 14:12:42.009986
UNSEEN_PAY_004333,UNSEEN_CUST_01859,45709.77,upi,failed,FUNDS_NOT_AVAILABLE,insufficient_funds,1,2026-06-18 11:59:42.009986
UNSEEN_PAY_004334,UNSEEN_CUST_01280,43314.07,upi,successful,,,1,2026-08-22 04:38:42.009986
UNSEEN_PAY_004335,UNSEEN_CUST_00169,32908.38,card,successful,,,1,2026-06-06 19:40:42.009986
UNSEEN_PAY_004336,UNSEEN_CUST_01246,30894.09,upi,successful,,,1,2026-07-03 00:51:42.009986
UNSEEN_PAY_004337,UNSEEN_CUST_01983,35149.05,card,successful,,,2,2026-06-30 10:34:42.009986
UNSEEN_PAY_004338,UNSEEN_CUST_00670,22716.42,netbanking,failed,BANK_SERVICE_UNAVAILABLE,temporary_bank_failure,1,2026-06-13 12:13:42.009986
UNSEEN_PAY_004339,UNSEEN_CUST_01942,14815.26,upi,successful,,,2,2026-07-18 23:19:42.009986
UNSEEN_PAY_004340,UNSEEN_CUST_00762,6729.59,upi,successful,,,1,2026-06-23 13:42:42.009986
UNSEEN_PAY_004341,UNSEEN_CUST_01135,36675.32,netbanking,successful,,,1,2026-06-21 05:36:42.009986
UNSEEN_PAY_004342,UNSEEN_CUST_01354,32436.89,upi,successful,,,1,2026-07-19 08:24:42.009986
UNSEEN_PAY_004343,UNSEEN_CUST_01196,27113.16,netbanking,successful,,,1,2026-07-11 05:44:42.009986
UNSEEN_PAY_004344,UNSEEN_CUST_01457,37426.83,netbanking,failed,FUNDS_NOT_AVAILABLE,insufficient_funds,2,2026-06-15 18:49:42.009986
UNSEEN_PAY_004345,UNSEEN_CUST_00377,33354.88,upi,failed,INSTRUMENT_EXPIRED,expired_instrument,1,2026-06-18 02:10:42.009986
UNSEEN_PAY_004346,UNSEEN_CUST_01605,65696.4,netbanking,failed,INSTRUMENT_BLOCKED,blocked_instrument,1,2026-05-31 20:52:42.009986
UNSEEN_PAY_004347,UNSEEN_CUST_00126,15383.86,upi,successful,,,1,2026-08-08 22:39:42.009986
UNSEEN_PAY_004348,UNSEEN_CUST_01008,10599.32,upi,successful,,,2,2026-07-21 08:29:42.009986
UNSEEN_PAY_004349,UNSEEN_CUST_00300,11275.63,netbanking,successful,,,1,2026-07-28 11:08:42.009986
UNSEEN_PAY_004350,UNSEEN_CUST_00914,23367.16,card,successful,,,1,2026-07-05 01:16:42.009986
UNSEEN_PAY_004351,UNSEEN_CUST_00812,8173.42,upi,failed,UNSPECIFIED_DECLINE,insufficient_funds,1,2026-07-24 19:46:42.010987
UNSEEN_PAY_004352,UNSEEN_CUST_01273,10579.86,upi,successful,,,1,2026-07-30 21:56:42.010987
UNSEEN_PAY_004353,UNSEEN_CUST_00636,16004.05,netbanking,failed,BANK_SERVICE_UNAVAILABLE,temporary_bank_failure,1,2026-08-16 13:28:42.010987
UNSEEN_PAY_004354,UNSEEN_CUST_00243,48803.43,upi,successful,,,1,2026-08-25 05:33:42.010987
UNSEEN_PAY_004355,UNSEEN_CUST_01639,4419.0,upi,failed,INSUFFICIENT_BALANCE,insufficient_funds,1,2026-06-08 18:14:42.010987
UNSEEN_PAY_004356,UNSEEN_CUST_00548,26860.21,upi,successful,,,1,2026-07-17 06:22:42.010987
UNSEEN_PAY_004357,UNSEEN_CUST_00375,38616.29,netbanking,failed,,risk_decline,1,2026-06-01 14:05:42.010987
UNSEEN_PAY_004358,UNSEEN_CUST_00376,25188.87,upi,failed,BANK_TEMPORARY_ERROR,temporary_bank_failure,1,2026-08-01 01:00:42.010987
UNSEEN_PAY_004359,UNSEEN_CUST_01288,25499.53,upi,successful,,,1,2026-05-29 03:00:42.010987
UNSEEN_PAY_004360,UNSEEN_CUST_00037,17056.85,upi,successful,,,2,2026-08-26 03:32:42.010987
UNSEEN_PAY_004361,UNSEEN_CUST_01918,19099.07,upi,successful,,,1,2026-07-22 01:21:42.010987
UNSEEN_PAY_004362,UNSEEN_CUST_00626,80576.37,upi,successful,,,1,2026-07-14 00:25:42.010987
UNSEEN_PAY_004363,UNSEEN_CUST_01463,43191.35,card,successful,,,1,2026-07-01 12:54:42.010987
UNSEEN_PAY_004364,UNSEEN_CUST_01393,34405.24,upi,successful,,,1,2026-07-22 11:25:42.010987
UNSEEN_PAY_004365,UNSEEN_CUST_00342,19644.53,upi,successful,,,1,2026-08-13 21:46:42.010987
UNSEEN_PAY_004366,UNSEEN_CUST_00242,18411.19,upi,successful,,,1,2026-08-08 00:52:42.010987
UNSEEN_PAY_004367,UNSEEN_CUST_01352,44899.8,card,successful,,,1,2026-07-15 05:00:42.010987
UNSEEN_PAY_004368,UNSEEN_CUST_00120,22594.92,upi,successful,,,1,2026-07-07 17:47:42.010987
UNSEEN_PAY_004369,UNSEEN_CUST_00426,16134.41,upi,successful,,,1,2026-07-18 23:37:42.010987
UNSEEN_PAY_004370,UNSEEN_CUST_00252,2886.49,upi,successful,,,1,2026-08-17 17:29:42.010987
UNSEEN_PAY_004371,UNSEEN_CUST_00364,4144.23,upi,failed,NETWORK_TIMEOUT,timeout,1,2026-06-10 21:33:42.010987
UNSEEN_PAY_004372,UNSEEN_CUST_01623,98449.84,upi,successful,,,1,2026-07-03 16:44:42.010987
UNSEEN_PAY_004373,UNSEEN_CUST_01790,12462.28,upi,successful,,,1,2026-08-03 14:21:42.010987
UNSEEN_PAY_004374,UNSEEN_CUST_00084,45019.34,upi,successful,,,1,2026-06-06 02:00:42.010987
UNSEEN_PAY_004375,UNSEEN_CUST_00343,43688.42,card,successful,,,2,2026-07-23 18:02:42.010987
UNSEEN_PAY_004376,UNSEEN_CUST_00083,6765.41,upi,successful,,,1,2026-07-15 08:48:42.012074
UNSEEN_PAY_004377,UNSEEN_CUST_01726,34338.7,upi,successful,,,1,2026-07-19 05:23:42.012074
UNSEEN_PAY_004378,UNSEEN_CUST_01546,7482.33,card,successful,,,1,2026-06-17 16:37:42.012074
UNSEEN_PAY_004379,UNSEEN_CUST_00484,20888.33,upi,failed,RISK_DECLINED,risk_decline,1,2026-05-29 13:24:42.012074
UNSEEN_PAY_004380,UNSEEN_CUST_00907,35008.81,upi,failed,BANK_SERVICE_UNAVAILABLE,temporary_bank_failure,1,2026-07-08 04:50:42.012074
UNSEEN_PAY_004381,UNSEEN_CUST_00664,83584.55,netbanking,successful,,,1,2026-06-17 01:49:42.012074
UNSEEN_PAY_004382,UNSEEN_CUST_01527,2465.28,upi,failed,INSTRUMENT_BLOCKED,blocked_instrument,1,2026-08-26 01:24:42.012074
UNSEEN_PAY_004383,UNSEEN_CUST_00526,4438.78,card,successful,,,1,2026-06-13 08:31:42.012074
UNSEEN_PAY_004384,UNSEEN_CUST_00905,44785.7,upi,successful,,,1,2026-07-31 11:33:42.012074
UNSEEN_PAY_004385,UNSEEN_CUST_01864,52689.63,upi,successful,,,1,2026-06-17 10:29:42.012074
UNSEEN_PAY_004386,UNSEEN_CUST_00226,3379.42,card,successful,,,1,2026-07-08 04:50:42.012074
UNSEEN_PAY_004387,UNSEEN_CUST_01766,27358.95,upi,successful,,,1,2026-06-20 15:36:42.012074
UNSEEN_PAY_004388,UNSEEN_CUST_00782,24926.29,upi,successful,,,2,2026-07-18 14:26:42.012074
UNSEEN_PAY_004389,UNSEEN_CUST_00249,17251.47,card,successful,,,1,2026-07-21 22:00:42.012074
UNSEEN_PAY_004390,UNSEEN_CUST_01161,56025.3,upi,successful,,,1,2026-08-20 10:00:42.012074
UNSEEN_PAY_004391,UNSEEN_CUST_01047,39854.84,upi,failed,INSUFFICIENT_BALANCE,insufficient_funds,1,2026-06-18 05:33:42.012074
UNSEEN_PAY_004392,UNSEEN_CUST_00444,19296.56,upi,failed,INSUFFICIENT_BALANCE,insufficient_funds,1,2026-06-06 06:18:42.012074
UNSEEN_PAY_004393,UNSEEN_CUST_00003,35986.17,card,successful,,,1,2026-06-11 19:18:42.012074
UNSEEN_PAY_004394,UNSEEN_CUST_00925,48827.03,netbanking,successful,,,2,2026-07-20 16:54:42.012074
UNSEEN_PAY_004395,UNSEEN_CUST_01304,42828.83,card,failed,NETWORK_TIMEOUT,timeout,1,2026-07-14 00:41:42.012074
UNSEEN_PAY_004396,UNSEEN_CUST_01375,14931.95,card,successful,,,1,2026-06-03 11:01:42.012074
UNSEEN_PAY_004397,UNSEEN_CUST_00289,13599.21,upi,failed,FUNDS_NOT_AVAILABLE,insufficient_funds,1,2026-07-09 03:42:42.012074
UNSEEN_PAY_004398,UNSEEN_CUST_00842,5776.17,upi,successful,,,1,2026-06-12 03:09:42.013073
UNSEEN_PAY_004399,UNSEEN_CUST_01167,23656.93,upi,successful,,,1,2026-06-08 21:57:42.013073
UNSEEN_PAY_004400,UNSEEN_CUST_01196,30321.59,card,successful,,,1,2026-06-27 00:55:42.013073
UNSEEN_PAY_004401,UNSEEN_CUST_00221,84173.3,card,successful,,,1,2026-07-12 21:02:42.013073
UNSEEN_PAY_004402,UNSEEN_CUST_00754,4717.3,upi,successful,,,1,2026-08-23 02:41:42.013073
UNSEEN_PAY_004403,UNSEEN_CUST_01822,2482.06,upi,successful,,,1,2026-06-06 05:30:42.013073
UNSEEN_PAY_004404,UNSEEN_CUST_01322,77041.1,upi,successful,,,1,2026-07-08 17:09:42.013073
UNSEEN_PAY_004405,UNSEEN_CUST_00404,45129.06,card,successful,,,1,2026-06-27 05:12:42.013073
UNSEEN_PAY_004406,UNSEEN_CUST_01264,1959.93,card,failed,INSUFFICIENT_BALANCE,insufficient_funds,1,2026-07-15 14:15:42.013073
UNSEEN_PAY_004407,UNSEEN_CUST_00686,12490.03,upi,successful,,,1,2026-06-13 16:57:42.013073
UNSEEN_PAY_004408,UNSEEN_CUST_00042,14058.8,upi,successful,,,2,2026-06-28 21:12:42.013073
UNSEEN_PAY_004409,UNSEEN_CUST_00799,14507.2,upi,successful,,,1,2026-07-30 05:45:42.013073
UNSEEN_PAY_004410,UNSEEN_CUST_01202,27607.23,upi,successful,,,1,2026-07-18 17:44:42.013073
UNSEEN_PAY_004411,UNSEEN_CUST_00519,46015.52,card,successful,,,2,2026-06-01 07:39:42.013073
UNSEEN_PAY_004412,UNSEEN_CUST_01804,5713.71,card,successful,,,1,2026-06-05 10:02:42.013073
UNSEEN_PAY_004413,UNSEEN_CUST_01016,16193.45,card,failed,POLICY_DECLINED,risk_decline,1,2026-07-21 11:45:42.013073
UNSEEN_PAY_004414,UNSEEN_CUST_00228,43833.66,card,successful,,,1,2026-07-26 12:03:42.013073
UNSEEN_PAY_004415,UNSEEN_CUST_01515,14491.03,upi,successful,,,1,2026-06-16 19:44:42.013073
UNSEEN_PAY_004416,UNSEEN_CUST_00015,96050.82,card,successful,,,1,2026-05-29 17:49:42.013073
UNSEEN_PAY_004417,UNSEEN_CUST_01904,94024.78,upi,successful,,,1,2026-08-11 10:38:42.013073
UNSEEN_PAY_004418,UNSEEN_CUST_01992,7582.21,upi,successful,,,1,2026-07-26 17:07:42.013073
UNSEEN_PAY_004419,UNSEEN_CUST_01633,7914.78,netbanking,successful,,,1,2026-06-04 06:02:42.013073
UNSEEN_PAY_004420,UNSEEN_CUST_01129,18468.3,upi,successful,,,1,2026-06-20 08:55:42.013073
UNSEEN_PAY_004421,UNSEEN_CUST_00787,65577.3,upi,successful,,,1,2026-06-21 05:03:42.013073
UNSEEN_PAY_004422,UNSEEN_CUST_00122,14436.98,upi,successful,,,1,2026-07-15 09:54:42.013073
UNSEEN_PAY_004423,UNSEEN_CUST_00419,10553.72,netbanking,successful,,,2,2026-08-04 03:19:42.013073
UNSEEN_PAY_004424,UNSEEN_CUST_00558,26174.53,upi,successful,,,1,2026-06-17 22:39:42.014079
UNSEEN_PAY_004425,UNSEEN_CUST_01791,21692.32,card,failed,UNSPECIFIED_DECLINE,expired_instrument,1,2026-08-07 07:43:42.014079
UNSEEN_PAY_004426,UNSEEN_CUST_00705,16505.93,upi,successful,,,1,2026-07-24 02:10:42.014079
UNSEEN_PAY_004427,UNSEEN_CUST_01524,19849.7,upi,successful,,,1,2026-07-30 17:25:42.014079
UNSEEN_PAY_004428,UNSEEN_CUST_00324,17870.28,netbanking,failed,INSTRUMENT_BLOCKED,blocked_instrument,1,2026-08-18 17:57:42.014079
UNSEEN_PAY_004429,UNSEEN_CUST_00328,14873.73,netbanking,successful,,,1,2026-08-09 04:47:42.014079
UNSEEN_PAY_004430,UNSEEN_CUST_00469,44000.02,upi,successful,,,1,2026-08-10 10:22:42.014079
UNSEEN_PAY_004431,UNSEEN_CUST_00991,33108.67,card,successful,,,1,2026-05-28 08:34:42.014079
UNSEEN_PAY_004432,UNSEEN_CUST_01914,8243.9,upi,successful,,,1,2026-06-02 12:37:42.014079
UNSEEN_PAY_004433,UNSEEN_CUST_01989,3289.56,upi,successful,,,1,2026-06-13 01:34:42.014079
UNSEEN_PAY_004434,UNSEEN_CUST_01473,66270.65,upi,failed,LIMIT_EXCEEDED,limit_exceeded,1,2026-07-12 09:39:42.014079
UNSEEN_PAY_004435,UNSEEN_CUST_00891,25044.42,upi,failed,LIMIT_EXCEEDED,limit_exceeded,2,2026-08-07 07:07:42.014079
UNSEEN_PAY_004436,UNSEEN_CUST_00109,22503.95,upi,failed,BANK_SERVICE_UNAVAILABLE,temporary_bank_failure,1,2026-07-30 18:33:42.014079
UNSEEN_PAY_004437,UNSEEN_CUST_00667,53782.87,card,successful,,,1,2026-06-27 17:01:42.014079
UNSEEN_PAY_004438,UNSEEN_CUST_00908,48038.75,upi,failed,BANK_SERVICE_UNAVAILABLE,temporary_bank_failure,1,2026-06-24 12:17:42.014079
UNSEEN_PAY_004439,UNSEEN_CUST_00808,43131.36,upi,successful,,,1,2026-08-10 16:00:42.014079
UNSEEN_PAY_004440,UNSEEN_CUST_01131,38687.75,netbanking,successful,,,1,2026-06-15 08:58:42.014079
UNSEEN_PAY_004441,UNSEEN_CUST_01030,43057.54,upi,successful,,,1,2026-06-07 06:50:42.014079
UNSEEN_PAY_004442,UNSEEN_CUST_00908,18537.53,upi,successful,,,2,2026-06-12 03:27:42.014079
UNSEEN_PAY_004443,UNSEEN_CUST_00425,13357.34,card,successful,,,1,2026-06-28 06:09:42.014079
UNSEEN_PAY_004444,UNSEEN_CUST_00290,18179.93,upi,failed,RISK_DECLINED,risk_decline,1,2026-06-21 23:37:42.014079
UNSEEN_PAY_004445,UNSEEN_CUST_01800,20869.83,upi,successful,,,1,2026-08-11 06:43:42.015073
UNSEEN_PAY_004446,UNSEEN_CUST_00296,22483.39,card,successful,,,1,2026-05-30 05:52:42.015073
UNSEEN_PAY_004447,UNSEEN_CUST_00015,76706.84,upi,successful,,,1,2026-08-02 11:17:42.015073
UNSEEN_PAY_004448,UNSEEN_CUST_01872,25466.36,upi,failed,AUTHENTICATION_FAILED,authentication_failed,1,2026-07-18 16:23:42.015073
UNSEEN_PAY_004449,UNSEEN_CUST_00205,17480.01,upi,failed,NETWORK_TIMEOUT,timeout,1,2026-05-30 18:39:42.015073
UNSEEN_PAY_004450,UNSEEN_CUST_01942,26107.98,upi,failed,CARD_EXPIRED,expired_instrument,1,2026-08-05 01:05:42.015073
UNSEEN_PAY_004451,UNSEEN_CUST_01259,3681.73,upi,successful,,,1,2026-07-30 13:34:42.015073
UNSEEN_PAY_004452,UNSEEN_CUST_00139,21343.69,upi,successful,,,1,2026-08-01 22:59:42.015073
UNSEEN_PAY_004453,UNSEEN_CUST_01916,9014.4,card,successful,,,1,2026-06-06 12:01:42.015073
UNSEEN_PAY_004454,UNSEEN_CUST_01658,25433.76,upi,successful,,,1,2026-07-09 20:31:42.015073
UNSEEN_PAY_004455,UNSEEN_CUST_00395,23206.34,upi,successful,,,1,2026-07-03 22:12:42.015073
UNSEEN_PAY_004456,UNSEEN_CUST_00066,12403.6,netbanking,successful,,,2,2026-06-08 01:05:42.015073
UNSEEN_PAY_004457,UNSEEN_CUST_00440,16147.98,card,successful,,,2,2026-08-14 09:15:42.015073
UNSEEN_PAY_004458,UNSEEN_CUST_01098,13364.13,upi,failed,INSUFFICIENT_BALANCE,insufficient_funds,1,2026-06-15 18:59:42.015073
UNSEEN_PAY_004459,UNSEEN_CUST_01709,40441.58,upi,successful,,,1,2026-07-31 09:49:42.015073
UNSEEN_PAY_004460,UNSEEN_CUST_00945,45870.45,upi,successful,,,1,2026-07-12 23:50:42.015073
UNSEEN_PAY_004461,UNSEEN_CUST_01511,9291.81,upi,failed,RISK_DECLINED,risk_decline,1,2026-08-13 21:55:42.015073
UNSEEN_PAY_004462,UNSEEN_CUST_01679,10600.86,upi,successful,,,1,2026-08-07 16:50:42.015073
UNSEEN_PAY_004463,UNSEEN_CUST_00813,39790.02,upi,failed,FUNDS_NOT_AVAILABLE,insufficient_funds,1,2026-07-02 16:35:42.015073
UNSEEN_PAY_004464,UNSEEN_CUST_01935,33101.89,card,successful,,,1,2026-08-11 00:57:42.015073
UNSEEN_PAY_004465,UNSEEN_CUST_00371,3777.34,upi,successful,,,1,2026-07-04 01:41:42.016071
UNSEEN_PAY_004466,UNSEEN_CUST_01616,2119.49,card,successful,,,2,2026-06-13 17:13:42.016071
UNSEEN_PAY_004467,UNSEEN_CUST_01616,41256.84,card,failed,CARD_EXPIRED,expired_instrument,3,2026-06-05 01:11:42.016071
UNSEEN_PAY_004468,UNSEEN_CUST_00219,4046.33,netbanking,failed,BANK_SERVICE_UNAVAILABLE,temporary_bank_failure,2,2026-06-15 02:19:42.016071
UNSEEN_PAY_004469,UNSEEN_CUST_01682,70228.95,upi,successful,,,1,2026-07-21 05:48:42.016071
UNSEEN_PAY_004470,UNSEEN_CUST_01196,22784.25,upi,successful,,,1,2026-07-23 06:28:42.016071
UNSEEN_PAY_004471,UNSEEN_CUST_00434,21867.08,card,successful,,,1,2026-06-12 19:06:42.016071
UNSEEN_PAY_004472,UNSEEN_CUST_01048,33292.74,upi,successful,,,1,2026-06-18 13:26:42.016071
UNSEEN_PAY_004473,UNSEEN_CUST_01132,50859.56,upi,successful,,,1,2026-08-22 12:40:42.016071
UNSEEN_PAY_004474,UNSEEN_CUST_00431,2235.69,card,successful,,,1,2026-06-05 11:52:42.016071
UNSEEN_PAY_004475,UNSEEN_CUST_01298,48302.16,card,successful,,,1,2026-07-17 20:33:42.016071
UNSEEN_PAY_004476,UNSEEN_CUST_01719,29368.4,upi,successful,,,1,2026-08-22 02:11:42.016071
UNSEEN_PAY_004477,UNSEEN_CUST_00954,19142.69,upi,successful,,,1,2026-06-12 01:29:42.016071
UNSEEN_PAY_004478,UNSEEN_CUST_01129,22222.03,netbanking,successful,,,1,2026-08-25 03:30:42.016071
UNSEEN_PAY_004479,UNSEEN_CUST_00657,10537.87,card,successful,,,1,2026-05-28 03:48:42.016071
UNSEEN_PAY_004480,UNSEEN_CUST_01870,18718.71,card,successful,,,1,2026-08-16 20:02:42.016071
UNSEEN_PAY_004481,UNSEEN_CUST_01754,58888.68,upi,failed,FUNDS_NOT_AVAILABLE,insufficient_funds,1,2026-07-19 23:47:42.016071
UNSEEN_PAY_004482,UNSEEN_CUST_01956,11469.71,card,successful,,,1,2026-06-20 23:06:42.016071
UNSEEN_PAY_004483,UNSEEN_CUST_01387,28683.58,upi,successful,,,1,2026-06-29 18:24:42.016071
UNSEEN_PAY_004484,UNSEEN_CUST_00200,10097.43,upi,failed,INSTRUMENT_EXPIRED,expired_instrument,1,2026-06-01 03:36:42.016071
UNSEEN_PAY_004485,UNSEEN_CUST_01544,92188.2,upi,successful,,,1,2026-07-09 17:44:42.016071
UNSEEN_PAY_004486,UNSEEN_CUST_01939,2797.74,netbanking,successful,,,1,2026-07-24 21:46:42.016071
UNSEEN_PAY_004487,UNSEEN_CUST_01596,43026.43,upi,successful,,,1,2026-06-21 19:06:42.016071
UNSEEN_PAY_004488,UNSEEN_CUST_00476,19494.15,upi,successful,,,1,2026-06-24 14:45:42.017071
UNSEEN_PAY_004489,UNSEEN_CUST_01858,7918.74,upi,successful,,,1,2026-06-30 10:32:42.017071
UNSEEN_PAY_004490,UNSEEN_CUST_00921,77646.05,upi,successful,,,1,2026-08-12 20:48:42.017071
UNSEEN_PAY_004491,UNSEEN_CUST_00211,2838.93,card,successful,,,1,2026-05-27 20:56:42.017071
UNSEEN_PAY_004492,UNSEEN_CUST_00812,3413.51,upi,successful,,,1,2026-06-17 03:18:42.017071
UNSEEN_PAY_004493,UNSEEN_CUST_00313,49671.47,card,successful,,,1,2026-06-16 17:29:42.017071
UNSEEN_PAY_004494,UNSEEN_CUST_00850,26620.92,upi,successful,,,1,2026-06-24 21:38:42.017071
UNSEEN_PAY_004495,UNSEEN_CUST_01091,38664.59,upi,successful,,,1,2026-08-09 19:01:42.017071
UNSEEN_PAY_004496,UNSEEN_CUST_00585,16182.18,card,successful,,,1,2026-08-04 23:25:42.017071
UNSEEN_PAY_004497,UNSEEN_CUST_00384,8319.6,upi,successful,,,2,2026-08-03 05:59:42.017071
UNSEEN_PAY_004498,UNSEEN_CUST_00199,1825.01,upi,successful,,,1,2026-08-21 16:08:42.017071
UNSEEN_PAY_004499,UNSEEN_CUST_01577,46207.25,upi,successful,,,1,2026-08-06 08:39:42.017071
UNSEEN_PAY_004500,UNSEEN_CUST_01836,20083.92,netbanking,successful,,,1,2026-07-20 05:32:42.017071
UNSEEN_PAY_004501,UNSEEN_CUST_00945,34470.77,card,successful,,,1,2026-07-08 06:37:42.017071
UNSEEN_PAY_004502,UNSEEN_CUST_00268,9703.41,upi,successful,,,1,2026-08-26 02:24:42.017071
UNSEEN_PAY_004503,UNSEEN_CUST_00952,4653.73,card,successful,,,1,2026-07-20 07:57:42.017071
UNSEEN_PAY_004504,UNSEEN_CUST_00464,19225.87,upi,successful,,,1,2026-07-23 08:09:42.017071
UNSEEN_PAY_004505,UNSEEN_CUST_01321,2030.2,upi,successful,,,1,2026-06-03 16:21:42.017071
UNSEEN_PAY_004506,UNSEEN_CUST_00511,25103.16,upi,failed,INSUFFICIENT_BALANCE,insufficient_funds,1,2026-06-04 16:26:42.017071
UNSEEN_PAY_004507,UNSEEN_CUST_00653,14128.33,upi,failed,TRANSACTION_LIMIT_EXCEEDED,limit_exceeded,1,2026-08-01 20:49:42.017071
UNSEEN_PAY_004508,UNSEEN_CUST_01271,5882.14,upi,failed,POLICY_DECLINED,risk_decline,1,2026-06-15 11:03:42.017071
UNSEEN_PAY_004509,UNSEEN_CUST_00066,24081.33,netbanking,successful,,,1,2026-08-14 21:20:42.017071
UNSEEN_PAY_004510,UNSEEN_CUST_01162,15513.35,netbanking,successful,,,1,2026-06-04 12:05:42.017071
UNSEEN_PAY_004511,UNSEEN_CUST_01084,32383.43,card,successful,,,1,2026-06-04 02:23:42.017071
UNSEEN_PAY_004512,UNSEEN_CUST_01004,15784.18,card,successful,,,1,2026-07-03 01:39:42.017071
UNSEEN_PAY_004513,UNSEEN_CUST_01950,45810.49,card,successful,,,1,2026-08-10 05:06:42.018069
UNSEEN_PAY_004514,UNSEEN_CUST_01123,11116.35,upi,successful,,,1,2026-08-09 07:34:42.018069
UNSEEN_PAY_004515,UNSEEN_CUST_00683,14177.58,netbanking,failed,UNSPECIFIED_DECLINE,unknown_failure,2,2026-08-15 02:12:42.018069
UNSEEN_PAY_004516,UNSEEN_CUST_01537,14489.98,card,failed,BANK_TEMPORARY_ERROR,temporary_bank_failure,2,2026-07-04 06:55:42.018069
UNSEEN_PAY_004517,UNSEEN_CUST_00036,3563.53,card,failed,UNSPECIFIED_DECLINE,unknown_failure,1,2026-06-18 03:51:42.018069
UNSEEN_PAY_004518,UNSEEN_CUST_00465,29735.82,netbanking,failed,RISK_DECLINED,risk_decline,1,2026-06-20 17:23:42.018069
UNSEEN_PAY_004519,UNSEEN_CUST_00025,11277.23,upi,failed,UNSPECIFIED_DECLINE,unknown_failure,1,2026-07-16 00:27:42.018069
UNSEEN_PAY_004520,UNSEEN_CUST_00606,3043.4,netbanking,successful,,,1,2026-07-19 21:15:42.018069
UNSEEN_PAY_004521,UNSEEN_CUST_01560,25493.32,upi,successful,,,1,2026-08-13 08:33:42.018069
UNSEEN_PAY_004522,UNSEEN_CUST_00199,16061.48,card,successful,,,1,2026-07-28 01:51:42.018069
UNSEEN_PAY_004523,UNSEEN_CUST_01944,45438.36,upi,successful,,,1,2026-07-14 06:06:42.018069
UNSEEN_PAY_004524,UNSEEN_CUST_00291,23473.16,card,failed,TRANSACTION_LIMIT_EXCEEDED,limit_exceeded,2,2026-08-18 09:33:42.018069
UNSEEN_PAY_004525,UNSEEN_CUST_01519,24310.57,upi,successful,,,1,2026-07-17 07:01:42.018069
UNSEEN_PAY_004526,UNSEEN_CUST_01464,55744.44,card,failed,BANK_TEMPORARY_ERROR,temporary_bank_failure,1,2026-06-13 03:03:42.018069
UNSEEN_PAY_004527,UNSEEN_CUST_01540,32778.37,netbanking,failed,FUNDS_NOT_AVAILABLE,insufficient_funds,1,2026-05-28 04:06:42.018069
UNSEEN_PAY_004528,UNSEEN_CUST_00935,35418.62,card,failed,AUTHENTICATION_FAILED,authentication_failed,1,2026-05-28 19:13:42.018069
UNSEEN_PAY_004529,UNSEEN_CUST_00196,3098.58,card,successful,,,1,2026-07-08 10:31:42.018069
UNSEEN_PAY_004530,UNSEEN_CUST_00278,31362.04,upi,successful,,,1,2026-06-19 11:09:42.018069
UNSEEN_PAY_004531,UNSEEN_CUST_00935,94643.55,upi,successful,,,1,2026-08-04 06:13:42.018069
UNSEEN_PAY_004532,UNSEEN_CUST_01661,22401.58,netbanking,failed,BANK_TEMPORARY_ERROR,temporary_bank_failure,2,2026-07-19 09:51:42.018069
UNSEEN_PAY_004533,UNSEEN_CUST_00646,27962.77,upi,successful,,,1,2026-08-25 07:40:42.019070
UNSEEN_PAY_004534,UNSEEN_CUST_00817,83448.55,netbanking,successful,,,1,2026-07-30 13:35:42.019070
UNSEEN_PAY_004535,UNSEEN_CUST_00743,16360.35,upi,successful,,,1,2026-06-14 03:02:42.019070
UNSEEN_PAY_004536,UNSEEN_CUST_01716,6682.85,netbanking,successful,,,1,2026-08-21 22:38:42.019070
UNSEEN_PAY_004537,UNSEEN_CUST_00971,24559.62,card,successful,,,1,2026-08-02 06:57:42.019070
UNSEEN_PAY_004538,UNSEEN_CUST_01528,15669.54,card,successful,,,1,2026-06-23 11:15:42.019070
UNSEEN_PAY_004539,UNSEEN_CUST_01721,5767.06,card,successful,,,1,2026-07-02 17:31:42.019070
UNSEEN_PAY_004540,UNSEEN_CUST_00573,2273.73,netbanking,successful,,,1,2026-07-08 20:01:42.019070
UNSEEN_PAY_004541,UNSEEN_CUST_01263,32957.99,card,successful,,,2,2026-06-05 22:04:42.019070
UNSEEN_PAY_004542,UNSEEN_CUST_00086,15197.76,upi,successful,,,1,2026-08-19 07:58:42.019070
UNSEEN_PAY_004543,UNSEEN_CUST_01564,5465.55,card,failed,FUNDS_NOT_AVAILABLE,insufficient_funds,1,2026-07-09 13:30:42.019070
UNSEEN_PAY_004544,UNSEEN_CUST_01616,30810.06,netbanking,failed,FUNDS_NOT_AVAILABLE,insufficient_funds,1,2026-07-26 23:02:42.019070
UNSEEN_PAY_004545,UNSEEN_CUST_00827,46086.38,upi,successful,,,1,2026-06-01 07:08:42.019070
UNSEEN_PAY_004546,UNSEEN_CUST_01564,32100.11,card,failed,PROCESSING_TIMEOUT,timeout,1,2026-07-26 07:54:42.019070
UNSEEN_PAY_004547,UNSEEN_CUST_00067,4285.09,card,successful,,,1,2026-08-18 12:20:42.019070
UNSEEN_PAY_004548,UNSEEN_CUST_01270,1653.61,card,successful,,,1,2026-05-28 13:49:42.019070
UNSEEN_PAY_004549,UNSEEN_CUST_01523,2796.52,upi,successful,,,1,2026-08-13 21:40:42.019070
UNSEEN_PAY_004550,UNSEEN_CUST_01768,11598.38,netbanking,successful,,,1,2026-08-21 17:12:42.019070
UNSEEN_PAY_004551,UNSEEN_CUST_00807,21002.3,card,successful,,,1,2026-06-04 11:25:42.019070
UNSEEN_PAY_004552,UNSEEN_CUST_00713,74416.84,upi,successful,,,1,2026-07-15 15:57:42.019070
UNSEEN_PAY_004553,UNSEEN_CUST_01622,19537.21,upi,successful,,,1,2026-06-12 00:22:42.019070
UNSEEN_PAY_004554,UNSEEN_CUST_00666,5617.07,upi,failed,UNSPECIFIED_DECLINE,timeout,1,2026-08-02 23:55:42.019070
UNSEEN_PAY_004555,UNSEEN_CUST_00611,14644.92,upi,failed,BANK_SERVICE_UNAVAILABLE,temporary_bank_failure,1,2026-08-24 07:14:42.019070
UNSEEN_PAY_004556,UNSEEN_CUST_01804,2864.55,upi,successful,,,1,2026-08-10 13:53:42.020071
UNSEEN_PAY_004557,UNSEEN_CUST_00417,18312.41,upi,failed,UNKNOWN_ERROR,unknown_failure,1,2026-08-07 09:34:42.020071
UNSEEN_PAY_004558,UNSEEN_CUST_01468,68622.47,card,successful,,,1,2026-08-11 05:46:42.020071
UNSEEN_PAY_004559,UNSEEN_CUST_00065,4705.32,upi,successful,,,1,2026-07-24 11:15:42.020071
UNSEEN_PAY_004560,UNSEEN_CUST_00351,24055.41,netbanking,successful,,,1,2026-06-16 07:11:42.020071
UNSEEN_PAY_004561,UNSEEN_CUST_00516,767.48,upi,successful,,,1,2026-08-01 20:55:42.020071
UNSEEN_PAY_004562,UNSEEN_CUST_01434,44424.68,card,successful,,,1,2026-08-10 13:51:42.020071
UNSEEN_PAY_004563,UNSEEN_CUST_00606,46159.75,card,successful,,,1,2026-08-11 13:59:42.020071
UNSEEN_PAY_004564,UNSEEN_CUST_01379,4042.95,upi,failed,CARD_EXPIRED,expired_instrument,1,2026-08-06 13:07:42.020071
UNSEEN_PAY_004565,UNSEEN_CUST_00856,20871.46,upi,failed,RISK_DECLINED,risk_decline,1,2026-06-13 06:41:42.020071
UNSEEN_PAY_004566,UNSEEN_CUST_01776,4955.5,upi,successful,,,1,2026-08-05 02:54:42.020071
UNSEEN_PAY_004567,UNSEEN_CUST_01868,21872.02,upi,successful,,,1,2026-06-09 22:07:42.020071
UNSEEN_PAY_004568,UNSEEN_CUST_01980,45396.39,upi,successful,,,1,2026-06-11 03:16:42.020071
UNSEEN_PAY_004569,UNSEEN_CUST_00720,29897.97,upi,successful,,,1,2026-06-24 06:11:42.020071
UNSEEN_PAY_004570,UNSEEN_CUST_01017,5332.57,upi,successful,,,2,2026-08-23 12:02:42.020071
UNSEEN_PAY_004571,UNSEEN_CUST_00420,38305.36,card,successful,,,1,2026-06-15 06:55:42.020071
UNSEEN_PAY_004572,UNSEEN_CUST_00993,28591.21,upi,successful,,,1,2026-06-23 10:28:42.020071
UNSEEN_PAY_004573,UNSEEN_CUST_00961,39611.79,card,successful,,,1,2026-06-28 01:17:42.020071
UNSEEN_PAY_004574,UNSEEN_CUST_00727,45929.76,card,successful,,,1,2026-08-14 17:38:42.020071
UNSEEN_PAY_004575,UNSEEN_CUST_00237,8807.1,upi,successful,,,1,2026-07-09 06:54:42.020071
UNSEEN_PAY_004576,UNSEEN_CUST_01496,3380.72,card,successful,,,1,2026-08-14 15:21:42.020071
UNSEEN_PAY_004577,UNSEEN_CUST_00996,19881.03,upi,successful,,,1,2026-07-12 07:29:42.020071
UNSEEN_PAY_004578,UNSEEN_CUST_00392,11132.46,upi,successful,,,1,2026-06-23 18:54:42.020071
UNSEEN_PAY_004579,UNSEEN_CUST_01303,32816.63,card,successful,,,1,2026-07-01 03:11:42.021069
UNSEEN_PAY_004580,UNSEEN_CUST_01415,54611.47,upi,successful,,,1,2026-06-03 05:36:42.021069
UNSEEN_PAY_004581,UNSEEN_CUST_01321,12321.71,upi,successful,,,1,2026-08-21 04:05:42.021069
UNSEEN_PAY_004582,UNSEEN_CUST_00266,32510.69,card,successful,,,1,2026-08-15 10:23:42.021069
UNSEEN_PAY_004583,UNSEEN_CUST_01498,22907.19,upi,successful,,,1,2026-08-13 21:59:42.021069
UNSEEN_PAY_004584,UNSEEN_CUST_00037,2753.56,card,failed,INSTRUMENT_BLOCKED,blocked_instrument,1,2026-06-06 04:18:42.021069
UNSEEN_PAY_004585,UNSEEN_CUST_01708,13782.67,upi,successful,,,1,2026-07-18 02:54:42.021069
UNSEEN_PAY_004586,UNSEEN_CUST_00190,15254.1,upi,failed,INSUFFICIENT_BALANCE,insufficient_funds,1,2026-06-10 07:27:42.021069
UNSEEN_PAY_004587,UNSEEN_CUST_01795,2343.66,upi,successful,,,1,2026-08-25 07:04:42.021069
UNSEEN_PAY_004588,UNSEEN_CUST_00814,49472.44,upi,successful,,,1,2026-06-01 22:01:42.021069
UNSEEN_PAY_004589,UNSEEN_CUST_00819,25080.41,upi,failed,LIMIT_EXCEEDED,limit_exceeded,1,2026-06-21 16:41:42.021069
UNSEEN_PAY_004590,UNSEEN_CUST_01335,11168.36,netbanking,failed,BANK_TEMPORARY_ERROR,temporary_bank_failure,1,2026-08-18 23:27:42.021069
UNSEEN_PAY_004591,UNSEEN_CUST_00342,2851.8,card,failed,TRANSACTION_LIMIT_EXCEEDED,limit_exceeded,2,2026-08-22 18:24:42.021069
UNSEEN_PAY_004592,UNSEEN_CUST_01908,43439.49,upi,successful,,,1,2026-08-14 15:37:42.021069
UNSEEN_PAY_004593,UNSEEN_CUST_00899,12548.3,upi,successful,,,1,2026-07-12 01:31:42.021069
UNSEEN_PAY_004594,UNSEEN_CUST_00741,42813.26,card,successful,,,1,2026-06-26 15:03:42.021069
UNSEEN_PAY_004595,UNSEEN_CUST_01158,30881.75,upi,failed,FUNDS_NOT_AVAILABLE,insufficient_funds,1,2026-07-01 17:37:42.021069
UNSEEN_PAY_004596,UNSEEN_CUST_00892,1893.39,netbanking,failed,BANK_SERVICE_UNAVAILABLE,temporary_bank_failure,2,2026-06-19 22:52:42.021069
UNSEEN_PAY_004597,UNSEEN_CUST_00537,38866.67,upi,successful,,,1,2026-07-15 20:11:42.021069
UNSEEN_PAY_004598,UNSEEN_CUST_01727,15073.07,card,failed,BANK_TEMPORARY_ERROR,temporary_bank_failure,1,2026-07-16 02:30:42.021069
UNSEEN_PAY_004599,UNSEEN_CUST_00374,19656.8,upi,failed,FUNDS_NOT_AVAILABLE,insufficient_funds,1,2026-07-24 13:12:42.021069
UNSEEN_PAY_004600,UNSEEN_CUST_00766,10015.12,upi,successful,,,1,2026-06-20 10:50:42.022064
UNSEEN_PAY_004601,UNSEEN_CUST_02000,95548.39,upi,successful,,,1,2026-06-02 13:54:42.022064
UNSEEN_PAY_004602,UNSEEN_CUST_00589,23935.07,upi,successful,,,1,2026-07-02 08:09:42.022064
UNSEEN_PAY_004603,UNSEEN_CUST_01939,8370.53,netbanking,successful,,,2,2026-07-31 00:39:42.022064
UNSEEN_PAY_004604,UNSEEN_CUST_00697,41338.22,upi,successful,,,1,2026-07-30 10:14:42.022064
UNSEEN_PAY_004605,UNSEEN_CUST_01440,32807.7,netbanking,successful,,,1,2026-06-25 07:05:42.022064
UNSEEN_PAY_004606,UNSEEN_CUST_00655,12524.41,netbanking,successful,,,1,2026-08-09 00:53:42.022064
UNSEEN_PAY_004607,UNSEEN_CUST_01593,2882.89,card,successful,,,1,2026-07-29 19:54:42.022064
UNSEEN_PAY_004608,UNSEEN_CUST_01252,22619.31,card,successful,,,1,2026-06-17 00:50:42.022064
UNSEEN_PAY_004609,UNSEEN_CUST_01789,20880.3,upi,successful,,,1,2026-06-20 13:53:42.022064
UNSEEN_PAY_004610,UNSEEN_CUST_01388,42559.28,card,failed,CUSTOMER_AUTH_FAILED,authentication_failed,1,2026-07-19 08:09:42.022064
UNSEEN_PAY_004611,UNSEEN_CUST_00456,5066.08,upi,successful,,,1,2026-06-07 20:17:42.022064
UNSEEN_PAY_004612,UNSEEN_CUST_01842,17095.86,upi,successful,,,1,2026-07-19 07:58:42.022064
UNSEEN_PAY_004613,UNSEEN_CUST_01881,45883.38,upi,successful,,,1,2026-06-07 20:49:42.022064
UNSEEN_PAY_004614,UNSEEN_CUST_01167,13470.64,upi,successful,,,1,2026-07-14 14:21:42.022064
UNSEEN_PAY_004615,UNSEEN_CUST_01875,10628.16,upi,successful,,,1,2026-07-21 18:21:42.022064
UNSEEN_PAY_004616,UNSEEN_CUST_00565,25195.28,upi,successful,,,1,2026-06-29 23:37:42.022064
UNSEEN_PAY_004617,UNSEEN_CUST_00671,18765.54,upi,successful,,,1,2026-07-23 05:33:42.022064
UNSEEN_PAY_004618,UNSEEN_CUST_01279,22939.81,card,successful,,,1,2026-05-30 00:34:42.022064
UNSEEN_PAY_004619,UNSEEN_CUST_00614,13851.08,upi,failed,INSUFFICIENT_BALANCE,insufficient_funds,1,2026-07-17 00:31:42.022064
UNSEEN_PAY_004620,UNSEEN_CUST_01153,10520.73,card,successful,,,1,2026-06-30 03:04:42.022064
UNSEEN_PAY_004621,UNSEEN_CUST_00399,30524.21,upi,successful,,,1,2026-07-09 05:09:42.022064
UNSEEN_PAY_004622,UNSEEN_CUST_01077,36432.19,upi,successful,,,1,2026-07-22 13:37:42.022064
UNSEEN_PAY_004623,UNSEEN_CUST_00044,38272.66,card,failed,FUNDS_NOT_AVAILABLE,insufficient_funds,1,2026-08-23 05:09:42.022987
UNSEEN_PAY_004624,UNSEEN_CUST_01082,2781.67,upi,successful,,,1,2026-08-02 15:36:42.022987
UNSEEN_PAY_004625,UNSEEN_CUST_00265,40349.99,upi,failed,INSUFFICIENT_BALANCE,insufficient_funds,1,2026-06-18 08:20:42.022987
UNSEEN_PAY_004626,UNSEEN_CUST_01590,35379.65,upi,failed,CARD_EXPIRED,expired_instrument,1,2026-08-03 22:49:42.022987
UNSEEN_PAY_004627,UNSEEN_CUST_01029,38341.16,upi,successful,,,1,2026-08-23 16:05:42.022987
UNSEEN_PAY_004628,UNSEEN_CUST_00073,44070.13,card,successful,,,1,2026-08-20 17:28:42.022987
UNSEEN_PAY_004629,UNSEEN_CUST_01838,32815.24,card,successful,,,1,2026-07-18 15:10:42.022987
UNSEEN_PAY_004630,UNSEEN_CUST_00693,9376.87,netbanking,successful,,,1,2026-06-02 08:57:42.022987
UNSEEN_PAY_004631,UNSEEN_CUST_01519,11222.51,upi,successful,,,1,2026-07-30 11:12:42.022987
UNSEEN_PAY_004632,UNSEEN_CUST_01844,19490.53,card,successful,,,1,2026-06-10 06:48:42.022987
UNSEEN_PAY_004633,UNSEEN_CUST_01839,16167.81,upi,successful,,,1,2026-06-24 10:43:42.022987
UNSEEN_PAY_004634,UNSEEN_CUST_00240,9413.07,netbanking,successful,,,1,2026-06-21 13:52:42.022987
UNSEEN_PAY_004635,UNSEEN_CUST_01148,10034.07,upi,successful,,,1,2026-07-09 21:45:42.022987
UNSEEN_PAY_004636,UNSEEN_CUST_01189,38173.38,upi,successful,,,1,2026-06-13 02:25:42.022987
UNSEEN_PAY_004637,UNSEEN_CUST_00328,49065.02,netbanking,successful,,,1,2026-06-18 17:36:42.022987
UNSEEN_PAY_004638,UNSEEN_CUST_01989,10446.17,upi,successful,,,1,2026-07-05 13:00:42.022987
UNSEEN_PAY_004639,UNSEEN_CUST_00017,1309.0,card,successful,,,1,2026-06-07 12:43:42.022987
UNSEEN_PAY_004640,UNSEEN_CUST_01455,27636.78,card,successful,,,1,2026-07-23 12:03:42.022987
UNSEEN_PAY_004641,UNSEEN_CUST_00484,29424.14,upi,successful,,,2,2026-05-28 20:24:42.022987
UNSEEN_PAY_004642,UNSEEN_CUST_00604,3060.67,netbanking,successful,,,2,2026-08-07 04:57:42.022987
UNSEEN_PAY_004643,UNSEEN_CUST_01885,15817.24,upi,successful,,,1,2026-06-15 03:12:42.022987
UNSEEN_PAY_004644,UNSEEN_CUST_01509,34806.11,card,failed,UNSPECIFIED_DECLINE,risk_decline,1,2026-06-01 17:34:42.022987
UNSEEN_PAY_004645,UNSEEN_CUST_00030,4030.24,upi,successful,,,1,2026-08-07 14:39:42.022987
UNSEEN_PAY_004646,UNSEEN_CUST_01732,5279.12,netbanking,successful,,,2,2026-08-17 05:42:42.022987
UNSEEN_PAY_004647,UNSEEN_CUST_01918,14740.7,card,successful,,,1,2026-06-26 16:28:42.024080
UNSEEN_PAY_004648,UNSEEN_CUST_00819,1486.87,upi,successful,,,1,2026-07-09 00:34:42.024080
UNSEEN_PAY_004649,UNSEEN_CUST_00506,19933.36,card,successful,,,1,2026-06-25 16:16:42.024080
UNSEEN_PAY_004650,UNSEEN_CUST_01951,43381.33,card,failed,FUNDS_NOT_AVAILABLE,insufficient_funds,1,2026-06-08 03:02:42.024080
UNSEEN_PAY_004651,UNSEEN_CUST_01762,33588.56,upi,successful,,,1,2026-06-23 11:38:42.024080
UNSEEN_PAY_004652,UNSEEN_CUST_01561,30512.17,card,successful,,,1,2026-07-10 22:19:42.024080
UNSEEN_PAY_004653,UNSEEN_CUST_01432,12231.47,upi,successful,,,1,2026-08-09 03:40:42.024080
UNSEEN_PAY_004654,UNSEEN_CUST_00609,12517.41,upi,successful,,,1,2026-06-12 02:02:42.024080
UNSEEN_PAY_004655,UNSEEN_CUST_01826,35795.39,card,successful,,,1,2026-07-19 07:00:42.024080
UNSEEN_PAY_004656,UNSEEN_CUST_01710,20527.42,card,successful,,,1,2026-08-02 04:56:42.024080
UNSEEN_PAY_004657,UNSEEN_CUST_00016,5155.31,card,failed,UNSPECIFIED_DECLINE,unknown_failure,1,2026-07-19 04:21:42.024080
UNSEEN_PAY_004658,UNSEEN_CUST_00320,77379.7,card,successful,,,1,2026-07-04 15:24:42.024080
UNSEEN_PAY_004659,UNSEEN_CUST_01641,7432.81,card,successful,,,1,2026-08-19 12:31:42.024080
UNSEEN_PAY_004660,UNSEEN_CUST_00195,44635.66,netbanking,successful,,,1,2026-07-22 07:16:42.024080
UNSEEN_PAY_004661,UNSEEN_CUST_01616,7331.56,upi,successful,,,1,2026-06-23 11:09:42.024080
UNSEEN_PAY_004662,UNSEEN_CUST_00692,25613.54,upi,successful,,,1,2026-06-06 13:23:42.024080
UNSEEN_PAY_004663,UNSEEN_CUST_01199,8248.38,card,failed,INSTRUMENT_BLOCKED,blocked_instrument,1,2026-08-01 16:39:42.024080
UNSEEN_PAY_004664,UNSEEN_CUST_01456,5035.44,upi,failed,FUNDS_NOT_AVAILABLE,insufficient_funds,1,2026-06-05 02:15:42.024080
UNSEEN_PAY_004665,UNSEEN_CUST_00946,13124.3,upi,successful,,,1,2026-08-07 12:34:42.024080
UNSEEN_PAY_004666,UNSEEN_CUST_00198,2587.05,card,failed,TRANSACTION_LIMIT_EXCEEDED,limit_exceeded,1,2026-06-03 18:06:42.024080
UNSEEN_PAY_004667,UNSEEN_CUST_00738,21805.05,card,successful,,,1,2026-06-27 11:23:42.024080
UNSEEN_PAY_004668,UNSEEN_CUST_00738,4180.74,upi,successful,,,1,2026-08-03 05:08:42.024080
UNSEEN_PAY_004669,UNSEEN_CUST_01803,47490.94,upi,successful,,,1,2026-06-15 03:58:42.025070
UNSEEN_PAY_004670,UNSEEN_CUST_00065,21265.14,card,successful,,,1,2026-07-02 00:07:42.025070
UNSEEN_PAY_004671,UNSEEN_CUST_00405,71410.43,netbanking,successful,,,1,2026-08-05 00:37:42.025070
UNSEEN_PAY_004672,UNSEEN_CUST_01301,14051.41,card,failed,BANK_TEMPORARY_ERROR,temporary_bank_failure,2,2026-08-14 09:05:42.025070
UNSEEN_PAY_004673,UNSEEN_CUST_00061,3641.95,upi,successful,,,1,2026-06-30 03:07:42.025070
UNSEEN_PAY_004674,UNSEEN_CUST_00728,39464.55,upi,successful,,,1,2026-06-11 02:03:42.025070
UNSEEN_PAY_004675,UNSEEN_CUST_00557,28234.46,card,successful,,,1,2026-07-17 07:19:42.025070
UNSEEN_PAY_004676,UNSEEN_CUST_01421,19310.5,upi,failed,INSTRUMENT_EXPIRED,expired_instrument,1,2026-06-16 21:27:42.025070
UNSEEN_PAY_004677,UNSEEN_CUST_00940,10007.0,card,successful,,,2,2026-08-06 11:47:42.025070
UNSEEN_PAY_004678,UNSEEN_CUST_01587,15853.97,card,successful,,,2,2026-07-22 17:59:42.025070
UNSEEN_PAY_004679,UNSEEN_CUST_01926,26704.52,card,successful,,,1,2026-06-15 01:09:42.025070
UNSEEN_PAY_004680,UNSEEN_CUST_01951,47054.36,card,successful,,,1,2026-07-30 19:40:42.025070
UNSEEN_PAY_004681,UNSEEN_CUST_01674,17069.95,upi,successful,,,1,2026-07-14 09:53:42.025070
UNSEEN_PAY_004682,UNSEEN_CUST_00094,24285.44,upi,failed,NETWORK_TIMEOUT,timeout,2,2026-08-14 11:42:42.025070
UNSEEN_PAY_004683,UNSEEN_CUST_01837,21903.43,upi,successful,,,1,2026-07-16 19:41:42.025070
UNSEEN_PAY_004684,UNSEEN_CUST_00166,40706.18,upi,successful,,,3,2026-06-08 02:25:42.025070
UNSEEN_PAY_004685,UNSEEN_CUST_01572,4828.3,card,successful,,,1,2026-06-16 19:30:42.025070
UNSEEN_PAY_004686,UNSEEN_CUST_01603,39595.35,card,failed,CARD_EXPIRED,expired_instrument,1,2026-07-12 04:23:42.025070
UNSEEN_PAY_004687,UNSEEN_CUST_00179,44081.48,upi,failed,BANK_SERVICE_UNAVAILABLE,temporary_bank_failure,1,2026-06-24 21:39:42.025070
UNSEEN_PAY_004688,UNSEEN_CUST_00213,4138.1,netbanking,failed,FUNDS_NOT_AVAILABLE,insufficient_funds,1,2026-08-08 15:15:42.025070
UNSEEN_PAY_004689,UNSEEN_CUST_01999,24444.38,card,successful,,,1,2026-07-14 21:14:42.025070
UNSEEN_PAY_004690,UNSEEN_CUST_01749,31948.68,card,successful,,,1,2026-07-08 22:21:42.025997
UNSEEN_PAY_004691,UNSEEN_CUST_00790,16078.15,upi,successful,,,1,2026-07-13 05:50:42.025997
UNSEEN_PAY_004692,UNSEEN_CUST_01401,58997.3,card,successful,,,1,2026-08-04 19:46:42.025997
UNSEEN_PAY_004693,UNSEEN_CUST_00881,11998.43,upi,successful,,,1,2026-07-16 01:18:42.025997
UNSEEN_PAY_004694,UNSEEN_CUST_01389,4857.99,card,failed,CUSTOMER_AUTH_FAILED,authentication_failed,1,2026-08-10 15:34:42.025997
UNSEEN_PAY_004695,UNSEEN_CUST_00342,7296.72,upi,failed,PROCESSING_TIMEOUT,timeout,1,2026-07-06 14:16:42.025997
UNSEEN_PAY_004696,UNSEEN_CUST_01544,51689.29,upi,successful,,,2,2026-07-19 22:38:42.025997
UNSEEN_PAY_004697,UNSEEN_CUST_01891,49480.19,upi,successful,,,1,2026-08-23 06:01:42.025997
UNSEEN_PAY_004698,UNSEEN_CUST_00238,47611.39,netbanking,successful,,,1,2026-08-23 18:35:42.025997
UNSEEN_PAY_004699,UNSEEN_CUST_00091,9311.5,upi,successful,,,1,2026-07-06 18:38:42.025997
UNSEEN_PAY_004700,UNSEEN_CUST_01975,13965.77,netbanking,successful,,,1,2026-07-20 17:33:42.025997
UNSEEN_PAY_004701,UNSEEN_CUST_01934,37247.95,upi,failed,POLICY_DECLINED,risk_decline,2,2026-06-02 06:58:42.025997
UNSEEN_PAY_004702,UNSEEN_CUST_01028,13882.65,upi,successful,,,1,2026-06-28 01:48:42.025997
UNSEEN_PAY_004703,UNSEEN_CUST_01929,33465.29,upi,successful,,,1,2026-06-01 06:28:42.025997
UNSEEN_PAY_004704,UNSEEN_CUST_00322,13789.91,upi,successful,,,1,2026-06-27 17:33:42.025997
UNSEEN_PAY_004705,UNSEEN_CUST_00396,17474.5,upi,successful,,,2,2026-07-20 21:12:42.025997
UNSEEN_PAY_004706,UNSEEN_CUST_00796,44578.37,upi,successful,,,1,2026-08-15 09:16:42.025997
UNSEEN_PAY_004707,UNSEEN_CUST_00086,836.22,netbanking,successful,,,1,2026-08-24 06:31:42.025997
UNSEEN_PAY_004708,UNSEEN_CUST_01801,41227.61,netbanking,failed,UNSPECIFIED_DECLINE,insufficient_funds,1,2026-06-05 23:15:42.025997
UNSEEN_PAY_004709,UNSEEN_CUST_01164,13314.52,upi,successful,,,1,2026-08-23 05:29:42.025997
UNSEEN_PAY_004710,UNSEEN_CUST_00956,86267.57,card,successful,,,1,2026-06-15 17:55:42.025997
UNSEEN_PAY_004711,UNSEEN_CUST_01915,29292.42,card,successful,,,1,2026-06-23 15:58:42.027025
UNSEEN_PAY_004712,UNSEEN_CUST_00744,11854.24,upi,successful,,,1,2026-07-09 15:20:42.027025
UNSEEN_PAY_004713,UNSEEN_CUST_00194,14584.79,card,successful,,,1,2026-08-09 15:07:42.027025
UNSEEN_PAY_004714,UNSEEN_CUST_01818,35418.06,upi,successful,,,1,2026-07-07 17:49:42.027025
UNSEEN_PAY_004715,UNSEEN_CUST_00234,49324.29,upi,successful,,,1,2026-08-12 06:00:42.027025
UNSEEN_PAY_004716,UNSEEN_CUST_01433,2264.7,upi,failed,PROCESSING_TIMEOUT,timeout,1,2026-07-02 21:18:42.027025
UNSEEN_PAY_004717,UNSEEN_CUST_01456,15531.8,upi,successful,,,2,2026-07-09 00:24:42.027025
UNSEEN_PAY_004718,UNSEEN_CUST_00698,16835.74,upi,successful,,,1,2026-08-25 08:58:42.027025
UNSEEN_PAY_004719,UNSEEN_CUST_01855,2254.51,upi,successful,,,1,2026-06-14 14:27:42.027025
UNSEEN_PAY_004720,UNSEEN_CUST_00589,45554.27,upi,failed,BANK_SERVICE_UNAVAILABLE,temporary_bank_failure,2,2026-05-27 22:47:42.027025
UNSEEN_PAY_004721,UNSEEN_CUST_00260,45563.3,upi,successful,,,1,2026-07-29 03:32:42.027025
UNSEEN_PAY_004722,UNSEEN_CUST_00023,31764.96,netbanking,successful,,,2,2026-06-20 04:39:42.027025
UNSEEN_PAY_004723,UNSEEN_CUST_01800,25000.3,card,successful,,,1,2026-07-24 21:27:42.027025
UNSEEN_PAY_004724,UNSEEN_CUST_01623,81448.56,upi,successful,,,1,2026-05-31 05:28:42.027025
UNSEEN_PAY_004725,UNSEEN_CUST_01596,37402.35,upi,successful,,,1,2026-08-03 02:33:42.027025
UNSEEN_PAY_004726,UNSEEN_CUST_00360,7205.76,upi,successful,,,1,2026-06-23 10:54:42.027025
UNSEEN_PAY_004727,UNSEEN_CUST_01843,33823.42,upi,successful,,,2,2026-06-28 03:21:42.027025
UNSEEN_PAY_004728,UNSEEN_CUST_00045,16542.31,netbanking,successful,,,1,2026-07-10 14:09:42.027025
UNSEEN_PAY_004729,UNSEEN_CUST_00060,16223.74,card,failed,FUNDS_NOT_AVAILABLE,insufficient_funds,2,2026-08-15 16:17:42.027025
UNSEEN_PAY_004730,UNSEEN_CUST_00462,28611.83,upi,successful,,,1,2026-08-06 06:02:42.027025
UNSEEN_PAY_004731,UNSEEN_CUST_00503,40308.11,netbanking,successful,,,1,2026-07-24 06:21:42.027025
UNSEEN_PAY_004732,UNSEEN_CUST_01193,43656.98,upi,successful,,,1,2026-07-05 10:09:42.027025
UNSEEN_PAY_004733,UNSEEN_CUST_00481,11160.97,upi,successful,,,1,2026-06-17 16:36:42.027025
UNSEEN_PAY_004734,UNSEEN_CUST_01260,26500.07,upi,successful,,,1,2026-07-09 18:03:42.027025
UNSEEN_PAY_004735,UNSEEN_CUST_00454,4633.55,upi,successful,,,1,2026-06-20 04:38:42.027025
UNSEEN_PAY_004736,UNSEEN_CUST_00314,66329.3,netbanking,successful,,,1,2026-06-06 03:27:42.028074
UNSEEN_PAY_004737,UNSEEN_CUST_01907,2234.57,card,failed,CUSTOMER_AUTH_FAILED,authentication_failed,1,2026-07-09 15:03:42.028074
UNSEEN_PAY_004738,UNSEEN_CUST_01605,61701.61,upi,successful,,,1,2026-06-26 08:58:42.028074
UNSEEN_PAY_004739,UNSEEN_CUST_00371,41331.37,card,successful,,,1,2026-07-09 18:06:42.028074
UNSEEN_PAY_004740,UNSEEN_CUST_00824,13535.97,upi,successful,,,1,2026-07-06 01:03:42.028074
UNSEEN_PAY_004741,UNSEEN_CUST_00261,34193.17,upi,successful,,,1,2026-07-13 08:18:42.028074
UNSEEN_PAY_004742,UNSEEN_CUST_01080,33421.96,upi,failed,UNKNOWN_ERROR,unknown_failure,1,2026-07-16 14:00:42.028074
UNSEEN_PAY_004743,UNSEEN_CUST_00129,4603.73,card,successful,,,1,2026-06-27 10:00:42.028074
UNSEEN_PAY_004744,UNSEEN_CUST_01542,15040.78,netbanking,successful,,,1,2026-07-25 23:54:42.028074
UNSEEN_PAY_004745,UNSEEN_CUST_00463,40756.77,netbanking,successful,,,1,2026-06-15 08:33:42.028074
UNSEEN_PAY_004746,UNSEEN_CUST_01034,15097.63,upi,successful,,,1,2026-06-01 18:08:42.028074
UNSEEN_PAY_004747,UNSEEN_CUST_00734,7698.79,card,successful,,,1,2026-08-25 17:26:42.028074
UNSEEN_PAY_004748,UNSEEN_CUST_00948,46260.23,upi,successful,,,1,2026-06-17 12:44:42.028074
UNSEEN_PAY_004749,UNSEEN_CUST_00739,46584.33,upi,successful,,,1,2026-06-26 15:00:42.028074
UNSEEN_PAY_004750,UNSEEN_CUST_01064,47718.09,card,successful,,,1,2026-08-24 00:16:42.028074
UNSEEN_PAY_004751,UNSEEN_CUST_00954,61667.61,upi,successful,,,1,2026-08-03 10:33:42.028074
UNSEEN_PAY_004752,UNSEEN_CUST_00153,88738.01,upi,successful,,,1,2026-08-02 04:09:42.028074
UNSEEN_PAY_004753,UNSEEN_CUST_00722,48917.56,card,successful,,,1,2026-06-09 04:14:42.028074
UNSEEN_PAY_004754,UNSEEN_CUST_00710,48282.23,card,successful,,,1,2026-07-24 09:17:42.028074
UNSEEN_PAY_004755,UNSEEN_CUST_00135,46227.43,card,successful,,,1,2026-06-22 13:37:42.028074
UNSEEN_PAY_004756,UNSEEN_CUST_01473,37153.48,upi,successful,,,1,2026-06-25 22:43:42.028074
UNSEEN_PAY_004757,UNSEEN_CUST_01190,28852.46,netbanking,successful,,,1,2026-06-07 16:05:42.028074
UNSEEN_PAY_004758,UNSEEN_CUST_00483,36418.68,card,successful,,,1,2026-06-23 15:02:42.028074
UNSEEN_PAY_004759,UNSEEN_CUST_01873,27623.93,upi,successful,,,1,2026-07-03 14:48:42.029071
UNSEEN_PAY_004760,UNSEEN_CUST_00578,43072.6,netbanking,successful,,,1,2026-06-03 13:39:42.029071
UNSEEN_PAY_004761,UNSEEN_CUST_00520,20014.27,netbanking,successful,,,1,2026-08-20 22:40:42.029071
UNSEEN_PAY_004762,UNSEEN_CUST_00553,2959.54,netbanking,failed,CARD_EXPIRED,expired_instrument,1,2026-06-01 19:05:42.029071
UNSEEN_PAY_004763,UNSEEN_CUST_00142,41821.5,netbanking,successful,,,1,2026-06-02 15:19:42.029071
UNSEEN_PAY_004764,UNSEEN_CUST_00687,11654.66,upi,successful,,,1,2026-08-19 13:02:42.029071
UNSEEN_PAY_004765,UNSEEN_CUST_01158,27438.36,card,successful,,,1,2026-06-10 18:19:42.029071
UNSEEN_PAY_004766,UNSEEN_CUST_01916,3829.68,upi,successful,,,1,2026-08-14 22:41:42.029071
UNSEEN_PAY_004767,UNSEEN_CUST_01613,42318.08,card,successful,,,2,2026-06-03 18:25:42.029071
UNSEEN_PAY_004768,UNSEEN_CUST_01105,23927.48,upi,successful,,,1,2026-06-07 00:09:42.029071
UNSEEN_PAY_004769,UNSEEN_CUST_00901,12090.64,card,failed,BANK_SERVICE_UNAVAILABLE,temporary_bank_failure,1,2026-06-18 17:07:42.029071
UNSEEN_PAY_004770,UNSEEN_CUST_00883,36654.29,upi,successful,,,1,2026-05-29 09:21:42.029071
UNSEEN_PAY_004771,UNSEEN_CUST_00586,4796.6,upi,successful,,,1,2026-08-10 04:06:42.029071
UNSEEN_PAY_004772,UNSEEN_CUST_00036,6201.97,upi,successful,,,1,2026-08-10 00:56:42.029071
UNSEEN_PAY_004773,UNSEEN_CUST_00616,37807.68,upi,successful,,,1,2026-06-05 18:59:42.029071
UNSEEN_PAY_004774,UNSEEN_CUST_00053,34543.12,card,successful,,,1,2026-06-06 09:16:42.029071
UNSEEN_PAY_004775,UNSEEN_CUST_01819,14288.82,card,failed,CUSTOMER_AUTH_FAILED,authentication_failed,1,2026-06-15 01:42:42.029071
UNSEEN_PAY_004776,UNSEEN_CUST_00431,15805.24,upi,successful,,,1,2026-07-01 05:48:42.029071
UNSEEN_PAY_004777,UNSEEN_CUST_00911,21757.35,upi,successful,,,2,2026-06-09 08:29:42.029071
UNSEEN_PAY_004778,UNSEEN_CUST_01050,17896.82,card,successful,,,1,2026-08-23 05:18:42.029071
UNSEEN_PAY_004779,UNSEEN_CUST_01578,16423.8,card,successful,,,1,2026-07-26 22:45:42.029071
UNSEEN_PAY_004780,UNSEEN_CUST_01125,48255.6,card,successful,,,1,2026-08-25 18:23:42.029071
UNSEEN_PAY_004781,UNSEEN_CUST_00731,22381.23,upi,successful,,,1,2026-07-17 09:35:42.029071
UNSEEN_PAY_004782,UNSEEN_CUST_01442,15838.05,upi,successful,,,2,2026-06-17 23:05:42.029071
UNSEEN_PAY_004783,UNSEEN_CUST_01405,36843.57,netbanking,successful,,,1,2026-08-23 01:08:42.029071
UNSEEN_PAY_004784,UNSEEN_CUST_00942,42924.96,card,successful,,,1,2026-07-03 06:51:42.030078
UNSEEN_PAY_004785,UNSEEN_CUST_00859,12497.45,upi,successful,,,1,2026-06-21 13:34:42.030078
UNSEEN_PAY_004786,UNSEEN_CUST_01071,47084.77,card,successful,,,1,2026-08-24 21:51:42.030078
UNSEEN_PAY_004787,UNSEEN_CUST_01307,14327.35,card,successful,,,1,2026-06-04 16:55:42.030078
UNSEEN_PAY_004788,UNSEEN_CUST_01964,18375.7,card,failed,CARD_EXPIRED,expired_instrument,1,2026-07-14 23:50:42.030078
UNSEEN_PAY_004789,UNSEEN_CUST_00263,29763.06,upi,failed,PROCESSING_TIMEOUT,timeout,2,2026-07-27 17:37:42.030078
UNSEEN_PAY_004790,UNSEEN_CUST_00413,39408.26,upi,successful,,,1,2026-07-28 19:23:42.030078
UNSEEN_PAY_004791,UNSEEN_CUST_00089,25609.51,card,successful,,,1,2026-07-06 23:26:42.030078
UNSEEN_PAY_004792,UNSEEN_CUST_01288,13352.78,upi,successful,,,1,2026-08-05 22:22:42.030078
UNSEEN_PAY_004793,UNSEEN_CUST_00670,15279.44,netbanking,successful,,,1,2026-07-07 18:28:42.030078
UNSEEN_PAY_004794,UNSEEN_CUST_01564,29319.86,upi,successful,,,1,2026-06-17 08:05:42.030078
UNSEEN_PAY_004795,UNSEEN_CUST_00060,10928.17,netbanking,successful,,,1,2026-07-31 08:07:42.030078
UNSEEN_PAY_004796,UNSEEN_CUST_01787,97127.01,upi,failed,BANK_TEMPORARY_ERROR,temporary_bank_failure,1,2026-06-30 06:24:42.030078
UNSEEN_PAY_004797,UNSEEN_CUST_01639,35963.34,upi,failed,NETWORK_TIMEOUT,timeout,2,2026-08-01 18:35:42.030078
UNSEEN_PAY_004798,UNSEEN_CUST_00608,15361.68,upi,successful,,,1,2026-06-17 08:56:42.030078
UNSEEN_PAY_004799,UNSEEN_CUST_01432,36120.97,upi,successful,,,1,2026-06-23 04:17:42.030078
UNSEEN_PAY_004800,UNSEEN_CUST_00107,40110.74,upi,successful,,,1,2026-07-14 09:51:42.030078
UNSEEN_PAY_004801,UNSEEN_CUST_00419,22059.94,card,failed,UNSPECIFIED_DECLINE,unknown_failure,1,2026-06-19 17:16:42.030078
UNSEEN_PAY_004802,UNSEEN_CUST_01862,19345.3,upi,successful,,,1,2026-06-21 02:47:42.030078
UNSEEN_PAY_004803,UNSEEN_CUST_00390,36515.69,card,failed,LIMIT_EXCEEDED,limit_exceeded,1,2026-05-28 17:59:42.030078
UNSEEN_PAY_004804,UNSEEN_CUST_00540,29735.53,upi,failed,NETWORK_TIMEOUT,timeout,1,2026-08-20 21:45:42.030078
UNSEEN_PAY_004805,UNSEEN_CUST_00510,16116.76,card,successful,,,1,2026-05-29 16:20:42.030078
UNSEEN_PAY_004806,UNSEEN_CUST_00290,35682.75,netbanking,successful,,,2,2026-07-14 18:47:42.031066
UNSEEN_PAY_004807,UNSEEN_CUST_00038,16338.0,upi,successful,,,1,2026-06-06 13:59:42.031066
UNSEEN_PAY_004808,UNSEEN_CUST_01932,91889.08,upi,successful,,,1,2026-08-22 22:12:42.031066
UNSEEN_PAY_004809,UNSEEN_CUST_01241,27693.57,card,failed,UNKNOWN_ERROR,unknown_failure,1,2026-07-22 21:03:42.031066
UNSEEN_PAY_004810,UNSEEN_CUST_01684,35921.36,card,failed,RISK_DECLINED,risk_decline,1,2026-06-30 18:16:42.031066
UNSEEN_PAY_004811,UNSEEN_CUST_00411,42076.62,upi,successful,,,1,2026-06-13 23:23:42.031066
UNSEEN_PAY_004812,UNSEEN_CUST_01380,21681.18,card,successful,,,1,2026-08-17 22:53:42.031066
UNSEEN_PAY_004813,UNSEEN_CUST_01660,29475.67,upi,successful,,,1,2026-06-25 12:44:42.031066
UNSEEN_PAY_004814,UNSEEN_CUST_01761,40023.85,upi,failed,INSUFFICIENT_BALANCE,insufficient_funds,1,2026-08-20 09:28:42.031066
UNSEEN_PAY_004815,UNSEEN_CUST_00241,46486.45,card,successful,,,1,2026-06-10 01:19:42.031066
UNSEEN_PAY_004816,UNSEEN_CUST_00750,6910.1,upi,successful,,,1,2026-06-22 09:06:42.031066
UNSEEN_PAY_004817,UNSEEN_CUST_01491,16089.86,netbanking,successful,,,1,2026-07-02 19:26:42.031066
UNSEEN_PAY_004818,UNSEEN_CUST_01382,3594.47,upi,successful,,,2,2026-06-28 10:44:42.031066
UNSEEN_PAY_004819,UNSEEN_CUST_00517,47992.79,upi,successful,,,3,2026-06-29 21:59:42.031066
UNSEEN_PAY_004820,UNSEEN_CUST_00213,12630.6,upi,failed,CARD_EXPIRED,expired_instrument,1,2026-08-02 09:35:42.031066
UNSEEN_PAY_004821,UNSEEN_CUST_00713,17612.87,upi,failed,FUNDS_NOT_AVAILABLE,insufficient_funds,1,2026-08-19 07:13:42.031066
UNSEEN_PAY_004822,UNSEEN_CUST_00709,60743.89,card,successful,,,1,2026-06-04 17:22:42.031066
UNSEEN_PAY_004823,UNSEEN_CUST_00107,16030.58,upi,successful,,,1,2026-08-02 05:52:42.031066
UNSEEN_PAY_004824,UNSEEN_CUST_01339,48740.22,card,failed,UNSPECIFIED_DECLINE,insufficient_funds,2,2026-06-19 02:49:42.031066
UNSEEN_PAY_004825,UNSEEN_CUST_00519,2541.91,upi,successful,,,1,2026-06-21 06:04:42.031066
UNSEEN_PAY_004826,UNSEEN_CUST_00738,38096.13,netbanking,successful,,,1,2026-06-20 04:25:42.031066
UNSEEN_PAY_004827,UNSEEN_CUST_00256,76093.38,upi,successful,,,1,2026-06-02 08:57:42.032078
UNSEEN_PAY_004828,UNSEEN_CUST_01510,44233.93,upi,successful,,,1,2026-07-19 00:13:42.032078
UNSEEN_PAY_004829,UNSEEN_CUST_00366,29647.27,upi,successful,,,1,2026-06-06 03:09:42.032078
UNSEEN_PAY_004830,UNSEEN_CUST_00986,46824.65,upi,successful,,,1,2026-07-16 00:42:42.032078
UNSEEN_PAY_004831,UNSEEN_CUST_01864,40004.94,card,successful,,,1,2026-06-05 00:04:42.032078
UNSEEN_PAY_004832,UNSEEN_CUST_00875,31496.56,card,successful,,,2,2026-06-11 04:34:42.032078
UNSEEN_PAY_004833,UNSEEN_CUST_00450,26801.62,card,successful,,,1,2026-08-24 20:48:42.032078
UNSEEN_PAY_004834,UNSEEN_CUST_01958,30071.82,upi,successful,,,1,2026-06-17 15:27:42.032078
UNSEEN_PAY_004835,UNSEEN_CUST_00178,7693.22,upi,successful,,,1,2026-08-05 11:19:42.032078
UNSEEN_PAY_004836,UNSEEN_CUST_00505,7246.67,upi,successful,,,1,2026-06-25 03:00:42.032078
UNSEEN_PAY_004837,UNSEEN_CUST_01003,59801.17,card,successful,,,1,2026-06-04 11:11:42.032078
UNSEEN_PAY_004838,UNSEEN_CUST_01188,86609.43,card,successful,,,1,2026-08-25 02:52:42.032078
UNSEEN_PAY_004839,UNSEEN_CUST_00806,24852.11,card,successful,,,1,2026-08-25 02:14:42.032078
UNSEEN_PAY_004840,UNSEEN_CUST_00450,26258.38,card,successful,,,1,2026-06-17 20:50:42.032078
UNSEEN_PAY_004841,UNSEEN_CUST_01970,3959.09,netbanking,successful,,,1,2026-08-09 21:07:42.032078
UNSEEN_PAY_004842,UNSEEN_CUST_01271,48029.97,card,successful,,,1,2026-08-04 06:14:42.032078
UNSEEN_PAY_004843,UNSEEN_CUST_01168,33047.11,upi,successful,,,1,2026-06-07 12:58:42.032078
UNSEEN_PAY_004844,UNSEEN_CUST_00666,4840.57,upi,successful,,,1,2026-08-22 03:04:42.032078
UNSEEN_PAY_004845,UNSEEN_CUST_01263,11195.92,upi,successful,,,1,2026-06-12 08:17:42.032078
UNSEEN_PAY_004846,UNSEEN_CUST_00514,28837.04,upi,successful,,,1,2026-07-30 03:29:42.032078
UNSEEN_PAY_004847,UNSEEN_CUST_00161,42329.46,upi,successful,,,1,2026-06-26 17:35:42.032078
UNSEEN_PAY_004848,UNSEEN_CUST_01391,22522.13,netbanking,successful,,,1,2026-06-24 07:29:42.032078
UNSEEN_PAY_004849,UNSEEN_CUST_00609,9101.65,upi,successful,,,1,2026-07-17 11:54:42.032078
UNSEEN_PAY_004850,UNSEEN_CUST_01635,45171.8,upi,successful,,,1,2026-08-25 09:16:42.032078
UNSEEN_PAY_004851,UNSEEN_CUST_01890,34293.1,upi,successful,,,1,2026-07-15 10:31:42.032078
UNSEEN_PAY_004852,UNSEEN_CUST_01800,23760.36,card,successful,,,1,2026-06-30 12:31:42.032078
UNSEEN_PAY_004853,UNSEEN_CUST_01489,37211.2,card,successful,,,1,2026-08-18 19:38:42.032078
UNSEEN_PAY_004854,UNSEEN_CUST_00795,24542.17,card,successful,,,1,2026-07-31 18:44:42.033072
UNSEEN_PAY_004855,UNSEEN_CUST_00567,3818.49,upi,successful,,,2,2026-08-03 14:00:42.033072
UNSEEN_PAY_004856,UNSEEN_CUST_01184,19119.89,upi,successful,,,1,2026-07-28 17:34:42.033072
UNSEEN_PAY_004857,UNSEEN_CUST_00276,6112.38,upi,successful,,,1,2026-06-03 14:51:42.033072
UNSEEN_PAY_004858,UNSEEN_CUST_01442,42266.12,upi,successful,,,1,2026-07-31 22:29:42.033072
UNSEEN_PAY_004859,UNSEEN_CUST_00347,6893.99,netbanking,successful,,,1,2026-07-02 03:13:42.033072
UNSEEN_PAY_004860,UNSEEN_CUST_01287,7681.13,upi,successful,,,1,2026-08-14 03:03:42.033072
UNSEEN_PAY_004861,UNSEEN_CUST_01552,18800.68,card,successful,,,1,2026-06-27 15:42:42.033072
UNSEEN_PAY_004862,UNSEEN_CUST_01004,5925.42,upi,successful,,,1,2026-08-06 08:37:42.033072
UNSEEN_PAY_004863,UNSEEN_CUST_01310,22977.38,card,failed,UNKNOWN_ERROR,unknown_failure,1,2026-05-30 23:26:42.033072
UNSEEN_PAY_004864,UNSEEN_CUST_01018,5066.97,netbanking,successful,,,1,2026-06-26 03:07:42.033072
UNSEEN_PAY_004865,UNSEEN_CUST_00306,16148.76,upi,successful,,,1,2026-08-07 14:45:42.033072
UNSEEN_PAY_004866,UNSEEN_CUST_01877,3136.84,upi,successful,,,1,2026-08-25 07:28:42.033072
UNSEEN_PAY_004867,UNSEEN_CUST_01228,35027.15,card,successful,,,1,2026-06-15 02:14:42.033072
UNSEEN_PAY_004868,UNSEEN_CUST_01602,32337.37,upi,failed,UNSPECIFIED_DECLINE,temporary_bank_failure,1,2026-06-07 08:42:42.033072
UNSEEN_PAY_004869,UNSEEN_CUST_00724,42998.06,upi,successful,,,2,2026-07-17 01:13:42.033072
UNSEEN_PAY_004870,UNSEEN_CUST_01700,40480.0,upi,successful,,,1,2026-08-12 03:52:42.033072
UNSEEN_PAY_004871,UNSEEN_CUST_01409,49784.0,upi,successful,,,1,2026-06-23 03:20:42.033072
UNSEEN_PAY_004872,UNSEEN_CUST_00028,2295.98,upi,failed,PROCESSING_TIMEOUT,timeout,1,2026-07-25 17:51:42.033072
UNSEEN_PAY_004873,UNSEEN_CUST_00581,18621.12,netbanking,successful,,,1,2026-08-14 16:35:42.033072
UNSEEN_PAY_004874,UNSEEN_CUST_01321,22842.06,upi,successful,,,1,2026-05-28 19:26:42.033072
UNSEEN_PAY_004875,UNSEEN_CUST_00615,31384.55,upi,successful,,,1,2026-07-13 18:41:42.033072
UNSEEN_PAY_004876,UNSEEN_CUST_00921,26753.84,upi,failed,INSTRUMENT_BLOCKED,blocked_instrument,1,2026-08-19 16:48:42.033072
UNSEEN_PAY_004877,UNSEEN_CUST_01316,24874.2,card,successful,,,1,2026-06-07 14:03:42.033072
UNSEEN_PAY_004878,UNSEEN_CUST_01804,7624.63,card,failed,AUTHENTICATION_FAILED,authentication_failed,1,2026-06-03 13:01:42.034073
UNSEEN_PAY_004879,UNSEEN_CUST_01708,40556.49,upi,successful,,,1,2026-08-25 07:46:42.034073
UNSEEN_PAY_004880,UNSEEN_CUST_01381,11851.77,upi,successful,,,2,2026-08-07 21:43:42.034073
UNSEEN_PAY_004881,UNSEEN_CUST_00731,37009.94,upi,successful,,,1,2026-07-14 14:27:42.034073
UNSEEN_PAY_004882,UNSEEN_CUST_00246,41354.37,upi,successful,,,1,2026-08-07 21:35:42.034073
UNSEEN_PAY_004883,UNSEEN_CUST_00557,46078.01,card,failed,FUNDS_NOT_AVAILABLE,insufficient_funds,1,2026-07-31 08:31:42.034073
UNSEEN_PAY_004884,UNSEEN_CUST_01710,23883.85,upi,successful,,,1,2026-08-16 22:24:42.034073
UNSEEN_PAY_004885,UNSEEN_CUST_00356,30178.69,upi,successful,,,1,2026-08-12 07:21:42.034073
UNSEEN_PAY_004886,UNSEEN_CUST_00261,22517.94,netbanking,successful,,,1,2026-06-25 21:02:42.034073
UNSEEN_PAY_004887,UNSEEN_CUST_00051,44101.39,netbanking,successful,,,1,2026-05-29 08:36:42.034073
UNSEEN_PAY_004888,UNSEEN_CUST_01317,2236.58,upi,successful,,,1,2026-07-26 18:47:42.034073
UNSEEN_PAY_004889,UNSEEN_CUST_01911,31380.48,card,successful,,,1,2026-06-08 13:43:42.034073
UNSEEN_PAY_004890,UNSEEN_CUST_00595,6561.47,upi,successful,,,1,2026-06-01 12:00:42.034073
UNSEEN_PAY_004891,UNSEEN_CUST_00015,25984.23,netbanking,successful,,,2,2026-08-08 01:58:42.034073
UNSEEN_PAY_004892,UNSEEN_CUST_01418,12988.19,upi,failed,RISK_DECLINED,risk_decline,3,2026-07-19 07:07:42.034073
UNSEEN_PAY_004893,UNSEEN_CUST_00592,44144.75,netbanking,successful,,,1,2026-05-30 12:37:42.034073
UNSEEN_PAY_004894,UNSEEN_CUST_01582,55073.72,netbanking,failed,BANK_TEMPORARY_ERROR,temporary_bank_failure,2,2026-08-21 18:49:42.034073
UNSEEN_PAY_004895,UNSEEN_CUST_00016,1529.57,card,successful,,,1,2026-07-28 20:04:42.034073
UNSEEN_PAY_004896,UNSEEN_CUST_00610,31566.29,upi,successful,,,1,2026-07-15 22:30:42.034073
UNSEEN_PAY_004897,UNSEEN_CUST_01874,14413.29,netbanking,successful,,,1,2026-07-19 19:43:42.034073
UNSEEN_PAY_004898,UNSEEN_CUST_00870,6313.85,upi,successful,,,1,2026-05-28 23:48:42.034073
UNSEEN_PAY_004899,UNSEEN_CUST_01835,4953.65,card,successful,,,1,2026-06-14 09:43:42.034073
UNSEEN_PAY_004900,UNSEEN_CUST_01353,39123.06,netbanking,successful,,,1,2026-06-18 02:49:42.034073
UNSEEN_PAY_004901,UNSEEN_CUST_01052,41725.66,upi,successful,,,1,2026-07-03 23:02:42.035074
UNSEEN_PAY_004902,UNSEEN_CUST_01770,74876.9,card,successful,,,1,2026-07-23 23:54:42.035074
UNSEEN_PAY_004903,UNSEEN_CUST_01558,18164.39,upi,successful,,,1,2026-08-17 12:55:42.035074
UNSEEN_PAY_004904,UNSEEN_CUST_00039,19280.19,upi,successful,,,1,2026-06-01 17:43:42.035074
UNSEEN_PAY_004905,UNSEEN_CUST_00498,35971.99,netbanking,failed,INSUFFICIENT_BALANCE,insufficient_funds,1,2026-08-19 07:29:42.035074
UNSEEN_PAY_004906,UNSEEN_CUST_01587,3346.09,upi,failed,BANK_SERVICE_UNAVAILABLE,temporary_bank_failure,1,2026-07-26 02:16:42.035074
UNSEEN_PAY_004907,UNSEEN_CUST_00856,30166.61,upi,successful,,,2,2026-07-09 19:56:42.035074
UNSEEN_PAY_004908,UNSEEN_CUST_01962,71022.8,upi,successful,,,1,2026-08-22 01:38:42.035074
UNSEEN_PAY_004909,UNSEEN_CUST_00890,78828.49,upi,successful,,,1,2026-07-06 17:17:42.035074
UNSEEN_PAY_004910,UNSEEN_CUST_01342,5842.18,netbanking,failed,BANK_SERVICE_UNAVAILABLE,temporary_bank_failure,2,2026-07-21 08:21:42.035074
UNSEEN_PAY_004911,UNSEEN_CUST_01594,19422.18,card,successful,,,2,2026-07-24 18:31:42.035074
UNSEEN_PAY_004912,UNSEEN_CUST_01721,42626.86,upi,successful,,,1,2026-06-30 16:29:42.035074
UNSEEN_PAY_004913,UNSEEN_CUST_01956,36421.09,upi,successful,,,1,2026-07-02 06:12:42.035074
UNSEEN_PAY_004914,UNSEEN_CUST_01968,13268.29,card,successful,,,2,2026-06-09 13:37:42.035074
UNSEEN_PAY_004915,UNSEEN_CUST_00341,38403.8,upi,successful,,,1,2026-06-07 04:44:42.035074
UNSEEN_PAY_004916,UNSEEN_CUST_01427,1868.85,upi,failed,UNKNOWN_ERROR,unknown_failure,1,2026-08-15 11:10:42.035074
UNSEEN_PAY_004917,UNSEEN_CUST_00916,18657.63,upi,successful,,,1,2026-07-01 04:27:42.035074
UNSEEN_PAY_004918,UNSEEN_CUST_01088,29927.56,upi,failed,PROCESSING_TIMEOUT,timeout,1,2026-06-05 17:02:42.035074
UNSEEN_PAY_004919,UNSEEN_CUST_01211,15690.37,netbanking,failed,CARD_BLOCKED,blocked_instrument,2,2026-07-21 08:16:42.035074
UNSEEN_PAY_004920,UNSEEN_CUST_01595,41901.34,upi,successful,,,2,2026-08-18 17:01:42.035074
UNSEEN_PAY_004921,UNSEEN_CUST_01941,9585.46,upi,failed,AUTHENTICATION_FAILED,authentication_failed,1,2026-06-21 21:06:42.035074
UNSEEN_PAY_004922,UNSEEN_CUST_01069,14421.52,upi,successful,,,1,2026-07-11 09:31:42.036080
UNSEEN_PAY_004923,UNSEEN_CUST_00085,49945.89,netbanking,successful,,,1,2026-06-01 02:51:42.036080
UNSEEN_PAY_004924,UNSEEN_CUST_00239,10405.53,upi,successful,,,2,2026-06-26 12:45:42.036080
UNSEEN_PAY_004925,UNSEEN_CUST_00562,8056.93,card,successful,,,1,2026-08-16 02:47:42.036080
UNSEEN_PAY_004926,UNSEEN_CUST_00350,14149.75,card,successful,,,1,2026-06-09 00:50:42.036080
UNSEEN_PAY_004927,UNSEEN_CUST_00746,18585.62,card,successful,,,1,2026-06-26 02:06:42.036080
UNSEEN_PAY_004928,UNSEEN_CUST_00688,22102.32,card,successful,,,1,2026-06-30 19:17:42.036080
UNSEEN_PAY_004929,UNSEEN_CUST_00792,9819.88,upi,successful,,,1,2026-08-12 01:11:42.036080
UNSEEN_PAY_004930,UNSEEN_CUST_00473,44315.33,card,successful,,,1,2026-08-17 21:32:42.036080
UNSEEN_PAY_004931,UNSEEN_CUST_00328,29135.77,card,failed,UNSPECIFIED_DECLINE,expired_instrument,1,2026-07-02 17:13:42.036080
UNSEEN_PAY_004932,UNSEEN_CUST_01934,45928.75,card,successful,,,1,2026-07-26 19:05:42.036080
UNSEEN_PAY_004933,UNSEEN_CUST_01230,17426.37,netbanking,successful,,,1,2026-05-30 18:23:42.036080
UNSEEN_PAY_004934,UNSEEN_CUST_00087,8511.9,upi,successful,,,1,2026-08-25 09:06:42.036080
UNSEEN_PAY_004935,UNSEEN_CUST_00550,10444.12,upi,successful,,,1,2026-07-11 12:16:42.036080
UNSEEN_PAY_004936,UNSEEN_CUST_00139,32601.2,upi,successful,,,1,2026-07-22 23:02:42.036080
UNSEEN_PAY_004937,UNSEEN_CUST_00376,8517.05,upi,successful,,,1,2026-07-10 07:51:42.036080
UNSEEN_PAY_004938,UNSEEN_CUST_00804,21281.11,netbanking,successful,,,1,2026-06-10 13:25:42.036080
UNSEEN_PAY_004939,UNSEEN_CUST_00249,36077.13,upi,successful,,,1,2026-07-11 12:21:42.036080
UNSEEN_PAY_004940,UNSEEN_CUST_02000,61126.54,upi,successful,,,1,2026-08-24 10:29:42.036080
UNSEEN_PAY_004941,UNSEEN_CUST_00352,43050.67,upi,successful,,,1,2026-07-27 19:23:42.036080
UNSEEN_PAY_004942,UNSEEN_CUST_00179,31234.79,upi,successful,,,1,2026-05-30 20:18:42.036080
UNSEEN_PAY_004943,UNSEEN_CUST_01490,1792.41,card,successful,,,2,2026-07-31 08:29:42.036080
UNSEEN_PAY_004944,UNSEEN_CUST_00135,3967.25,upi,successful,,,1,2026-07-08 16:43:42.036080
UNSEEN_PAY_004945,UNSEEN_CUST_00357,22349.23,netbanking,successful,,,1,2026-07-17 07:44:42.036080
UNSEEN_PAY_004946,UNSEEN_CUST_01864,28714.41,card,successful,,,1,2026-06-12 21:36:42.036080
UNSEEN_PAY_004947,UNSEEN_CUST_01325,12517.68,netbanking,successful,,,1,2026-07-04 07:58:42.036080
UNSEEN_PAY_004948,UNSEEN_CUST_01986,10032.8,netbanking,successful,,,1,2026-06-09 11:04:42.037077
UNSEEN_PAY_004949,UNSEEN_CUST_00221,7456.71,card,successful,,,1,2026-08-18 07:12:42.037077
UNSEEN_PAY_004950,UNSEEN_CUST_00841,38984.36,netbanking,successful,,,1,2026-06-11 23:35:42.037077
UNSEEN_PAY_004951,UNSEEN_CUST_00690,46235.99,card,successful,,,1,2026-08-23 02:36:42.037077
UNSEEN_PAY_004952,UNSEEN_CUST_00972,99887.8,upi,failed,BANK_SERVICE_UNAVAILABLE,temporary_bank_failure,1,2026-06-23 18:52:42.037077
UNSEEN_PAY_004953,UNSEEN_CUST_00128,1333.35,card,successful,,,1,2026-08-22 22:41:42.037077
UNSEEN_PAY_004954,UNSEEN_CUST_01523,4674.71,upi,successful,,,1,2026-06-11 11:13:42.037077
UNSEEN_PAY_004955,UNSEEN_CUST_00635,16417.52,card,successful,,,1,2026-07-26 14:43:42.037077
UNSEEN_PAY_004956,UNSEEN_CUST_00845,27185.47,upi,successful,,,1,2026-06-25 14:16:42.037077
UNSEEN_PAY_004957,UNSEEN_CUST_00354,31749.07,netbanking,successful,,,1,2026-06-16 02:12:42.037077
UNSEEN_PAY_004958,UNSEEN_CUST_00502,9595.73,netbanking,failed,RISK_DECLINED,risk_decline,1,2026-07-23 23:38:42.037077
UNSEEN_PAY_004959,UNSEEN_CUST_00147,19526.09,upi,successful,,,2,2026-07-26 14:17:42.037077
UNSEEN_PAY_004960,UNSEEN_CUST_01983,82551.7,card,failed,POLICY_DECLINED,risk_decline,1,2026-08-19 06:07:42.037077
UNSEEN_PAY_004961,UNSEEN_CUST_00366,91450.84,card,successful,,,1,2026-07-10 02:15:42.037077
UNSEEN_PAY_004962,UNSEEN_CUST_00336,61762.1,upi,successful,,,1,2026-07-01 17:30:42.037077
UNSEEN_PAY_004963,UNSEEN_CUST_01350,28374.93,card,successful,,,1,2026-06-18 19:17:42.037077
UNSEEN_PAY_004964,UNSEEN_CUST_01684,19942.43,card,successful,,,1,2026-05-31 00:15:42.037077
UNSEEN_PAY_004965,UNSEEN_CUST_01344,35998.72,upi,successful,,,1,2026-08-14 15:44:42.037077
UNSEEN_PAY_004966,UNSEEN_CUST_00532,82385.64,upi,failed,BANK_SERVICE_UNAVAILABLE,temporary_bank_failure,2,2026-08-21 13:26:42.037077
UNSEEN_PAY_004967,UNSEEN_CUST_00065,41680.82,upi,successful,,,2,2026-07-28 17:11:42.037077
UNSEEN_PAY_004968,UNSEEN_CUST_01458,12548.31,upi,successful,,,1,2026-06-16 20:51:42.037077
UNSEEN_PAY_004969,UNSEEN_CUST_00305,19319.18,card,successful,,,1,2026-08-04 20:21:42.037077
UNSEEN_PAY_004970,UNSEEN_CUST_00512,4944.29,upi,successful,,,1,2026-07-01 11:04:42.037077
UNSEEN_PAY_004971,UNSEEN_CUST_00300,9821.7,upi,failed,INSUFFICIENT_BALANCE,insufficient_funds,1,2026-07-12 06:21:42.037077
UNSEEN_PAY_004972,UNSEEN_CUST_00338,44037.47,upi,successful,,,1,2026-07-25 14:04:42.038065
UNSEEN_PAY_004973,UNSEEN_CUST_00091,1442.04,netbanking,successful,,,1,2026-06-04 03:59:42.038065
UNSEEN_PAY_004974,UNSEEN_CUST_01587,7704.79,netbanking,successful,,,1,2026-08-06 13:35:42.038065
UNSEEN_PAY_004975,UNSEEN_CUST_01984,38814.9,upi,successful,,,1,2026-08-15 04:08:42.038065
UNSEEN_PAY_004976,UNSEEN_CUST_01314,46233.52,card,successful,,,1,2026-06-11 16:20:42.038065
UNSEEN_PAY_004977,UNSEEN_CUST_01026,64565.0,card,successful,,,1,2026-06-28 22:24:42.038065
UNSEEN_PAY_004978,UNSEEN_CUST_01521,3859.99,card,successful,,,2,2026-06-08 07:39:42.038065
UNSEEN_PAY_004979,UNSEEN_CUST_00642,7247.96,upi,successful,,,1,2026-06-12 04:30:42.038065
UNSEEN_PAY_004980,UNSEEN_CUST_01694,87190.02,card,successful,,,1,2026-07-12 09:33:42.038065
UNSEEN_PAY_004981,UNSEEN_CUST_00413,30956.18,card,successful,,,1,2026-06-19 01:39:42.038065
UNSEEN_PAY_004982,UNSEEN_CUST_01570,67578.12,card,failed,UNSPECIFIED_DECLINE,unknown_failure,1,2026-06-03 22:47:42.038065
UNSEEN_PAY_004983,UNSEEN_CUST_01574,29067.51,netbanking,successful,,,1,2026-06-12 04:40:42.038065
UNSEEN_PAY_004984,UNSEEN_CUST_00403,23166.25,upi,successful,,,1,2026-07-29 21:59:42.038065
UNSEEN_PAY_004985,UNSEEN_CUST_00890,63061.71,upi,successful,,,1,2026-06-03 21:16:42.038065
UNSEEN_PAY_004986,UNSEEN_CUST_00274,3226.92,card,successful,,,1,2026-08-22 01:40:42.038065
UNSEEN_PAY_004987,UNSEEN_CUST_00763,6509.38,card,successful,,,1,2026-06-29 04:31:42.038065
UNSEEN_PAY_004988,UNSEEN_CUST_01561,24905.0,upi,failed,BANK_SERVICE_UNAVAILABLE,temporary_bank_failure,1,2026-06-16 05:28:42.038065
UNSEEN_PAY_004989,UNSEEN_CUST_01515,18734.06,card,successful,,,1,2026-07-15 07:31:42.038065
UNSEEN_PAY_004990,UNSEEN_CUST_01713,62829.5,upi,successful,,,1,2026-08-06 12:42:42.038065
UNSEEN_PAY_004991,UNSEEN_CUST_01347,18890.75,upi,successful,,,1,2026-07-06 23:47:42.038065
UNSEEN_PAY_004992,UNSEEN_CUST_00878,17285.14,upi,successful,,,1,2026-08-23 12:02:42.038065
UNSEEN_PAY_004993,UNSEEN_CUST_00146,11748.1,card,successful,,,1,2026-08-09 13:03:42.038065
UNSEEN_PAY_004994,UNSEEN_CUST_00090,34647.9,upi,failed,UNKNOWN_ERROR,unknown_failure,1,2026-05-31 13:48:42.038065
UNSEEN_PAY_004995,UNSEEN_CUST_01958,28622.77,card,successful,,,2,2026-06-21 00:53:42.038065
UNSEEN_PAY_004996,UNSEEN_CUST_01495,28565.59,upi,successful,,,1,2026-06-15 09:59:42.039074
UNSEEN_PAY_004997,UNSEEN_CUST_00090,41297.81,card,successful,,,1,2026-06-20 10:14:42.039074
UNSEEN_PAY_004998,UNSEEN_CUST_00166,9452.02,upi,successful,,,1,2026-06-09 16:37:42.039074
UNSEEN_PAY_004999,UNSEEN_CUST_00742,1633.12,card,successful,,,1,2026-06-18 15:19:42.039074
UNSEEN_PAY_005000,UNSEEN_CUST_00012,10497.31,card,successful,,,1,2026-06-08 20:07:42.039074
UNSEEN_PAY_005001,UNSEEN_CUST_01417,42121.16,upi,successful,,,1,2026-07-30 05:42:42.039074
UNSEEN_PAY_005002,UNSEEN_CUST_01267,16748.38,netbanking,successful,,,1,2026-07-21 01:51:42.039074
UNSEEN_PAY_005003,UNSEEN_CUST_01152,31280.77,card,successful,,,2,2026-07-30 19:37:42.039074
UNSEEN_PAY_005004,UNSEEN_CUST_00065,29681.34,netbanking,successful,,,1,2026-07-30 19:28:42.039074
UNSEEN_PAY_005005,UNSEEN_CUST_00773,18074.16,netbanking,successful,,,1,2026-05-29 00:20:42.039074
UNSEEN_PAY_005006,UNSEEN_CUST_01514,5827.38,upi,successful,,,1,2026-07-08 12:19:42.039074
UNSEEN_PAY_005007,UNSEEN_CUST_00220,13967.22,upi,successful,,,1,2026-05-28 22:11:42.039074
UNSEEN_PAY_005008,UNSEEN_CUST_00458,18747.15,upi,successful,,,1,2026-07-19 02:18:42.039074
UNSEEN_PAY_005009,UNSEEN_CUST_01236,41049.86,upi,successful,,,1,2026-08-22 10:39:42.039074
UNSEEN_PAY_005010,UNSEEN_CUST_00110,6583.42,card,failed,PROCESSING_TIMEOUT,timeout,1,2026-05-31 20:38:42.039074
UNSEEN_PAY_005011,UNSEEN_CUST_01423,1743.83,card,successful,,,1,2026-07-12 18:58:42.039074
UNSEEN_PAY_005012,UNSEEN_CUST_01962,26080.05,card,successful,,,1,2026-08-21 04:43:42.039074
UNSEEN_PAY_005013,UNSEEN_CUST_00863,74365.16,netbanking,successful,,,1,2026-06-30 03:29:42.039074
UNSEEN_PAY_005014,UNSEEN_CUST_00089,73425.18,card,successful,,,1,2026-07-22 05:17:42.039074
UNSEEN_PAY_005015,UNSEEN_CUST_00431,24324.01,upi,successful,,,2,2026-06-20 04:02:42.039074
UNSEEN_PAY_005016,UNSEEN_CUST_00070,30062.25,upi,successful,,,1,2026-08-05 03:23:42.039074
UNSEEN_PAY_005017,UNSEEN_CUST_01795,27186.88,card,successful,,,1,2026-07-15 07:46:42.039074
UNSEEN_PAY_005018,UNSEEN_CUST_00006,38261.13,upi,successful,,,1,2026-06-20 19:49:42.039074
UNSEEN_PAY_005019,UNSEEN_CUST_01260,14149.94,upi,failed,BANK_TEMPORARY_ERROR,temporary_bank_failure,1,2026-08-11 15:28:42.039988
UNSEEN_PAY_005020,UNSEEN_CUST_00775,23015.49,upi,successful,,,1,2026-07-06 23:44:42.039988
UNSEEN_PAY_005021,UNSEEN_CUST_00052,26452.6,upi,successful,,,1,2026-07-31 10:31:42.039988
UNSEEN_PAY_005022,UNSEEN_CUST_01428,44485.16,upi,successful,,,1,2026-08-23 05:20:42.039988
UNSEEN_PAY_005023,UNSEEN_CUST_01322,35204.83,card,successful,,,1,2026-08-03 19:54:42.039988
UNSEEN_PAY_005024,UNSEEN_CUST_01396,1709.99,upi,failed,FUNDS_NOT_AVAILABLE,insufficient_funds,1,2026-07-11 20:07:42.039988
UNSEEN_PAY_005025,UNSEEN_CUST_01932,80202.6,netbanking,successful,,,1,2026-05-31 02:06:42.039988
UNSEEN_PAY_005026,UNSEEN_CUST_01818,27798.76,netbanking,failed,INSUFFICIENT_BALANCE,insufficient_funds,1,2026-07-21 13:19:42.039988
UNSEEN_PAY_005027,UNSEEN_CUST_01758,46838.75,upi,successful,,,1,2026-06-11 10:29:42.039988
UNSEEN_PAY_005028,UNSEEN_CUST_01090,28788.29,card,successful,,,1,2026-06-02 06:54:42.039988
UNSEEN_PAY_005029,UNSEEN_CUST_00910,6927.19,netbanking,successful,,,1,2026-06-10 00:24:42.039988
UNSEEN_PAY_005030,UNSEEN_CUST_00392,2485.11,card,successful,,,1,2026-07-10 19:30:42.039988
UNSEEN_PAY_005031,UNSEEN_CUST_00556,1757.79,upi,failed,POLICY_DECLINED,risk_decline,1,2026-07-28 15:54:42.039988
UNSEEN_PAY_005032,UNSEEN_CUST_01113,68224.4,upi,failed,UNSPECIFIED_DECLINE,unknown_failure,1,2026-08-23 16:13:42.039988
UNSEEN_PAY_005033,UNSEEN_CUST_00714,14507.56,upi,successful,,,1,2026-06-09 12:38:42.039988
UNSEEN_PAY_005034,UNSEEN_CUST_00409,48512.42,upi,successful,,,1,2026-08-15 15:59:42.039988
UNSEEN_PAY_005035,UNSEEN_CUST_01033,47992.05,netbanking,successful,,,1,2026-06-16 20:11:42.039988
UNSEEN_PAY_005036,UNSEEN_CUST_00530,46495.07,upi,successful,,,1,2026-08-19 08:54:42.039988
UNSEEN_PAY_005037,UNSEEN_CUST_00575,9097.69,upi,successful,,,1,2026-08-04 20:13:42.039988
UNSEEN_PAY_005038,UNSEEN_CUST_01392,20710.0,card,successful,,,1,2026-08-08 08:00:42.039988
UNSEEN_PAY_005039,UNSEEN_CUST_00977,24688.19,card,successful,,,1,2026-07-01 08:20:42.039988
UNSEEN_PAY_005040,UNSEEN_CUST_01795,24338.55,upi,successful,,,1,2026-08-21 21:18:42.041067
UNSEEN_PAY_005041,UNSEEN_CUST_01161,74470.9,netbanking,successful,,,1,2026-06-11 06:09:42.041067
UNSEEN_PAY_005042,UNSEEN_CUST_01502,44128.74,upi,successful,,,1,2026-07-18 00:38:42.041067
UNSEEN_PAY_005043,UNSEEN_CUST_01571,9913.49,netbanking,successful,,,1,2026-06-28 05:22:42.041067
UNSEEN_PAY_005044,UNSEEN_CUST_00874,27928.08,upi,successful,,,1,2026-06-21 11:52:42.041067
UNSEEN_PAY_005045,UNSEEN_CUST_01055,15714.05,upi,successful,,,1,2026-08-15 05:12:42.041067
UNSEEN_PAY_005046,UNSEEN_CUST_01231,45113.62,upi,successful,,,1,2026-06-23 10:55:42.041067
UNSEEN_PAY_005047,UNSEEN_CUST_01746,28036.41,netbanking,successful,,,1,2026-06-15 15:03:42.041067
UNSEEN_PAY_005048,UNSEEN_CUST_01165,6642.86,upi,failed,INSTRUMENT_BLOCKED,blocked_instrument,1,2026-07-04 13:28:42.041067
UNSEEN_PAY_005049,UNSEEN_CUST_01645,35417.94,card,successful,,,1,2026-06-01 03:16:42.041067
UNSEEN_PAY_005050,UNSEEN_CUST_01281,6779.65,netbanking,successful,,,1,2026-07-15 08:45:42.041067
UNSEEN_PAY_005051,UNSEEN_CUST_00968,40008.91,upi,successful,,,1,2026-08-24 01:12:42.041067
UNSEEN_PAY_005052,UNSEEN_CUST_00291,1599.14,upi,successful,,,3,2026-06-10 18:52:42.041067
UNSEEN_PAY_005053,UNSEEN_CUST_00866,19844.75,upi,successful,,,1,2026-06-13 11:01:42.041067
UNSEEN_PAY_005054,UNSEEN_CUST_01905,22023.8,upi,successful,,,1,2026-07-12 20:53:42.041067
UNSEEN_PAY_005055,UNSEEN_CUST_01321,4560.24,upi,successful,,,1,2026-06-12 05:59:42.041067
UNSEEN_PAY_005056,UNSEEN_CUST_00450,8976.7,upi,successful,,,1,2026-08-17 08:10:42.041067
UNSEEN_PAY_005057,UNSEEN_CUST_01019,22254.26,upi,successful,,,1,2026-06-08 08:18:42.041067
UNSEEN_PAY_005058,UNSEEN_CUST_00545,18529.54,upi,successful,,,1,2026-07-16 03:45:42.041067
UNSEEN_PAY_005059,UNSEEN_CUST_01205,2987.24,netbanking,failed,BANK_SERVICE_UNAVAILABLE,temporary_bank_failure,1,2026-08-17 06:46:42.041067
UNSEEN_PAY_005060,UNSEEN_CUST_01840,32587.39,upi,successful,,,1,2026-07-21 17:25:42.041067
UNSEEN_PAY_005061,UNSEEN_CUST_00981,39754.12,upi,successful,,,2,2026-06-27 05:56:42.041067
UNSEEN_PAY_005062,UNSEEN_CUST_01137,8605.26,upi,successful,,,1,2026-07-04 21:10:42.041067
UNSEEN_PAY_005063,UNSEEN_CUST_00367,20553.54,upi,successful,,,1,2026-06-15 05:45:42.041067
UNSEEN_PAY_005064,UNSEEN_CUST_00949,9634.6,card,successful,,,1,2026-08-04 05:58:42.041067
UNSEEN_PAY_005065,UNSEEN_CUST_01704,2678.94,card,successful,,,1,2026-06-26 04:55:42.042074
UNSEEN_PAY_005066,UNSEEN_CUST_01420,2929.65,upi,successful,,,1,2026-08-10 11:15:42.042074
UNSEEN_PAY_005067,UNSEEN_CUST_01118,47151.08,netbanking,failed,BANK_TEMPORARY_ERROR,temporary_bank_failure,1,2026-07-01 04:14:42.042074
UNSEEN_PAY_005068,UNSEEN_CUST_01102,17758.02,netbanking,successful,,,1,2026-07-11 01:13:42.042074
UNSEEN_PAY_005069,UNSEEN_CUST_01855,14665.64,upi,successful,,,1,2026-07-06 12:08:42.042074
UNSEEN_PAY_005070,UNSEEN_CUST_00489,31259.57,netbanking,successful,,,1,2026-08-01 22:22:42.042074
UNSEEN_PAY_005071,UNSEEN_CUST_01157,44623.62,card,successful,,,2,2026-08-09 03:41:42.042074
UNSEEN_PAY_005072,UNSEEN_CUST_00215,12422.65,netbanking,successful,,,1,2026-07-19 21:10:42.042074
UNSEEN_PAY_005073,UNSEEN_CUST_01303,36204.82,upi,successful,,,1,2026-08-02 08:59:42.042074
UNSEEN_PAY_005074,UNSEEN_CUST_01010,32336.36,card,failed,NETWORK_TIMEOUT,timeout,1,2026-07-07 00:21:42.042074
UNSEEN_PAY_005075,UNSEEN_CUST_00020,6726.88,upi,successful,,,1,2026-08-12 09:56:42.042074
UNSEEN_PAY_005076,UNSEEN_CUST_00585,19093.19,upi,successful,,,1,2026-07-24 10:59:42.042074
UNSEEN_PAY_005077,UNSEEN_CUST_00373,31182.04,upi,successful,,,1,2026-08-20 08:21:42.042074
UNSEEN_PAY_005078,UNSEEN_CUST_00524,3850.07,card,failed,BANK_TEMPORARY_ERROR,temporary_bank_failure,1,2026-07-20 23:55:42.042074
UNSEEN_PAY_005079,UNSEEN_CUST_01069,15257.02,upi,successful,,,1,2026-07-06 05:49:42.042074
UNSEEN_PAY_005080,UNSEEN_CUST_00936,42671.76,card,successful,,,1,2026-08-12 11:05:42.042074
UNSEEN_PAY_005081,UNSEEN_CUST_00364,39798.33,upi,successful,,,1,2026-07-25 00:09:42.042074
UNSEEN_PAY_005082,UNSEEN_CUST_01002,38127.84,card,successful,,,1,2026-08-20 02:15:42.042074
UNSEEN_PAY_005083,UNSEEN_CUST_00871,82163.54,netbanking,successful,,,1,2026-06-11 22:25:42.042074
UNSEEN_PAY_005084,UNSEEN_CUST_00712,16017.14,upi,successful,,,1,2026-05-30 23:05:42.042074
UNSEEN_PAY_005085,UNSEEN_CUST_01572,15216.09,upi,successful,,,1,2026-05-31 18:47:42.042074
UNSEEN_PAY_005086,UNSEEN_CUST_01431,16932.56,upi,successful,,,1,2026-08-23 07:55:42.042074
UNSEEN_PAY_005087,UNSEEN_CUST_01850,19426.89,upi,successful,,,1,2026-07-12 02:26:42.042074
UNSEEN_PAY_005088,UNSEEN_CUST_00511,29280.3,upi,successful,,,1,2026-07-04 05:40:42.042074
UNSEEN_PAY_005089,UNSEEN_CUST_01864,25874.13,upi,failed,BANK_SERVICE_UNAVAILABLE,temporary_bank_failure,1,2026-07-21 00:51:42.042074
UNSEEN_PAY_005090,UNSEEN_CUST_01777,63615.77,upi,successful,,,1,2026-06-09 08:32:42.043078
UNSEEN_PAY_005091,UNSEEN_CUST_00864,48733.29,card,failed,CARD_EXPIRED,expired_instrument,2,2026-06-21 10:08:42.043078
UNSEEN_PAY_005092,UNSEEN_CUST_00742,41579.82,card,successful,,,1,2026-08-13 00:22:42.043078
UNSEEN_PAY_005093,UNSEEN_CUST_01580,48181.62,card,successful,,,2,2026-08-21 09:11:42.043078
UNSEEN_PAY_005094,UNSEEN_CUST_00851,27213.81,upi,successful,,,1,2026-05-28 08:58:42.043078
UNSEEN_PAY_005095,UNSEEN_CUST_00388,47820.17,card,successful,,,1,2026-06-27 01:34:42.043078
UNSEEN_PAY_005096,UNSEEN_CUST_01427,13910.69,upi,failed,POLICY_DECLINED,risk_decline,1,2026-06-26 23:50:42.043078
UNSEEN_PAY_005097,UNSEEN_CUST_01291,2032.41,card,successful,,,1,2026-06-18 15:55:42.043078
UNSEEN_PAY_005098,UNSEEN_CUST_00836,7455.88,upi,failed,BANK_TEMPORARY_ERROR,temporary_bank_failure,1,2026-06-28 17:55:42.043078
UNSEEN_PAY_005099,UNSEEN_CUST_00150,33806.87,card,successful,,,1,2026-07-18 09:36:42.043078
UNSEEN_PAY_005100,UNSEEN_CUST_00365,7071.63,upi,successful,,,1,2026-07-04 00:08:42.043078
UNSEEN_PAY_005101,UNSEEN_CUST_00653,36229.79,upi,successful,,,1,2026-07-11 14:20:42.043078
UNSEEN_PAY_005102,UNSEEN_CUST_01556,9582.33,upi,failed,INSUFFICIENT_BALANCE,insufficient_funds,1,2026-07-28 11:34:42.043078
UNSEEN_PAY_005103,UNSEEN_CUST_00824,3648.38,netbanking,failed,NETWORK_TIMEOUT,timeout,2,2026-07-01 23:25:42.043078
UNSEEN_PAY_005104,UNSEEN_CUST_00268,51640.56,card,successful,,,1,2026-06-19 19:27:42.043078
UNSEEN_PAY_005105,UNSEEN_CUST_00274,15508.44,card,failed,UNSPECIFIED_DECLINE,temporary_bank_failure,1,2026-07-10 12:12:42.043078
UNSEEN_PAY_005106,UNSEEN_CUST_00975,16443.68,upi,successful,,,1,2026-07-27 04:23:42.043078
UNSEEN_PAY_005107,UNSEEN_CUST_00547,4595.18,upi,failed,PROCESSING_TIMEOUT,timeout,1,2026-08-03 17:08:42.043078
UNSEEN_PAY_005108,UNSEEN_CUST_00650,9378.43,upi,successful,,,1,2026-07-13 17:40:42.043078
UNSEEN_PAY_005109,UNSEEN_CUST_00121,40372.72,upi,successful,,,1,2026-06-26 03:10:42.043078
UNSEEN_PAY_005110,UNSEEN_CUST_01427,15138.69,upi,successful,,,1,2026-06-05 04:55:42.043078
UNSEEN_PAY_005111,UNSEEN_CUST_01801,7467.1,upi,successful,,,1,2026-08-08 20:02:42.044069
UNSEEN_PAY_005112,UNSEEN_CUST_01611,25796.87,upi,successful,,,1,2026-06-26 03:00:42.044069
UNSEEN_PAY_005113,UNSEEN_CUST_01184,39228.14,upi,successful,,,1,2026-06-30 00:18:42.044069
UNSEEN_PAY_005114,UNSEEN_CUST_01087,34085.28,upi,successful,,,1,2026-06-09 21:34:42.044069
UNSEEN_PAY_005115,UNSEEN_CUST_01551,18441.04,upi,successful,,,1,2026-08-18 21:37:42.044069
UNSEEN_PAY_005116,UNSEEN_CUST_00427,42171.08,upi,successful,,,1,2026-07-13 05:24:42.044069
UNSEEN_PAY_005117,UNSEEN_CUST_01433,19333.9,card,failed,AUTHENTICATION_FAILED,authentication_failed,1,2026-07-27 14:43:42.044069
UNSEEN_PAY_005118,UNSEEN_CUST_00800,27303.45,netbanking,successful,,,1,2026-07-15 17:14:42.044069
UNSEEN_PAY_005119,UNSEEN_CUST_00408,5545.09,netbanking,successful,,,1,2026-06-05 23:20:42.044069
UNSEEN_PAY_005120,UNSEEN_CUST_01546,9222.62,upi,successful,,,1,2026-07-27 14:52:42.044069
UNSEEN_PAY_005121,UNSEEN_CUST_00175,8046.87,upi,failed,NETWORK_TIMEOUT,timeout,2,2026-05-29 05:37:42.044069
UNSEEN_PAY_005122,UNSEEN_CUST_01877,24857.67,upi,successful,,,1,2026-06-03 07:03:42.044069
UNSEEN_PAY_005123,UNSEEN_CUST_01004,3360.57,netbanking,successful,,,1,2026-07-03 11:17:42.044069
UNSEEN_PAY_005124,UNSEEN_CUST_00326,6984.42,upi,successful,,,1,2026-08-21 13:55:42.044069
UNSEEN_PAY_005125,UNSEEN_CUST_01309,24493.16,netbanking,successful,,,1,2026-05-30 20:07:42.044069
UNSEEN_PAY_005126,UNSEEN_CUST_01921,48406.48,upi,failed,FUNDS_NOT_AVAILABLE,insufficient_funds,1,2026-07-15 21:38:42.044069
UNSEEN_PAY_005127,UNSEEN_CUST_01411,45077.8,netbanking,successful,,,2,2026-06-09 18:42:42.044069
UNSEEN_PAY_005128,UNSEEN_CUST_01211,11328.69,netbanking,successful,,,3,2026-07-05 22:06:42.044069
UNSEEN_PAY_005129,UNSEEN_CUST_00298,34840.25,netbanking,failed,,insufficient_funds,1,2026-06-30 12:27:42.044069
UNSEEN_PAY_005130,UNSEEN_CUST_00070,41548.41,card,successful,,,1,2026-08-26 10:21:42.044069
UNSEEN_PAY_005131,UNSEEN_CUST_01290,16078.45,netbanking,successful,,,2,2026-06-10 15:01:42.044069
UNSEEN_PAY_005132,UNSEEN_CUST_00249,28766.63,upi,successful,,,1,2026-07-19 05:53:42.044069
UNSEEN_PAY_005133,UNSEEN_CUST_01417,13653.32,upi,successful,,,1,2026-06-08 04:08:42.044069
UNSEEN_PAY_005134,UNSEEN_CUST_00877,39070.98,card,failed,RISK_DECLINED,risk_decline,1,2026-06-23 00:19:42.044069
UNSEEN_PAY_005135,UNSEEN_CUST_00898,36379.02,card,successful,,,1,2026-07-31 05:26:42.045075
UNSEEN_PAY_005136,UNSEEN_CUST_00801,49303.44,netbanking,successful,,,2,2026-07-07 06:58:42.045075
UNSEEN_PAY_005137,UNSEEN_CUST_01028,1022.21,upi,failed,BANK_TEMPORARY_ERROR,temporary_bank_failure,1,2026-06-27 21:30:42.045075
UNSEEN_PAY_005138,UNSEEN_CUST_01577,8706.46,card,successful,,,1,2026-06-03 22:02:42.045075
UNSEEN_PAY_005139,UNSEEN_CUST_00685,13408.33,card,successful,,,1,2026-06-25 10:25:42.045075
UNSEEN_PAY_005140,UNSEEN_CUST_01590,14116.77,upi,successful,,,1,2026-08-14 11:35:42.045075
UNSEEN_PAY_005141,UNSEEN_CUST_00566,27723.52,card,successful,,,1,2026-06-09 07:20:42.045075
UNSEEN_PAY_005142,UNSEEN_CUST_01174,2509.56,upi,failed,FUNDS_NOT_AVAILABLE,insufficient_funds,1,2026-07-12 06:27:42.045075
UNSEEN_PAY_005143,UNSEEN_CUST_01885,34030.33,card,successful,,,1,2026-06-11 08:36:42.045075
UNSEEN_PAY_005144,UNSEEN_CUST_00891,12082.9,upi,successful,,,3,2026-08-24 18:04:42.045075
UNSEEN_PAY_005145,UNSEEN_CUST_01699,44937.24,upi,successful,,,3,2026-06-13 06:14:42.045075
UNSEEN_PAY_005146,UNSEEN_CUST_01734,26282.66,upi,successful,,,1,2026-07-17 14:18:42.045075
UNSEEN_PAY_005147,UNSEEN_CUST_01874,48771.28,card,failed,CARD_EXPIRED,expired_instrument,1,2026-06-22 01:55:42.045075
UNSEEN_PAY_005148,UNSEEN_CUST_01934,28499.43,card,successful,,,1,2026-06-21 05:43:42.045075
UNSEEN_PAY_005149,UNSEEN_CUST_01104,39800.66,card,successful,,,1,2026-08-12 00:27:42.045075
UNSEEN_PAY_005150,UNSEEN_CUST_00888,29780.44,card,successful,,,1,2026-06-27 13:13:42.045075
UNSEEN_PAY_005151,UNSEEN_CUST_01516,47996.5,upi,failed,CUSTOMER_AUTH_FAILED,authentication_failed,1,2026-08-23 18:54:42.045075
UNSEEN_PAY_005152,UNSEEN_CUST_01744,13817.99,upi,successful,,,1,2026-08-17 19:14:42.045075
UNSEEN_PAY_005153,UNSEEN_CUST_00289,18560.84,card,successful,,,1,2026-07-28 03:24:42.045075
UNSEEN_PAY_005154,UNSEEN_CUST_01928,40332.48,netbanking,successful,,,1,2026-06-24 00:56:42.045075
UNSEEN_PAY_005155,UNSEEN_CUST_00247,12808.49,card,failed,NETWORK_TIMEOUT,timeout,1,2026-06-14 02:23:42.045075
UNSEEN_PAY_005156,UNSEEN_CUST_00862,3629.67,netbanking,successful,,,1,2026-07-18 06:33:42.045075
UNSEEN_PAY_005157,UNSEEN_CUST_00490,47008.91,upi,failed,LIMIT_EXCEEDED,limit_exceeded,1,2026-07-29 09:07:42.045075
UNSEEN_PAY_005158,UNSEEN_CUST_01872,44823.5,netbanking,successful,,,1,2026-08-14 04:01:42.046071
UNSEEN_PAY_005159,UNSEEN_CUST_00264,28102.49,upi,failed,CARD_EXPIRED,expired_instrument,2,2026-08-17 17:28:42.046071
UNSEEN_PAY_005160,UNSEEN_CUST_00542,2812.65,card,successful,,,1,2026-06-08 13:41:42.046071
UNSEEN_PAY_005161,UNSEEN_CUST_01795,36769.24,card,successful,,,1,2026-07-17 03:03:42.046071
UNSEEN_PAY_005162,UNSEEN_CUST_01896,32287.09,card,successful,,,1,2026-06-15 01:34:42.046071
UNSEEN_PAY_005163,UNSEEN_CUST_01056,15459.72,card,successful,,,1,2026-06-06 17:30:42.046071
UNSEEN_PAY_005164,UNSEEN_CUST_00388,22692.97,card,successful,,,1,2026-07-06 07:40:42.046071
UNSEEN_PAY_005165,UNSEEN_CUST_01692,37499.77,netbanking,successful,,,2,2026-06-29 14:36:42.046071
UNSEEN_PAY_005166,UNSEEN_CUST_00342,521.72,card,failed,BANK_SERVICE_UNAVAILABLE,temporary_bank_failure,1,2026-08-08 12:47:42.046071
UNSEEN_PAY_005167,UNSEEN_CUST_01608,31780.0,card,successful,,,1,2026-07-26 04:45:42.046071
UNSEEN_PAY_005168,UNSEEN_CUST_01577,30739.28,upi,successful,,,1,2026-08-15 09:59:42.046071
UNSEEN_PAY_005169,UNSEEN_CUST_01834,39236.17,card,failed,NETWORK_TIMEOUT,timeout,1,2026-07-05 06:23:42.046071
UNSEEN_PAY_005170,UNSEEN_CUST_01589,48695.59,card,successful,,,1,2026-07-24 03:54:42.046071
UNSEEN_PAY_005171,UNSEEN_CUST_00563,10198.87,card,successful,,,1,2026-08-05 22:23:42.046071
UNSEEN_PAY_005172,UNSEEN_CUST_00381,9143.61,upi,successful,,,1,2026-06-21 15:50:42.046071
UNSEEN_PAY_005173,UNSEEN_CUST_00155,8165.43,upi,successful,,,1,2026-07-10 15:05:42.046071
UNSEEN_PAY_005174,UNSEEN_CUST_01993,9062.23,upi,successful,,,1,2026-07-27 06:00:42.046071
UNSEEN_PAY_005175,UNSEEN_CUST_01100,28716.33,upi,successful,,,1,2026-08-24 03:36:42.046071
UNSEEN_PAY_005176,UNSEEN_CUST_01585,25427.08,upi,successful,,,1,2026-07-22 13:34:42.046071
UNSEEN_PAY_005177,UNSEEN_CUST_00359,3947.46,upi,successful,,,1,2026-07-21 16:55:42.046071
UNSEEN_PAY_005178,UNSEEN_CUST_00121,26542.95,upi,failed,INSTRUMENT_EXPIRED,expired_instrument,2,2026-08-18 21:41:42.046986
UNSEEN_PAY_005179,UNSEEN_CUST_01103,9681.13,upi,successful,,,1,2026-07-05 23:38:42.046986
UNSEEN_PAY_005180,UNSEEN_CUST_01302,1848.26,netbanking,successful,,,1,2026-08-23 15:03:42.046986
UNSEEN_PAY_005181,UNSEEN_CUST_00165,19097.08,card,successful,,,1,2026-07-08 18:05:42.046986
UNSEEN_PAY_005182,UNSEEN_CUST_01215,47069.31,upi,failed,RISK_DECLINED,risk_decline,1,2026-07-28 04:16:42.046986
UNSEEN_PAY_005183,UNSEEN_CUST_01620,13438.16,card,successful,,,1,2026-07-23 15:57:42.046986
UNSEEN_PAY_005184,UNSEEN_CUST_01692,77515.33,netbanking,successful,,,1,2026-07-27 00:31:42.046986
UNSEEN_PAY_005185,UNSEEN_CUST_01066,48030.9,upi,successful,,,1,2026-06-11 14:26:42.046986
UNSEEN_PAY_005186,UNSEEN_CUST_00378,32627.66,netbanking,successful,,,1,2026-08-18 09:27:42.046986
UNSEEN_PAY_005187,UNSEEN_CUST_01021,11447.95,netbanking,failed,FUNDS_NOT_AVAILABLE,insufficient_funds,1,2026-08-11 22:45:42.046986
UNSEEN_PAY_005188,UNSEEN_CUST_01410,26946.35,upi,successful,,,1,2026-08-26 14:57:42.046986
UNSEEN_PAY_005189,UNSEEN_CUST_00104,46544.56,upi,successful,,,1,2026-08-09 11:40:42.046986
UNSEEN_PAY_005190,UNSEEN_CUST_00568,16018.4,netbanking,failed,BANK_SERVICE_UNAVAILABLE,temporary_bank_failure,1,2026-06-24 23:27:42.046986
UNSEEN_PAY_005191,UNSEEN_CUST_01595,2062.27,upi,successful,,,1,2026-06-29 05:06:42.046986
UNSEEN_PAY_005192,UNSEEN_CUST_00285,34484.4,upi,successful,,,1,2026-07-03 16:27:42.046986
UNSEEN_PAY_005193,UNSEEN_CUST_00134,46188.8,upi,successful,,,1,2026-07-19 02:23:42.046986
UNSEEN_PAY_005194,UNSEEN_CUST_01488,10384.45,card,successful,,,1,2026-07-02 18:38:42.046986
UNSEEN_PAY_005195,UNSEEN_CUST_00618,15858.99,upi,failed,NETWORK_TIMEOUT,timeout,1,2026-07-05 18:38:42.046986
UNSEEN_PAY_005196,UNSEEN_CUST_01990,41188.05,netbanking,successful,,,1,2026-07-15 09:57:42.046986
UNSEEN_PAY_005197,UNSEEN_CUST_00877,6509.44,card,successful,,,1,2026-08-13 14:48:42.046986
UNSEEN_PAY_005198,UNSEEN_CUST_00108,35865.58,card,successful,,,1,2026-07-21 13:15:42.046986
UNSEEN_PAY_005199,UNSEEN_CUST_01842,11408.08,upi,successful,,,1,2026-08-07 15:42:42.046986
UNSEEN_PAY_005200,UNSEEN_CUST_01370,2420.65,netbanking,successful,,,1,2026-07-05 18:43:42.046986
UNSEEN_PAY_005201,UNSEEN_CUST_01286,39561.48,upi,successful,,,1,2026-06-22 16:28:42.046986
UNSEEN_PAY_005202,UNSEEN_CUST_00118,25457.04,card,successful,,,1,2026-06-18 16:52:42.047986
UNSEEN_PAY_005203,UNSEEN_CUST_00903,53775.69,upi,failed,BANK_SERVICE_UNAVAILABLE,temporary_bank_failure,1,2026-06-18 10:24:42.047986
UNSEEN_PAY_005204,UNSEEN_CUST_01883,32317.41,upi,successful,,,1,2026-07-23 19:40:42.047986
UNSEEN_PAY_005205,UNSEEN_CUST_00622,64331.61,upi,successful,,,1,2026-07-19 09:05:42.047986
UNSEEN_PAY_005206,UNSEEN_CUST_00883,16915.61,upi,successful,,,1,2026-07-14 11:25:42.047986
UNSEEN_PAY_005207,UNSEEN_CUST_01091,90370.27,upi,successful,,,1,2026-05-30 20:26:42.047986
UNSEEN_PAY_005208,UNSEEN_CUST_01392,6638.81,card,successful,,,1,2026-06-10 13:33:42.047986
UNSEEN_PAY_005209,UNSEEN_CUST_01150,38738.62,upi,successful,,,1,2026-06-27 09:42:42.047986
UNSEEN_PAY_005210,UNSEEN_CUST_01101,26718.49,netbanking,successful,,,2,2026-07-09 15:01:42.047986
UNSEEN_PAY_005211,UNSEEN_CUST_00834,44517.53,upi,successful,,,1,2026-07-01 01:55:42.047986
UNSEEN_PAY_005212,UNSEEN_CUST_00475,6630.59,upi,failed,UNKNOWN_ERROR,unknown_failure,1,2026-06-21 20:06:42.047986
UNSEEN_PAY_005213,UNSEEN_CUST_00087,15200.44,upi,successful,,,1,2026-06-14 18:18:42.047986
UNSEEN_PAY_005214,UNSEEN_CUST_01480,29829.57,card,successful,,,1,2026-07-10 14:14:42.047986
UNSEEN_PAY_005215,UNSEEN_CUST_00260,42354.77,upi,successful,,,2,2026-07-19 15:14:42.047986
UNSEEN_PAY_005216,UNSEEN_CUST_01146,5417.49,upi,successful,,,1,2026-05-29 05:14:42.047986
UNSEEN_PAY_005217,UNSEEN_CUST_00190,29269.19,upi,successful,,,1,2026-07-15 22:40:42.047986
UNSEEN_PAY_005218,UNSEEN_CUST_00734,15681.99,card,failed,FUNDS_NOT_AVAILABLE,insufficient_funds,1,2026-07-03 23:16:42.047986
UNSEEN_PAY_005219,UNSEEN_CUST_00104,36888.64,netbanking,successful,,,1,2026-08-15 23:28:42.047986
UNSEEN_PAY_005220,UNSEEN_CUST_01635,46186.11,upi,failed,CARD_BLOCKED,blocked_instrument,1,2026-08-16 10:30:42.047986
UNSEEN_PAY_005221,UNSEEN_CUST_00024,48233.16,upi,failed,,timeout,1,2026-06-11 02:19:42.047986
UNSEEN_PAY_005222,UNSEEN_CUST_00232,20216.78,card,successful,,,1,2026-06-26 03:41:42.047986
UNSEEN_PAY_005223,UNSEEN_CUST_01047,14765.32,upi,successful,,,1,2026-06-23 21:32:42.047986
UNSEEN_PAY_005224,UNSEEN_CUST_01740,19976.65,netbanking,successful,,,1,2026-07-02 01:15:42.047986
UNSEEN_PAY_005225,UNSEEN_CUST_01875,29961.71,card,successful,,,1,2026-05-30 03:11:42.048986
UNSEEN_PAY_005226,UNSEEN_CUST_00904,34230.54,card,successful,,,1,2026-07-17 08:44:42.048986
UNSEEN_PAY_005227,UNSEEN_CUST_00910,5979.89,card,failed,UNSPECIFIED_DECLINE,authentication_failed,1,2026-06-21 19:58:42.048986
UNSEEN_PAY_005228,UNSEEN_CUST_00405,57187.32,card,successful,,,1,2026-05-28 16:18:42.048986
UNSEEN_PAY_005229,UNSEEN_CUST_00797,19615.15,card,failed,POLICY_DECLINED,risk_decline,1,2026-07-11 16:05:42.048986
UNSEEN_PAY_005230,UNSEEN_CUST_01339,48131.27,upi,successful,,,1,2026-08-20 06:42:42.048986
UNSEEN_PAY_005231,UNSEEN_CUST_01553,43638.66,netbanking,successful,,,1,2026-06-11 12:21:42.048986
UNSEEN_PAY_005232,UNSEEN_CUST_01812,35188.04,upi,successful,,,2,2026-07-16 01:28:42.048986
UNSEEN_PAY_005233,UNSEEN_CUST_00651,29472.06,card,successful,,,1,2026-08-17 04:20:42.048986
UNSEEN_PAY_005234,UNSEEN_CUST_01965,25273.3,card,successful,,,1,2026-05-28 08:40:42.048986
UNSEEN_PAY_005235,UNSEEN_CUST_01271,29214.64,card,successful,,,1,2026-07-15 06:55:42.048986
UNSEEN_PAY_005236,UNSEEN_CUST_00574,21406.79,upi,successful,,,1,2026-06-22 03:24:42.048986
UNSEEN_PAY_005237,UNSEEN_CUST_00950,18595.66,upi,successful,,,1,2026-07-18 13:48:42.048986
UNSEEN_PAY_005238,UNSEEN_CUST_01245,17555.54,upi,successful,,,1,2026-06-21 18:01:42.048986
UNSEEN_PAY_005239,UNSEEN_CUST_00464,35699.17,upi,successful,,,2,2026-08-15 05:27:42.048986
UNSEEN_PAY_005240,UNSEEN_CUST_01117,8268.38,upi,successful,,,1,2026-06-17 20:25:42.048986
UNSEEN_PAY_005241,UNSEEN_CUST_00389,27530.06,upi,successful,,,1,2026-08-18 06:19:42.048986
UNSEEN_PAY_005242,UNSEEN_CUST_00035,28136.97,upi,successful,,,1,2026-06-19 20:41:42.048986
UNSEEN_PAY_005243,UNSEEN_CUST_00210,12794.44,card,successful,,,1,2026-06-28 05:01:42.048986
UNSEEN_PAY_005244,UNSEEN_CUST_01846,28211.51,card,successful,,,1,2026-07-05 09:18:42.048986
UNSEEN_PAY_005245,UNSEEN_CUST_01283,40029.24,netbanking,successful,,,1,2026-06-30 14:31:42.048986
UNSEEN_PAY_005246,UNSEEN_CUST_00495,32006.35,upi,failed,CUSTOMER_AUTH_FAILED,authentication_failed,1,2026-08-14 02:57:42.048986
UNSEEN_PAY_005247,UNSEEN_CUST_00207,94351.46,card,successful,,,1,2026-07-13 21:05:42.048986
UNSEEN_PAY_005248,UNSEEN_CUST_01215,24785.58,card,successful,,,1,2026-08-17 05:44:42.048986
UNSEEN_PAY_005249,UNSEEN_CUST_01378,11071.17,netbanking,successful,,,2,2026-07-23 19:19:42.048986
UNSEEN_PAY_005250,UNSEEN_CUST_01738,1144.6,netbanking,successful,,,1,2026-06-30 07:27:42.050071
UNSEEN_PAY_005251,UNSEEN_CUST_01023,4430.25,upi,successful,,,1,2026-07-10 05:23:42.050071
UNSEEN_PAY_005252,UNSEEN_CUST_01734,72677.52,upi,successful,,,1,2026-08-03 17:18:42.050071
UNSEEN_PAY_005253,UNSEEN_CUST_00925,31717.55,upi,failed,INSUFFICIENT_BALANCE,insufficient_funds,1,2026-06-24 12:46:42.050071
UNSEEN_PAY_005254,UNSEEN_CUST_01804,17372.89,upi,successful,,,1,2026-06-14 08:52:42.050071
UNSEEN_PAY_005255,UNSEEN_CUST_00280,1339.62,upi,successful,,,1,2026-07-03 16:55:42.050071
UNSEEN_PAY_005256,UNSEEN_CUST_01027,18450.99,netbanking,failed,UNSPECIFIED_DECLINE,insufficient_funds,1,2026-08-17 10:58:42.050071
UNSEEN_PAY_005257,UNSEEN_CUST_00677,27538.9,upi,successful,,,1,2026-06-17 23:12:42.050071
UNSEEN_PAY_005258,UNSEEN_CUST_01350,26478.37,card,successful,,,1,2026-07-28 06:37:42.050071
UNSEEN_PAY_005259,UNSEEN_CUST_00657,5119.37,card,successful,,,1,2026-07-25 18:50:42.050071
UNSEEN_PAY_005260,UNSEEN_CUST_01610,16718.33,upi,successful,,,1,2026-08-21 13:39:42.050071
UNSEEN_PAY_005261,UNSEEN_CUST_01064,21830.44,upi,failed,INSTRUMENT_BLOCKED,blocked_instrument,1,2026-06-18 09:34:42.050071
UNSEEN_PAY_005262,UNSEEN_CUST_00398,29999.22,upi,successful,,,1,2026-07-01 00:28:42.050071
UNSEEN_PAY_005263,UNSEEN_CUST_01399,17416.6,upi,successful,,,1,2026-08-02 05:43:42.050071
UNSEEN_PAY_005264,UNSEEN_CUST_00668,43848.61,card,successful,,,2,2026-07-09 11:37:42.050071
UNSEEN_PAY_005265,UNSEEN_CUST_01882,6219.57,card,successful,,,1,2026-06-28 15:46:42.050071
UNSEEN_PAY_005266,UNSEEN_CUST_01761,42678.99,card,successful,,,2,2026-06-26 04:02:42.050071
UNSEEN_PAY_005267,UNSEEN_CUST_01627,38414.85,card,successful,,,1,2026-06-06 03:14:42.050993
UNSEEN_PAY_005268,UNSEEN_CUST_01127,88553.8,upi,successful,,,1,2026-06-25 11:22:42.050993
UNSEEN_PAY_005269,UNSEEN_CUST_00743,35746.44,upi,failed,INSUFFICIENT_BALANCE,insufficient_funds,1,2026-08-01 20:47:42.050993
UNSEEN_PAY_005270,UNSEEN_CUST_00813,24848.46,upi,failed,TRANSACTION_LIMIT_EXCEEDED,limit_exceeded,1,2026-07-15 13:14:42.050993
UNSEEN_PAY_005271,UNSEEN_CUST_00470,48276.87,upi,successful,,,1,2026-06-10 19:38:42.050993
UNSEEN_PAY_005272,UNSEEN_CUST_01495,40983.93,upi,failed,AUTHENTICATION_FAILED,authentication_failed,1,2026-07-30 08:54:42.050993
UNSEEN_PAY_005273,UNSEEN_CUST_01227,20776.61,upi,successful,,,1,2026-08-10 18:28:42.050993
UNSEEN_PAY_005274,UNSEEN_CUST_01775,44567.33,upi,failed,CARD_EXPIRED,expired_instrument,1,2026-06-16 11:33:42.051996
UNSEEN_PAY_005275,UNSEEN_CUST_00748,10053.35,upi,failed,AUTHENTICATION_FAILED,authentication_failed,2,2026-07-30 17:48:42.051996
UNSEEN_PAY_005276,UNSEEN_CUST_01097,33036.26,card,successful,,,1,2026-06-30 12:41:42.051996
UNSEEN_PAY_005277,UNSEEN_CUST_01883,35129.64,upi,successful,,,1,2026-07-31 07:19:42.051996
UNSEEN_PAY_005278,UNSEEN_CUST_00733,23053.72,netbanking,successful,,,1,2026-08-01 03:04:42.051996
UNSEEN_PAY_005279,UNSEEN_CUST_00287,3005.32,card,successful,,,1,2026-08-22 09:01:42.051996
UNSEEN_PAY_005280,UNSEEN_CUST_01084,44087.79,card,successful,,,1,2026-08-18 13:55:42.051996
UNSEEN_PAY_005281,UNSEEN_CUST_01366,25812.59,card,successful,,,1,2026-07-19 12:16:42.051996
UNSEEN_PAY_005282,UNSEEN_CUST_00777,41661.78,card,successful,,,1,2026-06-06 18:25:42.051996
UNSEEN_PAY_005283,UNSEEN_CUST_01424,23331.86,upi,successful,,,1,2026-08-01 03:13:42.051996
UNSEEN_PAY_005284,UNSEEN_CUST_00099,11784.0,upi,successful,,,1,2026-08-16 14:20:42.051996
UNSEEN_PAY_005285,UNSEEN_CUST_00757,15741.05,upi,failed,BANK_SERVICE_UNAVAILABLE,temporary_bank_failure,1,2026-07-15 01:00:42.051996
UNSEEN_PAY_005286,UNSEEN_CUST_00263,48048.11,upi,failed,UNKNOWN_ERROR,unknown_failure,3,2026-08-14 07:56:42.051996
UNSEEN_PAY_005287,UNSEEN_CUST_01706,20160.22,upi,successful,,,2,2026-08-21 11:11:42.051996
UNSEEN_PAY_005288,UNSEEN_CUST_00682,27161.46,upi,successful,,,2,2026-07-26 01:45:42.051996
UNSEEN_PAY_005289,UNSEEN_CUST_00139,32690.87,upi,successful,,,1,2026-05-31 05:37:42.051996
UNSEEN_PAY_005290,UNSEEN_CUST_00825,45973.61,upi,successful,,,1,2026-06-14 22:07:42.051996
UNSEEN_PAY_005291,UNSEEN_CUST_01962,29178.54,upi,successful,,,1,2026-07-08 01:25:42.051996
UNSEEN_PAY_005292,UNSEEN_CUST_01225,56033.83,upi,successful,,,1,2026-07-15 17:26:42.051996
UNSEEN_PAY_005293,UNSEEN_CUST_00484,13423.97,card,failed,UNKNOWN_ERROR,unknown_failure,1,2026-07-13 23:04:42.051996
UNSEEN_PAY_005294,UNSEEN_CUST_01502,37277.73,card,failed,RISK_DECLINED,risk_decline,2,2026-08-13 12:22:42.051996
UNSEEN_PAY_005295,UNSEEN_CUST_01142,38561.99,netbanking,successful,,,1,2026-08-11 21:26:42.051996
UNSEEN_PAY_005296,UNSEEN_CUST_00395,16986.07,upi,successful,,,1,2026-08-01 16:11:42.051996
UNSEEN_PAY_005297,UNSEEN_CUST_01632,6522.86,upi,successful,,,1,2026-08-24 20:30:42.051996
UNSEEN_PAY_005298,UNSEEN_CUST_01643,18471.96,upi,successful,,,1,2026-07-19 13:09:42.051996
UNSEEN_PAY_005299,UNSEEN_CUST_01476,2207.79,card,successful,,,2,2026-07-12 08:35:42.053073
UNSEEN_PAY_005300,UNSEEN_CUST_00653,23221.69,card,successful,,,1,2026-07-02 15:54:42.053073
UNSEEN_PAY_005301,UNSEEN_CUST_01860,36757.09,card,failed,CARD_EXPIRED,expired_instrument,1,2026-08-26 01:30:42.053073
UNSEEN_PAY_005302,UNSEEN_CUST_01588,47504.78,upi,successful,,,1,2026-08-08 23:58:42.053073
UNSEEN_PAY_005303,UNSEEN_CUST_00358,1100.99,netbanking,successful,,,1,2026-07-21 01:01:42.053073
UNSEEN_PAY_005304,UNSEEN_CUST_00878,27284.75,card,successful,,,1,2026-07-01 10:47:42.053073
UNSEEN_PAY_005305,UNSEEN_CUST_00809,35659.32,upi,successful,,,1,2026-08-13 15:33:42.053073
UNSEEN_PAY_005306,UNSEEN_CUST_00521,11831.64,upi,successful,,,1,2026-06-17 05:16:42.053073
UNSEEN_PAY_005307,UNSEEN_CUST_00760,44494.08,upi,successful,,,1,2026-07-16 08:41:42.053073
UNSEEN_PAY_005308,UNSEEN_CUST_01724,22405.9,netbanking,successful,,,1,2026-08-21 19:03:42.053073
UNSEEN_PAY_005309,UNSEEN_CUST_00906,89756.48,netbanking,successful,,,1,2026-07-20 02:32:42.053073
UNSEEN_PAY_005310,UNSEEN_CUST_01153,19719.74,upi,successful,,,1,2026-06-24 22:00:42.053073
UNSEEN_PAY_005311,UNSEEN_CUST_00372,21009.04,upi,successful,,,2,2026-06-04 14:55:42.053073
UNSEEN_PAY_005312,UNSEEN_CUST_00562,33101.2,upi,successful,,,1,2026-06-21 02:22:42.053073
UNSEEN_PAY_005313,UNSEEN_CUST_00478,27138.73,card,successful,,,2,2026-07-19 08:43:42.053073
UNSEEN_PAY_005314,UNSEEN_CUST_00316,4770.81,upi,successful,,,1,2026-07-22 01:27:42.053073
UNSEEN_PAY_005315,UNSEEN_CUST_00398,34892.83,upi,successful,,,1,2026-08-18 03:51:42.053073
UNSEEN_PAY_005316,UNSEEN_CUST_00319,26253.94,upi,successful,,,1,2026-06-09 02:46:42.053073
UNSEEN_PAY_005317,UNSEEN_CUST_01729,9278.93,card,successful,,,1,2026-07-02 03:31:42.053073
UNSEEN_PAY_005318,UNSEEN_CUST_01245,21023.51,card,successful,,,1,2026-07-27 17:48:42.053073
UNSEEN_PAY_005319,UNSEEN_CUST_01320,45686.72,upi,successful,,,1,2026-06-03 02:06:42.053073
UNSEEN_PAY_005320,UNSEEN_CUST_00735,39377.64,card,failed,FUNDS_NOT_AVAILABLE,insufficient_funds,1,2026-07-28 04:38:42.053073
UNSEEN_PAY_005321,UNSEEN_CUST_01836,32637.0,upi,successful,,,1,2026-07-01 18:25:42.053073
UNSEEN_PAY_005322,UNSEEN_CUST_00767,29363.54,upi,successful,,,1,2026-08-24 07:36:42.053073
UNSEEN_PAY_005323,UNSEEN_CUST_00223,36616.47,upi,successful,,,1,2026-06-16 18:41:42.053073
UNSEEN_PAY_005324,UNSEEN_CUST_00485,21960.82,upi,successful,,,1,2026-07-15 16:50:42.054066
UNSEEN_PAY_005325,UNSEEN_CUST_01439,45183.64,upi,successful,,,1,2026-07-09 01:31:42.054066
UNSEEN_PAY_005326,UNSEEN_CUST_01125,40573.52,upi,failed,FUNDS_NOT_AVAILABLE,insufficient_funds,1,2026-07-20 16:26:42.054066
UNSEEN_PAY_005327,UNSEEN_CUST_01504,19246.36,card,successful,,,1,2026-08-05 14:46:42.054066
UNSEEN_PAY_005328,UNSEEN_CUST_00096,16133.43,card,failed,INSUFFICIENT_BALANCE,insufficient_funds,1,2026-07-04 15:15:42.054066
UNSEEN_PAY_005329,UNSEEN_CUST_01579,3560.13,card,successful,,,1,2026-07-07 12:27:42.054066
UNSEEN_PAY_005330,UNSEEN_CUST_01113,21274.86,card,successful,,,2,2026-08-19 05:21:42.054066
UNSEEN_PAY_005331,UNSEEN_CUST_01717,35423.83,upi,successful,,,2,2026-07-04 07:57:42.054066
UNSEEN_PAY_005332,UNSEEN_CUST_00217,27047.85,upi,successful,,,1,2026-08-23 00:22:42.054066
UNSEEN_PAY_005333,UNSEEN_CUST_00957,49453.62,upi,successful,,,1,2026-06-03 08:19:42.054066
UNSEEN_PAY_005334,UNSEEN_CUST_01637,3205.11,netbanking,successful,,,1,2026-05-29 03:01:42.054066
UNSEEN_PAY_005335,UNSEEN_CUST_00052,9086.52,upi,failed,CUSTOMER_AUTH_FAILED,authentication_failed,2,2026-07-06 15:35:42.054066
UNSEEN_PAY_005336,UNSEEN_CUST_01685,47390.12,upi,failed,CARD_EXPIRED,expired_instrument,1,2026-06-04 09:09:42.054066
UNSEEN_PAY_005337,UNSEEN_CUST_00687,62889.79,card,successful,,,1,2026-06-21 16:32:42.054066
UNSEEN_PAY_005338,UNSEEN_CUST_00744,10230.52,upi,successful,,,1,2026-08-08 23:26:42.054066
UNSEEN_PAY_005339,UNSEEN_CUST_00381,6740.29,card,successful,,,1,2026-06-25 01:29:42.054066
UNSEEN_PAY_005340,UNSEEN_CUST_00232,9321.69,netbanking,successful,,,1,2026-07-06 12:31:42.054066
UNSEEN_PAY_005341,UNSEEN_CUST_01899,45761.02,netbanking,successful,,,2,2026-06-25 13:33:42.054066
UNSEEN_PAY_005342,UNSEEN_CUST_01544,31803.57,netbanking,successful,,,1,2026-08-16 16:25:42.054066
UNSEEN_PAY_005343,UNSEEN_CUST_01237,12852.52,card,successful,,,1,2026-07-27 00:55:42.054066
UNSEEN_PAY_005344,UNSEEN_CUST_01872,4011.5,card,successful,,,1,2026-07-11 12:09:42.054066
UNSEEN_PAY_005345,UNSEEN_CUST_01888,21939.13,upi,successful,,,1,2026-07-24 15:40:42.054066
UNSEEN_PAY_005346,UNSEEN_CUST_00840,5260.04,card,successful,,,1,2026-06-27 16:33:42.054066
UNSEEN_PAY_005347,UNSEEN_CUST_01012,17816.15,card,successful,,,2,2026-08-05 11:08:42.054066
UNSEEN_PAY_005348,UNSEEN_CUST_01331,11165.71,upi,successful,,,1,2026-08-24 01:58:42.055072
UNSEEN_PAY_005349,UNSEEN_CUST_00671,35802.17,upi,successful,,,1,2026-07-03 15:46:42.055072
UNSEEN_PAY_005350,UNSEEN_CUST_00717,1859.37,upi,successful,,,1,2026-08-23 10:09:42.055072
UNSEEN_PAY_005351,UNSEEN_CUST_01095,36087.2,card,successful,,,1,2026-08-25 14:11:42.055072
UNSEEN_PAY_005352,UNSEEN_CUST_01363,41435.4,upi,successful,,,1,2026-07-02 00:09:42.055072
UNSEEN_PAY_005353,UNSEEN_CUST_00767,32703.81,card,failed,RISK_DECLINED,risk_decline,1,2026-07-17 15:33:42.055072
UNSEEN_PAY_005354,UNSEEN_CUST_00191,23491.97,card,successful,,,1,2026-07-14 05:49:42.055072
UNSEEN_PAY_005355,UNSEEN_CUST_00587,28498.48,upi,successful,,,1,2026-05-31 04:02:42.055072
UNSEEN_PAY_005356,UNSEEN_CUST_01083,44655.81,netbanking,successful,,,2,2026-06-03 02:13:42.055072
UNSEEN_PAY_005357,UNSEEN_CUST_01186,5922.83,upi,successful,,,1,2026-06-20 09:03:42.055072
UNSEEN_PAY_005358,UNSEEN_CUST_01895,42109.47,upi,failed,CARD_BLOCKED,blocked_instrument,1,2026-06-16 17:08:42.055072
UNSEEN_PAY_005359,UNSEEN_CUST_01672,33047.81,upi,failed,INSUFFICIENT_BALANCE,insufficient_funds,1,2026-06-08 06:06:42.055072
UNSEEN_PAY_005360,UNSEEN_CUST_01294,8016.47,upi,successful,,,1,2026-06-18 14:09:42.055072
UNSEEN_PAY_005361,UNSEEN_CUST_01371,41738.03,upi,successful,,,1,2026-08-24 19:25:42.055072
UNSEEN_PAY_005362,UNSEEN_CUST_01925,86630.46,card,successful,,,1,2026-08-24 06:40:42.055072
UNSEEN_PAY_005363,UNSEEN_CUST_01019,34583.76,upi,successful,,,1,2026-06-16 14:11:42.055072
UNSEEN_PAY_005364,UNSEEN_CUST_00157,37885.98,card,successful,,,2,2026-06-30 05:30:42.055072
UNSEEN_PAY_005365,UNSEEN_CUST_01453,29065.61,netbanking,successful,,,1,2026-06-30 05:07:42.055072
UNSEEN_PAY_005366,UNSEEN_CUST_01515,3800.54,card,successful,,,1,2026-07-28 21:26:42.055072
UNSEEN_PAY_005367,UNSEEN_CUST_01349,17191.8,card,successful,,,1,2026-07-30 14:32:42.055072
UNSEEN_PAY_005368,UNSEEN_CUST_00853,14298.1,upi,successful,,,1,2026-07-23 10:40:42.055072
UNSEEN_PAY_005369,UNSEEN_CUST_00785,42831.89,upi,successful,,,1,2026-06-30 21:44:42.055072
UNSEEN_PAY_005370,UNSEEN_CUST_00076,19087.8,netbanking,successful,,,1,2026-06-26 17:31:42.055072
UNSEEN_PAY_005371,UNSEEN_CUST_00563,25810.35,netbanking,successful,,,1,2026-07-26 13:05:42.055072
UNSEEN_PAY_005372,UNSEEN_CUST_00336,57785.82,card,successful,,,1,2026-05-27 23:32:42.055072
UNSEEN_PAY_005373,UNSEEN_CUST_00071,15706.72,upi,successful,,,1,2026-06-27 06:38:42.056078
UNSEEN_PAY_005374,UNSEEN_CUST_01212,10225.67,upi,successful,,,1,2026-08-17 14:31:42.056078
UNSEEN_PAY_005375,UNSEEN_CUST_01494,22032.91,card,successful,,,1,2026-07-13 20:13:42.056078
UNSEEN_PAY_005376,UNSEEN_CUST_01967,2118.58,upi,successful,,,1,2026-08-23 21:55:42.056078
UNSEEN_PAY_005377,UNSEEN_CUST_01562,56579.87,netbanking,successful,,,1,2026-06-17 02:42:42.056078
UNSEEN_PAY_005378,UNSEEN_CUST_00968,48382.68,netbanking,successful,,,1,2026-07-08 08:08:42.056078
UNSEEN_PAY_005379,UNSEEN_CUST_00944,43511.43,upi,successful,,,1,2026-07-08 11:18:42.056078
UNSEEN_PAY_005380,UNSEEN_CUST_01241,39108.39,upi,failed,PROCESSING_TIMEOUT,timeout,1,2026-08-22 01:57:42.056078
UNSEEN_PAY_005381,UNSEEN_CUST_00956,20822.33,netbanking,successful,,,1,2026-07-08 07:39:42.056078
UNSEEN_PAY_005382,UNSEEN_CUST_01879,77157.97,card,failed,POLICY_DECLINED,risk_decline,1,2026-07-18 22:00:42.056078
UNSEEN_PAY_005383,UNSEEN_CUST_00535,17760.94,card,successful,,,1,2026-08-16 04:29:42.056078
UNSEEN_PAY_005384,UNSEEN_CUST_00270,43931.5,upi,successful,,,1,2026-08-19 09:38:42.056078
UNSEEN_PAY_005385,UNSEEN_CUST_00984,20382.89,upi,successful,,,1,2026-08-02 22:18:42.056078
UNSEEN_PAY_005386,UNSEEN_CUST_00721,49587.98,card,successful,,,1,2026-06-20 12:25:42.056078
UNSEEN_PAY_005387,UNSEEN_CUST_01900,27099.09,card,failed,AUTHENTICATION_FAILED,authentication_failed,2,2026-07-22 16:22:42.056078
UNSEEN_PAY_005388,UNSEEN_CUST_00373,25811.67,upi,failed,TRANSACTION_LIMIT_EXCEEDED,limit_exceeded,1,2026-06-23 18:59:42.056078
UNSEEN_PAY_005389,UNSEEN_CUST_00615,36608.81,upi,successful,,,1,2026-06-23 00:55:42.056078
UNSEEN_PAY_005390,UNSEEN_CUST_00149,33356.8,upi,failed,INSTRUMENT_EXPIRED,expired_instrument,1,2026-07-14 08:26:42.056078
UNSEEN_PAY_005391,UNSEEN_CUST_01752,11710.4,netbanking,successful,,,1,2026-08-17 05:24:42.056078
UNSEEN_PAY_005392,UNSEEN_CUST_01470,14274.18,upi,failed,FUNDS_NOT_AVAILABLE,insufficient_funds,3,2026-06-20 16:11:42.056078
UNSEEN_PAY_005393,UNSEEN_CUST_00254,13463.22,upi,successful,,,1,2026-06-10 17:16:42.056078
UNSEEN_PAY_005394,UNSEEN_CUST_00912,23105.26,card,successful,,,1,2026-06-06 19:37:42.056078
UNSEEN_PAY_005395,UNSEEN_CUST_01670,40628.58,upi,successful,,,1,2026-07-21 16:31:42.057072
UNSEEN_PAY_005396,UNSEEN_CUST_01684,37217.77,card,successful,,,1,2026-07-31 10:21:42.057072
UNSEEN_PAY_005397,UNSEEN_CUST_00653,5849.35,upi,successful,,,1,2026-05-29 05:00:42.057072
UNSEEN_PAY_005398,UNSEEN_CUST_00542,541.89,upi,successful,,,1,2026-07-31 05:47:42.057072
UNSEEN_PAY_005399,UNSEEN_CUST_00604,30396.16,upi,successful,,,1,2026-08-03 01:33:42.057072
UNSEEN_PAY_005400,UNSEEN_CUST_00106,25304.27,upi,successful,,,1,2026-07-18 03:22:42.057072
UNSEEN_PAY_005401,UNSEEN_CUST_00646,1030.94,upi,successful,,,1,2026-06-02 05:02:42.057072
UNSEEN_PAY_005402,UNSEEN_CUST_01732,11484.18,upi,successful,,,1,2026-06-20 16:09:42.057072
UNSEEN_PAY_005403,UNSEEN_CUST_01839,17423.8,upi,failed,BANK_SERVICE_UNAVAILABLE,temporary_bank_failure,2,2026-07-21 03:04:42.057072
UNSEEN_PAY_005404,UNSEEN_CUST_01629,15648.29,card,failed,INSUFFICIENT_BALANCE,insufficient_funds,1,2026-06-21 11:41:42.057072
UNSEEN_PAY_005405,UNSEEN_CUST_00626,62173.64,upi,successful,,,1,2026-07-13 19:15:42.057072
UNSEEN_PAY_005406,UNSEEN_CUST_01926,12432.58,upi,successful,,,1,2026-08-24 16:13:42.057072
UNSEEN_PAY_005407,UNSEEN_CUST_01881,29563.87,card,failed,BANK_SERVICE_UNAVAILABLE,temporary_bank_failure,1,2026-08-05 16:31:42.057072
UNSEEN_PAY_005408,UNSEEN_CUST_01943,41783.07,upi,successful,,,1,2026-08-22 04:32:42.057072
UNSEEN_PAY_005409,UNSEEN_CUST_01800,41505.71,upi,successful,,,2,2026-06-25 13:40:42.057072
UNSEEN_PAY_005410,UNSEEN_CUST_00368,33023.42,upi,successful,,,1,2026-08-07 01:44:42.057072
UNSEEN_PAY_005411,UNSEEN_CUST_00903,27511.21,upi,failed,CARD_BLOCKED,blocked_instrument,2,2026-07-28 14:43:42.057072
UNSEEN_PAY_005412,UNSEEN_CUST_00868,13792.97,netbanking,successful,,,1,2026-08-08 18:31:42.057072
UNSEEN_PAY_005413,UNSEEN_CUST_00782,10475.82,card,successful,,,1,2026-08-02 01:46:42.057072
UNSEEN_PAY_005414,UNSEEN_CUST_01094,3556.98,upi,successful,,,1,2026-06-25 07:18:42.057072
UNSEEN_PAY_005415,UNSEEN_CUST_01062,40791.3,card,successful,,,1,2026-06-09 03:43:42.057072
UNSEEN_PAY_005416,UNSEEN_CUST_00072,27386.91,upi,successful,,,1,2026-08-17 18:41:42.057072
UNSEEN_PAY_005417,UNSEEN_CUST_00095,14685.0,upi,successful,,,1,2026-07-17 16:36:42.057072
UNSEEN_PAY_005418,UNSEEN_CUST_00067,16896.08,netbanking,successful,,,1,2026-06-02 03:11:42.057072
UNSEEN_PAY_005419,UNSEEN_CUST_01083,31992.39,upi,successful,,,1,2026-08-17 13:36:42.058071
UNSEEN_PAY_005420,UNSEEN_CUST_01200,71953.16,card,successful,,,2,2026-07-22 17:55:42.058071
UNSEEN_PAY_005421,UNSEEN_CUST_00785,47488.81,upi,successful,,,2,2026-07-18 03:37:42.058071
UNSEEN_PAY_005422,UNSEEN_CUST_00425,17872.24,card,failed,INSUFFICIENT_BALANCE,insufficient_funds,1,2026-08-07 05:25:42.058071
UNSEEN_PAY_005423,UNSEEN_CUST_00382,38545.37,netbanking,successful,,,1,2026-08-19 09:05:42.058071
UNSEEN_PAY_005424,UNSEEN_CUST_01105,47505.29,card,successful,,,1,2026-06-12 10:01:42.058071
UNSEEN_PAY_005425,UNSEEN_CUST_00435,34865.85,upi,successful,,,1,2026-06-10 20:51:42.058071
UNSEEN_PAY_005426,UNSEEN_CUST_01261,61417.39,upi,successful,,,1,2026-08-09 10:30:42.058071
UNSEEN_PAY_005427,UNSEEN_CUST_01432,30614.64,upi,successful,,,1,2026-08-03 21:43:42.058071
UNSEEN_PAY_005428,UNSEEN_CUST_01230,47614.03,upi,successful,,,1,2026-08-12 18:58:42.058071
UNSEEN_PAY_005429,UNSEEN_CUST_00340,20688.83,upi,successful,,,2,2026-07-07 07:29:42.058071
UNSEEN_PAY_005430,UNSEEN_CUST_01646,7148.8,card,successful,,,2,2026-06-10 13:37:42.058071
UNSEEN_PAY_005431,UNSEEN_CUST_00951,31317.45,netbanking,successful,,,2,2026-06-24 05:26:42.058071
UNSEEN_PAY_005432,UNSEEN_CUST_00054,46920.1,upi,successful,,,1,2026-07-12 08:36:42.058071
UNSEEN_PAY_005433,UNSEEN_CUST_00546,32732.41,upi,successful,,,1,2026-05-29 12:00:42.058071
UNSEEN_PAY_005434,UNSEEN_CUST_00306,3290.39,upi,successful,,,1,2026-06-01 11:42:42.058071
UNSEEN_PAY_005435,UNSEEN_CUST_01460,48695.28,upi,successful,,,1,2026-07-01 22:31:42.058071
UNSEEN_PAY_005436,UNSEEN_CUST_01916,4156.32,upi,successful,,,1,2026-08-03 07:06:42.058071
UNSEEN_PAY_005437,UNSEEN_CUST_01821,1204.24,card,successful,,,1,2026-06-07 06:05:42.058071
UNSEEN_PAY_005438,UNSEEN_CUST_01620,10504.94,netbanking,failed,INSTRUMENT_EXPIRED,expired_instrument,1,2026-07-19 00:14:42.058071
UNSEEN_PAY_005439,UNSEEN_CUST_00707,13735.42,card,successful,,,1,2026-06-17 18:48:42.058071
UNSEEN_PAY_005440,UNSEEN_CUST_01137,30157.85,card,successful,,,1,2026-06-26 06:36:42.058071
UNSEEN_PAY_005441,UNSEEN_CUST_01718,31649.95,upi,successful,,,1,2026-08-02 09:30:42.058071
UNSEEN_PAY_005442,UNSEEN_CUST_00464,31008.26,card,successful,,,1,2026-07-26 06:19:42.058071
UNSEEN_PAY_005443,UNSEEN_CUST_00882,68578.33,netbanking,successful,,,1,2026-07-14 08:34:42.058071
UNSEEN_PAY_005444,UNSEEN_CUST_00500,49251.12,upi,successful,,,1,2026-07-08 06:03:42.058071
UNSEEN_PAY_005445,UNSEEN_CUST_01292,24192.14,upi,successful,,,1,2026-06-10 04:01:42.059075
UNSEEN_PAY_005446,UNSEEN_CUST_00854,4337.85,upi,successful,,,1,2026-07-12 01:16:42.059075
UNSEEN_PAY_005447,UNSEEN_CUST_00182,39866.65,upi,successful,,,1,2026-08-04 22:40:42.059075
UNSEEN_PAY_005448,UNSEEN_CUST_01118,26368.19,upi,successful,,,1,2026-06-17 14:42:42.059075
UNSEEN_PAY_005449,UNSEEN_CUST_01924,46119.41,card,successful,,,1,2026-06-10 04:43:42.059075
UNSEEN_PAY_005450,UNSEEN_CUST_00288,63361.99,upi,successful,,,1,2026-08-21 12:26:42.059075
UNSEEN_PAY_005451,UNSEEN_CUST_01890,46127.9,upi,successful,,,1,2026-08-23 18:25:42.059075
UNSEEN_PAY_005452,UNSEEN_CUST_00219,24457.56,upi,failed,BANK_TEMPORARY_ERROR,temporary_bank_failure,1,2026-08-17 00:48:42.059075
UNSEEN_PAY_005453,UNSEEN_CUST_00129,19275.53,upi,successful,,,1,2026-06-04 22:24:42.059075
UNSEEN_PAY_005454,UNSEEN_CUST_00979,49232.77,netbanking,successful,,,1,2026-07-04 00:33:42.059075
UNSEEN_PAY_005455,UNSEEN_CUST_00340,36895.96,netbanking,successful,,,3,2026-06-03 05:59:42.059075
UNSEEN_PAY_005456,UNSEEN_CUST_01559,23409.0,upi,successful,,,3,2026-06-02 13:05:42.059075
UNSEEN_PAY_005457,UNSEEN_CUST_01224,46058.13,card,failed,BANK_TEMPORARY_ERROR,temporary_bank_failure,1,2026-08-18 07:18:42.059075
UNSEEN_PAY_005458,UNSEEN_CUST_01137,20859.99,card,successful,,,1,2026-06-04 16:00:42.059075
UNSEEN_PAY_005459,UNSEEN_CUST_01792,11778.55,netbanking,successful,,,1,2026-08-13 23:01:42.059075
UNSEEN_PAY_005460,UNSEEN_CUST_01907,46416.57,netbanking,successful,,,1,2026-07-05 05:46:42.059075
UNSEEN_PAY_005461,UNSEEN_CUST_00311,22536.82,netbanking,successful,,,1,2026-07-20 00:02:42.059075
UNSEEN_PAY_005462,UNSEEN_CUST_00465,45735.13,upi,successful,,,1,2026-07-24 10:54:42.059075
UNSEEN_PAY_005463,UNSEEN_CUST_00351,7484.55,upi,successful,,,1,2026-07-08 06:14:42.059075
UNSEEN_PAY_005464,UNSEEN_CUST_01035,21207.11,netbanking,successful,,,1,2026-06-01 10:03:42.059075
UNSEEN_PAY_005465,UNSEEN_CUST_01985,41404.06,upi,successful,,,1,2026-07-25 04:14:42.059075
UNSEEN_PAY_005466,UNSEEN_CUST_00917,42958.01,upi,successful,,,1,2026-07-19 09:41:42.059075
UNSEEN_PAY_005467,UNSEEN_CUST_01911,44144.14,card,failed,UNSPECIFIED_DECLINE,blocked_instrument,1,2026-07-25 09:19:42.059075
UNSEEN_PAY_005468,UNSEEN_CUST_01349,1869.95,upi,successful,,,1,2026-07-16 06:59:42.059075
UNSEEN_PAY_005469,UNSEEN_CUST_01291,43844.79,upi,failed,CUSTOMER_AUTH_FAILED,authentication_failed,1,2026-07-06 03:03:42.060071
UNSEEN_PAY_005470,UNSEEN_CUST_01101,26877.38,upi,successful,,,1,2026-05-28 12:17:42.060071
UNSEEN_PAY_005471,UNSEEN_CUST_01184,34843.43,card,successful,,,1,2026-05-30 16:51:42.060071
UNSEEN_PAY_005472,UNSEEN_CUST_00642,5759.1,upi,successful,,,1,2026-07-18 20:32:42.060071
UNSEEN_PAY_005473,UNSEEN_CUST_00831,30768.92,upi,successful,,,1,2026-08-15 14:28:42.060071
UNSEEN_PAY_005474,UNSEEN_CUST_01626,18525.98,upi,successful,,,1,2026-07-28 10:44:42.060071
UNSEEN_PAY_005475,UNSEEN_CUST_01482,43509.25,upi,successful,,,1,2026-08-23 07:21:42.060071
UNSEEN_PAY_005476,UNSEEN_CUST_01511,3578.85,card,successful,,,1,2026-06-03 10:36:42.060071
UNSEEN_PAY_005477,UNSEEN_CUST_00624,3103.78,upi,failed,POLICY_DECLINED,risk_decline,1,2026-08-05 13:25:42.060071
UNSEEN_PAY_005478,UNSEEN_CUST_01613,30874.95,upi,successful,,,1,2026-08-20 02:02:42.060071
UNSEEN_PAY_005479,UNSEEN_CUST_00057,1846.28,card,successful,,,1,2026-07-18 13:21:42.060071
UNSEEN_PAY_005480,UNSEEN_CUST_00941,4776.82,upi,successful,,,1,2026-06-15 13:21:42.060071
UNSEEN_PAY_005481,UNSEEN_CUST_01890,18415.59,netbanking,failed,UNSPECIFIED_DECLINE,unknown_failure,2,2026-08-13 05:45:42.060071
UNSEEN_PAY_005482,UNSEEN_CUST_01655,18304.92,card,successful,,,1,2026-06-19 10:41:42.060071
UNSEEN_PAY_005483,UNSEEN_CUST_01073,13189.08,upi,successful,,,1,2026-08-02 21:36:42.060071
UNSEEN_PAY_005484,UNSEEN_CUST_00838,2050.86,upi,successful,,,1,2026-07-26 12:55:42.060071
UNSEEN_PAY_005485,UNSEEN_CUST_01777,47211.6,upi,successful,,,1,2026-07-05 06:27:42.060071
UNSEEN_PAY_005486,UNSEEN_CUST_00576,18878.98,upi,successful,,,1,2026-07-23 02:21:42.060071
UNSEEN_PAY_005487,UNSEEN_CUST_01728,7646.48,card,successful,,,1,2026-07-29 01:47:42.060071
UNSEEN_PAY_005488,UNSEEN_CUST_00079,91319.19,upi,successful,,,1,2026-06-08 12:47:42.060071
UNSEEN_PAY_005489,UNSEEN_CUST_00406,30867.47,upi,successful,,,1,2026-08-17 19:45:42.060071
UNSEEN_PAY_005490,UNSEEN_CUST_01622,45092.13,upi,successful,,,1,2026-06-12 10:34:42.060071
UNSEEN_PAY_005491,UNSEEN_CUST_00105,19225.88,upi,successful,,,1,2026-06-11 19:44:42.060071
UNSEEN_PAY_005492,UNSEEN_CUST_00155,2650.7,upi,successful,,,1,2026-07-11 03:58:42.060071
UNSEEN_PAY_005493,UNSEEN_CUST_01448,7322.0,netbanking,successful,,,1,2026-08-15 18:03:42.060071
UNSEEN_PAY_005494,UNSEEN_CUST_01665,45630.33,upi,successful,,,1,2026-08-08 23:40:42.061077
UNSEEN_PAY_005495,UNSEEN_CUST_01097,1490.24,upi,successful,,,1,2026-06-06 01:07:42.061077
UNSEEN_PAY_005496,UNSEEN_CUST_01759,17677.99,upi,successful,,,1,2026-06-28 01:01:42.061077
UNSEEN_PAY_005497,UNSEEN_CUST_01714,3835.17,upi,successful,,,1,2026-07-18 01:43:42.061077
UNSEEN_PAY_005498,UNSEEN_CUST_00214,7257.48,upi,successful,,,1,2026-05-28 19:04:42.061077
UNSEEN_PAY_005499,UNSEEN_CUST_00522,42217.53,upi,failed,BANK_TEMPORARY_ERROR,temporary_bank_failure,1,2026-07-11 09:58:42.061077
UNSEEN_PAY_005500,UNSEEN_CUST_01116,11476.57,card,successful,,,1,2026-08-15 21:30:42.061077
UNSEEN_PAY_005501,UNSEEN_CUST_00625,24476.06,card,successful,,,1,2026-07-22 14:40:42.061077
UNSEEN_PAY_005502,UNSEEN_CUST_00822,6370.86,netbanking,successful,,,1,2026-07-11 06:36:42.061077
UNSEEN_PAY_005503,UNSEEN_CUST_00270,27939.48,upi,successful,,,1,2026-08-01 13:38:42.061077
UNSEEN_PAY_005504,UNSEEN_CUST_01418,2263.2,card,successful,,,3,2026-06-22 07:04:42.061077
UNSEEN_PAY_005505,UNSEEN_CUST_01408,85441.69,card,successful,,,1,2026-07-07 03:33:42.061077
UNSEEN_PAY_005506,UNSEEN_CUST_01999,68013.43,netbanking,failed,CUSTOMER_AUTH_FAILED,authentication_failed,1,2026-07-11 01:19:42.061077
UNSEEN_PAY_005507,UNSEEN_CUST_00832,18644.6,card,failed,TRANSACTION_LIMIT_EXCEEDED,limit_exceeded,1,2026-08-18 14:09:42.061077
UNSEEN_PAY_005508,UNSEEN_CUST_00597,40055.28,netbanking,successful,,,1,2026-07-13 08:29:42.061077
UNSEEN_PAY_005509,UNSEEN_CUST_01497,5661.19,card,successful,,,1,2026-06-07 07:40:42.061077
UNSEEN_PAY_005510,UNSEEN_CUST_00527,25557.19,upi,successful,,,1,2026-06-02 05:09:42.061077
UNSEEN_PAY_005511,UNSEEN_CUST_00766,44433.56,card,successful,,,2,2026-06-23 16:24:42.061077
UNSEEN_PAY_005512,UNSEEN_CUST_00747,49844.71,upi,successful,,,1,2026-07-02 23:57:42.061077
UNSEEN_PAY_005513,UNSEEN_CUST_01079,13835.56,card,successful,,,2,2026-06-21 17:15:42.061077
UNSEEN_PAY_005514,UNSEEN_CUST_00750,11068.81,upi,successful,,,1,2026-07-08 17:31:42.061077
UNSEEN_PAY_005515,UNSEEN_CUST_01865,12371.58,upi,successful,,,1,2026-06-26 19:45:42.061077
UNSEEN_PAY_005516,UNSEEN_CUST_01937,32304.2,card,successful,,,1,2026-07-15 04:50:42.061077
UNSEEN_PAY_005517,UNSEEN_CUST_00367,29868.74,card,successful,,,1,2026-07-06 06:40:42.061077
UNSEEN_PAY_005518,UNSEEN_CUST_01092,14560.87,upi,successful,,,1,2026-08-06 14:16:42.061077
UNSEEN_PAY_005519,UNSEEN_CUST_01557,6424.63,card,successful,,,1,2026-07-21 04:03:42.062076
UNSEEN_PAY_005520,UNSEEN_CUST_00748,35557.18,card,successful,,,1,2026-07-15 17:52:42.062076
UNSEEN_PAY_005521,UNSEEN_CUST_00052,49418.19,netbanking,successful,,,1,2026-08-08 15:36:42.062076
UNSEEN_PAY_005522,UNSEEN_CUST_01155,3647.18,upi,successful,,,1,2026-08-15 00:27:42.062076
UNSEEN_PAY_005523,UNSEEN_CUST_00521,14423.54,card,failed,PROCESSING_TIMEOUT,timeout,2,2026-08-15 22:30:42.062076
UNSEEN_PAY_005524,UNSEEN_CUST_01210,18339.4,upi,successful,,,1,2026-08-13 16:00:42.062076
UNSEEN_PAY_005525,UNSEEN_CUST_00391,71008.88,card,successful,,,1,2026-08-11 13:34:42.062076
UNSEEN_PAY_005526,UNSEEN_CUST_01897,4363.45,card,successful,,,1,2026-06-11 06:36:42.062076
UNSEEN_PAY_005527,UNSEEN_CUST_01133,5674.75,netbanking,successful,,,3,2026-08-10 09:35:42.062076
UNSEEN_PAY_005528,UNSEEN_CUST_01211,19421.29,netbanking,failed,INSUFFICIENT_BALANCE,insufficient_funds,1,2026-08-15 10:02:42.062076
UNSEEN_PAY_005529,UNSEEN_CUST_01535,9721.96,upi,successful,,,1,2026-08-18 09:21:42.062076
UNSEEN_PAY_005530,UNSEEN_CUST_00005,22959.94,card,successful,,,1,2026-06-12 15:51:42.062076
UNSEEN_PAY_005531,UNSEEN_CUST_00840,11986.52,card,failed,UNSPECIFIED_DECLINE,insufficient_funds,2,2026-06-21 10:00:42.062076
UNSEEN_PAY_005532,UNSEEN_CUST_00865,61470.46,card,failed,INSUFFICIENT_BALANCE,insufficient_funds,2,2026-07-21 06:36:42.062076
UNSEEN_PAY_005533,UNSEEN_CUST_01749,31736.34,upi,failed,LIMIT_EXCEEDED,limit_exceeded,1,2026-07-15 20:17:42.062076
UNSEEN_PAY_005534,UNSEEN_CUST_01620,4131.43,upi,successful,,,1,2026-06-11 08:49:42.062076
UNSEEN_PAY_005535,UNSEEN_CUST_01518,42994.39,card,successful,,,1,2026-06-16 12:20:42.062076
UNSEEN_PAY_005536,UNSEEN_CUST_00737,44648.16,netbanking,successful,,,1,2026-06-17 21:08:42.062076
UNSEEN_PAY_005537,UNSEEN_CUST_01488,39318.57,upi,successful,,,1,2026-06-21 05:01:42.062076
UNSEEN_PAY_005538,UNSEEN_CUST_00950,43628.16,upi,successful,,,2,2026-06-13 11:12:42.062076
UNSEEN_PAY_005539,UNSEEN_CUST_00398,3313.06,card,successful,,,1,2026-08-15 18:55:42.062076
UNSEEN_PAY_005540,UNSEEN_CUST_01611,53223.83,upi,successful,,,1,2026-07-03 17:41:42.062076
UNSEEN_PAY_005541,UNSEEN_CUST_00657,18842.38,upi,successful,,,1,2026-08-06 22:10:42.062076
UNSEEN_PAY_005542,UNSEEN_CUST_00406,47164.62,upi,successful,,,1,2026-06-29 19:02:42.063071
UNSEEN_PAY_005543,UNSEEN_CUST_00271,40853.01,card,failed,AUTHENTICATION_FAILED,authentication_failed,2,2026-07-06 18:43:42.063071
UNSEEN_PAY_005544,UNSEEN_CUST_00118,11580.19,upi,successful,,,1,2026-08-09 09:44:42.063071
UNSEEN_PAY_005545,UNSEEN_CUST_01740,2433.17,upi,successful,,,1,2026-07-21 04:44:42.063071
UNSEEN_PAY_005546,UNSEEN_CUST_01502,4190.77,upi,failed,INSUFFICIENT_BALANCE,insufficient_funds,1,2026-08-07 14:26:42.063071
UNSEEN_PAY_005547,UNSEEN_CUST_01809,7726.47,upi,successful,,,1,2026-08-01 17:10:42.063071
UNSEEN_PAY_005548,UNSEEN_CUST_01745,26072.58,upi,successful,,,1,2026-06-19 12:14:42.063071
UNSEEN_PAY_005549,UNSEEN_CUST_00492,19991.15,card,successful,,,1,2026-07-12 21:44:42.063071
UNSEEN_PAY_005550,UNSEEN_CUST_00816,14607.44,card,successful,,,1,2026-08-11 21:34:42.063071
UNSEEN_PAY_005551,UNSEEN_CUST_01657,39697.96,card,successful,,,1,2026-06-12 11:00:42.063071
UNSEEN_PAY_005552,UNSEEN_CUST_00537,8394.87,card,successful,,,1,2026-08-20 03:54:42.063071
UNSEEN_PAY_005553,UNSEEN_CUST_01695,15140.34,upi,successful,,,1,2026-06-12 05:53:42.063071
UNSEEN_PAY_005554,UNSEEN_CUST_01444,5660.24,upi,successful,,,1,2026-08-19 03:30:42.063071
UNSEEN_PAY_005555,UNSEEN_CUST_00466,59109.94,upi,successful,,,1,2026-06-14 16:44:42.063071
UNSEEN_PAY_005556,UNSEEN_CUST_01992,15073.81,upi,successful,,,1,2026-08-23 20:28:42.063071
UNSEEN_PAY_005557,UNSEEN_CUST_01067,38300.27,card,successful,,,1,2026-07-22 17:42:42.063071
UNSEEN_PAY_005558,UNSEEN_CUST_01233,43438.62,card,successful,,,1,2026-07-08 06:45:42.063071
UNSEEN_PAY_005559,UNSEEN_CUST_00236,1424.15,upi,successful,,,1,2026-07-13 04:38:42.064071
UNSEEN_PAY_005560,UNSEEN_CUST_00827,38535.15,card,successful,,,2,2026-07-29 18:46:42.064071
UNSEEN_PAY_005561,UNSEEN_CUST_00777,2911.14,upi,failed,BANK_TEMPORARY_ERROR,temporary_bank_failure,1,2026-08-03 22:21:42.064071
UNSEEN_PAY_005562,UNSEEN_CUST_01770,91207.04,upi,successful,,,1,2026-06-10 20:25:42.064071
UNSEEN_PAY_005563,UNSEEN_CUST_01146,33144.92,card,successful,,,1,2026-06-26 22:17:42.064071
UNSEEN_PAY_005564,UNSEEN_CUST_00890,13501.69,upi,successful,,,1,2026-06-18 18:48:42.064071
UNSEEN_PAY_005565,UNSEEN_CUST_01535,4009.59,upi,successful,,,2,2026-06-18 06:08:42.064071
UNSEEN_PAY_005566,UNSEEN_CUST_00463,28753.39,upi,successful,,,1,2026-08-11 22:11:42.064071
UNSEEN_PAY_005567,UNSEEN_CUST_00120,35219.22,card,successful,,,1,2026-08-26 00:35:42.064071
UNSEEN_PAY_005568,UNSEEN_CUST_00366,84011.01,upi,successful,,,1,2026-07-05 01:54:42.064071
UNSEEN_PAY_005569,UNSEEN_CUST_00466,72417.83,card,failed,INSTRUMENT_BLOCKED,blocked_instrument,1,2026-07-25 06:47:42.064071
UNSEEN_PAY_005570,UNSEEN_CUST_01079,16822.18,card,successful,,,3,2026-08-16 01:13:42.064071
UNSEEN_PAY_005571,UNSEEN_CUST_00524,19649.8,upi,successful,,,1,2026-07-02 09:39:42.064071
UNSEEN_PAY_005572,UNSEEN_CUST_00196,27376.38,card,successful,,,1,2026-08-22 09:07:42.064071
UNSEEN_PAY_005573,UNSEEN_CUST_00959,61811.55,upi,successful,,,1,2026-06-11 02:39:42.064071
UNSEEN_PAY_005574,UNSEEN_CUST_01649,48520.37,card,successful,,,1,2026-07-25 08:04:42.064071
UNSEEN_PAY_005575,UNSEEN_CUST_00117,16031.2,netbanking,successful,,,1,2026-07-23 15:50:42.064071
UNSEEN_PAY_005576,UNSEEN_CUST_01064,42795.13,upi,successful,,,1,2026-06-15 01:23:42.064071
UNSEEN_PAY_005577,UNSEEN_CUST_01147,44210.46,upi,failed,FUNDS_NOT_AVAILABLE,insufficient_funds,1,2026-08-20 12:19:42.064071
UNSEEN_PAY_005578,UNSEEN_CUST_00692,98213.61,card,successful,,,1,2026-07-26 04:48:42.064071
UNSEEN_PAY_005579,UNSEEN_CUST_00476,5081.89,netbanking,successful,,,1,2026-08-24 02:42:42.064990
UNSEEN_PAY_005580,UNSEEN_CUST_00568,42279.75,upi,failed,POLICY_DECLINED,risk_decline,1,2026-05-31 15:47:42.064990
UNSEEN_PAY_005581,UNSEEN_CUST_01613,1441.77,upi,failed,BANK_TEMPORARY_ERROR,temporary_bank_failure,2,2026-07-05 19:31:42.064990
UNSEEN_PAY_005582,UNSEEN_CUST_00545,23463.24,card,successful,,,1,2026-07-06 04:03:42.064990
UNSEEN_PAY_005583,UNSEEN_CUST_01956,40535.99,card,successful,,,1,2026-07-15 07:42:42.064990
UNSEEN_PAY_005584,UNSEEN_CUST_00385,87362.79,card,successful,,,2,2026-06-07 08:10:42.064990
UNSEEN_PAY_005585,UNSEEN_CUST_01916,5906.6,upi,successful,,,1,2026-08-14 12:51:42.064990
UNSEEN_PAY_005586,UNSEEN_CUST_00969,30434.06,upi,successful,,,1,2026-08-10 13:15:42.064990
UNSEEN_PAY_005587,UNSEEN_CUST_00523,25469.05,upi,successful,,,1,2026-06-23 21:57:42.064990
UNSEEN_PAY_005588,UNSEEN_CUST_01484,32988.23,card,successful,,,1,2026-06-29 03:32:42.064990
UNSEEN_PAY_005589,UNSEEN_CUST_00443,53972.4,card,failed,RISK_DECLINED,risk_decline,1,2026-07-14 08:49:42.064990
UNSEEN_PAY_005590,UNSEEN_CUST_01179,41144.27,card,successful,,,1,2026-08-08 13:58:42.064990
UNSEEN_PAY_005591,UNSEEN_CUST_01190,28298.82,netbanking,successful,,,1,2026-08-19 11:20:42.064990
UNSEEN_PAY_005592,UNSEEN_CUST_01568,10385.0,upi,failed,UNSPECIFIED_DECLINE,insufficient_funds,1,2026-08-12 02:48:42.064990
UNSEEN_PAY_005593,UNSEEN_CUST_00432,61164.22,upi,successful,,,1,2026-07-18 12:48:42.064990
UNSEEN_PAY_005594,UNSEEN_CUST_00722,23364.71,upi,failed,BANK_TEMPORARY_ERROR,temporary_bank_failure,2,2026-08-23 12:59:42.064990
UNSEEN_PAY_005595,UNSEEN_CUST_01364,35402.49,card,successful,,,1,2026-07-16 02:18:42.064990
UNSEEN_PAY_005596,UNSEEN_CUST_00533,28337.55,card,successful,,,1,2026-07-19 05:55:42.064990
UNSEEN_PAY_005597,UNSEEN_CUST_01465,21225.09,upi,successful,,,1,2026-08-25 13:00:42.064990
UNSEEN_PAY_005598,UNSEEN_CUST_01319,12930.39,upi,successful,,,1,2026-06-21 13:18:42.064990
UNSEEN_PAY_005599,UNSEEN_CUST_00600,48785.71,upi,successful,,,1,2026-06-28 00:28:42.064990
UNSEEN_PAY_005600,UNSEEN_CUST_00448,34728.67,netbanking,successful,,,1,2026-07-10 05:17:42.064990
UNSEEN_PAY_005601,UNSEEN_CUST_00229,3489.0,upi,successful,,,1,2026-06-01 23:59:42.064990
UNSEEN_PAY_005602,UNSEEN_CUST_01684,28397.66,card,failed,CARD_BLOCKED,blocked_instrument,1,2026-07-19 17:23:42.064990
UNSEEN_PAY_005603,UNSEEN_CUST_01720,1620.67,card,successful,,,3,2026-07-13 03:40:42.066067
UNSEEN_PAY_005604,UNSEEN_CUST_00753,1553.67,upi,failed,BANK_SERVICE_UNAVAILABLE,temporary_bank_failure,1,2026-07-27 04:50:42.066067
UNSEEN_PAY_005605,UNSEEN_CUST_00946,19049.66,upi,failed,CARD_BLOCKED,blocked_instrument,1,2026-08-17 13:59:42.066067
UNSEEN_PAY_005606,UNSEEN_CUST_00426,1233.16,card,successful,,,1,2026-06-05 08:24:42.066067
UNSEEN_PAY_005607,UNSEEN_CUST_01587,12734.58,upi,successful,,,2,2026-08-20 17:27:42.066067
UNSEEN_PAY_005608,UNSEEN_CUST_01911,11077.0,upi,successful,,,1,2026-06-28 10:17:42.066067
UNSEEN_PAY_005609,UNSEEN_CUST_00946,19469.11,card,failed,PROCESSING_TIMEOUT,timeout,1,2026-07-04 13:23:42.066067
UNSEEN_PAY_005610,UNSEEN_CUST_00962,12525.66,upi,successful,,,1,2026-06-17 12:53:42.066067
UNSEEN_PAY_005611,UNSEEN_CUST_01367,48526.24,card,successful,,,1,2026-06-14 14:11:42.066067
UNSEEN_PAY_005612,UNSEEN_CUST_00442,48579.69,upi,successful,,,1,2026-07-08 06:38:42.066067
UNSEEN_PAY_005613,UNSEEN_CUST_01821,47316.41,card,successful,,,1,2026-07-27 20:55:42.066067
UNSEEN_PAY_005614,UNSEEN_CUST_01504,11098.72,upi,successful,,,1,2026-08-26 06:47:42.066067
UNSEEN_PAY_005615,UNSEEN_CUST_01630,22638.87,card,successful,,,1,2026-07-16 05:05:42.066067
UNSEEN_PAY_005616,UNSEEN_CUST_01457,49654.26,upi,successful,,,1,2026-06-21 06:12:42.066067
UNSEEN_PAY_005617,UNSEEN_CUST_01320,4279.85,upi,successful,,,1,2026-06-26 17:27:42.066067
UNSEEN_PAY_005618,UNSEEN_CUST_00662,15582.31,upi,successful,,,1,2026-08-25 09:19:42.066067
UNSEEN_PAY_005619,UNSEEN_CUST_01316,39705.25,upi,successful,,,1,2026-06-06 19:55:42.066067
UNSEEN_PAY_005620,UNSEEN_CUST_00583,28753.71,upi,successful,,,1,2026-07-29 03:42:42.066067
UNSEEN_PAY_005621,UNSEEN_CUST_00017,31128.01,upi,successful,,,1,2026-06-02 22:04:42.066067
UNSEEN_PAY_005622,UNSEEN_CUST_01295,20734.19,upi,successful,,,1,2026-07-08 01:14:42.066067
UNSEEN_PAY_005623,UNSEEN_CUST_00529,5185.76,upi,failed,NETWORK_TIMEOUT,timeout,1,2026-07-21 19:27:42.066067
UNSEEN_PAY_005624,UNSEEN_CUST_01694,15661.56,netbanking,successful,,,1,2026-06-22 18:08:42.067066
UNSEEN_PAY_005625,UNSEEN_CUST_01372,11336.5,card,failed,BANK_SERVICE_UNAVAILABLE,temporary_bank_failure,2,2026-08-05 14:32:42.067066
UNSEEN_PAY_005626,UNSEEN_CUST_01383,30963.26,card,successful,,,1,2026-06-03 00:26:42.067066
UNSEEN_PAY_005627,UNSEEN_CUST_01627,41668.85,card,successful,,,1,2026-06-22 10:23:42.067066
UNSEEN_PAY_005628,UNSEEN_CUST_00923,20146.44,card,failed,BANK_TEMPORARY_ERROR,temporary_bank_failure,1,2026-06-20 09:04:42.067066
UNSEEN_PAY_005629,UNSEEN_CUST_00317,28942.15,upi,failed,UNSPECIFIED_DECLINE,temporary_bank_failure,1,2026-08-09 09:43:42.067066
UNSEEN_PAY_005630,UNSEEN_CUST_00584,8992.0,upi,failed,INSTRUMENT_EXPIRED,expired_instrument,2,2026-08-05 07:03:42.067066
UNSEEN_PAY_005631,UNSEEN_CUST_00446,34730.74,card,successful,,,1,2026-07-26 21:28:42.067066
UNSEEN_PAY_005632,UNSEEN_CUST_00643,91335.92,card,successful,,,1,2026-07-15 22:19:42.067066
UNSEEN_PAY_005633,UNSEEN_CUST_00676,40534.63,upi,successful,,,1,2026-07-24 17:30:42.067066
UNSEEN_PAY_005634,UNSEEN_CUST_00219,11840.43,card,successful,,,1,2026-07-22 19:21:42.067066
UNSEEN_PAY_005635,UNSEEN_CUST_01407,44824.66,card,successful,,,1,2026-08-10 05:13:42.067066
UNSEEN_PAY_005636,UNSEEN_CUST_00141,41141.81,netbanking,successful,,,1,2026-06-04 16:12:42.067066
UNSEEN_PAY_005637,UNSEEN_CUST_00506,38602.47,netbanking,successful,,,1,2026-07-26 04:42:42.067066
UNSEEN_PAY_005638,UNSEEN_CUST_00565,28221.05,netbanking,successful,,,2,2026-08-21 04:28:42.067066
UNSEEN_PAY_005639,UNSEEN_CUST_01347,6876.4,netbanking,failed,BANK_SERVICE_UNAVAILABLE,temporary_bank_failure,2,2026-07-08 14:45:42.067066
UNSEEN_PAY_005640,UNSEEN_CUST_01340,12491.06,card,failed,BANK_SERVICE_UNAVAILABLE,temporary_bank_failure,1,2026-06-07 18:10:42.067066
UNSEEN_PAY_005641,UNSEEN_CUST_01338,40784.5,card,failed,PROCESSING_TIMEOUT,timeout,1,2026-06-10 12:56:42.067066
UNSEEN_PAY_005642,UNSEEN_CUST_01350,6650.71,card,successful,,,2,2026-06-09 00:26:42.067066
UNSEEN_PAY_005643,UNSEEN_CUST_01216,35938.0,upi,successful,,,1,2026-07-06 10:25:42.067066
UNSEEN_PAY_005644,UNSEEN_CUST_01080,29636.19,upi,successful,,,1,2026-07-08 04:31:42.067066
UNSEEN_PAY_005645,UNSEEN_CUST_00489,78993.42,upi,successful,,,1,2026-07-23 19:56:42.068066
UNSEEN_PAY_005646,UNSEEN_CUST_01186,18908.71,netbanking,successful,,,1,2026-06-03 14:26:42.068066
UNSEEN_PAY_005647,UNSEEN_CUST_00998,32378.93,upi,successful,,,1,2026-08-23 16:06:42.068066
UNSEEN_PAY_005648,UNSEEN_CUST_01804,6043.59,upi,successful,,,2,2026-08-16 09:21:42.068066
UNSEEN_PAY_005649,UNSEEN_CUST_00908,38416.29,card,failed,CARD_EXPIRED,expired_instrument,1,2026-08-07 16:14:42.068066
UNSEEN_PAY_005650,UNSEEN_CUST_01172,17013.09,upi,successful,,,1,2026-07-21 16:00:42.068066
UNSEEN_PAY_005651,UNSEEN_CUST_01725,38255.38,upi,successful,,,1,2026-07-03 08:27:42.068066
UNSEEN_PAY_005652,UNSEEN_CUST_01396,36638.08,netbanking,successful,,,1,2026-07-29 06:33:42.068066
UNSEEN_PAY_005653,UNSEEN_CUST_00816,12944.87,card,successful,,,1,2026-06-28 13:14:42.068066
UNSEEN_PAY_005654,UNSEEN_CUST_00191,31809.0,upi,successful,,,1,2026-07-22 19:13:42.068066
UNSEEN_PAY_005655,UNSEEN_CUST_01193,19083.24,card,failed,BANK_SERVICE_UNAVAILABLE,temporary_bank_failure,1,2026-07-02 05:03:42.068066
UNSEEN_PAY_005656,UNSEEN_CUST_01034,12213.84,upi,successful,,,1,2026-05-31 19:58:42.068066
UNSEEN_PAY_005657,UNSEEN_CUST_01736,45307.17,card,successful,,,1,2026-08-06 01:23:42.068066
UNSEEN_PAY_005658,UNSEEN_CUST_01779,28655.96,card,successful,,,1,2026-06-24 08:49:42.068066
UNSEEN_PAY_005659,UNSEEN_CUST_00117,99552.21,upi,successful,,,1,2026-05-29 07:44:42.068066
UNSEEN_PAY_005660,UNSEEN_CUST_01974,32096.95,card,failed,CARD_BLOCKED,blocked_instrument,1,2026-05-27 23:50:42.068066
UNSEEN_PAY_005661,UNSEEN_CUST_00984,41906.61,netbanking,successful,,,1,2026-07-22 01:46:42.068066
UNSEEN_PAY_005662,UNSEEN_CUST_01200,72433.62,upi,successful,,,1,2026-08-03 17:19:42.068066
UNSEEN_PAY_005663,UNSEEN_CUST_00471,48779.67,upi,successful,,,1,2026-07-06 10:14:42.068066
UNSEEN_PAY_005664,UNSEEN_CUST_00223,33172.29,card,successful,,,1,2026-07-14 20:21:42.068066
UNSEEN_PAY_005665,UNSEEN_CUST_01228,1897.68,card,successful,,,1,2026-08-21 20:27:42.068066
UNSEEN_PAY_005666,UNSEEN_CUST_01444,34633.24,upi,successful,,,1,2026-07-24 01:38:42.068066
UNSEEN_PAY_005667,UNSEEN_CUST_01302,8928.1,card,failed,FUNDS_NOT_AVAILABLE,insufficient_funds,1,2026-06-25 07:33:42.068066
UNSEEN_PAY_005668,UNSEEN_CUST_01960,17552.95,netbanking,failed,NETWORK_TIMEOUT,timeout,1,2026-06-29 15:32:42.069066
UNSEEN_PAY_005669,UNSEEN_CUST_01728,82781.54,upi,failed,LIMIT_EXCEEDED,limit_exceeded,1,2026-08-04 19:47:42.069066
UNSEEN_PAY_005670,UNSEEN_CUST_00631,44300.65,upi,successful,,,1,2026-08-12 04:54:42.069066
UNSEEN_PAY_005671,UNSEEN_CUST_01437,37696.85,upi,successful,,,1,2026-08-25 12:51:42.069066
UNSEEN_PAY_005672,UNSEEN_CUST_00932,71826.26,netbanking,successful,,,1,2026-08-10 01:41:42.069066
UNSEEN_PAY_005673,UNSEEN_CUST_00083,21208.74,card,failed,INSUFFICIENT_BALANCE,insufficient_funds,1,2026-07-31 00:27:42.069066
UNSEEN_PAY_005674,UNSEEN_CUST_00536,48706.23,card,successful,,,1,2026-06-16 05:07:42.069066
UNSEEN_PAY_005675,UNSEEN_CUST_00103,56861.07,upi,successful,,,1,2026-07-26 21:51:42.069066
UNSEEN_PAY_005676,UNSEEN_CUST_00492,9485.3,card,successful,,,1,2026-08-22 02:21:42.069066
UNSEEN_PAY_005677,UNSEEN_CUST_01498,67676.02,card,successful,,,1,2026-06-03 10:00:42.069066
UNSEEN_PAY_005678,UNSEEN_CUST_01072,18588.46,upi,successful,,,1,2026-06-22 05:06:42.069066
UNSEEN_PAY_005679,UNSEEN_CUST_00153,86162.35,netbanking,successful,,,1,2026-07-22 21:42:42.069066
UNSEEN_PAY_005680,UNSEEN_CUST_01767,3923.45,upi,failed,BANK_TEMPORARY_ERROR,temporary_bank_failure,1,2026-06-17 11:07:42.069066
UNSEEN_PAY_005681,UNSEEN_CUST_01288,35075.91,upi,successful,,,1,2026-06-23 17:01:42.069066
UNSEEN_PAY_005682,UNSEEN_CUST_01128,31432.15,card,successful,,,1,2026-07-21 12:59:42.069066
UNSEEN_PAY_005683,UNSEEN_CUST_00047,5102.47,card,failed,PROCESSING_TIMEOUT,timeout,1,2026-07-20 06:04:42.069066
UNSEEN_PAY_005684,UNSEEN_CUST_01096,2229.73,card,successful,,,1,2026-07-01 04:58:42.069066
UNSEEN_PAY_005685,UNSEEN_CUST_00825,38907.07,card,successful,,,1,2026-07-15 09:13:42.069066
UNSEEN_PAY_005686,UNSEEN_CUST_01594,13759.85,upi,successful,,,1,2026-06-10 23:42:42.069066
UNSEEN_PAY_005687,UNSEEN_CUST_01544,51025.92,upi,successful,,,1,2026-06-17 14:40:42.069066
UNSEEN_PAY_005688,UNSEEN_CUST_00147,7617.37,card,successful,,,1,2026-08-26 16:41:42.069066
UNSEEN_PAY_005689,UNSEEN_CUST_00444,37317.68,netbanking,successful,,,2,2026-06-27 07:27:42.069066
UNSEEN_PAY_005690,UNSEEN_CUST_00939,2465.3,netbanking,successful,,,1,2026-07-16 13:00:42.069066
UNSEEN_PAY_005691,UNSEEN_CUST_00048,49755.23,upi,successful,,,1,2026-06-04 13:22:42.070069
UNSEEN_PAY_005692,UNSEEN_CUST_00682,25185.54,upi,successful,,,1,2026-07-24 22:41:42.070069
UNSEEN_PAY_005693,UNSEEN_CUST_00580,23365.52,upi,successful,,,1,2026-06-14 18:47:42.070069
UNSEEN_PAY_005694,UNSEEN_CUST_01473,40515.02,upi,failed,UNKNOWN_ERROR,unknown_failure,1,2026-08-20 09:32:42.070069
UNSEEN_PAY_005695,UNSEEN_CUST_00344,35117.84,netbanking,successful,,,1,2026-06-08 04:18:42.070069
UNSEEN_PAY_005696,UNSEEN_CUST_01538,1450.61,card,failed,CARD_EXPIRED,expired_instrument,1,2026-08-23 03:07:42.070069
UNSEEN_PAY_005697,UNSEEN_CUST_00055,19011.25,card,successful,,,1,2026-06-20 20:50:42.070069
UNSEEN_PAY_005698,UNSEEN_CUST_01726,37856.89,upi,successful,,,1,2026-06-09 09:48:42.070069
UNSEEN_PAY_005699,UNSEEN_CUST_00936,1193.83,upi,successful,,,1,2026-07-02 11:50:42.070069
UNSEEN_PAY_005700,UNSEEN_CUST_00831,21628.08,netbanking,successful,,,1,2026-07-13 17:53:42.070069
UNSEEN_PAY_005701,UNSEEN_CUST_00189,43569.23,card,failed,NETWORK_TIMEOUT,timeout,1,2026-07-20 12:58:42.070069
UNSEEN_PAY_005702,UNSEEN_CUST_00308,24540.14,card,successful,,,1,2026-06-02 09:09:42.070069
UNSEEN_PAY_005703,UNSEEN_CUST_01077,42475.73,upi,successful,,,1,2026-06-10 01:56:42.070069
UNSEEN_PAY_005704,UNSEEN_CUST_01480,26074.42,upi,successful,,,1,2026-07-08 17:26:42.070069
UNSEEN_PAY_005705,UNSEEN_CUST_01715,46621.37,card,failed,CARD_EXPIRED,expired_instrument,1,2026-07-13 11:09:42.070069
UNSEEN_PAY_005706,UNSEEN_CUST_01749,11444.71,upi,successful,,,1,2026-08-04 16:26:42.070069
UNSEEN_PAY_005707,UNSEEN_CUST_00014,5298.11,card,failed,UNSPECIFIED_DECLINE,unknown_failure,1,2026-07-08 04:48:42.070069
UNSEEN_PAY_005708,UNSEEN_CUST_00257,2076.51,netbanking,successful,,,1,2026-07-18 14:01:42.070069
UNSEEN_PAY_005709,UNSEEN_CUST_00769,7930.39,upi,failed,PROCESSING_TIMEOUT,timeout,1,2026-07-17 18:47:42.070069
UNSEEN_PAY_005710,UNSEEN_CUST_01441,26868.33,upi,successful,,,1,2026-07-04 02:50:42.070069
UNSEEN_PAY_005711,UNSEEN_CUST_00905,84200.55,upi,failed,BANK_SERVICE_UNAVAILABLE,temporary_bank_failure,2,2026-08-24 22:08:42.070069
UNSEEN_PAY_005712,UNSEEN_CUST_01384,37265.17,upi,successful,,,1,2026-06-19 14:02:42.071070
UNSEEN_PAY_005713,UNSEEN_CUST_00925,42774.23,card,successful,,,2,2026-08-07 01:27:42.071070
UNSEEN_PAY_005714,UNSEEN_CUST_01117,8050.05,card,successful,,,1,2026-08-15 17:55:42.071070
UNSEEN_PAY_005715,UNSEEN_CUST_01090,13180.15,netbanking,successful,,,1,2026-08-02 07:16:42.071070
UNSEEN_PAY_005716,UNSEEN_CUST_00216,64640.46,upi,successful,,,1,2026-08-05 09:43:42.071070
UNSEEN_PAY_005717,UNSEEN_CUST_01295,23835.91,upi,successful,,,1,2026-08-09 15:44:42.071070
UNSEEN_PAY_005718,UNSEEN_CUST_01036,10734.83,upi,failed,PROCESSING_TIMEOUT,timeout,1,2026-06-29 20:08:42.071070
UNSEEN_PAY_005719,UNSEEN_CUST_00298,11188.32,card,successful,,,1,2026-08-06 19:53:42.071070
UNSEEN_PAY_005720,UNSEEN_CUST_00385,41202.86,upi,successful,,,1,2026-08-05 21:20:42.071070
UNSEEN_PAY_005721,UNSEEN_CUST_01662,30384.72,upi,successful,,,1,2026-08-20 13:13:42.071070
UNSEEN_PAY_005722,UNSEEN_CUST_01295,46604.6,card,successful,,,1,2026-08-17 23:50:42.071070
UNSEEN_PAY_005723,UNSEEN_CUST_00041,11994.43,card,successful,,,1,2026-06-26 14:51:42.071070
UNSEEN_PAY_005724,UNSEEN_CUST_00101,36272.95,card,failed,FUNDS_NOT_AVAILABLE,insufficient_funds,1,2026-07-08 06:43:42.071070
UNSEEN_PAY_005725,UNSEEN_CUST_01742,3660.85,netbanking,successful,,,1,2026-07-29 22:24:42.071070
UNSEEN_PAY_005726,UNSEEN_CUST_01255,38833.19,netbanking,successful,,,1,2026-06-14 11:37:42.071070
UNSEEN_PAY_005727,UNSEEN_CUST_01971,2829.59,netbanking,successful,,,1,2026-06-18 05:38:42.071070
UNSEEN_PAY_005728,UNSEEN_CUST_00148,59467.52,upi,successful,,,1,2026-08-16 10:15:42.071070
UNSEEN_PAY_005729,UNSEEN_CUST_00185,21313.54,upi,successful,,,1,2026-07-24 23:13:42.071070
UNSEEN_PAY_005730,UNSEEN_CUST_00271,13515.57,netbanking,successful,,,3,2026-06-25 00:40:42.071070
UNSEEN_PAY_005731,UNSEEN_CUST_01421,39799.4,upi,successful,,,1,2026-07-19 16:23:42.071070
UNSEEN_PAY_005732,UNSEEN_CUST_01848,1395.15,netbanking,successful,,,1,2026-07-14 00:17:42.071070
UNSEEN_PAY_005733,UNSEEN_CUST_01299,47171.23,upi,successful,,,1,2026-07-22 17:52:42.071070
UNSEEN_PAY_005734,UNSEEN_CUST_00715,3005.44,upi,successful,,,1,2026-08-18 20:06:42.071070
UNSEEN_PAY_005735,UNSEEN_CUST_00204,32806.64,card,successful,,,1,2026-07-08 02:51:42.071070
UNSEEN_PAY_005736,UNSEEN_CUST_01646,2906.98,card,failed,BANK_SERVICE_UNAVAILABLE,temporary_bank_failure,1,2026-06-16 22:31:42.071070
UNSEEN_PAY_005737,UNSEEN_CUST_00309,10702.82,upi,successful,,,1,2026-07-19 06:30:42.072070
UNSEEN_PAY_005738,UNSEEN_CUST_00320,76295.94,card,successful,,,1,2026-06-19 20:48:42.072070
UNSEEN_PAY_005739,UNSEEN_CUST_01626,19944.27,upi,successful,,,1,2026-08-15 13:44:42.072070
UNSEEN_PAY_005740,UNSEEN_CUST_00180,25940.58,card,successful,,,1,2026-06-29 04:30:42.072070
UNSEEN_PAY_005741,UNSEEN_CUST_00386,77689.54,netbanking,failed,BANK_TEMPORARY_ERROR,temporary_bank_failure,1,2026-06-17 19:52:42.072070
UNSEEN_PAY_005742,UNSEEN_CUST_01023,22649.18,card,failed,INSUFFICIENT_BALANCE,insufficient_funds,1,2026-06-01 00:46:42.072070
UNSEEN_PAY_005743,UNSEEN_CUST_00037,18419.04,upi,successful,,,1,2026-06-26 01:27:42.072070
UNSEEN_PAY_005744,UNSEEN_CUST_01439,43588.98,netbanking,successful,,,1,2026-08-16 05:29:42.072070
UNSEEN_PAY_005745,UNSEEN_CUST_01740,34369.58,netbanking,successful,,,1,2026-06-12 10:04:42.072070
UNSEEN_PAY_005746,UNSEEN_CUST_00347,2370.23,upi,successful,,,1,2026-07-14 04:26:42.072070
UNSEEN_PAY_005747,UNSEEN_CUST_01009,45449.53,upi,successful,,,1,2026-08-01 20:20:42.072070
UNSEEN_PAY_005748,UNSEEN_CUST_01994,34928.75,upi,successful,,,1,2026-08-03 17:43:42.072070
UNSEEN_PAY_005749,UNSEEN_CUST_00493,36482.77,upi,successful,,,1,2026-06-08 04:52:42.072070
UNSEEN_PAY_005750,UNSEEN_CUST_00595,20330.28,upi,failed,CARD_BLOCKED,blocked_instrument,1,2026-08-19 08:43:42.072070
UNSEEN_PAY_005751,UNSEEN_CUST_01605,53264.68,upi,successful,,,1,2026-06-17 11:15:42.072070
UNSEEN_PAY_005752,UNSEEN_CUST_01307,32758.08,upi,successful,,,1,2026-07-29 21:39:42.072070
UNSEEN_PAY_005753,UNSEEN_CUST_00343,5518.91,card,successful,,,1,2026-05-29 16:15:42.072070
UNSEEN_PAY_005754,UNSEEN_CUST_00398,25186.94,upi,failed,PROCESSING_TIMEOUT,timeout,1,2026-05-29 01:23:42.072070
UNSEEN_PAY_005755,UNSEEN_CUST_01936,9073.89,upi,failed,INSUFFICIENT_BALANCE,insufficient_funds,1,2026-06-16 17:02:42.072070
UNSEEN_PAY_005756,UNSEEN_CUST_01454,6317.23,upi,successful,,,1,2026-08-06 06:10:42.072990
UNSEEN_PAY_005757,UNSEEN_CUST_01705,16032.53,upi,failed,AUTHENTICATION_FAILED,authentication_failed,2,2026-06-07 10:23:42.072990
UNSEEN_PAY_005758,UNSEEN_CUST_01232,36379.96,card,successful,,,2,2026-06-20 02:04:42.072990
UNSEEN_PAY_005759,UNSEEN_CUST_01474,47698.65,upi,successful,,,1,2026-08-06 23:07:42.072990
UNSEEN_PAY_005760,UNSEEN_CUST_00333,41850.55,netbanking,failed,AUTHENTICATION_FAILED,authentication_failed,1,2026-07-18 17:07:42.072990
UNSEEN_PAY_005761,UNSEEN_CUST_01059,15231.35,upi,failed,CUSTOMER_AUTH_FAILED,authentication_failed,1,2026-08-24 20:58:42.072990
UNSEEN_PAY_005762,UNSEEN_CUST_00452,24962.7,upi,successful,,,1,2026-07-09 20:43:42.072990
UNSEEN_PAY_005763,UNSEEN_CUST_00740,12863.1,netbanking,successful,,,1,2026-08-16 04:52:42.072990
UNSEEN_PAY_005764,UNSEEN_CUST_00916,25123.15,upi,successful,,,1,2026-06-27 02:34:42.072990
UNSEEN_PAY_005765,UNSEEN_CUST_01453,1915.19,upi,successful,,,1,2026-06-17 08:20:42.072990
UNSEEN_PAY_005766,UNSEEN_CUST_01274,34324.68,card,successful,,,1,2026-08-15 10:30:42.072990
UNSEEN_PAY_005767,UNSEEN_CUST_00238,55212.85,card,successful,,,2,2026-08-06 00:57:42.074070
UNSEEN_PAY_005768,UNSEEN_CUST_01685,36933.41,upi,successful,,,1,2026-07-11 17:21:42.074070
UNSEEN_PAY_005769,UNSEEN_CUST_01751,19575.38,upi,failed,CARD_EXPIRED,expired_instrument,1,2026-07-08 15:26:42.074070
UNSEEN_PAY_005770,UNSEEN_CUST_01785,26885.87,card,successful,,,1,2026-06-26 07:29:42.074070
UNSEEN_PAY_005771,UNSEEN_CUST_01892,15560.31,upi,successful,,,1,2026-06-11 14:10:42.074070
UNSEEN_PAY_005772,UNSEEN_CUST_01473,68221.21,netbanking,failed,BANK_SERVICE_UNAVAILABLE,temporary_bank_failure,1,2026-08-06 19:42:42.074070
UNSEEN_PAY_005773,UNSEEN_CUST_01102,46126.92,upi,successful,,,1,2026-06-22 06:09:42.074070
UNSEEN_PAY_005774,UNSEEN_CUST_00251,43511.75,upi,successful,,,1,2026-07-23 04:03:42.074070
UNSEEN_PAY_005775,UNSEEN_CUST_01499,27860.56,upi,successful,,,1,2026-06-19 15:23:42.074070
UNSEEN_PAY_005776,UNSEEN_CUST_00099,49634.35,upi,successful,,,1,2026-07-11 09:13:42.074070
UNSEEN_PAY_005777,UNSEEN_CUST_00714,21919.57,card,successful,,,1,2026-06-19 14:10:42.074070
UNSEEN_PAY_005778,UNSEEN_CUST_01216,29922.08,upi,failed,UNSPECIFIED_DECLINE,risk_decline,1,2026-06-08 22:59:42.074070
UNSEEN_PAY_005779,UNSEEN_CUST_01595,25584.1,netbanking,successful,,,1,2026-07-03 15:44:42.074070
UNSEEN_PAY_005780,UNSEEN_CUST_01582,99676.25,card,successful,,,3,2026-07-16 17:04:42.074070
UNSEEN_PAY_005781,UNSEEN_CUST_00197,39483.29,card,successful,,,1,2026-06-25 17:21:42.074070
UNSEEN_PAY_005782,UNSEEN_CUST_01461,26911.66,netbanking,successful,,,1,2026-08-03 08:36:42.075065
UNSEEN_PAY_005783,UNSEEN_CUST_00176,15248.3,upi,successful,,,1,2026-07-11 15:09:42.075065
UNSEEN_PAY_005784,UNSEEN_CUST_00010,41967.44,netbanking,successful,,,1,2026-07-28 12:50:42.075065
UNSEEN_PAY_005785,UNSEEN_CUST_01688,15126.7,upi,failed,FUNDS_NOT_AVAILABLE,insufficient_funds,1,2026-07-21 19:30:42.075065
UNSEEN_PAY_005786,UNSEEN_CUST_01525,25652.4,netbanking,successful,,,1,2026-06-26 23:17:42.075065
UNSEEN_PAY_005787,UNSEEN_CUST_01247,18124.9,upi,successful,,,1,2026-08-20 16:28:42.075065
UNSEEN_PAY_005788,UNSEEN_CUST_00262,29163.74,upi,successful,,,1,2026-06-13 13:54:42.075065
UNSEEN_PAY_005789,UNSEEN_CUST_01715,10752.6,upi,successful,,,2,2026-07-19 19:54:42.075065
UNSEEN_PAY_005790,UNSEEN_CUST_01129,13580.14,card,successful,,,1,2026-08-13 20:46:42.075065
UNSEEN_PAY_005791,UNSEEN_CUST_01210,4652.1,card,successful,,,1,2026-08-11 00:21:42.075065
UNSEEN_PAY_005792,UNSEEN_CUST_01736,6028.77,upi,successful,,,1,2026-08-22 04:30:42.075065
UNSEEN_PAY_005793,UNSEEN_CUST_00448,12965.91,card,failed,,insufficient_funds,1,2026-07-27 11:35:42.075065
UNSEEN_PAY_005794,UNSEEN_CUST_00963,2417.65,card,failed,INSTRUMENT_EXPIRED,expired_instrument,1,2026-08-16 18:39:42.075065
UNSEEN_PAY_005795,UNSEEN_CUST_00901,39422.14,card,failed,BANK_SERVICE_UNAVAILABLE,temporary_bank_failure,1,2026-07-20 11:37:42.075065
UNSEEN_PAY_005796,UNSEEN_CUST_01648,35045.07,card,successful,,,1,2026-07-18 16:41:42.076086
UNSEEN_PAY_005797,UNSEEN_CUST_01016,33617.05,card,successful,,,1,2026-08-09 09:12:42.076086
UNSEEN_PAY_005798,UNSEEN_CUST_00449,13469.46,upi,successful,,,1,2026-07-09 15:21:42.076086
UNSEEN_PAY_005799,UNSEEN_CUST_00500,14850.98,upi,successful,,,1,2026-06-17 17:10:42.076086
UNSEEN_PAY_005800,UNSEEN_CUST_01139,27442.01,netbanking,successful,,,1,2026-06-28 16:20:42.076086
UNSEEN_PAY_005801,UNSEEN_CUST_00170,42243.64,card,successful,,,2,2026-08-08 21:56:42.076086
UNSEEN_PAY_005802,UNSEEN_CUST_01635,40699.83,card,failed,CUSTOMER_AUTH_FAILED,authentication_failed,1,2026-08-24 09:52:42.076086
UNSEEN_PAY_005803,UNSEEN_CUST_00290,29392.0,upi,successful,,,1,2026-07-07 18:30:42.076086
UNSEEN_PAY_005804,UNSEEN_CUST_01479,27253.22,upi,successful,,,1,2026-07-06 09:34:42.076086
UNSEEN_PAY_005805,UNSEEN_CUST_00461,2826.85,upi,successful,,,1,2026-08-12 06:48:42.076086
UNSEEN_PAY_005806,UNSEEN_CUST_00979,26090.34,card,failed,POLICY_DECLINED,risk_decline,1,2026-06-05 05:08:42.076086
UNSEEN_PAY_005807,UNSEEN_CUST_00773,9861.89,card,successful,,,1,2026-06-14 00:37:42.076086
UNSEEN_PAY_005808,UNSEEN_CUST_00953,35122.62,upi,failed,BANK_TEMPORARY_ERROR,temporary_bank_failure,1,2026-07-29 07:26:42.076086
UNSEEN_PAY_005809,UNSEEN_CUST_00330,12503.52,card,successful,,,1,2026-07-13 06:41:42.076086
UNSEEN_PAY_005810,UNSEEN_CUST_00549,29696.69,card,successful,,,1,2026-06-02 14:18:42.076086
UNSEEN_PAY_005811,UNSEEN_CUST_01072,3153.49,card,failed,INSUFFICIENT_BALANCE,insufficient_funds,1,2026-07-09 20:23:42.076086
UNSEEN_PAY_005812,UNSEEN_CUST_01516,44490.13,upi,successful,,,2,2026-06-15 01:27:42.076086
UNSEEN_PAY_005813,UNSEEN_CUST_01161,6589.43,upi,successful,,,2,2026-08-03 02:47:42.076086
UNSEEN_PAY_005814,UNSEEN_CUST_00452,2244.88,upi,successful,,,2,2026-07-09 18:05:42.076086
UNSEEN_PAY_005815,UNSEEN_CUST_00129,17089.96,card,successful,,,2,2026-07-26 12:33:42.076086
UNSEEN_PAY_005816,UNSEEN_CUST_00801,25206.46,upi,successful,,,1,2026-07-29 15:47:42.076086
UNSEEN_PAY_005817,UNSEEN_CUST_00359,18950.04,upi,successful,,,1,2026-07-23 20:22:42.076991
UNSEEN_PAY_005818,UNSEEN_CUST_00014,17895.7,upi,failed,CUSTOMER_AUTH_FAILED,authentication_failed,1,2026-08-10 18:48:42.076991
UNSEEN_PAY_005819,UNSEEN_CUST_00466,57756.78,upi,successful,,,1,2026-08-24 18:36:42.076991
UNSEEN_PAY_005820,UNSEEN_CUST_01968,37025.88,upi,successful,,,1,2026-07-02 06:47:42.076991
UNSEEN_PAY_005821,UNSEEN_CUST_01026,44600.44,card,successful,,,1,2026-05-29 07:40:42.076991
UNSEEN_PAY_005822,UNSEEN_CUST_01578,35256.63,upi,successful,,,1,2026-06-12 16:49:42.076991
UNSEEN_PAY_005823,UNSEEN_CUST_01624,43508.18,card,failed,NETWORK_TIMEOUT,timeout,1,2026-07-04 11:12:42.076991
UNSEEN_PAY_005824,UNSEEN_CUST_01497,1582.94,upi,successful,,,1,2026-07-26 03:09:42.076991
UNSEEN_PAY_005825,UNSEEN_CUST_00877,18714.4,upi,successful,,,1,2026-06-09 06:23:42.076991
UNSEEN_PAY_005826,UNSEEN_CUST_00664,30897.51,upi,successful,,,1,2026-06-08 09:57:42.076991
UNSEEN_PAY_005827,UNSEEN_CUST_00459,8294.96,upi,failed,BANK_SERVICE_UNAVAILABLE,temporary_bank_failure,1,2026-08-25 03:29:42.076991
UNSEEN_PAY_005828,UNSEEN_CUST_00514,15746.5,upi,successful,,,1,2026-06-19 07:32:42.076991
UNSEEN_PAY_005829,UNSEEN_CUST_01486,4709.54,card,successful,,,1,2026-07-02 01:09:42.076991
UNSEEN_PAY_005830,UNSEEN_CUST_01214,21628.7,upi,successful,,,1,2026-07-23 07:20:42.076991
UNSEEN_PAY_005831,UNSEEN_CUST_00446,36135.43,card,failed,UNSPECIFIED_DECLINE,unknown_failure,1,2026-06-01 11:43:42.076991
UNSEEN_PAY_005832,UNSEEN_CUST_01390,5104.93,card,successful,,,1,2026-07-07 08:19:42.076991
UNSEEN_PAY_005833,UNSEEN_CUST_00570,29718.92,upi,successful,,,1,2026-06-11 14:45:42.076991
UNSEEN_PAY_005834,UNSEEN_CUST_00345,15449.21,netbanking,successful,,,1,2026-07-01 13:06:42.076991
UNSEEN_PAY_005835,UNSEEN_CUST_01943,12875.73,upi,successful,,,2,2026-08-14 05:19:42.078066
UNSEEN_PAY_005836,UNSEEN_CUST_00271,13581.01,upi,successful,,,1,2026-06-02 23:22:42.078066
UNSEEN_PAY_005837,UNSEEN_CUST_01952,26833.82,upi,successful,,,1,2026-07-04 16:52:42.078066
UNSEEN_PAY_005838,UNSEEN_CUST_01885,12339.14,upi,successful,,,1,2026-07-15 10:16:42.078066
UNSEEN_PAY_005839,UNSEEN_CUST_00929,3844.05,upi,successful,,,1,2026-07-21 06:09:42.078066
UNSEEN_PAY_005840,UNSEEN_CUST_01047,9415.28,card,successful,,,1,2026-08-15 14:07:42.078066
UNSEEN_PAY_005841,UNSEEN_CUST_00437,2873.87,upi,successful,,,1,2026-07-14 05:14:42.078066
UNSEEN_PAY_005842,UNSEEN_CUST_01561,38283.6,upi,successful,,,1,2026-06-23 16:17:42.078066
UNSEEN_PAY_005843,UNSEEN_CUST_01255,30308.59,upi,successful,,,1,2026-07-01 13:37:42.078066
UNSEEN_PAY_005844,UNSEEN_CUST_01680,7782.58,upi,successful,,,1,2026-07-08 19:31:42.078066
UNSEEN_PAY_005845,UNSEEN_CUST_01280,30259.59,upi,failed,UNSPECIFIED_DECLINE,unknown_failure,1,2026-06-24 17:54:42.078066
UNSEEN_PAY_005846,UNSEEN_CUST_01843,5622.9,card,successful,,,1,2026-05-30 20:25:42.078066
UNSEEN_PAY_005847,UNSEEN_CUST_01093,2075.06,card,failed,AUTHENTICATION_FAILED,authentication_failed,1,2026-06-18 05:19:42.078066
UNSEEN_PAY_005848,UNSEEN_CUST_00638,34639.85,card,successful,,,1,2026-07-14 23:21:42.078066
UNSEEN_PAY_005849,UNSEEN_CUST_00811,11902.26,upi,failed,PROCESSING_TIMEOUT,timeout,1,2026-06-24 05:27:42.078066
UNSEEN_PAY_005850,UNSEEN_CUST_01776,7028.25,netbanking,successful,,,1,2026-06-05 16:54:42.078066
UNSEEN_PAY_005851,UNSEEN_CUST_01498,87840.48,card,successful,,,1,2026-07-25 06:20:42.078066
UNSEEN_PAY_005852,UNSEEN_CUST_01585,18717.11,upi,successful,,,1,2026-08-11 18:42:42.078066
UNSEEN_PAY_005853,UNSEEN_CUST_00645,28416.09,upi,failed,BANK_SERVICE_UNAVAILABLE,temporary_bank_failure,1,2026-07-19 04:15:42.078066
UNSEEN_PAY_005854,UNSEEN_CUST_00285,39759.82,netbanking,failed,BANK_SERVICE_UNAVAILABLE,temporary_bank_failure,1,2026-08-06 05:28:42.078066
UNSEEN_PAY_005855,UNSEEN_CUST_00208,42160.58,card,successful,,,1,2026-07-24 10:06:42.078066
UNSEEN_PAY_005856,UNSEEN_CUST_00659,10999.14,upi,successful,,,1,2026-08-14 02:56:42.078066
UNSEEN_PAY_005857,UNSEEN_CUST_00189,42561.33,upi,failed,FUNDS_NOT_AVAILABLE,insufficient_funds,2,2026-07-24 09:05:42.079077
UNSEEN_PAY_005858,UNSEEN_CUST_01974,41695.96,card,successful,,,1,2026-06-26 04:41:42.079077
UNSEEN_PAY_005859,UNSEEN_CUST_01006,63791.22,upi,successful,,,1,2026-07-31 13:20:42.079077
UNSEEN_PAY_005860,UNSEEN_CUST_00046,13007.89,upi,successful,,,1,2026-06-04 01:59:42.079077
UNSEEN_PAY_005861,UNSEEN_CUST_00379,17162.88,upi,successful,,,1,2026-07-04 19:39:42.079077
UNSEEN_PAY_005862,UNSEEN_CUST_00377,49461.53,upi,failed,FUNDS_NOT_AVAILABLE,insufficient_funds,1,2026-06-11 09:23:42.079077
UNSEEN_PAY_005863,UNSEEN_CUST_00191,35393.51,card,successful,,,1,2026-06-25 17:17:42.079077
UNSEEN_PAY_005864,UNSEEN_CUST_00545,18309.78,card,successful,,,1,2026-08-05 22:48:42.079077
UNSEEN_PAY_005865,UNSEEN_CUST_00942,34607.24,upi,successful,,,1,2026-06-01 14:53:42.079077
UNSEEN_PAY_005866,UNSEEN_CUST_01440,29963.08,upi,successful,,,1,2026-08-07 09:31:42.079077
UNSEEN_PAY_005867,UNSEEN_CUST_01587,1475.07,upi,successful,,,1,2026-06-23 12:19:42.079077
UNSEEN_PAY_005868,UNSEEN_CUST_00748,29098.76,netbanking,failed,PROCESSING_TIMEOUT,timeout,1,2026-06-06 18:38:42.079077
UNSEEN_PAY_005869,UNSEEN_CUST_01685,12246.56,upi,successful,,,1,2026-06-06 22:15:42.079077
UNSEEN_PAY_005870,UNSEEN_CUST_01170,31547.93,card,successful,,,1,2026-07-01 05:59:42.079077
UNSEEN_PAY_005871,UNSEEN_CUST_00979,25060.3,upi,failed,,insufficient_funds,1,2026-06-15 11:10:42.079077
UNSEEN_PAY_005872,UNSEEN_CUST_00092,16822.07,upi,successful,,,1,2026-07-08 14:53:42.079077
UNSEEN_PAY_005873,UNSEEN_CUST_01013,49619.45,card,successful,,,1,2026-06-30 09:18:42.079077
UNSEEN_PAY_005874,UNSEEN_CUST_00654,38092.05,upi,successful,,,1,2026-07-22 01:33:42.079077
UNSEEN_PAY_005875,UNSEEN_CUST_01832,38619.32,upi,failed,INSTRUMENT_EXPIRED,expired_instrument,1,2026-07-06 01:05:42.079077
UNSEEN_PAY_005876,UNSEEN_CUST_01564,33690.46,card,successful,,,1,2026-08-25 09:26:42.079077
UNSEEN_PAY_005877,UNSEEN_CUST_00186,44941.16,upi,successful,,,1,2026-06-11 21:25:42.079077
UNSEEN_PAY_005878,UNSEEN_CUST_00990,30734.67,upi,failed,FUNDS_NOT_AVAILABLE,insufficient_funds,1,2026-07-22 20:26:42.079077
UNSEEN_PAY_005879,UNSEEN_CUST_00360,18126.09,upi,successful,,,1,2026-07-01 10:55:42.080084
UNSEEN_PAY_005880,UNSEEN_CUST_01812,32943.54,upi,successful,,,1,2026-07-17 03:51:42.080084
UNSEEN_PAY_005881,UNSEEN_CUST_00690,7347.28,upi,successful,,,1,2026-07-08 15:04:42.080084
UNSEEN_PAY_005882,UNSEEN_CUST_01879,62780.46,card,successful,,,1,2026-07-27 08:51:42.080084
UNSEEN_PAY_005883,UNSEEN_CUST_00172,40654.43,upi,successful,,,1,2026-06-02 00:24:42.080084
UNSEEN_PAY_005884,UNSEEN_CUST_00908,35721.46,upi,successful,,,1,2026-07-16 13:41:42.080084
UNSEEN_PAY_005885,UNSEEN_CUST_00876,12568.6,card,failed,INSUFFICIENT_BALANCE,insufficient_funds,1,2026-05-31 17:05:42.080084
UNSEEN_PAY_005886,UNSEEN_CUST_01839,19700.92,netbanking,successful,,,1,2026-08-20 03:45:42.080084
UNSEEN_PAY_005887,UNSEEN_CUST_00140,10756.81,netbanking,successful,,,1,2026-06-04 01:22:42.080084
UNSEEN_PAY_005888,UNSEEN_CUST_00923,37192.65,netbanking,successful,,,1,2026-07-07 07:23:42.080084
UNSEEN_PAY_005889,UNSEEN_CUST_00739,33699.06,upi,failed,FUNDS_NOT_AVAILABLE,insufficient_funds,1,2026-06-18 07:50:42.080084
UNSEEN_PAY_005890,UNSEEN_CUST_00465,20051.97,netbanking,successful,,,1,2026-06-23 16:48:42.080084
UNSEEN_PAY_005891,UNSEEN_CUST_01052,16260.06,card,successful,,,1,2026-08-25 05:38:42.080084
UNSEEN_PAY_005892,UNSEEN_CUST_01631,19749.61,netbanking,successful,,,1,2026-08-20 14:12:42.080084
UNSEEN_PAY_005893,UNSEEN_CUST_01395,19523.16,upi,successful,,,1,2026-06-02 18:18:42.080084
UNSEEN_PAY_005894,UNSEEN_CUST_00703,42899.23,upi,successful,,,1,2026-07-21 04:40:42.080084
UNSEEN_PAY_005895,UNSEEN_CUST_00869,20770.58,upi,failed,AUTHENTICATION_FAILED,authentication_failed,1,2026-08-17 08:26:42.080084
UNSEEN_PAY_005896,UNSEEN_CUST_01447,42670.21,upi,failed,LIMIT_EXCEEDED,limit_exceeded,1,2026-07-12 04:45:42.080084
UNSEEN_PAY_005897,UNSEEN_CUST_00881,29334.25,upi,successful,,,1,2026-06-08 17:32:42.080084
UNSEEN_PAY_005898,UNSEEN_CUST_01616,37951.74,card,successful,,,1,2026-07-18 14:07:42.080084
UNSEEN_PAY_005899,UNSEEN_CUST_01069,39111.93,card,successful,,,1,2026-08-14 10:19:42.080084
UNSEEN_PAY_005900,UNSEEN_CUST_00168,48963.03,card,successful,,,1,2026-08-07 00:03:42.080084
UNSEEN_PAY_005901,UNSEEN_CUST_00937,16921.29,upi,successful,,,1,2026-06-17 07:39:42.081065
UNSEEN_PAY_005902,UNSEEN_CUST_00122,7045.71,netbanking,successful,,,1,2026-08-01 19:45:42.081065
UNSEEN_PAY_005903,UNSEEN_CUST_00254,15158.8,upi,failed,BANK_TEMPORARY_ERROR,temporary_bank_failure,1,2026-08-14 17:45:42.081065
UNSEEN_PAY_005904,UNSEEN_CUST_00059,92987.08,upi,successful,,,1,2026-08-12 02:15:42.081065
UNSEEN_PAY_005905,UNSEEN_CUST_01917,21494.38,card,successful,,,1,2026-06-04 10:13:42.081065
UNSEEN_PAY_005906,UNSEEN_CUST_00860,12096.27,upi,successful,,,1,2026-07-13 11:40:42.081065
UNSEEN_PAY_005907,UNSEEN_CUST_01267,35955.59,upi,successful,,,2,2026-05-31 09:56:42.081065
UNSEEN_PAY_005908,UNSEEN_CUST_00980,21290.71,upi,successful,,,1,2026-06-26 23:03:42.081065
UNSEEN_PAY_005909,UNSEEN_CUST_00463,24726.0,upi,failed,UNSPECIFIED_DECLINE,expired_instrument,1,2026-06-23 09:32:42.081065
UNSEEN_PAY_005910,UNSEEN_CUST_01238,29761.51,upi,successful,,,1,2026-08-11 01:20:42.081065
UNSEEN_PAY_005911,UNSEEN_CUST_00260,28898.08,card,failed,UNSPECIFIED_DECLINE,unknown_failure,1,2026-07-30 14:57:42.081065
UNSEEN_PAY_005912,UNSEEN_CUST_00803,31292.11,card,failed,UNKNOWN_ERROR,unknown_failure,1,2026-06-08 08:14:42.081065
UNSEEN_PAY_005913,UNSEEN_CUST_01630,25716.14,upi,failed,CARD_BLOCKED,blocked_instrument,1,2026-08-09 14:10:42.081065
UNSEEN_PAY_005914,UNSEEN_CUST_00601,34595.21,card,failed,,insufficient_funds,1,2026-07-26 16:17:42.081065
UNSEEN_PAY_005915,UNSEEN_CUST_01028,8804.29,upi,successful,,,1,2026-08-20 07:02:42.081065
UNSEEN_PAY_005916,UNSEEN_CUST_00506,45535.12,upi,successful,,,1,2026-08-16 23:48:42.081065
UNSEEN_PAY_005917,UNSEEN_CUST_00441,46864.37,netbanking,successful,,,2,2026-08-14 13:24:42.081065
UNSEEN_PAY_005918,UNSEEN_CUST_01251,13198.4,upi,successful,,,1,2026-08-15 13:44:42.081065
UNSEEN_PAY_005919,UNSEEN_CUST_00850,46419.96,card,successful,,,1,2026-05-29 18:00:42.081065
UNSEEN_PAY_005920,UNSEEN_CUST_00831,49327.44,upi,successful,,,1,2026-08-24 15:35:42.081065
UNSEEN_PAY_005921,UNSEEN_CUST_00087,41094.2,upi,successful,,,1,2026-08-01 06:07:42.081065
UNSEEN_PAY_005922,UNSEEN_CUST_01566,6183.06,card,successful,,,1,2026-07-16 19:22:42.081065
UNSEEN_PAY_005923,UNSEEN_CUST_00284,42500.25,card,successful,,,1,2026-08-04 10:59:42.081065
UNSEEN_PAY_005924,UNSEEN_CUST_00841,25460.9,card,successful,,,1,2026-08-22 01:14:42.081065
UNSEEN_PAY_005925,UNSEEN_CUST_00966,5390.51,card,successful,,,1,2026-06-22 20:36:42.082071
UNSEEN_PAY_005926,UNSEEN_CUST_00995,41133.52,netbanking,successful,,,1,2026-07-22 23:44:42.082071
UNSEEN_PAY_005927,UNSEEN_CUST_01430,7684.22,card,failed,PROCESSING_TIMEOUT,timeout,1,2026-06-14 15:58:42.082071
UNSEEN_PAY_005928,UNSEEN_CUST_00733,48424.3,upi,successful,,,1,2026-08-18 22:17:42.082071
UNSEEN_PAY_005929,UNSEEN_CUST_01896,10570.05,upi,successful,,,1,2026-08-07 05:35:42.082071
UNSEEN_PAY_005930,UNSEEN_CUST_01565,19666.75,upi,successful,,,1,2026-06-03 12:56:42.082071
UNSEEN_PAY_005931,UNSEEN_CUST_01802,6101.7,upi,successful,,,1,2026-07-10 14:39:42.082071
UNSEEN_PAY_005932,UNSEEN_CUST_00903,76619.85,upi,successful,,,3,2026-08-15 11:09:42.082071
UNSEEN_PAY_005933,UNSEEN_CUST_01806,9823.29,upi,successful,,,1,2026-08-13 13:54:42.082071
UNSEEN_PAY_005934,UNSEEN_CUST_01897,2519.96,card,successful,,,1,2026-07-10 23:43:42.082071
UNSEEN_PAY_005935,UNSEEN_CUST_00557,5282.58,card,successful,,,1,2026-08-25 06:55:42.082071
UNSEEN_PAY_005936,UNSEEN_CUST_01711,10717.58,card,successful,,,1,2026-06-04 04:18:42.082071
UNSEEN_PAY_005937,UNSEEN_CUST_01990,22788.51,upi,successful,,,1,2026-07-10 19:52:42.082071
UNSEEN_PAY_005938,UNSEEN_CUST_00889,16802.23,upi,successful,,,1,2026-07-10 12:18:42.082071
UNSEEN_PAY_005939,UNSEEN_CUST_01755,11722.74,upi,failed,PROCESSING_TIMEOUT,timeout,1,2026-07-08 04:25:42.082071
UNSEEN_PAY_005940,UNSEEN_CUST_01281,49824.26,upi,failed,AUTHENTICATION_FAILED,authentication_failed,1,2026-06-05 13:11:42.082071
UNSEEN_PAY_005941,UNSEEN_CUST_00056,959.48,card,successful,,,1,2026-06-09 04:38:42.082071
UNSEEN_PAY_005942,UNSEEN_CUST_00766,32197.39,netbanking,successful,,,3,2026-08-12 20:15:42.082071
UNSEEN_PAY_005943,UNSEEN_CUST_01722,36036.25,upi,successful,,,1,2026-07-15 23:11:42.082071
UNSEEN_PAY_005944,UNSEEN_CUST_01715,36795.35,card,failed,INSTRUMENT_EXPIRED,expired_instrument,1,2026-08-14 14:14:42.082071
UNSEEN_PAY_005945,UNSEEN_CUST_01183,2070.12,upi,successful,,,1,2026-07-06 18:21:42.082071
UNSEEN_PAY_005946,UNSEEN_CUST_01488,17741.89,upi,successful,,,1,2026-06-30 21:22:42.082071
UNSEEN_PAY_005947,UNSEEN_CUST_01757,8122.5,netbanking,successful,,,1,2026-07-25 11:06:42.083070
UNSEEN_PAY_005948,UNSEEN_CUST_00504,26620.3,netbanking,successful,,,1,2026-06-19 06:29:42.083070
UNSEEN_PAY_005949,UNSEEN_CUST_00278,39798.8,upi,failed,POLICY_DECLINED,risk_decline,1,2026-07-01 10:04:42.083070
UNSEEN_PAY_005950,UNSEEN_CUST_00829,47615.44,upi,successful,,,1,2026-08-10 03:08:42.083070
UNSEEN_PAY_005951,UNSEEN_CUST_01033,46792.64,upi,successful,,,2,2026-08-10 02:28:42.083070
UNSEEN_PAY_005952,UNSEEN_CUST_01386,4321.78,upi,failed,NETWORK_TIMEOUT,timeout,1,2026-07-08 00:13:42.083070
UNSEEN_PAY_005953,UNSEEN_CUST_01470,6945.01,netbanking,successful,,,3,2026-07-12 08:02:42.083070
UNSEEN_PAY_005954,UNSEEN_CUST_01720,16278.49,netbanking,successful,,,1,2026-08-03 07:11:42.083070
UNSEEN_PAY_005955,UNSEEN_CUST_01268,31346.85,upi,successful,,,1,2026-06-03 17:01:42.083070
UNSEEN_PAY_005956,UNSEEN_CUST_00233,29424.13,upi,successful,,,3,2026-08-13 04:03:42.083070
UNSEEN_PAY_005957,UNSEEN_CUST_01381,12502.1,upi,successful,,,3,2026-08-23 10:20:42.083070
UNSEEN_PAY_005958,UNSEEN_CUST_00627,41458.73,card,failed,BANK_TEMPORARY_ERROR,temporary_bank_failure,2,2026-07-20 17:35:42.083070
UNSEEN_PAY_005959,UNSEEN_CUST_01062,9367.86,card,successful,,,1,2026-06-25 02:19:42.083070
UNSEEN_PAY_005960,UNSEEN_CUST_01500,37167.47,card,successful,,,1,2026-08-23 12:45:42.083070
UNSEEN_PAY_005961,UNSEEN_CUST_01747,16192.76,upi,successful,,,1,2026-08-03 00:36:42.083070
UNSEEN_PAY_005962,UNSEEN_CUST_01933,24776.71,card,failed,INSUFFICIENT_BALANCE,insufficient_funds,1,2026-07-28 22:49:42.083070
UNSEEN_PAY_005963,UNSEEN_CUST_00321,9709.87,card,successful,,,1,2026-07-20 16:38:42.083070
UNSEEN_PAY_005964,UNSEEN_CUST_00367,63979.07,netbanking,successful,,,2,2026-06-27 05:14:42.083070
UNSEEN_PAY_005965,UNSEEN_CUST_01889,17564.72,upi,successful,,,1,2026-05-28 06:57:42.083070
UNSEEN_PAY_005966,UNSEEN_CUST_00129,26344.7,netbanking,successful,,,1,2026-08-13 18:55:42.083070
UNSEEN_PAY_005967,UNSEEN_CUST_00848,14149.12,upi,successful,,,1,2026-06-13 03:32:42.084067
UNSEEN_PAY_005968,UNSEEN_CUST_01737,15768.14,upi,successful,,,1,2026-06-06 04:21:42.084067
UNSEEN_PAY_005969,UNSEEN_CUST_00832,3345.89,upi,successful,,,1,2026-06-10 01:51:42.084067
UNSEEN_PAY_005970,UNSEEN_CUST_00225,40242.28,upi,successful,,,1,2026-08-09 00:39:42.084067
UNSEEN_PAY_005971,UNSEEN_CUST_00430,58025.89,card,successful,,,1,2026-07-13 22:46:42.084067
UNSEEN_PAY_005972,UNSEEN_CUST_00586,14275.53,upi,successful,,,1,2026-07-30 01:15:42.084067
UNSEEN_PAY_005973,UNSEEN_CUST_01714,30722.72,card,successful,,,1,2026-06-05 10:36:42.084067
UNSEEN_PAY_005974,UNSEEN_CUST_01053,42415.97,netbanking,successful,,,1,2026-06-21 06:26:42.084067
UNSEEN_PAY_005975,UNSEEN_CUST_00025,4358.73,upi,successful,,,1,2026-07-19 07:23:42.084067
UNSEEN_PAY_005976,UNSEEN_CUST_01757,7417.26,upi,successful,,,2,2026-07-18 01:09:42.084067
UNSEEN_PAY_005977,UNSEEN_CUST_01452,3139.02,card,successful,,,1,2026-06-26 07:44:42.084067
UNSEEN_PAY_005978,UNSEEN_CUST_00379,7395.89,card,failed,UNKNOWN_ERROR,unknown_failure,1,2026-06-26 06:42:42.084067
UNSEEN_PAY_005979,UNSEEN_CUST_01640,4483.33,netbanking,successful,,,1,2026-07-18 00:07:42.084067
UNSEEN_PAY_005980,UNSEEN_CUST_01907,1009.82,card,successful,,,1,2026-06-15 22:50:42.084067
UNSEEN_PAY_005981,UNSEEN_CUST_00236,43885.6,card,successful,,,1,2026-06-24 08:33:42.084067
UNSEEN_PAY_005982,UNSEEN_CUST_00619,12235.6,upi,successful,,,2,2026-08-19 06:55:42.084067
UNSEEN_PAY_005983,UNSEEN_CUST_01314,80198.66,upi,successful,,,1,2026-06-04 23:04:42.084067
UNSEEN_PAY_005984,UNSEEN_CUST_01861,21448.31,netbanking,successful,,,1,2026-06-10 04:44:42.084067
UNSEEN_PAY_005985,UNSEEN_CUST_00848,49785.98,upi,successful,,,1,2026-06-16 07:00:42.084067
UNSEEN_PAY_005986,UNSEEN_CUST_00953,9621.51,card,successful,,,1,2026-07-16 04:49:42.084067
UNSEEN_PAY_005987,UNSEEN_CUST_01512,8007.66,upi,successful,,,1,2026-05-28 20:48:42.085032
UNSEEN_PAY_005988,UNSEEN_CUST_01623,61514.89,upi,successful,,,1,2026-08-19 03:49:42.085032
UNSEEN_PAY_005989,UNSEEN_CUST_01769,4377.2,upi,failed,UNSPECIFIED_DECLINE,unknown_failure,1,2026-07-11 17:51:42.085032
UNSEEN_PAY_005990,UNSEEN_CUST_01809,12349.72,card,successful,,,1,2026-07-29 22:59:42.085032
UNSEEN_PAY_005991,UNSEEN_CUST_00860,2235.7,card,successful,,,1,2026-08-09 06:20:42.085032
UNSEEN_PAY_005992,UNSEEN_CUST_00939,6915.54,card,successful,,,1,2026-07-27 21:27:42.085032
UNSEEN_PAY_005993,UNSEEN_CUST_00819,13848.13,upi,successful,,,2,2026-06-14 10:54:42.085032
UNSEEN_PAY_005994,UNSEEN_CUST_00392,19858.25,upi,successful,,,1,2026-06-27 18:11:42.085032
UNSEEN_PAY_005995,UNSEEN_CUST_01029,22747.85,upi,failed,UNSPECIFIED_DECLINE,unknown_failure,1,2026-06-16 10:19:42.085032
UNSEEN_PAY_005996,UNSEEN_CUST_00551,15643.41,upi,failed,UNSPECIFIED_DECLINE,expired_instrument,1,2026-06-15 00:53:42.085032
UNSEEN_PAY_005997,UNSEEN_CUST_00240,48353.53,card,successful,,,1,2026-06-22 20:01:42.085032
UNSEEN_PAY_005998,UNSEEN_CUST_00647,34969.3,upi,successful,,,1,2026-06-03 19:44:42.085032
UNSEEN_PAY_005999,UNSEEN_CUST_01746,49125.57,upi,failed,NETWORK_TIMEOUT,timeout,1,2026-06-25 06:39:42.085032
UNSEEN_PAY_006000,UNSEEN_CUST_01232,42723.43,upi,successful,,,1,2026-07-06 21:12:42.085032
UNSEEN_PAY_006001,UNSEEN_CUST_00840,34365.51,upi,failed,BANK_TEMPORARY_ERROR,temporary_bank_failure,1,2026-08-01 11:35:42.085032
UNSEEN_PAY_006002,UNSEEN_CUST_00934,29215.39,netbanking,failed,BANK_SERVICE_UNAVAILABLE,temporary_bank_failure,1,2026-05-31 10:35:42.085032
UNSEEN_PAY_006003,UNSEEN_CUST_01132,55427.33,upi,successful,,,1,2026-07-27 14:32:42.085032
UNSEEN_PAY_006004,UNSEEN_CUST_01619,42000.36,upi,successful,,,1,2026-07-03 02:50:42.085032
UNSEEN_PAY_006005,UNSEEN_CUST_00999,88294.91,upi,successful,,,1,2026-06-21 11:02:42.086072
UNSEEN_PAY_006006,UNSEEN_CUST_01952,6622.2,card,failed,RISK_DECLINED,risk_decline,1,2026-06-20 13:37:42.086072
UNSEEN_PAY_006007,UNSEEN_CUST_00564,35188.61,card,failed,INSTRUMENT_BLOCKED,blocked_instrument,1,2026-06-09 06:58:42.086072
UNSEEN_PAY_006008,UNSEEN_CUST_00902,10063.83,upi,successful,,,1,2026-08-22 01:46:42.086072
UNSEEN_PAY_006009,UNSEEN_CUST_01255,15249.35,upi,successful,,,1,2026-07-25 22:14:42.086072
UNSEEN_PAY_006010,UNSEEN_CUST_01202,49895.96,netbanking,successful,,,1,2026-08-03 22:38:42.086072
UNSEEN_PAY_006011,UNSEEN_CUST_00811,26949.05,netbanking,successful,,,1,2026-08-07 08:58:42.086072
UNSEEN_PAY_006012,UNSEEN_CUST_00359,17276.02,upi,failed,NETWORK_TIMEOUT,timeout,2,2026-06-25 09:49:42.086072
UNSEEN_PAY_006013,UNSEEN_CUST_00155,11077.36,card,successful,,,1,2026-08-19 05:43:42.086072
UNSEEN_PAY_006014,UNSEEN_CUST_01269,23589.77,upi,failed,FUNDS_NOT_AVAILABLE,insufficient_funds,2,2026-08-17 22:47:42.086072
UNSEEN_PAY_006015,UNSEEN_CUST_00364,44342.39,upi,failed,UNKNOWN_ERROR,unknown_failure,1,2026-06-02 08:19:42.086072
UNSEEN_PAY_006016,UNSEEN_CUST_01316,1907.45,card,successful,,,1,2026-08-04 11:54:42.086072
UNSEEN_PAY_006017,UNSEEN_CUST_00011,1728.8,netbanking,failed,INSUFFICIENT_BALANCE,insufficient_funds,1,2026-06-06 17:54:42.086072
UNSEEN_PAY_006018,UNSEEN_CUST_01586,24533.66,upi,failed,POLICY_DECLINED,risk_decline,1,2026-06-24 13:30:42.086072
UNSEEN_PAY_006019,UNSEEN_CUST_01887,44270.12,upi,successful,,,1,2026-08-03 22:53:42.086072
UNSEEN_PAY_006020,UNSEEN_CUST_01338,27907.21,card,successful,,,1,2026-06-10 04:39:42.087074
UNSEEN_PAY_006021,UNSEEN_CUST_00760,34046.16,upi,failed,CUSTOMER_AUTH_FAILED,authentication_failed,1,2026-06-17 09:06:42.087074
UNSEEN_PAY_006022,UNSEEN_CUST_00963,9327.49,upi,successful,,,1,2026-07-06 19:01:42.087074
UNSEEN_PAY_006023,UNSEEN_CUST_00233,31769.95,card,successful,,,1,2026-08-15 12:28:42.087074
UNSEEN_PAY_006024,UNSEEN_CUST_01462,24157.26,netbanking,failed,FUNDS_NOT_AVAILABLE,insufficient_funds,1,2026-05-30 01:05:42.087074
UNSEEN_PAY_006025,UNSEEN_CUST_01053,49244.0,upi,successful,,,1,2026-06-04 09:37:42.087074
UNSEEN_PAY_006026,UNSEEN_CUST_00520,45863.31,netbanking,successful,,,1,2026-07-19 08:01:42.087074
UNSEEN_PAY_006027,UNSEEN_CUST_00526,11338.22,upi,successful,,,1,2026-06-13 04:51:42.087074
UNSEEN_PAY_006028,UNSEEN_CUST_01046,10886.7,upi,successful,,,1,2026-07-17 18:01:42.087074
UNSEEN_PAY_006029,UNSEEN_CUST_01578,47196.7,card,successful,,,1,2026-07-03 00:35:42.087074
UNSEEN_PAY_006030,UNSEEN_CUST_01126,15105.84,upi,successful,,,1,2026-06-30 18:49:42.087074
UNSEEN_PAY_006031,UNSEEN_CUST_00596,40390.99,upi,successful,,,2,2026-05-28 19:48:42.087074
UNSEEN_PAY_006032,UNSEEN_CUST_01413,25793.87,netbanking,successful,,,1,2026-07-29 15:59:42.087074
UNSEEN_PAY_006033,UNSEEN_CUST_00072,14197.24,upi,successful,,,1,2026-08-02 16:36:42.087074
UNSEEN_PAY_006034,UNSEEN_CUST_00463,28003.87,card,failed,TRANSACTION_LIMIT_EXCEEDED,limit_exceeded,1,2026-07-24 21:34:42.087074
UNSEEN_PAY_006035,UNSEEN_CUST_00899,7979.55,upi,successful,,,1,2026-06-14 13:02:42.087074
UNSEEN_PAY_006036,UNSEEN_CUST_01454,46505.82,upi,failed,UNKNOWN_ERROR,unknown_failure,1,2026-06-29 10:01:42.088067
UNSEEN_PAY_006037,UNSEEN_CUST_01089,60119.25,card,successful,,,1,2026-07-04 14:16:42.088067
UNSEEN_PAY_006038,UNSEEN_CUST_00661,5668.05,card,successful,,,1,2026-06-14 13:49:42.088067
UNSEEN_PAY_006039,UNSEEN_CUST_01467,28927.31,netbanking,successful,,,1,2026-07-17 10:50:42.088067
UNSEEN_PAY_006040,UNSEEN_CUST_00903,47693.8,upi,successful,,,1,2026-07-03 03:26:42.088067
UNSEEN_PAY_006041,UNSEEN_CUST_00572,46025.3,upi,successful,,,1,2026-07-05 11:43:42.088067
UNSEEN_PAY_006042,UNSEEN_CUST_00549,21619.56,upi,successful,,,1,2026-07-01 10:25:42.088067
UNSEEN_PAY_006043,UNSEEN_CUST_01656,37739.04,upi,successful,,,2,2026-06-03 14:55:42.088067
UNSEEN_PAY_006044,UNSEEN_CUST_01619,45638.02,upi,successful,,,1,2026-08-14 02:31:42.088067
UNSEEN_PAY_006045,UNSEEN_CUST_00040,42921.06,card,successful,,,1,2026-07-16 13:57:42.088067
UNSEEN_PAY_006046,UNSEEN_CUST_00154,47012.18,upi,successful,,,1,2026-08-04 03:52:42.088067
UNSEEN_PAY_006047,UNSEEN_CUST_00406,16222.59,upi,successful,,,1,2026-08-11 07:56:42.088067
UNSEEN_PAY_006048,UNSEEN_CUST_01000,79284.56,card,successful,,,1,2026-06-25 19:54:42.088067
UNSEEN_PAY_006049,UNSEEN_CUST_01101,17706.61,upi,successful,,,1,2026-05-29 02:50:42.088067
UNSEEN_PAY_006050,UNSEEN_CUST_01850,19939.45,card,successful,,,1,2026-06-24 01:40:42.088067
UNSEEN_PAY_006051,UNSEEN_CUST_01517,80929.7,upi,failed,INSTRUMENT_EXPIRED,expired_instrument,1,2026-06-07 09:11:42.088067
UNSEEN_PAY_006052,UNSEEN_CUST_00490,3477.56,netbanking,successful,,,1,2026-07-03 12:18:42.088067
UNSEEN_PAY_006053,UNSEEN_CUST_01397,34565.29,card,successful,,,1,2026-06-28 09:39:42.088067
UNSEEN_PAY_006054,UNSEEN_CUST_00247,39529.46,card,successful,,,1,2026-07-26 13:03:42.088067
UNSEEN_PAY_006055,UNSEEN_CUST_00946,6593.87,card,successful,,,2,2026-07-16 21:15:42.089077
UNSEEN_PAY_006056,UNSEEN_CUST_00344,13274.44,card,successful,,,1,2026-07-24 09:49:42.089077
UNSEEN_PAY_006057,UNSEEN_CUST_01315,33783.66,upi,failed,NETWORK_TIMEOUT,timeout,1,2026-08-04 11:14:42.089077
UNSEEN_PAY_006058,UNSEEN_CUST_00703,14816.44,netbanking,successful,,,1,2026-06-23 20:50:42.089077
UNSEEN_PAY_006059,UNSEEN_CUST_00748,4974.41,upi,successful,,,1,2026-08-20 17:57:42.089077
UNSEEN_PAY_006060,UNSEEN_CUST_00420,47466.44,upi,successful,,,2,2026-06-09 11:37:42.089077
UNSEEN_PAY_006061,UNSEEN_CUST_00576,49304.41,upi,successful,,,1,2026-08-11 04:19:42.089077
UNSEEN_PAY_006062,UNSEEN_CUST_00349,12774.45,card,successful,,,2,2026-08-19 19:35:42.089077
UNSEEN_PAY_006063,UNSEEN_CUST_00076,13009.22,card,successful,,,1,2026-07-17 03:15:42.089077
UNSEEN_PAY_006064,UNSEEN_CUST_00596,5073.09,card,failed,INSUFFICIENT_BALANCE,insufficient_funds,1,2026-06-16 14:04:42.089077
UNSEEN_PAY_006065,UNSEEN_CUST_00736,6289.01,upi,successful,,,1,2026-08-01 07:02:42.089077
UNSEEN_PAY_006066,UNSEEN_CUST_00551,33674.76,netbanking,successful,,,1,2026-08-11 23:08:42.089987
UNSEEN_PAY_006067,UNSEEN_CUST_00681,36624.3,card,successful,,,2,2026-07-17 01:16:42.089987
UNSEEN_PAY_006068,UNSEEN_CUST_00650,43321.29,netbanking,successful,,,2,2026-07-18 14:34:42.089987
UNSEEN_PAY_006069,UNSEEN_CUST_01840,91086.09,upi,failed,LIMIT_EXCEEDED,limit_exceeded,1,2026-06-09 14:45:42.089987
UNSEEN_PAY_006070,UNSEEN_CUST_00494,15497.66,upi,successful,,,1,2026-08-17 06:49:42.089987
UNSEEN_PAY_006071,UNSEEN_CUST_00032,1131.89,upi,successful,,,1,2026-06-10 02:13:42.089987
UNSEEN_PAY_006072,UNSEEN_CUST_01457,39894.31,netbanking,successful,,,1,2026-06-21 13:40:42.089987
UNSEEN_PAY_006073,UNSEEN_CUST_00814,1427.27,card,successful,,,1,2026-06-30 12:21:42.089987
UNSEEN_PAY_006074,UNSEEN_CUST_01055,12405.69,upi,failed,INSTRUMENT_EXPIRED,expired_instrument,1,2026-07-14 02:48:42.089987
UNSEEN_PAY_006075,UNSEEN_CUST_00754,11197.95,card,successful,,,1,2026-07-16 12:26:42.089987
UNSEEN_PAY_006076,UNSEEN_CUST_01273,8695.94,upi,failed,INSUFFICIENT_BALANCE,insufficient_funds,1,2026-07-01 10:24:42.089987
UNSEEN_PAY_006077,UNSEEN_CUST_00394,22267.45,netbanking,failed,BANK_TEMPORARY_ERROR,temporary_bank_failure,1,2026-06-23 17:51:42.089987
UNSEEN_PAY_006078,UNSEEN_CUST_01111,36366.33,upi,successful,,,1,2026-08-07 10:06:42.089987
UNSEEN_PAY_006079,UNSEEN_CUST_00080,19532.11,upi,successful,,,1,2026-06-19 03:59:42.089987
UNSEEN_PAY_006080,UNSEEN_CUST_01130,27290.17,upi,successful,,,1,2026-08-03 06:04:42.089987
UNSEEN_PAY_006081,UNSEEN_CUST_00719,5689.56,card,successful,,,1,2026-07-05 03:20:42.089987
UNSEEN_PAY_006082,UNSEEN_CUST_01654,47649.86,card,successful,,,1,2026-07-07 16:55:42.091071
UNSEEN_PAY_006083,UNSEEN_CUST_01505,25203.17,card,failed,PROCESSING_TIMEOUT,timeout,1,2026-08-16 03:40:42.091071
UNSEEN_PAY_006084,UNSEEN_CUST_00242,30275.36,card,successful,,,1,2026-08-17 03:25:42.091071
UNSEEN_PAY_006085,UNSEEN_CUST_01867,6761.41,netbanking,successful,,,1,2026-06-23 14:00:42.091071
UNSEEN_PAY_006086,UNSEEN_CUST_00814,44973.8,upi,successful,,,1,2026-07-21 02:33:42.091071
UNSEEN_PAY_006087,UNSEEN_CUST_01500,9661.64,upi,successful,,,1,2026-06-25 20:44:42.091071
UNSEEN_PAY_006088,UNSEEN_CUST_00330,8717.85,netbanking,successful,,,1,2026-07-02 15:30:42.091071
UNSEEN_PAY_006089,UNSEEN_CUST_01594,3547.26,upi,failed,NETWORK_TIMEOUT,timeout,2,2026-08-18 02:16:42.091071
UNSEEN_PAY_006090,UNSEEN_CUST_01877,1014.85,upi,successful,,,1,2026-07-19 17:33:42.091071
UNSEEN_PAY_006091,UNSEEN_CUST_00417,17438.51,card,successful,,,1,2026-07-11 04:55:42.091071
UNSEEN_PAY_006092,UNSEEN_CUST_00949,17533.39,card,successful,,,1,2026-07-13 08:22:42.091071
UNSEEN_PAY_006093,UNSEEN_CUST_01187,41606.23,netbanking,successful,,,1,2026-06-30 14:35:42.091071
UNSEEN_PAY_006094,UNSEEN_CUST_00053,85092.61,upi,successful,,,2,2026-08-08 14:43:42.091071
UNSEEN_PAY_006095,UNSEEN_CUST_00532,39939.7,upi,successful,,,1,2026-05-30 21:12:42.091071
UNSEEN_PAY_006096,UNSEEN_CUST_01771,21073.02,netbanking,successful,,,1,2026-06-15 21:23:42.091071
UNSEEN_PAY_006097,UNSEEN_CUST_00681,11077.33,upi,successful,,,1,2026-06-02 06:55:42.091071
UNSEEN_PAY_006098,UNSEEN_CUST_01942,75056.24,card,successful,,,1,2026-06-03 13:30:42.091071
UNSEEN_PAY_006099,UNSEEN_CUST_01173,17050.92,upi,successful,,,2,2026-06-29 07:27:42.091071
UNSEEN_PAY_006100,UNSEEN_CUST_00595,40502.33,upi,failed,FUNDS_NOT_AVAILABLE,insufficient_funds,1,2026-07-26 23:55:42.092071
UNSEEN_PAY_006101,UNSEEN_CUST_01371,43830.72,upi,successful,,,1,2026-07-21 10:49:42.092071
UNSEEN_PAY_006102,UNSEEN_CUST_00701,11019.2,card,successful,,,1,2026-08-25 19:12:42.092071
UNSEEN_PAY_006103,UNSEEN_CUST_00563,21025.95,upi,successful,,,1,2026-07-27 16:39:42.092071
UNSEEN_PAY_006104,UNSEEN_CUST_00477,18665.17,upi,successful,,,1,2026-08-12 02:01:42.092071
UNSEEN_PAY_006105,UNSEEN_CUST_00604,48447.41,upi,successful,,,1,2026-08-13 21:22:42.092071
UNSEEN_PAY_006106,UNSEEN_CUST_00736,18277.94,card,successful,,,1,2026-06-07 08:33:42.092071
UNSEEN_PAY_006107,UNSEEN_CUST_01805,45284.79,card,successful,,,1,2026-07-24 13:44:42.092071
UNSEEN_PAY_006108,UNSEEN_CUST_01670,31099.53,upi,successful,,,1,2026-08-20 13:03:42.092071
UNSEEN_PAY_006109,UNSEEN_CUST_01857,16934.31,upi,successful,,,1,2026-07-04 22:12:42.092071
UNSEEN_PAY_006110,UNSEEN_CUST_00813,3288.07,upi,failed,,unknown_failure,2,2026-06-25 14:34:42.092071
UNSEEN_PAY_006111,UNSEEN_CUST_01499,41663.02,netbanking,failed,CARD_EXPIRED,expired_instrument,2,2026-07-25 07:07:42.092071
UNSEEN_PAY_006112,UNSEEN_CUST_01831,17241.38,card,successful,,,1,2026-07-24 14:35:42.092071
UNSEEN_PAY_006113,UNSEEN_CUST_01464,35394.67,upi,successful,,,1,2026-07-19 12:40:42.092071
UNSEEN_PAY_006114,UNSEEN_CUST_00424,23898.73,card,failed,UNSPECIFIED_DECLINE,timeout,1,2026-07-06 01:58:42.092071
UNSEEN_PAY_006115,UNSEEN_CUST_00051,67744.45,netbanking,successful,,,1,2026-07-31 03:36:42.092071
UNSEEN_PAY_006116,UNSEEN_CUST_00454,44494.7,upi,successful,,,1,2026-08-15 13:55:42.093071
UNSEEN_PAY_006117,UNSEEN_CUST_00789,17261.55,upi,successful,,,1,2026-06-18 20:03:42.093071
UNSEEN_PAY_006118,UNSEEN_CUST_01580,29380.12,netbanking,successful,,,1,2026-07-01 11:16:42.093071
UNSEEN_PAY_006119,UNSEEN_CUST_00811,27691.12,card,successful,,,1,2026-06-29 07:49:42.093071
UNSEEN_PAY_006120,UNSEEN_CUST_00278,31002.35,card,failed,FUNDS_NOT_AVAILABLE,insufficient_funds,1,2026-08-21 12:31:42.093071
UNSEEN_PAY_006121,UNSEEN_CUST_00738,13095.46,upi,successful,,,1,2026-06-04 06:09:42.093071
UNSEEN_PAY_006122,UNSEEN_CUST_00883,39222.13,netbanking,successful,,,1,2026-08-22 18:10:42.093071
UNSEEN_PAY_006123,UNSEEN_CUST_01636,85650.3,upi,successful,,,1,2026-05-28 04:10:42.093071
UNSEEN_PAY_006124,UNSEEN_CUST_00051,28216.66,upi,successful,,,1,2026-06-06 09:53:42.093071
UNSEEN_PAY_006125,UNSEEN_CUST_00867,20494.12,upi,successful,,,3,2026-06-16 13:10:42.093071
UNSEEN_PAY_006126,UNSEEN_CUST_00662,27744.55,upi,successful,,,2,2026-06-17 04:39:42.093071
UNSEEN_PAY_006127,UNSEEN_CUST_01495,22168.61,upi,successful,,,1,2026-08-11 18:17:42.093071
UNSEEN_PAY_006128,UNSEEN_CUST_01055,15280.82,netbanking,failed,RISK_DECLINED,risk_decline,1,2026-07-13 01:03:42.093071
UNSEEN_PAY_006129,UNSEEN_CUST_00311,25809.85,card,failed,POLICY_DECLINED,risk_decline,1,2026-07-11 21:52:42.093071
UNSEEN_PAY_006130,UNSEEN_CUST_00044,39077.37,upi,failed,RISK_DECLINED,risk_decline,1,2026-08-08 05:54:42.093071
UNSEEN_PAY_006131,UNSEEN_CUST_01106,3574.94,upi,successful,,,2,2026-08-05 06:57:42.093071
UNSEEN_PAY_006132,UNSEEN_CUST_00402,13664.85,card,successful,,,1,2026-06-13 02:45:42.094068
UNSEEN_PAY_006133,UNSEEN_CUST_00854,24537.29,upi,successful,,,1,2026-08-25 15:09:42.094068
UNSEEN_PAY_006134,UNSEEN_CUST_01743,2109.03,upi,successful,,,2,2026-08-10 23:20:42.094068
UNSEEN_PAY_006135,UNSEEN_CUST_01579,23137.59,upi,successful,,,1,2026-07-11 17:25:42.094068
UNSEEN_PAY_006136,UNSEEN_CUST_00094,25400.38,upi,successful,,,1,2026-06-22 20:40:42.094068
UNSEEN_PAY_006137,UNSEEN_CUST_00876,2365.12,upi,successful,,,1,2026-08-13 15:28:42.094068
UNSEEN_PAY_006138,UNSEEN_CUST_00664,71410.35,upi,successful,,,1,2026-07-15 10:11:42.094068
UNSEEN_PAY_006139,UNSEEN_CUST_00388,15253.43,upi,successful,,,1,2026-08-26 06:08:42.094068
UNSEEN_PAY_006140,UNSEEN_CUST_00887,43875.7,card,successful,,,1,2026-06-08 07:12:42.094068
UNSEEN_PAY_006141,UNSEEN_CUST_01304,30091.04,netbanking,successful,,,2,2026-06-22 15:16:42.094068
UNSEEN_PAY_006142,UNSEEN_CUST_01307,20908.99,upi,failed,INSUFFICIENT_BALANCE,insufficient_funds,1,2026-07-23 06:07:42.094068
UNSEEN_PAY_006143,UNSEEN_CUST_01180,43731.04,upi,successful,,,1,2026-07-04 23:52:42.094068
UNSEEN_PAY_006144,UNSEEN_CUST_01772,45263.91,upi,successful,,,1,2026-07-15 22:53:42.094068
UNSEEN_PAY_006145,UNSEEN_CUST_01342,17161.11,netbanking,successful,,,1,2026-07-21 09:36:42.094068
UNSEEN_PAY_006146,UNSEEN_CUST_01126,31856.57,upi,successful,,,1,2026-07-10 10:50:42.094068
UNSEEN_PAY_006147,UNSEEN_CUST_00193,85882.24,upi,successful,,,1,2026-07-17 17:47:42.094068
UNSEEN_PAY_006148,UNSEEN_CUST_00469,23625.94,upi,successful,,,1,2026-06-08 12:18:42.094068
UNSEEN_PAY_006149,UNSEEN_CUST_01688,18896.4,upi,successful,,,1,2026-06-11 18:00:42.094068
UNSEEN_PAY_006150,UNSEEN_CUST_00935,87323.39,upi,successful,,,1,2026-06-24 20:40:42.095071
UNSEEN_PAY_006151,UNSEEN_CUST_01183,5068.62,upi,successful,,,1,2026-06-10 09:20:42.095071
UNSEEN_PAY_006152,UNSEEN_CUST_01288,15282.65,upi,successful,,,1,2026-08-08 00:09:42.095071
UNSEEN_PAY_006153,UNSEEN_CUST_01791,44591.25,netbanking,successful,,,1,2026-06-06 20:42:42.095071
UNSEEN_PAY_006154,UNSEEN_CUST_01597,29983.45,card,successful,,,1,2026-08-01 18:42:42.095071
UNSEEN_PAY_006155,UNSEEN_CUST_00446,8832.78,netbanking,successful,,,1,2026-08-26 05:42:42.095071
UNSEEN_PAY_006156,UNSEEN_CUST_00040,20491.96,netbanking,failed,TRANSACTION_LIMIT_EXCEEDED,limit_exceeded,1,2026-07-23 00:03:42.095071
UNSEEN_PAY_006157,UNSEEN_CUST_01976,13996.25,card,successful,,,1,2026-06-09 02:26:42.095071
UNSEEN_PAY_006158,UNSEEN_CUST_00811,42938.04,upi,successful,,,1,2026-06-24 15:01:42.095071
UNSEEN_PAY_006159,UNSEEN_CUST_00075,45457.39,card,successful,,,1,2026-07-24 01:17:42.095071
UNSEEN_PAY_006160,UNSEEN_CUST_00597,48947.72,card,successful,,,1,2026-07-11 18:38:42.095071
UNSEEN_PAY_006161,UNSEEN_CUST_00914,41988.94,card,successful,,,1,2026-08-24 22:27:42.095071
UNSEEN_PAY_006162,UNSEEN_CUST_01812,24836.84,upi,failed,BANK_SERVICE_UNAVAILABLE,temporary_bank_failure,1,2026-08-07 04:06:42.095071
UNSEEN_PAY_006163,UNSEEN_CUST_00575,35722.36,netbanking,successful,,,1,2026-08-14 23:17:42.095071
UNSEEN_PAY_006164,UNSEEN_CUST_00888,6522.79,card,successful,,,1,2026-06-16 13:21:42.095071
UNSEEN_PAY_006165,UNSEEN_CUST_01088,30539.89,netbanking,successful,,,1,2026-06-03 02:23:42.095071
UNSEEN_PAY_006166,UNSEEN_CUST_01958,28357.1,card,successful,,,1,2026-07-10 17:04:42.095071
UNSEEN_PAY_006167,UNSEEN_CUST_01531,46289.7,upi,successful,,,1,2026-07-11 09:48:42.095071
UNSEEN_PAY_006168,UNSEEN_CUST_01071,9632.51,upi,failed,,unknown_failure,1,2026-06-22 14:41:42.096069
UNSEEN_PAY_006169,UNSEEN_CUST_01745,69182.94,card,successful,,,1,2026-07-08 23:03:42.096069
UNSEEN_PAY_006170,UNSEEN_CUST_00322,4928.76,netbanking,successful,,,1,2026-05-28 04:55:42.096069
UNSEEN_PAY_006171,UNSEEN_CUST_00546,30159.76,card,successful,,,1,2026-06-08 09:31:42.096069
UNSEEN_PAY_006172,UNSEEN_CUST_01132,5486.44,netbanking,successful,,,1,2026-08-06 18:35:42.096069
UNSEEN_PAY_006173,UNSEEN_CUST_00231,90134.13,card,successful,,,1,2026-08-22 17:42:42.096069
UNSEEN_PAY_006174,UNSEEN_CUST_01611,29896.78,upi,successful,,,1,2026-07-02 04:11:42.096069
UNSEEN_PAY_006175,UNSEEN_CUST_00618,42772.31,card,failed,UNSPECIFIED_DECLINE,insufficient_funds,1,2026-07-24 23:12:42.096069
UNSEEN_PAY_006176,UNSEEN_CUST_00811,17494.47,upi,successful,,,1,2026-06-07 07:20:42.096069
UNSEEN_PAY_006177,UNSEEN_CUST_01916,7193.37,card,failed,INSUFFICIENT_BALANCE,insufficient_funds,1,2026-08-08 17:36:42.096069
UNSEEN_PAY_006178,UNSEEN_CUST_00457,12490.23,upi,successful,,,1,2026-08-04 22:00:42.096069
UNSEEN_PAY_006179,UNSEEN_CUST_00483,5200.53,netbanking,failed,UNSPECIFIED_DECLINE,temporary_bank_failure,1,2026-08-05 11:25:42.096069
UNSEEN_PAY_006180,UNSEEN_CUST_01638,15494.26,upi,successful,,,1,2026-08-22 15:21:42.096069
UNSEEN_PAY_006181,UNSEEN_CUST_01994,90605.43,netbanking,successful,,,1,2026-08-20 14:39:42.096069
UNSEEN_PAY_006182,UNSEEN_CUST_01369,30554.76,upi,successful,,,1,2026-08-09 17:07:42.096069
UNSEEN_PAY_006183,UNSEEN_CUST_01206,26521.66,upi,successful,,,1,2026-06-02 20:08:42.096069
UNSEEN_PAY_006184,UNSEEN_CUST_00930,26505.75,upi,successful,,,1,2026-06-15 07:37:42.096069
UNSEEN_PAY_006185,UNSEEN_CUST_00596,41321.01,upi,failed,BANK_SERVICE_UNAVAILABLE,temporary_bank_failure,1,2026-06-21 03:15:42.097065
UNSEEN_PAY_006186,UNSEEN_CUST_00047,12546.85,card,failed,CUSTOMER_AUTH_FAILED,authentication_failed,1,2026-06-29 19:21:42.097065
UNSEEN_PAY_006187,UNSEEN_CUST_01676,21431.67,card,successful,,,1,2026-08-04 02:53:42.097065
UNSEEN_PAY_006188,UNSEEN_CUST_01338,10619.84,card,successful,,,1,2026-07-27 19:36:42.097065
UNSEEN_PAY_006189,UNSEEN_CUST_01672,57200.67,card,successful,,,1,2026-07-05 05:32:42.097065
UNSEEN_PAY_006190,UNSEEN_CUST_01142,6446.87,card,successful,,,1,2026-07-04 16:55:42.097065
UNSEEN_PAY_006191,UNSEEN_CUST_00410,6915.56,upi,successful,,,1,2026-06-20 07:54:42.097065
UNSEEN_PAY_006192,UNSEEN_CUST_00651,33063.56,upi,successful,,,1,2026-06-13 00:17:42.097065
UNSEEN_PAY_006193,UNSEEN_CUST_01118,45665.28,upi,failed,BANK_TEMPORARY_ERROR,temporary_bank_failure,1,2026-07-08 08:31:42.097065
UNSEEN_PAY_006194,UNSEEN_CUST_00561,4584.81,netbanking,successful,,,2,2026-06-30 19:57:42.097065
UNSEEN_PAY_006195,UNSEEN_CUST_01075,52629.26,card,successful,,,1,2026-06-18 15:44:42.097065
UNSEEN_PAY_006196,UNSEEN_CUST_00202,87221.18,upi,successful,,,1,2026-07-23 21:24:42.097065
UNSEEN_PAY_006197,UNSEEN_CUST_01758,19905.57,upi,successful,,,1,2026-07-08 08:12:42.097065
UNSEEN_PAY_006198,UNSEEN_CUST_01075,7613.67,card,successful,,,2,2026-06-30 04:11:42.097065
UNSEEN_PAY_006199,UNSEEN_CUST_01177,68060.44,netbanking,successful,,,2,2026-07-14 10:50:42.097065
UNSEEN_PAY_006200,UNSEEN_CUST_00393,22102.58,upi,successful,,,1,2026-06-10 09:50:42.097065
UNSEEN_PAY_006201,UNSEEN_CUST_01581,35541.1,card,successful,,,1,2026-06-03 00:34:42.097065
UNSEEN_PAY_006202,UNSEEN_CUST_01417,34840.94,card,successful,,,1,2026-06-03 11:58:42.097065
UNSEEN_PAY_006203,UNSEEN_CUST_00026,37829.03,card,successful,,,1,2026-07-12 02:18:42.098073
UNSEEN_PAY_006204,UNSEEN_CUST_01770,78200.15,upi,successful,,,2,2026-07-26 13:48:42.098073
UNSEEN_PAY_006205,UNSEEN_CUST_01960,11798.92,netbanking,successful,,,2,2026-06-07 04:56:42.098073
UNSEEN_PAY_006206,UNSEEN_CUST_00382,11512.09,card,successful,,,1,2026-08-13 04:09:42.098073
UNSEEN_PAY_006207,UNSEEN_CUST_00887,23263.01,upi,successful,,,1,2026-06-12 04:14:42.098073
UNSEEN_PAY_006208,UNSEEN_CUST_01600,15893.32,upi,failed,POLICY_DECLINED,risk_decline,1,2026-07-06 04:43:42.098073
UNSEEN_PAY_006209,UNSEEN_CUST_00890,92827.82,upi,successful,,,1,2026-07-24 16:13:42.098073
UNSEEN_PAY_006210,UNSEEN_CUST_01608,48550.43,netbanking,failed,CARD_BLOCKED,blocked_instrument,1,2026-07-12 12:46:42.098073
UNSEEN_PAY_006211,UNSEEN_CUST_00929,13276.29,netbanking,failed,CARD_BLOCKED,blocked_instrument,1,2026-07-16 06:58:42.098073
UNSEEN_PAY_006212,UNSEEN_CUST_00975,29064.88,card,successful,,,1,2026-06-20 20:46:42.098073
UNSEEN_PAY_006213,UNSEEN_CUST_01349,9355.37,card,successful,,,1,2026-08-24 23:10:42.098073
UNSEEN_PAY_006214,UNSEEN_CUST_00488,18402.96,upi,successful,,,1,2026-06-07 19:44:42.098073
UNSEEN_PAY_006215,UNSEEN_CUST_01538,4137.87,netbanking,successful,,,1,2026-07-11 08:58:42.098073
UNSEEN_PAY_006216,UNSEEN_CUST_01621,4463.82,upi,failed,CUSTOMER_AUTH_FAILED,authentication_failed,1,2026-06-03 18:32:42.098073
UNSEEN_PAY_006217,UNSEEN_CUST_00777,26985.76,upi,successful,,,1,2026-06-30 01:45:42.098073
UNSEEN_PAY_006218,UNSEEN_CUST_01321,32879.05,netbanking,successful,,,1,2026-07-24 18:57:42.098073
UNSEEN_PAY_006219,UNSEEN_CUST_01619,5272.47,netbanking,successful,,,1,2026-06-30 06:56:42.098073
UNSEEN_PAY_006220,UNSEEN_CUST_01851,49674.95,upi,successful,,,1,2026-08-10 19:14:42.099066
UNSEEN_PAY_006221,UNSEEN_CUST_00232,4965.88,upi,failed,INSUFFICIENT_BALANCE,insufficient_funds,1,2026-08-17 12:18:42.099066
UNSEEN_PAY_006222,UNSEEN_CUST_01277,17634.24,netbanking,successful,,,1,2026-08-15 18:04:42.099066
UNSEEN_PAY_006223,UNSEEN_CUST_01629,2035.37,upi,successful,,,1,2026-05-28 06:35:42.099066
UNSEEN_PAY_006224,UNSEEN_CUST_01946,3204.78,upi,successful,,,1,2026-07-30 05:16:42.099066
UNSEEN_PAY_006225,UNSEEN_CUST_01267,10856.96,card,successful,,,1,2026-06-14 07:49:42.099066
UNSEEN_PAY_006226,UNSEEN_CUST_01604,47178.86,upi,successful,,,1,2026-07-12 17:19:42.099066
UNSEEN_PAY_006227,UNSEEN_CUST_01620,12956.5,card,successful,,,1,2026-07-23 19:53:42.099066
UNSEEN_PAY_006228,UNSEEN_CUST_01282,47292.11,upi,successful,,,1,2026-07-02 16:50:42.099066
UNSEEN_PAY_006229,UNSEEN_CUST_01295,3217.17,card,successful,,,1,2026-08-20 13:02:42.099066
UNSEEN_PAY_006230,UNSEEN_CUST_00558,19063.54,upi,successful,,,2,2026-06-21 01:59:42.099066
UNSEEN_PAY_006231,UNSEEN_CUST_01461,33107.11,upi,successful,,,1,2026-08-17 15:18:42.099066
UNSEEN_PAY_006232,UNSEEN_CUST_01029,11690.31,upi,successful,,,1,2026-08-02 17:20:42.099066
UNSEEN_PAY_006233,UNSEEN_CUST_00208,5543.72,netbanking,failed,INSTRUMENT_BLOCKED,blocked_instrument,2,2026-06-14 01:02:42.099066
UNSEEN_PAY_006234,UNSEEN_CUST_01083,15009.03,card,successful,,,1,2026-07-27 02:23:42.099066
UNSEEN_PAY_006235,UNSEEN_CUST_01103,33810.19,card,successful,,,1,2026-06-02 07:05:42.099066
UNSEEN_PAY_006236,UNSEEN_CUST_00858,4550.46,netbanking,failed,UNKNOWN_ERROR,unknown_failure,1,2026-07-18 05:52:42.099066
UNSEEN_PAY_006237,UNSEEN_CUST_00015,24150.75,upi,successful,,,1,2026-07-03 01:29:42.099066
UNSEEN_PAY_006238,UNSEEN_CUST_01226,20659.61,upi,successful,,,1,2026-08-10 14:49:42.099066
UNSEEN_PAY_006239,UNSEEN_CUST_00162,55862.81,upi,successful,,,1,2026-05-29 11:49:42.100066
UNSEEN_PAY_006240,UNSEEN_CUST_00951,33967.32,upi,successful,,,1,2026-07-13 12:20:42.100066
UNSEEN_PAY_006241,UNSEEN_CUST_00963,40784.96,card,successful,,,1,2026-07-23 03:53:42.100066
UNSEEN_PAY_006242,UNSEEN_CUST_01180,38098.17,card,successful,,,1,2026-07-11 18:55:42.100066
UNSEEN_PAY_006243,UNSEEN_CUST_01939,37853.17,upi,successful,,,1,2026-07-13 20:20:42.100066
UNSEEN_PAY_006244,UNSEEN_CUST_00610,29182.26,upi,failed,BANK_TEMPORARY_ERROR,temporary_bank_failure,1,2026-08-08 14:56:42.100066
UNSEEN_PAY_006245,UNSEEN_CUST_01112,43908.73,card,successful,,,1,2026-07-17 15:03:42.100066
UNSEEN_PAY_006246,UNSEEN_CUST_00944,17751.98,card,successful,,,2,2026-07-31 00:58:42.100066
UNSEEN_PAY_006247,UNSEEN_CUST_00926,30598.41,card,successful,,,1,2026-06-23 21:25:42.100066
UNSEEN_PAY_006248,UNSEEN_CUST_01835,36512.34,card,successful,,,2,2026-08-02 23:25:42.100066
UNSEEN_PAY_006249,UNSEEN_CUST_00859,26940.04,upi,successful,,,1,2026-07-02 05:51:42.100066
UNSEEN_PAY_006250,UNSEEN_CUST_01321,45879.66,netbanking,failed,BANK_SERVICE_UNAVAILABLE,temporary_bank_failure,1,2026-06-03 02:25:42.100066
UNSEEN_PAY_006251,UNSEEN_CUST_00084,1990.16,card,failed,INSUFFICIENT_BALANCE,insufficient_funds,2,2026-08-06 11:57:42.100066
UNSEEN_PAY_006252,UNSEEN_CUST_01340,6332.25,upi,failed,LIMIT_EXCEEDED,limit_exceeded,1,2026-08-15 15:22:42.100066
UNSEEN_PAY_006253,UNSEEN_CUST_00121,11578.27,card,successful,,,1,2026-06-21 09:32:42.100066
UNSEEN_PAY_006254,UNSEEN_CUST_00299,13028.81,card,successful,,,1,2026-08-08 22:23:42.100066
UNSEEN_PAY_006255,UNSEEN_CUST_00435,43057.01,card,successful,,,1,2026-08-12 07:26:42.101073
UNSEEN_PAY_006256,UNSEEN_CUST_00491,19015.84,upi,successful,,,1,2026-07-30 10:33:42.101073
UNSEEN_PAY_006257,UNSEEN_CUST_01194,41767.8,upi,failed,BANK_SERVICE_UNAVAILABLE,temporary_bank_failure,1,2026-07-16 03:06:42.101073
UNSEEN_PAY_006258,UNSEEN_CUST_01643,21826.12,card,successful,,,1,2026-07-09 19:55:42.101073
UNSEEN_PAY_006259,UNSEEN_CUST_01451,37678.27,upi,successful,,,1,2026-06-14 11:09:42.101073
UNSEEN_PAY_006260,UNSEEN_CUST_00945,39114.97,upi,successful,,,1,2026-07-30 20:47:42.101073
UNSEEN_PAY_006261,UNSEEN_CUST_01110,8941.52,card,successful,,,1,2026-05-30 02:03:42.101073
UNSEEN_PAY_006262,UNSEEN_CUST_01786,26271.79,upi,successful,,,1,2026-07-21 05:23:42.101073
UNSEEN_PAY_006263,UNSEEN_CUST_01559,39343.67,card,successful,,,1,2026-08-13 11:04:42.101073
UNSEEN_PAY_006264,UNSEEN_CUST_01289,23227.93,netbanking,successful,,,1,2026-06-03 02:00:42.101073
UNSEEN_PAY_006265,UNSEEN_CUST_01884,38703.48,netbanking,failed,INSUFFICIENT_BALANCE,insufficient_funds,1,2026-07-08 19:29:42.101073
UNSEEN_PAY_006266,UNSEEN_CUST_01514,7047.38,upi,successful,,,1,2026-06-04 16:08:42.101073
UNSEEN_PAY_006267,UNSEEN_CUST_01539,22005.15,upi,successful,,,1,2026-07-02 19:09:42.101073
UNSEEN_PAY_006268,UNSEEN_CUST_01022,10123.05,card,successful,,,1,2026-06-24 06:02:42.101073
UNSEEN_PAY_006269,UNSEEN_CUST_00606,36880.14,upi,failed,AUTHENTICATION_FAILED,authentication_failed,1,2026-07-28 00:01:42.101073
UNSEEN_PAY_006270,UNSEEN_CUST_01160,42566.61,upi,successful,,,1,2026-07-06 17:38:42.101073
UNSEEN_PAY_006271,UNSEEN_CUST_01257,17198.71,netbanking,failed,FUNDS_NOT_AVAILABLE,insufficient_funds,2,2026-07-30 13:17:42.101073
UNSEEN_PAY_006272,UNSEEN_CUST_00463,5396.57,upi,successful,,,1,2026-07-15 22:45:42.101073
UNSEEN_PAY_006273,UNSEEN_CUST_00651,18495.34,upi,successful,,,1,2026-08-21 12:47:42.102072
UNSEEN_PAY_006274,UNSEEN_CUST_00021,16139.35,upi,failed,AUTHENTICATION_FAILED,authentication_failed,1,2026-07-06 10:12:42.102072
UNSEEN_PAY_006275,UNSEEN_CUST_01285,37315.18,card,successful,,,1,2026-08-24 12:11:42.102072
UNSEEN_PAY_006276,UNSEEN_CUST_01939,23053.08,upi,successful,,,1,2026-06-19 11:02:42.102072
UNSEEN_PAY_006277,UNSEEN_CUST_00871,13424.73,upi,successful,,,1,2026-08-26 09:21:42.102072
UNSEEN_PAY_006278,UNSEEN_CUST_01699,19014.39,upi,successful,,,3,2026-06-06 19:44:42.102072
UNSEEN_PAY_006279,UNSEEN_CUST_00545,22139.16,upi,successful,,,1,2026-07-03 22:11:42.102072
UNSEEN_PAY_006280,UNSEEN_CUST_01378,73436.92,card,successful,,,1,2026-06-21 19:14:42.102072
UNSEEN_PAY_006281,UNSEEN_CUST_01957,18275.46,upi,successful,,,1,2026-06-09 12:24:42.102072
UNSEEN_PAY_006282,UNSEEN_CUST_00520,15365.51,upi,successful,,,1,2026-08-01 01:13:42.102072
UNSEEN_PAY_006283,UNSEEN_CUST_01426,26166.42,card,failed,LIMIT_EXCEEDED,limit_exceeded,1,2026-07-01 19:47:42.102072
UNSEEN_PAY_006284,UNSEEN_CUST_00256,74843.34,netbanking,successful,,,1,2026-07-14 03:08:42.102072
UNSEEN_PAY_006285,UNSEEN_CUST_00152,12953.66,card,successful,,,1,2026-08-19 06:34:42.102072
UNSEEN_PAY_006286,UNSEEN_CUST_01522,12814.91,upi,successful,,,1,2026-06-03 00:25:42.102072
UNSEEN_PAY_006287,UNSEEN_CUST_01346,31354.01,upi,successful,,,1,2026-08-21 21:37:42.102072
UNSEEN_PAY_006288,UNSEEN_CUST_01031,21619.24,card,successful,,,1,2026-07-20 06:32:42.102072
UNSEEN_PAY_006289,UNSEEN_CUST_01478,52115.39,upi,successful,,,1,2026-06-04 05:49:42.102072
UNSEEN_PAY_006290,UNSEEN_CUST_00708,14313.45,netbanking,failed,UNKNOWN_ERROR,unknown_failure,1,2026-07-10 20:31:42.102072
UNSEEN_PAY_006291,UNSEEN_CUST_00247,24755.28,upi,successful,,,1,2026-07-29 07:43:42.102072
UNSEEN_PAY_006292,UNSEEN_CUST_00819,13492.14,upi,successful,,,1,2026-08-19 21:45:42.103066
UNSEEN_PAY_006293,UNSEEN_CUST_01828,34533.79,netbanking,successful,,,1,2026-08-20 22:30:42.103066
UNSEEN_PAY_006294,UNSEEN_CUST_01087,46748.11,card,successful,,,1,2026-06-04 09:22:42.103066
UNSEEN_PAY_006295,UNSEEN_CUST_00609,23879.94,upi,failed,BANK_SERVICE_UNAVAILABLE,temporary_bank_failure,1,2026-06-14 20:34:42.103066
UNSEEN_PAY_006296,UNSEEN_CUST_00793,45305.85,card,successful,,,1,2026-07-31 13:53:42.103066
UNSEEN_PAY_006297,UNSEEN_CUST_00800,9160.39,card,successful,,,1,2026-07-10 21:00:42.103066
UNSEEN_PAY_006298,UNSEEN_CUST_00735,68563.86,upi,successful,,,2,2026-08-15 02:20:42.103066
UNSEEN_PAY_006299,UNSEEN_CUST_01456,12376.8,card,successful,,,1,2026-08-26 18:08:42.103066
UNSEEN_PAY_006300,UNSEEN_CUST_01160,10271.33,netbanking,successful,,,1,2026-06-30 08:49:42.103066
UNSEEN_PAY_006301,UNSEEN_CUST_01195,36741.98,card,successful,,,1,2026-07-08 16:10:42.103066
UNSEEN_PAY_006302,UNSEEN_CUST_00240,24084.16,card,successful,,,1,2026-08-12 18:49:42.103066
UNSEEN_PAY_006303,UNSEEN_CUST_01039,11049.12,card,failed,BANK_SERVICE_UNAVAILABLE,temporary_bank_failure,2,2026-07-26 07:21:42.103066
UNSEEN_PAY_006304,UNSEEN_CUST_01083,3700.09,upi,successful,,,1,2026-06-19 11:52:42.103066
UNSEEN_PAY_006305,UNSEEN_CUST_01124,11305.26,card,failed,FUNDS_NOT_AVAILABLE,insufficient_funds,1,2026-07-05 06:30:42.103066
UNSEEN_PAY_006306,UNSEEN_CUST_01248,26752.53,card,successful,,,1,2026-06-03 23:23:42.103066
UNSEEN_PAY_006307,UNSEEN_CUST_00264,47651.83,netbanking,successful,,,3,2026-08-14 15:55:42.103066
UNSEEN_PAY_006308,UNSEEN_CUST_01479,29311.53,upi,successful,,,1,2026-06-17 03:30:42.103066
UNSEEN_PAY_006309,UNSEEN_CUST_00438,7565.8,upi,successful,,,1,2026-05-29 07:14:42.103066
UNSEEN_PAY_006310,UNSEEN_CUST_00473,37491.22,upi,successful,,,1,2026-07-04 18:22:42.103066
UNSEEN_PAY_006311,UNSEEN_CUST_00235,6698.89,upi,successful,,,1,2026-07-21 14:36:42.104073
UNSEEN_PAY_006312,UNSEEN_CUST_01954,10984.15,netbanking,successful,,,2,2026-08-01 02:54:42.104073
UNSEEN_PAY_006313,UNSEEN_CUST_01876,43182.76,upi,successful,,,1,2026-06-19 08:36:42.104073
UNSEEN_PAY_006314,UNSEEN_CUST_00502,10247.34,card,successful,,,1,2026-07-18 17:59:42.104073
UNSEEN_PAY_006315,UNSEEN_CUST_00147,36517.64,netbanking,successful,,,1,2026-06-10 18:56:42.104073
UNSEEN_PAY_006316,UNSEEN_CUST_00067,19544.39,card,successful,,,1,2026-07-06 07:18:42.104073
UNSEEN_PAY_006317,UNSEEN_CUST_01860,36239.84,upi,successful,,,1,2026-06-17 09:08:42.104073
UNSEEN_PAY_006318,UNSEEN_CUST_00125,808.56,card,failed,UNSPECIFIED_DECLINE,unknown_failure,1,2026-08-20 18:26:42.104073
UNSEEN_PAY_006319,UNSEEN_CUST_01729,46548.63,card,successful,,,1,2026-06-22 02:37:42.104073
UNSEEN_PAY_006320,UNSEEN_CUST_00360,15345.99,netbanking,successful,,,1,2026-08-18 18:20:42.104073
UNSEEN_PAY_006321,UNSEEN_CUST_00273,23313.16,upi,successful,,,1,2026-07-18 13:52:42.104073
UNSEEN_PAY_006322,UNSEEN_CUST_00294,3825.07,upi,successful,,,1,2026-08-24 18:22:42.104073
UNSEEN_PAY_006323,UNSEEN_CUST_00921,18000.91,upi,successful,,,2,2026-08-04 15:09:42.104073
UNSEEN_PAY_006324,UNSEEN_CUST_00878,14713.65,upi,successful,,,1,2026-06-22 14:43:42.104073
UNSEEN_PAY_006325,UNSEEN_CUST_01842,1116.72,card,successful,,,2,2026-08-10 21:36:42.104073
UNSEEN_PAY_006326,UNSEEN_CUST_01784,1383.77,upi,successful,,,1,2026-07-15 04:36:42.104073
UNSEEN_PAY_006327,UNSEEN_CUST_00109,6943.9,upi,failed,UNSPECIFIED_DECLINE,temporary_bank_failure,1,2026-05-30 11:05:42.104073
UNSEEN_PAY_006328,UNSEEN_CUST_01560,5533.65,card,successful,,,2,2026-07-09 20:56:42.104073
UNSEEN_PAY_006329,UNSEEN_CUST_01285,43317.31,upi,successful,,,1,2026-05-30 11:29:42.104073
UNSEEN_PAY_006330,UNSEEN_CUST_01958,32595.89,card,successful,,,1,2026-06-13 14:28:42.105065
UNSEEN_PAY_006331,UNSEEN_CUST_00028,23720.63,upi,successful,,,2,2026-06-27 03:06:42.105065
UNSEEN_PAY_006332,UNSEEN_CUST_01981,18151.22,card,successful,,,1,2026-06-14 03:25:42.105065
UNSEEN_PAY_006333,UNSEEN_CUST_01665,38439.32,upi,successful,,,1,2026-08-18 07:24:42.105065
UNSEEN_PAY_006334,UNSEEN_CUST_01418,7837.55,card,successful,,,1,2026-06-06 14:03:42.105065
UNSEEN_PAY_006335,UNSEEN_CUST_01746,31822.1,upi,successful,,,1,2026-08-21 21:02:42.105065
UNSEEN_PAY_006336,UNSEEN_CUST_01565,15225.93,upi,successful,,,1,2026-08-23 04:36:42.105065
UNSEEN_PAY_006337,UNSEEN_CUST_00517,4669.29,card,successful,,,1,2026-08-08 13:05:42.105065
UNSEEN_PAY_006338,UNSEEN_CUST_01175,36498.24,upi,successful,,,1,2026-06-27 17:53:42.105065
UNSEEN_PAY_006339,UNSEEN_CUST_00017,5617.55,card,successful,,,1,2026-06-10 03:47:42.105065
UNSEEN_PAY_006340,UNSEEN_CUST_01722,24737.62,netbanking,successful,,,1,2026-07-28 04:57:42.105065
UNSEEN_PAY_006341,UNSEEN_CUST_01894,42055.51,card,successful,,,1,2026-07-29 12:17:42.105065
UNSEEN_PAY_006342,UNSEEN_CUST_01181,3929.15,upi,successful,,,1,2026-08-13 04:46:42.105065
UNSEEN_PAY_006343,UNSEEN_CUST_00692,23028.09,card,successful,,,1,2026-07-25 11:31:42.105065
UNSEEN_PAY_006344,UNSEEN_CUST_01234,19468.84,upi,failed,BANK_TEMPORARY_ERROR,temporary_bank_failure,1,2026-07-17 06:51:42.105065
UNSEEN_PAY_006345,UNSEEN_CUST_00142,70562.42,upi,successful,,,1,2026-06-19 17:32:42.105065
UNSEEN_PAY_006346,UNSEEN_CUST_00776,15882.87,upi,successful,,,1,2026-07-21 19:14:42.105065
UNSEEN_PAY_006347,UNSEEN_CUST_01897,4793.25,upi,successful,,,1,2026-05-29 21:18:42.105065
UNSEEN_PAY_006348,UNSEEN_CUST_01258,2580.89,upi,successful,,,1,2026-07-05 16:32:42.105065
UNSEEN_PAY_006349,UNSEEN_CUST_01752,18580.43,upi,successful,,,1,2026-07-28 15:22:42.105065
UNSEEN_PAY_006350,UNSEEN_CUST_00309,32220.51,upi,successful,,,1,2026-05-31 02:24:42.106073
UNSEEN_PAY_006351,UNSEEN_CUST_00169,29978.42,upi,successful,,,1,2026-06-11 18:53:42.106073
UNSEEN_PAY_006352,UNSEEN_CUST_00191,24946.98,netbanking,successful,,,1,2026-08-07 23:44:42.106073
UNSEEN_PAY_006353,UNSEEN_CUST_00616,34209.42,upi,successful,,,1,2026-07-25 06:04:42.106073
UNSEEN_PAY_006354,UNSEEN_CUST_00546,47417.74,upi,successful,,,1,2026-05-30 12:43:42.106073
UNSEEN_PAY_006355,UNSEEN_CUST_01697,6573.11,upi,successful,,,1,2026-07-20 06:15:42.106073
UNSEEN_PAY_006356,UNSEEN_CUST_00660,37094.83,card,successful,,,1,2026-07-12 04:34:42.106073
UNSEEN_PAY_006357,UNSEEN_CUST_01189,46446.65,netbanking,successful,,,2,2026-08-09 00:34:42.106073
UNSEEN_PAY_006358,UNSEEN_CUST_00472,22757.63,card,successful,,,1,2026-06-26 00:48:42.106073
UNSEEN_PAY_006359,UNSEEN_CUST_00831,1061.11,netbanking,successful,,,1,2026-08-21 05:36:42.106073
UNSEEN_PAY_006360,UNSEEN_CUST_00684,68303.11,upi,successful,,,1,2026-06-03 16:39:42.106073
UNSEEN_PAY_006361,UNSEEN_CUST_00409,18053.93,netbanking,successful,,,1,2026-06-05 10:56:42.106073
UNSEEN_PAY_006362,UNSEEN_CUST_00051,14721.57,netbanking,successful,,,1,2026-07-21 12:31:42.106073
UNSEEN_PAY_006363,UNSEEN_CUST_01650,37016.66,netbanking,successful,,,1,2026-08-23 14:17:42.106073
UNSEEN_PAY_006364,UNSEEN_CUST_00575,22874.41,upi,successful,,,1,2026-07-21 03:14:42.106073
UNSEEN_PAY_006365,UNSEEN_CUST_00259,32221.25,card,successful,,,1,2026-07-04 20:03:42.106073
UNSEEN_PAY_006366,UNSEEN_CUST_01607,39100.42,netbanking,successful,,,1,2026-07-12 01:16:42.106073
UNSEEN_PAY_006367,UNSEEN_CUST_01651,42463.37,upi,successful,,,2,2026-08-09 11:10:42.107065
UNSEEN_PAY_006368,UNSEEN_CUST_01332,22719.79,card,successful,,,1,2026-07-05 04:27:42.107065
UNSEEN_PAY_006369,UNSEEN_CUST_01108,18830.73,netbanking,failed,INSTRUMENT_EXPIRED,expired_instrument,2,2026-08-07 19:52:42.107065
UNSEEN_PAY_006370,UNSEEN_CUST_00281,11715.72,upi,successful,,,1,2026-05-29 20:30:42.107065
UNSEEN_PAY_006371,UNSEEN_CUST_01132,9662.03,upi,successful,,,1,2026-08-15 06:02:42.107065
UNSEEN_PAY_006372,UNSEEN_CUST_01378,62762.5,netbanking,successful,,,1,2026-08-14 13:46:42.107065
UNSEEN_PAY_006373,UNSEEN_CUST_00794,49823.82,card,successful,,,1,2026-07-23 01:28:42.107065
UNSEEN_PAY_006374,UNSEEN_CUST_00111,32474.77,card,successful,,,2,2026-06-16 13:26:42.107065
UNSEEN_PAY_006375,UNSEEN_CUST_00283,47024.11,upi,successful,,,1,2026-08-15 07:49:42.107065
UNSEEN_PAY_006376,UNSEEN_CUST_01824,32545.27,upi,successful,,,1,2026-06-09 05:24:42.107065
UNSEEN_PAY_006377,UNSEEN_CUST_01432,42015.48,upi,successful,,,1,2026-08-03 14:01:42.107065
UNSEEN_PAY_006378,UNSEEN_CUST_01334,2117.19,upi,successful,,,1,2026-07-16 23:50:42.107065
UNSEEN_PAY_006379,UNSEEN_CUST_00151,16427.59,card,failed,INSTRUMENT_BLOCKED,blocked_instrument,1,2026-07-08 13:34:42.107065
UNSEEN_PAY_006380,UNSEEN_CUST_01541,16701.67,upi,failed,BANK_TEMPORARY_ERROR,temporary_bank_failure,1,2026-08-04 08:42:42.107065
UNSEEN_PAY_006381,UNSEEN_CUST_00998,38545.26,card,successful,,,1,2026-08-26 02:54:42.107065
UNSEEN_PAY_006382,UNSEEN_CUST_00701,21773.27,upi,successful,,,1,2026-08-20 15:35:42.107065
UNSEEN_PAY_006383,UNSEEN_CUST_01360,46193.7,upi,failed,CUSTOMER_AUTH_FAILED,authentication_failed,2,2026-05-28 05:04:42.107065
UNSEEN_PAY_006384,UNSEEN_CUST_01233,41968.51,upi,successful,,,2,2026-08-14 16:07:42.107065
UNSEEN_PAY_006385,UNSEEN_CUST_00146,3724.62,upi,successful,,,1,2026-07-20 06:01:42.108068
UNSEEN_PAY_006386,UNSEEN_CUST_00757,15898.59,upi,successful,,,1,2026-06-07 05:52:42.108068
UNSEEN_PAY_006387,UNSEEN_CUST_00196,2649.98,card,successful,,,1,2026-07-04 15:26:42.108068
UNSEEN_PAY_006388,UNSEEN_CUST_00452,35051.68,upi,successful,,,1,2026-08-11 17:43:42.108068
UNSEEN_PAY_006389,UNSEEN_CUST_01161,57202.81,upi,successful,,,1,2026-06-20 19:50:42.108068
UNSEEN_PAY_006390,UNSEEN_CUST_01757,15338.11,upi,successful,,,1,2026-05-30 15:30:42.108068
UNSEEN_PAY_006391,UNSEEN_CUST_01765,42070.81,card,successful,,,1,2026-08-05 10:48:42.108068
UNSEEN_PAY_006392,UNSEEN_CUST_00413,9836.07,netbanking,failed,BANK_SERVICE_UNAVAILABLE,temporary_bank_failure,1,2026-07-21 09:18:42.108068
UNSEEN_PAY_006393,UNSEEN_CUST_01242,9340.14,card,failed,CUSTOMER_AUTH_FAILED,authentication_failed,1,2026-06-05 05:25:42.108068
UNSEEN_PAY_006394,UNSEEN_CUST_01347,99846.69,upi,successful,,,3,2026-08-08 23:38:42.108068
UNSEEN_PAY_006395,UNSEEN_CUST_00417,17764.19,upi,successful,,,1,2026-07-15 06:49:42.108068
UNSEEN_PAY_006396,UNSEEN_CUST_00662,5790.47,upi,successful,,,1,2026-07-30 23:06:42.108068
UNSEEN_PAY_006397,UNSEEN_CUST_01072,18192.19,upi,successful,,,1,2026-06-06 15:37:42.108068
UNSEEN_PAY_006398,UNSEEN_CUST_00738,3180.97,card,successful,,,1,2026-07-14 02:47:42.108068
UNSEEN_PAY_006399,UNSEEN_CUST_00521,6066.48,upi,successful,,,1,2026-07-05 18:12:42.108068
UNSEEN_PAY_006400,UNSEEN_CUST_00682,8920.02,card,successful,,,1,2026-06-26 02:51:42.108068
UNSEEN_PAY_006401,UNSEEN_CUST_01793,49029.39,upi,successful,,,1,2026-08-15 14:19:42.108068
UNSEEN_PAY_006402,UNSEEN_CUST_01409,9857.21,card,successful,,,1,2026-06-24 15:35:42.108068
UNSEEN_PAY_006403,UNSEEN_CUST_00499,15517.36,card,failed,POLICY_DECLINED,risk_decline,1,2026-07-25 17:41:42.108068
UNSEEN_PAY_006404,UNSEEN_CUST_00962,18333.0,upi,successful,,,1,2026-08-09 18:51:42.108068
UNSEEN_PAY_006405,UNSEEN_CUST_01396,42452.96,upi,failed,,insufficient_funds,2,2026-07-24 16:28:42.109079
UNSEEN_PAY_006406,UNSEEN_CUST_01343,42516.73,card,failed,CUSTOMER_AUTH_FAILED,authentication_failed,1,2026-08-22 10:56:42.109079
UNSEEN_PAY_006407,UNSEEN_CUST_01013,31523.12,netbanking,successful,,,1,2026-07-09 02:29:42.109079
UNSEEN_PAY_006408,UNSEEN_CUST_01559,27244.9,card,successful,,,1,2026-08-02 18:10:42.109079
UNSEEN_PAY_006409,UNSEEN_CUST_00845,4632.78,upi,successful,,,2,2026-06-14 00:02:42.109079
UNSEEN_PAY_006410,UNSEEN_CUST_01217,5301.37,card,failed,FUNDS_NOT_AVAILABLE,insufficient_funds,2,2026-07-01 17:30:42.109079
UNSEEN_PAY_006411,UNSEEN_CUST_01341,8105.84,card,successful,,,1,2026-08-18 03:12:42.109079
UNSEEN_PAY_006412,UNSEEN_CUST_01777,16570.78,card,successful,,,1,2026-08-26 07:13:42.109079
UNSEEN_PAY_006413,UNSEEN_CUST_01483,16208.85,card,successful,,,1,2026-07-08 11:52:42.109079
UNSEEN_PAY_006414,UNSEEN_CUST_01690,31025.54,upi,successful,,,1,2026-06-06 07:08:42.109079
UNSEEN_PAY_006415,UNSEEN_CUST_00796,74873.2,upi,successful,,,1,2026-07-17 15:43:42.109079
UNSEEN_PAY_006416,UNSEEN_CUST_01270,41089.71,upi,successful,,,1,2026-06-28 15:11:42.109079
UNSEEN_PAY_006417,UNSEEN_CUST_00083,22598.55,upi,successful,,,1,2026-08-13 03:37:42.109079
UNSEEN_PAY_006418,UNSEEN_CUST_00932,85799.65,upi,successful,,,2,2026-08-08 05:00:42.109079
UNSEEN_PAY_006419,UNSEEN_CUST_01742,5748.83,netbanking,successful,,,1,2026-08-09 02:26:42.109079
UNSEEN_PAY_006420,UNSEEN_CUST_00893,93790.5,card,successful,,,1,2026-08-16 04:44:42.109079
UNSEEN_PAY_006421,UNSEEN_CUST_00643,7204.12,upi,failed,BANK_SERVICE_UNAVAILABLE,temporary_bank_failure,1,2026-07-20 09:21:42.109079
UNSEEN_PAY_006422,UNSEEN_CUST_00337,9342.13,card,successful,,,1,2026-06-13 08:01:42.109079
UNSEEN_PAY_006423,UNSEEN_CUST_01575,85765.03,upi,successful,,,1,2026-08-02 04:41:42.109079
UNSEEN_PAY_006424,UNSEEN_CUST_00426,11573.74,netbanking,successful,,,1,2026-06-22 10:23:42.110068
UNSEEN_PAY_006425,UNSEEN_CUST_00912,30319.2,card,successful,,,1,2026-08-06 06:28:42.110068
UNSEEN_PAY_006426,UNSEEN_CUST_01088,8791.03,card,successful,,,2,2026-08-20 03:58:42.110068
UNSEEN_PAY_006427,UNSEEN_CUST_00782,20945.25,card,successful,,,1,2026-06-25 11:50:42.110068
UNSEEN_PAY_006428,UNSEEN_CUST_01668,32179.15,card,successful,,,1,2026-07-03 05:39:42.110068
UNSEEN_PAY_006429,UNSEEN_CUST_01407,43332.66,upi,successful,,,2,2026-08-25 19:18:42.110068
UNSEEN_PAY_006430,UNSEEN_CUST_01389,34146.66,card,failed,LIMIT_EXCEEDED,limit_exceeded,1,2026-07-04 21:03:42.110068
UNSEEN_PAY_006431,UNSEEN_CUST_00368,44726.18,upi,successful,,,1,2026-07-10 08:09:42.110068
UNSEEN_PAY_006432,UNSEEN_CUST_00913,19138.27,upi,successful,,,1,2026-06-21 08:58:42.110068
UNSEEN_PAY_006433,UNSEEN_CUST_00807,5608.11,netbanking,successful,,,1,2026-06-05 02:31:42.110068
UNSEEN_PAY_006434,UNSEEN_CUST_01530,16198.98,card,failed,FUNDS_NOT_AVAILABLE,insufficient_funds,1,2026-06-28 01:18:42.110068
UNSEEN_PAY_006435,UNSEEN_CUST_00958,21908.11,card,successful,,,1,2026-06-07 05:38:42.110068
UNSEEN_PAY_006436,UNSEEN_CUST_01175,11868.09,upi,successful,,,1,2026-07-21 19:46:42.110068
UNSEEN_PAY_006437,UNSEEN_CUST_01271,28244.75,upi,failed,AUTHENTICATION_FAILED,authentication_failed,1,2026-07-18 02:01:42.110068
UNSEEN_PAY_006438,UNSEEN_CUST_00132,44992.41,upi,successful,,,1,2026-07-21 13:41:42.110068
UNSEEN_PAY_006439,UNSEEN_CUST_00875,29867.81,upi,successful,,,1,2026-08-15 07:50:42.110068
UNSEEN_PAY_006440,UNSEEN_CUST_00155,8354.79,upi,successful,,,1,2026-07-09 19:48:42.110068
UNSEEN_PAY_006441,UNSEEN_CUST_01288,48298.86,card,failed,CARD_BLOCKED,blocked_instrument,1,2026-06-03 10:58:42.110068
UNSEEN_PAY_006442,UNSEEN_CUST_00622,46565.86,upi,successful,,,1,2026-07-01 10:33:42.110068
UNSEEN_PAY_006443,UNSEEN_CUST_01872,28155.54,upi,successful,,,2,2026-08-11 07:27:42.110068
UNSEEN_PAY_006444,UNSEEN_CUST_00574,11725.26,upi,successful,,,1,2026-07-20 03:41:42.110068
UNSEEN_PAY_006445,UNSEEN_CUST_01857,22300.35,upi,failed,TRANSACTION_LIMIT_EXCEEDED,limit_exceeded,1,2026-06-23 18:39:42.111073
UNSEEN_PAY_006446,UNSEEN_CUST_01495,9525.73,card,successful,,,2,2026-05-31 15:58:42.111073
UNSEEN_PAY_006447,UNSEEN_CUST_00355,9329.76,upi,failed,CUSTOMER_AUTH_FAILED,authentication_failed,1,2026-08-02 21:56:42.111073
UNSEEN_PAY_006448,UNSEEN_CUST_01777,96830.91,upi,failed,BANK_SERVICE_UNAVAILABLE,temporary_bank_failure,1,2026-08-18 08:50:42.111073
UNSEEN_PAY_006449,UNSEEN_CUST_00963,49014.74,upi,successful,,,1,2026-06-07 13:09:42.111073
UNSEEN_PAY_006450,UNSEEN_CUST_00529,9772.77,card,successful,,,1,2026-08-06 15:50:42.111073
UNSEEN_PAY_006451,UNSEEN_CUST_00429,23970.21,upi,successful,,,1,2026-08-25 15:12:42.111073
UNSEEN_PAY_006452,UNSEEN_CUST_00486,41859.88,upi,failed,PROCESSING_TIMEOUT,timeout,2,2026-06-13 09:17:42.111073
UNSEEN_PAY_006453,UNSEEN_CUST_01586,6615.0,card,successful,,,1,2026-07-27 17:23:42.111073
UNSEEN_PAY_006454,UNSEEN_CUST_00608,38522.91,card,successful,,,2,2026-05-30 03:37:42.111073
UNSEEN_PAY_006455,UNSEEN_CUST_01120,9062.34,card,failed,FUNDS_NOT_AVAILABLE,insufficient_funds,1,2026-07-17 13:18:42.111073
UNSEEN_PAY_006456,UNSEEN_CUST_00039,31880.25,upi,successful,,,1,2026-06-11 14:32:42.111073
UNSEEN_PAY_006457,UNSEEN_CUST_00204,37074.5,upi,successful,,,1,2026-07-23 04:27:42.111073
UNSEEN_PAY_006458,UNSEEN_CUST_01641,44617.85,upi,successful,,,1,2026-08-11 17:26:42.111073
UNSEEN_PAY_006459,UNSEEN_CUST_00396,77873.38,upi,successful,,,1,2026-07-03 13:44:42.111073
UNSEEN_PAY_006460,UNSEEN_CUST_00450,28262.23,upi,successful,,,1,2026-08-16 11:57:42.111073
UNSEEN_PAY_006461,UNSEEN_CUST_01115,2228.47,netbanking,successful,,,1,2026-08-21 20:15:42.111073
UNSEEN_PAY_006462,UNSEEN_CUST_01905,25983.91,upi,successful,,,1,2026-07-16 12:40:42.111073
UNSEEN_PAY_006463,UNSEEN_CUST_01735,44823.1,card,successful,,,1,2026-07-30 16:32:42.111073
UNSEEN_PAY_006464,UNSEEN_CUST_01666,10203.51,upi,successful,,,1,2026-07-25 09:39:42.111073
UNSEEN_PAY_006465,UNSEEN_CUST_01346,18217.49,netbanking,successful,,,1,2026-08-05 05:36:42.111073
UNSEEN_PAY_006466,UNSEEN_CUST_00275,38569.75,upi,successful,,,2,2026-06-13 01:16:42.111073
UNSEEN_PAY_006467,UNSEEN_CUST_01029,29458.92,upi,failed,RISK_DECLINED,risk_decline,1,2026-08-17 23:15:42.111073
UNSEEN_PAY_006468,UNSEEN_CUST_00703,25697.59,upi,failed,PROCESSING_TIMEOUT,timeout,1,2026-07-09 10:01:42.112079
UNSEEN_PAY_006469,UNSEEN_CUST_01622,10849.97,upi,successful,,,1,2026-07-22 11:09:42.112079
UNSEEN_PAY_006470,UNSEEN_CUST_01712,5989.0,upi,successful,,,1,2026-07-18 00:04:42.112079
UNSEEN_PAY_006471,UNSEEN_CUST_00987,27059.15,upi,successful,,,1,2026-07-30 02:24:42.112079
UNSEEN_PAY_006472,UNSEEN_CUST_00663,25955.92,card,failed,INSTRUMENT_EXPIRED,expired_instrument,2,2026-08-14 04:31:42.112079
UNSEEN_PAY_006473,UNSEEN_CUST_01788,30769.65,card,successful,,,2,2026-07-13 09:28:42.112079
UNSEEN_PAY_006474,UNSEEN_CUST_00751,82841.26,card,failed,UNSPECIFIED_DECLINE,insufficient_funds,1,2026-06-24 22:10:42.112079
UNSEEN_PAY_006475,UNSEEN_CUST_00153,22597.02,card,successful,,,1,2026-06-29 22:22:42.112079
UNSEEN_PAY_006476,UNSEEN_CUST_01363,4310.17,card,successful,,,1,2026-07-11 01:46:42.112079
UNSEEN_PAY_006477,UNSEEN_CUST_01835,3037.16,upi,failed,LIMIT_EXCEEDED,limit_exceeded,1,2026-08-14 19:17:42.112079
UNSEEN_PAY_006478,UNSEEN_CUST_00334,41991.62,card,failed,UNSPECIFIED_DECLINE,unknown_failure,1,2026-08-04 00:50:42.112079
UNSEEN_PAY_006479,UNSEEN_CUST_00034,27476.0,card,successful,,,1,2026-06-07 10:24:42.112079
UNSEEN_PAY_006480,UNSEEN_CUST_00738,41761.06,card,failed,INSUFFICIENT_BALANCE,insufficient_funds,1,2026-07-22 10:54:42.112079
UNSEEN_PAY_006481,UNSEEN_CUST_01605,17062.02,upi,successful,,,1,2026-07-23 16:31:42.112079
UNSEEN_PAY_006482,UNSEEN_CUST_00722,37027.39,upi,successful,,,1,2026-06-28 20:01:42.112079
UNSEEN_PAY_006483,UNSEEN_CUST_01362,48720.89,upi,successful,,,1,2026-08-12 04:45:42.112079
UNSEEN_PAY_006484,UNSEEN_CUST_00581,600.13,upi,failed,NETWORK_TIMEOUT,timeout,1,2026-07-22 12:41:42.112079
UNSEEN_PAY_006485,UNSEEN_CUST_00306,5993.45,upi,failed,CARD_EXPIRED,expired_instrument,1,2026-08-09 16:30:42.112079
UNSEEN_PAY_006486,UNSEEN_CUST_01910,5046.87,upi,successful,,,1,2026-07-08 15:11:42.112079
UNSEEN_PAY_006487,UNSEEN_CUST_00709,93440.24,upi,successful,,,2,2026-07-06 02:46:42.112079
UNSEEN_PAY_006488,UNSEEN_CUST_00924,28348.98,upi,successful,,,1,2026-06-23 01:08:42.113071
UNSEEN_PAY_006489,UNSEEN_CUST_00706,10280.81,upi,successful,,,1,2026-08-04 11:47:42.113071
UNSEEN_PAY_006490,UNSEEN_CUST_01694,88395.76,upi,successful,,,1,2026-06-13 23:28:42.113071
UNSEEN_PAY_006491,UNSEEN_CUST_00884,6220.59,upi,successful,,,2,2026-07-14 22:19:42.113071
UNSEEN_PAY_006492,UNSEEN_CUST_01961,45132.95,card,successful,,,1,2026-06-24 10:07:42.113071
UNSEEN_PAY_006493,UNSEEN_CUST_01953,9205.52,upi,successful,,,1,2026-06-15 12:55:42.113071
UNSEEN_PAY_006494,UNSEEN_CUST_00195,7501.28,netbanking,failed,TRANSACTION_LIMIT_EXCEEDED,limit_exceeded,1,2026-08-21 17:44:42.113071
UNSEEN_PAY_006495,UNSEEN_CUST_00224,32998.13,upi,successful,,,1,2026-07-20 06:48:42.113071
UNSEEN_PAY_006496,UNSEEN_CUST_00994,41988.32,card,successful,,,1,2026-07-17 12:32:42.113071
UNSEEN_PAY_006497,UNSEEN_CUST_00736,32632.16,upi,successful,,,1,2026-06-14 22:02:42.113071
UNSEEN_PAY_006498,UNSEEN_CUST_00666,23221.43,upi,successful,,,1,2026-05-29 05:24:42.113071
UNSEEN_PAY_006499,UNSEEN_CUST_01872,40838.49,upi,successful,,,1,2026-08-14 06:07:42.113071
UNSEEN_PAY_006500,UNSEEN_CUST_01741,38110.91,upi,failed,AUTHENTICATION_FAILED,authentication_failed,1,2026-08-08 18:51:42.113071
UNSEEN_PAY_006501,UNSEEN_CUST_01265,11015.34,netbanking,successful,,,1,2026-06-28 12:02:42.113071
UNSEEN_PAY_006502,UNSEEN_CUST_01064,38130.26,upi,failed,RISK_DECLINED,risk_decline,1,2026-07-02 00:45:42.113071
UNSEEN_PAY_006503,UNSEEN_CUST_01543,29476.18,netbanking,successful,,,2,2026-07-20 19:52:42.113071
UNSEEN_PAY_006504,UNSEEN_CUST_01248,1425.85,upi,successful,,,1,2026-07-17 10:37:42.113071
UNSEEN_PAY_006505,UNSEEN_CUST_00507,27905.75,netbanking,failed,CUSTOMER_AUTH_FAILED,authentication_failed,1,2026-07-05 13:44:42.113071
UNSEEN_PAY_006506,UNSEEN_CUST_01974,9765.45,netbanking,successful,,,1,2026-06-28 00:48:42.113071
UNSEEN_PAY_006507,UNSEEN_CUST_00501,44026.54,netbanking,failed,FUNDS_NOT_AVAILABLE,insufficient_funds,1,2026-06-12 11:20:42.113071
UNSEEN_PAY_006508,UNSEEN_CUST_00235,42751.45,upi,successful,,,1,2026-07-07 23:57:42.113071
UNSEEN_PAY_006509,UNSEEN_CUST_00839,45282.81,card,successful,,,1,2026-06-11 15:10:42.113071
UNSEEN_PAY_006510,UNSEEN_CUST_01215,33085.7,upi,failed,CUSTOMER_AUTH_FAILED,authentication_failed,1,2026-06-06 11:20:42.113071
UNSEEN_PAY_006511,UNSEEN_CUST_00649,15118.0,upi,successful,,,2,2026-06-06 16:58:42.114077
UNSEEN_PAY_006512,UNSEEN_CUST_00059,38265.82,upi,successful,,,1,2026-07-24 13:07:42.114077
UNSEEN_PAY_006513,UNSEEN_CUST_01470,16438.97,upi,successful,,,1,2026-08-23 17:20:42.114077
UNSEEN_PAY_006514,UNSEEN_CUST_00296,26348.14,netbanking,successful,,,1,2026-07-04 14:35:42.114077
UNSEEN_PAY_006515,UNSEEN_CUST_01403,8973.27,upi,successful,,,1,2026-07-27 13:32:42.114077
UNSEEN_PAY_006516,UNSEEN_CUST_00751,44758.7,netbanking,successful,,,2,2026-08-04 12:33:42.114077
UNSEEN_PAY_006517,UNSEEN_CUST_01116,7032.07,card,successful,,,1,2026-07-25 18:32:42.114077
UNSEEN_PAY_006518,UNSEEN_CUST_01964,1257.39,upi,failed,PROCESSING_TIMEOUT,timeout,1,2026-08-26 01:20:42.114077
UNSEEN_PAY_006519,UNSEEN_CUST_00491,19282.09,netbanking,failed,UNKNOWN_ERROR,unknown_failure,1,2026-08-08 21:54:42.114077
UNSEEN_PAY_006520,UNSEEN_CUST_00525,48394.72,netbanking,successful,,,1,2026-06-27 09:21:42.114077
UNSEEN_PAY_006521,UNSEEN_CUST_01866,42793.4,upi,successful,,,1,2026-07-19 18:25:42.114077
UNSEEN_PAY_006522,UNSEEN_CUST_00349,29494.84,upi,failed,FUNDS_NOT_AVAILABLE,insufficient_funds,1,2026-06-04 18:50:42.114077
UNSEEN_PAY_006523,UNSEEN_CUST_01756,6865.88,upi,successful,,,1,2026-06-12 14:56:42.114077
UNSEEN_PAY_006524,UNSEEN_CUST_01863,11219.33,upi,successful,,,1,2026-07-20 16:45:42.114077
UNSEEN_PAY_006525,UNSEEN_CUST_01484,14614.87,upi,successful,,,1,2026-08-01 08:35:42.114077
UNSEEN_PAY_006526,UNSEEN_CUST_00615,35692.93,card,successful,,,1,2026-07-20 05:07:42.114077
UNSEEN_PAY_006527,UNSEEN_CUST_01529,48266.07,upi,successful,,,1,2026-06-23 19:58:42.114077
UNSEEN_PAY_006528,UNSEEN_CUST_00534,36607.43,netbanking,successful,,,1,2026-08-16 10:10:42.114077
UNSEEN_PAY_006529,UNSEEN_CUST_00296,42245.71,card,successful,,,2,2026-06-30 07:52:42.114077
UNSEEN_PAY_006530,UNSEEN_CUST_01257,19537.33,netbanking,successful,,,1,2026-08-13 13:10:42.114077
UNSEEN_PAY_006531,UNSEEN_CUST_00411,22029.42,netbanking,successful,,,1,2026-08-10 12:50:42.114077
UNSEEN_PAY_006532,UNSEEN_CUST_01460,37435.96,card,successful,,,1,2026-06-02 11:37:42.114077
UNSEEN_PAY_006533,UNSEEN_CUST_00263,20522.16,card,successful,,,1,2026-07-31 19:31:42.114077
UNSEEN_PAY_006534,UNSEEN_CUST_01500,31680.2,netbanking,successful,,,1,2026-07-21 09:53:42.114077
UNSEEN_PAY_006535,UNSEEN_CUST_01020,3331.48,card,successful,,,1,2026-07-05 07:04:42.115072
UNSEEN_PAY_006536,UNSEEN_CUST_00354,13939.78,card,failed,FUNDS_NOT_AVAILABLE,insufficient_funds,1,2026-08-16 15:21:42.115072
UNSEEN_PAY_006537,UNSEEN_CUST_00137,5673.77,upi,successful,,,1,2026-08-05 22:42:42.115072
UNSEEN_PAY_006538,UNSEEN_CUST_01598,47198.3,netbanking,successful,,,1,2026-06-18 03:20:42.115072
UNSEEN_PAY_006539,UNSEEN_CUST_00074,49974.26,upi,successful,,,1,2026-08-10 19:17:42.115072
UNSEEN_PAY_006540,UNSEEN_CUST_01281,47947.46,upi,successful,,,1,2026-08-02 09:31:42.115072
UNSEEN_PAY_006541,UNSEEN_CUST_01794,4358.54,upi,successful,,,1,2026-06-20 14:45:42.115072
UNSEEN_PAY_006542,UNSEEN_CUST_00926,72150.71,card,successful,,,1,2026-07-08 13:55:42.115072
UNSEEN_PAY_006543,UNSEEN_CUST_01076,74295.11,card,successful,,,1,2026-06-08 02:47:42.115072
UNSEEN_PAY_006544,UNSEEN_CUST_01509,36980.51,netbanking,successful,,,1,2026-08-21 19:57:42.115072
UNSEEN_PAY_006545,UNSEEN_CUST_00544,79434.23,upi,failed,INSUFFICIENT_BALANCE,insufficient_funds,1,2026-07-30 04:15:42.115072
UNSEEN_PAY_006546,UNSEEN_CUST_00679,17923.32,netbanking,successful,,,1,2026-07-09 03:05:42.115072
UNSEEN_PAY_006547,UNSEEN_CUST_01037,6205.02,upi,successful,,,1,2026-06-02 03:07:42.115072
UNSEEN_PAY_006548,UNSEEN_CUST_01878,9598.63,netbanking,successful,,,1,2026-08-15 05:16:42.115072
UNSEEN_PAY_006549,UNSEEN_CUST_01888,2917.97,upi,successful,,,1,2026-07-30 06:49:42.115072
UNSEEN_PAY_006550,UNSEEN_CUST_00607,10690.83,upi,failed,BANK_TEMPORARY_ERROR,temporary_bank_failure,1,2026-08-19 22:16:42.115072
UNSEEN_PAY_006551,UNSEEN_CUST_00458,29143.71,card,successful,,,1,2026-07-21 05:59:42.115072
UNSEEN_PAY_006552,UNSEEN_CUST_01704,46823.79,upi,successful,,,1,2026-08-16 08:51:42.115072
UNSEEN_PAY_006553,UNSEEN_CUST_00123,47486.15,upi,successful,,,1,2026-06-02 21:10:42.115072
UNSEEN_PAY_006554,UNSEEN_CUST_01685,41764.77,upi,successful,,,1,2026-06-12 10:28:42.115072
UNSEEN_PAY_006555,UNSEEN_CUST_01760,13443.56,upi,successful,,,1,2026-07-02 14:43:42.115072
UNSEEN_PAY_006556,UNSEEN_CUST_01659,28464.52,upi,failed,FUNDS_NOT_AVAILABLE,insufficient_funds,1,2026-06-02 05:54:42.115072
UNSEEN_PAY_006557,UNSEEN_CUST_01176,6792.12,card,successful,,,1,2026-08-04 07:49:42.115072
UNSEEN_PAY_006558,UNSEEN_CUST_00763,35952.81,card,successful,,,1,2026-06-20 23:59:42.115072
UNSEEN_PAY_006559,UNSEEN_CUST_00563,43723.33,upi,failed,BANK_SERVICE_UNAVAILABLE,temporary_bank_failure,1,2026-06-14 15:29:42.116078
UNSEEN_PAY_006560,UNSEEN_CUST_00468,42911.61,netbanking,successful,,,1,2026-07-27 04:17:42.116078
UNSEEN_PAY_006561,UNSEEN_CUST_01465,37264.27,card,successful,,,1,2026-06-21 15:45:42.116078
UNSEEN_PAY_006562,UNSEEN_CUST_01220,13733.77,upi,successful,,,1,2026-08-03 00:58:42.116078
UNSEEN_PAY_006563,UNSEEN_CUST_00851,9490.79,upi,failed,UNSPECIFIED_DECLINE,unknown_failure,1,2026-06-13 12:20:42.116078
UNSEEN_PAY_006564,UNSEEN_CUST_01952,47031.6,upi,successful,,,1,2026-07-24 18:33:42.116078
UNSEEN_PAY_006565,UNSEEN_CUST_01496,6858.06,upi,failed,LIMIT_EXCEEDED,limit_exceeded,1,2026-07-15 23:43:42.116078
UNSEEN_PAY_006566,UNSEEN_CUST_01796,41633.88,card,failed,LIMIT_EXCEEDED,limit_exceeded,1,2026-06-21 02:16:42.116078
UNSEEN_PAY_006567,UNSEEN_CUST_00994,42086.18,upi,successful,,,1,2026-06-11 08:52:42.116078
UNSEEN_PAY_006568,UNSEEN_CUST_01136,12159.03,upi,successful,,,2,2026-08-24 12:56:42.116078
UNSEEN_PAY_006569,UNSEEN_CUST_00569,14982.22,upi,successful,,,1,2026-07-22 02:42:42.116078
UNSEEN_PAY_006570,UNSEEN_CUST_00752,22324.1,card,successful,,,1,2026-08-01 17:41:42.116078
UNSEEN_PAY_006571,UNSEEN_CUST_00930,18071.03,card,successful,,,1,2026-06-22 03:36:42.116078
UNSEEN_PAY_006572,UNSEEN_CUST_01220,95609.97,upi,successful,,,2,2026-08-07 20:18:42.116078
UNSEEN_PAY_006573,UNSEEN_CUST_01216,21697.16,netbanking,successful,,,1,2026-06-22 11:22:42.116078
UNSEEN_PAY_006574,UNSEEN_CUST_00471,11778.46,upi,successful,,,1,2026-08-02 23:38:42.116078
UNSEEN_PAY_006575,UNSEEN_CUST_00690,49116.34,upi,successful,,,1,2026-07-10 05:23:42.116078
UNSEEN_PAY_006576,UNSEEN_CUST_01830,29634.1,upi,successful,,,1,2026-08-24 15:18:42.116078
UNSEEN_PAY_006577,UNSEEN_CUST_00495,33371.29,upi,successful,,,1,2026-07-01 16:59:42.116078
UNSEEN_PAY_006578,UNSEEN_CUST_00604,48487.42,upi,successful,,,1,2026-08-21 10:51:42.116078
UNSEEN_PAY_006579,UNSEEN_CUST_00869,11682.24,card,successful,,,1,2026-07-12 12:23:42.116078
UNSEEN_PAY_006580,UNSEEN_CUST_00477,32916.76,netbanking,successful,,,1,2026-07-22 10:56:42.116078
UNSEEN_PAY_006581,UNSEEN_CUST_00404,48636.08,card,successful,,,2,2026-07-14 00:06:42.116078
UNSEEN_PAY_006582,UNSEEN_CUST_01015,32280.71,netbanking,successful,,,1,2026-06-16 04:42:42.116078
UNSEEN_PAY_006583,UNSEEN_CUST_00375,2396.44,card,successful,,,2,2026-07-13 09:24:42.117069
UNSEEN_PAY_006584,UNSEEN_CUST_01951,20691.39,upi,successful,,,1,2026-07-23 10:23:42.117069
UNSEEN_PAY_006585,UNSEEN_CUST_01719,47187.53,upi,successful,,,1,2026-08-20 23:11:42.117069
UNSEEN_PAY_006586,UNSEEN_CUST_00186,36897.84,card,successful,,,1,2026-06-30 08:48:42.117069
UNSEEN_PAY_006587,UNSEEN_CUST_01543,24884.22,card,successful,,,3,2026-06-23 11:31:42.117069
UNSEEN_PAY_006588,UNSEEN_CUST_01810,26617.11,card,failed,INSUFFICIENT_BALANCE,insufficient_funds,1,2026-05-30 13:44:42.117069
UNSEEN_PAY_006589,UNSEEN_CUST_00755,3262.7,upi,successful,,,1,2026-06-30 12:53:42.117069
UNSEEN_PAY_006590,UNSEEN_CUST_01919,24370.71,card,successful,,,1,2026-05-28 04:04:42.117069
UNSEEN_PAY_006591,UNSEEN_CUST_01967,38544.24,upi,failed,FUNDS_NOT_AVAILABLE,insufficient_funds,1,2026-07-08 21:20:42.117069
UNSEEN_PAY_006592,UNSEEN_CUST_01111,43869.54,upi,successful,,,1,2026-08-02 15:50:42.117069
UNSEEN_PAY_006593,UNSEEN_CUST_01957,22903.42,netbanking,successful,,,1,2026-07-04 17:47:42.117069
UNSEEN_PAY_006594,UNSEEN_CUST_00962,19747.43,upi,failed,UNSPECIFIED_DECLINE,timeout,1,2026-06-05 18:39:42.117069
UNSEEN_PAY_006595,UNSEEN_CUST_00670,11006.96,card,successful,,,1,2026-08-16 15:20:42.117069
UNSEEN_PAY_006596,UNSEEN_CUST_00833,49140.59,upi,successful,,,1,2026-07-20 03:47:42.117069
UNSEEN_PAY_006597,UNSEEN_CUST_01503,15311.67,upi,failed,POLICY_DECLINED,risk_decline,1,2026-06-23 22:40:42.117069
UNSEEN_PAY_006598,UNSEEN_CUST_00557,21639.37,netbanking,failed,AUTHENTICATION_FAILED,authentication_failed,1,2026-07-12 22:48:42.117069
UNSEEN_PAY_006599,UNSEEN_CUST_01797,38706.6,netbanking,successful,,,1,2026-06-29 13:59:42.117069
UNSEEN_PAY_006600,UNSEEN_CUST_01605,44618.06,upi,successful,,,1,2026-06-25 18:06:42.117069
UNSEEN_PAY_006601,UNSEEN_CUST_01612,19991.35,upi,successful,,,1,2026-06-11 05:51:42.117069
UNSEEN_PAY_006602,UNSEEN_CUST_00642,33913.51,upi,failed,LIMIT_EXCEEDED,limit_exceeded,1,2026-07-08 04:58:42.117069
UNSEEN_PAY_006603,UNSEEN_CUST_00198,43399.41,upi,successful,,,1,2026-08-08 09:14:42.117069
UNSEEN_PAY_006604,UNSEEN_CUST_01287,22767.59,netbanking,successful,,,1,2026-08-22 10:33:42.117069
UNSEEN_PAY_006605,UNSEEN_CUST_01615,39128.54,card,successful,,,1,2026-06-23 18:50:42.118071
UNSEEN_PAY_006606,UNSEEN_CUST_00166,10202.89,card,failed,FUNDS_NOT_AVAILABLE,insufficient_funds,1,2026-08-22 08:13:42.118071
UNSEEN_PAY_006607,UNSEEN_CUST_01449,21206.84,upi,successful,,,1,2026-06-01 03:40:42.118071
UNSEEN_PAY_006608,UNSEEN_CUST_00217,24352.02,card,successful,,,1,2026-07-31 06:34:42.118071
UNSEEN_PAY_006609,UNSEEN_CUST_01569,14099.05,upi,successful,,,1,2026-06-06 17:29:42.118071
UNSEEN_PAY_006610,UNSEEN_CUST_01824,17943.44,upi,successful,,,1,2026-06-03 21:36:42.118071
UNSEEN_PAY_006611,UNSEEN_CUST_01647,41504.21,upi,successful,,,1,2026-07-23 22:52:42.118071
UNSEEN_PAY_006612,UNSEEN_CUST_00137,24092.81,card,successful,,,1,2026-08-24 03:52:42.118071
UNSEEN_PAY_006613,UNSEEN_CUST_01731,23710.05,upi,successful,,,1,2026-08-16 13:14:42.118071
UNSEEN_PAY_006614,UNSEEN_CUST_01138,7678.37,card,successful,,,2,2026-08-17 18:51:42.118071
UNSEEN_PAY_006615,UNSEEN_CUST_01353,15524.15,card,successful,,,1,2026-07-17 18:16:42.118071
UNSEEN_PAY_006616,UNSEEN_CUST_01832,10871.93,card,failed,BANK_TEMPORARY_ERROR,temporary_bank_failure,1,2026-08-23 22:20:42.118071
UNSEEN_PAY_006617,UNSEEN_CUST_00940,11288.0,netbanking,successful,,,1,2026-08-09 22:32:42.118071
UNSEEN_PAY_006618,UNSEEN_CUST_00565,30288.38,card,successful,,,1,2026-07-10 22:31:42.118071
UNSEEN_PAY_006619,UNSEEN_CUST_00784,12023.13,upi,successful,,,1,2026-07-09 15:16:42.118071
UNSEEN_PAY_006620,UNSEEN_CUST_01641,16070.98,upi,successful,,,1,2026-06-25 14:36:42.118071
UNSEEN_PAY_006621,UNSEEN_CUST_01463,13991.23,upi,successful,,,1,2026-07-28 17:47:42.118071
UNSEEN_PAY_006622,UNSEEN_CUST_01139,38557.0,card,successful,,,1,2026-06-11 00:30:42.118071
UNSEEN_PAY_006623,UNSEEN_CUST_01727,15449.9,card,failed,RISK_DECLINED,risk_decline,1,2026-07-21 19:56:42.118071
UNSEEN_PAY_006624,UNSEEN_CUST_00123,15020.67,card,failed,AUTHENTICATION_FAILED,authentication_failed,1,2026-08-01 01:19:42.118071
UNSEEN_PAY_006625,UNSEEN_CUST_01586,19193.45,card,successful,,,1,2026-08-02 17:12:42.118071
UNSEEN_PAY_006626,UNSEEN_CUST_01300,29985.03,upi,successful,,,1,2026-08-04 06:31:42.118071
UNSEEN_PAY_006627,UNSEEN_CUST_00090,29265.66,upi,successful,,,1,2026-06-30 15:30:42.118071
UNSEEN_PAY_006628,UNSEEN_CUST_00049,1420.47,upi,failed,BANK_SERVICE_UNAVAILABLE,temporary_bank_failure,1,2026-07-01 11:15:42.118071
UNSEEN_PAY_006629,UNSEEN_CUST_00488,5599.76,upi,successful,,,1,2026-06-24 16:27:42.119073
UNSEEN_PAY_006630,UNSEEN_CUST_01072,5013.56,card,successful,,,1,2026-08-19 17:10:42.119073
UNSEEN_PAY_006631,UNSEEN_CUST_00601,25110.66,upi,successful,,,1,2026-07-05 04:35:42.119073
UNSEEN_PAY_006632,UNSEEN_CUST_00827,12370.71,card,successful,,,3,2026-08-07 19:24:42.119073
UNSEEN_PAY_006633,UNSEEN_CUST_00392,2941.57,upi,successful,,,1,2026-07-20 11:52:42.119073
UNSEEN_PAY_006634,UNSEEN_CUST_00496,19513.07,upi,failed,POLICY_DECLINED,risk_decline,1,2026-06-13 06:08:42.119073
UNSEEN_PAY_006635,UNSEEN_CUST_01184,6657.57,upi,failed,POLICY_DECLINED,risk_decline,1,2026-07-27 00:01:42.119073
UNSEEN_PAY_006636,UNSEEN_CUST_00765,4534.81,netbanking,successful,,,1,2026-07-26 10:15:42.119073
UNSEEN_PAY_006637,UNSEEN_CUST_01090,27131.52,upi,successful,,,1,2026-08-02 20:47:42.119073
UNSEEN_PAY_006638,UNSEEN_CUST_01193,27709.91,netbanking,successful,,,1,2026-07-24 00:29:42.119073
UNSEEN_PAY_006639,UNSEEN_CUST_01649,35129.31,card,successful,,,1,2026-06-22 14:17:42.119073
UNSEEN_PAY_006640,UNSEEN_CUST_00355,1747.69,netbanking,successful,,,1,2026-07-27 03:56:42.119073
UNSEEN_PAY_006641,UNSEEN_CUST_01443,94521.08,upi,successful,,,3,2026-06-26 02:54:42.119073
UNSEEN_PAY_006642,UNSEEN_CUST_00862,24422.29,upi,successful,,,1,2026-06-17 10:05:42.119073
UNSEEN_PAY_006643,UNSEEN_CUST_00621,39002.97,upi,successful,,,1,2026-07-05 08:59:42.119073
UNSEEN_PAY_006644,UNSEEN_CUST_00313,4260.72,upi,successful,,,1,2026-07-22 21:15:42.119073
UNSEEN_PAY_006645,UNSEEN_CUST_00973,12062.62,upi,successful,,,1,2026-08-24 07:10:42.119073
UNSEEN_PAY_006646,UNSEEN_CUST_01924,29251.98,upi,successful,,,1,2026-08-23 13:10:42.119073
UNSEEN_PAY_006647,UNSEEN_CUST_00995,30468.13,upi,successful,,,1,2026-07-03 16:49:42.119073
UNSEEN_PAY_006648,UNSEEN_CUST_01877,20321.11,upi,successful,,,1,2026-08-18 17:37:42.119073
UNSEEN_PAY_006649,UNSEEN_CUST_01133,39729.66,card,failed,UNKNOWN_ERROR,unknown_failure,1,2026-06-30 15:51:42.119073
UNSEEN_PAY_006650,UNSEEN_CUST_00873,4147.94,card,successful,,,1,2026-06-04 14:12:42.119073
UNSEEN_PAY_006651,UNSEEN_CUST_00817,14387.03,upi,successful,,,1,2026-07-13 21:32:42.119073
UNSEEN_PAY_006652,UNSEEN_CUST_01287,49805.24,card,successful,,,1,2026-07-17 03:26:42.119073
UNSEEN_PAY_006653,UNSEEN_CUST_01430,7555.27,upi,successful,,,1,2026-07-27 10:20:42.120065
UNSEEN_PAY_006654,UNSEEN_CUST_00832,12583.95,upi,failed,RISK_DECLINED,risk_decline,1,2026-07-18 02:46:42.120065
UNSEEN_PAY_006655,UNSEEN_CUST_00979,27437.4,upi,successful,,,1,2026-08-12 06:54:42.120065
UNSEEN_PAY_006656,UNSEEN_CUST_01966,9571.19,card,successful,,,1,2026-06-05 18:14:42.120065
UNSEEN_PAY_006657,UNSEEN_CUST_01687,31817.99,upi,successful,,,1,2026-08-11 17:46:42.120065
UNSEEN_PAY_006658,UNSEEN_CUST_00296,8965.01,card,successful,,,1,2026-06-14 06:16:42.120065
UNSEEN_PAY_006659,UNSEEN_CUST_00660,29840.39,netbanking,successful,,,2,2026-08-20 23:02:42.120065
UNSEEN_PAY_006660,UNSEEN_CUST_01996,22625.34,card,successful,,,1,2026-06-19 19:40:42.120065
UNSEEN_PAY_006661,UNSEEN_CUST_00182,45931.58,netbanking,successful,,,1,2026-05-31 18:15:42.120065
UNSEEN_PAY_006662,UNSEEN_CUST_00044,5753.24,upi,successful,,,1,2026-07-14 22:54:42.120065
UNSEEN_PAY_006663,UNSEEN_CUST_01285,36171.3,upi,failed,FUNDS_NOT_AVAILABLE,insufficient_funds,1,2026-06-14 15:12:42.120065
UNSEEN_PAY_006664,UNSEEN_CUST_01388,34092.47,upi,successful,,,1,2026-05-28 13:18:42.120065
UNSEEN_PAY_006665,UNSEEN_CUST_01654,21142.8,card,failed,CARD_EXPIRED,expired_instrument,1,2026-06-03 12:20:42.120065
UNSEEN_PAY_006666,UNSEEN_CUST_01820,15668.33,upi,successful,,,1,2026-06-02 00:55:42.120065
UNSEEN_PAY_006667,UNSEEN_CUST_00991,4138.01,netbanking,successful,,,2,2026-07-22 07:06:42.120065
UNSEEN_PAY_006668,UNSEEN_CUST_00026,84563.88,upi,successful,,,1,2026-07-10 03:23:42.120065
UNSEEN_PAY_006669,UNSEEN_CUST_01774,72287.98,card,successful,,,1,2026-08-08 22:23:42.120065
UNSEEN_PAY_006670,UNSEEN_CUST_01439,47002.48,netbanking,successful,,,1,2026-06-05 22:44:42.120065
UNSEEN_PAY_006671,UNSEEN_CUST_00318,70513.74,card,failed,FUNDS_NOT_AVAILABLE,insufficient_funds,1,2026-07-17 02:49:42.120065
UNSEEN_PAY_006672,UNSEEN_CUST_01204,47237.18,netbanking,successful,,,1,2026-07-28 17:16:42.120065
UNSEEN_PAY_006673,UNSEEN_CUST_01528,10228.4,card,successful,,,1,2026-06-19 21:28:42.120065
UNSEEN_PAY_006674,UNSEEN_CUST_01738,43689.78,upi,successful,,,1,2026-06-23 16:30:42.120065
UNSEEN_PAY_006675,UNSEEN_CUST_01959,3239.92,card,successful,,,1,2026-08-19 00:17:42.120065
UNSEEN_PAY_006676,UNSEEN_CUST_01567,12522.78,upi,successful,,,1,2026-08-06 00:25:42.121071
UNSEEN_PAY_006677,UNSEEN_CUST_01622,43828.38,upi,successful,,,1,2026-07-06 09:13:42.121071
UNSEEN_PAY_006678,UNSEEN_CUST_00545,37379.98,upi,successful,,,1,2026-07-08 15:05:42.121071
UNSEEN_PAY_006679,UNSEEN_CUST_01097,5675.91,upi,successful,,,1,2026-07-16 21:26:42.121071
UNSEEN_PAY_006680,UNSEEN_CUST_01663,51986.16,upi,successful,,,1,2026-08-14 00:53:42.121071
UNSEEN_PAY_006681,UNSEEN_CUST_01488,46352.63,upi,successful,,,1,2026-07-30 03:06:42.121071
UNSEEN_PAY_006682,UNSEEN_CUST_01466,14139.02,card,successful,,,1,2026-08-14 19:58:42.121071
UNSEEN_PAY_006683,UNSEEN_CUST_01362,36822.5,card,failed,FUNDS_NOT_AVAILABLE,insufficient_funds,1,2026-07-05 15:24:42.121071
UNSEEN_PAY_006684,UNSEEN_CUST_01504,29014.06,upi,successful,,,1,2026-06-02 21:49:42.121071
UNSEEN_PAY_006685,UNSEEN_CUST_01004,15827.1,upi,successful,,,1,2026-08-15 21:02:42.121071
UNSEEN_PAY_006686,UNSEEN_CUST_00643,15199.81,netbanking,successful,,,1,2026-07-24 03:41:42.121071
UNSEEN_PAY_006687,UNSEEN_CUST_00625,35220.81,upi,successful,,,1,2026-06-29 07:06:42.121071
UNSEEN_PAY_006688,UNSEEN_CUST_00513,34180.18,upi,failed,NETWORK_TIMEOUT,timeout,1,2026-07-03 03:15:42.121071
UNSEEN_PAY_006689,UNSEEN_CUST_01093,47778.41,upi,successful,,,1,2026-06-21 12:58:42.121071
UNSEEN_PAY_006690,UNSEEN_CUST_01102,5468.35,card,successful,,,1,2026-07-28 23:31:42.121071
UNSEEN_PAY_006691,UNSEEN_CUST_00455,1359.43,upi,successful,,,1,2026-07-07 17:20:42.121071
UNSEEN_PAY_006692,UNSEEN_CUST_00141,44753.48,upi,failed,UNKNOWN_ERROR,unknown_failure,1,2026-08-14 23:17:42.121071
UNSEEN_PAY_006693,UNSEEN_CUST_01964,14287.81,upi,successful,,,1,2026-08-05 02:23:42.121071
UNSEEN_PAY_006694,UNSEEN_CUST_00348,93972.97,upi,failed,BANK_TEMPORARY_ERROR,temporary_bank_failure,1,2026-07-05 22:38:42.121071
UNSEEN_PAY_006695,UNSEEN_CUST_01127,13619.03,card,successful,,,1,2026-05-29 20:03:42.121071
UNSEEN_PAY_006696,UNSEEN_CUST_00724,7704.02,card,successful,,,1,2026-06-23 00:36:42.121071
UNSEEN_PAY_006697,UNSEEN_CUST_01791,30703.72,netbanking,successful,,,1,2026-08-22 18:54:42.121071
UNSEEN_PAY_006698,UNSEEN_CUST_00004,39427.26,upi,failed,BANK_SERVICE_UNAVAILABLE,temporary_bank_failure,1,2026-08-07 10:31:42.121071
UNSEEN_PAY_006699,UNSEEN_CUST_01655,23005.39,upi,successful,,,2,2026-06-08 20:31:42.122074
UNSEEN_PAY_006700,UNSEEN_CUST_01671,43893.29,upi,successful,,,1,2026-07-10 00:54:42.122074
UNSEEN_PAY_006701,UNSEEN_CUST_00480,9896.55,upi,successful,,,1,2026-06-30 08:51:42.122074
UNSEEN_PAY_006702,UNSEEN_CUST_01146,62278.42,card,successful,,,1,2026-07-31 01:25:42.122074
UNSEEN_PAY_006703,UNSEEN_CUST_00743,32228.45,card,successful,,,1,2026-07-19 23:30:42.122074
UNSEEN_PAY_006704,UNSEEN_CUST_01585,56902.5,upi,failed,PROCESSING_TIMEOUT,timeout,1,2026-07-31 17:30:42.122074
UNSEEN_PAY_006705,UNSEEN_CUST_01232,39882.65,upi,successful,,,1,2026-07-06 01:20:42.122074
UNSEEN_PAY_006706,UNSEEN_CUST_01966,18125.81,card,successful,,,1,2026-07-02 09:56:42.122074
UNSEEN_PAY_006707,UNSEEN_CUST_00871,44319.86,upi,successful,,,1,2026-06-09 05:05:42.122074
UNSEEN_PAY_006708,UNSEEN_CUST_01359,3595.02,upi,failed,FUNDS_NOT_AVAILABLE,insufficient_funds,1,2026-06-27 07:14:42.122074
UNSEEN_PAY_006709,UNSEEN_CUST_00712,1918.03,card,successful,,,1,2026-07-23 12:57:42.122074
UNSEEN_PAY_006710,UNSEEN_CUST_01399,14203.9,netbanking,failed,,insufficient_funds,1,2026-06-05 08:27:42.122074
UNSEEN_PAY_006711,UNSEEN_CUST_00920,15081.08,netbanking,successful,,,1,2026-07-07 03:01:42.122074
UNSEEN_PAY_006712,UNSEEN_CUST_00531,30021.32,upi,successful,,,1,2026-08-06 08:36:42.122074
UNSEEN_PAY_006713,UNSEEN_CUST_00067,6058.69,card,successful,,,1,2026-07-04 05:51:42.122074
UNSEEN_PAY_006714,UNSEEN_CUST_00114,98185.75,upi,successful,,,1,2026-08-08 16:54:42.122074
UNSEEN_PAY_006715,UNSEEN_CUST_00191,33352.47,upi,successful,,,1,2026-07-05 05:31:42.122074
UNSEEN_PAY_006716,UNSEEN_CUST_01265,1859.28,upi,failed,INSTRUMENT_BLOCKED,blocked_instrument,2,2026-08-02 04:33:42.122074
UNSEEN_PAY_006717,UNSEEN_CUST_01638,48213.21,card,successful,,,2,2026-07-02 07:08:42.122074
UNSEEN_PAY_006718,UNSEEN_CUST_00105,10289.27,upi,successful,,,1,2026-08-20 00:00:42.122074
UNSEEN_PAY_006719,UNSEEN_CUST_01760,10696.36,card,successful,,,1,2026-08-25 17:07:42.122074
UNSEEN_PAY_006720,UNSEEN_CUST_00938,1174.89,upi,successful,,,2,2026-07-24 08:38:42.122986
UNSEEN_PAY_006721,UNSEEN_CUST_01856,9193.85,card,successful,,,1,2026-07-07 06:57:42.122986
UNSEEN_PAY_006722,UNSEEN_CUST_01141,7462.27,card,successful,,,1,2026-07-24 03:13:42.122986
UNSEEN_PAY_006723,UNSEEN_CUST_01267,20405.03,netbanking,successful,,,1,2026-06-25 22:11:42.122986
UNSEEN_PAY_006724,UNSEEN_CUST_01028,16154.39,upi,failed,BANK_SERVICE_UNAVAILABLE,temporary_bank_failure,1,2026-07-06 02:51:42.122986
UNSEEN_PAY_006725,UNSEEN_CUST_01597,42336.21,upi,successful,,,1,2026-06-17 06:29:42.122986
UNSEEN_PAY_006726,UNSEEN_CUST_01421,49905.58,upi,successful,,,1,2026-06-08 14:14:42.122986
UNSEEN_PAY_006727,UNSEEN_CUST_00939,17130.11,card,failed,BANK_TEMPORARY_ERROR,temporary_bank_failure,1,2026-08-20 04:48:42.122986
UNSEEN_PAY_006728,UNSEEN_CUST_00668,34876.45,netbanking,successful,,,3,2026-08-25 08:20:42.122986
UNSEEN_PAY_006729,UNSEEN_CUST_00274,19316.18,upi,failed,AUTHENTICATION_FAILED,authentication_failed,1,2026-08-01 07:59:42.122986
UNSEEN_PAY_006730,UNSEEN_CUST_00699,65870.01,upi,failed,FUNDS_NOT_AVAILABLE,insufficient_funds,1,2026-06-12 05:28:42.122986
UNSEEN_PAY_006731,UNSEEN_CUST_00683,7399.29,upi,successful,,,1,2026-06-28 07:00:42.122986
UNSEEN_PAY_006732,UNSEEN_CUST_00597,62585.2,upi,successful,,,1,2026-06-04 03:23:42.122986
UNSEEN_PAY_006733,UNSEEN_CUST_01860,19687.36,upi,successful,,,1,2026-08-07 17:35:42.122986
UNSEEN_PAY_006734,UNSEEN_CUST_01802,33539.02,upi,successful,,,1,2026-06-24 02:34:42.122986
UNSEEN_PAY_006735,UNSEEN_CUST_00107,48066.62,upi,successful,,,1,2026-06-23 00:10:42.122986
UNSEEN_PAY_006736,UNSEEN_CUST_01988,9251.78,upi,failed,CUSTOMER_AUTH_FAILED,authentication_failed,1,2026-06-23 15:10:42.122986
UNSEEN_PAY_006737,UNSEEN_CUST_00402,8787.33,card,successful,,,1,2026-08-24 12:35:42.122986
UNSEEN_PAY_006738,UNSEEN_CUST_00058,43407.26,upi,successful,,,1,2026-06-15 14:55:42.122986
UNSEEN_PAY_006739,UNSEEN_CUST_01418,13506.91,upi,successful,,,1,2026-07-17 13:46:42.122986
UNSEEN_PAY_006740,UNSEEN_CUST_01415,69833.25,upi,successful,,,1,2026-07-03 03:08:42.122986
UNSEEN_PAY_006741,UNSEEN_CUST_00299,17056.52,upi,successful,,,1,2026-07-12 09:11:42.122986
UNSEEN_PAY_006742,UNSEEN_CUST_00043,43937.3,netbanking,successful,,,1,2026-07-19 17:49:42.122986
UNSEEN_PAY_006743,UNSEEN_CUST_01941,43875.87,upi,successful,,,1,2026-07-17 14:55:42.122986
UNSEEN_PAY_006744,UNSEEN_CUST_00254,12515.45,netbanking,successful,,,1,2026-07-04 20:08:42.124067
UNSEEN_PAY_006745,UNSEEN_CUST_00940,25018.73,card,successful,,,1,2026-08-18 00:13:42.124067
UNSEEN_PAY_006746,UNSEEN_CUST_01357,16285.96,netbanking,failed,RISK_DECLINED,risk_decline,3,2026-07-05 23:05:42.124067
UNSEEN_PAY_006747,UNSEEN_CUST_00948,34566.32,netbanking,successful,,,2,2026-08-12 08:54:42.124067
UNSEEN_PAY_006748,UNSEEN_CUST_00248,35384.77,card,successful,,,1,2026-07-18 20:12:42.124067
UNSEEN_PAY_006749,UNSEEN_CUST_01181,48082.31,upi,successful,,,1,2026-08-18 07:30:42.124067
UNSEEN_PAY_006750,UNSEEN_CUST_01955,30287.28,upi,successful,,,1,2026-06-10 22:37:42.124067
UNSEEN_PAY_006751,UNSEEN_CUST_00098,27573.74,card,successful,,,1,2026-07-29 14:02:42.124067
UNSEEN_PAY_006752,UNSEEN_CUST_01965,47045.63,card,successful,,,1,2026-08-13 22:44:42.124067
UNSEEN_PAY_006753,UNSEEN_CUST_00402,30125.09,upi,failed,AUTHENTICATION_FAILED,authentication_failed,2,2026-08-04 09:08:42.124067
UNSEEN_PAY_006754,UNSEEN_CUST_01203,49572.01,upi,successful,,,1,2026-06-25 23:17:42.124067
UNSEEN_PAY_006755,UNSEEN_CUST_00259,39236.56,upi,successful,,,1,2026-07-15 18:38:42.124067
UNSEEN_PAY_006756,UNSEEN_CUST_01694,49084.37,netbanking,failed,BANK_TEMPORARY_ERROR,temporary_bank_failure,1,2026-06-30 02:54:42.124067
UNSEEN_PAY_006757,UNSEEN_CUST_01010,40885.74,upi,successful,,,2,2026-06-29 01:21:42.124067
UNSEEN_PAY_006758,UNSEEN_CUST_01668,9516.8,card,successful,,,1,2026-06-22 04:34:42.124067
UNSEEN_PAY_006759,UNSEEN_CUST_01253,4736.88,upi,failed,BANK_TEMPORARY_ERROR,temporary_bank_failure,1,2026-07-23 03:18:42.124067
UNSEEN_PAY_006760,UNSEEN_CUST_00638,49193.19,card,successful,,,1,2026-08-24 00:26:42.124067
UNSEEN_PAY_006761,UNSEEN_CUST_01589,46208.68,upi,failed,BANK_TEMPORARY_ERROR,temporary_bank_failure,2,2026-06-23 20:32:42.124067
UNSEEN_PAY_006762,UNSEEN_CUST_00442,23426.96,netbanking,failed,RISK_DECLINED,risk_decline,2,2026-07-31 13:42:42.124067
UNSEEN_PAY_006763,UNSEEN_CUST_01694,21645.56,card,successful,,,1,2026-07-09 13:19:42.124067
UNSEEN_PAY_006764,UNSEEN_CUST_00935,42021.93,netbanking,successful,,,1,2026-06-25 06:52:42.124067
UNSEEN_PAY_006765,UNSEEN_CUST_00740,43637.3,upi,successful,,,1,2026-06-04 14:25:42.124067
UNSEEN_PAY_006766,UNSEEN_CUST_00339,35129.91,card,successful,,,1,2026-06-05 09:07:42.125065
UNSEEN_PAY_006767,UNSEEN_CUST_01855,9525.96,netbanking,successful,,,1,2026-08-06 05:55:42.125065
UNSEEN_PAY_006768,UNSEEN_CUST_01827,1146.18,card,successful,,,1,2026-07-10 14:01:42.125065
UNSEEN_PAY_006769,UNSEEN_CUST_00114,42872.19,upi,successful,,,1,2026-08-01 06:11:42.125065
UNSEEN_PAY_006770,UNSEEN_CUST_01600,17405.21,netbanking,successful,,,1,2026-07-30 06:17:42.125065
UNSEEN_PAY_006771,UNSEEN_CUST_00462,47831.05,card,successful,,,1,2026-08-13 12:44:42.125065
UNSEEN_PAY_006772,UNSEEN_CUST_00966,35164.76,upi,successful,,,1,2026-06-24 22:02:42.125065
UNSEEN_PAY_006773,UNSEEN_CUST_00669,30415.76,netbanking,successful,,,1,2026-07-31 01:53:42.125065
UNSEEN_PAY_006774,UNSEEN_CUST_00437,5154.12,card,successful,,,1,2026-06-08 07:08:42.125065
UNSEEN_PAY_006775,UNSEEN_CUST_01643,28980.13,card,successful,,,1,2026-07-30 16:23:42.125065
UNSEEN_PAY_006776,UNSEEN_CUST_01274,9938.32,upi,successful,,,1,2026-06-11 05:06:42.125065
UNSEEN_PAY_006777,UNSEEN_CUST_00968,25810.34,upi,failed,CUSTOMER_AUTH_FAILED,authentication_failed,1,2026-08-24 04:34:42.125065
UNSEEN_PAY_006778,UNSEEN_CUST_00342,7288.29,upi,successful,,,1,2026-05-30 17:54:42.125065
UNSEEN_PAY_006779,UNSEEN_CUST_00762,16010.58,upi,failed,INSUFFICIENT_BALANCE,insufficient_funds,1,2026-07-04 13:57:42.125065
UNSEEN_PAY_006780,UNSEEN_CUST_00443,47034.91,upi,successful,,,1,2026-07-01 16:35:42.125065
UNSEEN_PAY_006781,UNSEEN_CUST_01025,24423.89,upi,successful,,,1,2026-08-04 03:08:42.125065
UNSEEN_PAY_006782,UNSEEN_CUST_00802,67321.42,netbanking,successful,,,1,2026-06-29 00:31:42.125065
UNSEEN_PAY_006783,UNSEEN_CUST_00530,30524.17,card,successful,,,2,2026-07-16 21:40:42.125065
UNSEEN_PAY_006784,UNSEEN_CUST_00774,3350.76,upi,failed,FUNDS_NOT_AVAILABLE,insufficient_funds,1,2026-08-12 13:05:42.125065
UNSEEN_PAY_006785,UNSEEN_CUST_01576,33578.29,upi,successful,,,1,2026-08-08 22:15:42.125065
UNSEEN_PAY_006786,UNSEEN_CUST_00116,18506.66,netbanking,failed,,authentication_failed,1,2026-07-02 21:04:42.125065
UNSEEN_PAY_006787,UNSEEN_CUST_00025,17831.83,upi,failed,UNSPECIFIED_DECLINE,unknown_failure,1,2026-06-21 14:41:42.125065
UNSEEN_PAY_006788,UNSEEN_CUST_00227,24090.47,netbanking,successful,,,1,2026-08-13 18:08:42.125065
UNSEEN_PAY_006789,UNSEEN_CUST_00459,12919.48,upi,successful,,,1,2026-06-05 19:00:42.126065
UNSEEN_PAY_006790,UNSEEN_CUST_01280,31943.8,upi,successful,,,2,2026-07-07 10:50:42.126065
UNSEEN_PAY_006791,UNSEEN_CUST_01680,5691.75,upi,successful,,,1,2026-06-21 01:05:42.126065
UNSEEN_PAY_006792,UNSEEN_CUST_01070,23552.57,card,failed,CARD_EXPIRED,expired_instrument,1,2026-07-10 18:04:42.126065
UNSEEN_PAY_006793,UNSEEN_CUST_01405,48165.13,card,successful,,,1,2026-08-15 02:28:42.126065
UNSEEN_PAY_006794,UNSEEN_CUST_01763,25065.56,upi,successful,,,1,2026-06-29 07:55:42.126065
UNSEEN_PAY_006795,UNSEEN_CUST_01696,21906.56,card,failed,PROCESSING_TIMEOUT,timeout,1,2026-07-31 21:11:42.126065
UNSEEN_PAY_006796,UNSEEN_CUST_01856,9322.19,upi,successful,,,1,2026-06-17 12:55:42.126065
UNSEEN_PAY_006797,UNSEEN_CUST_00874,1450.35,card,successful,,,1,2026-08-13 03:17:42.126065
UNSEEN_PAY_006798,UNSEEN_CUST_00187,12120.08,card,successful,,,1,2026-08-19 17:02:42.126065
UNSEEN_PAY_006799,UNSEEN_CUST_00240,7915.44,upi,successful,,,1,2026-05-28 07:00:42.126065
UNSEEN_PAY_006800,UNSEEN_CUST_01678,47079.83,netbanking,successful,,,1,2026-06-25 06:45:42.126065
UNSEEN_PAY_006801,UNSEEN_CUST_00739,4905.35,card,failed,UNSPECIFIED_DECLINE,unknown_failure,1,2026-07-18 16:31:42.126065
UNSEEN_PAY_006802,UNSEEN_CUST_01927,20762.38,card,successful,,,1,2026-07-24 09:47:42.126065
UNSEEN_PAY_006803,UNSEEN_CUST_01578,30531.85,upi,successful,,,1,2026-07-11 09:03:42.126065
UNSEEN_PAY_006804,UNSEEN_CUST_00365,29242.55,upi,successful,,,1,2026-07-17 07:15:42.126065
UNSEEN_PAY_006805,UNSEEN_CUST_00384,13996.37,upi,successful,,,1,2026-07-03 14:16:42.126065
UNSEEN_PAY_006806,UNSEEN_CUST_01319,45312.9,upi,failed,RISK_DECLINED,risk_decline,1,2026-06-20 05:25:42.126065
UNSEEN_PAY_006807,UNSEEN_CUST_01185,33842.44,card,successful,,,1,2026-08-10 08:35:42.126065
UNSEEN_PAY_006808,UNSEEN_CUST_00761,28499.86,upi,successful,,,1,2026-06-01 15:49:42.126065
UNSEEN_PAY_006809,UNSEEN_CUST_01935,31459.75,upi,failed,FUNDS_NOT_AVAILABLE,insufficient_funds,1,2026-08-22 03:23:42.126065
UNSEEN_PAY_006810,UNSEEN_CUST_01009,44309.93,upi,failed,NETWORK_TIMEOUT,timeout,2,2026-06-13 05:37:42.126065
UNSEEN_PAY_006811,UNSEEN_CUST_00800,31644.29,upi,failed,CARD_BLOCKED,blocked_instrument,1,2026-08-22 16:41:42.126065
UNSEEN_PAY_006812,UNSEEN_CUST_01553,46962.39,upi,successful,,,2,2026-08-10 18:40:42.127071
UNSEEN_PAY_006813,UNSEEN_CUST_01727,5079.98,card,successful,,,2,2026-08-24 16:00:42.127071
UNSEEN_PAY_006814,UNSEEN_CUST_01121,5156.43,upi,successful,,,1,2026-07-04 05:03:42.127071
UNSEEN_PAY_006815,UNSEEN_CUST_00489,60043.48,upi,successful,,,2,2026-07-24 10:04:42.127071
UNSEEN_PAY_006816,UNSEEN_CUST_01692,58825.78,netbanking,successful,,,1,2026-08-12 11:51:42.127071
UNSEEN_PAY_006817,UNSEEN_CUST_00973,13046.49,card,successful,,,1,2026-08-07 12:41:42.127071
UNSEEN_PAY_006818,UNSEEN_CUST_01192,8497.02,upi,successful,,,1,2026-08-05 03:25:42.127071
UNSEEN_PAY_006819,UNSEEN_CUST_00369,17725.1,upi,successful,,,1,2026-08-17 03:53:42.127071
UNSEEN_PAY_006820,UNSEEN_CUST_00649,16763.0,upi,successful,,,1,2026-08-16 22:14:42.127071
UNSEEN_PAY_006821,UNSEEN_CUST_00486,12074.43,card,successful,,,1,2026-07-07 18:35:42.127071
UNSEEN_PAY_006822,UNSEEN_CUST_01220,25430.29,upi,successful,,,1,2026-06-01 17:56:42.127071
UNSEEN_PAY_006823,UNSEEN_CUST_01721,40992.69,card,failed,INSTRUMENT_EXPIRED,expired_instrument,2,2026-07-22 13:25:42.127071
UNSEEN_PAY_006824,UNSEEN_CUST_00063,16818.07,card,successful,,,1,2026-07-12 22:31:42.127071
UNSEEN_PAY_006825,UNSEEN_CUST_01430,16210.21,upi,failed,BANK_SERVICE_UNAVAILABLE,temporary_bank_failure,1,2026-07-04 18:18:42.127071
UNSEEN_PAY_006826,UNSEEN_CUST_01860,11333.48,netbanking,successful,,,1,2026-07-03 04:48:42.127071
UNSEEN_PAY_006827,UNSEEN_CUST_00663,4846.77,upi,successful,,,1,2026-08-17 12:18:42.127071
UNSEEN_PAY_006828,UNSEEN_CUST_00065,37707.18,upi,successful,,,2,2026-07-11 07:48:42.127071
UNSEEN_PAY_006829,UNSEEN_CUST_00412,20423.01,card,successful,,,1,2026-07-11 14:59:42.127071
UNSEEN_PAY_006830,UNSEEN_CUST_01995,28698.58,upi,failed,CARD_EXPIRED,expired_instrument,1,2026-08-17 18:01:42.127071
UNSEEN_PAY_006831,UNSEEN_CUST_00130,10316.45,upi,successful,,,1,2026-05-29 02:10:42.127071
UNSEEN_PAY_006832,UNSEEN_CUST_01773,5437.98,upi,successful,,,1,2026-08-22 20:29:42.127071
UNSEEN_PAY_006833,UNSEEN_CUST_01379,13737.95,card,failed,INSUFFICIENT_BALANCE,insufficient_funds,1,2026-08-19 17:09:42.127071
UNSEEN_PAY_006834,UNSEEN_CUST_01045,45752.32,card,successful,,,1,2026-06-03 03:22:42.127071
UNSEEN_PAY_006835,UNSEEN_CUST_01454,49155.86,card,successful,,,1,2026-05-30 17:58:42.128065
UNSEEN_PAY_006836,UNSEEN_CUST_00268,29978.77,card,successful,,,1,2026-07-23 06:04:42.128065
UNSEEN_PAY_006837,UNSEEN_CUST_00610,47714.38,card,successful,,,1,2026-07-14 21:41:42.128065
UNSEEN_PAY_006838,UNSEEN_CUST_01590,32468.27,upi,successful,,,1,2026-06-04 14:26:42.128065
UNSEEN_PAY_006839,UNSEEN_CUST_00051,92635.1,netbanking,successful,,,1,2026-07-18 04:34:42.128065
UNSEEN_PAY_006840,UNSEEN_CUST_00856,17314.55,upi,failed,BANK_TEMPORARY_ERROR,temporary_bank_failure,1,2026-06-04 12:36:42.128065
UNSEEN_PAY_006841,UNSEEN_CUST_01591,47793.46,card,successful,,,1,2026-08-17 00:27:42.128065
UNSEEN_PAY_006842,UNSEEN_CUST_00024,31828.46,netbanking,successful,,,1,2026-06-23 09:55:42.128065
UNSEEN_PAY_006843,UNSEEN_CUST_01224,23468.12,upi,successful,,,1,2026-06-02 14:05:42.128065
UNSEEN_PAY_006844,UNSEEN_CUST_01733,13824.75,upi,successful,,,1,2026-07-04 05:27:42.128065
UNSEEN_PAY_006845,UNSEEN_CUST_01775,2785.43,upi,successful,,,1,2026-06-06 14:59:42.128065
UNSEEN_PAY_006846,UNSEEN_CUST_00701,28330.76,upi,failed,RISK_DECLINED,risk_decline,2,2026-07-31 18:15:42.128065
UNSEEN_PAY_006847,UNSEEN_CUST_01769,8298.48,netbanking,failed,LIMIT_EXCEEDED,limit_exceeded,1,2026-07-24 15:36:42.128065
UNSEEN_PAY_006848,UNSEEN_CUST_00313,7710.08,netbanking,successful,,,1,2026-06-22 18:47:42.128065
UNSEEN_PAY_006849,UNSEEN_CUST_01705,1336.62,card,successful,,,1,2026-06-27 17:06:42.128065
UNSEEN_PAY_006850,UNSEEN_CUST_00920,18186.95,card,successful,,,1,2026-07-06 00:38:42.128065
UNSEEN_PAY_006851,UNSEEN_CUST_00014,1234.34,netbanking,successful,,,1,2026-08-17 19:17:42.128065
UNSEEN_PAY_006852,UNSEEN_CUST_00562,14030.95,card,successful,,,1,2026-07-05 12:23:42.128065
UNSEEN_PAY_006853,UNSEEN_CUST_01359,29683.98,upi,failed,AUTHENTICATION_FAILED,authentication_failed,1,2026-07-22 00:38:42.128065
UNSEEN_PAY_006854,UNSEEN_CUST_00833,30336.31,netbanking,successful,,,1,2026-07-04 10:52:42.128065
UNSEEN_PAY_006855,UNSEEN_CUST_00154,16075.57,card,successful,,,1,2026-06-23 20:53:42.128065
UNSEEN_PAY_006856,UNSEEN_CUST_01397,24466.48,card,successful,,,1,2026-07-11 12:00:42.128065
UNSEEN_PAY_006857,UNSEEN_CUST_01112,29324.63,card,successful,,,1,2026-08-21 13:59:42.128065
UNSEEN_PAY_006858,UNSEEN_CUST_01559,32624.51,upi,successful,,,1,2026-07-30 06:31:42.128065
UNSEEN_PAY_006859,UNSEEN_CUST_01984,3783.46,card,failed,BANK_TEMPORARY_ERROR,temporary_bank_failure,1,2026-07-17 04:30:42.129078
UNSEEN_PAY_006860,UNSEEN_CUST_01455,1880.03,upi,successful,,,1,2026-08-05 00:12:42.129078
UNSEEN_PAY_006861,UNSEEN_CUST_01467,47543.06,upi,failed,POLICY_DECLINED,risk_decline,1,2026-05-31 20:23:42.129078
UNSEEN_PAY_006862,UNSEEN_CUST_01759,44786.47,upi,successful,,,1,2026-07-14 03:34:42.129078
UNSEEN_PAY_006863,UNSEEN_CUST_00013,21005.69,netbanking,successful,,,1,2026-06-07 12:09:42.129078
UNSEEN_PAY_006864,UNSEEN_CUST_01329,29403.69,upi,failed,BANK_TEMPORARY_ERROR,temporary_bank_failure,1,2026-05-31 10:04:42.129078
UNSEEN_PAY_006865,UNSEEN_CUST_00433,22144.92,card,failed,INSUFFICIENT_BALANCE,insufficient_funds,1,2026-08-21 10:32:42.129078
UNSEEN_PAY_006866,UNSEEN_CUST_00153,30046.69,upi,successful,,,1,2026-06-20 05:41:42.129078
UNSEEN_PAY_006867,UNSEEN_CUST_01891,26912.75,upi,successful,,,1,2026-07-26 07:50:42.129078
UNSEEN_PAY_006868,UNSEEN_CUST_00771,13190.34,upi,successful,,,1,2026-07-05 13:52:42.129078
UNSEEN_PAY_006869,UNSEEN_CUST_00027,38828.51,card,successful,,,1,2026-08-25 20:07:42.129078
UNSEEN_PAY_006870,UNSEEN_CUST_01663,74065.91,card,successful,,,1,2026-05-28 03:11:42.129078
UNSEEN_PAY_006871,UNSEEN_CUST_00900,24114.11,upi,successful,,,1,2026-08-25 15:47:42.129078
UNSEEN_PAY_006872,UNSEEN_CUST_01063,29154.63,card,successful,,,1,2026-08-22 11:36:42.129078
UNSEEN_PAY_006873,UNSEEN_CUST_01505,35390.1,netbanking,successful,,,1,2026-08-14 16:35:42.129078
UNSEEN_PAY_006874,UNSEEN_CUST_00324,27331.85,card,successful,,,1,2026-07-18 11:13:42.129078
UNSEEN_PAY_006875,UNSEEN_CUST_01994,80179.16,upi,successful,,,1,2026-05-30 23:20:42.129078
UNSEEN_PAY_006876,UNSEEN_CUST_00661,1811.48,netbanking,successful,,,1,2026-06-23 15:51:42.129078
UNSEEN_PAY_006877,UNSEEN_CUST_01992,19143.82,card,successful,,,1,2026-08-12 12:23:42.129078
UNSEEN_PAY_006878,UNSEEN_CUST_00870,1408.83,card,successful,,,1,2026-08-20 13:57:42.129078
UNSEEN_PAY_006879,UNSEEN_CUST_00347,19397.37,netbanking,failed,POLICY_DECLINED,risk_decline,1,2026-06-03 11:16:42.129078
UNSEEN_PAY_006880,UNSEEN_CUST_01319,39659.52,upi,successful,,,1,2026-08-26 06:44:42.129078
UNSEEN_PAY_006881,UNSEEN_CUST_01658,83151.23,card,successful,,,1,2026-06-30 17:54:42.129078
UNSEEN_PAY_006882,UNSEEN_CUST_01662,23948.93,upi,successful,,,1,2026-07-08 07:06:42.130071
UNSEEN_PAY_006883,UNSEEN_CUST_01864,44049.15,netbanking,successful,,,2,2026-07-08 06:25:42.130071
UNSEEN_PAY_006884,UNSEEN_CUST_00351,30420.76,upi,failed,LIMIT_EXCEEDED,limit_exceeded,1,2026-07-17 09:37:42.130071
UNSEEN_PAY_006885,UNSEEN_CUST_00487,60186.66,card,successful,,,1,2026-05-28 11:14:42.130071
UNSEEN_PAY_006886,UNSEEN_CUST_00042,38424.08,upi,successful,,,1,2026-06-20 01:24:42.130071
UNSEEN_PAY_006887,UNSEEN_CUST_00132,25438.24,card,failed,INSTRUMENT_EXPIRED,expired_instrument,1,2026-07-18 19:29:42.130071
UNSEEN_PAY_006888,UNSEEN_CUST_00058,32167.16,netbanking,failed,BANK_SERVICE_UNAVAILABLE,temporary_bank_failure,1,2026-08-02 01:44:42.130071
UNSEEN_PAY_006889,UNSEEN_CUST_00302,12114.25,upi,successful,,,1,2026-07-03 18:43:42.130071
UNSEEN_PAY_006890,UNSEEN_CUST_00965,3035.16,card,successful,,,2,2026-07-13 10:16:42.130071
UNSEEN_PAY_006891,UNSEEN_CUST_01759,14056.75,upi,failed,BANK_TEMPORARY_ERROR,temporary_bank_failure,2,2026-06-07 21:29:42.130071
UNSEEN_PAY_006892,UNSEEN_CUST_01566,37495.4,upi,successful,,,1,2026-06-14 00:24:42.130071
UNSEEN_PAY_006893,UNSEEN_CUST_00323,42492.62,card,successful,,,1,2026-07-11 04:59:42.130071
UNSEEN_PAY_006894,UNSEEN_CUST_00248,27471.89,upi,successful,,,1,2026-07-01 10:51:42.130071
UNSEEN_PAY_006895,UNSEEN_CUST_01306,6144.43,card,successful,,,1,2026-07-09 12:23:42.131073
UNSEEN_PAY_006896,UNSEEN_CUST_01258,10723.26,card,successful,,,1,2026-06-03 20:37:42.131073
UNSEEN_PAY_006897,UNSEEN_CUST_00838,43317.95,upi,successful,,,1,2026-06-25 00:46:42.131073
UNSEEN_PAY_006898,UNSEEN_CUST_02000,23545.19,upi,successful,,,1,2026-08-14 03:27:42.131073
UNSEEN_PAY_006899,UNSEEN_CUST_01167,37047.03,upi,successful,,,1,2026-07-03 15:56:42.131073
UNSEEN_PAY_006900,UNSEEN_CUST_00544,25382.77,card,successful,,,1,2026-06-19 16:52:42.131073
UNSEEN_PAY_006901,UNSEEN_CUST_01042,26673.83,upi,successful,,,1,2026-08-14 11:54:42.131073
UNSEEN_PAY_006902,UNSEEN_CUST_01013,20939.8,card,successful,,,1,2026-07-03 17:34:42.131073
UNSEEN_PAY_006903,UNSEEN_CUST_00191,12042.24,upi,successful,,,1,2026-08-10 21:36:42.131073
UNSEEN_PAY_006904,UNSEEN_CUST_00604,41036.2,netbanking,successful,,,1,2026-06-10 18:58:42.131073
UNSEEN_PAY_006905,UNSEEN_CUST_00819,31436.34,netbanking,successful,,,1,2026-06-05 00:19:42.131073
UNSEEN_PAY_006906,UNSEEN_CUST_00461,16180.91,upi,failed,LIMIT_EXCEEDED,limit_exceeded,1,2026-06-12 02:28:42.131073
UNSEEN_PAY_006907,UNSEEN_CUST_00868,17062.55,upi,failed,BANK_TEMPORARY_ERROR,temporary_bank_failure,2,2026-06-19 23:16:42.131073
UNSEEN_PAY_006908,UNSEEN_CUST_01875,35918.75,netbanking,failed,BANK_TEMPORARY_ERROR,temporary_bank_failure,1,2026-06-20 19:55:42.131073
UNSEEN_PAY_006909,UNSEEN_CUST_00179,29958.34,upi,successful,,,1,2026-06-05 21:43:42.131073
UNSEEN_PAY_006910,UNSEEN_CUST_01060,9514.62,card,successful,,,1,2026-07-31 23:10:42.131073
UNSEEN_PAY_006911,UNSEEN_CUST_00951,5906.37,netbanking,successful,,,1,2026-08-14 09:30:42.131073
UNSEEN_PAY_006912,UNSEEN_CUST_00141,31839.53,upi,successful,,,1,2026-07-31 22:17:42.131073
UNSEEN_PAY_006913,UNSEEN_CUST_01651,29114.39,card,successful,,,1,2026-08-19 02:24:42.131073
UNSEEN_PAY_006914,UNSEEN_CUST_00258,10506.81,card,successful,,,1,2026-08-10 10:40:42.131073
UNSEEN_PAY_006915,UNSEEN_CUST_00038,41457.64,upi,successful,,,1,2026-06-26 03:48:42.131073
UNSEEN_PAY_006916,UNSEEN_CUST_01205,24273.8,card,successful,,,1,2026-08-26 13:01:42.131073
UNSEEN_PAY_006917,UNSEEN_CUST_00212,45675.89,netbanking,failed,POLICY_DECLINED,risk_decline,1,2026-07-12 07:59:42.131073
UNSEEN_PAY_006918,UNSEEN_CUST_00702,7935.65,upi,successful,,,1,2026-07-30 18:21:42.132076
UNSEEN_PAY_006919,UNSEEN_CUST_01923,49973.81,netbanking,successful,,,1,2026-08-13 18:15:42.132076
UNSEEN_PAY_006920,UNSEEN_CUST_00088,44348.36,upi,successful,,,2,2026-07-03 16:22:42.132076
UNSEEN_PAY_006921,UNSEEN_CUST_00246,7354.14,upi,successful,,,1,2026-07-26 23:55:42.132076
UNSEEN_PAY_006922,UNSEEN_CUST_01934,32601.64,upi,failed,BANK_TEMPORARY_ERROR,temporary_bank_failure,1,2026-07-30 15:01:42.132076
UNSEEN_PAY_006923,UNSEEN_CUST_01974,17772.31,upi,successful,,,1,2026-06-21 06:37:42.132076
UNSEEN_PAY_006924,UNSEEN_CUST_01256,10486.14,card,failed,BANK_TEMPORARY_ERROR,temporary_bank_failure,1,2026-08-14 14:59:42.132076
UNSEEN_PAY_006925,UNSEEN_CUST_01959,35785.87,netbanking,successful,,,1,2026-08-24 14:52:42.132076
UNSEEN_PAY_006926,UNSEEN_CUST_01956,12469.78,upi,successful,,,1,2026-06-05 11:12:42.132076
UNSEEN_PAY_006927,UNSEEN_CUST_01001,6721.99,upi,failed,INSTRUMENT_BLOCKED,blocked_instrument,1,2026-06-14 22:27:42.132076
UNSEEN_PAY_006928,UNSEEN_CUST_02000,83303.75,netbanking,successful,,,2,2026-07-25 14:49:42.132076
UNSEEN_PAY_006929,UNSEEN_CUST_01673,18949.01,upi,successful,,,1,2026-07-14 06:44:42.132076
UNSEEN_PAY_006930,UNSEEN_CUST_00219,36399.58,upi,successful,,,1,2026-07-11 18:56:42.132076
UNSEEN_PAY_006931,UNSEEN_CUST_00924,43458.82,card,successful,,,1,2026-06-21 11:32:42.132076
UNSEEN_PAY_006932,UNSEEN_CUST_01032,5837.55,upi,failed,PROCESSING_TIMEOUT,timeout,1,2026-07-16 10:42:42.132076
UNSEEN_PAY_006933,UNSEEN_CUST_00454,6613.61,upi,failed,CUSTOMER_AUTH_FAILED,authentication_failed,1,2026-07-19 15:05:42.132076
UNSEEN_PAY_006934,UNSEEN_CUST_01622,10967.79,upi,successful,,,1,2026-06-03 19:55:42.132076
UNSEEN_PAY_006935,UNSEEN_CUST_00677,31517.93,card,failed,UNSPECIFIED_DECLINE,blocked_instrument,1,2026-07-29 22:35:42.132076
UNSEEN_PAY_006936,UNSEEN_CUST_01293,10793.0,netbanking,failed,RISK_DECLINED,risk_decline,1,2026-07-20 01:22:42.132076
UNSEEN_PAY_006937,UNSEEN_CUST_01122,1141.72,card,successful,,,1,2026-08-04 19:24:42.132076
UNSEEN_PAY_006938,UNSEEN_CUST_00162,83757.04,netbanking,successful,,,2,2026-06-19 05:53:42.132076
UNSEEN_PAY_006939,UNSEEN_CUST_00283,10648.86,upi,successful,,,2,2026-07-25 18:27:42.132076
UNSEEN_PAY_006940,UNSEEN_CUST_01216,37028.69,card,successful,,,2,2026-06-16 11:12:42.133072
UNSEEN_PAY_006941,UNSEEN_CUST_00117,38706.7,netbanking,successful,,,1,2026-08-25 02:56:42.133072
UNSEEN_PAY_006942,UNSEEN_CUST_00670,23503.33,upi,successful,,,1,2026-07-11 02:47:42.133072
UNSEEN_PAY_006943,UNSEEN_CUST_00613,19971.34,card,successful,,,1,2026-08-07 01:54:42.133072
UNSEEN_PAY_006944,UNSEEN_CUST_01391,11847.95,card,successful,,,1,2026-06-30 01:21:42.133072
UNSEEN_PAY_006945,UNSEEN_CUST_01584,33021.66,upi,successful,,,1,2026-08-14 20:07:42.133072
UNSEEN_PAY_006946,UNSEEN_CUST_01487,34944.43,netbanking,successful,,,1,2026-07-05 22:52:42.133072
UNSEEN_PAY_006947,UNSEEN_CUST_01561,16688.41,netbanking,successful,,,1,2026-07-09 04:29:42.133072
UNSEEN_PAY_006948,UNSEEN_CUST_00471,21710.85,upi,successful,,,1,2026-08-17 10:22:42.133072
UNSEEN_PAY_006949,UNSEEN_CUST_00327,29798.94,upi,successful,,,1,2026-06-04 07:18:42.133072
UNSEEN_PAY_006950,UNSEEN_CUST_00854,36727.53,card,successful,,,1,2026-08-09 13:08:42.133072
UNSEEN_PAY_006951,UNSEEN_CUST_00336,33863.36,upi,successful,,,1,2026-08-10 17:48:42.133072
UNSEEN_PAY_006952,UNSEEN_CUST_00121,12274.74,card,successful,,,2,2026-08-23 15:26:42.133072
UNSEEN_PAY_006953,UNSEEN_CUST_01622,24273.77,netbanking,successful,,,1,2026-06-10 00:07:42.133072
UNSEEN_PAY_006954,UNSEEN_CUST_01900,11113.75,upi,failed,PROCESSING_TIMEOUT,timeout,1,2026-06-13 09:06:42.133072
UNSEEN_PAY_006955,UNSEEN_CUST_00102,24562.19,netbanking,successful,,,1,2026-06-04 05:33:42.133072
UNSEEN_PAY_006956,UNSEEN_CUST_01458,10788.78,card,successful,,,1,2026-06-16 00:16:42.133072
UNSEEN_PAY_006957,UNSEEN_CUST_00025,8569.86,upi,successful,,,2,2026-07-16 14:44:42.133072
UNSEEN_PAY_006958,UNSEEN_CUST_00003,34143.32,upi,successful,,,1,2026-07-09 04:01:42.133072
UNSEEN_PAY_006959,UNSEEN_CUST_01707,14601.58,upi,successful,,,1,2026-07-01 13:48:42.133072
UNSEEN_PAY_006960,UNSEEN_CUST_01399,19299.35,upi,successful,,,1,2026-07-07 22:34:42.133072
UNSEEN_PAY_006961,UNSEEN_CUST_01849,16876.96,card,successful,,,1,2026-06-15 17:30:42.133072
UNSEEN_PAY_006962,UNSEEN_CUST_00464,26500.89,netbanking,successful,,,1,2026-07-01 19:02:42.133072
UNSEEN_PAY_006963,UNSEEN_CUST_00730,40110.53,upi,successful,,,1,2026-07-14 00:05:42.133072
UNSEEN_PAY_006964,UNSEEN_CUST_01092,38291.37,card,failed,INSUFFICIENT_BALANCE,insufficient_funds,1,2026-08-02 21:55:42.133072
UNSEEN_PAY_006965,UNSEEN_CUST_01850,40119.89,upi,failed,POLICY_DECLINED,risk_decline,2,2026-08-07 09:35:42.134070
UNSEEN_PAY_006966,UNSEEN_CUST_01909,9400.09,netbanking,successful,,,1,2026-07-18 13:38:42.134070
UNSEEN_PAY_006967,UNSEEN_CUST_01746,36984.65,card,successful,,,1,2026-08-01 15:58:42.134070
UNSEEN_PAY_006968,UNSEEN_CUST_00622,12167.57,netbanking,successful,,,1,2026-08-24 01:21:42.134070
UNSEEN_PAY_006969,UNSEEN_CUST_01717,46910.93,card,failed,FUNDS_NOT_AVAILABLE,insufficient_funds,1,2026-07-31 00:38:42.134070
UNSEEN_PAY_006970,UNSEEN_CUST_00667,11164.75,upi,successful,,,2,2026-08-18 06:42:42.134070
UNSEEN_PAY_006971,UNSEEN_CUST_00513,43308.02,upi,successful,,,1,2026-06-19 10:10:42.134070
UNSEEN_PAY_006972,UNSEEN_CUST_01558,97508.44,card,successful,,,2,2026-08-18 09:05:42.134070
UNSEEN_PAY_006973,UNSEEN_CUST_01664,33570.92,upi,failed,,unknown_failure,1,2026-06-16 18:32:42.134070
UNSEEN_PAY_006974,UNSEEN_CUST_01798,38920.18,upi,successful,,,1,2026-07-23 08:57:42.134070
UNSEEN_PAY_006975,UNSEEN_CUST_01072,10574.66,upi,failed,BANK_SERVICE_UNAVAILABLE,temporary_bank_failure,1,2026-07-24 20:50:42.134070
UNSEEN_PAY_006976,UNSEEN_CUST_00663,24705.8,card,successful,,,1,2026-06-20 07:01:42.134070
UNSEEN_PAY_006977,UNSEEN_CUST_00068,32368.19,upi,failed,FUNDS_NOT_AVAILABLE,insufficient_funds,1,2026-05-31 21:55:42.134070
UNSEEN_PAY_006978,UNSEEN_CUST_01450,10245.79,card,successful,,,1,2026-06-20 16:29:42.134070
UNSEEN_PAY_006979,UNSEEN_CUST_00658,2096.64,upi,successful,,,1,2026-07-08 04:36:42.134070
UNSEEN_PAY_006980,UNSEEN_CUST_00457,8409.26,upi,successful,,,1,2026-07-28 20:27:42.134070
UNSEEN_PAY_006981,UNSEEN_CUST_00082,8143.97,upi,successful,,,1,2026-06-24 14:44:42.134070
UNSEEN_PAY_006982,UNSEEN_CUST_01356,48621.75,upi,successful,,,1,2026-06-12 13:49:42.134070
UNSEEN_PAY_006983,UNSEEN_CUST_01696,15329.59,card,successful,,,1,2026-08-06 07:57:42.134070
UNSEEN_PAY_006984,UNSEEN_CUST_00582,25839.33,card,successful,,,1,2026-08-13 02:18:42.134070
UNSEEN_PAY_006985,UNSEEN_CUST_00139,30232.49,upi,failed,FUNDS_NOT_AVAILABLE,insufficient_funds,1,2026-08-08 23:56:42.134070
UNSEEN_PAY_006986,UNSEEN_CUST_00129,3565.93,upi,successful,,,1,2026-06-27 11:46:42.134070
UNSEEN_PAY_006987,UNSEEN_CUST_00902,43023.54,netbanking,successful,,,1,2026-06-27 12:39:42.134070
UNSEEN_PAY_006988,UNSEEN_CUST_00293,18160.76,upi,successful,,,1,2026-06-10 17:57:42.135072
UNSEEN_PAY_006989,UNSEEN_CUST_00942,22454.12,card,successful,,,1,2026-07-17 10:07:42.135072
UNSEEN_PAY_006990,UNSEEN_CUST_01305,6317.37,card,successful,,,1,2026-06-14 12:15:42.135072
UNSEEN_PAY_006991,UNSEEN_CUST_00193,60050.24,card,failed,FUNDS_NOT_AVAILABLE,insufficient_funds,2,2026-08-22 17:02:42.135072
UNSEEN_PAY_006992,UNSEEN_CUST_01001,38033.95,card,successful,,,1,2026-08-02 23:00:42.135072
UNSEEN_PAY_006993,UNSEEN_CUST_00174,7425.12,card,successful,,,1,2026-08-10 08:50:42.135072
UNSEEN_PAY_006994,UNSEEN_CUST_01442,48096.07,netbanking,successful,,,1,2026-07-04 09:58:42.135072
UNSEEN_PAY_006995,UNSEEN_CUST_01486,18226.97,netbanking,failed,INSUFFICIENT_BALANCE,insufficient_funds,1,2026-07-09 16:01:42.135072
UNSEEN_PAY_006996,UNSEEN_CUST_01686,11910.68,upi,successful,,,1,2026-06-12 12:08:42.135072
UNSEEN_PAY_006997,UNSEEN_CUST_01794,34298.9,upi,successful,,,1,2026-07-15 11:33:42.135072
UNSEEN_PAY_006998,UNSEEN_CUST_01006,46946.08,card,successful,,,1,2026-08-15 01:22:42.135072
UNSEEN_PAY_006999,UNSEEN_CUST_00814,10527.79,upi,successful,,,1,2026-06-24 08:47:42.135072
UNSEEN_PAY_007000,UNSEEN_CUST_01772,36245.88,card,successful,,,1,2026-06-09 04:01:42.135072
