customer_id,customer_name,customer_segment,preferred_payment_method,communication_opt_in,customer_lifetime_value,successful_payment_count,failed_payment_count,total_payment_attempts
CUST_00001,Anita Goswami,regular,upi,True,55953.0,3,0,3
CUST_00002,Priya Borra,new,upi,True,18303.78,1,1,2
CUST_00003,Reyansh Mallick,regular,upi,True,31269.45,5,0,5
CUST_00004,Girish Behl,regular,upi,True,40159.68,3,0,3
CUST_00005,Umang Dugar,regular,card,True,36795.8,2,1,3
CUST_00006,Aachal Gera,regular,upi,True,88108.65,4,0,4
CUST_00007,Saanvi Chaudry,regular,netbanking,True,31486.17,2,2,4
CUST_00008,Devika Dewan,regular,netbanking,True,58831.21,3,0,3
CUST_00009,Pooja Nayar,new,upi,True,13816.66,4,2,6
CUST_00010,Anthony Devan,regular,upi,True,98108.88,1,2,3
CUST_00011,Bhavna Sawhney,regular,upi,False,37685.02,3,0,3
CUST_00012,Jagrati Menon,regular,card,True,44006.03,2,1,3
CUST_00013,Bhanumati Pillai,high_value,upi,True,264704.23,3,1,4
CUST_00014,Ikshita Hayer,regular,card,True,69750.68,1,1,2
CUST_00015,Tamanna Bhalla,regular,netbanking,True,53343.46,6,0,6
CUST_00016,Nitara Dara,regular,card,True,96777.56,1,0,1
CUST_00017,Aayush Mangal,regular,upi,True,48141.85,1,1,2
CUST_00018,Lekha Swaminathan,regular,card,True,70697.97,4,0,4
CUST_00019,Turvi Kamdar,high_value,upi,True,467756.52,2,0,2
CUST_00020,Ayaan Parmar,regular,upi,True,59956.59,2,0,2
CUST_00021,Yochana Sarma,regular,upi,True,33074.25,3,0,3
CUST_00022,Ekalinga Roy,regular,upi,True,43909.82,3,0,3
CUST_00023,Yutika Morar,regular,card,True,38163.21,4,1,5
CUST_00024,Jeet Kohli,regular,upi,True,73538.63,4,0,4
CUST_00025,Kashish Vyas,regular,card,True,80131.34,6,0,6
CUST_00026,Pahal Savant,regular,netbanking,True,65758.64,4,0,4
CUST_00027,Wazir Rajan,high_value,netbanking,True,393397.7,4,1,5
CUST_00028,Tristan Natt,regular,upi,True,98356.45,0,0,0
CUST_00029,Edhitha Devi,regular,upi,True,59889.16,4,1,5
CUST_00030,Kalpit Madan,high_value,upi,True,158950.58,1,0,1
CUST_00031,Forum Sachdeva,regular,upi,True,35384.11,3,0,3
CUST_00032,Zayan Sundaram,regular,card,True,21599.5,3,0,3
CUST_00033,Dhruv Balakrishnan,regular,card,True,76038.84,6,0,6
CUST_00034,Aayush Mandal,new,netbanking,True,14966.26,1,0,1
CUST_00035,Balhaar Bhandari,regular,netbanking,True,39532.01,1,0,1
CUST_00036,Rachana Parikh,regular,card,True,69496.72,0,0,0
CUST_00037,Falak Trivedi,regular,upi,False,74818.44,3,2,5
CUST_00038,Chanakya Devan,regular,card,True,64361.92,1,1,2
CUST_00039,Henry Bir,regular,upi,True,74361.88,3,0,3
CUST_00040,Tarak Khatri,regular,card,True,72302.85,3,0,3
CUST_00041,Omaja Ganesan,regular,upi,True,29050.23,2,1,3
CUST_00042,Abhiram Bhat,regular,card,False,23352.44,2,1,3
CUST_00043,Neha Talwar,regular,upi,True,69610.31,4,1,5
CUST_00044,Ayush Vohra,new,upi,True,18096.15,1,2,3
CUST_00045,Gaurav Batra,regular,upi,True,93012.43,2,0,2
CUST_00046,Warhi Dugal,regular,card,True,87626.16,3,1,4
CUST_00047,Akshay Badal,regular,card,False,49074.13,1,0,1
CUST_00048,Qadim Parmar,regular,card,True,94761.18,2,0,2
CUST_00049,Sarthak Setty,regular,netbanking,True,30330.48,2,0,2
CUST_00050,Advik Saxena,regular,card,True,86811.77,2,1,3
CUST_00051,Mahika Ray,regular,upi,True,57915.29,2,1,3
CUST_00052,Janani Gulati,new,upi,True,3564.39,2,0,2
CUST_00053,Xalak Sur,regular,card,True,32670.56,2,0,2
CUST_00054,Rayaan Aurora,regular,upi,True,86218.28,4,1,5
CUST_00055,Jason Sen,new,card,True,7734.58,0,1,1
CUST_00056,Anthony Agarwal,new,card,True,3659.27,3,1,4
CUST_00057,Jyoti Bahri,regular,upi,True,71242.01,3,0,3
CUST_00058,Dominic Wason,new,upi,True,5806.97,2,1,3
CUST_00059,Harsh Sabharwal,new,card,True,16687.47,4,3,7
CUST_00060,Gauri Nagar,regular,card,True,61823.45,5,0,5
CUST_00061,Niharika Saha,regular,card,True,86777.2,3,0,3
CUST_00062,Ekbal Dass,regular,upi,True,87234.03,2,1,3
CUST_00063,Qadim Iyengar,regular,upi,True,98869.32,1,0,1
CUST_00064,Abhimanyu Pradhan,high_value,upi,True,117094.3,2,1,3
CUST_00065,Arunima Vaidya,high_value,netbanking,True,496937.3,1,0,1
CUST_00066,Damyanti Shere,regular,upi,True,75941.78,1,0,1
CUST_00067,Abha Kala,regular,card,True,44044.96,3,1,4
CUST_00068,Aahana Hegde,regular,netbanking,True,97477.45,2,0,2
CUST_00069,Vanya Iyengar,new,upi,True,12594.92,2,3,5
CUST_00070,Liam Chakrabarti,regular,card,True,56951.66,6,0,6
CUST_00071,Madhavi Kapur,regular,netbanking,True,43818.76,1,0,1
CUST_00072,Harish Varma,regular,upi,True,46647.15,1,0,1
CUST_00073,Atharv Misra,regular,card,True,86552.56,2,0,2
CUST_00074,Elijah Datta,regular,upi,True,75461.62,3,0,3
CUST_00075,Vrinda Reddy,regular,netbanking,True,46363.94,6,1,7
CUST_00076,Nakul Borde,regular,upi,True,29799.2,3,0,3
CUST_00077,Nathan Kari,regular,card,True,68858.45,2,1,3
CUST_00078,Sai Venkataraman,regular,upi,True,56213.92,2,1,3
CUST_00079,Vansha Wadhwa,regular,card,False,60407.69,6,1,7
CUST_00080,Adya Om,new,netbanking,False,9081.2,4,2,6
CUST_00081,Brijesh Khosla,regular,upi,True,71427.43,1,0,1
CUST_00082,Hemal Desai,regular,upi,True,83642.24,3,0,3
CUST_00083,Damyanti Jha,regular,upi,True,75697.12,3,1,4
CUST_00084,Leela Sangha,regular,upi,True,74769.56,3,0,3
CUST_00085,Harsh Dave,new,card,True,14290.39,1,1,2
CUST_00086,Samuel Buch,new,netbanking,False,8828.18,2,1,3
CUST_00087,Ayaan Seth,regular,card,True,94273.35,1,3,4
CUST_00088,Laksh Sani,regular,upi,True,43683.17,7,0,7
CUST_00089,Pranav Sharma,regular,netbanking,True,96095.92,4,1,5
CUST_00090,Anmol Mani,regular,upi,True,91036.14,4,1,5
CUST_00091,Sara Jaggi,high_value,netbanking,True,318181.36,0,1,1
CUST_00092,Nilima Raja,new,upi,True,10498.87,2,1,3
CUST_00093,Neelima Buch,high_value,card,True,160327.9,3,1,4
CUST_00094,Yashasvi Sehgal,high_value,upi,True,362761.04,5,0,5
CUST_00095,Oliver Panchal,regular,upi,True,68785.46,3,0,3
CUST_00096,Jason Dayal,high_value,card,True,352776.27,1,0,1
CUST_00097,Raghav Misra,regular,netbanking,True,94337.1,2,1,3
CUST_00098,Darpan Din,new,card,True,11096.91,4,0,4
CUST_00099,Priya Ramachandran,high_value,card,True,155642.0,5,1,6
CUST_00100,Sneha Keer,regular,netbanking,True,37359.64,4,0,4
CUST_00101,Meghana Chowdhury,regular,upi,True,84208.41,2,0,2
CUST_00102,Bahadurjit Yogi,regular,upi,True,49020.24,3,1,4
CUST_00103,Yachana Dhawan,regular,upi,True,65450.43,2,0,2
CUST_00104,Naveen Mani,high_value,upi,True,163500.89,3,0,3
CUST_00105,Mahika Chaudhry,high_value,card,True,105132.04,3,0,3
CUST_00106,Vansha Bhandari,new,upi,True,18305.41,0,0,0
CUST_00107,Imaran Bora,regular,card,True,73604.39,2,0,2
CUST_00108,Sathvik Manda,regular,card,True,94951.4,0,1,1
CUST_00109,Aadi Deep,high_value,upi,True,165825.09,2,1,3
CUST_00110,Patrick Prakash,regular,upi,False,74884.19,4,0,4
CUST_00111,Meera Pant,new,upi,True,15919.94,1,0,1
CUST_00112,Ayush Menon,regular,netbanking,True,36747.28,7,1,8
CUST_00113,Warda Hegde,regular,card,True,46380.28,5,0,5
CUST_00114,Isha Gulati,regular,card,True,70525.54,4,0,4
CUST_00115,Deepa Acharya,regular,upi,True,37217.03,1,0,1
CUST_00116,Jason Rana,new,upi,True,9902.64,0,3,3
CUST_00117,Lakshit Borra,regular,card,True,65335.24,3,2,5
CUST_00118,Nisha Dugal,regular,upi,True,31517.33,3,2,5
CUST_00119,Aahana Garde,new,upi,True,2560.21,1,2,3
CUST_00120,Sara Chandran,high_value,upi,True,441521.61,3,0,3
CUST_00121,Vamakshi Om,new,upi,True,12156.99,4,1,5
CUST_00122,Sneha Chopra,regular,upi,True,88271.31,6,0,6
CUST_00123,Ijaya Chakrabarti,new,upi,True,10296.12,2,0,2
CUST_00124,Hema Borde,high_value,upi,True,234192.66,2,1,3
CUST_00125,Aadi Kala,regular,upi,True,27978.2,4,0,4
CUST_00126,Janani Magar,regular,upi,True,21935.85,5,1,6
CUST_00127,Saumya Kumar,regular,upi,False,24830.6,1,1,2
CUST_00128,Daksh Brahmbhatt,new,upi,True,7265.99,3,2,5
CUST_00129,Amruta Narang,regular,upi,True,50726.31,4,0,4
CUST_00130,Falguni Bir,regular,netbanking,True,40524.93,3,0,3
CUST_00131,Lakshit Master,regular,netbanking,True,81217.03,2,0,2
CUST_00132,Thomas Pandya,regular,upi,True,85224.64,5,3,8
CUST_00133,Parth Arora,regular,upi,True,22715.38,1,2,3
CUST_00134,Yashasvi Bahl,regular,card,True,47125.15,3,0,3
CUST_00135,Anay Dalal,regular,netbanking,False,27769.82,3,0,3
CUST_00136,Nidra Memon,regular,upi,True,23789.16,2,1,3
CUST_00137,Meera Chander,new,upi,True,4414.75,1,1,2
CUST_00138,Umang Issac,regular,upi,True,60860.03,3,0,3
CUST_00139,Guneet Ramachandran,regular,upi,True,29273.82,1,1,2
CUST_00140,Chameli Sengupta,high_value,card,True,389333.79,2,0,2
CUST_00141,Warhi Sundaram,high_value,upi,True,119930.91,2,1,3
CUST_00142,Farhan Kara,regular,card,True,63749.41,3,1,4
CUST_00143,Ekansh Kala,new,card,True,14761.62,2,1,3
CUST_00144,Guneet Seshadri,regular,card,True,87440.88,4,1,5
CUST_00145,Rohan Kala,regular,card,True,83969.58,4,2,6
CUST_00146,Ishwar Subramaniam,high_value,upi,True,287395.34,2,2,4
CUST_00147,Ganga Ravi,new,upi,True,6734.38,3,2,5
CUST_00148,Urmi Dora,regular,upi,True,90927.32,7,1,8
CUST_00149,Jai Toor,regular,upi,True,90906.16,1,1,2
CUST_00150,Yadavi Chauhan,regular,upi,True,99173.25,4,2,6
CUST_00151,Qabil Loke,regular,card,True,20464.22,5,2,7
CUST_00152,Mugdha Goel,regular,upi,True,95616.71,7,1,8
CUST_00153,Bhavika Deshmukh,high_value,netbanking,True,292055.87,2,1,3
CUST_00154,Rajeshri Kata,regular,card,True,58025.12,2,1,3
CUST_00155,Ekalinga Agarwal,regular,upi,True,30893.64,3,1,4
CUST_00156,Daniel Ganesan,high_value,upi,False,426454.32,2,0,2
CUST_00157,Ekbal Amble,regular,card,True,94423.08,3,0,3
CUST_00158,Tara Sarraf,regular,upi,True,72194.63,2,1,3
CUST_00159,Sara Ben,high_value,upi,True,264088.36,2,0,2
CUST_00160,Upkaar Lad,high_value,card,True,347807.96,1,2,3
CUST_00161,Ojas Cherian,regular,upi,True,86145.92,2,0,2
CUST_00162,Chameli Verma,regular,upi,True,21069.62,5,0,5
CUST_00163,Zashil Varma,regular,card,True,89363.35,5,0,5
CUST_00164,Oscar Dutta,regular,upi,False,47010.4,6,1,7
CUST_00165,Adweta Desai,high_value,card,False,246626.68,3,0,3
CUST_00166,Amruta Iyengar,regular,netbanking,True,84574.85,2,0,2
CUST_00167,Wakeeta Sibal,regular,upi,True,25348.5,2,0,2
CUST_00168,Widisha Tailor,regular,card,True,96248.47,2,0,2
CUST_00169,Rayaan Rajagopal,high_value,upi,True,429749.13,3,0,3
CUST_00170,Chaaya Raval,regular,card,True,81674.95,4,0,4
CUST_00171,Alexander Ratti,regular,card,True,89440.96,0,0,0
CUST_00172,Sudiksha Memon,regular,upi,True,46403.8,6,0,6
CUST_00173,Devansh Modi,new,upi,True,12239.69,0,0,0
CUST_00174,Indali Lad,regular,upi,True,67464.09,2,3,5
CUST_00175,Hardik Jaggi,regular,card,True,51301.05,3,0,3
CUST_00176,Samarth Divan,regular,card,True,75161.62,7,1,8
CUST_00177,Libni Saha,new,card,True,17048.3,1,0,1
CUST_00178,Pahal Gulati,high_value,upi,True,259679.58,2,1,3
CUST_00179,Bhanumati Chacko,regular,upi,True,39504.03,3,1,4
CUST_00180,Ekaraj Merchant,regular,netbanking,True,23033.62,3,1,4
CUST_00181,Megha Sachdeva,regular,upi,True,32423.18,1,0,1
CUST_00182,Rajeshri Mutti,new,upi,True,5595.32,1,1,2
CUST_00183,Aarini Garde,regular,card,True,60269.73,2,1,3
CUST_00184,Damyanti Golla,regular,card,True,58295.68,8,2,10
CUST_00185,Chandani Kohli,new,netbanking,True,13300.78,0,2,2
CUST_00186,Dayamai Kaul,new,upi,True,4278.61,7,0,7
CUST_00187,Nitesh Balakrishnan,regular,netbanking,True,53477.59,3,0,3
CUST_00188,Darsh Kumar,regular,netbanking,True,56128.65,2,0,2
CUST_00189,Wriddhish Pandey,regular,upi,True,63595.52,1,0,1
CUST_00190,Anmol Jhaveri,regular,upi,False,92992.96,0,0,0
CUST_00191,Akshay More,high_value,card,True,319147.77,4,0,4
CUST_00192,Aarna Mall,new,upi,True,13379.06,2,2,4
CUST_00193,Anya Rattan,regular,upi,True,98624.46,9,0,9
CUST_00194,Damyanti Narayanan,regular,upi,True,37076.4,4,0,4
CUST_00195,Ayush Kaur,high_value,upi,False,442922.88,5,1,6
CUST_00196,Balvan Contractor,high_value,upi,True,115720.0,4,0,4
CUST_00197,Kala Mangal,regular,upi,True,52601.88,1,0,1
CUST_00198,Daksh Magar,new,upi,True,16989.89,4,0,4
CUST_00199,Krishna Lal,regular,upi,True,40278.15,4,0,4
CUST_00200,Faraj Seshadri,regular,upi,True,51825.87,4,1,5
CUST_00201,Yamini Wali,regular,upi,True,43448.67,4,0,4
CUST_00202,Warjas Virk,regular,card,True,44665.11,2,3,5
CUST_00203,Oni Saran,new,upi,True,7234.72,2,1,3
CUST_00204,Pooja Dugar,high_value,upi,True,385562.82,5,1,6
CUST_00205,Lakshmi Randhawa,high_value,upi,True,163820.27,3,0,3
CUST_00206,Warhi Johal,new,card,True,6137.48,2,1,3
CUST_00207,Pallavi Venkatesh,new,card,True,2262.99,1,2,3
CUST_00208,Ikshita Solanki,high_value,upi,False,197915.74,3,0,3
CUST_00209,Chaitaly Sha,regular,card,True,69826.09,2,3,5
CUST_00210,Mason Sachdeva,high_value,upi,True,158286.93,2,0,2
CUST_00211,Sai Krishnan,regular,upi,True,25767.86,4,0,4
CUST_00212,Eiravati Bath,regular,card,True,51230.06,2,1,3
CUST_00213,Qasim Ahluwalia,high_value,upi,True,189103.85,1,1,2
CUST_00214,Gaurangi Dasgupta,high_value,upi,True,216962.94,0,1,1
CUST_00215,Om Natarajan,regular,card,True,55770.67,5,1,6
CUST_00216,Ganga Narang,regular,netbanking,True,74380.03,2,0,2
CUST_00217,Hiral Kade,high_value,netbanking,True,493664.32,3,0,3
CUST_00218,Ekani Jaggi,regular,upi,True,73398.43,3,1,4
CUST_00219,Anusha Trivedi,regular,upi,True,57238.92,1,0,1
CUST_00220,Warjas Bora,regular,upi,True,33639.42,3,0,3
CUST_00221,Mitesh Maharaj,regular,upi,True,80285.47,3,2,5
CUST_00222,Gavin Raval,regular,upi,True,33864.95,5,2,7
CUST_00223,Vamakshi Cherian,regular,upi,True,27714.04,3,0,3
CUST_00224,Upkaar Chanda,regular,upi,True,92514.01,4,1,5
CUST_00225,Gaurav Dugar,new,upi,True,15483.11,4,3,7
CUST_00226,Nirja Borah,regular,upi,True,72797.22,3,0,3
CUST_00227,Vihaan Basak,regular,upi,True,38163.26,4,0,4
CUST_00228,Suhani Bora,high_value,upi,True,322632.85,4,0,4
CUST_00229,Damyanti Trivedi,regular,upi,True,88809.48,5,1,6
CUST_00230,Champak Srinivas,regular,netbanking,True,29319.95,3,0,3
CUST_00231,Fiyaz Lata,new,upi,False,17026.99,4,0,4
CUST_00232,Avni Luthra,regular,card,True,20509.84,3,1,4
CUST_00233,Reyansh Kalla,regular,upi,True,99130.01,5,0,5
CUST_00234,Rajeshri Dyal,regular,card,True,93598.52,6,0,6
CUST_00235,Wridesh Saraf,regular,upi,True,91339.98,4,0,4
CUST_00236,Arin Khurana,regular,card,True,68329.58,6,1,7
CUST_00237,Xiti Prabhakar,regular,upi,True,48859.23,5,0,5
CUST_00238,Anvi Kurian,regular,upi,True,28296.35,5,0,5
CUST_00239,Ekavir Sandal,regular,upi,True,96765.74,3,1,4
CUST_00240,Raagini Karnik,regular,upi,True,28994.84,2,0,2
CUST_00241,Jeremiah Karnik,new,upi,True,9493.16,1,2,3
CUST_00242,Leela Tripathi,regular,upi,True,59285.41,3,1,4
CUST_00243,Sarthak Karnik,high_value,upi,True,309628.88,1,1,2
CUST_00244,Ojas Balay,regular,card,True,49161.15,2,3,5
CUST_00245,Jagvi Pillai,regular,upi,True,46107.81,5,1,6
CUST_00246,Harrison Chand,new,upi,False,19352.23,2,2,4
CUST_00247,Edhitha Kapadia,regular,upi,True,32879.22,4,1,5
CUST_00248,Faris Sridhar,regular,netbanking,True,97469.7,3,3,6
CUST_00249,Mason Dhar,regular,netbanking,True,40369.39,2,0,2
CUST_00250,Upkaar Menon,new,upi,True,4436.77,4,1,5
CUST_00251,Krishna Issac,new,card,False,15960.94,2,0,2
CUST_00252,Leena Uppal,new,card,True,7046.44,2,1,3
CUST_00253,Darpan Mangat,high_value,upi,True,350276.41,5,0,5
CUST_00254,Girish Khatri,regular,upi,True,60817.71,6,0,6
CUST_00255,Yahvi Kota,new,upi,True,7397.15,0,0,0
CUST_00256,Anjali Ramesh,regular,card,True,82993.24,2,1,3
CUST_00257,Pavani Luthra,new,upi,True,11396.26,3,1,4
CUST_00258,Andrew Solanki,regular,upi,True,40764.09,2,1,3
CUST_00259,Janya Kapadia,regular,card,True,92200.23,2,1,3
CUST_00260,Andrew Edwin,regular,card,True,65088.11,3,0,3
CUST_00261,Amaira Date,regular,upi,True,48567.27,4,0,4
CUST_00262,Ishaan Din,regular,upi,True,39471.39,1,0,1
CUST_00263,Jack Dhawan,regular,card,True,23856.48,2,0,2
CUST_00264,Gautami Kothari,regular,upi,True,24759.11,3,0,3
CUST_00265,Vivaan Dhar,regular,netbanking,True,52268.03,2,0,2
CUST_00266,Samar Sawhney,regular,netbanking,True,84238.94,1,0,1
CUST_00267,Manan Sagar,regular,upi,True,30209.2,3,0,3
CUST_00268,Ikbal Mittal,regular,netbanking,True,47963.03,1,0,1
CUST_00269,Luke Pandey,regular,upi,True,94440.78,5,3,8
CUST_00270,Kamya Mital,high_value,upi,True,246828.24,3,0,3
CUST_00271,Mason Pillai,regular,upi,True,41003.01,4,0,4
CUST_00272,Netra Palan,new,netbanking,False,3111.53,2,0,2
CUST_00273,Ayush Subramaniam,regular,card,True,67969.26,1,2,3
CUST_00274,Henry Sangha,new,card,True,4597.3,6,1,7
CUST_00275,Ijaya Misra,regular,card,True,72817.42,4,1,5
CUST_00276,Madhav Narain,new,upi,False,19867.18,3,0,3
CUST_00277,Yashica Mutti,regular,upi,True,65847.32,3,0,3
CUST_00278,Wriddhish Kibe,regular,upi,True,61902.92,4,0,4
CUST_00279,Sneha Garg,new,upi,False,8512.74,5,2,7
CUST_00280,Maanas Dhawan,high_value,card,True,192751.94,4,2,6
CUST_00281,Jasmit Oak,regular,upi,True,68795.63,4,0,4
CUST_00282,Yauvani Chhabra,regular,upi,True,25178.05,2,0,2
CUST_00283,Shivani Prakash,regular,netbanking,True,70468.15,5,2,7
CUST_00284,Wahab Vasa,new,upi,True,2194.98,3,0,3
CUST_00285,Raghav Barad,regular,upi,False,76249.58,4,0,4
CUST_00286,Yashoda Date,regular,card,True,38307.53,2,0,2
CUST_00287,Meghana Mahajan,regular,card,True,82468.41,3,0,3
CUST_00288,Mason Lall,high_value,card,True,246554.91,7,0,7
CUST_00289,Aahana Mall,regular,card,True,79393.47,3,0,3
CUST_00290,Amrita Reddy,regular,upi,True,59659.3,3,0,3
CUST_00291,Ekta Chaudhry,high_value,upi,True,272162.58,1,0,1
CUST_00292,Nitesh Baria,regular,card,True,73089.32,2,0,2
CUST_00293,Yashica Rajagopalan,regular,upi,True,30211.34,3,2,5
CUST_00294,Samuel Bassi,high_value,netbanking,True,491658.38,1,0,1
CUST_00295,Anya Uppal,high_value,card,True,198748.9,1,0,1
CUST_00296,Harinakshi Sarin,regular,upi,True,59578.59,2,0,2
CUST_00297,Hema Lalla,regular,card,True,70291.68,3,1,4
CUST_00298,Banjeet Sawhney,regular,upi,True,53626.72,1,0,1
CUST_00299,Sarthak Sidhu,high_value,upi,True,319857.86,1,0,1
CUST_00300,Inaya Patla,regular,upi,True,29038.38,4,0,4
CUST_00301,Urvi Din,regular,upi,True,43661.6,4,2,6
CUST_00302,Pooja Oza,high_value,card,True,238031.18,1,0,1
CUST_00303,Balendra Dayal,regular,card,True,58572.38,2,1,3
CUST_00304,Suhani Sekhon,high_value,upi,True,491726.57,4,0,4
CUST_00305,Oviya Sheth,regular,upi,True,69735.83,2,2,4
CUST_00306,Gunbir Seshadri,regular,upi,True,72150.45,2,0,2
CUST_00307,Elijah Varma,regular,card,False,60221.95,3,0,3
CUST_00308,Omya Shankar,new,upi,False,8893.45,2,2,4
CUST_00309,Zarna Chaudhry,new,card,True,14103.69,3,2,5
CUST_00310,Jackson Khosla,high_value,upi,True,484210.0,4,0,4
CUST_00311,Anirudh Pillai,new,upi,True,8381.57,1,0,1
CUST_00312,Saksham Venkatesh,regular,card,True,27312.04,1,0,1
CUST_00313,Isaac Tara,regular,card,True,80373.73,4,0,4
CUST_00314,Saanvi Mohanty,regular,card,True,26863.52,5,1,6
CUST_00315,Garima Ray,high_value,card,True,174827.41,5,1,6
CUST_00316,Tanay Wali,regular,card,False,99970.71,6,1,7
CUST_00317,Yachana Master,regular,upi,True,98500.24,8,0,8
CUST_00318,Chakradhar Sawhney,regular,card,True,95700.82,2,0,2
CUST_00319,Samaksh Mand,regular,upi,True,60267.57,1,1,2
CUST_00320,Jatin Panchal,new,card,True,11466.69,4,0,4
CUST_00321,Yashodhara Gola,regular,upi,True,40889.26,5,0,5
CUST_00322,Tristan Jain,regular,netbanking,True,31414.88,1,0,1
CUST_00323,Harish Chaudhuri,regular,card,True,91874.84,4,0,4
CUST_00324,Tanvi Sarin,regular,upi,True,95724.13,2,0,2
CUST_00325,Aarini Peri,regular,upi,True,62988.03,2,1,3
CUST_00326,Dalbir Bala,new,card,True,4461.7,0,0,0
CUST_00327,Rayaan Rana,regular,upi,True,92494.04,1,1,2
CUST_00328,Ekiya Bali,regular,upi,True,61561.65,2,2,4
CUST_00329,George Narain,regular,netbanking,True,71561.07,2,0,2
CUST_00330,Dakshesh Bala,regular,upi,True,81120.02,1,0,1
CUST_00331,Hardik Divan,regular,card,True,41944.04,2,1,3
CUST_00332,Damini Lall,regular,upi,True,28382.08,1,0,1
CUST_00333,Darsh Behl,new,card,True,19776.57,2,1,3
CUST_00334,Gaurang Deol,regular,card,True,64344.41,4,1,5
CUST_00335,Tamanna Viswanathan,regular,upi,True,89988.05,2,0,2
CUST_00336,Ria Mohan,regular,upi,True,81066.78,1,1,2
CUST_00337,Inaya Nayar,new,card,True,11978.49,5,1,6
CUST_00338,Varenya Golla,regular,netbanking,True,66903.96,1,0,1
CUST_00339,Nikita Chawla,high_value,upi,True,193794.79,3,0,3
CUST_00340,Anya Lalla,regular,upi,True,76734.17,2,1,3
CUST_00341,Zayyan Gala,regular,card,True,70942.55,4,0,4
CUST_00342,Sarthak Choudhary,high_value,card,True,162960.19,6,1,7
CUST_00343,Urishilla Deshmukh,regular,upi,True,40000.08,2,0,2
CUST_00344,Anmol Om,regular,upi,True,35040.05,1,0,1
CUST_00345,Omisha Gola,regular,card,True,69206.32,3,2,5
CUST_00346,Harini Talwar,regular,netbanking,True,39388.99,0,0,0
CUST_00347,Kiaan Guha,high_value,upi,True,472435.67,1,0,1
CUST_00348,Bhavna Kumar,regular,upi,True,27478.05,2,0,2
CUST_00349,Omisha Nadig,regular,card,True,80463.18,3,1,4
CUST_00350,Wahab Warrior,new,card,True,2365.08,6,1,7
CUST_00351,Yutika Chahal,regular,upi,True,21930.8,2,0,2
CUST_00352,Yadavi Pal,regular,card,True,56248.4,5,0,5
CUST_00353,Aarna Loke,new,card,True,11104.11,1,0,1
CUST_00354,Aarav Sastry,regular,card,True,56149.76,3,0,3
CUST_00355,Yadavi Rama,high_value,upi,True,363348.86,6,0,6
CUST_00356,Faras Sampath,regular,upi,True,53723.32,1,1,2
CUST_00357,Ekanta Chowdhury,regular,upi,True,64223.73,5,2,7
CUST_00358,Kevin Sangha,high_value,card,False,115992.29,4,1,5
CUST_00359,Harsh Patil,new,card,True,8294.87,2,1,3
CUST_00360,Nicholas Kadakia,regular,upi,True,27079.99,2,1,3
CUST_00361,Udarsh Din,new,upi,True,8212.08,1,1,2
CUST_00362,Jasmit Chacko,new,upi,True,8239.35,3,0,3
CUST_00363,Unnati Chad,new,upi,True,9445.31,0,3,3
CUST_00364,Faqid Walia,high_value,card,True,307308.75,4,1,5
CUST_00365,Naveen Korpal,regular,upi,True,55061.54,1,0,1
CUST_00366,Teerth Dhar,regular,upi,False,92545.38,5,1,6
CUST_00367,Veer Edwin,regular,upi,True,51437.14,2,0,2
CUST_00368,Ishanvi Mallick,new,upi,True,13321.42,1,1,2
CUST_00369,Kala Puri,regular,card,True,97738.46,2,0,2
CUST_00370,Wyatt Thakur,new,upi,True,10192.41,0,1,1
CUST_00371,Bhavini Kamdar,regular,upi,False,55992.57,7,1,8
CUST_00372,Saanvi Kakar,regular,netbanking,True,21845.94,3,0,3
CUST_00373,Dayita Iyengar,regular,netbanking,True,97844.42,4,0,4
CUST_00374,Suhani Gera,regular,card,True,26244.74,5,1,6
CUST_00375,Aditya Setty,regular,upi,True,20816.47,5,0,5
CUST_00376,Yatan Amble,regular,upi,False,93177.38,4,0,4
CUST_00377,Aradhana Kade,regular,upi,True,25489.71,3,0,3
CUST_00378,Michael Nadkarni,regular,upi,True,87487.04,3,0,3
CUST_00379,Brijesh Agrawal,regular,upi,True,21404.53,3,0,3
CUST_00380,Ikbal Sarraf,regular,upi,True,74815.36,2,0,2
CUST_00381,Devansh Thakkar,regular,upi,True,24875.93,1,0,1
CUST_00382,Alka Reddy,regular,upi,True,73523.6,1,0,1
CUST_00383,Naveen Bora,new,upi,False,11104.65,2,0,2
CUST_00384,Onkar Raval,regular,upi,True,74678.62,1,1,2
CUST_00385,Bakhshi Wali,new,card,True,7655.04,1,1,2
CUST_00386,Fiyaz Gokhale,regular,upi,True,85703.66,2,0,2
CUST_00387,Warhi Chauhan,regular,upi,True,95652.19,3,2,5
CUST_00388,Praneel Rana,regular,upi,True,93260.15,3,0,3
CUST_00389,Kiaan Walia,regular,netbanking,True,87096.17,2,0,2
CUST_00390,Chandran Purohit,high_value,card,True,456272.74,6,1,7
CUST_00391,Nicholas Patla,regular,card,True,55458.65,4,1,5
CUST_00392,Ati Lall,regular,upi,True,24899.73,4,0,4
CUST_00393,Viraj Shere,new,upi,True,14380.49,5,0,5
CUST_00394,Maanas Luthra,regular,upi,True,31534.6,7,1,8
CUST_00395,Sudiksha Nagarajan,regular,card,True,22308.47,3,1,4
CUST_00396,Fitan Nazareth,regular,netbanking,True,92606.62,2,2,4
CUST_00397,Frado Loyal,regular,upi,False,36546.87,1,0,1
CUST_00398,Hamsini Natt,high_value,upi,True,152848.62,2,1,3
CUST_00399,Chatura Varghese,regular,netbanking,True,40471.33,3,0,3
CUST_00400,Bishakha Naik,regular,upi,True,35296.46,4,0,4
CUST_00401,William Barman,regular,upi,True,20831.65,4,1,5
CUST_00402,Jyoti Mani,regular,card,False,47952.12,2,0,2
CUST_00403,Chameli Choudhry,regular,card,True,56544.27,3,2,5
CUST_00404,Yashasvi Krish,regular,upi,True,61196.46,1,1,2
CUST_00405,Isaiah Kakar,new,upi,True,13415.51,0,3,3
CUST_00406,Chatura Sandal,regular,upi,True,51587.22,5,0,5
CUST_00407,Kala Sengupta,regular,upi,True,85858.72,3,1,4
CUST_00408,Ishanvi Gala,regular,card,True,43295.68,1,0,1
CUST_00409,Gaurika Atwal,regular,upi,True,21135.47,2,0,2
CUST_00410,Michael Luthra,regular,card,True,34964.33,1,2,3
CUST_00411,Vedhika Mutti,regular,upi,True,90090.25,1,1,2
CUST_00412,Kamya Kala,high_value,upi,False,456069.29,2,2,4
CUST_00413,Odika Bobal,regular,card,True,80522.07,4,1,5
CUST_00414,George Sinha,regular,upi,True,72179.81,5,0,5
CUST_00415,Nicholas Yohannan,new,upi,True,15104.59,0,1,1
CUST_00416,Ryan Iyengar,regular,card,True,97483.93,3,1,4
CUST_00417,Oviya Brar,regular,netbanking,True,98458.98,2,1,3
CUST_00418,Bakhshi Patil,regular,upi,True,51218.75,2,0,2
CUST_00419,Yashoda Memon,regular,card,True,97197.3,2,0,2
CUST_00420,Hemang Randhawa,regular,card,False,68482.36,3,1,4
CUST_00421,Andrew Samra,regular,upi,True,66906.05,3,0,3
CUST_00422,Lopa Bail,regular,upi,True,82174.31,2,1,3
CUST_00423,Rohan Narain,regular,upi,True,63217.13,2,0,2
CUST_00424,Zansi Sridhar,high_value,upi,True,243268.36,1,1,2
CUST_00425,Tanveer Luthra,regular,upi,True,62224.15,3,3,6
CUST_00426,Zaitra Hayre,new,netbanking,True,13051.79,3,1,4
CUST_00427,Yamini Om,regular,upi,True,52653.5,3,0,3
CUST_00428,Avi Handa,high_value,netbanking,True,383814.17,2,0,2
CUST_00429,Vedika Dey,regular,netbanking,True,96900.97,2,0,2
CUST_00430,Sai Kale,regular,upi,True,43255.3,7,0,7
CUST_00431,Samarth Chaudhari,regular,card,True,49829.28,1,1,2
CUST_00432,William Guha,new,netbanking,True,8073.62,2,1,3
CUST_00433,Ganga Parmar,new,upi,True,1689.71,3,1,4
CUST_00434,Yatin Pathak,regular,upi,False,90148.48,0,1,1
CUST_00435,Vedant Patla,regular,upi,True,50583.42,0,2,2
CUST_00436,Xiti Goswami,regular,upi,True,27211.93,0,1,1
CUST_00437,Chaman Rattan,regular,card,True,72982.47,2,0,2
CUST_00438,Dayita Guha,regular,card,True,53418.19,0,0,0
CUST_00439,Ishwar Khosla,new,upi,True,7245.11,5,1,6
CUST_00440,Urvashi Sen,new,card,True,4579.94,0,1,1
CUST_00441,Pranit Yogi,regular,upi,False,21584.44,3,0,3
CUST_00442,Ronith Kunda,regular,upi,True,26626.22,2,0,2
CUST_00443,Neha Gade,new,upi,True,15946.63,3,3,6
CUST_00444,Anusha Luthra,regular,upi,True,96413.83,3,0,3
CUST_00445,Tamanna Shanker,new,card,True,1341.64,2,2,4
CUST_00446,Rayaan Maharaj,regular,netbanking,True,69720.09,4,1,5
CUST_00447,Radhika Kala,regular,card,True,26395.71,2,1,3
CUST_00448,Utkarsh Kumar,regular,upi,True,78559.75,4,0,4
CUST_00449,Tanvi Bera,new,upi,True,14853.62,2,2,4
CUST_00450,Anay Anand,regular,upi,True,72942.15,3,0,3
CUST_00451,Hemal Krishnamurthy,regular,upi,True,84134.9,2,0,2
CUST_00452,Mitali Sule,regular,netbanking,True,67757.36,3,1,4
CUST_00453,Lajita Bhargava,regular,upi,True,82734.72,1,1,2
CUST_00454,Suhani Sidhu,high_value,card,True,159989.93,4,1,5
CUST_00455,Yochana Magar,regular,card,True,87182.95,2,1,3
CUST_00456,Maya Sidhu,regular,card,False,55182.91,0,1,1
CUST_00457,Forum Thakur,regular,netbanking,True,83336.77,1,0,1
CUST_00458,Sanya Lad,regular,upi,True,39924.63,5,0,5
CUST_00459,Tejas Borde,new,upi,True,8234.97,6,1,7
CUST_00460,Harita Iyer,regular,upi,True,41779.23,4,2,6
CUST_00461,Irya Bains,regular,upi,False,33882.88,5,0,5
CUST_00462,Benjamin Behl,new,upi,True,18411.62,2,3,5
CUST_00463,Neelima Bir,regular,card,True,59376.57,1,1,2
CUST_00464,Vedant Amble,regular,upi,True,41258.91,5,3,8
CUST_00465,Yashawini Bawa,regular,card,True,70575.17,4,0,4
CUST_00466,Urvi Dhaliwal,regular,card,True,77784.23,1,0,1
CUST_00467,Bhavani Om,new,upi,True,6778.29,3,3,6
CUST_00468,Osha Sule,regular,upi,True,80193.94,6,0,6
CUST_00469,Logan Nigam,new,upi,True,2886.79,2,1,3
CUST_00470,Jhalak Baria,regular,netbanking,True,66527.24,5,1,6
CUST_00471,Faqid Tiwari,regular,upi,True,50592.21,7,0,7
CUST_00472,Aradhana Oak,new,upi,True,14144.99,2,1,3
CUST_00473,Sarthak Bhakta,high_value,upi,True,429742.79,2,0,2
CUST_00474,Gauri Ramanathan,regular,netbanking,True,45805.51,4,0,4
CUST_00475,Charita Zachariah,high_value,card,True,292295.77,4,0,4
CUST_00476,Rachit Nagar,new,card,True,8308.98,0,2,2
CUST_00477,Chameli Kothari,regular,upi,True,45783.57,4,0,4
CUST_00478,Varsha Madan,regular,upi,True,64940.24,3,0,3
CUST_00479,Andrew Master,regular,card,True,35661.65,2,1,3
CUST_00480,Hritik Pai,regular,upi,True,24402.92,2,3,5
CUST_00481,Wridesh Bora,high_value,upi,True,410458.27,2,0,2
CUST_00482,Quincy Buch,regular,card,True,54419.3,4,1,5
CUST_00483,Nidra Pandit,high_value,upi,True,458303.33,3,1,4
CUST_00484,Dakshesh Sha,new,upi,True,8528.0,3,1,4
CUST_00485,Quincy Chandran,regular,card,True,73213.84,7,0,7
CUST_00486,Udyati Patla,high_value,card,True,385975.7,5,0,5
CUST_00487,Darsh Lanka,regular,upi,True,91096.64,4,0,4
CUST_00488,Bimala Bhakta,regular,upi,True,67635.61,2,2,4
CUST_00489,Vincent Gill,regular,upi,True,50160.37,1,0,1
CUST_00490,Wahab Setty,regular,upi,False,61615.29,2,1,3
CUST_00491,Utkarsh Rattan,regular,upi,False,62083.85,4,1,5
CUST_00492,Bakhshi Mitter,new,upi,True,15400.49,4,1,5
CUST_00493,Gabriel Pandey,regular,upi,True,72417.88,1,1,2
CUST_00494,Jagat Garg,high_value,upi,True,417360.64,8,1,9
CUST_00495,Harini Varkey,new,upi,True,9776.56,0,1,1
CUST_00496,Samar Badami,regular,upi,True,43451.3,1,1,2
CUST_00497,Jyoti Raval,regular,upi,True,28060.73,2,2,4
CUST_00498,Mitesh Pau,regular,netbanking,False,50766.08,4,1,5
CUST_00499,Xavier Bhandari,new,card,True,13577.73,4,2,6
CUST_00500,Abhiram Sandhu,regular,card,True,55133.19,1,0,1
CUST_00501,Ikbal Chandra,regular,upi,True,54539.54,5,1,6
CUST_00502,Noah Butala,regular,upi,True,21474.95,6,3,9
CUST_00503,Devika Mangal,high_value,upi,True,325516.1,7,0,7
CUST_00504,Aarnav Mutti,regular,upi,True,50984.72,0,0,0
CUST_00505,Radhika Rao,new,upi,True,14933.28,2,2,4
CUST_00506,Manya Mani,new,upi,False,19198.8,5,1,6
CUST_00507,Ekta Talwar,regular,upi,True,88702.45,4,0,4
CUST_00508,Harish Chadha,regular,upi,True,46561.94,1,0,1
CUST_00509,Tanvi Kaul,regular,netbanking,True,70620.13,2,1,3
CUST_00510,Jeremiah Bhatti,regular,upi,True,51340.04,2,1,3
CUST_00511,Saanvi Sengupta,regular,netbanking,False,20375.93,2,1,3
CUST_00512,Samarth Sathe,high_value,netbanking,True,457460.27,4,0,4
CUST_00513,Divya Dutta,regular,netbanking,True,94595.83,3,0,3
CUST_00514,Pahal Chakraborty,regular,card,False,69217.96,1,1,2
CUST_00515,Aarav Sant,new,upi,True,9759.69,1,2,3
CUST_00516,Luke Sha,new,card,True,14804.62,1,1,2
CUST_00517,Veda Parmer,regular,upi,True,40843.99,3,1,4
CUST_00518,Amara Dyal,regular,card,True,85944.78,3,0,3
CUST_00519,Bishakha Goel,regular,card,True,87206.17,4,0,4
CUST_00520,Chanchal Gole,regular,card,True,77864.47,1,1,2
CUST_00521,Teerth Tandon,regular,card,True,39348.59,1,1,2
CUST_00522,Aahana Tiwari,regular,upi,True,25755.32,3,1,4
CUST_00523,Fariq Yadav,high_value,upi,True,422727.71,3,0,3
CUST_00524,Mohammed Zachariah,regular,netbanking,True,31914.57,4,1,5
CUST_00525,Leena Dara,regular,netbanking,True,63660.96,4,0,4
CUST_00526,Madhavi Banik,regular,upi,True,84437.74,5,1,6
CUST_00527,Advik Comar,high_value,card,False,483380.8,3,0,3
CUST_00528,Lavanya Mistry,regular,netbanking,True,63888.5,2,2,4
CUST_00529,Udant Chahal,regular,upi,True,61657.4,4,0,4
CUST_00530,Wazir Dani,regular,card,True,48555.17,1,0,1
CUST_00531,Ekanta Pall,regular,upi,True,29501.89,1,0,1
CUST_00532,Chaitaly Agrawal,regular,upi,True,40588.2,2,0,2
CUST_00533,Harsh Bains,regular,netbanking,True,31950.47,1,1,2
CUST_00534,Ati Nair,regular,upi,True,48302.32,2,0,2
CUST_00535,Ranbir Atwal,high_value,card,True,318501.58,3,0,3
CUST_00536,Hemal Bir,high_value,upi,True,229681.33,4,1,5
CUST_00537,Vincent Mannan,regular,netbanking,True,64613.17,1,2,3
CUST_00538,Rohan Sathe,regular,card,True,82538.97,4,1,5
CUST_00539,Bhavini Dhingra,regular,upi,True,23341.54,4,2,6
CUST_00540,Wridesh Lanka,regular,upi,True,64278.05,1,3,4
CUST_00541,Advika Krishna,new,card,True,16612.02,2,0,2
CUST_00542,Vaishnavi Dugar,high_value,netbanking,True,245706.5,4,0,4
CUST_00543,Wakeeta Krishna,high_value,upi,True,337387.1,3,0,3
CUST_00544,Zaid Chandran,regular,upi,True,25018.16,4,1,5
CUST_00545,Nitara Kuruvilla,regular,upi,True,72026.67,1,1,2
CUST_00546,Rajeshri Chopra,regular,card,True,63881.42,2,0,2
CUST_00547,Praneel Samra,new,upi,True,4039.41,2,1,3
CUST_00548,Avi Nagarajan,regular,card,True,99398.05,3,1,4
CUST_00549,Sara Narayan,regular,upi,True,31174.34,2,1,3
CUST_00550,Neelima Dass,high_value,upi,True,156176.08,1,1,2
CUST_00551,Pushti Sunder,regular,netbanking,True,80719.13,2,0,2
CUST_00552,Yachana Contractor,high_value,card,True,153859.2,2,0,2
CUST_00553,Jai Ramanathan,regular,upi,False,25304.66,2,1,3
CUST_00554,Bakhshi Nair,regular,upi,True,25523.18,2,2,4
CUST_00555,Avni Sehgal,regular,card,True,41573.07,2,1,3
CUST_00556,Oviya Bali,regular,upi,True,65325.7,4,1,5
CUST_00557,Harita Sarkar,regular,netbanking,True,37477.46,1,0,1
CUST_00558,Lekha Sodhi,new,card,True,14238.95,5,2,7
CUST_00559,Amara Ghose,regular,upi,True,39126.48,1,1,2
CUST_00560,Kamya Deo,new,card,True,8419.15,3,0,3
CUST_00561,Qadim Borde,regular,upi,True,98623.59,3,0,3
CUST_00562,Robert Murty,high_value,netbanking,True,214483.33,4,1,5
CUST_00563,Nidra Chacko,regular,upi,True,61524.22,2,1,3
CUST_00564,Abhiram Wali,new,card,True,4428.37,3,1,4
CUST_00565,Aarav Mukhopadhyay,high_value,upi,True,269498.23,2,0,2
CUST_00566,Mugdha Tank,regular,upi,True,41250.01,2,0,2
CUST_00567,Chanchal Raman,new,upi,True,10413.19,4,0,4
CUST_00568,Darpan Issac,regular,upi,True,33599.56,1,1,2
CUST_00569,Zehaan Chakrabarti,regular,upi,True,61245.28,3,0,3
CUST_00570,Ekta Sant,regular,netbanking,True,44863.33,1,1,2
CUST_00571,Indira Taneja,high_value,upi,False,229642.97,4,0,4
CUST_00572,Yashoda Thakur,new,card,True,15399.52,2,0,2
CUST_00573,Dhriti Jayaraman,new,upi,True,19633.12,3,1,4
CUST_00574,Jason Hayre,regular,upi,True,21871.54,4,3,7
CUST_00575,Niharika Bhargava,high_value,upi,True,427109.91,3,0,3
CUST_00576,Rohan Yadav,regular,card,True,62454.52,4,0,4
CUST_00577,Faqid Kota,regular,upi,True,82678.45,5,2,7
CUST_00578,Gautam Venkataraman,high_value,upi,True,463763.5,3,0,3
CUST_00579,Ayaan Bhatia,regular,upi,True,47620.24,1,0,1
CUST_00580,Amrita Biswas,new,upi,True,10397.82,2,1,3
CUST_00581,Ayush Mangal,high_value,upi,False,264923.35,2,0,2
CUST_00582,Osha Sridhar,regular,netbanking,True,75202.42,4,0,4
CUST_00583,Sara Kade,regular,card,True,50017.53,2,0,2
CUST_00584,Ishanvi Dara,regular,upi,True,41896.4,4,2,6
CUST_00585,Owen Kurian,high_value,card,True,300310.16,4,0,4
CUST_00586,Vrinda Deshmukh,regular,netbanking,True,82281.69,4,2,6
CUST_00587,Balendra Sahni,high_value,upi,False,408096.58,2,0,2
CUST_00588,Oni Singhal,regular,upi,True,21950.72,5,1,6
CUST_00589,Ekani Karnik,regular,netbanking,True,38917.14,3,1,4
CUST_00590,Jagrati Som,high_value,card,True,333443.66,3,1,4
CUST_00591,Bhavna Seth,regular,upi,True,74255.67,1,0,1
CUST_00592,Libni Jaggi,high_value,upi,False,129026.62,3,0,3
CUST_00593,Maanav Keer,new,card,True,5998.93,5,1,6
CUST_00594,Tanvi Parsa,regular,upi,True,86154.52,3,2,5
CUST_00595,Kevin Keer,regular,upi,True,69540.16,3,1,4
CUST_00596,Umang Bhasin,regular,upi,True,43325.92,0,1,1
CUST_00597,Pushti Nigam,new,upi,True,10141.57,2,1,3
CUST_00598,Sanya Korpal,regular,card,True,63818.27,3,0,3
CUST_00599,Yochana Batra,high_value,upi,True,223221.22,6,0,6
CUST_00600,Radha Bora,regular,upi,True,85201.37,3,2,5
CUST_00601,Harita Bath,high_value,upi,False,384311.06,3,0,3
CUST_00602,Harish Sahni,new,upi,True,18715.13,3,0,3
CUST_00603,Aarnav Gulati,high_value,card,True,223885.65,2,0,2
CUST_00604,Faqid Khare,new,card,True,13768.05,1,1,2
CUST_00605,Ronith Arora,regular,card,True,22189.1,2,0,2
CUST_00606,Radha Saraf,high_value,netbanking,True,430996.26,3,0,3
CUST_00607,Bachittar Mallick,regular,card,True,45216.25,3,1,4
CUST_00608,Rudra Shukla,high_value,card,True,468902.72,1,2,3
CUST_00609,Pooja Kakar,high_value,card,True,464688.48,2,0,2
CUST_00610,Sai Sangha,regular,card,True,77115.72,3,1,4
CUST_00611,Zilmil Kapur,regular,upi,True,33998.83,2,0,2
CUST_00612,Januja Rajagopal,new,upi,True,11156.07,4,0,4
CUST_00613,Quincy Vohra,regular,upi,True,37934.97,6,1,7
CUST_00614,Baghyawati Halder,regular,netbanking,True,27466.11,4,1,5
CUST_00615,Vedika Ghose,new,netbanking,True,10133.01,2,1,3
CUST_00616,Girish Sachdeva,regular,upi,True,38970.3,0,1,1
CUST_00617,Dakshesh Mital,regular,upi,True,96114.44,2,0,2
CUST_00618,Faris Savant,regular,upi,True,52988.53,3,1,4
CUST_00619,Xavier Gole,regular,card,True,93546.66,1,1,2
CUST_00620,Rajeshri Khalsa,regular,card,True,46046.41,5,0,5
CUST_00621,Libni D’Alia,new,upi,True,9937.27,0,0,0
CUST_00622,Hema Krish,regular,upi,True,96076.57,2,0,2
CUST_00623,Amrita Varma,regular,upi,True,85877.44,1,1,2
CUST_00624,Nisha Misra,regular,upi,True,88687.46,5,0,5
CUST_00625,Dipta Divan,new,upi,True,11463.33,1,2,3
CUST_00626,Oeshi Chakraborty,high_value,upi,True,163681.54,5,0,5
CUST_00627,Jairaj Kari,regular,netbanking,True,81798.48,0,1,1
CUST_00628,Ansh Sandhu,regular,upi,True,37278.33,2,1,3
CUST_00629,Devika Mody,high_value,upi,True,403406.99,3,0,3
CUST_00630,Joshua Pillay,regular,upi,True,45829.51,7,0,7
CUST_00631,Ryan Kant,regular,upi,True,90913.99,1,1,2
CUST_00632,Praneel Subramaniam,high_value,upi,True,468487.76,7,2,9
CUST_00633,Mekhala Panchal,regular,card,True,62522.93,4,3,7
CUST_00634,Vasudha Rastogi,regular,card,True,66115.66,0,1,1
CUST_00635,Chameli Jani,new,upi,True,11849.25,1,0,1
CUST_00636,Umang Handa,regular,card,True,75447.42,5,1,6
CUST_00637,Ranveer Khurana,regular,netbanking,True,61968.52,6,0,6
CUST_00638,Pranit Halder,high_value,upi,True,398930.25,5,0,5
CUST_00639,Vedant Gandhi,new,card,True,13761.98,2,1,3
CUST_00640,Unnati Wadhwa,regular,upi,True,49000.09,3,2,5
CUST_00641,Yatan Nadkarni,regular,upi,True,56580.7,1,1,2
CUST_00642,Aadhya Mand,regular,card,True,62434.71,1,1,2
CUST_00643,Priya Gole,high_value,netbanking,True,430370.47,2,1,3
CUST_00644,Finn Bhattacharyya,regular,card,True,81975.87,1,0,1
CUST_00645,Naveen Prasad,regular,card,True,66939.97,2,2,4
CUST_00646,Anita Nagar,new,netbanking,True,15032.45,1,1,2
CUST_00647,Ekta Andra,regular,card,True,55062.03,6,1,7
CUST_00648,Kiaan Gulati,high_value,card,False,208439.49,5,1,6
CUST_00649,Turvi Gole,regular,netbanking,True,65775.86,4,0,4
CUST_00650,Jeet Shukla,regular,card,True,61561.47,3,1,4
CUST_00651,Yauvani Mistry,regular,upi,True,54049.06,2,0,2
CUST_00652,Utkarsh Chanda,regular,upi,True,75492.19,2,2,4
CUST_00653,Chaitanya Kurian,regular,card,True,21597.83,1,0,1
CUST_00654,Urishilla Chatterjee,regular,upi,True,80349.65,3,0,3
CUST_00655,Nidra Morar,regular,upi,True,73609.86,2,1,3
CUST_00656,Adweta Tandon,regular,upi,True,62913.09,5,0,5
CUST_00657,Kashish Ganguly,high_value,upi,False,142573.68,2,0,2
CUST_00658,Abhimanyu Bava,regular,upi,True,91386.46,2,2,4
CUST_00659,Edhitha Parekh,regular,upi,True,60792.79,3,1,4
CUST_00660,Maanav Sant,regular,upi,False,87727.38,2,0,2
CUST_00661,Ojasvi Gulati,regular,netbanking,True,71717.69,3,0,3
CUST_00662,Sanya Gour,regular,upi,True,29055.62,1,0,1
CUST_00663,Baljiwan Radhakrishnan,new,upi,True,19005.92,2,4,6
CUST_00664,Balhaar Doctor,regular,card,True,45899.12,1,1,2
CUST_00665,Hemangini Ravel,regular,upi,True,20408.05,1,1,2
CUST_00666,Anthony Sabharwal,regular,card,True,25066.85,3,0,3
CUST_00667,Vasudha Bera,new,upi,True,18695.59,1,1,2
CUST_00668,Samaksh Pathak,high_value,netbanking,True,488008.15,4,1,5
CUST_00669,Onkar Ramaswamy,high_value,upi,True,304653.45,2,1,3
CUST_00670,Dhruv Sen,regular,netbanking,True,45560.96,1,1,2
CUST_00671,Jacob Morar,high_value,card,True,144533.39,7,1,8
CUST_00672,Rushil Bath,new,card,False,19817.08,2,1,3
CUST_00673,Jason Kulkarni,regular,card,True,79312.13,4,1,5
CUST_00674,Gaurang Samra,new,upi,True,16028.5,2,0,2
CUST_00675,Mohini Jayaraman,high_value,netbanking,True,349440.62,4,1,5
CUST_00676,Tara Agrawal,regular,upi,True,66470.24,2,1,3
CUST_00677,Tamanna Aggarwal,regular,upi,True,20153.15,2,0,2
CUST_00678,Banjeet Bawa,regular,card,False,37595.83,4,0,4
CUST_00679,Jasmit Wason,regular,card,True,71826.3,6,0,6
CUST_00680,Jagat Deshpande,regular,netbanking,True,81423.94,1,0,1
CUST_00681,Kamya Boase,regular,netbanking,True,67583.39,3,1,4
CUST_00682,Dayita Vora,regular,upi,True,25422.61,5,0,5
CUST_00683,Madhavi Oak,new,card,True,6572.15,4,1,5
CUST_00684,Rajeshri Palan,regular,card,True,72999.32,1,0,1
CUST_00685,Yatin Vasa,regular,card,True,40937.15,4,1,5
CUST_00686,Triya Bhavsar,high_value,card,True,314042.1,1,0,1
CUST_00687,Maanas Madan,regular,card,True,91579.41,3,2,5
CUST_00688,Gauri Grewal,regular,netbanking,True,56070.62,3,1,4
CUST_00689,Nirja Shah,new,card,True,17928.14,5,1,6
CUST_00690,Patrick Khare,regular,card,True,53846.94,2,0,2
CUST_00691,Jyoti Nagi,high_value,netbanking,True,319530.46,5,2,7
CUST_00692,Sanaya Raj,regular,card,True,55149.25,2,0,2
CUST_00693,Wyatt Dasgupta,regular,card,True,61195.59,4,0,4
CUST_00694,Peter Suri,regular,card,True,91150.41,6,0,6
CUST_00695,Nachiket Kar,regular,card,True,55828.48,2,1,3
CUST_00696,Xalak Ben,regular,card,True,52059.5,3,0,3
CUST_00697,Eshana Bajaj,high_value,upi,True,315338.23,6,1,7
CUST_00698,Urmi Comar,high_value,upi,True,292536.05,3,0,3
CUST_00699,Bahadurjit Basu,regular,upi,True,21148.29,4,1,5
CUST_00700,Nikita Gupta,new,card,True,11074.23,2,1,3
CUST_00701,Amara Anne,regular,card,False,23760.37,1,0,1
CUST_00702,Pranav Sachar,high_value,upi,True,297545.14,4,0,4
CUST_00703,Gautami Gole,high_value,upi,True,498860.48,2,0,2
CUST_00704,Madhav Khanna,regular,upi,True,58338.07,4,0,4
CUST_00705,Yash Raja,regular,upi,True,94795.28,2,0,2
CUST_00706,Rachana Dewan,regular,upi,False,63444.22,4,0,4
CUST_00707,Fariq Pai,regular,card,True,54865.75,2,1,3
CUST_00708,Yash Bala,regular,upi,True,37925.97,5,0,5
CUST_00709,Adya Kar,new,netbanking,True,11142.58,1,1,2
CUST_00710,Bishakha Bandi,regular,card,False,66651.49,5,0,5
CUST_00711,Nathan Pal,new,upi,True,9824.28,6,2,8
CUST_00712,Jasmit Bali,regular,card,True,23111.62,0,3,3
CUST_00713,Jack Tiwari,high_value,card,True,478546.84,5,0,5
CUST_00714,Hamsini Bala,high_value,netbanking,True,499279.02,2,0,2
CUST_00715,Tamanna Ghosh,regular,netbanking,True,46239.64,4,1,5
CUST_00716,Jeet Sekhon,high_value,upi,True,219018.01,6,0,6
CUST_00717,Warda Arya,new,upi,True,1974.31,2,2,4
CUST_00718,Faraj Chadha,high_value,card,True,416150.17,5,0,5
CUST_00719,Oni Kari,regular,upi,True,92217.97,4,2,6
CUST_00720,Anita Raj,high_value,upi,True,193590.17,2,2,4
CUST_00721,Alexander Gour,high_value,card,True,120469.3,3,1,4
CUST_00722,Ishita Sandhu,regular,netbanking,True,91957.36,0,0,0
CUST_00723,Sachi Comar,regular,netbanking,True,94859.17,3,1,4
CUST_00724,Arin Gandhi,new,upi,True,19669.98,1,0,1
CUST_00725,Indali Kumer,regular,netbanking,True,79723.15,1,1,2
CUST_00726,Aditya Sachar,regular,card,True,38634.54,3,1,4
CUST_00727,Xavier Bedi,regular,upi,True,67104.88,4,0,4
CUST_00728,Upma Nori,regular,upi,True,57809.81,3,0,3
CUST_00729,Lohit Pillai,regular,netbanking,True,88528.59,5,0,5
CUST_00730,Peter Choudhry,high_value,upi,True,345139.48,3,1,4
CUST_00731,Arya Varkey,regular,card,True,68502.97,1,0,1
CUST_00732,Bhavini Rana,regular,upi,False,86001.81,2,1,3
CUST_00733,Xavier Bansal,new,netbanking,True,2178.71,2,2,4
CUST_00734,Tarak Dey,high_value,upi,True,449033.6,2,2,4
CUST_00735,Gautam Divan,new,upi,True,4213.26,2,1,3
CUST_00736,Harinakshi Shenoy,regular,netbanking,True,74371.02,4,0,4
CUST_00737,Jatin Bumb,regular,netbanking,True,21066.96,7,1,8
CUST_00738,Ojas Dua,new,upi,False,9876.05,4,0,4
CUST_00739,Madhavi Radhakrishnan,regular,upi,True,71362.12,4,0,4
CUST_00740,Chavvi Lalla,regular,upi,True,44512.96,3,0,3
CUST_00741,Aishani Reddy,regular,upi,False,85569.49,3,1,4
CUST_00742,Champak Sem,high_value,card,True,267316.81,3,0,3
CUST_00743,Lakshit Krishna,regular,upi,True,91441.49,3,0,3
CUST_00744,Anirudh Kapadia,regular,card,True,90287.79,5,1,6
CUST_00745,Tanmayi Bahl,regular,card,True,75019.61,2,0,2
CUST_00746,Henry Sethi,regular,card,True,45461.77,1,0,1
CUST_00747,Aradhana Tank,regular,upi,True,67410.56,6,1,7
CUST_00748,Amruta Shan,regular,card,False,67162.74,3,1,4
CUST_00749,Daksh Ranganathan,regular,upi,True,43859.11,6,0,6
CUST_00750,Fiyaz Subramaniam,new,upi,True,9957.0,2,1,3
CUST_00751,Amruta Kibe,regular,upi,True,64236.57,4,0,4
CUST_00752,Lipika Lal,regular,upi,True,61221.51,2,0,2
CUST_00753,Rudra Arora,regular,netbanking,True,28765.5,1,0,1
CUST_00754,Brinda Swaminathan,regular,upi,True,50530.42,0,1,1
CUST_00755,Gavin Talwar,regular,card,True,25477.94,1,0,1
CUST_00756,Falguni Char,new,netbanking,True,15200.75,3,1,4
CUST_00757,Adweta Muni,new,upi,True,1322.48,3,2,5
CUST_00758,Jasmit Krishnan,regular,upi,True,39350.73,3,1,4
CUST_00759,Vrinda Balakrishnan,high_value,card,False,412937.04,2,0,2
CUST_00760,Baghyawati Vora,regular,upi,True,50349.39,5,1,6
CUST_00761,Kamala Nigam,regular,upi,True,72121.16,2,1,3
CUST_00762,Janani De,regular,upi,True,58082.25,4,0,4
CUST_00763,Bhavya Choudhary,regular,netbanking,True,46634.07,2,2,4
CUST_00764,Pranit Rama,regular,card,True,83624.79,2,0,2
CUST_00765,Samar Srinivas,regular,netbanking,True,68380.48,3,0,3
CUST_00766,Chakrika Dhaliwal,regular,upi,True,68932.51,1,0,1
CUST_00767,Sudiksha Vyas,high_value,card,True,212019.19,4,0,4
CUST_00768,Maya Banik,regular,card,True,51110.7,5,1,6
CUST_00769,Baljiwan Ratti,new,upi,True,6861.82,6,0,6
CUST_00770,Isha Narayanan,high_value,card,True,276420.08,4,1,5
CUST_00771,Zayyan Halder,new,card,True,15185.43,1,1,2
CUST_00772,Jeevika Vaidya,regular,card,True,21657.04,7,0,7
CUST_00773,Benjamin Modi,regular,card,True,91365.84,4,1,5
CUST_00774,Xavier Raja,regular,card,True,51009.87,2,2,4
CUST_00775,Alka Menon,regular,netbanking,True,26705.69,2,1,3
CUST_00776,Lucky Nanda,regular,card,True,70553.88,3,1,4
CUST_00777,Shaurya Bhakta,regular,netbanking,True,85823.42,2,2,4
CUST_00778,Ekantika Badami,regular,upi,True,53279.57,0,0,0
CUST_00779,Agastya Shankar,high_value,upi,True,100949.67,1,0,1
CUST_00780,Anvi Madan,regular,upi,True,22583.61,2,1,3
CUST_00781,Balvan Ravel,new,upi,True,14957.91,1,1,2
CUST_00782,Udyati Sachdev,regular,netbanking,True,66040.94,3,0,3
CUST_00783,Lipika Brar,regular,upi,True,84935.11,6,0,6
CUST_00784,Om Vala,new,upi,True,2409.63,3,0,3
CUST_00785,Michael Patla,regular,card,True,51475.01,3,1,4
CUST_00786,Max Rana,new,card,True,6202.14,2,1,3
CUST_00787,Upkaar Aurora,regular,card,True,32561.73,4,1,5
CUST_00788,Suhani Khanna,new,upi,True,2624.48,5,1,6
CUST_00789,Amaira Pall,regular,upi,True,81973.03,3,1,4
CUST_00790,Jyoti Sankaran,regular,upi,False,52337.24,2,1,3
CUST_00791,Yashawini Chad,high_value,card,True,102502.56,2,0,2
CUST_00792,Yashoda Goyal,regular,card,True,77574.47,0,1,1
CUST_00793,Aarush Balan,regular,upi,True,91250.79,1,1,2
CUST_00794,Faris Ghosh,regular,upi,True,35536.63,3,0,3
CUST_00795,Nihal Kale,regular,card,True,91873.71,3,0,3
CUST_00796,Sanaya Bora,regular,upi,False,56254.18,0,0,0
CUST_00797,Nidra Bal,regular,upi,True,78128.34,0,0,0
CUST_00798,Riya Divan,regular,upi,True,88720.96,1,0,1
CUST_00799,Rajeshri Varkey,regular,netbanking,True,81065.37,4,0,4
CUST_00800,Udant Ratti,high_value,upi,True,128999.77,3,0,3
CUST_00801,Edhitha Vora,new,upi,True,18617.59,2,0,2
CUST_00802,Jack Gole,high_value,card,True,411632.21,3,0,3
CUST_00803,Nidhi Hans,regular,card,True,75236.26,1,0,1
CUST_00804,Samar Banik,regular,card,True,30592.27,2,1,3
CUST_00805,Gaurika Tiwari,new,upi,True,3091.81,2,0,2
CUST_00806,Agastya Kothari,new,card,True,13432.96,5,0,5
CUST_00807,Pranit Patel,new,card,True,9986.34,2,2,4
CUST_00808,Warda Lad,high_value,upi,True,143743.5,2,1,3
CUST_00809,Rudra Doshi,new,upi,True,11546.66,2,0,2
CUST_00810,Chandani Khare,regular,upi,True,80663.42,1,1,2
CUST_00811,Hemani Tella,regular,card,True,80850.82,3,0,3
CUST_00812,Ayush Narang,regular,netbanking,True,82121.76,5,2,7
CUST_00813,Urvashi Sangha,regular,upi,True,80219.95,3,0,3
CUST_00814,Krisha Jain,regular,upi,True,25073.93,4,1,5
CUST_00815,Aditya Dave,regular,upi,True,88132.4,2,0,2
CUST_00816,Mason Sen,regular,card,True,93993.59,2,2,4
CUST_00817,Yashodhara Babu,regular,card,True,68007.11,1,0,1
CUST_00818,Kamala Prasad,regular,upi,True,63043.82,2,0,2
CUST_00819,Bishakha Lad,high_value,upi,False,457657.31,2,0,2
CUST_00820,Nidra Sahni,regular,upi,True,43520.74,2,1,3
CUST_00821,Kamya Sekhon,regular,netbanking,True,71458.92,4,0,4
CUST_00822,Yashvi Jayaraman,regular,upi,True,38816.51,1,1,2
CUST_00823,Oliver Naik,high_value,netbanking,True,436060.59,2,0,2
CUST_00824,Chandran Dar,regular,netbanking,False,70237.57,3,1,4
CUST_00825,Chandran Batra,high_value,card,True,277900.33,3,3,6
CUST_00826,Utkarsh Issac,new,upi,True,17895.82,0,2,2
CUST_00827,Dakshesh Magar,new,upi,True,11218.09,3,1,4
CUST_00828,Yashvi Narain,high_value,netbanking,True,163836.51,4,0,4
CUST_00829,Harish Banik,regular,upi,True,59360.1,3,0,3
CUST_00830,Upma Bir,new,card,True,19538.62,4,2,6
CUST_00831,Saksham Pathak,high_value,card,True,369551.9,1,0,1
CUST_00832,Banjeet Kannan,high_value,card,True,323107.32,6,0,6
CUST_00833,Leela Subramaniam,regular,card,True,92388.23,3,1,4
CUST_00834,Isaiah Thaker,new,upi,True,17456.08,0,2,2
CUST_00835,Dalaja Bora,regular,upi,True,49740.01,6,2,8
CUST_00836,Kevin Solanki,regular,upi,True,56035.18,6,0,6
CUST_00837,Raghav Kapur,regular,card,True,38635.91,3,0,3
CUST_00838,Ekani Upadhyay,high_value,card,True,195373.26,3,0,3
CUST_00839,Hredhaan Kuruvilla,regular,card,True,65805.88,1,0,1
CUST_00840,Omaja Dani,regular,card,True,21434.19,2,1,3
CUST_00841,Rachita Morar,regular,card,True,86136.63,3,1,4
CUST_00842,Veda Sura,regular,upi,True,82037.2,3,1,4
CUST_00843,Wazir Borde,regular,card,True,66898.85,2,0,2
CUST_00844,Mekhala Mahal,regular,upi,True,47909.98,4,1,5
CUST_00845,Ojas Kohli,regular,card,False,33418.02,5,3,8
CUST_00846,Triya Bhat,regular,card,False,71694.54,4,0,4
CUST_00847,Parth Gola,regular,upi,True,48348.92,1,2,3
CUST_00848,Max Misra,regular,upi,True,59610.48,1,3,4
CUST_00849,Zayan Loyal,regular,upi,False,67327.48,3,2,5
CUST_00850,Zarna Tandon,high_value,card,True,211127.9,6,0,6
CUST_00851,Ekiya Viswanathan,regular,card,True,42688.86,3,0,3
CUST_00852,Anmol Bhatt,new,netbanking,True,4585.78,3,0,3
CUST_00853,Rehaan Sankaran,high_value,upi,True,316860.73,4,0,4
CUST_00854,Charvi Sha,regular,netbanking,True,43739.89,2,0,2
CUST_00855,Vrinda Boase,high_value,upi,True,311813.42,4,0,4
CUST_00856,Unni Doshi,regular,netbanking,False,88466.48,0,2,2
CUST_00857,Jai Lall,regular,upi,False,94620.73,3,0,3
CUST_00858,Rachana Bail,regular,netbanking,True,54188.85,3,1,4
CUST_00859,Chavvi Kant,regular,upi,False,21493.88,2,0,2
CUST_00860,Nachiket Lal,regular,upi,False,36600.51,2,1,3
CUST_00861,Agastya Mallick,regular,card,True,38816.33,5,1,6
CUST_00862,Harrison Padmanabhan,regular,netbanking,True,98257.96,2,0,2
CUST_00863,Aashi Kaul,regular,card,True,45188.11,1,0,1
CUST_00864,Shaurya Verma,regular,upi,False,64694.49,3,0,3
CUST_00865,Imaran Hegde,regular,upi,True,87979.95,3,0,3
CUST_00866,Indira Choudhary,regular,card,True,44314.27,3,2,5
CUST_00867,Aryan Dua,regular,netbanking,True,92536.15,2,0,2
CUST_00868,Wishi Padmanabhan,regular,upi,True,28202.21,6,1,7
CUST_00869,Shaurya Mutti,new,upi,True,15039.31,2,3,5
CUST_00870,Jacob Dar,high_value,upi,True,169397.55,5,1,6
CUST_00871,Jacob Madan,regular,card,True,93250.37,4,2,6
CUST_00872,Bakhshi Mann,regular,netbanking,True,36654.07,4,1,5
CUST_00873,Alka Hari,regular,upi,True,63260.71,1,0,1
CUST_00874,Wriddhish Khatri,new,card,True,2234.09,1,0,1
CUST_00875,Noah Taneja,regular,upi,False,41311.87,2,0,2
CUST_00876,Samar Borra,high_value,upi,True,113768.06,3,1,4
CUST_00877,Theodore Mitra,regular,card,True,78838.74,2,1,3
CUST_00878,Xalak Guha,regular,card,True,69471.87,5,2,7
CUST_00879,Rayaan Manne,high_value,card,True,143110.38,4,0,4
CUST_00880,Ekantika Thakur,new,upi,True,3480.57,4,1,5
CUST_00881,Sanya Bir,new,upi,True,5898.41,6,1,7
CUST_00882,Qasim Kant,regular,card,False,72404.57,3,1,4
CUST_00883,Chandran Yohannan,regular,upi,True,39889.48,3,0,3
CUST_00884,Abdul Acharya,regular,netbanking,True,38316.39,3,0,3
CUST_00885,Chandani Krishnamurthy,regular,netbanking,True,92478.58,2,3,5
CUST_00886,Upasna Hayer,new,upi,True,1177.59,2,1,3
CUST_00887,Chasmum Kunda,high_value,upi,True,452962.53,4,0,4
CUST_00888,Rohan Balan,regular,upi,False,33989.53,2,0,2
CUST_00889,Pranav Gaba,regular,upi,True,38274.23,1,1,2
CUST_00890,Radha Sahota,regular,card,True,24572.24,1,0,1
CUST_00891,Qushi Grover,regular,card,True,32231.1,2,1,3
CUST_00892,Kritika Choudhury,new,upi,True,14296.93,3,0,3
CUST_00893,Gautam Badal,regular,upi,True,72829.72,1,2,3
CUST_00894,Mekhala Palla,regular,netbanking,True,45612.84,6,1,7
CUST_00895,Harrison Chopra,regular,upi,True,98035.89,4,1,5
CUST_00896,Sara Pillai,regular,upi,True,67274.64,3,0,3
CUST_00897,Rishi Chanda,regular,netbanking,True,33241.89,5,1,6
CUST_00898,Harshil Sridhar,regular,upi,True,67903.37,5,5,10
CUST_00899,Bishakha Rajagopalan,regular,upi,True,98240.03,3,3,6
CUST_00900,Yoshita Anand,regular,upi,True,45352.64,4,0,4
CUST_00901,Vedhika Jani,regular,card,True,22535.64,2,0,2
CUST_00902,Ikbal Zachariah,regular,netbanking,True,72372.44,4,0,4
CUST_00903,Darpan Manne,regular,upi,True,69775.92,3,3,6
CUST_00904,Omkaar Raj,regular,upi,True,55889.59,3,1,4
CUST_00905,Ojas Dhingra,new,upi,True,6954.64,5,2,7
CUST_00906,Nirja Balakrishnan,new,card,False,14291.28,1,0,1
CUST_00907,Onveer Tiwari,regular,card,True,93317.31,1,1,2
CUST_00908,Victor Pandit,high_value,upi,True,266295.25,2,0,2
CUST_00909,Lopa Mangat,regular,upi,True,58644.02,3,0,3
CUST_00910,Shaurya Loyal,regular,upi,True,30727.31,3,1,4
CUST_00911,Indrajit Chaudhry,regular,card,True,39203.93,2,2,4
CUST_00912,Shaurya Sarkar,high_value,netbanking,True,267980.42,3,1,4
CUST_00913,Girindra Lata,regular,netbanking,True,70096.12,2,1,3
CUST_00914,Eshana Dey,regular,netbanking,False,48016.46,3,1,4
CUST_00915,Ayaan Mukherjee,new,card,True,11076.87,1,2,3
CUST_00916,Aachal Raman,regular,upi,False,90181.91,1,0,1
CUST_00917,Januja Tiwari,regular,upi,True,85618.08,3,0,3
CUST_00918,Kabir Dewan,regular,netbanking,True,62541.44,3,1,4
CUST_00919,Xiti Mital,regular,upi,True,90445.48,4,1,5
CUST_00920,Tejas Mistry,regular,upi,True,50100.33,2,0,2
CUST_00921,Laksh Dara,regular,upi,True,73643.15,1,0,1
CUST_00922,Sai Radhakrishnan,regular,upi,True,91705.69,4,0,4
CUST_00923,Finn Mander,regular,upi,True,91414.92,2,1,3
CUST_00924,Udant Chadha,regular,upi,True,96889.77,5,0,5
CUST_00925,Anya Bora,regular,upi,True,81800.62,6,3,9
CUST_00926,Gavin Balasubramanian,regular,netbanking,False,99927.63,0,1,1
CUST_00927,Ojasvi Shenoy,new,upi,True,1197.13,3,2,5
CUST_00928,Ekiya Tella,regular,card,True,43934.25,2,1,3
CUST_00929,Quincy Bal,high_value,upi,True,260492.53,2,0,2
CUST_00930,Yashvi Sampath,regular,upi,False,89656.49,1,1,2
CUST_00931,Fariq Misra,regular,upi,True,40910.77,4,0,4
CUST_00932,Onkar Gulati,high_value,card,True,480711.53,6,2,8
CUST_00933,Aditya Sharaf,regular,upi,True,78255.11,3,0,3
CUST_00934,Urmi Rajan,regular,upi,True,30180.66,0,1,1
CUST_00935,Champak Talwar,regular,netbanking,True,31535.55,4,1,5
CUST_00936,Warhi Ravel,regular,card,True,94916.6,3,2,5
CUST_00937,Pallavi Goel,high_value,card,True,287995.16,1,0,1
CUST_00938,Sathvik Acharya,high_value,upi,True,313175.75,3,0,3
CUST_00939,Deepa Shah,high_value,upi,True,216352.27,5,0,5
CUST_00940,Radhika Dada,regular,card,True,93914.09,5,0,5
CUST_00941,Ronith Sethi,new,upi,True,7494.16,4,0,4
CUST_00942,Ati Contractor,new,upi,True,6650.85,1,1,2
CUST_00943,Bhavani Dani,high_value,netbanking,True,255098.39,4,1,5
CUST_00944,Kalpit Venkatesh,regular,card,True,39066.81,2,0,2
CUST_00945,Mohini Hans,regular,upi,True,67810.62,3,0,3
CUST_00946,Rachana Varghese,new,upi,True,1239.33,1,1,2
CUST_00947,Dev Upadhyay,regular,upi,True,37218.3,4,0,4
CUST_00948,Bahadurjit Gara,high_value,card,True,431988.35,0,0,0
CUST_00949,Chandresh Chowdhury,regular,netbanking,True,75779.08,2,0,2
CUST_00950,Tarak Soman,new,netbanking,True,14421.5,0,1,1
CUST_00951,Arjun Korpal,regular,netbanking,False,21357.94,1,2,3
CUST_00952,Hredhaan Narayan,regular,card,True,98122.78,2,1,3
CUST_00953,Urvi Nanda,regular,upi,True,82582.76,1,1,2
CUST_00954,Yahvi Chaudhry,regular,upi,True,51389.21,4,0,4
CUST_00955,Maanas Memon,new,card,False,3173.64,3,0,3
CUST_00956,Quincy Goswami,regular,upi,True,62782.48,0,1,1
CUST_00957,Harini Narayanan,high_value,card,True,424273.98,2,1,3
CUST_00958,Brijesh Radhakrishnan,regular,upi,True,99647.46,7,1,8
CUST_00959,Saanvi Chaudhry,high_value,upi,True,259331.28,4,1,5
CUST_00960,Hritik Subramanian,regular,upi,False,30226.43,0,1,1
CUST_00961,Faras Sidhu,regular,card,True,40079.66,3,1,4
CUST_00962,Jhalak Deol,regular,card,True,99952.76,5,1,6
CUST_00963,Yahvi Prasad,regular,card,False,28987.94,4,0,4
CUST_00964,Watika Patil,new,netbanking,True,7652.5,1,0,1
CUST_00965,Veda Nagy,new,card,False,19316.54,2,3,5
CUST_00966,Owen Dugar,high_value,upi,True,480868.17,3,1,4
CUST_00967,Zayan Venkataraman,regular,card,True,90594.22,3,1,4
CUST_00968,Irya Parmar,high_value,card,True,386927.49,2,0,2
CUST_00969,Omaja Tank,new,card,True,9514.24,4,0,4
CUST_00970,Hemal Pai,regular,netbanking,False,33774.35,0,0,0
CUST_00971,Lakshmi Naik,new,card,True,8656.28,2,0,2
CUST_00972,Shaurya Date,regular,upi,True,48512.1,1,0,1
CUST_00973,Aahana Lad,regular,netbanking,True,75710.49,0,1,1
CUST_00974,Deepa Pillay,high_value,upi,True,432110.81,3,0,3
CUST_00975,Krish Aggarwal,new,card,True,10256.89,2,0,2
CUST_00976,Zinal Basu,regular,upi,False,48603.34,4,0,4
CUST_00977,Vanya Bahl,regular,netbanking,True,67514.18,3,2,5
CUST_00978,Damyanti Agate,new,upi,True,13263.43,4,0,4
CUST_00979,Widisha Sethi,regular,upi,True,72185.19,4,1,5
CUST_00980,Baghyawati Patel,high_value,netbanking,True,496175.5,4,2,6
CUST_00981,Siddharth Dubey,regular,upi,True,52406.94,3,0,3
CUST_00982,Eta Gole,regular,upi,True,76954.96,0,0,0
CUST_00983,Karan Ramanathan,regular,netbanking,True,77609.96,3,1,4
CUST_00984,Sai Prabhakar,regular,card,True,49882.73,1,0,1
CUST_00985,Ekta Som,regular,upi,True,42100.56,3,0,3
CUST_00986,Adweta Ramachandran,new,netbanking,True,15424.7,1,0,1
CUST_00987,Ekalinga De,regular,upi,True,61262.05,3,0,3
CUST_00988,Sai Raja,high_value,card,True,179886.29,2,0,2
CUST_00989,Ishaan Sha,new,card,True,2473.47,2,2,4
CUST_00990,Waida Contractor,regular,upi,True,67445.07,5,1,6
CUST_00991,Wyatt Kapadia,regular,card,True,45691.32,2,1,3
CUST_00992,Rachita Chopra,regular,card,True,34070.99,1,1,2
CUST_00993,Omkaar Sami,regular,card,False,97397.79,6,1,7
CUST_00994,Watika Borde,regular,upi,True,47033.19,0,0,0
CUST_00995,Gagan Pandit,regular,upi,True,43053.18,3,0,3
CUST_00996,Jhalak Taneja,regular,upi,False,69505.66,3,0,3
CUST_00997,Rajata Golla,regular,upi,True,45429.64,1,1,2
CUST_00998,Amrita Patla,regular,upi,True,27126.96,1,1,2
CUST_00999,Ijaya Kunda,regular,upi,True,45358.89,3,1,4
CUST_01000,Orinder Bains,high_value,upi,True,392770.52,6,0,6
CUST_01001,Chavvi Badami,regular,card,True,51452.9,2,0,2
CUST_01002,Tripti Malhotra,regular,card,False,91832.43,4,1,5
CUST_01003,Rohan Talwar,regular,netbanking,True,60657.03,4,0,4
CUST_01004,Rishi Pal,regular,card,True,75776.96,2,0,2
CUST_01005,Yug Tak,regular,card,True,78117.59,7,1,8
CUST_01006,Sathvik Sarraf,regular,upi,True,49405.3,0,1,1
CUST_01007,Radha Gulati,regular,card,True,34082.76,3,0,3
CUST_01008,Vyanjana Nair,new,card,True,6157.9,6,0,6
CUST_01009,Nimrat Sodhi,regular,upi,True,37662.35,6,0,6
CUST_01010,Lekha Dhawan,regular,upi,True,66966.44,2,1,3
CUST_01011,Lakshit Wagle,regular,netbanking,True,91986.75,5,1,6
CUST_01012,Xalak Gola,high_value,upi,True,389987.91,0,2,2
CUST_01013,Qadim Bains,regular,upi,True,75103.89,3,2,5
CUST_01014,Balendra D’Alia,regular,card,True,60349.68,4,0,4
CUST_01015,Vidhi Sekhon,regular,card,True,53352.85,6,0,6
CUST_01016,Kashish Koshy,regular,upi,True,94155.48,4,1,5
CUST_01017,Aachal Bala,regular,card,True,47213.5,5,1,6
CUST_01018,Ekaja Manda,regular,upi,True,72218.81,4,0,4
CUST_01019,Rachana Chana,regular,card,True,57255.82,0,1,1
CUST_01020,Watika Luthra,regular,upi,True,67394.85,4,1,5
CUST_01021,Yoshita Rau,regular,upi,True,99071.63,2,0,2
CUST_01022,Jalsa Issac,new,upi,True,2080.28,2,3,5
CUST_01023,Gautami Ramanathan,regular,netbanking,False,97406.02,3,0,3
CUST_01024,Raksha Barad,regular,card,True,76288.39,3,1,4
CUST_01025,Ekansh Toor,high_value,upi,False,191950.18,1,2,3
CUST_01026,Bhavya Kar,regular,upi,True,84487.42,1,0,1
CUST_01027,Umang Pau,regular,card,True,39273.93,3,0,3
CUST_01028,Jagvi Lall,regular,upi,True,95206.94,2,0,2
CUST_01029,Zarna Salvi,regular,card,True,56438.73,1,0,1
CUST_01030,Rachita Chahal,regular,card,True,52709.32,5,1,6
CUST_01031,Siddharth Behl,regular,netbanking,True,98361.09,5,0,5
CUST_01032,Saksham Gupta,high_value,card,True,403290.3,3,0,3
CUST_01033,Agastya Thaker,regular,upi,True,51458.74,1,0,1
CUST_01034,Ishita Bajwa,regular,upi,True,69809.73,4,2,6
CUST_01035,Hemani Magar,regular,upi,True,63849.71,7,0,7
CUST_01036,Gabriel Comar,regular,card,True,49051.98,2,2,4
CUST_01037,Ati Tata,regular,upi,True,69139.43,2,0,2
CUST_01038,Oni Virk,regular,card,True,51925.83,1,0,1
CUST_01039,Abdul Srivastava,high_value,upi,True,308661.06,4,1,5
CUST_01040,Idika Balakrishnan,regular,upi,True,28853.64,0,0,0
CUST_01041,Vihaan Malhotra,regular,netbanking,True,37431.73,4,0,4
CUST_01042,Dev Krishnan,high_value,netbanking,True,141513.71,1,0,1
CUST_01043,Ekalinga Contractor,new,upi,True,3946.58,2,0,2
CUST_01044,Jhalak Sant,regular,card,True,79387.69,4,1,5
CUST_01045,Baljiwan Hans,high_value,card,True,342101.44,5,0,5
CUST_01046,Vedika Halder,regular,upi,True,25270.71,3,0,3
CUST_01047,Abha Wali,regular,upi,True,31024.44,4,1,5
CUST_01048,Oliver Nigam,new,upi,True,9913.7,0,0,0
CUST_01049,Charita Sha,high_value,card,True,208740.63,3,1,4
CUST_01050,Dhriti Chatterjee,high_value,upi,True,162355.12,4,0,4
CUST_01051,Gaurang Nayak,high_value,card,False,454076.13,3,1,4
CUST_01052,Lajita Kata,regular,upi,True,56597.7,4,3,7
CUST_01053,Saumya More,new,card,True,6948.28,2,1,3
CUST_01054,Eesha Sandhu,regular,upi,True,32746.23,3,2,5
CUST_01055,Hredhaan Hayer,regular,upi,True,41520.69,3,0,3
CUST_01056,Chaitanya Suri,high_value,upi,True,464590.12,3,1,4
CUST_01057,Girindra Atwal,regular,upi,True,27113.69,4,0,4
CUST_01058,Ojas Mohan,regular,card,True,26986.52,1,0,1
CUST_01059,Patrick Dyal,regular,card,True,24988.8,5,0,5
CUST_01060,Yochana Seshadri,new,upi,True,15507.52,2,0,2
CUST_01061,Meera Pant,regular,upi,True,30602.64,8,1,9
CUST_01062,Maanas Mitter,regular,upi,True,30096.9,3,0,3
CUST_01063,Om Kohli,regular,upi,True,76645.29,2,0,2
CUST_01064,Wridesh Lal,regular,card,True,86514.1,3,3,6
CUST_01065,Jyoti Cheema,regular,netbanking,True,95268.67,3,0,3
CUST_01066,Zaitra Dave,regular,card,True,71697.89,3,2,5
CUST_01067,Vedika Nayar,high_value,upi,True,265513.89,4,2,6
CUST_01068,Watika Prashad,regular,netbanking,True,90575.47,2,2,4
CUST_01069,Ati Chowdhury,regular,upi,True,59475.45,1,0,1
CUST_01070,Anya Borah,regular,upi,True,64446.71,2,1,3
CUST_01071,Ethan Naidu,regular,upi,True,61662.7,2,2,4
CUST_01072,Thomas Malhotra,regular,upi,True,27142.66,5,0,5
CUST_01073,Laksh Prasad,high_value,card,True,163495.23,6,0,6
CUST_01074,Anusha Bains,regular,netbanking,True,51688.64,1,0,1
CUST_01075,Atharv Tata,new,upi,True,14495.91,0,0,0
CUST_01076,Ishani Ray,high_value,card,True,480295.75,5,0,5
CUST_01077,Gaurav Maharaj,new,upi,True,10069.42,4,0,4
CUST_01078,Baljiwan Narasimhan,high_value,netbanking,True,191313.84,1,0,1
CUST_01079,Ekaraj Bhattacharyya,regular,netbanking,True,81782.03,0,1,1
CUST_01080,Tara Virk,regular,netbanking,True,78714.71,0,0,0
CUST_01081,Widisha Tripathi,regular,upi,False,42872.59,3,0,3
CUST_01082,Vivaan Hegde,regular,card,True,99187.58,5,0,5
CUST_01083,Hredhaan Sachar,regular,upi,True,73349.05,1,1,2
CUST_01084,Waida Palla,new,card,True,10475.95,2,2,4
CUST_01085,Diya Sharma,regular,upi,True,74135.94,2,1,3
CUST_01086,Jairaj Divan,regular,card,True,82945.18,6,0,6
CUST_01087,Irya Bhatnagar,regular,upi,True,47372.38,3,1,4
CUST_01088,Parth Saha,regular,upi,True,89222.83,5,2,7
CUST_01089,Brijesh Desai,regular,upi,True,72408.47,3,1,4
CUST_01090,Fiyaz Ratti,high_value,upi,True,152141.05,4,2,6
CUST_01091,Bhavna Buch,new,card,True,13220.12,4,0,4
CUST_01092,Wakeeta Sahni,new,upi,True,14645.84,2,0,2
CUST_01093,Nirja Chada,regular,upi,True,41391.26,3,0,3
CUST_01094,Tanay Dara,regular,upi,True,53001.52,2,2,4
CUST_01095,Bhanumati Shan,regular,card,True,65937.15,2,1,3
CUST_01096,Rudra Sur,new,upi,True,15955.63,2,3,5
CUST_01097,Yash Bava,regular,upi,True,63633.95,3,2,5
CUST_01098,Mitali Shah,regular,card,True,71647.75,2,0,2
CUST_01099,Charita Vig,new,upi,True,8100.46,1,0,1
CUST_01100,Wahab Kala,regular,card,True,31222.13,6,1,7
CUST_01101,Azaan Subramaniam,regular,upi,True,78522.5,4,3,7
CUST_01102,Chandran Subramanian,regular,card,True,91564.45,4,1,5
CUST_01103,Nitara Parsa,regular,upi,True,35765.82,5,0,5
CUST_01104,Garima Basak,new,card,True,19682.58,1,0,1
CUST_01105,Ishani Kumer,high_value,upi,True,424610.51,0,0,0
CUST_01106,Saumya Bhakta,regular,upi,False,36307.1,2,0,2
CUST_01107,Yatan Mand,regular,netbanking,True,77576.45,3,1,4
CUST_01108,Vrinda Suri,regular,upi,True,48203.6,1,0,1
CUST_01109,Abhimanyu Dayal,regular,upi,True,90888.47,3,0,3
CUST_01110,Reva Suri,regular,netbanking,True,41468.28,2,1,3
CUST_01111,Samaksh Oommen,regular,card,True,73547.48,5,0,5
CUST_01112,Faras Sunder,regular,upi,True,60284.08,2,1,3
CUST_01113,Vidhi Bandi,regular,upi,True,32575.31,1,0,1
CUST_01114,Dipta Choudhary,regular,upi,True,64401.14,4,0,4
CUST_01115,Bina Bains,regular,card,True,72461.24,1,0,1
CUST_01116,Mitesh Srinivas,regular,card,False,94855.73,3,1,4
CUST_01117,Finn Iyer,new,upi,False,13237.94,6,1,7
CUST_01118,Eesha Dar,regular,upi,True,99803.18,2,1,3
CUST_01119,Ayaan Varty,regular,card,True,95047.91,4,2,6
CUST_01120,Ronith Nadkarni,new,upi,True,6142.12,2,1,3
CUST_01121,Gavin Sethi,high_value,upi,True,405025.57,1,1,2
CUST_01122,Aashi Kalla,regular,card,True,26349.84,1,0,1
CUST_01123,Advaith Upadhyay,regular,upi,True,88675.13,2,1,3
CUST_01124,Ikbal Bahri,regular,card,True,41105.31,8,0,8
CUST_01125,Chandani Mannan,regular,upi,True,25184.02,3,0,3
CUST_01126,Ethan Nayak,regular,card,True,61812.63,7,1,8
CUST_01127,Keya Rao,regular,netbanking,True,62756.34,1,0,1
CUST_01128,Gunbir Keer,regular,netbanking,True,77460.01,3,0,3
CUST_01129,Lipika Pandey,high_value,card,True,100625.8,1,2,3
CUST_01130,Shaurya Nazareth,high_value,upi,True,346454.2,1,1,2
CUST_01131,Frado Vora,new,upi,True,9543.14,1,1,2
CUST_01132,Chaaya Sandhu,regular,card,True,48159.78,7,1,8
CUST_01133,Bina Dhaliwal,regular,upi,True,55632.87,7,0,7
CUST_01134,Jeevika Varghese,regular,upi,True,45974.58,4,0,4
CUST_01135,Siya Gokhale,regular,upi,True,36319.16,3,0,3
CUST_01136,George Kapoor,regular,card,True,24337.22,1,1,2
CUST_01137,Amaira Jaggi,regular,upi,True,92134.05,4,2,6
CUST_01138,Qushi Bains,high_value,netbanking,True,265472.55,2,0,2
CUST_01139,Kiaan Comar,high_value,card,True,163904.2,1,0,1
CUST_01140,Manbir Parikh,regular,card,True,32207.08,1,1,2
CUST_01141,Irya Taneja,regular,upi,True,66190.39,3,1,4
CUST_01142,Siya Gulati,new,netbanking,True,18363.86,4,0,4
CUST_01143,Ethan Krishnamurthy,high_value,upi,True,234680.75,3,0,3
CUST_01144,Naksh Biswas,new,upi,True,14934.68,2,4,6
CUST_01145,Andrew Chacko,regular,card,True,88255.71,4,0,4
CUST_01146,Advika Thakur,regular,card,True,49892.88,0,0,0
CUST_01147,Aadhya Subramanian,regular,card,True,91340.42,6,1,7
CUST_01148,Tristan Rege,regular,upi,True,21135.32,2,0,2
CUST_01149,Naveen Sharma,regular,netbanking,True,89650.58,1,0,1
CUST_01150,Oscar Sinha,regular,card,True,44686.07,2,2,4
CUST_01151,Hredhaan Jha,new,card,True,6145.91,2,1,3
CUST_01152,Utkarsh Mishra,regular,upi,True,91839.65,4,0,4
CUST_01153,Tanvi Pradhan,new,card,True,2670.02,4,1,5
CUST_01154,Qushi Nayak,regular,card,False,77292.08,6,0,6
CUST_01155,Nitesh Arya,regular,upi,True,25794.15,3,0,3
CUST_01156,Jagdish Dugar,regular,netbanking,True,75817.15,3,2,5
CUST_01157,Eta Gill,regular,upi,False,81162.5,1,0,1
CUST_01158,Aayush Dixit,new,upi,True,19876.86,1,3,4
CUST_01159,Falguni Dube,new,upi,True,12876.48,2,2,4
CUST_01160,Aryan Soman,regular,upi,True,68130.56,2,0,2
CUST_01161,Osha Koshy,regular,upi,True,85892.0,3,1,4
CUST_01162,Falguni Deo,regular,card,True,44461.67,2,1,3
CUST_01163,Chaitanya Arya,regular,upi,True,45054.97,4,0,4
CUST_01164,Lila Keer,regular,upi,True,31376.56,8,1,9
CUST_01165,Mahika Din,regular,upi,True,75324.67,0,0,0
CUST_01166,Laksh Khalsa,regular,upi,True,20696.81,4,1,5
CUST_01167,Raghav Bhardwaj,regular,netbanking,True,25395.17,1,1,2
CUST_01168,Avi Sundaram,high_value,upi,True,472849.55,8,0,8
CUST_01169,Rajata Dey,regular,netbanking,True,71950.39,1,1,2
CUST_01170,Caleb Singh,regular,upi,True,48331.28,4,0,4
CUST_01171,Januja Srinivas,regular,card,True,41466.51,2,0,2
CUST_01172,Saanvi Kurian,regular,card,True,45301.5,6,1,7
CUST_01173,Ijaya Singhal,regular,upi,True,84044.49,3,0,3
CUST_01174,Deepa Raju,new,card,True,4304.88,6,0,6
CUST_01175,Diya Thakur,high_value,upi,True,337057.73,3,1,4
CUST_01176,Niharika Sule,regular,upi,True,67439.14,5,1,6
CUST_01177,Abha Sharma,regular,upi,True,88246.33,2,1,3
CUST_01178,Ishita Goel,regular,netbanking,True,80931.93,2,1,3
CUST_01179,Rohan Wali,new,upi,True,4371.65,1,0,1
CUST_01180,Vyanjana Chaudhuri,regular,upi,True,24989.14,5,1,6
CUST_01181,Orinder Parikh,regular,card,True,63514.59,1,0,1
CUST_01182,Omkaar Guha,regular,upi,True,46116.81,2,2,4
CUST_01183,Pushti Balasubramanian,regular,card,False,93545.74,4,2,6
CUST_01184,Yashica Chaudhary,regular,card,True,25071.71,1,0,1
CUST_01185,Yachana Venkataraman,regular,upi,True,79604.13,1,1,2
CUST_01186,Barkha Kar,regular,card,True,58105.5,6,0,6
CUST_01187,Jacob Behl,high_value,upi,True,239160.4,4,0,4
CUST_01188,Logan Dube,regular,card,True,67445.38,1,0,1
CUST_01189,Januja Soni,regular,card,True,85963.18,2,0,2
CUST_01190,Azad Vyas,regular,netbanking,True,69587.28,1,0,1
CUST_01191,Niharika Talwar,regular,netbanking,False,73504.74,3,2,5
CUST_01192,Omkaar Hans,regular,upi,True,49789.1,6,1,7
CUST_01193,Ira Aurora,regular,upi,True,91341.58,3,0,3
CUST_01194,Anvi Cherian,regular,card,True,57900.35,3,4,7
CUST_01195,Tristan Das,high_value,netbanking,False,140215.07,0,0,0
CUST_01196,Unnati Soman,regular,card,True,91475.97,6,2,8
CUST_01197,Jeevika Edwin,high_value,upi,True,474960.54,4,0,4
CUST_01198,Lajita Gopal,regular,upi,True,97257.49,5,0,5
CUST_01199,Triya Desai,new,upi,True,17542.9,8,0,8
CUST_01200,Hemani Sengupta,regular,card,True,34220.04,2,0,2
CUST_01201,Darsh Dar,regular,upi,True,39476.35,2,1,3
CUST_01202,Pranav Devi,new,upi,True,8653.65,2,0,2
CUST_01203,Xiti Khare,regular,upi,True,94322.42,2,1,3
CUST_01204,Jason Sarna,high_value,netbanking,True,238379.19,2,0,2
CUST_01205,Aarna Kohli,regular,upi,True,67547.57,1,0,1
CUST_01206,Yashawini Krishna,regular,card,True,96428.12,2,0,2
CUST_01207,Qarin Basu,regular,upi,True,90249.63,5,1,6
CUST_01208,Anmol Wali,regular,netbanking,True,91356.46,1,0,1
CUST_01209,Eta Peri,new,upi,True,14919.9,2,1,3
CUST_01210,Tanveer Khatri,regular,upi,True,29921.82,3,1,4
CUST_01211,Nidhi Palla,regular,upi,True,25558.36,6,0,6
CUST_01212,Aahana Behl,regular,upi,True,72838.87,5,0,5
CUST_01213,Dayita Bobal,regular,netbanking,True,32280.95,2,0,2
CUST_01214,Raagini Chander,high_value,card,True,238873.19,6,0,6
CUST_01215,Dominic Desai,regular,netbanking,True,59997.51,4,0,4
CUST_01216,Harsh Sur,high_value,upi,True,355153.88,2,0,2
CUST_01217,Samar Bhakta,regular,netbanking,True,45364.78,1,0,1
CUST_01218,Tanish Loke,regular,card,True,72548.86,2,1,3
CUST_01219,Forum Verma,regular,card,True,31713.05,3,1,4
CUST_01220,Upadhriti Shan,high_value,upi,True,386578.56,3,0,3
CUST_01221,Tarak Tara,regular,netbanking,True,91419.96,4,0,4
CUST_01222,Lipika Khare,new,upi,True,18640.43,0,1,1
CUST_01223,Yuvraj Soni,regular,netbanking,True,40816.4,2,0,2
CUST_01224,Falan Parikh,high_value,card,True,484843.23,4,1,5
CUST_01225,Mohammed Patla,regular,card,True,84821.52,1,1,2
CUST_01226,Chandran Kade,new,upi,True,1479.09,1,1,2
CUST_01227,Benjamin Jani,regular,card,True,98836.59,2,0,2
CUST_01228,Ubika Krishnamurthy,regular,upi,True,98543.04,1,0,1
CUST_01229,Dalaja Johal,new,upi,True,13140.42,0,0,0
CUST_01230,Ojasvi Raman,regular,upi,True,77143.65,7,2,9
CUST_01231,Vamakshi Bandi,regular,card,True,47723.72,4,1,5
CUST_01232,Mitali Kaur,regular,upi,True,39455.15,3,1,4
CUST_01233,Yoshita Goswami,regular,upi,True,69592.1,3,0,3
CUST_01234,Laksh Kanda,new,card,True,15037.1,3,2,5
CUST_01235,Daksha Rau,new,card,True,11585.28,0,1,1
CUST_01236,Damyanti Rama,new,upi,True,1276.0,0,1,1
CUST_01237,Zashil Oza,new,upi,True,14855.26,4,2,6
CUST_01238,Lipika Sastry,new,card,True,16743.37,4,2,6
CUST_01239,Oliver Ramaswamy,regular,upi,True,86296.71,3,5,8
CUST_01240,Raagini Kade,regular,netbanking,False,21362.61,4,0,4
CUST_01241,Zilmil Buch,regular,card,True,43381.21,4,0,4
CUST_01242,Quincy Andra,regular,netbanking,True,67417.04,3,0,3
CUST_01243,Theodore Randhawa,regular,upi,True,97601.36,1,0,1
CUST_01244,Hema Manda,new,upi,True,10881.36,1,1,2
CUST_01245,Ishanvi Goswami,regular,upi,True,67970.24,2,0,2
CUST_01246,Saanvi Narain,high_value,upi,True,304674.4,3,0,3
CUST_01247,Nitara Sandal,high_value,upi,True,395735.85,1,0,1
CUST_01248,Aarini Mangat,high_value,upi,True,363327.75,2,1,3
CUST_01249,Upasna Naik,regular,card,True,83645.71,2,0,2
CUST_01250,Gautam Datta,regular,upi,True,88750.28,4,0,4
CUST_01251,Chandani Anand,regular,upi,True,89608.13,3,1,4
CUST_01252,Benjamin Dewan,regular,card,True,96171.54,1,0,1
CUST_01253,Devika Nayar,new,upi,True,4078.12,3,1,4
CUST_01254,Omisha Arya,regular,netbanking,False,76449.88,5,1,6
CUST_01255,Bishakha Batta,regular,card,True,54306.94,2,1,3
CUST_01256,Yashodhara Khalsa,new,netbanking,True,2387.6,0,1,1
CUST_01257,Dhriti Nair,regular,upi,True,85908.12,1,1,2
CUST_01258,Veda Wason,regular,card,True,26083.21,1,1,2
CUST_01259,Ronith Tailor,regular,upi,True,67641.52,3,1,4
CUST_01260,Caleb Chawla,regular,card,True,42007.37,3,1,4
CUST_01261,David Badami,regular,card,True,80831.19,2,1,3
CUST_01262,Vrishti Choudhury,high_value,card,True,292483.31,3,1,4
CUST_01263,Brijesh Deo,regular,upi,True,83480.2,1,0,1
CUST_01264,Megha Kanda,high_value,card,True,275020.01,3,0,3
CUST_01265,Faqid Kara,new,upi,True,8136.59,1,3,4
CUST_01266,Harini Bandi,regular,upi,True,87183.36,2,0,2
CUST_01267,Teerth Natarajan,regular,upi,True,84517.65,2,1,3
CUST_01268,Gunbir Vora,high_value,card,True,323668.13,2,1,3
CUST_01269,Chakradhar Nazareth,regular,card,True,40800.11,4,0,4
CUST_01270,Ria Vala,regular,card,True,77152.26,4,0,4
CUST_01271,Onveer Batra,regular,card,True,82851.39,4,0,4
CUST_01272,Isaac Solanki,regular,netbanking,True,56755.35,4,0,4
CUST_01273,Onkar Arora,regular,upi,True,33890.31,3,1,4
CUST_01274,Nathaniel Talwar,regular,netbanking,True,96947.4,2,2,4
CUST_01275,Isha Ahluwalia,regular,upi,True,94796.24,2,1,3
CUST_01276,Elijah Goda,high_value,upi,True,399413.89,3,2,5
CUST_01277,Bhavika Bose,regular,upi,True,89822.07,4,0,4
CUST_01278,Sathvik Toor,new,upi,True,14374.63,3,1,4
CUST_01279,Yahvi Taneja,high_value,upi,True,109182.29,1,0,1
CUST_01280,Anmol Vasa,regular,card,True,70818.41,3,0,3
CUST_01281,Eshana Mander,regular,upi,True,74175.36,4,2,6
CUST_01282,Pooja Butala,regular,upi,True,20653.38,3,1,4
CUST_01283,Prisha Nori,regular,upi,True,82615.46,3,2,5
CUST_01284,Warinder Basu,regular,card,True,39787.71,1,0,1
CUST_01285,Unnati Choudhry,regular,netbanking,True,59401.08,3,1,4
CUST_01286,Pratyush Dewan,new,upi,True,10774.59,0,1,1
CUST_01287,Banjeet Bajaj,new,upi,True,15611.45,5,0,5
CUST_01288,Janya Dash,regular,upi,True,49717.81,1,1,2
CUST_01289,Darsh Kunda,high_value,upi,True,240494.11,1,1,2
CUST_01290,Zarna Sharma,regular,upi,True,71382.88,4,2,6
CUST_01291,Chaitanya Tata,new,upi,True,10883.68,2,2,4
CUST_01292,Samar Pathak,high_value,card,False,385560.55,5,0,5
CUST_01293,Mitesh Manda,regular,card,True,93993.84,3,0,3
CUST_01294,Shravya Das,regular,upi,True,85399.44,1,0,1
CUST_01295,Watika Aggarwal,regular,card,True,94437.34,2,1,3
CUST_01296,Jeet Divan,regular,upi,True,27029.69,2,1,3
CUST_01297,Yasti Jani,regular,netbanking,True,71858.38,2,1,3
CUST_01298,Vedhika Ramachandran,regular,upi,True,28634.15,5,2,7
CUST_01299,Yadavi Lal,regular,card,True,45090.89,3,0,3
CUST_01300,Bhanumati Sathe,regular,upi,True,49700.6,2,0,2
CUST_01301,Mitesh Kade,regular,upi,True,27714.46,2,2,4
CUST_01302,Frado Karnik,regular,netbanking,True,22044.7,2,0,2
CUST_01303,Devika Date,regular,card,True,46928.63,2,0,2
CUST_01304,Harish Misra,new,card,True,6513.24,4,1,5
CUST_01305,Prisha Bhandari,regular,card,False,25144.67,2,0,2
CUST_01306,Udant Shukla,new,card,True,7969.13,3,0,3
CUST_01307,Aarnav Bera,new,upi,True,6277.56,2,0,2
CUST_01308,Devika Buch,new,netbanking,True,1647.55,3,2,5
CUST_01309,Bhavini Chokshi,regular,netbanking,True,49805.05,2,1,3
CUST_01310,Meghana Maharaj,regular,upi,True,59384.63,4,2,6
CUST_01311,Turvi Hari,regular,card,True,64439.01,1,1,2
CUST_01312,Gunbir Sur,regular,upi,True,66892.71,8,0,8
CUST_01313,Ansh Parsa,regular,card,True,36201.55,3,0,3
CUST_01314,Urishilla Chaudhari,regular,card,True,21444.72,4,0,4
CUST_01315,Frado Baral,regular,card,True,33782.59,0,0,0
CUST_01316,Umang Joshi,regular,upi,True,64969.03,3,0,3
CUST_01317,Rachita Raj,regular,upi,True,89656.52,4,0,4
CUST_01318,Nathaniel Ghosh,regular,upi,True,36450.49,2,0,2
CUST_01319,Tara Sachdev,regular,card,True,80839.5,5,2,7
CUST_01320,Devika Nagar,regular,upi,True,23676.2,5,0,5
CUST_01321,Xiti Bal,regular,card,True,83418.16,6,0,6
CUST_01322,Meghana Ramachandran,regular,upi,True,95592.39,4,1,5
CUST_01323,Gayathri Kade,regular,card,True,35752.33,2,0,2
CUST_01324,Yauvani Biswas,regular,netbanking,True,20784.53,4,2,6
CUST_01325,Yashasvi Ramaswamy,regular,card,True,56888.41,3,0,3
CUST_01326,Liam Deol,regular,card,True,20954.73,2,1,3
CUST_01327,Samaksh Soman,high_value,card,True,185885.17,3,1,4
CUST_01328,Rushil Sandal,regular,netbanking,True,34580.01,6,0,6
CUST_01329,Advika Madan,regular,netbanking,True,96248.99,4,2,6
CUST_01330,Ishita Tripathi,regular,upi,True,34482.73,4,0,4
CUST_01331,Shaurya Din,high_value,card,True,304145.43,2,0,2
CUST_01332,Charvi Mitter,regular,card,True,53477.6,6,0,6
CUST_01333,Aarush Bedi,regular,netbanking,True,92869.91,4,1,5
CUST_01334,Ekaraj Sahota,regular,upi,True,82492.29,2,0,2
CUST_01335,Hemang Sarna,regular,upi,True,73128.42,4,1,5
CUST_01336,Bhavini Sahota,regular,card,True,34722.95,2,0,2
CUST_01337,Girindra Naidu,regular,upi,True,54627.08,4,0,4
CUST_01338,Zashil Deshmukh,new,upi,True,16560.93,2,1,3
CUST_01339,Ijaya Bhat,regular,upi,True,21376.76,0,2,2
CUST_01340,Anika Shenoy,regular,card,True,57418.07,1,0,1
CUST_01341,Shivani Barad,regular,card,True,53906.06,3,1,4
CUST_01342,Mason Thakkar,regular,card,True,77251.24,0,0,0
CUST_01343,Timothy Mital,regular,upi,True,34547.39,9,0,9
CUST_01344,Jasmit Kala,regular,upi,True,85915.1,5,0,5
CUST_01345,Aashi Ratta,regular,upi,True,57303.18,5,1,6
CUST_01346,Aadhya Kibe,high_value,netbanking,False,259268.93,4,0,4
CUST_01347,Eta Lala,high_value,card,True,127041.92,6,1,7
CUST_01348,Logan Sood,high_value,card,True,210858.97,2,0,2
CUST_01349,Orinder Shetty,high_value,netbanking,True,114175.54,4,0,4
CUST_01350,Hemang Kulkarni,regular,netbanking,False,33154.15,3,2,5
CUST_01351,Devika Madan,regular,netbanking,True,38468.83,1,0,1
CUST_01352,Dipta Patil,high_value,upi,True,485222.99,3,1,4
CUST_01353,Bhanumati Kadakia,high_value,upi,True,338634.29,2,0,2
CUST_01354,Yadavi Sathe,regular,upi,True,74755.04,0,0,0
CUST_01355,Radhika Baral,high_value,netbanking,True,276316.2,3,0,3
CUST_01356,Akshay Sachdev,regular,upi,True,20124.67,5,1,6
CUST_01357,Vasatika Bobal,high_value,upi,True,262878.81,3,0,3
CUST_01358,Bina Kata,regular,netbanking,True,79359.22,3,1,4
CUST_01359,Udant Mane,regular,card,True,36698.34,3,0,3
CUST_01360,Jatin Nazareth,regular,upi,True,40810.83,1,0,1
CUST_01361,Qabil Khare,regular,netbanking,True,46572.52,1,1,2
CUST_01362,Ishaan Lanka,new,upi,True,7359.11,5,1,6
CUST_01363,Umang Seshadri,regular,upi,True,35791.35,0,0,0
CUST_01364,Mitesh Raja,regular,upi,True,87024.47,1,0,1
CUST_01365,Yasti Baria,regular,netbanking,True,39057.82,4,0,4
CUST_01366,Ekta Hayer,regular,upi,True,91850.84,6,1,7
CUST_01367,Elijah Apte,new,upi,True,18112.6,5,0,5
CUST_01368,Abha Tara,regular,upi,True,96582.42,5,3,8
CUST_01369,Arin Prasad,regular,upi,True,54296.78,4,0,4
CUST_01370,Ranbir Varma,regular,netbanking,True,49086.71,3,2,5
CUST_01371,Veer Wable,regular,card,True,40723.76,2,0,2
CUST_01372,Gautam Varughese,regular,upi,True,42154.78,6,1,7
CUST_01373,Advik Som,regular,card,True,75606.17,2,0,2
CUST_01374,Kashish Agate,regular,netbanking,True,85410.1,6,0,6
CUST_01375,Yatin Suri,regular,upi,True,55896.03,2,0,2
CUST_01376,Ria Wable,regular,upi,True,76169.32,2,0,2
CUST_01377,Nikita Pal,regular,upi,True,27707.51,0,1,1
CUST_01378,Ekavir Johal,regular,card,True,41617.17,1,0,1
CUST_01379,Sanya Raghavan,regular,card,True,93661.99,2,0,2
CUST_01380,Vansha Tank,regular,netbanking,True,28199.63,3,0,3
CUST_01381,Brijesh Lata,regular,netbanking,True,47229.04,3,0,3
CUST_01382,Edhitha Kashyap,regular,upi,True,25495.57,2,1,3
CUST_01383,Zilmil Khare,regular,upi,True,26526.86,2,0,2
CUST_01384,Faris Bala,new,card,True,12574.8,6,2,8
CUST_01385,Tara Dave,regular,card,True,46906.02,2,2,4
CUST_01386,Bakhshi Kapur,high_value,upi,True,385049.6,3,1,4
CUST_01387,Kavya Samra,high_value,card,True,350405.33,7,1,8
CUST_01388,Samarth Thakur,regular,netbanking,True,45001.27,3,0,3
CUST_01389,Krishna Roy,regular,upi,True,94842.49,3,0,3
CUST_01390,Baghyawati Kata,regular,upi,True,49781.0,5,0,5
CUST_01391,Charles Varkey,new,upi,True,17299.42,1,3,4
CUST_01392,Abdul Palan,new,upi,True,1654.88,3,1,4
CUST_01393,Sai Balan,regular,upi,True,79974.14,2,2,4
CUST_01394,Jackson Trivedi,regular,upi,True,41204.58,2,0,2
CUST_01395,Christopher Nayak,regular,netbanking,True,67955.83,5,0,5
CUST_01396,Mugdha Swaminathan,new,card,True,14354.61,6,0,6
CUST_01397,Gabriel Setty,regular,netbanking,True,38502.26,3,0,3
CUST_01398,Sneha Chowdhury,regular,card,True,26075.12,4,0,4
CUST_01399,Qarin Jain,regular,card,True,37735.53,2,0,2
CUST_01400,Urvi Baral,regular,upi,True,96172.45,3,0,3
CUST_01401,Benjamin Natt,regular,netbanking,True,34186.32,4,4,8
CUST_01402,Neha Shere,new,card,True,12118.92,1,1,2
CUST_01403,Kiaan Dube,regular,upi,True,50892.82,4,0,4
CUST_01404,Zaitra Manda,regular,upi,True,91378.01,3,1,4
CUST_01405,Divya Devan,regular,card,True,42272.51,4,2,6
CUST_01406,Caleb Shetty,new,upi,True,18828.07,4,1,5
CUST_01407,Orinder Zachariah,new,upi,True,19710.7,3,1,4
CUST_01408,Onkar Jain,regular,upi,True,86650.37,5,2,7
CUST_01409,George Sankar,regular,card,True,55600.9,2,1,3
CUST_01410,Yashasvi Dass,regular,upi,True,34026.85,5,1,6
CUST_01411,Kashish Bose,high_value,upi,True,205897.36,3,0,3
CUST_01412,Meghana Batra,regular,card,True,24070.86,6,0,6
CUST_01413,Nandini Nagar,regular,netbanking,True,97588.48,4,0,4
CUST_01414,Pahal More,regular,card,True,32861.5,3,2,5
CUST_01415,Yashvi Kamdar,new,card,True,19538.11,4,0,4
CUST_01416,Aradhana Mohan,regular,upi,True,44392.69,5,0,5
CUST_01417,Krisha Patil,regular,card,True,77360.8,2,0,2
CUST_01418,Chakradhar Subramanian,regular,netbanking,False,75256.4,3,1,4
CUST_01419,Fitan Bora,regular,upi,True,49258.96,0,0,0
CUST_01420,Raghav Mitra,regular,card,True,84397.08,4,1,5
CUST_01421,Naksh Edwin,regular,upi,True,60933.57,2,1,3
CUST_01422,Bhavna Shanker,regular,upi,True,28663.27,2,0,2
CUST_01423,Jonathan Kannan,regular,card,True,80831.27,5,0,5
CUST_01424,Edhitha Rajagopalan,high_value,card,False,356852.91,4,0,4
CUST_01425,Gauri Mukhopadhyay,regular,netbanking,True,57773.7,5,0,5
CUST_01426,Mitali Sood,regular,upi,True,85688.98,0,1,1
CUST_01427,Dhruv Som,regular,upi,True,91164.83,2,0,2
CUST_01428,Umang Bajwa,regular,card,True,76910.31,2,1,3
CUST_01429,Orinder Som,new,upi,True,15789.63,1,1,2
CUST_01430,Pahal Raja,regular,upi,True,60845.88,4,0,4
CUST_01431,Gaurangi Balakrishnan,regular,upi,True,89045.04,3,1,4
CUST_01432,Vamakshi Brahmbhatt,high_value,upi,False,145536.97,0,1,1
CUST_01433,Yatin Varma,regular,card,True,56973.78,3,0,3
CUST_01434,Zaitra Bhagat,regular,upi,True,54078.06,5,0,5
CUST_01435,Pranit Gola,new,card,True,9612.37,3,1,4
CUST_01436,Aditya Cheema,regular,netbanking,True,50870.1,3,1,4
CUST_01437,Vedhika Shanker,regular,card,True,37749.31,3,0,3
CUST_01438,Krisha Nori,regular,netbanking,True,76458.58,2,0,2
CUST_01439,Neelima Srinivas,high_value,upi,True,159699.81,1,0,1
CUST_01440,Tanish Sekhon,regular,upi,True,91316.4,2,0,2
CUST_01441,Ranveer Pandya,regular,upi,True,37367.11,4,1,5
CUST_01442,Avi Rastogi,new,upi,True,4920.78,1,1,2
CUST_01443,Indira Guha,regular,upi,True,58126.75,3,1,4
CUST_01444,Henry Narula,regular,card,True,62106.0,2,2,4
CUST_01445,Charan Patla,regular,card,True,89061.66,2,1,3
CUST_01446,Vansha Chaudry,new,upi,True,19379.76,1,1,2
CUST_01447,Theodore Chad,regular,upi,True,22574.84,0,1,1
CUST_01448,Devansh Bhatnagar,regular,upi,False,75497.73,2,0,2
CUST_01449,Siddharth Magar,regular,card,True,94565.22,2,0,2
CUST_01450,Ekiya Thakur,new,upi,True,16774.62,0,0,0
CUST_01451,Faqid De,high_value,netbanking,True,171866.01,3,0,3
CUST_01452,Avni Pathak,regular,netbanking,True,40151.77,0,1,1
CUST_01453,Anita Sarkar,regular,upi,True,33782.6,0,0,0
CUST_01454,Simon Bhavsar,regular,upi,False,68987.66,2,1,3
CUST_01455,Chavvi Singhal,regular,upi,True,55508.58,5,0,5
CUST_01456,Anay Agarwal,regular,upi,True,56904.4,0,1,1
CUST_01457,Mugdha Murthy,regular,upi,False,83624.55,1,1,2
CUST_01458,Abeer Mittal,regular,upi,True,69605.59,3,0,3
CUST_01459,Ishwar Mutti,regular,upi,True,99283.98,2,0,2
CUST_01460,Matthew Amble,regular,upi,True,53225.6,3,1,4
CUST_01461,Ekapad Varkey,regular,upi,True,54129.0,6,2,8
CUST_01462,Bhavani Acharya,new,card,True,9999.96,4,0,4
CUST_01463,Banjeet Solanki,regular,card,True,41901.88,0,0,0
CUST_01464,Qarin Sha,new,card,False,14071.54,4,2,6
CUST_01465,Januja Mutti,regular,card,True,36299.58,2,1,3
CUST_01466,Krishna Buch,regular,upi,True,65346.47,7,1,8
CUST_01467,Baghyawati Sanghvi,regular,upi,True,54944.22,5,1,6
CUST_01468,Chaitanya Pandya,high_value,upi,True,228891.83,4,1,5
CUST_01469,Zaid Choudhury,regular,upi,True,29285.17,1,0,1
CUST_01470,Charles Batra,regular,upi,True,77302.01,3,1,4
CUST_01471,Dev Lad,regular,upi,True,51898.08,2,0,2
CUST_01472,Rayaan Chakrabarti,regular,netbanking,True,79848.82,1,1,2
CUST_01473,Veer Jha,regular,upi,True,54739.96,2,0,2
CUST_01474,Jeevika Chaudhary,high_value,upi,True,253998.78,4,1,5
CUST_01475,Qushi Seshadri,regular,card,True,95790.99,5,1,6
CUST_01476,Nathan Dhawan,regular,upi,True,68201.0,9,0,9
CUST_01477,Nisha Pradhan,regular,upi,True,31344.27,3,0,3
CUST_01478,Girish Wadhwa,regular,card,True,75391.44,1,1,2
CUST_01479,Elijah Rege,high_value,upi,True,297943.9,1,1,2
CUST_01480,Aashi Hayre,regular,netbanking,False,88227.45,4,2,6
CUST_01481,Samuel Dave,regular,netbanking,True,60575.32,4,0,4
CUST_01482,Urvashi Memon,regular,upi,True,84659.04,1,0,1
CUST_01483,Prisha Chacko,new,upi,True,18614.19,2,2,4
CUST_01484,Gaurika Kar,regular,upi,True,84137.5,6,1,7
CUST_01485,Waida Chaudhari,regular,upi,True,22547.91,3,1,4
CUST_01486,Edhitha Bhalla,regular,upi,True,96865.05,0,0,0
CUST_01487,Isaiah De,high_value,card,True,176211.42,2,0,2
CUST_01488,Anya Dugal,regular,upi,True,27526.2,4,1,5
CUST_01489,Priya Swaminathan,regular,card,True,87434.08,6,1,7
CUST_01490,Avni Gulati,regular,netbanking,True,44543.08,3,1,4
CUST_01491,Daniel Chaudry,new,upi,True,11322.46,3,1,4
CUST_01492,Yoshita Reddy,regular,card,True,71470.31,3,1,4
CUST_01493,Robert Dayal,regular,upi,True,21320.24,3,0,3
CUST_01494,Christopher Sarkar,regular,upi,True,24951.5,4,2,6
CUST_01495,Ayush Dhar,regular,upi,True,67750.37,4,0,4
CUST_01496,Lajita Kuruvilla,high_value,netbanking,True,291819.64,3,1,4
CUST_01497,Hredhaan Mishra,regular,card,True,67920.3,2,1,3
CUST_01498,Lopa Chadha,regular,upi,True,35187.91,6,2,8
CUST_01499,Eta Bhakta,new,card,True,2171.0,0,4,4
CUST_01500,Janaki Chad,regular,card,True,96191.9,2,1,3
CUST_01501,Veda Kadakia,new,card,True,16519.06,2,1,3
CUST_01502,Adweta Rau,high_value,card,True,491317.35,3,0,3
CUST_01503,Qabil Kari,high_value,card,True,286828.36,1,0,1
CUST_01504,Faraj Saxena,regular,upi,False,29183.07,4,1,5
CUST_01505,Warda Zachariah,regular,card,True,54661.64,2,2,4
CUST_01506,Rajata Krish,high_value,netbanking,True,126752.78,3,1,4
CUST_01507,Amrita Gill,regular,upi,True,88265.48,3,0,3
CUST_01508,Finn Chaudhari,regular,upi,True,81128.98,3,1,4
CUST_01509,Advay Varty,regular,upi,True,91859.82,4,1,5
CUST_01510,Tripti Shenoy,regular,netbanking,True,97548.15,2,0,2
CUST_01511,Wishi Guha,new,card,True,6558.03,0,1,1
CUST_01512,Ati Lad,new,upi,True,11426.83,1,1,2
CUST_01513,Harshil Vig,regular,upi,True,64476.59,4,0,4
CUST_01514,Harsh Singh,regular,upi,False,55099.88,4,1,5
CUST_01515,Chatura Bassi,new,upi,True,11529.57,2,1,3
CUST_01516,Dayita Talwar,regular,netbanking,True,38608.08,3,0,3
CUST_01517,Tanvi Kannan,regular,upi,True,86008.0,0,0,0
CUST_01518,Eesha Bansal,high_value,netbanking,True,450884.92,1,2,3
CUST_01519,Yashica Seth,new,upi,True,12701.01,2,2,4
CUST_01520,Guneet Badal,regular,netbanking,True,46362.27,4,0,4
CUST_01521,Yasti Rai,new,card,False,15410.09,5,0,5
CUST_01522,Aarush Chhabra,new,upi,True,4191.19,2,0,2
CUST_01523,Devansh Singh,regular,upi,True,75691.17,1,0,1
CUST_01524,Ojas Sastry,high_value,upi,True,484307.35,4,0,4
CUST_01525,Idika Mann,regular,card,True,27090.87,3,1,4
CUST_01526,Balvan Srinivasan,regular,upi,True,92307.53,2,0,2
CUST_01527,Odika Mahajan,regular,upi,True,54909.67,4,0,4
CUST_01528,Onveer Agrawal,regular,upi,True,80515.5,3,0,3
CUST_01529,Gaurangi Padmanabhan,new,upi,True,3758.0,2,3,5
CUST_01530,Krishna Gola,regular,upi,True,90711.0,4,0,4
CUST_01531,Damyanti Sachdeva,high_value,upi,True,406450.58,3,0,3
CUST_01532,Hemani Mand,high_value,upi,True,348279.48,3,0,3
CUST_01533,Simon Dutta,regular,card,True,42821.39,1,0,1
CUST_01534,Abdul Seshadri,regular,netbanking,True,44781.83,2,0,2
CUST_01535,Wahab Mukhopadhyay,regular,upi,True,51434.0,2,0,2
CUST_01536,Isaiah Banik,regular,card,False,77317.7,4,1,5
CUST_01537,Upkaar Butala,regular,upi,True,70373.36,4,0,4
CUST_01538,Yadavi Ramesh,high_value,upi,True,189402.62,4,0,4
CUST_01539,Bimala Kunda,regular,card,True,79990.84,2,0,2
CUST_01540,Triveni Tandon,high_value,upi,True,237771.62,4,0,4
CUST_01541,Rohan Kota,new,upi,True,19411.25,2,2,4
CUST_01542,Urishilla Khanna,regular,upi,True,82921.04,3,0,3
CUST_01543,Upma Subramanian,new,upi,True,16856.49,1,1,2
CUST_01544,Dalbir Ahuja,regular,upi,True,71220.55,2,1,3
CUST_01545,Priya Comar,high_value,card,True,177832.25,3,1,4
CUST_01546,Eiravati Seshadri,new,netbanking,True,17077.08,3,1,4
CUST_01547,Indrajit Dar,regular,upi,True,66982.71,3,0,3
CUST_01548,Alka Pradhan,high_value,card,True,386332.95,3,2,5
CUST_01549,Parth Murty,high_value,upi,True,200052.63,4,1,5
CUST_01550,Urvashi Ghose,high_value,upi,True,242628.51,10,0,10
CUST_01551,Ati Bhatia,regular,upi,True,70333.58,1,1,2
CUST_01552,Frederick Chana,regular,card,True,20485.76,1,2,3
CUST_01553,Pushti Oak,regular,upi,False,24613.51,5,1,6
CUST_01554,Atharv Chad,regular,upi,True,62585.61,3,1,4
CUST_01555,Saumya Korpal,high_value,upi,True,251864.88,2,0,2
CUST_01556,Ishani Pau,regular,upi,True,27235.09,6,0,6
CUST_01557,Maanas Raman,regular,netbanking,True,20324.13,3,0,3
CUST_01558,Niharika Gokhale,regular,upi,True,96811.93,3,2,5
CUST_01559,Victor Mander,regular,card,True,47171.23,2,0,2
CUST_01560,Vasudha Nigam,regular,upi,True,30241.62,0,0,0
CUST_01561,Zaitra Dhar,regular,upi,True,26685.57,3,1,4
CUST_01562,Yadavi Kumer,regular,card,True,23810.56,3,0,3
CUST_01563,Peter Shere,regular,netbanking,False,55678.7,0,0,0
CUST_01564,Omisha Kant,high_value,upi,True,374220.96,3,0,3
CUST_01565,Nicholas Gera,regular,upi,True,52495.31,6,0,6
CUST_01566,Patrick Dara,new,upi,True,8579.99,3,2,5
CUST_01567,Chandran Modi,high_value,upi,True,164027.86,2,1,3
CUST_01568,Vincent Peri,new,card,True,9093.76,3,0,3
CUST_01569,Chandani Rattan,regular,card,False,25011.43,2,0,2
CUST_01570,Chaitaly Bumb,regular,card,True,66304.09,4,2,6
CUST_01571,Devika Sharaf,new,upi,True,10334.31,3,1,4
CUST_01572,Ishani Dixit,regular,card,True,55620.71,2,0,2
CUST_01573,Wridesh Atwal,regular,card,True,73331.52,3,2,5
CUST_01574,Hiral Mahal,regular,upi,True,57485.52,2,2,4
CUST_01575,Urmi Raval,regular,card,True,83961.11,0,0,0
CUST_01576,Upasna Oza,regular,upi,True,21375.87,5,0,5
CUST_01577,Sneha Kapadia,regular,card,True,24923.07,3,0,3
CUST_01578,Anmol Pant,regular,upi,True,83541.87,5,2,7
CUST_01579,Urmi Loke,regular,card,True,80413.29,2,3,5
CUST_01580,Divya Maharaj,regular,upi,True,55641.81,5,1,6
CUST_01581,Zaid Bhargava,regular,netbanking,True,43397.63,3,1,4
CUST_01582,Hiral Dani,regular,netbanking,True,64806.53,2,1,3
CUST_01583,Chasmum Raj,new,upi,True,14110.3,3,2,5
CUST_01584,Hemal Singh,high_value,upi,True,450028.44,2,0,2
CUST_01585,Aahana Mann,regular,card,True,85264.61,1,1,2
CUST_01586,Kritika Yogi,regular,upi,True,35733.51,2,0,2
CUST_01587,Fiyaz Varty,regular,upi,True,97166.13,1,0,1
CUST_01588,Maanav Murty,new,upi,True,14041.02,6,2,8
CUST_01589,Xavier Sengupta,regular,upi,True,72402.67,4,0,4
CUST_01590,Aarush Barad,new,upi,True,9859.65,2,1,3
CUST_01591,Netra Lanka,regular,netbanking,True,22264.64,3,1,4
CUST_01592,Sai Mani,regular,card,True,24637.81,2,1,3
CUST_01593,Gavin Sule,regular,card,True,48686.1,1,0,1
CUST_01594,Harita Naik,new,card,True,14743.6,3,0,3
CUST_01595,Theodore Sarna,regular,card,True,23785.14,3,0,3
CUST_01596,Lohit Solanki,regular,card,True,46969.5,1,2,3
CUST_01597,Qarin Ganguly,regular,upi,True,77394.94,1,0,1
CUST_01598,Joshua Bobal,regular,upi,True,42646.2,2,1,3
CUST_01599,Darsh Shukla,regular,card,True,23220.82,1,1,2
CUST_01600,Panini Deshpande,regular,upi,True,43994.83,3,0,3
CUST_01601,Teerth Iyer,high_value,upi,True,318708.63,4,0,4
CUST_01602,Warinder Sankar,high_value,upi,True,369748.14,4,0,4
CUST_01603,Girik Sule,regular,upi,True,96174.72,1,1,2
CUST_01604,Noah Trivedi,new,card,True,19702.19,3,3,6
CUST_01605,Deepa Bakshi,new,card,True,8329.7,1,0,1
CUST_01606,Damini Palan,regular,upi,False,38408.32,1,0,1
CUST_01607,Baghyawati Suri,regular,netbanking,True,96126.67,4,1,5
CUST_01608,Sachi Dhillon,regular,card,True,84839.15,3,0,3
CUST_01609,Damini Kar,new,card,True,18456.2,4,1,5
CUST_01610,Orinder Dayal,regular,upi,True,93907.3,2,0,2
CUST_01611,Maya Borde,regular,card,True,43244.43,3,1,4
CUST_01612,Girindra Deep,regular,upi,True,68928.62,3,0,3
CUST_01613,Waida Upadhyay,regular,upi,True,88003.63,7,2,9
CUST_01614,Nitara Dhar,regular,upi,True,38376.59,5,0,5
CUST_01615,Noah Wali,regular,card,True,45893.67,1,0,1
CUST_01616,Omkaar Nagar,regular,card,True,38324.4,2,2,4
CUST_01617,Qasim Dani,new,upi,True,10488.23,4,2,6
CUST_01618,Ishwar Bedi,regular,card,True,47582.17,5,0,5
CUST_01619,Jai Sengupta,new,card,True,1607.5,1,2,3
CUST_01620,Anya Wali,regular,upi,True,74511.43,4,1,5
CUST_01621,Yoshita Parsa,high_value,upi,True,418217.63,3,0,3
CUST_01622,Pranav Varghese,regular,card,True,59739.22,2,1,3
CUST_01623,Anthony Char,regular,card,True,52394.58,5,1,6
CUST_01624,Vasudha Ram,high_value,upi,True,230974.79,2,0,2
CUST_01625,Chaman Bhakta,regular,upi,False,63097.37,1,0,1
CUST_01626,Anusha Gulati,regular,card,True,23099.38,3,0,3
CUST_01627,Isaiah Rout,regular,card,True,92293.0,0,0,0
CUST_01628,Victor Sawhney,high_value,upi,True,356427.24,3,1,4
CUST_01629,Yachana Bhattacharyya,high_value,card,True,492184.16,1,0,1
CUST_01630,Fariq Salvi,regular,card,True,88263.94,1,2,3
CUST_01631,Chatura Choudhary,regular,upi,True,49455.36,2,0,2
CUST_01632,Jasmit Basak,regular,card,True,82592.12,4,0,4
CUST_01633,Watika Rama,high_value,upi,True,109314.1,4,1,5
CUST_01634,Aadi Mangal,regular,card,False,81618.8,2,1,3
CUST_01635,Zarna Kapadia,high_value,netbanking,True,192733.87,2,0,2
CUST_01636,Yashvi Gokhale,regular,card,True,53110.19,1,2,3
CUST_01637,Devika Koshy,regular,upi,True,30141.63,5,0,5
CUST_01638,Bakhshi Kadakia,regular,card,False,77072.11,3,0,3
CUST_01639,Vasatika Chauhan,new,card,True,3671.45,3,0,3
CUST_01640,Dayita Prabhakar,new,upi,True,6987.89,2,1,3
CUST_01641,Zayyan Naik,regular,upi,True,66713.76,2,0,2
CUST_01642,Aadhya Manne,regular,upi,True,33791.14,1,1,2
CUST_01643,Turvi Johal,regular,card,True,77199.28,3,0,3
CUST_01644,Sanya Ganesh,regular,netbanking,True,73141.26,0,1,1
CUST_01645,Patrick Bawa,regular,card,True,41645.84,4,1,5
CUST_01646,Qabil Sodhi,regular,card,True,87615.46,3,0,3
CUST_01647,Jai Rao,regular,card,True,31579.19,3,1,4
CUST_01648,Ijaya Borah,regular,card,True,42404.1,2,0,2
CUST_01649,Chatresh Bandi,regular,upi,True,21197.02,3,1,4
CUST_01650,Yuvraj Basu,regular,card,True,75571.33,3,1,4
CUST_01651,Shravya Vala,regular,upi,True,71813.04,2,1,3
CUST_01652,Chaaya Minhas,regular,upi,True,32606.48,2,0,2
CUST_01653,Vansha Om,regular,netbanking,True,93670.47,2,0,2
CUST_01654,Tanish Prakash,new,card,True,15391.39,1,3,4
CUST_01655,Veer Doshi,high_value,card,True,189746.79,5,0,5
CUST_01656,Madhav Bumb,high_value,card,True,358410.36,3,1,4
CUST_01657,Yashawini Deep,high_value,upi,True,173866.06,4,0,4
CUST_01658,Abhimanyu Ravel,regular,card,True,50652.28,1,0,1
CUST_01659,Lucky Loyal,high_value,upi,True,423941.04,2,3,5
CUST_01660,Kamya Nori,high_value,upi,True,250894.84,1,0,1
CUST_01661,Maya Pau,regular,upi,True,80049.56,4,1,5
CUST_01662,Hredhaan Bawa,regular,card,True,34269.1,4,1,5
CUST_01663,Divya Balasubramanian,regular,card,False,53504.88,3,0,3
CUST_01664,Mason Narayanan,regular,upi,True,69117.02,3,0,3
CUST_01665,Anika Talwar,regular,upi,True,88279.89,3,0,3
CUST_01666,Harinakshi Desai,regular,upi,False,43495.8,1,0,1
CUST_01667,Eta Dora,regular,netbanking,True,50994.64,2,0,2
CUST_01668,Falan Wadhwa,high_value,upi,True,338522.55,2,0,2
CUST_01669,Dhruv Dayal,new,card,True,4912.14,3,2,5
CUST_01670,Udyati Mani,new,upi,True,7970.69,2,3,5
CUST_01671,Frado Bhavsar,regular,upi,True,77553.11,4,0,4
CUST_01672,Chakradev Manda,high_value,card,True,499517.95,1,0,1
CUST_01673,Nathaniel Palla,regular,card,False,31580.14,3,0,3
CUST_01674,Geetika Buch,regular,card,True,66832.95,4,1,5
CUST_01675,Gaurika Gill,regular,upi,True,29107.85,5,1,6
CUST_01676,Charvi Kumar,regular,upi,True,80111.02,5,1,6
CUST_01677,Netra Loke,regular,upi,True,62480.17,3,1,4
CUST_01678,Abeer Mahal,regular,upi,True,25797.6,5,1,6
CUST_01679,Gaurav Thaman,new,upi,True,17568.5,3,0,3
CUST_01680,Simon Kar,regular,upi,True,50958.46,3,1,4
CUST_01681,Krishna Gill,new,upi,True,17516.36,2,0,2
CUST_01682,Madhavi Jain,new,upi,True,15394.82,2,1,3
CUST_01683,Janaki Kalla,regular,upi,True,80101.46,2,0,2
CUST_01684,Kashvi Som,regular,upi,True,81436.56,2,0,2
CUST_01685,Aarav Baral,new,upi,True,17924.23,5,4,9
CUST_01686,Naveen Mutti,regular,card,True,79089.13,1,0,1
CUST_01687,Alexander Gola,new,upi,True,11739.04,2,3,5
CUST_01688,Fitan Iyer,regular,card,False,32603.07,1,1,2
CUST_01689,Hiral Ram,regular,card,True,81803.45,0,1,1
CUST_01690,Brinda Gera,regular,card,True,56850.66,0,1,1
CUST_01691,Lipika Mitra,regular,upi,True,90291.67,3,1,4
CUST_01692,Ranveer Amble,high_value,card,False,148607.92,3,0,3
CUST_01693,Janya Balasubramanian,regular,upi,True,54914.36,6,1,7
CUST_01694,Abhimanyu Gole,regular,upi,False,86074.22,1,0,1
CUST_01695,Upma Raj,high_value,card,True,267745.04,2,2,4
CUST_01696,Charan Peri,regular,card,True,35870.91,5,0,5
CUST_01697,Advika Pingle,high_value,card,True,116429.21,6,0,6
CUST_01698,Warhi Krishnamurthy,regular,netbanking,True,70643.07,3,1,4
CUST_01699,Nathan Upadhyay,high_value,upi,True,203921.75,1,0,1
CUST_01700,Shaurya Merchant,new,card,True,19197.79,3,1,4
CUST_01701,Libni Dixit,high_value,card,False,182779.98,0,2,2
CUST_01702,Vivaan Walia,regular,card,True,86983.14,1,0,1
CUST_01703,Adya Gour,high_value,upi,True,326058.43,6,0,6
CUST_01704,Benjamin Suresh,regular,netbanking,True,36383.67,2,0,2
CUST_01705,Akshay Mani,regular,card,True,38400.44,2,0,2
CUST_01706,Bahadurjit Saraf,regular,upi,True,55503.52,4,0,4
CUST_01707,Balendra Ramesh,new,upi,True,5773.92,3,1,4
CUST_01708,Vidhi Rana,regular,netbanking,False,95900.71,0,0,0
CUST_01709,Saumya Dugal,high_value,upi,True,426103.88,3,1,4
CUST_01710,Jack Yogi,regular,upi,True,94693.1,1,0,1
CUST_01711,Indira Aurora,regular,upi,True,83769.89,2,2,4
CUST_01712,Abdul Mistry,regular,upi,True,88156.68,4,1,5
CUST_01713,Jagdish Dugar,regular,netbanking,True,63717.05,1,1,2
CUST_01714,Lajita Bobal,regular,upi,True,76346.08,4,1,5
CUST_01715,Udarsh Batta,new,netbanking,True,10533.84,0,1,1
CUST_01716,Jalsa Chhabra,regular,upi,True,44766.91,6,0,6
CUST_01717,Saksham Goswami,high_value,upi,True,345203.24,3,1,4
CUST_01718,Hardik Bhakta,new,upi,True,11869.1,2,3,5
CUST_01719,Amaira Yadav,regular,card,True,75965.88,2,0,2
CUST_01720,Eesha Shroff,regular,upi,True,53541.4,4,0,4
CUST_01721,Anvi Varghese,new,netbanking,True,5665.67,3,1,4
CUST_01722,Michael Aggarwal,new,card,True,14799.73,4,2,6
CUST_01723,Chakradhar Raval,high_value,upi,True,236605.6,4,1,5
CUST_01724,Robert Johal,regular,card,True,83530.58,1,1,2
CUST_01725,Simon Chacko,high_value,upi,True,415601.7,4,1,5
CUST_01726,Bhavya Bahri,new,upi,True,4869.62,2,0,2
CUST_01727,Amrita Dora,regular,upi,False,36564.25,4,0,4
CUST_01728,Lohit Sibal,new,card,True,18452.71,3,2,5
CUST_01729,Anita Gola,regular,card,True,46861.97,3,0,3
CUST_01730,Nachiket De,regular,card,True,76061.48,1,2,3
CUST_01731,Jyoti Jaggi,regular,upi,True,43685.09,5,0,5
CUST_01732,Vasudha Boase,regular,upi,True,85806.18,1,0,1
CUST_01733,Mason Gole,regular,upi,True,62827.11,2,0,2
CUST_01734,Aradhana Nayak,high_value,upi,True,265083.93,2,0,2
CUST_01735,Mahika Shenoy,new,card,True,6668.13,1,3,4
CUST_01736,Samuel Reddy,regular,card,True,81949.62,1,2,3
CUST_01737,Chakrika Nayak,high_value,card,True,166873.09,3,1,4
CUST_01738,Bishakha Gulati,regular,upi,True,40481.8,3,0,3
CUST_01739,Aryan Bhatti,regular,upi,True,80907.57,6,0,6
CUST_01740,Rachit Tripathi,regular,card,True,24450.03,4,0,4
CUST_01741,Aditya Issac,regular,upi,True,26571.88,3,0,3
CUST_01742,Advaith Devi,regular,upi,True,63088.11,4,2,6
CUST_01743,Yamini Soni,high_value,netbanking,True,216015.79,4,1,5
CUST_01744,Maya Yadav,new,card,True,2240.38,3,1,4
CUST_01745,Kalpit Chokshi,regular,netbanking,True,36056.28,1,0,1
CUST_01746,Vyanjana Vohra,regular,card,True,34522.33,3,2,5
CUST_01747,Lopa Chandran,regular,upi,True,40044.65,5,0,5
CUST_01748,Dominic Modi,regular,card,True,39950.41,2,0,2
CUST_01749,Mitali Maharaj,regular,card,False,56714.39,1,0,1
CUST_01750,Chakrika Borra,regular,upi,True,88639.95,3,1,4
CUST_01751,Leena Magar,high_value,netbanking,True,433759.0,2,1,3
CUST_01752,Brinda Sehgal,high_value,upi,True,179034.14,2,0,2
CUST_01753,Radhika Patel,new,upi,True,5497.66,3,0,3
CUST_01754,Gagan Pillay,regular,card,True,72906.93,3,0,3
CUST_01755,Mugdha Tank,regular,upi,True,41832.52,1,0,1
CUST_01756,Jairaj Bandi,regular,card,True,65271.46,2,0,2
CUST_01757,Kabir Salvi,regular,card,True,40717.88,5,1,6
CUST_01758,Henry Mukhopadhyay,regular,upi,True,53291.3,1,0,1
CUST_01759,George Nayar,regular,card,True,42587.46,2,0,2
CUST_01760,Barkha Tank,high_value,upi,True,443791.02,2,0,2
CUST_01761,Fitan Khalsa,regular,card,True,93294.57,2,1,3
CUST_01762,Ekalinga Nayar,regular,card,True,33859.89,5,0,5
CUST_01763,Warinder Chana,regular,upi,True,88804.11,2,1,3
CUST_01764,Edhitha Acharya,high_value,card,True,161855.21,1,1,2
CUST_01765,Wridesh Barman,regular,card,True,52722.29,3,1,4
CUST_01766,Wyatt Vig,regular,upi,False,91976.72,3,1,4
CUST_01767,Aarna Bobal,regular,upi,True,90523.11,3,0,3
CUST_01768,Zarna Narula,regular,upi,True,25555.24,3,0,3
CUST_01769,Max Mall,new,upi,True,9849.42,5,3,8
CUST_01770,Udant Parsa,regular,netbanking,True,48149.97,2,0,2
CUST_01771,Vasana Puri,regular,netbanking,True,91210.22,3,1,4
CUST_01772,Panini Prashad,regular,upi,True,35309.49,6,0,6
CUST_01773,Maya Sule,regular,netbanking,True,55208.12,2,0,2
CUST_01774,Nitara Vig,regular,upi,True,29998.88,3,2,5
CUST_01775,Bhavna Prabhu,new,upi,True,18881.26,4,2,6
CUST_01776,Onkar Bhat,regular,upi,True,37430.65,3,3,6
CUST_01777,Raghav Tank,new,upi,True,7227.06,3,1,4
CUST_01778,Balveer Borah,regular,upi,True,35688.76,4,2,6
CUST_01779,Inaya Dhar,regular,upi,True,22428.02,3,0,3
CUST_01780,Aryan Lall,regular,card,False,55044.3,4,1,5
CUST_01781,Mohini Sane,regular,upi,True,82749.43,3,0,3
CUST_01782,Chanakya Chhabra,regular,netbanking,True,87290.21,2,2,4
CUST_01783,Ishaan Mukherjee,regular,upi,True,63952.48,1,3,4
CUST_01784,Ethan Jhaveri,new,upi,True,16582.83,1,1,2
CUST_01785,Yagnesh Buch,new,card,True,6502.8,2,0,2
CUST_01786,Udarsh Walla,new,upi,True,9514.92,3,1,4
CUST_01787,Nilima Swamy,regular,netbanking,True,33937.38,2,2,4
CUST_01788,Pratyush Andra,new,card,True,12632.21,1,0,1
CUST_01789,Megha Dara,regular,card,True,46225.55,2,1,3
CUST_01790,Bachittar Muni,high_value,card,True,468036.28,1,1,2
CUST_01791,Tara Din,regular,netbanking,True,95645.07,1,0,1
CUST_01792,Leena Dhaliwal,new,netbanking,True,18149.19,1,2,3
CUST_01793,Yahvi Bose,new,netbanking,True,17844.63,2,0,2
CUST_01794,Chaman Raval,new,card,True,9586.99,4,0,4
CUST_01795,Vaishnavi Badal,new,upi,False,4863.83,2,1,3
CUST_01796,Oscar Varughese,regular,netbanking,True,60645.95,6,0,6
CUST_01797,Abhimanyu Nayar,regular,upi,True,20951.98,2,0,2
CUST_01798,Upma Rattan,regular,card,False,73778.2,0,0,0
CUST_01799,Daksh Ramakrishnan,regular,upi,True,38979.13,2,1,3
CUST_01800,Rayaan Dora,regular,upi,True,26338.75,3,1,4
CUST_01801,Forum Rattan,high_value,upi,True,371034.37,1,0,1
CUST_01802,Reyansh Bal,regular,netbanking,True,52971.16,3,0,3
CUST_01803,Ekapad Ben,regular,card,False,88125.23,2,2,4
CUST_01804,Reva Panchal,regular,netbanking,True,52726.42,5,0,5
CUST_01805,Nirja Mohanty,regular,card,True,98648.6,3,0,3
CUST_01806,Azaan Nagy,new,netbanking,True,2602.7,3,0,3
CUST_01807,Chandran Thakur,regular,card,True,38844.1,1,0,1
CUST_01808,Yashica Nanda,regular,card,True,86149.04,3,1,4
CUST_01809,Vidhi Bahl,regular,upi,True,61151.18,4,3,7
CUST_01810,Faqid Mody,high_value,card,True,454988.6,4,1,5
CUST_01811,Advaith Buch,regular,upi,True,99380.49,3,0,3
CUST_01812,Chatura Johal,regular,upi,True,83859.13,1,1,2
CUST_01813,Jasmit Sundaram,new,upi,True,14907.54,1,2,3
CUST_01814,Rishi Chad,regular,netbanking,True,28111.1,7,1,8
CUST_01815,Bhavani Raju,regular,upi,False,80240.84,2,0,2
CUST_01816,Rachana Puri,regular,upi,True,35315.29,2,0,2
CUST_01817,Abdul Nayak,new,upi,True,14687.5,3,0,3
CUST_01818,Diya Chaudhary,high_value,upi,True,135848.9,6,0,6
CUST_01819,Daksh Kulkarni,regular,netbanking,True,74773.49,5,0,5
CUST_01820,Ojasvi Wason,regular,netbanking,True,82162.67,5,0,5
CUST_01821,Yachana Khurana,regular,upi,False,53841.15,4,1,5
CUST_01822,Reyansh Balay,regular,upi,True,67445.46,1,2,3
CUST_01823,Nachiket Saini,high_value,upi,True,117451.9,5,1,6
CUST_01824,Vasana Trivedi,regular,upi,True,77035.82,2,2,4
CUST_01825,Kai Krishna,high_value,netbanking,True,214262.15,0,0,0
CUST_01826,Ucchal Menon,new,upi,True,7604.4,3,0,3
CUST_01827,Avni Shankar,new,card,True,19976.24,1,3,4
CUST_01828,Ekani Khurana,new,upi,True,17590.96,0,3,3
CUST_01829,Aayush Varghese,regular,netbanking,True,26594.4,1,0,1
CUST_01830,Anvi Grewal,regular,card,True,79476.49,2,1,3
CUST_01831,Manthan Chokshi,new,upi,True,4894.73,1,2,3
CUST_01832,Urvashi Garg,regular,upi,True,25243.51,3,1,4
CUST_01833,Ria Sachdeva,regular,card,True,24075.01,6,1,7
CUST_01834,Balendra Lad,new,upi,True,7503.2,1,1,2
CUST_01835,Zaid Sabharwal,new,upi,True,7219.88,1,1,2
CUST_01836,Chasmum Patel,regular,card,True,94455.06,2,1,3
CUST_01837,Kiaan Swaminathan,regular,upi,True,53373.11,1,1,2
CUST_01838,Urmi Thaker,regular,upi,True,48056.56,5,0,5
CUST_01839,Charita Grewal,regular,upi,True,59544.07,1,0,1
CUST_01840,Sathvik Sarkar,regular,card,True,57332.19,2,0,2
CUST_01841,Zinal Saini,regular,netbanking,False,36090.63,3,0,3
CUST_01842,Girik Rana,regular,card,True,68940.57,1,1,2
CUST_01843,Shaurya Barad,regular,upi,True,96465.95,2,0,2
CUST_01844,Charvi Sha,high_value,upi,True,292457.92,3,0,3
CUST_01845,Harshil Baral,high_value,upi,True,322638.44,8,0,8
CUST_01846,Wahab Ramesh,regular,upi,True,80316.8,2,1,3
CUST_01847,Jeevika Prakash,high_value,upi,True,354272.35,3,0,3
CUST_01848,Ikshita Srinivas,regular,card,True,27017.54,2,1,3
CUST_01849,Faras Viswanathan,high_value,upi,True,168777.1,0,0,0
CUST_01850,Lucky Talwar,new,card,True,5505.14,1,0,1
CUST_01851,Matthew Wason,regular,upi,True,21830.23,2,0,2
CUST_01852,Aashi Jani,regular,upi,True,36799.6,0,2,2
CUST_01853,Yochana Iyengar,high_value,upi,False,232853.52,2,1,3
CUST_01854,Chandani Prasad,new,upi,True,18838.11,2,0,2
CUST_01855,Aadhya Raja,regular,upi,True,45542.07,5,1,6
CUST_01856,Garima Bhatia,high_value,card,True,495532.38,0,0,0
CUST_01857,Hredhaan Grover,regular,upi,True,38633.82,1,2,3
CUST_01858,Azad Aggarwal,regular,upi,True,70312.31,2,0,2
CUST_01859,Hitesh Rout,regular,card,True,94651.62,1,1,2
CUST_01860,Udyati Khalsa,regular,upi,True,84005.94,2,0,2
CUST_01861,Harinakshi Rana,regular,card,False,50231.85,2,2,4
CUST_01862,Samuel Bhandari,regular,netbanking,True,67794.52,2,0,2
CUST_01863,Harshil Mitra,regular,card,True,56532.0,4,0,4
CUST_01864,Faqid Madan,regular,upi,True,43871.93,6,1,7
CUST_01865,Sathvik Rajan,high_value,upi,True,498217.63,4,1,5
CUST_01866,Warda Devi,regular,card,True,52345.63,3,1,4
CUST_01867,Rajata Patel,high_value,card,True,488549.13,2,2,4
CUST_01868,Oscar Chaudhuri,regular,upi,True,62278.99,1,0,1
CUST_01869,Lekha Barad,regular,card,True,40278.63,3,0,3
CUST_01870,Finn Bobal,regular,upi,True,96221.38,2,1,3
CUST_01871,Bhavya Panchal,high_value,card,False,266902.41,3,0,3
CUST_01872,Kashish Goel,regular,upi,True,83183.17,5,0,5
CUST_01873,Yug Pillai,regular,upi,True,38070.71,4,0,4
CUST_01874,Nidra Ratta,regular,upi,True,75940.36,2,0,2
CUST_01875,Fitan Pal,high_value,netbanking,True,217664.54,6,0,6
CUST_01876,Yochana Tata,new,card,True,12676.39,5,0,5
CUST_01877,Simon Basu,new,card,True,17455.89,4,0,4
CUST_01878,Falak Mukhopadhyay,regular,netbanking,False,20797.37,1,4,5
CUST_01879,Nakul Kuruvilla,new,upi,True,8180.99,1,2,3
CUST_01880,Geetika Lal,regular,netbanking,True,26877.96,0,0,0
CUST_01881,Waida Barman,regular,upi,True,50857.27,1,1,2
CUST_01882,Abhimanyu Tak,regular,upi,True,72646.63,2,2,4
CUST_01883,Vaishnavi Sidhu,new,upi,True,18428.24,4,1,5
CUST_01884,Upma Swaminathan,regular,upi,False,36344.58,2,1,3
CUST_01885,Oliver Padmanabhan,regular,card,True,29817.93,3,0,3
CUST_01886,Yug Tailor,regular,upi,True,27446.38,1,0,1
CUST_01887,Finn Kashyap,regular,card,True,22793.38,1,0,1
CUST_01888,Gagan Palla,regular,card,True,58639.56,1,0,1
CUST_01889,Chasmum Pillai,regular,netbanking,True,79546.19,5,2,7
CUST_01890,Zashil Saraf,regular,netbanking,True,83214.39,3,0,3
CUST_01891,Liam Lal,regular,card,True,21274.23,2,1,3
CUST_01892,Isha Varughese,regular,card,True,79586.56,4,0,4
CUST_01893,Samaksh Narasimhan,regular,card,True,98946.38,3,0,3
CUST_01894,Hema Desai,regular,upi,True,93618.96,1,0,1
CUST_01895,Deepa Kari,high_value,upi,False,194209.86,3,1,4
CUST_01896,Riya Das,regular,upi,True,30459.06,3,1,4
CUST_01897,Charita Mand,regular,netbanking,True,22200.25,1,0,1
CUST_01898,Saksham Bhasin,regular,card,True,63521.12,1,1,2
CUST_01899,Samesh Modi,high_value,upi,True,103010.08,2,0,2
CUST_01900,Eiravati Narasimhan,regular,card,True,50515.07,3,0,3
CUST_01901,Chaaya Narasimhan,regular,upi,True,29510.76,3,0,3
CUST_01902,Vyanjana Wason,regular,card,True,28760.91,4,1,5
CUST_01903,Chaitaly Seth,regular,upi,True,20807.26,4,0,4
CUST_01904,Shaurya Uppal,high_value,upi,True,398211.55,2,0,2
CUST_01905,Nisha Memon,new,upi,True,19823.91,1,1,2
CUST_01906,Siya Tak,regular,upi,True,45077.94,3,0,3
CUST_01907,Aarush Gola,regular,upi,True,97246.53,5,0,5
CUST_01908,Theodore Iyer,high_value,upi,False,304886.23,3,0,3
CUST_01909,Watika Mishra,regular,upi,False,99926.0,5,0,5
CUST_01910,Baghyawati Deep,regular,upi,True,69388.77,2,1,3
CUST_01911,Devika Manda,regular,netbanking,True,60744.84,2,0,2
CUST_01912,Upma Borde,new,upi,True,2711.89,2,2,4
CUST_01913,Abdul Hans,new,card,True,15550.88,4,1,5
CUST_01914,Andrew Bhagat,regular,upi,True,26786.73,1,1,2
CUST_01915,Garima Sarraf,new,card,True,8367.77,1,1,2
CUST_01916,Bishakha Rege,high_value,card,True,317849.23,4,2,6
CUST_01917,Nisha Bajwa,regular,card,True,92459.8,2,0,2
CUST_01918,Alexander Karpe,regular,upi,True,25046.98,1,1,2
CUST_01919,Dalbir Minhas,regular,card,True,84233.78,3,1,4
CUST_01920,Bahadurjit Kulkarni,high_value,card,True,189400.86,3,1,4
CUST_01921,Ekbal Bahri,new,upi,True,13302.61,3,1,4
CUST_01922,Caleb Contractor,regular,upi,True,84096.26,3,0,3
CUST_01923,Laksh Bhandari,regular,upi,True,22175.74,3,0,3
CUST_01924,Wyatt Hegde,new,upi,True,12763.05,3,0,3
CUST_01925,Odika Ahuja,regular,upi,False,93772.11,3,0,3
CUST_01926,Tristan Oommen,new,upi,True,12445.29,2,0,2
CUST_01927,Libni Tella,high_value,card,True,202900.36,5,0,5
CUST_01928,Raagini Loke,regular,upi,True,63864.9,3,1,4
CUST_01929,Vidhi Dash,regular,upi,True,44244.53,2,1,3
CUST_01930,Xalak Parsa,regular,netbanking,True,85710.17,3,0,3
CUST_01931,Krisha Sinha,regular,upi,True,20855.84,7,0,7
CUST_01932,Krishna Mistry,regular,card,True,50162.07,2,0,2
CUST_01933,Samarth Basu,high_value,card,True,436816.67,2,0,2
CUST_01934,Waida Divan,regular,upi,True,39477.26,6,0,6
CUST_01935,Chameli Char,regular,card,False,41712.29,3,0,3
CUST_01936,Unnati Kurian,regular,card,True,91758.0,3,2,5
CUST_01937,Lipika Chaudhary,regular,card,True,88369.69,0,0,0
CUST_01938,Vyanjana Lala,regular,upi,True,96860.53,3,3,6
CUST_01939,Omya Viswanathan,high_value,upi,True,250436.51,9,0,9
CUST_01940,Anirudh Mitra,regular,netbanking,True,34931.59,1,0,1
CUST_01941,Xiti Iyengar,new,card,True,3856.25,1,1,2
CUST_01942,Aahana Narayanan,regular,card,True,82691.26,1,1,2
CUST_01943,Bhavani Lata,regular,upi,True,76101.78,7,1,8
CUST_01944,Vanya Jayaraman,regular,upi,True,24127.94,5,3,8
CUST_01945,Vrinda Nadig,new,card,True,6560.93,1,3,4
CUST_01946,Jacob Aurora,regular,netbanking,True,67896.65,2,0,2
CUST_01947,Jhalak Boase,regular,netbanking,True,99055.89,5,0,5
CUST_01948,Ira Bhattacharyya,regular,upi,True,80963.9,1,2,3
CUST_01949,Maya Nagy,new,netbanking,True,11797.5,0,0,0
CUST_01950,Harini Sarma,regular,card,True,97852.95,4,0,4
CUST_01951,Garima Bhakta,regular,upi,True,21626.73,1,2,3
CUST_01952,Jacob Tak,regular,upi,True,70376.53,3,2,5
CUST_01953,Lakshit Nadkarni,high_value,card,True,134711.85,4,0,4
CUST_01954,Jatin Oza,new,upi,False,14001.58,4,2,6
CUST_01955,Victor Bhatnagar,regular,upi,True,84041.59,2,3,5
CUST_01956,Jagvi Deshpande,regular,upi,True,48694.99,2,0,2
CUST_01957,Vasatika Mohan,new,upi,True,8858.98,3,1,4
CUST_01958,Gabriel Deep,regular,netbanking,True,66954.32,4,0,4
CUST_01959,Harita Korpal,regular,card,True,56767.21,3,0,3
CUST_01960,Ojasvi Sama,regular,upi,True,74051.93,3,0,3
CUST_01961,Ranbir Sheth,regular,card,True,79222.53,9,1,10
CUST_01962,Dhriti Mann,regular,netbanking,True,55127.59,2,0,2
CUST_01963,Advik Gokhale,regular,card,True,55638.34,3,0,3
CUST_01964,Daksh Murthy,regular,upi,True,70655.56,2,2,4
CUST_01965,Harsh Bhattacharyya,regular,card,False,90872.62,2,3,5
CUST_01966,Ansh Biswas,regular,upi,True,71346.38,6,0,6
CUST_01967,Adya Bal,regular,upi,True,35819.89,1,0,1
CUST_01968,Alka Doshi,regular,netbanking,False,68714.81,5,2,7
CUST_01969,Onveer Sen,regular,card,True,48377.0,3,0,3
CUST_01970,Tara Chad,regular,upi,True,81105.94,5,0,5
CUST_01971,Girindra Venkatesh,regular,upi,True,53999.46,3,1,4
CUST_01972,Gautam Nadig,regular,upi,False,91128.56,1,1,2
CUST_01973,Max Dyal,new,upi,True,10600.12,2,5,7
CUST_01974,Saksham Balakrishnan,regular,upi,True,28855.77,1,0,1
CUST_01975,Mekhala Rege,regular,upi,True,29511.67,4,1,5
CUST_01976,Naksh Mahal,regular,upi,True,64663.67,4,0,4
CUST_01977,Rushil Khosla,regular,upi,True,36449.26,1,0,1
CUST_01978,Azad Som,regular,upi,True,39408.01,2,0,2
CUST_01979,Advaith Ram,regular,netbanking,True,24895.87,3,2,5
CUST_01980,Udant Dugar,regular,card,True,33611.54,3,1,4
CUST_01981,Ubika Nori,regular,upi,True,31609.98,0,1,1
CUST_01982,Zashil Buch,high_value,upi,True,334212.21,3,0,3
CUST_01983,Oni Mandal,regular,card,True,30223.41,6,0,6
CUST_01984,Rachit Cheema,regular,upi,True,84345.3,3,0,3
CUST_01985,Divya Batra,regular,card,True,34166.65,1,2,3
CUST_01986,Ekaraj Tiwari,regular,card,True,36691.82,3,0,3
CUST_01987,Tarak Bawa,regular,netbanking,True,96185.42,5,0,5
CUST_01988,Kavya Mangat,regular,upi,True,88184.9,4,0,4
CUST_01989,Nisha Dutt,regular,upi,True,48254.4,4,2,6
CUST_01990,Azaan Loyal,regular,upi,True,46765.03,1,1,2
CUST_01991,Anmol Jhaveri,regular,upi,True,61564.17,3,0,3
CUST_01992,Champak Dubey,regular,upi,True,40161.12,1,0,1
CUST_01993,Ekta Srivastava,regular,upi,True,34711.65,4,1,5
CUST_01994,Madhav Batra,regular,card,True,84145.79,1,1,2
CUST_01995,Ikbal Dewan,high_value,netbanking,True,180217.86,4,1,5
CUST_01996,Aarini Agrawal,high_value,upi,True,200479.48,3,0,3
CUST_01997,Urmi Subramaniam,regular,upi,True,30683.86,4,1,5
CUST_01998,Mitesh Kala,high_value,upi,True,240846.58,3,0,3
CUST_01999,Darsh Tella,regular,card,True,29442.6,4,1,5
CUST_02000,Vedant Bansal,regular,card,True,52561.95,3,0,3
