payment_id,customer_id,amount,payment_method,status,raw_failure_code,failure_category,attempt_number,created_at
PAY_000001,CUST_01926,1881.44,card,successful,,,1,2026-08-14 19:16:15.788803
PAY_000002,CUST_01176,37747.91,card,failed,NETWORK_TIMEOUT,timeout,1,2026-08-16 14:41:15.790028
PAY_000003,CUST_00445,12178.67,card,successful,,,1,2026-07-05 12:14:15.790028
PAY_000004,CUST_00665,2629.7,card,successful,,,1,2026-07-08 06:58:15.790028
PAY_000005,CUST_01656,33814.78,upi,successful,,,1,2026-07-29 22:26:15.790028
PAY_000006,CUST_00562,62827.85,card,successful,,,1,2026-07-30 13:54:15.790028
PAY_000007,CUST_01249,27268.26,card,successful,,,1,2026-06-05 19:57:15.790028
PAY_000008,CUST_01468,20591.72,card,successful,,,1,2026-08-01 05:54:15.790028
PAY_000009,CUST_00571,94826.3,card,successful,,,1,2026-07-22 23:34:15.790028
PAY_000010,CUST_00836,4101.72,upi,successful,,,1,2026-06-01 00:34:15.790028
PAY_000011,CUST_01009,20686.5,upi,successful,,,1,2026-08-18 06:34:15.790028
PAY_000012,CUST_01956,38843.2,upi,successful,,,1,2026-05-28 19:17:15.790028
PAY_000013,CUST_01374,42989.22,upi,successful,,,1,2026-06-18 09:02:15.790028
PAY_000014,CUST_00487,12654.97,netbanking,successful,,,1,2026-07-18 03:24:15.790028
PAY_000015,CUST_01839,18418.96,upi,successful,,,1,2026-06-13 11:13:15.790028
PAY_000016,CUST_00164,24871.63,netbanking,successful,,,1,2026-07-25 07:04:15.790028
PAY_000017,CUST_00554,21369.31,netbanking,successful,,,1,2026-06-24 19:20:15.790028
PAY_000018,CUST_00261,47995.3,netbanking,successful,,,1,2026-06-19 19:30:15.790028
PAY_000019,CUST_01771,40666.69,card,successful,,,1,2026-06-30 10:39:15.790028
PAY_000020,CUST_00920,13339.98,card,successful,,,1,2026-06-12 16:04:15.791127
PAY_000021,CUST_01765,48611.78,upi,failed,UNKNOWN_ERROR,unknown_failure,1,2026-07-07 16:47:15.791127
PAY_000022,CUST_00058,15715.33,card,successful,,,1,2026-06-28 21:14:15.791127
PAY_000023,CUST_01119,2558.38,netbanking,successful,,,1,2026-08-03 23:58:15.791127
PAY_000024,CUST_00310,57356.5,upi,successful,,,1,2026-08-10 02:30:15.791127
PAY_000025,CUST_01032,78249.57,upi,successful,,,1,2026-07-31 10:28:15.791127
PAY_000026,CUST_00281,9689.54,netbanking,successful,,,1,2026-07-23 06:53:15.791127
PAY_000027,CUST_01193,24337.56,upi,successful,,,1,2026-06-28 08:11:15.791127
PAY_000028,CUST_01395,48022.74,upi,successful,,,1,2026-06-14 20:11:15.791127
PAY_000029,CUST_01909,37997.77,upi,successful,,,1,2026-06-15 23:22:15.791127
PAY_000030,CUST_00050,31889.76,card,failed,CARD_EXPIRED,expired_instrument,1,2026-07-13 10:40:15.791127
PAY_000031,CUST_01619,4399.39,card,failed,PROCESSING_TIMEOUT,timeout,1,2026-08-03 06:06:15.791127
PAY_000032,CUST_00144,37561.53,netbanking,successful,,,1,2026-08-07 20:13:15.791127
PAY_000033,CUST_01338,5277.7,upi,successful,,,1,2026-07-03 02:47:15.791127
PAY_000034,CUST_00543,11091.34,netbanking,successful,,,1,2026-06-03 00:43:15.791127
PAY_000035,CUST_00501,46731.28,card,successful,,,1,2026-06-01 03:07:15.791127
PAY_000036,CUST_01678,3608.17,netbanking,successful,,,1,2026-06-22 22:34:15.791127
PAY_000037,CUST_01556,32020.03,card,successful,,,1,2026-08-18 11:33:15.791127
PAY_000038,CUST_01525,5213.26,netbanking,successful,,,1,2026-06-11 00:47:15.791127
PAY_000039,CUST_00126,33977.79,upi,successful,,,1,2026-08-14 04:09:15.791127
PAY_000040,CUST_01017,45112.45,card,successful,,,1,2026-08-22 00:41:15.791127
PAY_000041,CUST_01693,24345.14,netbanking,successful,,,1,2026-07-11 13:35:15.792231
PAY_000042,CUST_01775,12947.86,card,successful,,,1,2026-08-15 16:11:15.792231
PAY_000043,CUST_00702,78418.91,upi,successful,,,1,2026-06-26 12:24:15.792231
PAY_000044,CUST_00467,12226.19,upi,failed,PROCESSING_TIMEOUT,timeout,1,2026-06-24 03:00:15.792231
PAY_000045,CUST_00869,6302.04,upi,failed,INSUFFICIENT_BALANCE,insufficient_funds,1,2026-06-27 03:54:15.792231
PAY_000046,CUST_01983,20011.69,upi,successful,,,1,2026-08-09 20:43:15.792231
PAY_000047,CUST_01975,9150.73,upi,successful,,,1,2026-06-24 08:44:15.792231
PAY_000048,CUST_01061,9397.69,upi,successful,,,1,2026-05-28 13:04:15.792231
PAY_000049,CUST_01051,41266.13,upi,successful,,,1,2026-07-09 09:20:15.792231
PAY_000050,CUST_00341,38654.21,upi,successful,,,1,2026-08-13 11:31:15.792231
PAY_000051,CUST_00870,99123.83,netbanking,successful,,,1,2026-08-22 14:09:15.792231
PAY_000052,CUST_01859,22556.97,upi,successful,,,1,2026-07-28 22:46:15.792231
PAY_000053,CUST_00010,1922.3,netbanking,successful,,,1,2026-06-25 00:33:15.792231
PAY_000054,CUST_00902,16752.78,card,successful,,,1,2026-07-20 21:23:15.792231
PAY_000055,CUST_01018,13782.5,card,successful,,,1,2026-06-16 04:51:15.792231
PAY_000056,CUST_00399,21172.27,card,successful,,,1,2026-06-26 01:13:15.792231
PAY_000057,CUST_01308,519.7,netbanking,failed,UNSPECIFIED_DECLINE,insufficient_funds,1,2026-05-30 23:33:15.792231
PAY_000058,CUST_01211,32709.42,upi,successful,,,1,2026-06-29 10:46:15.792231
PAY_000059,CUST_01305,18573.89,netbanking,successful,,,1,2026-07-17 09:30:15.793269
PAY_000060,CUST_00506,17892.37,netbanking,successful,,,1,2026-06-27 23:28:15.793269
PAY_000061,CUST_00785,43567.09,upi,successful,,,1,2026-08-23 22:15:15.793269
PAY_000062,CUST_00903,15291.49,upi,failed,INSUFFICIENT_BALANCE,insufficient_funds,1,2026-06-23 02:52:15.793269
PAY_000063,CUST_01628,60496.91,card,successful,,,1,2026-07-17 04:03:15.793269
PAY_000064,CUST_00378,8596.91,netbanking,successful,,,1,2026-07-28 22:55:15.793269
PAY_000065,CUST_01367,3464.63,upi,successful,,,1,2026-07-19 11:23:15.793269
PAY_000066,CUST_00089,20476.52,upi,successful,,,1,2026-06-28 16:12:15.793269
PAY_000067,CUST_00259,5127.8,upi,failed,BANK_SERVICE_UNAVAILABLE,temporary_bank_failure,1,2026-07-18 02:55:15.793269
PAY_000068,CUST_01518,9891.29,card,failed,INSTRUMENT_EXPIRED,expired_instrument,1,2026-06-25 03:41:15.793269
PAY_000069,CUST_01226,16887.51,card,successful,,,1,2026-08-06 15:48:15.793269
PAY_000070,CUST_00400,27790.06,upi,successful,,,1,2026-07-22 06:07:15.793269
PAY_000071,CUST_01021,13754.11,netbanking,successful,,,1,2026-06-15 04:42:15.793269
PAY_000072,CUST_00693,15602.52,card,successful,,,1,2026-06-13 22:49:15.793269
PAY_000073,CUST_00269,26460.05,upi,failed,UNKNOWN_ERROR,unknown_failure,1,2026-05-30 01:54:15.793269
PAY_000074,CUST_00480,21435.37,netbanking,successful,,,1,2026-08-07 14:21:15.794738
PAY_000075,CUST_01976,14461.9,card,successful,,,1,2026-08-07 03:00:15.794738
PAY_000076,CUST_01620,47325.15,netbanking,successful,,,1,2026-07-15 16:16:15.794738
PAY_000077,CUST_00556,10177.15,upi,successful,,,1,2026-07-22 22:24:15.794738
PAY_000078,CUST_01626,32916.01,card,successful,,,1,2026-07-31 06:19:15.794738
PAY_000079,CUST_00265,46642.46,card,successful,,,1,2026-05-28 23:47:15.794738
PAY_000080,CUST_00985,1952.46,card,successful,,,1,2026-06-01 01:48:15.794738
PAY_000081,CUST_01088,23381.18,upi,successful,,,1,2026-06-16 07:36:15.794738
PAY_000082,CUST_00050,43111.66,upi,successful,,,1,2026-06-12 13:24:15.794738
PAY_000083,CUST_00425,28682.29,upi,failed,NETWORK_TIMEOUT,timeout,1,2026-08-18 15:05:15.794738
PAY_000084,CUST_00699,26473.01,card,successful,,,1,2026-07-25 15:54:15.794738
PAY_000085,CUST_01212,40060.55,card,successful,,,1,2026-08-04 09:21:15.794738
PAY_000086,CUST_01725,57085.29,netbanking,successful,,,1,2026-07-24 19:23:15.794738
PAY_000087,CUST_00195,93371.75,card,successful,,,1,2026-06-09 06:06:15.794738
PAY_000088,CUST_00228,17018.12,upi,successful,,,1,2026-05-30 16:51:15.794738
PAY_000089,CUST_00664,44369.6,netbanking,failed,BANK_SERVICE_UNAVAILABLE,temporary_bank_failure,1,2026-07-25 08:03:15.794738
PAY_000090,CUST_01418,46435.48,netbanking,successful,,,1,2026-06-07 16:00:15.794738
PAY_000091,CUST_00361,15095.14,card,failed,BANK_TEMPORARY_ERROR,temporary_bank_failure,1,2026-06-27 02:48:15.794738
PAY_000092,CUST_00539,13245.58,netbanking,successful,,,1,2026-08-25 06:58:15.795834
PAY_000093,CUST_01621,92146.14,card,successful,,,1,2026-08-24 12:49:15.795834
PAY_000094,CUST_00925,7850.65,upi,successful,,,1,2026-08-03 18:46:15.795834
PAY_000095,CUST_01137,28227.59,upi,successful,,,1,2026-07-06 22:02:15.795834
PAY_000096,CUST_01722,15494.2,netbanking,successful,,,1,2026-08-05 19:02:15.795834
PAY_000097,CUST_01278,14308.66,card,failed,BANK_SERVICE_UNAVAILABLE,temporary_bank_failure,1,2026-07-12 02:02:15.795834
PAY_000098,CUST_00303,5160.94,upi,successful,,,1,2026-08-06 12:03:15.795834
PAY_000099,CUST_01546,15921.36,card,failed,NETWORK_TIMEOUT,timeout,1,2026-07-30 20:22:15.795834
PAY_000100,CUST_01128,20028.0,card,successful,,,1,2026-05-27 01:34:15.795834
PAY_000101,CUST_00912,83031.36,upi,successful,,,1,2026-06-09 13:12:15.795834
PAY_000102,CUST_01980,48189.14,netbanking,successful,,,1,2026-05-30 06:27:15.795834
PAY_000103,CUST_01375,4170.53,card,successful,,,1,2026-06-23 19:40:15.795834
PAY_000104,CUST_00283,17826.53,upi,successful,,,1,2026-06-02 04:37:15.795834
PAY_000105,CUST_00691,98752.77,upi,failed,INSUFFICIENT_BALANCE,insufficient_funds,1,2026-07-20 01:42:15.795834
PAY_000106,CUST_01876,16396.22,netbanking,successful,,,1,2026-06-24 05:38:15.795834
PAY_000107,CUST_00439,3255.54,upi,failed,PROCESSING_TIMEOUT,timeout,1,2026-07-10 05:11:15.795834
PAY_000108,CUST_00515,12925.14,upi,successful,,,1,2026-08-01 06:24:15.795834
PAY_000109,CUST_00191,15821.19,upi,successful,,,1,2026-06-14 22:29:15.795834
PAY_000110,CUST_00852,8571.06,card,successful,,,1,2026-06-30 21:27:15.796935
PAY_000111,CUST_00019,31744.4,upi,successful,,,1,2026-06-04 14:44:15.796935
PAY_000112,CUST_00373,27925.23,card,successful,,,1,2026-07-12 13:45:15.796935
PAY_000113,CUST_01328,8480.26,upi,successful,,,1,2026-07-28 19:42:15.796935
PAY_000114,CUST_00377,30973.58,card,successful,,,1,2026-08-16 00:05:15.796935
PAY_000115,CUST_01337,12763.15,card,successful,,,1,2026-05-31 19:07:15.796935
PAY_000116,CUST_01961,41234.17,netbanking,successful,,,1,2026-05-31 22:01:15.796935
PAY_000117,CUST_01493,40854.05,card,successful,,,1,2026-06-23 19:52:15.796935
PAY_000118,CUST_00663,11353.78,card,successful,,,1,2026-07-21 14:46:15.796935
PAY_000119,CUST_00607,16998.93,upi,failed,INSUFFICIENT_BALANCE,insufficient_funds,1,2026-08-12 19:38:15.796935
PAY_000120,CUST_01995,25567.01,card,successful,,,1,2026-06-13 08:54:15.796935
PAY_000121,CUST_01123,9674.08,netbanking,failed,UNSPECIFIED_DECLINE,unknown_failure,1,2026-07-28 12:28:15.796935
PAY_000122,CUST_00502,32448.79,netbanking,successful,,,1,2026-08-01 18:41:15.796935
PAY_000123,CUST_01386,27128.09,upi,successful,,,1,2026-07-06 05:10:15.796935
PAY_000124,CUST_00832,55451.33,card,successful,,,1,2026-08-09 12:01:15.796935
PAY_000125,CUST_00494,24520.08,upi,failed,FUNDS_NOT_AVAILABLE,insufficient_funds,1,2026-06-10 03:48:15.796935
PAY_000126,CUST_01260,19490.08,upi,failed,BANK_TEMPORARY_ERROR,temporary_bank_failure,1,2026-06-02 13:27:15.796935
PAY_000127,CUST_00192,7209.34,upi,failed,NETWORK_TIMEOUT,timeout,1,2026-08-14 22:31:15.798035
PAY_000128,CUST_01986,11187.82,card,successful,,,1,2026-07-08 19:11:15.798035
PAY_000129,CUST_01642,48058.72,card,failed,BANK_TEMPORARY_ERROR,temporary_bank_failure,1,2026-08-03 05:53:15.798035
PAY_000130,CUST_00939,33680.64,card,successful,,,1,2026-07-03 00:08:15.798035
PAY_000131,CUST_00992,25546.13,upi,failed,AUTHENTICATION_FAILED,authentication_failed,1,2026-06-24 01:06:15.798035
PAY_000132,CUST_01725,53063.91,upi,successful,,,2,2026-07-09 10:34:15.798035
PAY_000133,CUST_01171,2261.36,card,successful,,,1,2026-07-22 05:01:15.798035
PAY_000134,CUST_01613,27041.44,upi,successful,,,1,2026-07-14 05:19:15.798035
PAY_000135,CUST_00201,41937.52,upi,successful,,,1,2026-07-08 17:17:15.798035
PAY_000136,CUST_01719,13341.14,upi,successful,,,1,2026-06-22 19:31:15.798035
PAY_000137,CUST_01176,20567.66,upi,successful,,,1,2026-08-05 03:52:15.798035
PAY_000138,CUST_01583,6356.14,upi,successful,,,1,2026-05-29 08:33:15.798035
PAY_000139,CUST_01664,25036.32,upi,successful,,,1,2026-07-24 20:57:15.798035
PAY_000140,CUST_01047,19978.84,card,successful,,,1,2026-06-11 09:10:15.798035
PAY_000141,CUST_01398,21900.71,card,successful,,,1,2026-08-18 00:47:15.798035
PAY_000142,CUST_01009,23106.91,upi,successful,,,1,2026-08-18 05:52:15.798035
PAY_000143,CUST_00348,27217.94,upi,successful,,,1,2026-06-10 12:40:15.798035
PAY_000144,CUST_00643,85782.82,upi,successful,,,1,2026-07-09 18:25:15.798035
PAY_000145,CUST_01257,1363.62,card,failed,,expired_instrument,1,2026-06-15 13:01:15.798035
PAY_000146,CUST_01405,7619.76,card,successful,,,1,2026-06-17 20:59:15.799129
PAY_000147,CUST_00537,17641.18,upi,failed,,unknown_failure,1,2026-08-14 14:21:15.799129
PAY_000148,CUST_01830,38699.93,upi,successful,,,1,2026-06-23 20:20:15.799129
PAY_000149,CUST_01903,17991.77,card,successful,,,1,2026-06-09 08:16:15.799129
PAY_000150,CUST_01654,9260.24,upi,failed,PROCESSING_TIMEOUT,timeout,1,2026-07-17 11:24:15.799129
PAY_000151,CUST_00538,16193.47,netbanking,successful,,,1,2026-06-15 10:02:15.799129
PAY_000152,CUST_00317,32521.7,upi,successful,,,1,2026-06-03 18:30:15.799129
PAY_000153,CUST_00720,63140.51,upi,failed,INSTRUMENT_BLOCKED,blocked_instrument,1,2026-06-14 17:56:15.799129
PAY_000154,CUST_01413,44540.83,card,successful,,,1,2026-06-03 03:44:15.799129
PAY_000155,CUST_00976,4575.96,netbanking,successful,,,1,2026-06-20 11:48:15.799129
PAY_000156,CUST_00730,45181.27,card,successful,,,1,2026-07-13 08:29:15.799129
PAY_000157,CUST_01498,45137.31,card,successful,,,1,2026-07-06 15:35:15.799129
PAY_000158,CUST_00253,62803.47,card,successful,,,1,2026-05-30 04:46:15.799129
PAY_000159,CUST_01278,10291.99,upi,successful,,,1,2026-07-26 03:48:15.799129
PAY_000160,CUST_00227,39199.46,netbanking,successful,,,1,2026-07-20 21:50:15.799129
PAY_000161,CUST_01132,26837.93,card,successful,,,1,2026-07-31 02:36:15.799129
PAY_000162,CUST_00944,34184.72,upi,successful,,,1,2026-07-07 06:29:15.799129
PAY_000163,CUST_00022,44418.26,upi,successful,,,1,2026-07-29 09:40:15.799129
PAY_000164,CUST_01481,5270.03,card,successful,,,1,2026-06-19 09:48:15.799129
PAY_000165,CUST_01902,8636.69,card,successful,,,1,2026-05-31 04:04:15.800228
PAY_000166,CUST_00903,22759.24,netbanking,successful,,,1,2026-06-20 08:41:15.800228
PAY_000167,CUST_01064,37828.07,upi,successful,,,1,2026-06-07 12:02:15.800228
PAY_000168,CUST_00633,36610.43,upi,failed,BANK_SERVICE_UNAVAILABLE,temporary_bank_failure,1,2026-05-27 17:13:15.800228
PAY_000169,CUST_01259,40402.41,upi,successful,,,1,2026-08-12 19:18:15.800228
PAY_000170,CUST_00056,5124.28,upi,successful,,,1,2026-08-07 23:36:15.800228
PAY_000171,CUST_00765,25308.9,netbanking,successful,,,1,2026-07-28 21:57:15.800228
PAY_000172,CUST_00986,15234.36,card,successful,,,1,2026-07-07 05:57:15.800228
PAY_000173,CUST_01391,19581.77,card,failed,CARD_EXPIRED,expired_instrument,1,2026-08-14 09:04:15.800228
PAY_000174,CUST_01420,31149.09,card,successful,,,1,2026-08-21 12:42:15.800228
PAY_000175,CUST_00761,49808.19,card,successful,,,1,2026-07-21 01:24:15.800228
PAY_000176,CUST_00769,14111.61,upi,successful,,,1,2026-08-16 06:45:15.800228
PAY_000177,CUST_01680,42521.21,netbanking,successful,,,1,2026-06-21 16:36:15.800228
PAY_000178,CUST_01936,9157.23,netbanking,successful,,,1,2026-07-26 05:47:15.800228
PAY_000179,CUST_00059,4640.6,card,successful,,,1,2026-07-08 14:17:15.800228
PAY_000180,CUST_01427,28548.07,upi,successful,,,1,2026-08-02 11:54:15.800228
PAY_000181,CUST_01840,3419.23,card,successful,,,1,2026-07-27 01:50:15.800228
PAY_000182,CUST_01338,8831.11,upi,failed,BANK_TEMPORARY_ERROR,temporary_bank_failure,1,2026-07-30 16:07:15.800228
PAY_000183,CUST_01384,13051.79,card,failed,FUNDS_NOT_AVAILABLE,insufficient_funds,1,2026-07-07 22:09:15.800228
PAY_000184,CUST_00633,33971.8,upi,successful,,,1,2026-07-24 21:31:15.800228
PAY_000185,CUST_00833,22104.41,upi,failed,POLICY_DECLINED,risk_decline,1,2026-08-10 14:53:15.801320
PAY_000186,CUST_00997,4262.84,card,failed,UNKNOWN_ERROR,unknown_failure,1,2026-08-18 23:45:15.801320
PAY_000187,CUST_00956,12537.68,netbanking,failed,UNSPECIFIED_DECLINE,limit_exceeded,1,2026-07-20 09:18:15.801320
PAY_000188,CUST_00375,47316.57,upi,successful,,,1,2026-08-21 21:52:15.801320
PAY_000189,CUST_00672,6025.53,card,successful,,,1,2026-06-23 18:05:15.801320
PAY_000190,CUST_01746,6726.01,upi,failed,INSUFFICIENT_BALANCE,insufficient_funds,1,2026-06-25 06:45:15.801320
PAY_000191,CUST_01816,37260.5,upi,successful,,,1,2026-06-13 14:19:15.801320
PAY_000192,CUST_00253,29572.87,card,successful,,,1,2026-08-19 04:34:15.801320
PAY_000193,CUST_00414,31142.96,upi,successful,,,1,2026-06-02 22:01:15.801320
PAY_000194,CUST_01231,14493.72,upi,successful,,,1,2026-08-18 05:10:15.801320
PAY_000195,CUST_01816,29620.44,upi,successful,,,1,2026-08-06 21:41:15.801320
PAY_000196,CUST_00112,8740.43,card,successful,,,1,2026-06-27 19:47:15.801320
PAY_000197,CUST_00892,11282.94,card,successful,,,1,2026-08-22 22:53:15.801320
PAY_000198,CUST_01659,90670.92,card,failed,CUSTOMER_AUTH_FAILED,authentication_failed,1,2026-07-17 13:11:15.801320
PAY_000199,CUST_00283,29640.66,netbanking,failed,INSUFFICIENT_BALANCE,insufficient_funds,1,2026-05-29 05:36:15.801320
PAY_000200,CUST_01052,23967.11,card,failed,INSUFFICIENT_BALANCE,insufficient_funds,1,2026-07-21 01:35:15.801320
PAY_000201,CUST_01495,49259.41,card,successful,,,1,2026-05-30 03:35:15.801320
PAY_000202,CUST_00562,54397.53,card,failed,FUNDS_NOT_AVAILABLE,insufficient_funds,1,2026-07-02 20:31:15.802421
PAY_000203,CUST_00098,19624.44,netbanking,successful,,,1,2026-06-04 12:45:15.802421
PAY_000204,CUST_00051,24721.16,card,failed,INSUFFICIENT_BALANCE,insufficient_funds,1,2026-08-05 06:35:15.802421
PAY_000205,CUST_00969,6700.51,upi,successful,,,1,2026-07-16 02:31:15.802421
PAY_000206,CUST_01260,19039.94,upi,successful,,,1,2026-07-16 20:02:15.802421
PAY_000207,CUST_01851,18253.0,card,successful,,,1,2026-06-15 03:23:15.802421
PAY_000208,CUST_01111,26152.87,card,successful,,,1,2026-08-08 05:20:15.802421
PAY_000209,CUST_01775,9606.55,upi,successful,,,1,2026-07-06 02:30:15.802421
PAY_000210,CUST_01291,1883.67,card,successful,,,1,2026-06-27 08:19:15.802421
PAY_000211,CUST_00174,11779.32,upi,successful,,,1,2026-07-25 17:29:15.802421
PAY_000212,CUST_00699,17436.21,upi,successful,,,1,2026-07-12 07:10:15.802421
PAY_000213,CUST_00172,9429.74,upi,successful,,,1,2026-08-13 20:47:15.802421
PAY_000214,CUST_01909,31069.81,upi,successful,,,1,2026-07-16 03:10:15.802421
PAY_000215,CUST_00452,2504.37,netbanking,successful,,,1,2026-08-04 19:43:15.802421
PAY_000216,CUST_01964,5737.27,upi,failed,UNSPECIFIED_DECLINE,unknown_failure,1,2026-06-29 04:40:15.802421
PAY_000217,CUST_00333,1570.74,upi,successful,,,1,2026-07-18 18:42:15.802421
PAY_000218,CUST_01170,28697.44,upi,successful,,,1,2026-08-06 17:25:15.802421
PAY_000219,CUST_01274,14897.28,upi,successful,,,1,2026-07-24 10:13:15.802421
PAY_000220,CUST_01008,17444.45,card,successful,,,1,2026-07-18 22:34:15.802421
PAY_000221,CUST_01296,45632.69,netbanking,successful,,,1,2026-07-09 04:03:15.802421
PAY_000222,CUST_01939,68132.67,card,successful,,,1,2026-08-05 21:49:15.802421
PAY_000223,CUST_01411,74535.55,upi,successful,,,1,2026-07-01 19:47:15.803512
PAY_000224,CUST_01213,37477.33,upi,successful,,,1,2026-07-14 00:08:15.803512
PAY_000225,CUST_00849,43112.22,upi,failed,CUSTOMER_AUTH_FAILED,authentication_failed,1,2026-06-14 02:27:15.803512
PAY_000226,CUST_00515,6120.36,upi,failed,BANK_SERVICE_UNAVAILABLE,temporary_bank_failure,1,2026-06-16 19:02:15.803512
PAY_000227,CUST_01739,27266.84,card,successful,,,1,2026-08-09 14:50:15.803512
PAY_000228,CUST_00410,26677.43,upi,successful,,,1,2026-07-30 16:07:15.803512
PAY_000229,CUST_01214,87203.74,upi,successful,,,1,2026-05-31 11:55:15.803512
PAY_000230,CUST_01119,41239.4,card,failed,,insufficient_funds,1,2026-07-06 07:40:15.803512
PAY_000231,CUST_00374,13643.34,upi,successful,,,1,2026-06-06 13:12:15.803512
PAY_000232,CUST_01410,5122.22,upi,successful,,,1,2026-07-23 15:38:15.803512
PAY_000233,CUST_00494,46401.46,upi,successful,,,1,2026-07-12 20:05:15.803512
PAY_000234,CUST_01753,5562.96,upi,successful,,,1,2026-07-08 09:26:15.803512
PAY_000235,CUST_00566,32404.07,upi,successful,,,1,2026-06-04 05:22:15.803512
PAY_000236,CUST_00223,12643.87,upi,successful,,,1,2026-05-31 05:00:15.803512
PAY_000237,CUST_01369,43711.81,netbanking,successful,,,1,2026-08-09 13:04:15.803512
PAY_000238,CUST_00506,3852.81,card,successful,,,1,2026-08-06 12:53:15.803512
PAY_000239,CUST_01864,30208.75,upi,failed,,timeout,1,2026-07-16 07:53:15.803512
PAY_000240,CUST_01710,8855.72,upi,successful,,,1,2026-06-20 21:56:15.803512
PAY_000241,CUST_00878,8906.36,upi,failed,RISK_DECLINED,risk_decline,1,2026-08-25 19:16:15.803512
PAY_000242,CUST_00083,38191.43,upi,failed,FUNDS_NOT_AVAILABLE,insufficient_funds,1,2026-08-24 08:38:15.804626
PAY_000243,CUST_00085,9503.65,upi,failed,UNKNOWN_ERROR,unknown_failure,1,2026-06-21 04:43:15.804626
PAY_000244,CUST_01587,46865.58,upi,successful,,,1,2026-07-08 06:54:15.804626
PAY_000245,CUST_01102,26842.53,netbanking,successful,,,1,2026-06-10 04:48:15.804626
PAY_000246,CUST_01930,37844.63,netbanking,successful,,,1,2026-08-10 02:56:15.804626
PAY_000247,CUST_01786,16397.84,card,successful,,,1,2026-08-11 18:35:15.804626
PAY_000248,CUST_01968,6987.78,upi,successful,,,1,2026-06-27 07:33:15.804626
PAY_000249,CUST_00719,29417.91,upi,failed,BANK_TEMPORARY_ERROR,temporary_bank_failure,1,2026-06-15 00:04:15.804626
PAY_000250,CUST_00104,8312.92,upi,successful,,,1,2026-06-10 01:55:15.804626
PAY_000251,CUST_00391,39983.59,card,successful,,,1,2026-07-14 01:21:15.804626
PAY_000252,CUST_00203,11396.95,upi,failed,CARD_BLOCKED,blocked_instrument,1,2026-07-12 07:32:15.804626
PAY_000253,CUST_01721,18326.2,upi,failed,FUNDS_NOT_AVAILABLE,insufficient_funds,1,2026-06-17 01:11:15.804626
PAY_000254,CUST_00491,44600.17,card,successful,,,1,2026-08-10 14:48:15.804626
PAY_000255,CUST_00450,42673.29,upi,successful,,,1,2026-07-22 03:25:15.804626
PAY_000256,CUST_01864,45445.27,upi,successful,,,1,2026-08-05 13:04:15.804626
PAY_000257,CUST_01280,22834.57,netbanking,successful,,,1,2026-08-20 12:44:15.804626
PAY_000258,CUST_01299,31648.28,upi,successful,,,1,2026-05-27 03:34:15.804626
PAY_000259,CUST_01126,8726.02,upi,successful,,,1,2026-06-17 05:33:15.805543
PAY_000260,CUST_01124,14234.6,upi,successful,,,1,2026-05-29 23:52:15.805543
PAY_000261,CUST_01671,37966.64,upi,successful,,,1,2026-07-06 01:08:15.805543
PAY_000262,CUST_00526,9608.85,card,successful,,,1,2026-08-08 19:55:15.805543
PAY_000263,CUST_00688,11939.37,card,successful,,,1,2026-08-16 15:40:15.805543
PAY_000264,CUST_00587,17768.72,upi,successful,,,1,2026-07-06 11:26:15.805543
PAY_000265,CUST_01239,35715.22,upi,failed,CUSTOMER_AUTH_FAILED,authentication_failed,1,2026-06-08 09:46:15.805543
PAY_000266,CUST_01804,46653.24,card,successful,,,1,2026-06-06 16:15:15.805543
PAY_000267,CUST_01878,30731.16,card,failed,CUSTOMER_AUTH_FAILED,authentication_failed,1,2026-06-02 13:55:15.805543
PAY_000268,CUST_01287,680.76,card,successful,,,1,2026-06-11 02:34:15.805543
PAY_000269,CUST_00694,28831.91,upi,successful,,,1,2026-08-08 11:04:15.805543
PAY_000270,CUST_01143,47145.14,upi,successful,,,1,2026-08-06 11:01:15.805543
PAY_000271,CUST_00004,36294.63,card,successful,,,1,2026-08-19 18:28:15.805543
PAY_000272,CUST_01802,8470.96,upi,successful,,,1,2026-07-31 03:03:15.805543
PAY_000273,CUST_01126,22327.7,netbanking,successful,,,1,2026-08-14 13:38:15.805543
PAY_000274,CUST_01827,7789.56,upi,failed,INSUFFICIENT_BALANCE,insufficient_funds,1,2026-08-07 12:59:15.806857
PAY_000275,CUST_01814,18070.43,netbanking,failed,INSUFFICIENT_BALANCE,insufficient_funds,1,2026-07-04 04:17:15.806857
PAY_000276,CUST_01306,16543.56,netbanking,successful,,,1,2026-06-30 17:26:15.806857
PAY_000277,CUST_01437,22032.15,upi,successful,,,1,2026-06-11 16:18:15.806857
PAY_000278,CUST_00757,3276.76,netbanking,failed,INSUFFICIENT_BALANCE,insufficient_funds,1,2026-07-05 11:36:15.806857
PAY_000279,CUST_01607,20371.41,upi,successful,,,1,2026-06-02 08:41:15.806857
PAY_000280,CUST_00710,8392.66,card,successful,,,1,2026-07-29 08:38:15.806857
PAY_000281,CUST_01566,18528.05,upi,successful,,,1,2026-06-18 20:31:15.806857
PAY_000282,CUST_01499,4419.44,upi,failed,BANK_SERVICE_UNAVAILABLE,temporary_bank_failure,1,2026-08-05 01:03:15.806857
PAY_000283,CUST_01554,18727.47,upi,successful,,,1,2026-07-10 12:00:15.806857
PAY_000284,CUST_00965,602.36,card,failed,FUNDS_NOT_AVAILABLE,insufficient_funds,1,2026-06-07 10:16:15.806857
PAY_000285,CUST_00310,21420.84,upi,successful,,,1,2026-06-09 20:38:15.806857
PAY_000286,CUST_00671,51473.22,card,successful,,,1,2026-06-01 18:07:15.808261
PAY_000287,CUST_01368,25923.73,card,failed,INSUFFICIENT_BALANCE,insufficient_funds,1,2026-08-14 08:34:15.808261
PAY_000288,CUST_00358,10783.59,upi,successful,,,1,2026-07-05 13:15:15.808261
PAY_000289,CUST_00704,22104.7,card,successful,,,1,2026-06-14 17:55:15.808261
PAY_000290,CUST_00826,14523.03,upi,failed,BANK_TEMPORARY_ERROR,temporary_bank_failure,1,2026-08-15 10:46:15.808261
PAY_000291,CUST_00311,6553.87,card,successful,,,1,2026-07-07 09:42:15.808261
PAY_000292,CUST_01335,37783.14,card,failed,RISK_DECLINED,risk_decline,1,2026-07-15 14:50:15.808261
PAY_000293,CUST_00815,46305.1,card,successful,,,1,2026-06-10 01:03:15.808261
PAY_000294,CUST_00849,35017.13,upi,successful,,,1,2026-07-25 20:08:15.808261
PAY_000295,CUST_00362,11581.31,upi,successful,,,1,2026-06-06 20:44:15.808261
PAY_000296,CUST_00097,17392.04,netbanking,successful,,,1,2026-06-13 10:35:15.808261
PAY_000297,CUST_01462,8076.33,upi,successful,,,1,2026-06-30 09:19:15.808261
PAY_000298,CUST_00033,46749.26,upi,successful,,,1,2026-06-16 08:54:15.808261
PAY_000299,CUST_01505,26442.75,card,failed,NETWORK_TIMEOUT,timeout,1,2026-08-19 19:13:15.808261
PAY_000300,CUST_01624,9322.33,card,successful,,,1,2026-08-09 12:09:15.808261
PAY_000301,CUST_01557,48513.79,upi,successful,,,1,2026-06-24 19:58:15.808261
PAY_000302,CUST_01366,40619.51,upi,successful,,,1,2026-07-23 21:57:15.809274
PAY_000303,CUST_01711,26884.83,card,failed,INSTRUMENT_BLOCKED,blocked_instrument,1,2026-08-08 02:33:15.809274
PAY_000304,CUST_01604,7870.2,netbanking,successful,,,1,2026-07-16 16:29:15.809274
PAY_000305,CUST_01688,20450.65,upi,failed,,insufficient_funds,1,2026-08-19 02:02:15.809274
PAY_000306,CUST_01406,15420.47,card,successful,,,1,2026-07-28 05:40:15.809274
PAY_000307,CUST_01416,33477.34,upi,successful,,,1,2026-07-13 02:05:15.809274
PAY_000308,CUST_00469,6595.16,upi,successful,,,1,2026-06-15 09:17:15.809274
PAY_000309,CUST_01935,1697.65,card,successful,,,1,2026-08-11 03:15:15.809274
PAY_000310,CUST_01618,25734.29,card,successful,,,1,2026-05-29 15:17:15.809274
PAY_000311,CUST_00503,76086.94,upi,successful,,,1,2026-07-04 16:56:15.809274
PAY_000312,CUST_01434,35066.01,upi,successful,,,1,2026-07-22 08:36:15.809274
PAY_000313,CUST_00736,13272.38,netbanking,successful,,,1,2026-07-08 09:30:15.809274
PAY_000314,CUST_00342,54065.76,upi,successful,,,1,2026-08-03 08:14:15.809274
PAY_000315,CUST_01160,7164.09,upi,successful,,,1,2026-08-16 01:36:15.809274
PAY_000316,CUST_00184,7406.78,netbanking,successful,,,1,2026-07-14 14:40:15.810394
PAY_000317,CUST_01726,19544.31,upi,successful,,,1,2026-06-29 17:25:15.810394
PAY_000318,CUST_00148,19184.57,upi,successful,,,1,2026-07-20 10:27:15.810394
PAY_000319,CUST_01010,3907.4,upi,successful,,,1,2026-06-19 02:18:15.810394
PAY_000320,CUST_01475,20837.72,card,successful,,,1,2026-06-08 15:47:15.810394
PAY_000321,CUST_00288,46282.59,upi,successful,,,1,2026-08-13 07:38:15.810394
PAY_000322,CUST_00624,3628.61,card,successful,,,1,2026-08-24 14:59:15.810394
PAY_000323,CUST_00281,13093.28,upi,successful,,,1,2026-08-04 17:55:15.810394
PAY_000324,CUST_00301,11496.88,card,successful,,,1,2026-06-12 14:32:15.810394
PAY_000325,CUST_00898,38108.29,netbanking,successful,,,1,2026-06-08 00:55:15.810394
PAY_000326,CUST_01570,6357.43,netbanking,successful,,,1,2026-06-04 20:58:15.810394
PAY_000327,CUST_01568,15430.89,card,successful,,,1,2026-06-13 12:32:15.810394
PAY_000328,CUST_01604,11739.33,netbanking,failed,LIMIT_EXCEEDED,limit_exceeded,1,2026-07-10 09:58:15.810394
PAY_000329,CUST_01485,13438.71,upi,successful,,,1,2026-08-04 06:03:15.810394
PAY_000330,CUST_01873,34341.62,netbanking,successful,,,1,2026-07-14 12:20:15.810394
PAY_000331,CUST_00483,64700.42,upi,successful,,,1,2026-06-29 10:40:15.810394
PAY_000332,CUST_00618,35118.03,card,successful,,,1,2026-08-09 18:22:15.810394
PAY_000333,CUST_01126,4648.17,card,failed,BANK_TEMPORARY_ERROR,temporary_bank_failure,1,2026-06-04 21:47:15.810394
PAY_000334,CUST_00246,10899.48,card,successful,,,1,2026-06-25 19:46:15.810394
PAY_000335,CUST_01541,19697.86,card,successful,,,1,2026-06-04 21:05:15.810394
PAY_000336,CUST_01008,10954.72,card,successful,,,2,2026-06-12 06:40:15.810394
PAY_000337,CUST_00390,34505.07,upi,successful,,,1,2026-07-07 19:36:15.810394
PAY_000338,CUST_00656,31856.33,upi,successful,,,1,2026-06-20 09:10:15.810394
PAY_000339,CUST_00218,25378.52,card,successful,,,1,2026-08-16 02:49:15.810394
PAY_000340,CUST_00712,44604.67,netbanking,failed,UNSPECIFIED_DECLINE,temporary_bank_failure,1,2026-07-13 20:36:15.811865
PAY_000341,CUST_00154,24779.86,netbanking,successful,,,1,2026-06-23 19:51:15.811865
PAY_000342,CUST_01912,18120.82,upi,failed,NETWORK_TIMEOUT,timeout,1,2026-08-14 01:10:15.811865
PAY_000343,CUST_01311,36120.89,netbanking,successful,,,1,2026-07-03 17:14:15.811865
PAY_000344,CUST_00711,13199.75,card,failed,FUNDS_NOT_AVAILABLE,insufficient_funds,1,2026-08-06 15:00:15.811865
PAY_000345,CUST_00274,17816.23,card,successful,,,1,2026-07-01 02:24:15.811865
PAY_000346,CUST_01590,12559.63,upi,failed,INSTRUMENT_BLOCKED,blocked_instrument,1,2026-07-31 15:30:15.811865
PAY_000347,CUST_00131,38391.51,card,successful,,,1,2026-08-18 00:53:15.811865
PAY_000348,CUST_01333,7125.17,card,successful,,,1,2026-06-24 15:22:15.811865
PAY_000349,CUST_01554,7859.45,netbanking,successful,,,1,2026-06-01 07:58:15.811865
PAY_000350,CUST_00639,13266.56,netbanking,successful,,,1,2026-08-05 03:17:15.811865
PAY_000351,CUST_00999,4135.56,upi,failed,FUNDS_NOT_AVAILABLE,insufficient_funds,1,2026-06-16 04:42:15.811865
PAY_000352,CUST_02000,18502.45,upi,successful,,,1,2026-06-10 05:13:15.811865
PAY_000353,CUST_00870,30850.59,upi,failed,BANK_TEMPORARY_ERROR,temporary_bank_failure,1,2026-06-12 08:45:15.811865
PAY_000354,CUST_01495,3072.67,upi,successful,,,1,2026-06-13 09:20:15.811865
PAY_000355,CUST_00569,30809.9,upi,successful,,,1,2026-06-18 22:08:15.811865
PAY_000356,CUST_01973,18665.67,card,successful,,,1,2026-06-20 23:35:15.811865
PAY_000357,CUST_00274,13271.69,upi,failed,UNKNOWN_ERROR,unknown_failure,2,2026-06-21 07:29:15.811865
PAY_000358,CUST_01410,46873.07,netbanking,failed,INSUFFICIENT_BALANCE,insufficient_funds,1,2026-06-21 05:19:15.811865
PAY_000359,CUST_00362,17359.78,netbanking,successful,,,1,2026-08-09 04:02:15.811865
PAY_000360,CUST_00364,55107.19,upi,successful,,,1,2026-07-16 01:08:15.811865
PAY_000361,CUST_01361,27520.54,upi,failed,CARD_BLOCKED,blocked_instrument,1,2026-08-25 09:45:15.812958
PAY_000362,CUST_00503,37381.67,upi,successful,,,1,2026-06-02 03:28:15.812958
PAY_000363,CUST_00373,32892.51,card,successful,,,1,2026-06-03 18:34:15.812958
PAY_000364,CUST_00427,12417.34,upi,successful,,,1,2026-07-29 18:16:15.812958
PAY_000365,CUST_00865,17839.78,upi,successful,,,1,2026-05-29 10:50:15.812958
PAY_000366,CUST_00331,24005.97,upi,successful,,,1,2026-08-15 07:33:15.812958
PAY_000367,CUST_01395,34478.89,card,successful,,,1,2026-07-31 23:14:15.812958
PAY_000368,CUST_00626,77441.06,card,successful,,,1,2026-08-16 18:43:15.812958
PAY_000369,CUST_00679,26628.9,upi,successful,,,1,2026-07-28 00:29:15.812958
PAY_000370,CUST_00861,14356.81,upi,failed,PROCESSING_TIMEOUT,timeout,1,2026-08-15 16:29:15.812958
PAY_000371,CUST_00327,23751.04,upi,successful,,,1,2026-05-28 01:55:15.812958
PAY_000372,CUST_01211,28861.08,card,successful,,,1,2026-08-13 15:09:15.812958
PAY_000373,CUST_01647,42444.95,netbanking,successful,,,1,2026-07-29 05:59:15.812958
PAY_000374,CUST_01435,9218.22,card,successful,,,1,2026-07-15 15:46:15.812958
PAY_000375,CUST_00033,44167.22,card,successful,,,1,2026-07-09 08:43:15.812958
PAY_000376,CUST_00802,95072.21,upi,successful,,,1,2026-06-24 04:51:15.812958
PAY_000377,CUST_01313,13848.36,card,successful,,,1,2026-06-17 11:56:15.812958
PAY_000378,CUST_01061,13885.27,card,successful,,,1,2026-07-17 07:33:15.812958
PAY_000379,CUST_01547,4000.11,upi,successful,,,1,2026-07-31 05:54:15.812958
PAY_000380,CUST_01222,5716.87,card,failed,INSTRUMENT_EXPIRED,expired_instrument,1,2026-08-18 07:35:15.812958
PAY_000381,CUST_00433,2406.79,upi,successful,,,1,2026-07-29 07:56:15.812958
PAY_000382,CUST_00847,15405.6,upi,successful,,,1,2026-06-02 23:35:15.812958
PAY_000383,CUST_01076,18415.0,card,successful,,,1,2026-06-16 07:28:15.812958
PAY_000384,CUST_00646,14892.31,upi,successful,,,1,2026-06-12 15:05:15.812958
PAY_000385,CUST_00799,13602.57,card,successful,,,1,2026-08-01 22:47:15.814057
PAY_000386,CUST_01281,41481.86,upi,successful,,,1,2026-07-10 17:29:15.814057
PAY_000387,CUST_01700,2664.74,upi,successful,,,1,2026-08-21 02:36:15.814057
PAY_000388,CUST_01952,39061.4,upi,successful,,,1,2026-08-11 20:39:15.814057
PAY_000389,CUST_00884,22606.48,card,successful,,,1,2026-07-09 10:43:15.814057
PAY_000390,CUST_00741,25300.2,card,successful,,,1,2026-07-05 12:42:15.814057
PAY_000391,CUST_01369,41045.99,upi,successful,,,1,2026-08-18 11:03:15.814057
PAY_000392,CUST_00555,9674.32,upi,successful,,,1,2026-06-01 22:18:15.814057
PAY_000393,CUST_00826,18482.36,upi,failed,BANK_SERVICE_UNAVAILABLE,temporary_bank_failure,1,2026-08-06 06:41:15.814057
PAY_000394,CUST_00341,20666.34,card,successful,,,1,2026-07-30 23:50:15.814057
PAY_000395,CUST_00453,41020.82,upi,failed,RISK_DECLINED,risk_decline,1,2026-08-02 13:32:15.814057
PAY_000396,CUST_00417,46761.92,upi,successful,,,1,2026-06-25 11:37:15.814057
PAY_000397,CUST_00398,82748.35,netbanking,successful,,,1,2026-05-27 09:53:15.814057
PAY_000398,CUST_00045,13147.02,upi,successful,,,1,2026-06-18 17:50:15.814057
PAY_000399,CUST_01670,2569.94,card,failed,BANK_SERVICE_UNAVAILABLE,temporary_bank_failure,1,2026-08-20 00:28:15.814057
PAY_000400,CUST_01117,15490.73,netbanking,successful,,,1,2026-08-15 01:11:15.814057
PAY_000401,CUST_00152,36047.63,upi,successful,,,1,2026-07-14 01:44:15.814057
PAY_000402,CUST_00021,23092.31,card,successful,,,1,2026-07-27 10:09:15.814057
PAY_000403,CUST_00122,41732.64,card,successful,,,1,2026-06-09 18:59:15.814057
PAY_000404,CUST_01081,47198.21,upi,successful,,,1,2026-08-05 19:56:15.814057
PAY_000405,CUST_00898,32985.63,netbanking,successful,,,2,2026-06-09 22:14:15.814057
PAY_000406,CUST_01883,7189.78,upi,successful,,,1,2026-06-25 08:55:15.814057
PAY_000407,CUST_00556,39385.65,netbanking,successful,,,1,2026-08-09 06:35:15.814057
PAY_000408,CUST_01483,12477.96,netbanking,successful,,,1,2026-06-02 02:41:15.814057
PAY_000409,CUST_00412,85018.62,card,failed,PROCESSING_TIMEOUT,timeout,1,2026-07-19 00:42:15.814057
PAY_000410,CUST_01743,54412.82,card,failed,BANK_SERVICE_UNAVAILABLE,temporary_bank_failure,1,2026-06-11 04:10:15.815161
PAY_000411,CUST_00959,47299.84,upi,failed,BANK_SERVICE_UNAVAILABLE,temporary_bank_failure,1,2026-08-17 16:15:15.815161
PAY_000412,CUST_00850,58354.34,card,successful,,,1,2026-06-20 18:55:15.815161
PAY_000413,CUST_01530,28765.03,upi,successful,,,1,2026-07-17 05:53:15.815161
PAY_000414,CUST_01543,5882.92,upi,successful,,,1,2026-07-03 12:31:15.815161
PAY_000415,CUST_01509,35185.88,card,successful,,,1,2026-06-15 00:16:15.815161
PAY_000416,CUST_01484,45090.8,netbanking,successful,,,1,2026-07-19 06:19:15.834112
PAY_000417,CUST_01823,51833.7,upi,successful,,,1,2026-07-20 11:13:15.834112
PAY_000418,CUST_01757,26944.23,upi,successful,,,1,2026-07-06 21:02:15.835108
PAY_000419,CUST_01565,28724.4,netbanking,successful,,,1,2026-07-31 14:55:15.835108
PAY_000420,CUST_00903,26397.81,card,successful,,,1,2026-08-16 20:21:15.835108
PAY_000421,CUST_01389,43643.13,card,successful,,,1,2026-07-09 12:01:15.835108
PAY_000422,CUST_00422,12879.82,upi,failed,CUSTOMER_AUTH_FAILED,authentication_failed,1,2026-05-28 23:20:15.835108
PAY_000423,CUST_01061,3429.75,upi,failed,BANK_TEMPORARY_ERROR,temporary_bank_failure,1,2026-07-27 22:05:15.835108
PAY_000424,CUST_00737,48410.67,netbanking,failed,INSUFFICIENT_BALANCE,insufficient_funds,1,2026-07-17 15:06:15.836105
PAY_000425,CUST_00836,30555.24,upi,successful,,,1,2026-05-28 18:39:15.836105
PAY_000426,CUST_00743,12220.29,card,successful,,,1,2026-05-30 09:52:15.836105
PAY_000427,CUST_01215,7300.2,card,successful,,,1,2026-07-17 20:47:15.836105
PAY_000428,CUST_01428,2870.78,card,successful,,,1,2026-05-27 06:36:15.836105
PAY_000429,CUST_01230,19436.98,upi,failed,INSUFFICIENT_BALANCE,insufficient_funds,1,2026-06-27 21:13:15.836105
PAY_000430,CUST_00932,95553.31,upi,failed,BANK_SERVICE_UNAVAILABLE,temporary_bank_failure,1,2026-08-14 00:35:15.836105
PAY_000431,CUST_01948,49959.07,netbanking,successful,,,1,2026-07-04 01:28:15.837553
PAY_000432,CUST_01470,48822.3,upi,successful,,,1,2026-06-24 11:35:15.837553
PAY_000433,CUST_01309,32950.18,upi,successful,,,1,2026-06-05 15:05:15.837553
PAY_000434,CUST_01720,11034.26,upi,successful,,,1,2026-08-17 02:03:15.837553
PAY_000435,CUST_01084,1568.29,upi,successful,,,1,2026-08-07 17:48:15.837553
PAY_000436,CUST_00647,25957.46,upi,successful,,,1,2026-07-07 16:52:15.837553
PAY_000437,CUST_01120,14255.87,upi,successful,,,1,2026-06-28 04:38:15.837553
PAY_000438,CUST_00162,12402.05,upi,successful,,,1,2026-06-09 04:53:15.837553
PAY_000439,CUST_00151,33989.35,upi,failed,RISK_DECLINED,risk_decline,1,2026-07-10 01:19:15.837553
PAY_000440,CUST_00374,25831.74,netbanking,successful,,,1,2026-07-17 08:42:15.838552
PAY_000441,CUST_00544,12518.75,card,successful,,,1,2026-07-30 21:53:15.838552
PAY_000442,CUST_00129,18052.13,upi,successful,,,1,2026-08-10 13:48:15.838552
PAY_000443,CUST_00444,42859.36,upi,successful,,,1,2026-06-06 03:11:15.838552
PAY_000444,CUST_01844,22996.46,upi,successful,,,1,2026-06-07 22:34:15.838552
PAY_000445,CUST_00250,6326.08,upi,successful,,,1,2026-08-11 16:34:15.838552
PAY_000446,CUST_00051,48690.92,upi,successful,,,1,2026-08-04 06:04:15.838552
PAY_000447,CUST_00816,23576.51,upi,successful,,,1,2026-08-07 14:35:15.838552
PAY_000448,CUST_00071,37100.36,upi,successful,,,1,2026-06-30 12:24:15.838552
PAY_000449,CUST_01329,47196.99,upi,successful,,,1,2026-07-27 06:18:15.839549
PAY_000450,CUST_00263,49661.26,upi,successful,,,1,2026-06-26 11:35:15.839549
PAY_000451,CUST_00922,10941.53,netbanking,successful,,,1,2026-07-28 16:21:15.839549
PAY_000452,CUST_00580,10821.07,upi,successful,,,1,2026-06-14 00:51:15.839549
PAY_000453,CUST_01174,15256.38,card,successful,,,1,2026-06-29 04:49:15.839549
PAY_000454,CUST_00673,32401.47,netbanking,successful,,,1,2026-08-15 17:10:15.839549
PAY_000455,CUST_00417,25418.67,card,failed,BANK_SERVICE_UNAVAILABLE,temporary_bank_failure,2,2026-07-05 11:36:15.839549
PAY_000456,CUST_01100,14889.46,upi,successful,,,1,2026-06-21 13:29:15.839549
PAY_000457,CUST_00152,28232.87,upi,successful,,,1,2026-07-26 17:16:15.839549
PAY_000458,CUST_00764,28449.52,upi,successful,,,1,2026-06-11 04:23:15.840546
PAY_000459,CUST_01586,47474.76,card,successful,,,1,2026-06-28 23:38:15.840546
PAY_000460,CUST_01095,39645.9,card,successful,,,1,2026-06-05 03:46:15.840546
PAY_000461,CUST_01714,12744.92,upi,successful,,,1,2026-08-19 04:26:15.840546
PAY_000462,CUST_00675,19824.17,upi,successful,,,1,2026-06-22 03:54:15.840546
PAY_000463,CUST_00825,17703.58,upi,failed,NETWORK_TIMEOUT,timeout,1,2026-08-25 08:50:15.840546
PAY_000464,CUST_01896,40875.34,upi,successful,,,1,2026-06-03 09:17:15.841542
PAY_000465,CUST_00328,9699.5,upi,successful,,,1,2026-07-07 16:22:15.841542
PAY_000466,CUST_01925,46137.02,upi,successful,,,1,2026-06-20 03:10:15.841542
PAY_000467,CUST_00617,7505.95,upi,successful,,,1,2026-06-27 14:33:15.841542
PAY_000468,CUST_01030,27358.56,card,successful,,,1,2026-07-06 18:22:15.841542
PAY_000469,CUST_01435,9075.26,card,failed,CUSTOMER_AUTH_FAILED,authentication_failed,1,2026-06-13 11:49:15.841542
PAY_000470,CUST_01401,46692.55,netbanking,failed,AUTHENTICATION_FAILED,authentication_failed,1,2026-07-18 10:19:15.841542
PAY_000471,CUST_01180,42194.12,upi,successful,,,1,2026-08-03 01:44:15.841542
PAY_000472,CUST_01160,44730.81,card,successful,,,1,2026-07-20 05:31:15.842539
PAY_000473,CUST_01889,43772.19,upi,successful,,,1,2026-06-05 15:37:15.842539
PAY_000474,CUST_00244,31422.31,card,failed,BANK_TEMPORARY_ERROR,temporary_bank_failure,1,2026-06-22 14:49:15.842539
PAY_000475,CUST_01155,31245.42,netbanking,successful,,,1,2026-08-16 06:47:15.842539
PAY_000476,CUST_00866,29900.48,upi,successful,,,1,2026-07-20 07:49:15.842539
PAY_000477,CUST_00870,98047.5,upi,successful,,,1,2026-06-03 14:18:15.842539
PAY_000478,CUST_01328,16291.49,upi,successful,,,1,2026-07-27 02:37:15.844532
PAY_000479,CUST_00117,4758.53,upi,successful,,,1,2026-07-29 01:00:15.845529
PAY_000480,CUST_01861,47270.12,card,successful,,,1,2026-07-25 19:58:15.845529
PAY_000481,CUST_01775,15534.08,netbanking,successful,,,2,2026-06-23 03:27:15.845529
PAY_000482,CUST_00471,2364.46,upi,successful,,,1,2026-08-02 02:15:15.845529
PAY_000483,CUST_00378,34859.73,upi,successful,,,1,2026-07-19 06:03:15.845529
PAY_000484,CUST_01766,34931.94,card,failed,FUNDS_NOT_AVAILABLE,insufficient_funds,1,2026-07-02 12:24:15.845529
PAY_000485,CUST_00497,5851.97,upi,successful,,,1,2026-08-18 08:40:15.845529
PAY_000486,CUST_01478,10750.0,upi,successful,,,1,2026-06-03 16:09:15.845529
PAY_000487,CUST_00947,49069.89,upi,successful,,,1,2026-06-20 11:06:15.845529
PAY_000488,CUST_01230,34778.8,upi,successful,,,2,2026-06-02 04:00:15.845529
PAY_000489,CUST_01214,9370.45,upi,successful,,,2,2026-08-25 15:21:15.845529
PAY_000490,CUST_00747,20606.66,upi,successful,,,1,2026-06-24 10:22:15.845529
PAY_000491,CUST_00951,42848.81,upi,failed,BANK_SERVICE_UNAVAILABLE,temporary_bank_failure,1,2026-05-29 02:03:15.846526
PAY_000492,CUST_00462,13732.19,upi,successful,,,1,2026-06-20 12:52:15.846526
PAY_000493,CUST_00094,49147.61,netbanking,successful,,,1,2026-05-29 20:54:15.846526
PAY_000494,CUST_01795,14358.02,upi,successful,,,1,2026-08-17 06:28:15.846526
PAY_000495,CUST_00084,15684.31,upi,successful,,,1,2026-08-11 04:58:15.846526
PAY_000496,CUST_01883,2536.25,netbanking,failed,UNSPECIFIED_DECLINE,insufficient_funds,2,2026-05-28 03:51:15.846526
PAY_000497,CUST_00663,1096.3,netbanking,successful,,,1,2026-06-04 06:33:15.846526
PAY_000498,CUST_00186,8811.92,upi,successful,,,1,2026-06-22 20:09:15.847581
PAY_000499,CUST_01569,36722.66,card,successful,,,1,2026-07-17 22:44:15.847581
PAY_000500,CUST_01769,1857.52,upi,successful,,,1,2026-07-09 17:49:15.847581
PAY_000501,CUST_00388,17861.95,upi,successful,,,1,2026-05-30 07:09:15.847581
PAY_000502,CUST_00321,11877.82,upi,successful,,,1,2026-07-20 13:31:15.847581
PAY_000503,CUST_01068,38033.44,netbanking,successful,,,1,2026-08-19 10:58:15.847581
PAY_000504,CUST_01966,2557.65,netbanking,successful,,,1,2026-07-07 10:15:15.847581
PAY_000505,CUST_00113,34290.8,card,successful,,,1,2026-06-20 20:08:15.847581
PAY_000506,CUST_01276,61130.75,card,failed,CARD_BLOCKED,blocked_instrument,1,2026-07-01 19:18:15.847581
PAY_000507,CUST_01509,9574.42,card,successful,,,2,2026-06-24 00:06:15.847581
PAY_000508,CUST_01267,45384.61,upi,successful,,,1,2026-07-14 15:43:15.848661
PAY_000509,CUST_01670,16574.63,netbanking,failed,UNKNOWN_ERROR,unknown_failure,1,2026-07-08 02:49:15.848661
PAY_000510,CUST_01151,6635.75,upi,successful,,,1,2026-06-22 10:01:15.848661
PAY_000511,CUST_01845,49817.59,upi,successful,,,1,2026-08-16 20:46:15.848661
PAY_000512,CUST_01241,36739.26,netbanking,successful,,,1,2026-06-21 05:57:15.848661
PAY_000513,CUST_00561,31159.01,upi,successful,,,1,2026-08-23 19:38:15.848661
PAY_000514,CUST_01145,2895.02,card,successful,,,1,2026-06-26 09:04:15.848661
PAY_000515,CUST_01126,45715.56,upi,successful,,,1,2026-06-14 18:56:15.848661
PAY_000516,CUST_00664,2968.64,upi,successful,,,1,2026-07-08 12:39:15.848661
PAY_000517,CUST_00043,28997.51,card,successful,,,1,2026-06-27 08:16:15.848661
PAY_000518,CUST_01675,15591.96,upi,successful,,,1,2026-07-16 17:00:15.849657
PAY_000519,CUST_00635,13176.34,upi,successful,,,1,2026-07-07 23:16:15.849657
PAY_000520,CUST_01761,2690.28,upi,successful,,,1,2026-08-15 18:55:15.849657
PAY_000521,CUST_00355,98207.06,netbanking,successful,,,1,2026-06-30 23:19:15.849657
PAY_000522,CUST_01070,35965.5,card,successful,,,1,2026-07-16 17:04:15.849657
PAY_000523,CUST_01722,19606.94,upi,successful,,,1,2026-07-03 19:51:15.849657
PAY_000524,CUST_01264,47442.86,upi,successful,,,1,2026-07-04 16:34:15.849657
PAY_000525,CUST_01446,2411.57,card,successful,,,1,2026-08-02 06:03:15.849657
PAY_000526,CUST_01060,4939.79,upi,successful,,,1,2026-06-10 04:56:15.849657
PAY_000527,CUST_00981,4742.65,upi,successful,,,1,2026-06-23 15:06:15.849657
PAY_000528,CUST_00676,8838.86,netbanking,failed,POLICY_DECLINED,risk_decline,1,2026-08-17 21:58:15.849657
PAY_000529,CUST_00387,11739.09,card,successful,,,1,2026-07-21 19:51:15.849657
PAY_000530,CUST_00470,2037.7,upi,failed,CARD_BLOCKED,blocked_instrument,1,2026-07-12 06:19:15.849657
PAY_000531,CUST_01950,4037.78,upi,successful,,,1,2026-06-28 04:27:15.849657
PAY_000532,CUST_01240,27046.14,card,successful,,,1,2026-06-24 18:06:15.850654
PAY_000533,CUST_00426,19788.38,card,successful,,,1,2026-07-11 17:02:15.850654
PAY_000534,CUST_00385,16562.58,netbanking,failed,INSUFFICIENT_BALANCE,insufficient_funds,1,2026-06-30 21:25:15.850654
PAY_000535,CUST_00388,31303.36,card,successful,,,1,2026-07-30 02:00:15.850654
PAY_000536,CUST_00145,16186.82,upi,successful,,,1,2026-07-14 03:37:15.850654
PAY_000537,CUST_01596,17096.56,upi,successful,,,1,2026-06-15 03:13:15.850654
PAY_000538,CUST_00783,26962.55,upi,successful,,,1,2026-06-29 17:28:15.850654
PAY_000539,CUST_00691,18413.44,card,successful,,,1,2026-06-18 23:22:15.850654
PAY_000540,CUST_01637,27656.21,upi,successful,,,1,2026-07-29 03:45:15.850654
PAY_000541,CUST_00033,27433.13,upi,successful,,,1,2026-07-03 22:10:15.850654
PAY_000542,CUST_00653,44177.85,card,successful,,,1,2026-07-25 05:19:15.850654
PAY_000543,CUST_00234,18576.39,card,successful,,,1,2026-06-24 01:58:15.850654
PAY_000544,CUST_00443,7247.5,upi,successful,,,1,2026-06-17 16:41:15.850654
PAY_000545,CUST_00609,20813.98,upi,successful,,,1,2026-08-12 11:38:15.850654
PAY_000546,CUST_01895,8260.69,upi,successful,,,1,2026-07-11 07:58:15.850654
PAY_000547,CUST_00611,31987.48,upi,successful,,,1,2026-07-15 21:14:15.850654
PAY_000548,CUST_01917,21546.66,card,successful,,,1,2026-07-27 02:36:15.850654
PAY_000549,CUST_00946,5300.8,upi,failed,FUNDS_NOT_AVAILABLE,insufficient_funds,1,2026-08-10 18:26:15.850654
PAY_000550,CUST_00666,13728.59,upi,successful,,,1,2026-06-14 20:10:15.850654
PAY_000551,CUST_00712,28862.11,upi,failed,RISK_DECLINED,risk_decline,1,2026-06-18 20:51:15.850654
PAY_000552,CUST_00439,7070.2,card,successful,,,2,2026-08-04 10:38:15.850654
PAY_000553,CUST_00283,44343.57,card,successful,,,1,2026-06-03 13:43:15.852107
PAY_000554,CUST_00629,74067.1,netbanking,successful,,,1,2026-08-13 10:10:15.852107
PAY_000555,CUST_01231,34269.4,upi,failed,FUNDS_NOT_AVAILABLE,insufficient_funds,1,2026-07-18 16:09:15.852107
PAY_000556,CUST_00650,16869.5,upi,successful,,,1,2026-06-14 01:30:15.852107
PAY_000557,CUST_01197,61087.31,upi,successful,,,1,2026-06-29 07:04:15.852107
PAY_000558,CUST_01343,24539.06,upi,successful,,,1,2026-06-21 22:54:15.852107
PAY_000559,CUST_01399,40128.37,card,successful,,,1,2026-06-06 04:16:15.852107
PAY_000560,CUST_00023,6584.58,upi,successful,,,1,2026-05-31 18:54:15.852107
PAY_000561,CUST_00014,36537.32,card,successful,,,1,2026-07-31 08:57:15.852107
PAY_000562,CUST_01331,68418.49,netbanking,successful,,,1,2026-07-01 16:25:15.852107
PAY_000563,CUST_01077,2495.5,upi,successful,,,1,2026-07-15 06:18:15.852107
PAY_000564,CUST_00718,73529.31,netbanking,successful,,,1,2026-08-15 11:02:15.852107
PAY_000565,CUST_00885,43462.25,upi,successful,,,1,2026-06-09 01:48:15.852107
PAY_000566,CUST_00795,15371.24,card,successful,,,1,2026-05-30 08:27:15.852107
PAY_000567,CUST_01797,46567.14,upi,successful,,,1,2026-05-31 06:54:15.852107
PAY_000568,CUST_01783,40879.45,upi,successful,,,1,2026-07-13 11:46:15.853104
PAY_000569,CUST_00327,32311.02,upi,failed,UNSPECIFIED_DECLINE,unknown_failure,1,2026-06-24 09:52:15.853104
PAY_000570,CUST_01566,17204.38,upi,successful,,,1,2026-08-25 10:34:15.853104
PAY_000571,CUST_01441,28920.72,card,failed,INSUFFICIENT_BALANCE,insufficient_funds,1,2026-07-30 18:02:15.853104
PAY_000572,CUST_01355,23756.93,card,successful,,,1,2026-07-04 05:03:15.853104
PAY_000573,CUST_00574,41316.02,upi,successful,,,1,2026-06-27 22:25:15.853104
PAY_000574,CUST_01132,48174.15,upi,successful,,,1,2026-07-06 21:28:15.853104
PAY_000575,CUST_00227,11959.62,upi,successful,,,2,2026-07-23 03:07:15.853104
PAY_000576,CUST_00459,1855.06,card,successful,,,1,2026-06-30 02:55:15.853104
PAY_000577,CUST_01793,17169.31,upi,successful,,,1,2026-05-31 02:50:15.853104
PAY_000578,CUST_00978,14442.05,card,successful,,,1,2026-07-21 01:20:15.853104
PAY_000579,CUST_01403,6459.95,card,successful,,,1,2026-07-08 13:24:15.853104
PAY_000580,CUST_01762,44245.24,netbanking,successful,,,1,2026-07-11 16:14:15.853104
PAY_000581,CUST_00615,14657.8,upi,successful,,,1,2026-08-01 23:00:15.853104
PAY_000582,CUST_01025,31219.41,upi,successful,,,1,2026-08-14 01:44:15.853104
PAY_000583,CUST_00488,44676.66,card,failed,NETWORK_TIMEOUT,timeout,1,2026-08-18 14:43:15.853104
PAY_000584,CUST_01381,23291.92,card,successful,,,1,2026-06-24 04:03:15.854100
PAY_000585,CUST_01109,39071.3,upi,successful,,,1,2026-08-20 22:26:15.854100
PAY_000586,CUST_01757,35692.24,upi,successful,,,1,2026-08-15 14:31:15.854100
PAY_000587,CUST_01326,32288.08,card,failed,BANK_SERVICE_UNAVAILABLE,temporary_bank_failure,1,2026-07-31 11:47:15.854100
PAY_000588,CUST_00965,16433.43,upi,failed,,timeout,1,2026-08-14 15:15:15.854100
PAY_000589,CUST_01846,20721.13,upi,failed,INSUFFICIENT_BALANCE,insufficient_funds,1,2026-08-22 14:36:15.854100
PAY_000590,CUST_01031,44985.92,upi,successful,,,1,2026-06-16 17:56:15.854100
PAY_000591,CUST_01203,43616.13,card,successful,,,1,2026-06-16 09:03:15.854100
PAY_000592,CUST_00806,15450.71,upi,successful,,,1,2026-08-22 14:26:15.854100
PAY_000593,CUST_01508,9775.11,upi,successful,,,1,2026-06-21 21:03:15.854100
PAY_000594,CUST_00222,17228.97,upi,successful,,,1,2026-07-19 18:34:15.854100
PAY_000595,CUST_00758,32088.35,upi,successful,,,1,2026-07-05 10:48:15.854100
PAY_000596,CUST_01983,49797.29,upi,successful,,,2,2026-08-24 23:50:15.854100
PAY_000597,CUST_01050,72931.05,upi,successful,,,1,2026-08-03 07:18:15.854100
PAY_000598,CUST_01614,40121.54,upi,successful,,,1,2026-06-02 17:29:15.855172
PAY_000599,CUST_00002,1852.27,card,failed,RISK_DECLINED,risk_decline,1,2026-08-06 13:18:15.855172
PAY_000600,CUST_00475,44461.97,upi,successful,,,1,2026-08-05 00:04:15.855172
PAY_000601,CUST_01657,43717.09,upi,successful,,,1,2026-06-29 13:38:15.855172
PAY_000602,CUST_01659,21616.12,upi,successful,,,1,2026-07-20 14:02:15.855172
PAY_000603,CUST_01366,9604.88,upi,successful,,,1,2026-08-20 18:05:15.855172
PAY_000604,CUST_00966,86898.87,upi,failed,UNSPECIFIED_DECLINE,unknown_failure,1,2026-07-23 06:34:15.855172
PAY_000605,CUST_00078,21858.37,upi,successful,,,1,2026-08-05 00:41:15.855172
PAY_000606,CUST_01928,18399.95,upi,successful,,,1,2026-06-07 03:02:15.855172
PAY_000607,CUST_00524,19289.69,netbanking,successful,,,1,2026-07-06 06:30:15.855172
PAY_000608,CUST_00308,1447.72,netbanking,successful,,,1,2026-08-13 19:18:15.855172
PAY_000609,CUST_01661,38747.05,upi,successful,,,1,2026-08-06 22:25:15.855172
PAY_000610,CUST_00590,23146.7,card,successful,,,1,2026-08-04 22:59:15.855172
PAY_000611,CUST_01310,19491.8,upi,failed,INSUFFICIENT_BALANCE,insufficient_funds,1,2026-07-21 06:41:15.855172
PAY_000612,CUST_00777,27588.82,card,failed,UNSPECIFIED_DECLINE,unknown_failure,1,2026-06-03 03:53:15.856169
PAY_000613,CUST_01084,6866.14,card,failed,TRANSACTION_LIMIT_EXCEEDED,limit_exceeded,1,2026-07-06 10:28:15.856169
PAY_000614,CUST_01494,48325.98,netbanking,successful,,,1,2026-07-11 06:16:15.856169
PAY_000615,CUST_00736,35804.79,card,successful,,,1,2026-08-21 02:28:15.856169
PAY_000616,CUST_00738,1303.81,upi,successful,,,1,2026-08-15 00:25:15.856169
PAY_000617,CUST_01957,15153.28,upi,successful,,,1,2026-06-13 08:55:15.856169
PAY_000618,CUST_01328,11106.24,upi,successful,,,1,2026-06-02 13:08:15.856169
PAY_000619,CUST_00233,38584.65,upi,successful,,,1,2026-07-09 15:11:15.856169
PAY_000620,CUST_00909,19787.96,upi,successful,,,1,2026-06-07 20:21:15.856169
PAY_000621,CUST_01982,17529.98,upi,successful,,,1,2026-06-23 07:26:15.856169
PAY_000622,CUST_01960,7273.18,upi,successful,,,1,2026-07-26 02:18:15.856169
PAY_000623,CUST_01250,27936.54,upi,successful,,,1,2026-06-30 23:45:15.856169
PAY_000624,CUST_00193,18555.44,upi,successful,,,1,2026-06-06 23:48:15.856169
PAY_000625,CUST_00228,61249.45,netbanking,successful,,,2,2026-07-05 01:32:15.857176
PAY_000626,CUST_00750,9806.08,upi,failed,CUSTOMER_AUTH_FAILED,authentication_failed,1,2026-08-03 20:09:15.857176
PAY_000627,CUST_00884,10728.82,upi,successful,,,1,2026-08-10 21:46:15.857176
PAY_000628,CUST_00186,17482.94,netbanking,successful,,,1,2026-07-25 05:39:15.857176
PAY_000629,CUST_00789,36158.63,upi,successful,,,1,2026-07-16 04:47:15.857176
PAY_000630,CUST_01525,22888.55,upi,successful,,,2,2026-08-15 19:08:15.857176
PAY_000631,CUST_00897,15393.91,card,successful,,,1,2026-06-26 13:24:15.857176
PAY_000632,CUST_01430,37964.11,netbanking,successful,,,1,2026-06-07 04:56:15.857176
PAY_000633,CUST_00081,16806.96,netbanking,successful,,,1,2026-07-22 22:39:15.857176
PAY_000634,CUST_00275,23606.12,upi,failed,NETWORK_TIMEOUT,timeout,1,2026-07-17 08:53:15.857176
PAY_000635,CUST_01237,18011.79,upi,successful,,,1,2026-06-01 03:46:15.857176
PAY_000636,CUST_00702,52795.72,card,successful,,,1,2026-06-23 09:02:15.857176
PAY_000637,CUST_01682,15057.28,upi,successful,,,1,2026-08-15 13:36:15.857176
PAY_000638,CUST_00588,24962.57,netbanking,successful,,,1,2026-07-05 11:15:15.858179
PAY_000639,CUST_01226,2481.14,card,failed,INSUFFICIENT_BALANCE,insufficient_funds,1,2026-06-06 13:34:15.858179
PAY_000640,CUST_01691,11732.89,upi,successful,,,1,2026-08-17 03:15:15.858179
PAY_000641,CUST_00489,45326.27,upi,successful,,,1,2026-05-28 16:57:15.858179
PAY_000642,CUST_01955,13373.98,netbanking,successful,,,1,2026-06-27 02:41:15.858179
PAY_000643,CUST_01322,17367.19,card,failed,CARD_BLOCKED,blocked_instrument,1,2026-05-29 20:16:15.858179
PAY_000644,CUST_01152,35184.31,netbanking,successful,,,1,2026-07-02 13:07:15.858179
PAY_000645,CUST_01225,8028.75,netbanking,failed,UNKNOWN_ERROR,unknown_failure,1,2026-06-26 06:27:15.858179
PAY_000646,CUST_00735,16964.39,upi,failed,CUSTOMER_AUTH_FAILED,authentication_failed,1,2026-07-15 15:09:15.858179
PAY_000647,CUST_01387,20338.25,netbanking,successful,,,1,2026-06-19 12:49:15.858179
PAY_000648,CUST_00872,28738.8,netbanking,failed,FUNDS_NOT_AVAILABLE,insufficient_funds,1,2026-06-09 19:14:15.858179
PAY_000649,CUST_00062,43885.59,upi,successful,,,1,2026-05-29 20:44:15.858179
PAY_000650,CUST_01489,29122.33,upi,successful,,,1,2026-06-30 08:31:15.858179
PAY_000651,CUST_00254,11882.85,upi,successful,,,1,2026-07-27 18:25:15.859175
PAY_000652,CUST_00528,1715.86,netbanking,successful,,,1,2026-07-15 13:55:15.859175
PAY_000653,CUST_01172,22251.08,upi,successful,,,1,2026-06-16 16:52:15.859175
PAY_000654,CUST_01144,15493.85,card,failed,FUNDS_NOT_AVAILABLE,insufficient_funds,1,2026-07-07 20:12:15.859175
PAY_000655,CUST_00245,38940.63,upi,successful,,,1,2026-07-27 21:13:15.859175
PAY_000656,CUST_01728,13499.64,upi,successful,,,1,2026-06-07 22:52:15.859175
PAY_000657,CUST_01861,20829.61,card,successful,,,1,2026-06-08 02:03:15.859175
PAY_000658,CUST_01635,79850.54,upi,successful,,,1,2026-08-11 10:54:15.859175
PAY_000659,CUST_00492,10822.07,card,successful,,,1,2026-06-11 16:21:15.859175
PAY_000660,CUST_00730,66973.48,upi,successful,,,1,2026-08-17 05:25:15.859175
PAY_000661,CUST_00958,23928.83,card,successful,,,1,2026-06-19 18:29:15.859175
PAY_000662,CUST_01674,2194.86,upi,successful,,,1,2026-06-07 00:16:15.859175
PAY_000663,CUST_01023,34691.71,card,successful,,,1,2026-07-16 08:06:15.859175
PAY_000664,CUST_00592,48523.71,card,successful,,,1,2026-08-17 14:38:15.860172
PAY_000665,CUST_01441,44914.66,upi,successful,,,1,2026-08-21 09:13:15.860172
PAY_000666,CUST_01156,36022.41,card,failed,NETWORK_TIMEOUT,timeout,1,2026-07-03 11:51:15.860172
PAY_000667,CUST_01280,26579.64,card,successful,,,1,2026-07-03 05:17:15.860172
PAY_000668,CUST_00369,43994.18,upi,successful,,,1,2026-08-12 17:17:15.860172
PAY_000669,CUST_01930,1320.83,upi,successful,,,1,2026-06-27 14:41:15.861169
PAY_000670,CUST_01771,47343.9,upi,failed,BANK_SERVICE_UNAVAILABLE,temporary_bank_failure,2,2026-06-21 12:46:15.861169
PAY_000671,CUST_00812,10387.77,upi,successful,,,1,2026-06-21 05:07:15.861169
PAY_000672,CUST_00607,17880.01,card,successful,,,2,2026-06-14 14:42:15.861169
PAY_000673,CUST_00001,30899.48,netbanking,successful,,,1,2026-07-02 15:22:15.861169
PAY_000674,CUST_01073,54297.84,card,successful,,,1,2026-07-07 16:11:15.861169
PAY_000675,CUST_00102,23075.87,upi,failed,BANK_TEMPORARY_ERROR,temporary_bank_failure,1,2026-07-14 09:54:15.861169
PAY_000676,CUST_01101,29601.03,upi,successful,,,1,2026-07-06 14:41:15.861169
PAY_000677,CUST_01764,6176.8,card,failed,POLICY_DECLINED,risk_decline,1,2026-06-23 00:05:15.861169
PAY_000678,CUST_01308,14611.13,upi,failed,BANK_SERVICE_UNAVAILABLE,temporary_bank_failure,2,2026-07-23 03:03:15.861169
PAY_000679,CUST_01617,19788.71,upi,failed,AUTHENTICATION_FAILED,authentication_failed,1,2026-07-02 10:00:15.861169
PAY_000680,CUST_00258,27080.05,upi,failed,BANK_TEMPORARY_ERROR,temporary_bank_failure,1,2026-06-17 02:15:15.861169
PAY_000681,CUST_00806,3710.12,upi,successful,,,1,2026-06-10 22:00:15.861169
PAY_000682,CUST_00880,13970.07,card,successful,,,1,2026-08-13 08:06:15.861169
PAY_000683,CUST_01199,636.46,card,successful,,,1,2026-06-20 02:11:15.861169
PAY_000684,CUST_00430,32935.96,netbanking,successful,,,1,2026-06-04 01:31:15.861169
PAY_000685,CUST_00491,41440.2,card,successful,,,1,2026-07-25 22:51:15.861169
PAY_000686,CUST_01920,5595.83,upi,successful,,,1,2026-08-12 16:39:15.861169
PAY_000687,CUST_00407,35365.41,upi,successful,,,1,2026-06-15 03:57:15.861169
PAY_000688,CUST_01502,48372.33,netbanking,successful,,,1,2026-08-23 03:56:15.862165
PAY_000689,CUST_00925,25722.89,upi,successful,,,1,2026-06-02 18:50:15.862165
PAY_000690,CUST_00910,29322.98,upi,successful,,,1,2026-07-09 19:02:15.862165
PAY_000691,CUST_00945,36425.97,card,successful,,,1,2026-06-13 12:29:15.862165
PAY_000692,CUST_01570,19435.36,netbanking,failed,UNSPECIFIED_DECLINE,blocked_instrument,1,2026-06-25 18:34:15.862165
PAY_000693,CUST_00266,17450.91,netbanking,successful,,,1,2026-08-20 16:01:15.862165
PAY_000694,CUST_00601,34077.04,upi,successful,,,1,2026-06-30 06:35:15.862165
PAY_000695,CUST_01175,18141.0,upi,successful,,,1,2026-08-10 03:14:15.862165
PAY_000696,CUST_01558,15439.05,upi,successful,,,1,2026-06-05 00:59:15.862165
PAY_000697,CUST_01370,45386.86,card,successful,,,1,2026-06-20 05:22:15.862165
PAY_000698,CUST_00637,15215.79,upi,successful,,,1,2026-07-01 14:59:15.862165
PAY_000699,CUST_01736,34295.38,netbanking,failed,INSUFFICIENT_BALANCE,insufficient_funds,1,2026-06-06 22:45:15.862165
PAY_000700,CUST_00516,1792.59,upi,successful,,,1,2026-06-01 21:31:15.862165
PAY_000701,CUST_00608,27214.76,card,successful,,,1,2026-06-16 16:02:15.862165
PAY_000702,CUST_00009,15522.08,upi,successful,,,1,2026-08-15 04:04:15.862165
PAY_000703,CUST_01150,48465.58,card,successful,,,1,2026-06-07 13:45:15.862165
PAY_000704,CUST_01902,10928.79,upi,successful,,,1,2026-08-19 20:12:15.862165
PAY_000705,CUST_01343,10287.25,netbanking,successful,,,1,2026-06-15 07:00:15.862165
PAY_000706,CUST_01314,10484.57,upi,successful,,,1,2026-07-07 02:15:15.862165
PAY_000707,CUST_00257,18998.3,upi,successful,,,1,2026-06-23 13:52:15.862165
PAY_000708,CUST_00175,21325.97,card,successful,,,1,2026-05-29 17:00:15.862165
PAY_000709,CUST_00488,11293.72,upi,successful,,,1,2026-07-22 17:40:15.862165
PAY_000710,CUST_00269,20661.99,card,successful,,,1,2026-07-29 18:17:15.862165
PAY_000711,CUST_00563,46836.44,upi,successful,,,1,2026-07-13 18:19:15.862165
PAY_000712,CUST_01024,14928.66,card,failed,FUNDS_NOT_AVAILABLE,insufficient_funds,1,2026-07-21 06:15:15.863198
PAY_000713,CUST_00536,57806.63,upi,successful,,,1,2026-08-14 01:12:15.863198
PAY_000714,CUST_00699,35723.84,upi,successful,,,1,2026-07-19 21:24:15.863198
PAY_000715,CUST_01682,15601.22,upi,successful,,,1,2026-05-30 18:20:15.863198
PAY_000716,CUST_00848,11576.74,card,failed,PROCESSING_TIMEOUT,timeout,1,2026-08-24 12:44:15.863198
PAY_000717,CUST_00716,32516.52,upi,successful,,,1,2026-07-10 02:22:15.863198
PAY_000718,CUST_00139,1570.31,card,failed,INSTRUMENT_BLOCKED,blocked_instrument,1,2026-08-08 04:50:15.863198
PAY_000719,CUST_00131,36512.5,upi,successful,,,1,2026-08-18 07:59:15.863198
PAY_000720,CUST_01317,13162.7,card,successful,,,1,2026-07-01 14:32:15.863198
PAY_000721,CUST_01725,21453.68,card,successful,,,1,2026-08-25 11:33:15.863198
PAY_000722,CUST_01616,6097.61,upi,successful,,,1,2026-06-18 14:21:15.863198
PAY_000723,CUST_00316,10302.07,card,successful,,,1,2026-08-04 10:17:15.863198
PAY_000724,CUST_00467,17989.93,upi,failed,BANK_TEMPORARY_ERROR,temporary_bank_failure,1,2026-08-22 04:13:15.863198
PAY_000725,CUST_01476,20290.12,card,successful,,,1,2026-06-24 10:53:15.863198
PAY_000726,CUST_01088,41411.86,card,successful,,,1,2026-07-07 07:08:15.863198
PAY_000727,CUST_00528,47199.51,card,failed,BANK_TEMPORARY_ERROR,temporary_bank_failure,1,2026-07-02 22:03:15.863198
PAY_000728,CUST_01044,40979.45,card,successful,,,1,2026-07-14 13:09:15.863198
PAY_000729,CUST_01469,13869.4,upi,successful,,,1,2026-05-27 22:19:15.863198
PAY_000730,CUST_01939,22847.53,upi,successful,,,1,2026-05-28 02:40:15.863198
PAY_000731,CUST_01053,16483.46,upi,successful,,,1,2026-06-20 04:02:15.863198
PAY_000732,CUST_01752,21434.66,netbanking,successful,,,1,2026-08-13 15:08:15.864262
PAY_000733,CUST_01751,81024.55,upi,failed,INSUFFICIENT_BALANCE,insufficient_funds,1,2026-06-21 13:44:15.864262
PAY_000734,CUST_00768,47426.74,netbanking,successful,,,1,2026-08-04 08:03:15.864262
PAY_000735,CUST_01845,93307.88,card,successful,,,1,2026-06-01 22:38:15.864262
PAY_000736,CUST_00966,84283.36,card,successful,,,1,2026-07-21 04:26:15.864262
PAY_000737,CUST_00088,15885.43,upi,successful,,,1,2026-06-05 16:30:15.864262
PAY_000738,CUST_01931,4471.66,upi,successful,,,1,2026-08-04 02:52:15.864262
PAY_000739,CUST_01867,9500.59,upi,successful,,,1,2026-06-14 02:45:15.864262
PAY_000740,CUST_00940,4863.16,card,successful,,,1,2026-06-24 00:10:15.864262
PAY_000741,CUST_00945,33513.22,netbanking,successful,,,1,2026-06-21 23:46:15.864262
PAY_000742,CUST_00005,5920.91,upi,successful,,,1,2026-08-12 02:55:15.864262
PAY_000743,CUST_00688,25228.47,netbanking,successful,,,2,2026-06-07 09:38:15.864262
PAY_000744,CUST_01996,51237.32,card,successful,,,1,2026-08-04 07:48:15.864262
PAY_000745,CUST_00112,49082.87,netbanking,successful,,,1,2026-08-23 03:20:15.864262
PAY_000746,CUST_01706,21709.46,upi,successful,,,1,2026-08-04 20:39:15.864262
PAY_000747,CUST_00096,75093.58,upi,successful,,,1,2026-07-26 03:13:15.864262
PAY_000748,CUST_00278,26742.3,netbanking,successful,,,1,2026-08-15 04:16:15.864262
PAY_000749,CUST_00070,18388.83,netbanking,successful,,,1,2026-08-16 15:34:15.864262
PAY_000750,CUST_00005,23594.92,upi,successful,,,1,2026-08-06 15:58:15.864262
PAY_000751,CUST_01718,14733.84,upi,failed,UNSPECIFIED_DECLINE,unknown_failure,1,2026-07-11 20:58:15.864262
PAY_000752,CUST_01712,40953.65,card,failed,UNKNOWN_ERROR,unknown_failure,1,2026-07-29 15:29:15.864262
PAY_000753,CUST_01321,35846.81,upi,successful,,,1,2026-06-06 17:08:15.864262
PAY_000754,CUST_00437,10891.63,upi,successful,,,1,2026-07-26 07:03:15.864262
PAY_000755,CUST_01698,8419.69,card,failed,LIMIT_EXCEEDED,limit_exceeded,1,2026-06-01 00:49:15.864262
PAY_000756,CUST_01164,29864.29,upi,successful,,,1,2026-06-03 23:43:15.864262
PAY_000757,CUST_01425,11239.88,card,successful,,,1,2026-07-22 15:23:15.864262
PAY_000758,CUST_01390,24235.53,upi,successful,,,1,2026-08-08 01:54:15.865396
PAY_000759,CUST_01045,43515.61,upi,successful,,,1,2026-08-25 18:52:15.865396
PAY_000760,CUST_01024,14070.72,upi,successful,,,1,2026-08-12 02:10:15.865396
PAY_000761,CUST_00370,7286.1,card,failed,UNSPECIFIED_DECLINE,unknown_failure,1,2026-07-24 07:46:15.865396
PAY_000762,CUST_01827,6554.98,upi,failed,PROCESSING_TIMEOUT,timeout,1,2026-07-29 17:40:15.865396
PAY_000763,CUST_00419,23215.08,upi,successful,,,1,2026-07-09 19:25:15.865396
PAY_000764,CUST_01238,12188.27,netbanking,successful,,,1,2026-06-27 01:19:15.865396
PAY_000765,CUST_01155,43467.55,upi,successful,,,1,2026-07-12 17:56:15.865396
PAY_000766,CUST_00631,46087.91,upi,failed,UNSPECIFIED_DECLINE,expired_instrument,1,2026-08-19 08:04:15.865396
PAY_000767,CUST_01739,33357.21,netbanking,successful,,,1,2026-07-15 00:05:15.865396
PAY_000768,CUST_01056,80514.84,upi,successful,,,1,2026-08-17 23:35:15.865396
PAY_000769,CUST_00133,28299.54,netbanking,successful,,,1,2026-07-05 05:29:15.865396
PAY_000770,CUST_01417,49618.58,card,successful,,,1,2026-06-29 17:07:15.865396
PAY_000771,CUST_00614,37272.92,upi,successful,,,1,2026-08-02 22:51:15.865396
PAY_000772,CUST_00737,12934.27,upi,successful,,,1,2026-06-07 08:14:15.865396
PAY_000773,CUST_01070,37166.56,upi,successful,,,1,2026-08-22 13:01:15.865396
PAY_000774,CUST_00122,33850.42,upi,successful,,,2,2026-08-23 07:58:15.865396
PAY_000775,CUST_00611,17852.79,netbanking,successful,,,1,2026-06-26 07:50:15.865396
PAY_000776,CUST_00998,20819.42,netbanking,successful,,,1,2026-08-14 07:35:15.865396
PAY_000777,CUST_01939,17851.39,upi,successful,,,1,2026-07-04 08:18:15.865396
PAY_000778,CUST_00923,34733.17,card,failed,FUNDS_NOT_AVAILABLE,insufficient_funds,1,2026-07-14 17:25:15.865396
PAY_000779,CUST_00172,14730.97,upi,successful,,,1,2026-07-02 03:29:15.865396
PAY_000780,CUST_01857,49276.85,upi,failed,UNSPECIFIED_DECLINE,insufficient_funds,1,2026-07-06 09:32:15.865396
PAY_000781,CUST_01071,37079.24,upi,successful,,,1,2026-07-07 03:22:15.865396
PAY_000782,CUST_00905,19708.57,upi,successful,,,1,2026-07-05 07:28:15.865396
PAY_000783,CUST_00056,19975.15,upi,successful,,,1,2026-08-04 14:50:15.865396
PAY_000784,CUST_01754,49914.45,card,successful,,,1,2026-08-07 05:53:15.865396
PAY_000785,CUST_01467,19192.78,upi,successful,,,1,2026-06-20 13:39:15.865396
PAY_000786,CUST_01192,9811.4,card,failed,BANK_TEMPORARY_ERROR,temporary_bank_failure,1,2026-07-14 01:58:15.865396
PAY_000787,CUST_00589,27355.18,card,successful,,,1,2026-08-21 22:54:15.866685
PAY_000788,CUST_01524,14981.97,upi,successful,,,1,2026-08-24 20:34:15.866685
PAY_000789,CUST_01651,10156.12,card,failed,PROCESSING_TIMEOUT,timeout,1,2026-07-29 06:52:15.866685
PAY_000790,CUST_00186,15071.06,upi,successful,,,1,2026-07-08 23:03:15.866685
PAY_000791,CUST_01050,72554.36,upi,successful,,,1,2026-06-19 04:20:15.866685
PAY_000792,CUST_01326,6959.69,upi,successful,,,1,2026-06-30 17:05:15.866685
PAY_000793,CUST_00703,69855.7,upi,successful,,,1,2026-05-30 05:21:15.866685
PAY_000794,CUST_01296,8913.89,upi,failed,POLICY_DECLINED,risk_decline,2,2026-08-08 15:15:15.866685
PAY_000795,CUST_00184,15479.2,upi,successful,,,1,2026-06-21 13:54:15.866685
PAY_000796,CUST_01633,98686.37,netbanking,successful,,,1,2026-06-12 13:03:15.866685
PAY_000797,CUST_01091,18755.94,netbanking,successful,,,1,2026-07-02 11:13:15.866685
PAY_000798,CUST_00271,32990.86,netbanking,successful,,,1,2026-07-19 05:54:15.866685
PAY_000799,CUST_01005,20566.86,card,successful,,,1,2026-07-27 07:55:15.866685
PAY_000800,CUST_01420,46925.83,upi,failed,NETWORK_TIMEOUT,timeout,1,2026-07-27 01:10:15.866685
PAY_000801,CUST_00164,13716.23,upi,failed,INSUFFICIENT_BALANCE,insufficient_funds,2,2026-08-25 08:38:15.866685
PAY_000802,CUST_00282,42175.8,card,successful,,,1,2026-08-24 07:31:15.866685
PAY_000803,CUST_00164,46666.91,upi,successful,,,1,2026-08-04 11:48:15.866685
PAY_000804,CUST_01588,6476.42,card,successful,,,1,2026-07-04 18:25:15.866685
PAY_000805,CUST_01665,43138.44,upi,successful,,,1,2026-07-14 06:34:15.866685
PAY_000806,CUST_01111,12896.56,card,successful,,,1,2026-08-07 15:59:15.866685
PAY_000807,CUST_00209,10485.72,card,failed,INSUFFICIENT_BALANCE,insufficient_funds,1,2026-08-06 18:26:15.866685
PAY_000808,CUST_01544,8526.25,upi,failed,BANK_SERVICE_UNAVAILABLE,temporary_bank_failure,1,2026-07-24 16:43:15.866685
PAY_000809,CUST_01101,14886.11,upi,failed,POLICY_DECLINED,risk_decline,2,2026-07-04 20:40:15.867714
PAY_000810,CUST_01828,6964.98,upi,failed,FUNDS_NOT_AVAILABLE,insufficient_funds,1,2026-07-29 00:24:15.867714
PAY_000811,CUST_01283,5332.58,upi,failed,BANK_SERVICE_UNAVAILABLE,temporary_bank_failure,1,2026-06-27 13:52:15.867714
PAY_000812,CUST_01000,30717.31,upi,successful,,,1,2026-06-25 21:27:15.867714
PAY_000813,CUST_01963,45443.04,upi,successful,,,1,2026-07-31 17:53:15.867714
PAY_000814,CUST_00848,17436.75,card,failed,INSTRUMENT_EXPIRED,expired_instrument,1,2026-06-24 00:34:15.867714
PAY_000815,CUST_01457,30712.64,netbanking,successful,,,1,2026-07-24 02:03:15.867714
PAY_000816,CUST_01168,96612.26,upi,successful,,,1,2026-06-19 11:25:15.867714
PAY_000817,CUST_01631,38428.52,card,successful,,,1,2026-07-14 05:13:15.867714
PAY_000818,CUST_01598,21669.33,upi,failed,BANK_TEMPORARY_ERROR,temporary_bank_failure,1,2026-07-01 23:07:15.867714
PAY_000819,CUST_01364,8322.21,netbanking,successful,,,1,2026-06-02 03:36:15.867714
PAY_000820,CUST_00407,40978.72,card,successful,,,1,2026-06-26 10:59:15.867714
PAY_000821,CUST_00789,43942.18,card,successful,,,1,2026-08-23 04:57:15.867714
PAY_000822,CUST_00777,1168.64,card,successful,,,1,2026-07-20 17:29:15.867714
PAY_000823,CUST_01285,29352.32,upi,successful,,,1,2026-06-23 12:18:15.867714
PAY_000824,CUST_00833,37791.94,upi,successful,,,2,2026-07-19 16:27:15.867714
PAY_000825,CUST_01590,16963.11,upi,successful,,,1,2026-07-17 20:42:15.867714
PAY_000826,CUST_01657,49210.83,card,successful,,,1,2026-08-08 12:09:15.867714
PAY_000827,CUST_00359,17232.48,upi,successful,,,1,2026-06-09 12:42:15.867714
PAY_000828,CUST_01180,6714.19,upi,successful,,,1,2026-07-13 12:54:15.867714
PAY_000829,CUST_00080,18548.66,card,successful,,,1,2026-08-23 13:37:15.867714
PAY_000830,CUST_00885,38786.26,upi,successful,,,1,2026-06-22 04:04:15.868693
PAY_000831,CUST_00026,43460.03,card,successful,,,1,2026-06-04 22:06:15.868693
PAY_000832,CUST_01831,14609.33,card,failed,POLICY_DECLINED,risk_decline,1,2026-08-20 18:55:15.868693
PAY_000833,CUST_01390,10114.02,card,successful,,,1,2026-07-08 13:05:15.868693
PAY_000834,CUST_01020,11482.41,card,successful,,,1,2026-08-23 04:08:15.868693
PAY_000835,CUST_00191,36610.03,card,successful,,,1,2026-08-17 19:59:15.868693
PAY_000836,CUST_00314,33936.0,card,successful,,,1,2026-07-20 22:55:15.868693
PAY_000837,CUST_00367,14170.54,upi,successful,,,1,2026-07-02 18:07:15.868693
PAY_000838,CUST_01874,34144.04,upi,successful,,,1,2026-06-13 23:30:15.868693
PAY_000839,CUST_01212,30672.73,upi,successful,,,1,2026-07-25 06:32:15.868693
PAY_000840,CUST_01800,43567.44,upi,successful,,,1,2026-07-20 17:03:15.868693
PAY_000841,CUST_00896,11321.05,card,successful,,,1,2026-08-16 06:00:15.868693
PAY_000842,CUST_01464,8856.34,upi,failed,INSUFFICIENT_BALANCE,insufficient_funds,1,2026-05-28 21:05:15.868693
PAY_000843,CUST_01827,1822.79,netbanking,successful,,,1,2026-07-03 10:38:15.868693
PAY_000844,CUST_01678,4533.87,upi,successful,,,1,2026-07-04 15:35:15.868693
PAY_000845,CUST_01491,16304.42,card,successful,,,1,2026-07-05 03:36:15.868693
PAY_000846,CUST_01277,40342.66,card,successful,,,1,2026-07-17 20:02:15.868693
PAY_000847,CUST_01283,12492.76,upi,failed,CARD_BLOCKED,blocked_instrument,2,2026-07-06 15:10:15.868693
PAY_000848,CUST_01602,39825.61,card,successful,,,1,2026-06-25 10:38:15.868693
PAY_000849,CUST_00983,20767.7,netbanking,successful,,,1,2026-07-02 12:00:15.868693
PAY_000850,CUST_00704,35766.09,netbanking,successful,,,1,2026-07-04 11:03:15.868693
PAY_000851,CUST_00602,11432.92,upi,successful,,,1,2026-07-08 07:47:15.868693
PAY_000852,CUST_00840,17671.37,upi,successful,,,1,2026-07-26 09:11:15.868693
PAY_000853,CUST_00518,35654.56,card,successful,,,1,2026-07-07 03:54:15.869689
PAY_000854,CUST_01159,19648.01,card,failed,,temporary_bank_failure,1,2026-07-24 17:52:15.869689
PAY_000855,CUST_01267,36033.29,upi,failed,FUNDS_NOT_AVAILABLE,insufficient_funds,1,2026-08-12 12:25:15.869689
PAY_000856,CUST_01057,45566.28,upi,successful,,,1,2026-07-19 09:46:15.869689
PAY_000857,CUST_00918,21866.08,netbanking,successful,,,1,2026-07-02 17:28:15.869689
PAY_000858,CUST_01921,18880.87,upi,successful,,,1,2026-08-11 21:28:15.869689
PAY_000859,CUST_01161,12642.64,upi,successful,,,1,2026-08-19 12:32:15.869689
PAY_000860,CUST_01651,8708.8,upi,successful,,,1,2026-07-22 16:39:15.869689
PAY_000861,CUST_00849,36502.6,card,successful,,,1,2026-06-12 20:46:15.869689
PAY_000862,CUST_01491,5752.81,upi,failed,CARD_EXPIRED,expired_instrument,2,2026-06-02 00:54:15.869689
PAY_000863,CUST_00391,40606.74,card,successful,,,2,2026-07-28 11:31:15.869689
PAY_000864,CUST_00966,52938.71,card,successful,,,1,2026-08-03 05:56:15.869689
PAY_000865,CUST_01961,28191.37,upi,successful,,,2,2026-07-08 03:38:15.869689
PAY_000866,CUST_00668,60272.04,netbanking,successful,,,1,2026-05-31 03:31:15.869689
PAY_000867,CUST_01439,28463.69,upi,successful,,,1,2026-08-23 19:34:15.869689
PAY_000868,CUST_00931,11104.64,upi,successful,,,1,2026-08-07 10:55:15.869689
PAY_000869,CUST_01638,48292.72,netbanking,successful,,,1,2026-08-20 08:33:15.869689
PAY_000870,CUST_01588,15666.27,netbanking,failed,BANK_SERVICE_UNAVAILABLE,temporary_bank_failure,1,2026-08-16 18:06:15.869689
PAY_000871,CUST_01669,8027.42,upi,failed,PROCESSING_TIMEOUT,timeout,1,2026-06-07 02:50:15.869689
PAY_000872,CUST_00319,16924.14,card,successful,,,1,2026-06-01 21:38:15.869689
PAY_000873,CUST_00936,31205.71,card,successful,,,1,2026-07-25 05:30:15.869689
PAY_000874,CUST_00978,2287.34,card,successful,,,1,2026-06-14 09:25:15.869689
PAY_000875,CUST_01768,31619.21,upi,successful,,,1,2026-07-22 07:19:15.869689
PAY_000876,CUST_00704,20495.11,upi,successful,,,2,2026-05-31 08:25:15.869689
PAY_000877,CUST_01492,29629.74,card,successful,,,1,2026-06-04 19:12:15.869689
PAY_000878,CUST_00025,43796.2,netbanking,successful,,,1,2026-06-28 12:50:15.869689
PAY_000879,CUST_00309,10021.08,upi,successful,,,1,2026-06-21 01:58:15.869689
PAY_000880,CUST_00691,96912.63,netbanking,successful,,,1,2026-07-05 04:01:15.870913
PAY_000881,CUST_01740,2457.31,card,successful,,,1,2026-06-02 14:43:15.870913
PAY_000882,CUST_01443,24220.77,upi,successful,,,1,2026-06-08 02:06:15.870913
PAY_000883,CUST_01215,16749.36,card,successful,,,1,2026-06-10 12:55:15.870913
PAY_000884,CUST_01308,14770.41,upi,successful,,,1,2026-05-31 14:13:15.870913
PAY_000885,CUST_00390,8462.71,upi,successful,,,1,2026-07-22 00:01:15.870913
PAY_000886,CUST_00889,12632.35,netbanking,successful,,,1,2026-07-08 22:12:15.870913
PAY_000887,CUST_00739,2240.18,upi,successful,,,1,2026-06-02 07:16:15.870913
PAY_000888,CUST_01776,22566.13,card,successful,,,1,2026-06-28 21:45:15.870913
PAY_000889,CUST_00128,6473.26,card,successful,,,1,2026-06-01 08:10:15.870913
PAY_000890,CUST_01271,21554.02,card,successful,,,1,2026-05-29 23:43:15.870913
PAY_000891,CUST_00777,27549.8,netbanking,failed,CUSTOMER_AUTH_FAILED,authentication_failed,1,2026-08-14 05:19:15.870913
PAY_000892,CUST_00703,30992.97,upi,successful,,,1,2026-08-07 01:26:15.870913
PAY_000893,CUST_00702,94914.8,upi,successful,,,1,2026-08-09 17:48:15.870913
PAY_000894,CUST_00518,10218.0,upi,successful,,,1,2026-06-24 21:17:15.870913
PAY_000895,CUST_01536,2999.94,upi,successful,,,1,2026-08-08 00:55:15.870913
PAY_000896,CUST_00068,23088.88,upi,successful,,,1,2026-07-13 04:06:15.870913
PAY_000897,CUST_01864,23026.94,upi,successful,,,1,2026-06-08 02:03:15.870913
PAY_000898,CUST_00620,48860.53,upi,successful,,,1,2026-06-14 02:26:15.870913
PAY_000899,CUST_00150,32652.07,card,failed,RISK_DECLINED,risk_decline,1,2026-06-08 06:42:15.870913
PAY_000900,CUST_01072,29155.72,card,successful,,,1,2026-07-07 17:42:15.870913
PAY_000901,CUST_01447,32965.64,netbanking,failed,FUNDS_NOT_AVAILABLE,insufficient_funds,1,2026-07-06 08:04:15.870913
PAY_000902,CUST_01892,49728.31,netbanking,successful,,,1,2026-07-28 01:06:15.872191
PAY_000903,CUST_00762,34302.71,upi,successful,,,1,2026-08-12 12:47:15.872191
PAY_000904,CUST_00383,11368.18,card,successful,,,1,2026-06-14 06:37:15.872191
PAY_000905,CUST_00812,44399.59,card,failed,BANK_TEMPORARY_ERROR,temporary_bank_failure,1,2026-06-07 16:48:15.872191
PAY_000906,CUST_00316,23350.12,netbanking,successful,,,2,2026-05-29 06:41:15.872191
PAY_000907,CUST_00070,11774.14,upi,successful,,,1,2026-08-13 22:50:15.872191
PAY_000908,CUST_00356,15264.77,upi,failed,NETWORK_TIMEOUT,timeout,1,2026-07-25 21:45:15.872191
PAY_000909,CUST_00342,74060.57,upi,successful,,,1,2026-06-14 00:58:15.872191
PAY_000910,CUST_01512,9885.86,upi,failed,INSUFFICIENT_BALANCE,insufficient_funds,1,2026-07-01 16:43:15.872191
PAY_000911,CUST_01431,21834.69,netbanking,failed,UNSPECIFIED_DECLINE,insufficient_funds,1,2026-06-29 12:42:15.872191
PAY_000912,CUST_01036,49232.34,upi,successful,,,1,2026-06-13 03:50:15.872191
PAY_000913,CUST_00430,28771.26,upi,successful,,,2,2026-07-15 22:41:15.872191
PAY_000914,CUST_01552,2967.45,upi,failed,,timeout,1,2026-06-09 09:18:15.872191
PAY_000915,CUST_01405,37857.31,card,successful,,,1,2026-08-05 11:08:15.872191
PAY_000916,CUST_00738,19795.56,upi,successful,,,1,2026-08-11 15:08:15.872191
PAY_000917,CUST_01870,5841.22,card,successful,,,1,2026-06-09 03:23:15.872191
PAY_000918,CUST_00569,7424.73,upi,successful,,,1,2026-08-03 12:59:15.872191
PAY_000919,CUST_00673,13982.18,netbanking,successful,,,2,2026-06-09 11:29:15.872191
PAY_000920,CUST_00404,3715.83,upi,successful,,,1,2026-07-09 12:25:15.872191
PAY_000921,CUST_00285,43616.81,card,successful,,,1,2026-06-30 19:14:15.872191
PAY_000922,CUST_00585,55166.23,card,successful,,,1,2026-05-31 07:51:15.872191
PAY_000923,CUST_01164,3223.19,upi,successful,,,1,2026-07-16 06:03:15.873190
PAY_000924,CUST_01802,48373.03,card,successful,,,1,2026-06-11 08:27:15.873190
PAY_000925,CUST_01871,68292.31,netbanking,successful,,,1,2026-08-02 05:36:15.873190
PAY_000926,CUST_00533,19243.76,upi,successful,,,1,2026-08-19 13:03:15.873190
PAY_000927,CUST_01804,19954.62,netbanking,successful,,,1,2026-07-03 00:10:15.873190
PAY_000928,CUST_00387,39613.62,card,failed,POLICY_DECLINED,risk_decline,1,2026-08-09 12:01:15.873190
PAY_000929,CUST_01091,11686.36,card,successful,,,1,2026-07-08 10:23:15.873190
PAY_000930,CUST_01422,9049.9,upi,successful,,,1,2026-08-08 11:58:15.873190
PAY_000931,CUST_01217,32416.19,upi,successful,,,1,2026-07-12 12:08:15.873190
PAY_000932,CUST_00829,38266.11,upi,successful,,,1,2026-08-22 17:16:15.873190
PAY_000933,CUST_00718,40280.86,upi,successful,,,1,2026-08-01 01:42:15.873190
PAY_000934,CUST_01537,13733.08,upi,successful,,,1,2026-06-07 11:42:15.873190
PAY_000935,CUST_00584,40851.59,upi,successful,,,1,2026-08-07 11:07:15.873190
PAY_000936,CUST_00903,47583.25,upi,successful,,,1,2026-06-24 17:56:15.873190
PAY_000937,CUST_00919,6838.01,upi,successful,,,1,2026-07-03 02:31:15.873190
PAY_000938,CUST_01141,22884.22,netbanking,successful,,,1,2026-08-04 18:41:15.873190
PAY_000939,CUST_00441,13888.01,netbanking,successful,,,1,2026-06-29 09:53:15.873190
PAY_000940,CUST_00174,44283.0,upi,successful,,,1,2026-06-25 18:04:15.873190
PAY_000941,CUST_01013,26935.86,netbanking,failed,UNKNOWN_ERROR,unknown_failure,1,2026-08-18 07:36:15.873190
PAY_000942,CUST_00769,12194.98,card,successful,,,1,2026-07-09 01:09:15.873190
PAY_000943,CUST_01985,24135.79,netbanking,failed,POLICY_DECLINED,risk_decline,1,2026-07-20 23:08:15.873190
PAY_000944,CUST_01955,35595.9,upi,failed,UNKNOWN_ERROR,unknown_failure,2,2026-07-09 20:15:15.873190
PAY_000945,CUST_00125,23376.33,netbanking,successful,,,1,2026-07-18 03:30:15.873190
PAY_000946,CUST_00285,24717.87,card,successful,,,1,2026-06-29 03:55:15.873190
PAY_000947,CUST_01456,2727.11,card,failed,UNSPECIFIED_DECLINE,unknown_failure,1,2026-07-09 18:28:15.873190
PAY_000948,CUST_01126,25820.2,card,successful,,,1,2026-07-24 19:07:15.873190
PAY_000949,CUST_00236,6597.79,upi,successful,,,1,2026-08-02 12:45:15.873190
PAY_000950,CUST_01233,38035.51,netbanking,successful,,,1,2026-06-08 12:41:15.873190
PAY_000951,CUST_01584,80458.03,upi,successful,,,1,2026-06-22 10:16:15.873190
PAY_000952,CUST_01198,26840.29,card,successful,,,1,2026-07-05 14:55:15.873190
PAY_000953,CUST_00076,7553.82,upi,successful,,,1,2026-07-09 03:56:15.873190
PAY_000954,CUST_00803,20038.01,card,successful,,,1,2026-07-04 01:42:15.874564
PAY_000955,CUST_01846,30418.41,upi,successful,,,2,2026-08-03 00:01:15.874564
PAY_000956,CUST_00661,48357.78,card,successful,,,1,2026-07-30 19:42:15.874564
PAY_000957,CUST_00494,8590.45,card,successful,,,1,2026-07-11 17:19:15.874564
PAY_000958,CUST_00477,23422.95,netbanking,successful,,,1,2026-07-28 06:14:15.874564
PAY_000959,CUST_01119,35674.48,card,successful,,,1,2026-07-22 20:49:15.874564
PAY_000960,CUST_01094,16785.24,netbanking,failed,TRANSACTION_LIMIT_EXCEEDED,limit_exceeded,1,2026-08-20 06:18:15.874564
PAY_000961,CUST_01506,80819.82,upi,failed,INSUFFICIENT_BALANCE,insufficient_funds,1,2026-06-07 22:27:15.874564
PAY_000962,CUST_00079,24724.05,upi,successful,,,1,2026-07-14 07:45:15.874564
PAY_000963,CUST_00647,16108.09,netbanking,successful,,,1,2026-07-26 17:58:15.874564
PAY_000964,CUST_00470,43603.96,card,successful,,,1,2026-07-12 03:29:15.874564
PAY_000965,CUST_01374,11776.85,upi,successful,,,1,2026-08-01 03:55:15.874564
PAY_000966,CUST_01524,97206.61,netbanking,successful,,,1,2026-06-09 13:48:15.874564
PAY_000967,CUST_01087,18759.08,card,successful,,,1,2026-05-31 07:14:15.874564
PAY_000968,CUST_00304,8167.22,upi,successful,,,1,2026-07-03 18:20:15.874564
PAY_000969,CUST_00996,46939.28,upi,successful,,,1,2026-07-20 06:48:15.874564
PAY_000970,CUST_01059,27223.26,upi,successful,,,1,2026-08-22 12:39:15.874564
PAY_000971,CUST_01558,49353.22,card,successful,,,1,2026-08-20 07:12:15.874564
PAY_000972,CUST_01600,21015.45,upi,successful,,,1,2026-08-15 23:06:15.874564
PAY_000973,CUST_01158,12030.48,upi,successful,,,1,2026-06-08 23:01:15.874564
PAY_000974,CUST_00069,17817.98,upi,successful,,,1,2026-07-16 21:24:15.874564
PAY_000975,CUST_01393,24623.93,upi,successful,,,1,2026-07-02 14:04:15.874564
PAY_000976,CUST_01884,44642.08,card,successful,,,1,2026-07-04 23:07:15.874564
PAY_000977,CUST_00147,3958.6,upi,failed,BANK_TEMPORARY_ERROR,temporary_bank_failure,1,2026-07-21 18:01:15.874564
PAY_000978,CUST_01318,21607.66,netbanking,successful,,,1,2026-06-13 01:48:15.874564
PAY_000979,CUST_01424,13400.64,upi,successful,,,1,2026-08-18 19:18:15.874564
PAY_000980,CUST_00158,40865.3,netbanking,successful,,,1,2026-06-02 23:59:15.874564
PAY_000981,CUST_01538,65730.43,upi,successful,,,1,2026-08-22 05:29:15.875676
PAY_000982,CUST_01568,14665.65,card,successful,,,2,2026-08-11 13:36:15.875676
PAY_000983,CUST_00527,18815.75,card,successful,,,1,2026-06-10 11:40:15.875676
PAY_000984,CUST_01873,42180.5,upi,successful,,,1,2026-07-19 02:23:15.875676
PAY_000985,CUST_00079,42102.35,upi,successful,,,1,2026-07-15 12:26:15.875676
PAY_000986,CUST_00714,30973.88,upi,successful,,,1,2026-08-11 19:16:15.875676
PAY_000987,CUST_00832,93826.11,upi,successful,,,1,2026-06-28 04:19:15.875676
PAY_000988,CUST_00088,24967.89,upi,successful,,,1,2026-07-27 05:32:15.875676
PAY_000989,CUST_00683,1454.46,netbanking,failed,UNSPECIFIED_DECLINE,blocked_instrument,1,2026-07-27 02:20:15.875676
PAY_000990,CUST_01811,38456.01,upi,successful,,,1,2026-08-07 05:36:15.875676
PAY_000991,CUST_00235,34940.24,card,successful,,,1,2026-08-08 03:17:15.875676
PAY_000992,CUST_00562,31555.69,upi,successful,,,1,2026-06-19 09:00:15.875676
PAY_000993,CUST_01473,36474.26,upi,successful,,,1,2026-05-30 15:37:15.875676
PAY_000994,CUST_01005,26437.58,upi,successful,,,1,2026-07-19 15:10:15.875676
PAY_000995,CUST_00864,28919.86,upi,successful,,,1,2026-08-16 23:06:15.875676
PAY_000996,CUST_00555,30262.32,upi,failed,NETWORK_TIMEOUT,timeout,1,2026-07-28 18:59:15.875676
PAY_000997,CUST_01526,26555.54,upi,successful,,,1,2026-08-01 14:20:15.875676
PAY_000998,CUST_00018,31953.67,upi,successful,,,1,2026-07-31 20:47:15.875676
PAY_000999,CUST_01580,22589.87,upi,successful,,,1,2026-08-21 15:30:15.875676
PAY_001000,CUST_00461,28028.62,upi,successful,,,1,2026-08-20 21:50:15.875676
PAY_001001,CUST_00015,17276.96,upi,successful,,,1,2026-06-16 14:48:15.875676
PAY_001002,CUST_01132,13800.45,upi,successful,,,1,2026-06-15 09:50:15.876815
PAY_001003,CUST_00122,25195.65,netbanking,successful,,,3,2026-06-26 07:51:15.876815
PAY_001004,CUST_00268,35938.51,upi,successful,,,1,2026-07-20 00:31:15.876815
PAY_001005,CUST_01537,9611.12,upi,successful,,,1,2026-08-06 04:08:15.878811
PAY_001006,CUST_00682,19538.28,upi,successful,,,1,2026-05-28 01:06:15.878811
PAY_001007,CUST_00925,15197.86,card,successful,,,1,2026-07-20 17:55:15.878811
PAY_001008,CUST_00732,36765.85,netbanking,failed,BANK_SERVICE_UNAVAILABLE,temporary_bank_failure,1,2026-07-01 22:38:15.878811
PAY_001009,CUST_00238,48526.66,netbanking,successful,,,1,2026-07-15 22:09:15.880804
PAY_001010,CUST_00301,23615.79,upi,failed,FUNDS_NOT_AVAILABLE,insufficient_funds,1,2026-06-22 00:57:15.880804
PAY_001011,CUST_01617,12294.05,upi,successful,,,1,2026-06-14 17:01:15.880804
PAY_001012,CUST_00752,38345.3,upi,successful,,,1,2026-08-09 01:53:15.880804
PAY_001013,CUST_01323,29481.67,upi,successful,,,1,2026-07-09 02:13:15.880804
PAY_001014,CUST_00357,17572.08,card,successful,,,1,2026-06-12 21:47:15.880804
PAY_001015,CUST_01277,19481.12,netbanking,successful,,,1,2026-06-30 10:30:15.881802
PAY_001016,CUST_01915,3240.06,upi,failed,PROCESSING_TIMEOUT,timeout,1,2026-07-09 08:24:15.881802
PAY_001017,CUST_01863,28605.66,upi,successful,,,1,2026-06-29 02:26:15.881802
PAY_001018,CUST_00098,7928.19,card,successful,,,1,2026-07-17 16:15:15.881802
PAY_001019,CUST_01004,1819.76,upi,successful,,,1,2026-07-15 17:04:15.881802
PAY_001020,CUST_01316,46250.73,card,successful,,,1,2026-07-20 23:25:15.881802
PAY_001021,CUST_01368,43534.27,upi,failed,BANK_SERVICE_UNAVAILABLE,temporary_bank_failure,1,2026-08-09 15:35:15.881802
PAY_001022,CUST_00723,43201.78,upi,failed,,insufficient_funds,1,2026-06-14 18:36:15.881802
PAY_001023,CUST_00751,32986.23,netbanking,successful,,,1,2026-08-07 13:41:15.881802
PAY_001024,CUST_01137,23785.23,card,successful,,,1,2026-05-27 06:30:15.882798
PAY_001025,CUST_01153,13741.48,card,failed,CUSTOMER_AUTH_FAILED,authentication_failed,1,2026-06-23 07:49:15.882798
PAY_001026,CUST_00769,9688.37,card,successful,,,1,2026-06-06 21:13:15.882798
PAY_001027,CUST_01325,27691.48,netbanking,successful,,,1,2026-08-22 05:34:15.882798
PAY_001028,CUST_00879,88557.52,upi,successful,,,1,2026-07-17 11:15:15.882798
PAY_001029,CUST_01989,29308.54,card,successful,,,1,2026-06-30 02:05:15.882798
PAY_001030,CUST_00136,22840.02,upi,failed,FUNDS_NOT_AVAILABLE,insufficient_funds,1,2026-05-28 19:15:15.882798
PAY_001031,CUST_00706,24584.38,upi,successful,,,1,2026-08-17 13:07:15.883917
PAY_001032,CUST_01829,25162.53,upi,successful,,,1,2026-08-01 21:47:15.883917
PAY_001033,CUST_00023,21997.49,netbanking,failed,PROCESSING_TIMEOUT,timeout,2,2026-07-24 14:25:15.883917
PAY_001034,CUST_00745,15421.85,upi,successful,,,1,2026-07-19 23:02:15.883917
PAY_001035,CUST_01802,37438.63,card,successful,,,2,2026-07-26 21:32:15.883917
PAY_001036,CUST_01716,22063.9,card,successful,,,1,2026-07-12 15:43:15.883917
PAY_001037,CUST_01466,43202.01,card,successful,,,1,2026-06-09 21:28:15.884917
PAY_001038,CUST_01980,39421.68,netbanking,successful,,,1,2026-07-05 10:40:15.884917
PAY_001039,CUST_01384,1530.82,upi,successful,,,1,2026-07-19 03:21:15.884917
PAY_001040,CUST_01475,7447.22,card,failed,AUTHENTICATION_FAILED,authentication_failed,1,2026-06-07 22:52:15.884917
PAY_001041,CUST_01814,44540.58,card,successful,,,1,2026-08-23 06:40:15.884917
PAY_001042,CUST_00495,4216.94,card,failed,UNSPECIFIED_DECLINE,expired_instrument,1,2026-08-08 19:02:15.884917
PAY_001043,CUST_01527,46640.1,upi,successful,,,1,2026-08-21 07:56:15.885914
PAY_001044,CUST_00571,57263.19,upi,successful,,,1,2026-07-07 09:01:15.885914
PAY_001045,CUST_00582,30233.1,card,successful,,,1,2026-06-29 13:20:15.885914
PAY_001046,CUST_00136,24113.58,card,successful,,,1,2026-06-10 17:53:15.885914
PAY_001047,CUST_01638,38507.39,upi,successful,,,1,2026-06-07 12:39:15.885914
PAY_001048,CUST_00055,3360.95,netbanking,failed,UNSPECIFIED_DECLINE,insufficient_funds,1,2026-06-20 21:59:15.885914
PAY_001049,CUST_00990,18245.17,upi,successful,,,1,2026-07-23 14:36:15.885914
PAY_001050,CUST_00627,38523.6,upi,failed,CARD_EXPIRED,expired_instrument,1,2026-07-29 20:32:15.885914
PAY_001051,CUST_01459,25013.71,upi,successful,,,1,2026-07-01 11:35:15.885914
PAY_001052,CUST_01068,1324.1,card,successful,,,2,2026-07-17 13:14:15.885914
PAY_001053,CUST_00814,48001.47,card,successful,,,1,2026-08-15 21:15:15.886910
PAY_001054,CUST_01433,48842.54,card,successful,,,1,2026-07-08 21:05:15.886910
PAY_001055,CUST_01772,5163.92,card,successful,,,1,2026-08-21 18:28:15.886910
PAY_001056,CUST_01312,1564.69,upi,successful,,,1,2026-05-30 17:03:15.886910
PAY_001057,CUST_01335,20572.94,upi,successful,,,1,2026-06-21 12:44:15.886910
PAY_001058,CUST_00599,45609.74,upi,successful,,,1,2026-07-03 19:55:15.886910
PAY_001059,CUST_00727,1875.76,upi,successful,,,1,2026-06-21 14:04:15.886910
PAY_001060,CUST_01706,48221.75,upi,successful,,,1,2026-08-16 01:00:15.886910
PAY_001061,CUST_00788,17974.15,upi,successful,,,1,2026-06-18 13:17:15.886910
PAY_001062,CUST_01334,4588.81,card,successful,,,1,2026-07-10 07:02:15.886910
PAY_001063,CUST_00164,33877.82,upi,successful,,,1,2026-08-03 10:44:15.886910
PAY_001064,CUST_00699,41910.7,card,successful,,,2,2026-08-01 01:04:15.886910
PAY_001065,CUST_00666,29353.67,upi,successful,,,2,2026-08-12 20:38:15.886910
PAY_001066,CUST_01269,20894.77,upi,successful,,,1,2026-07-06 05:09:15.886910
PAY_001067,CUST_00524,6688.45,netbanking,successful,,,1,2026-06-03 04:01:15.886910
PAY_001068,CUST_00148,26169.9,upi,successful,,,1,2026-06-19 02:24:15.886910
PAY_001069,CUST_00506,11308.18,card,successful,,,2,2026-07-08 09:01:15.886910
PAY_001070,CUST_00602,18210.61,card,successful,,,1,2026-06-11 11:58:15.886910
PAY_001071,CUST_01263,42859.7,upi,successful,,,1,2026-07-27 03:40:15.886910
PAY_001072,CUST_00225,14476.92,upi,failed,INSUFFICIENT_BALANCE,insufficient_funds,1,2026-05-31 07:35:15.886910
PAY_001073,CUST_01059,34125.4,netbanking,successful,,,1,2026-08-01 12:03:15.886910
PAY_001074,CUST_01550,52362.23,upi,successful,,,1,2026-08-19 00:40:15.886910
PAY_001075,CUST_01062,36869.4,upi,successful,,,1,2026-07-29 14:29:15.886910
PAY_001076,CUST_01366,38979.16,upi,successful,,,1,2026-06-09 18:41:15.886910
PAY_001077,CUST_00707,46430.71,upi,successful,,,1,2026-08-23 08:25:15.886910
PAY_001078,CUST_01427,15162.17,netbanking,successful,,,1,2026-06-13 10:15:15.886910
PAY_001079,CUST_00630,21800.35,upi,successful,,,1,2026-06-21 04:25:15.886910
PAY_001080,CUST_01047,6494.28,upi,successful,,,1,2026-08-25 14:46:15.886910
PAY_001081,CUST_00845,41668.79,netbanking,failed,AUTHENTICATION_FAILED,authentication_failed,1,2026-05-31 15:05:15.886910
PAY_001082,CUST_01903,9490.74,upi,successful,,,1,2026-07-03 13:40:15.886910
PAY_001083,CUST_01310,24279.75,netbanking,successful,,,1,2026-06-15 22:26:15.886910
PAY_001084,CUST_00122,36439.61,upi,successful,,,1,2026-08-08 18:00:15.886910
PAY_001085,CUST_00217,41416.39,upi,successful,,,1,2026-06-01 00:50:15.886910
PAY_001086,CUST_00070,34751.17,card,successful,,,1,2026-06-24 01:50:15.888396
PAY_001087,CUST_00830,1221.59,upi,failed,UNKNOWN_ERROR,unknown_failure,1,2026-08-06 10:11:15.888396
PAY_001088,CUST_01769,827.41,netbanking,successful,,,1,2026-08-12 04:34:15.888396
PAY_001089,CUST_01057,21141.03,card,successful,,,1,2026-08-02 20:10:15.888396
PAY_001090,CUST_01152,29615.49,upi,successful,,,1,2026-06-23 09:55:15.888396
PAY_001091,CUST_00460,30464.18,upi,successful,,,1,2026-06-12 11:21:15.888396
PAY_001092,CUST_01211,21867.37,card,successful,,,2,2026-08-24 05:03:15.888396
PAY_001093,CUST_00200,36386.6,netbanking,successful,,,1,2026-06-08 07:18:15.888396
PAY_001094,CUST_01461,6134.16,card,failed,INSTRUMENT_BLOCKED,blocked_instrument,1,2026-08-17 16:16:15.888396
PAY_001095,CUST_00005,35807.68,upi,failed,LIMIT_EXCEEDED,limit_exceeded,1,2026-08-06 05:19:15.888396
PAY_001096,CUST_00668,68750.9,card,successful,,,1,2026-08-15 15:22:15.888396
PAY_001097,CUST_01338,11384.11,card,successful,,,1,2026-07-27 12:10:15.888396
PAY_001098,CUST_01412,19934.53,upi,successful,,,1,2026-08-09 12:34:15.888396
PAY_001099,CUST_01437,26194.5,upi,successful,,,1,2026-08-24 09:35:15.888396
PAY_001100,CUST_00905,15616.52,netbanking,successful,,,1,2026-07-02 23:45:15.888396
PAY_001101,CUST_00789,32068.79,upi,failed,AUTHENTICATION_FAILED,authentication_failed,1,2026-07-19 16:36:15.888396
PAY_001102,CUST_01280,37820.24,upi,successful,,,2,2026-06-12 17:37:15.888396
PAY_001103,CUST_01716,7174.07,card,successful,,,2,2026-08-06 02:46:15.888396
PAY_001104,CUST_01445,36679.23,upi,successful,,,1,2026-08-25 09:28:15.888396
PAY_001105,CUST_00168,9340.96,upi,successful,,,1,2026-06-08 15:56:15.888396
PAY_001106,CUST_01042,62271.23,upi,successful,,,1,2026-08-24 02:47:15.888396
PAY_001107,CUST_00207,10348.78,netbanking,failed,BANK_TEMPORARY_ERROR,temporary_bank_failure,1,2026-07-05 22:24:15.888396
PAY_001108,CUST_00924,7158.93,upi,successful,,,1,2026-08-08 04:08:15.888396
PAY_001109,CUST_01468,25949.89,upi,successful,,,1,2026-08-21 11:16:15.888396
PAY_001110,CUST_00443,7179.17,upi,successful,,,1,2026-07-20 13:45:15.889538
PAY_001111,CUST_01991,32087.12,netbanking,successful,,,1,2026-05-31 19:24:15.889538
PAY_001112,CUST_01961,45450.2,card,successful,,,1,2026-08-24 21:36:15.889538
PAY_001113,CUST_00420,40512.33,upi,failed,PROCESSING_TIMEOUT,timeout,1,2026-06-29 23:28:15.889538
PAY_001114,CUST_00999,49733.92,card,successful,,,1,2026-07-20 17:28:15.889538
PAY_001115,CUST_01176,2232.17,upi,successful,,,1,2026-07-17 10:49:15.889538
PAY_001116,CUST_01911,13883.11,upi,successful,,,1,2026-07-06 11:30:15.889538
PAY_001117,CUST_00860,31768.94,netbanking,successful,,,1,2026-08-23 01:27:15.889538
PAY_001118,CUST_00529,38370.42,netbanking,successful,,,1,2026-05-27 17:48:15.889538
PAY_001119,CUST_01218,49537.74,card,successful,,,1,2026-08-13 15:45:15.889538
PAY_001120,CUST_01594,13873.93,netbanking,successful,,,1,2026-07-07 01:05:15.889538
PAY_001121,CUST_01901,28839.64,netbanking,successful,,,1,2026-07-24 12:04:15.889538
PAY_001122,CUST_00662,46223.8,upi,successful,,,1,2026-08-11 15:47:15.889538
PAY_001123,CUST_00425,32492.62,upi,successful,,,2,2026-08-17 08:01:15.889538
PAY_001124,CUST_01131,4676.34,upi,failed,PROCESSING_TIMEOUT,timeout,1,2026-08-15 11:27:15.889538
PAY_001125,CUST_00472,17177.94,upi,failed,BANK_TEMPORARY_ERROR,temporary_bank_failure,1,2026-06-09 04:52:15.889538
PAY_001126,CUST_01102,8881.11,upi,successful,,,1,2026-08-20 00:17:15.889538
PAY_001127,CUST_00233,20467.72,upi,successful,,,1,2026-05-29 17:21:15.889538
PAY_001128,CUST_01238,17210.87,card,successful,,,1,2026-06-23 14:52:15.889538
PAY_001129,CUST_00647,48111.09,upi,successful,,,1,2026-07-01 11:37:15.889538
PAY_001130,CUST_01039,5394.4,card,successful,,,1,2026-07-08 21:47:15.889538
PAY_001131,CUST_00670,44723.54,upi,successful,,,1,2026-08-16 14:44:15.889538
PAY_001132,CUST_01234,13859.48,upi,successful,,,1,2026-07-20 23:50:15.889538
PAY_001133,CUST_01210,38131.36,card,successful,,,1,2026-07-16 08:10:15.889538
PAY_001134,CUST_00629,48802.03,netbanking,successful,,,1,2026-08-05 15:59:15.889538
PAY_001135,CUST_01110,12767.42,upi,successful,,,1,2026-06-26 20:30:15.889538
PAY_001136,CUST_01389,8610.06,upi,successful,,,1,2026-05-28 19:14:15.889538
PAY_001137,CUST_01876,1769.66,card,successful,,,1,2026-07-15 13:17:15.889538
PAY_001138,CUST_01190,36079.63,upi,successful,,,1,2026-06-06 23:35:15.890862
PAY_001139,CUST_01239,34547.31,netbanking,failed,UNKNOWN_ERROR,unknown_failure,1,2026-07-24 01:28:15.890862
PAY_001140,CUST_01400,49488.84,upi,successful,,,1,2026-06-15 20:50:15.890862
PAY_001141,CUST_00312,49945.93,upi,successful,,,1,2026-06-08 19:19:15.890862
PAY_001142,CUST_01054,25949.31,netbanking,failed,PROCESSING_TIMEOUT,timeout,1,2026-06-04 09:06:15.890862
PAY_001143,CUST_01244,14524.6,upi,failed,TRANSACTION_LIMIT_EXCEEDED,limit_exceeded,1,2026-07-08 21:43:15.890862
PAY_001144,CUST_00503,40547.94,card,successful,,,1,2026-08-20 02:24:15.890862
PAY_001145,CUST_01556,35134.89,upi,successful,,,1,2026-06-07 13:39:15.890862
PAY_001146,CUST_00524,12029.53,card,successful,,,1,2026-07-25 11:00:15.890862
PAY_001147,CUST_00740,12495.18,netbanking,successful,,,1,2026-07-04 13:41:15.890862
PAY_001148,CUST_00911,42594.63,netbanking,failed,AUTHENTICATION_FAILED,authentication_failed,1,2026-06-13 14:21:15.890862
PAY_001149,CUST_00787,2162.41,upi,failed,NETWORK_TIMEOUT,timeout,1,2026-07-31 05:20:15.890862
PAY_001150,CUST_01676,21778.53,netbanking,successful,,,1,2026-07-19 05:47:15.890862
PAY_001151,CUST_00850,28631.89,card,successful,,,1,2026-08-03 18:20:15.890862
PAY_001152,CUST_00859,37574.68,netbanking,successful,,,1,2026-06-18 11:35:15.890862
PAY_001153,CUST_00105,40078.03,upi,successful,,,1,2026-08-11 01:39:15.890862
PAY_001154,CUST_00342,6852.45,upi,successful,,,1,2026-07-20 15:26:15.890862
PAY_001155,CUST_00710,11008.42,netbanking,successful,,,1,2026-06-29 23:37:15.890862
PAY_001156,CUST_01164,13852.53,card,successful,,,1,2026-07-15 23:26:15.890862
PAY_001157,CUST_00912,19534.14,card,failed,NETWORK_TIMEOUT,timeout,1,2026-08-08 00:43:15.890862
PAY_001158,CUST_01306,8865.33,upi,successful,,,1,2026-06-20 13:22:15.890862
PAY_001159,CUST_01979,38872.78,upi,successful,,,1,2026-05-28 11:57:15.890862
PAY_001160,CUST_01714,28582.21,netbanking,successful,,,1,2026-05-26 20:46:15.890862
PAY_001161,CUST_00947,48062.65,upi,successful,,,1,2026-08-08 15:46:15.890862
PAY_001162,CUST_01668,15767.62,netbanking,successful,,,1,2026-07-22 03:26:15.890862
PAY_001163,CUST_00758,26546.5,card,failed,UNSPECIFIED_DECLINE,unknown_failure,1,2026-06-29 20:05:15.890862
PAY_001164,CUST_01621,25309.21,netbanking,successful,,,1,2026-07-01 10:26:15.890862
PAY_001165,CUST_00633,44105.07,upi,failed,BANK_SERVICE_UNAVAILABLE,temporary_bank_failure,1,2026-08-19 22:29:15.892172
PAY_001166,CUST_01654,7335.12,upi,failed,BANK_SERVICE_UNAVAILABLE,temporary_bank_failure,1,2026-06-15 18:20:15.892172
PAY_001167,CUST_00139,4731.57,upi,successful,,,1,2026-07-21 20:04:15.892172
PAY_001168,CUST_01914,36384.0,upi,failed,,expired_instrument,1,2026-07-03 18:03:15.892172
PAY_001169,CUST_00317,15983.82,netbanking,successful,,,2,2026-07-27 21:16:15.892172
PAY_001170,CUST_01840,27174.89,upi,successful,,,1,2026-06-02 00:28:15.892172
PAY_001171,CUST_00017,1428.88,card,successful,,,1,2026-08-09 09:01:15.892172
PAY_001172,CUST_00594,26641.56,card,failed,BANK_TEMPORARY_ERROR,temporary_bank_failure,1,2026-05-31 18:38:15.892172
PAY_001173,CUST_01655,8417.04,upi,successful,,,1,2026-08-02 00:33:15.892172
PAY_001174,CUST_01018,33974.16,upi,successful,,,1,2026-07-21 14:30:15.892172
PAY_001175,CUST_01292,63037.07,upi,successful,,,1,2026-08-06 13:26:15.892172
PAY_001176,CUST_00294,83987.29,upi,successful,,,1,2026-08-17 12:38:15.892172
PAY_001177,CUST_01088,1920.9,card,failed,FUNDS_NOT_AVAILABLE,insufficient_funds,2,2026-06-05 08:13:15.892172
PAY_001178,CUST_01685,15616.98,upi,successful,,,1,2026-07-27 22:39:15.892172
PAY_001179,CUST_00022,36753.82,upi,successful,,,1,2026-08-11 05:04:15.892172
PAY_001180,CUST_01923,20661.85,netbanking,successful,,,1,2026-06-26 11:06:15.892172
PAY_001181,CUST_01319,21889.72,upi,successful,,,1,2026-08-11 23:13:15.892172
PAY_001182,CUST_01522,1040.91,upi,successful,,,1,2026-06-24 02:02:15.892172
PAY_001183,CUST_00364,11070.73,card,successful,,,1,2026-06-18 23:21:15.892172
PAY_001184,CUST_00052,10883.21,netbanking,successful,,,1,2026-06-08 22:19:15.892172
PAY_001185,CUST_00713,5869.88,upi,successful,,,1,2026-06-28 15:45:15.892172
PAY_001186,CUST_00825,72438.23,card,successful,,,2,2026-07-10 06:12:15.893201
PAY_001187,CUST_01493,1092.2,upi,successful,,,1,2026-08-13 02:59:15.893201
PAY_001188,CUST_01976,18195.54,card,successful,,,1,2026-08-18 00:42:15.893201
PAY_001189,CUST_01390,7466.11,card,successful,,,1,2026-06-13 05:20:15.893201
PAY_001190,CUST_00689,6458.63,upi,failed,NETWORK_TIMEOUT,timeout,1,2026-07-10 05:14:15.893201
PAY_001191,CUST_01484,16256.84,upi,successful,,,1,2026-06-28 00:01:15.893201
PAY_001192,CUST_01259,9297.99,card,failed,BANK_TEMPORARY_ERROR,temporary_bank_failure,2,2026-06-04 16:43:15.893201
PAY_001193,CUST_00586,45163.06,card,successful,,,1,2026-07-14 07:55:15.893201
PAY_001194,CUST_00624,14085.96,upi,successful,,,1,2026-05-27 02:14:15.893201
PAY_001195,CUST_01671,32567.93,upi,successful,,,1,2026-08-21 05:06:15.893201
PAY_001196,CUST_01481,3974.6,card,successful,,,1,2026-05-30 10:39:15.893201
PAY_001197,CUST_00461,28899.07,upi,successful,,,1,2026-07-08 07:30:15.893201
PAY_001198,CUST_01528,7139.65,upi,successful,,,1,2026-07-28 03:17:15.893201
PAY_001199,CUST_01619,16385.69,netbanking,successful,,,1,2026-06-12 01:55:15.893201
PAY_001200,CUST_01552,10280.18,card,failed,TRANSACTION_LIMIT_EXCEEDED,limit_exceeded,1,2026-06-23 22:19:15.893201
PAY_001201,CUST_00027,27172.19,upi,successful,,,1,2026-08-02 07:56:15.893201
PAY_001202,CUST_00354,28029.57,upi,successful,,,1,2026-07-09 20:38:15.894616
PAY_001203,CUST_00558,12417.37,netbanking,failed,CARD_EXPIRED,expired_instrument,1,2026-08-16 06:44:15.894616
PAY_001204,CUST_00806,18676.74,upi,successful,,,1,2026-07-01 10:16:15.894616
PAY_001205,CUST_01767,44877.08,netbanking,successful,,,1,2026-07-06 23:14:15.894616
PAY_001206,CUST_00233,5262.14,card,successful,,,1,2026-06-20 20:12:15.894616
PAY_001207,CUST_00742,21738.61,upi,successful,,,1,2026-07-27 03:29:15.894616
PAY_001208,CUST_00728,2978.9,upi,successful,,,1,2026-07-09 11:17:15.894616
PAY_001209,CUST_00152,27857.29,card,successful,,,1,2026-07-06 23:49:15.894616
PAY_001210,CUST_00037,4543.95,card,successful,,,1,2026-06-12 17:41:15.894616
PAY_001211,CUST_01415,3213.71,upi,successful,,,1,2026-06-14 13:18:15.894616
PAY_001212,CUST_01092,19141.92,upi,successful,,,1,2026-06-22 01:33:15.894616
PAY_001213,CUST_01556,30448.69,card,successful,,,1,2026-07-08 00:17:15.894616
PAY_001214,CUST_01117,12543.63,card,successful,,,1,2026-07-22 22:27:15.894616
PAY_001215,CUST_01238,9489.23,card,failed,INSUFFICIENT_BALANCE,insufficient_funds,1,2026-08-02 07:51:15.894616
PAY_001216,CUST_00976,35627.03,card,successful,,,1,2026-06-08 17:28:15.894616
PAY_001217,CUST_01076,73722.14,netbanking,successful,,,1,2026-06-26 06:27:15.894616
PAY_001218,CUST_00399,14694.3,upi,successful,,,1,2026-06-23 13:11:15.894616
PAY_001219,CUST_00184,44165.14,card,failed,INSTRUMENT_BLOCKED,blocked_instrument,1,2026-07-10 05:01:15.894616
PAY_001220,CUST_01950,37969.4,card,successful,,,1,2026-07-23 07:48:15.894616
PAY_001221,CUST_00272,12870.36,netbanking,successful,,,1,2026-07-15 00:24:15.894616
PAY_001222,CUST_00947,27083.29,upi,successful,,,1,2026-07-28 02:16:15.894616
PAY_001223,CUST_00623,7508.05,netbanking,successful,,,1,2026-06-12 07:16:15.894616
PAY_001224,CUST_00278,16928.9,card,successful,,,1,2026-07-09 04:14:15.894616
PAY_001225,CUST_00601,98483.5,netbanking,successful,,,1,2026-08-08 23:59:15.894616
PAY_001226,CUST_01275,12252.65,card,successful,,,1,2026-07-07 06:14:15.894616
PAY_001227,CUST_01199,13370.61,card,successful,,,1,2026-06-25 13:03:15.895750
PAY_001228,CUST_01111,32283.18,card,successful,,,1,2026-06-14 16:02:15.895750
PAY_001229,CUST_00615,18850.99,card,successful,,,1,2026-06-23 16:58:15.895750
PAY_001230,CUST_00352,25386.27,upi,successful,,,1,2026-05-28 20:15:15.895750
PAY_001231,CUST_00104,26010.25,upi,successful,,,1,2026-08-22 07:26:15.895750
PAY_001232,CUST_01293,35785.75,upi,successful,,,1,2026-08-11 23:01:15.895750
PAY_001233,CUST_01404,19454.59,card,successful,,,1,2026-06-10 00:49:15.895750
PAY_001234,CUST_01065,42339.01,upi,successful,,,1,2026-08-20 03:00:15.895750
PAY_001235,CUST_01863,25662.99,netbanking,successful,,,2,2026-07-03 09:32:15.895750
PAY_001236,CUST_00497,43714.46,upi,successful,,,1,2026-08-18 13:54:15.895750
PAY_001237,CUST_01344,47181.02,upi,successful,,,1,2026-08-17 16:26:15.895750
PAY_001238,CUST_00264,17749.69,card,successful,,,1,2026-08-21 07:44:15.895750
PAY_001239,CUST_01549,51011.55,card,successful,,,1,2026-07-22 14:43:15.895750
PAY_001240,CUST_01145,14732.73,card,successful,,,1,2026-07-10 17:50:15.895750
PAY_001241,CUST_01876,17023.54,upi,successful,,,1,2026-08-18 16:13:15.895750
PAY_001242,CUST_01061,39082.41,upi,successful,,,1,2026-07-17 21:11:15.895750
PAY_001243,CUST_00304,60375.99,card,successful,,,2,2026-06-08 06:42:15.895750
PAY_001244,CUST_00170,42433.43,upi,successful,,,1,2026-06-12 10:23:15.895750
PAY_001245,CUST_00064,20275.82,netbanking,failed,POLICY_DECLINED,risk_decline,1,2026-06-19 16:00:15.895750
PAY_001246,CUST_00031,45024.76,netbanking,successful,,,1,2026-06-01 07:45:15.895750
PAY_001247,CUST_01184,21858.13,upi,successful,,,1,2026-05-27 07:17:15.895750
PAY_001248,CUST_00221,24722.76,card,successful,,,1,2026-06-03 11:07:15.895750
PAY_001249,CUST_01624,35577.08,upi,successful,,,1,2026-07-07 12:48:15.895750
PAY_001250,CUST_01805,3628.36,card,successful,,,1,2026-08-19 11:43:15.895750
PAY_001251,CUST_00698,78839.82,card,successful,,,1,2026-07-02 08:00:15.895750
PAY_001252,CUST_01789,27986.18,card,successful,,,1,2026-06-16 18:02:15.895750
PAY_001253,CUST_00334,2095.69,upi,successful,,,1,2026-08-07 10:22:15.895750
PAY_001254,CUST_00224,4388.37,card,successful,,,1,2026-07-10 10:43:15.895750
PAY_001255,CUST_00274,4420.64,card,successful,,,1,2026-08-06 06:58:15.896933
PAY_001256,CUST_00979,10073.4,upi,successful,,,1,2026-06-01 15:13:15.896933
PAY_001257,CUST_01540,41745.99,card,successful,,,1,2026-07-10 22:46:15.896933
PAY_001258,CUST_00542,97719.0,card,successful,,,1,2026-07-13 07:42:15.896933
PAY_001259,CUST_00237,49441.19,netbanking,successful,,,1,2026-07-16 06:45:15.896933
PAY_001260,CUST_01718,8009.59,netbanking,successful,,,1,2026-08-14 16:34:15.896933
PAY_001261,CUST_01250,5818.22,upi,successful,,,2,2026-06-06 05:06:15.896933
PAY_001262,CUST_01675,16945.41,upi,successful,,,1,2026-08-23 19:14:15.896933
PAY_001263,CUST_01321,36168.87,upi,successful,,,1,2026-06-01 06:06:15.896933
PAY_001264,CUST_01852,46074.95,card,failed,INSUFFICIENT_BALANCE,insufficient_funds,1,2026-06-24 09:38:15.896933
PAY_001265,CUST_01724,41187.97,card,failed,INSUFFICIENT_BALANCE,insufficient_funds,1,2026-06-17 12:34:15.896933
PAY_001266,CUST_01186,44910.75,netbanking,successful,,,1,2026-07-15 22:14:15.896933
PAY_001267,CUST_01529,14937.92,upi,failed,BANK_TEMPORARY_ERROR,temporary_bank_failure,1,2026-07-31 18:49:15.896933
PAY_001268,CUST_01890,9811.97,card,successful,,,1,2026-06-04 07:19:15.896933
PAY_001269,CUST_01394,28507.37,netbanking,successful,,,1,2026-08-20 18:14:15.896933
PAY_001270,CUST_00109,74248.27,netbanking,successful,,,1,2026-08-12 05:22:15.896933
PAY_001271,CUST_00393,16619.56,upi,successful,,,1,2026-08-15 19:31:15.896933
PAY_001272,CUST_00882,21646.61,netbanking,successful,,,1,2026-08-10 18:15:15.896933
PAY_001273,CUST_00073,36828.24,upi,successful,,,1,2026-07-26 16:31:15.896933
PAY_001274,CUST_00538,4683.35,upi,successful,,,1,2026-07-27 08:34:15.896933
PAY_001275,CUST_00130,6217.71,upi,successful,,,1,2026-06-25 00:49:15.896933
PAY_001276,CUST_01192,43365.13,upi,successful,,,1,2026-07-17 01:36:15.896933
PAY_001277,CUST_00735,2174.8,card,successful,,,1,2026-08-10 08:37:15.896933
PAY_001278,CUST_01068,34990.73,card,failed,INSTRUMENT_BLOCKED,blocked_instrument,1,2026-08-22 11:10:15.896933
PAY_001279,CUST_00394,46569.69,upi,successful,,,1,2026-08-23 09:56:15.896933
PAY_001280,CUST_00814,31538.65,card,successful,,,2,2026-06-06 13:32:15.896933
PAY_001281,CUST_01239,26212.69,upi,successful,,,2,2026-06-16 03:33:15.898119
PAY_001282,CUST_01212,7348.62,netbanking,successful,,,1,2026-06-18 11:58:15.898119
PAY_001283,CUST_01183,14641.59,card,failed,AUTHENTICATION_FAILED,authentication_failed,1,2026-07-22 00:27:15.898119
PAY_001284,CUST_00099,36951.68,upi,failed,INSUFFICIENT_BALANCE,insufficient_funds,1,2026-08-01 10:09:15.898119
PAY_001285,CUST_01200,13822.22,netbanking,successful,,,1,2026-07-20 02:10:15.898119
PAY_001286,CUST_01147,30023.93,upi,successful,,,1,2026-08-01 17:03:15.898119
PAY_001287,CUST_01147,18171.7,upi,successful,,,1,2026-07-07 06:59:15.898119
PAY_001288,CUST_00003,14342.28,card,successful,,,1,2026-06-27 03:02:15.898119
PAY_001289,CUST_01067,91602.2,upi,failed,CARD_EXPIRED,expired_instrument,1,2026-07-25 07:54:15.898119
PAY_001290,CUST_01416,21225.34,upi,successful,,,1,2026-05-30 01:07:15.898119
PAY_001291,CUST_00013,9690.47,upi,successful,,,1,2026-06-28 15:44:15.898119
PAY_001292,CUST_00452,12810.84,card,successful,,,1,2026-08-14 15:32:15.898119
PAY_001293,CUST_01395,32166.28,upi,successful,,,2,2026-06-08 02:34:15.898119
PAY_001294,CUST_01181,32952.75,upi,successful,,,1,2026-06-06 23:52:15.898119
PAY_001295,CUST_00450,38727.13,upi,successful,,,1,2026-07-27 02:01:15.898119
PAY_001296,CUST_00898,25295.33,upi,failed,FUNDS_NOT_AVAILABLE,insufficient_funds,1,2026-06-19 00:52:15.898119
PAY_001297,CUST_01283,48012.07,upi,successful,,,1,2026-06-25 13:45:15.898119
PAY_001298,CUST_00151,35609.85,upi,successful,,,1,2026-06-09 21:30:15.898119
PAY_001299,CUST_01968,40663.95,upi,successful,,,1,2026-06-27 12:37:15.898119
PAY_001300,CUST_00485,49855.48,upi,successful,,,1,2026-07-11 18:46:15.898119
PAY_001301,CUST_00223,3144.31,upi,successful,,,1,2026-07-15 05:12:15.898119
PAY_001302,CUST_01112,20483.94,card,successful,,,1,2026-07-22 05:18:15.898119
PAY_001303,CUST_01058,19489.27,upi,successful,,,1,2026-07-15 02:44:15.899131
PAY_001304,CUST_00656,28965.32,netbanking,successful,,,2,2026-06-17 07:37:15.899131
PAY_001305,CUST_01380,32044.28,netbanking,successful,,,1,2026-06-16 13:18:15.899131
PAY_001306,CUST_00124,45033.78,upi,successful,,,1,2026-06-19 13:04:15.899131
PAY_001307,CUST_00903,49657.62,upi,failed,CARD_EXPIRED,expired_instrument,1,2026-08-21 23:57:15.899131
PAY_001308,CUST_00633,17776.45,card,successful,,,1,2026-08-02 19:47:15.899131
PAY_001309,CUST_00191,91662.84,card,successful,,,1,2026-06-27 15:23:15.899131
PAY_001310,CUST_01578,15256.14,upi,failed,BANK_TEMPORARY_ERROR,temporary_bank_failure,1,2026-07-02 12:20:15.899131
PAY_001311,CUST_01744,12305.94,upi,successful,,,1,2026-05-29 16:23:15.899131
PAY_001312,CUST_01476,21190.29,upi,successful,,,1,2026-07-10 15:46:15.899131
PAY_001313,CUST_01908,48433.72,upi,successful,,,1,2026-08-05 04:40:15.899131
PAY_001314,CUST_00545,13630.77,card,failed,INSUFFICIENT_BALANCE,insufficient_funds,1,2026-06-23 19:05:15.899131
PAY_001315,CUST_00422,39805.36,card,successful,,,1,2026-06-07 00:04:15.899131
PAY_001316,CUST_00802,22596.87,upi,successful,,,1,2026-06-01 14:28:15.899131
PAY_001317,CUST_01083,27965.59,upi,failed,LIMIT_EXCEEDED,limit_exceeded,1,2026-06-07 04:09:15.899131
PAY_001318,CUST_00087,4812.39,netbanking,failed,UNSPECIFIED_DECLINE,unknown_failure,1,2026-06-12 10:59:15.900175
PAY_001319,CUST_00851,48868.5,upi,successful,,,1,2026-05-28 00:26:15.900175
PAY_001320,CUST_00413,33061.91,upi,successful,,,1,2026-07-08 10:48:15.900175
PAY_001321,CUST_00598,5381.06,card,successful,,,1,2026-07-18 03:17:15.900175
PAY_001322,CUST_01319,23505.61,upi,successful,,,1,2026-08-07 21:59:15.900175
PAY_001323,CUST_00696,11553.55,netbanking,successful,,,1,2026-06-12 16:46:15.900175
PAY_001324,CUST_01197,51308.8,card,successful,,,1,2026-07-18 14:04:15.900175
PAY_001325,CUST_01685,10177.87,card,successful,,,1,2026-06-06 09:50:15.900175
PAY_001326,CUST_01514,31011.2,netbanking,successful,,,1,2026-05-27 06:08:15.900175
PAY_001327,CUST_00519,14043.55,upi,successful,,,1,2026-08-10 21:53:15.900175
PAY_001328,CUST_01654,7344.62,upi,successful,,,1,2026-06-19 12:31:15.900175
PAY_001329,CUST_00959,72741.29,upi,successful,,,1,2026-06-29 17:45:15.900175
PAY_001330,CUST_00300,40523.29,upi,successful,,,1,2026-05-28 16:09:15.900175
PAY_001331,CUST_00577,26285.48,netbanking,successful,,,1,2026-07-25 12:29:15.900175
PAY_001332,CUST_01960,47266.72,upi,successful,,,1,2026-05-31 01:27:15.900175
PAY_001333,CUST_00314,49701.33,card,successful,,,2,2026-06-01 21:26:15.900175
PAY_001334,CUST_01191,8404.36,upi,successful,,,1,2026-05-30 07:25:15.900175
PAY_001335,CUST_01272,11058.83,upi,successful,,,1,2026-06-15 02:13:15.900175
PAY_001336,CUST_00825,80081.57,netbanking,failed,FUNDS_NOT_AVAILABLE,insufficient_funds,1,2026-08-11 05:07:15.900175
PAY_001337,CUST_02000,46180.5,card,successful,,,1,2026-07-27 02:21:15.900175
PAY_001338,CUST_00001,17076.01,upi,successful,,,1,2026-07-14 04:55:15.900175
PAY_001339,CUST_01345,10804.11,netbanking,successful,,,1,2026-08-02 14:27:15.900175
PAY_001340,CUST_01529,9327.15,card,failed,UNSPECIFIED_DECLINE,unknown_failure,1,2026-06-08 02:03:15.900175
PAY_001341,CUST_00098,11274.72,upi,successful,,,2,2026-06-18 09:50:15.901174
PAY_001342,CUST_00768,21048.06,upi,successful,,,1,2026-08-22 15:42:15.901174
PAY_001343,CUST_01645,41203.88,upi,successful,,,1,2026-08-14 00:09:15.901174
PAY_001344,CUST_00053,34849.83,netbanking,successful,,,1,2026-06-25 15:03:15.901174
PAY_001345,CUST_01166,9315.67,upi,successful,,,1,2026-05-27 16:52:15.901174
PAY_001346,CUST_00705,5698.42,upi,successful,,,1,2026-06-13 05:04:15.901174
PAY_001347,CUST_00158,24128.72,card,failed,PROCESSING_TIMEOUT,timeout,1,2026-07-06 03:43:15.901174
PAY_001348,CUST_01906,22550.77,upi,successful,,,1,2026-07-21 23:18:15.901174
PAY_001349,CUST_00269,7174.38,upi,successful,,,1,2026-08-09 06:45:15.901174
PAY_001350,CUST_01900,27177.29,card,successful,,,1,2026-06-04 00:21:15.901174
PAY_001351,CUST_00491,48651.14,upi,successful,,,1,2026-06-09 17:13:15.901174
PAY_001352,CUST_00029,3084.71,netbanking,failed,BANK_TEMPORARY_ERROR,temporary_bank_failure,1,2026-07-06 12:05:15.901174
PAY_001353,CUST_01029,2055.88,upi,successful,,,1,2026-08-23 03:24:15.901174
PAY_001354,CUST_01015,13576.46,upi,successful,,,1,2026-08-21 20:01:15.901174
PAY_001355,CUST_00932,11600.45,netbanking,successful,,,1,2026-06-07 15:08:15.901174
PAY_001356,CUST_00582,45326.55,card,successful,,,1,2026-05-30 11:51:15.901174
PAY_001357,CUST_00176,20968.88,upi,successful,,,1,2026-07-28 22:53:15.901174
PAY_001358,CUST_01948,34555.63,upi,failed,CARD_EXPIRED,expired_instrument,1,2026-07-15 12:40:15.901174
PAY_001359,CUST_00513,26162.35,upi,successful,,,1,2026-06-13 03:42:15.901174
PAY_001360,CUST_00870,42710.21,upi,successful,,,1,2026-06-22 00:05:15.901174
PAY_001361,CUST_01097,30422.47,upi,failed,LIMIT_EXCEEDED,limit_exceeded,1,2026-07-17 14:22:15.901174
PAY_001362,CUST_01717,60982.72,card,successful,,,1,2026-07-04 01:00:15.902171
PAY_001363,CUST_00891,46224.72,netbanking,successful,,,1,2026-07-03 22:46:15.902171
PAY_001364,CUST_01780,22372.04,card,failed,FUNDS_NOT_AVAILABLE,insufficient_funds,1,2026-08-12 19:01:15.902171
PAY_001365,CUST_00559,36866.39,upi,successful,,,1,2026-08-05 22:06:15.902171
PAY_001366,CUST_01961,49453.06,upi,successful,,,1,2026-07-07 18:17:15.902171
PAY_001367,CUST_01504,16798.54,netbanking,failed,INSTRUMENT_EXPIRED,expired_instrument,1,2026-06-06 09:32:15.902171
PAY_001368,CUST_00284,15827.55,card,successful,,,1,2026-08-25 05:17:15.902171
PAY_001369,CUST_01144,17085.62,netbanking,failed,UNSPECIFIED_DECLINE,unknown_failure,1,2026-08-03 00:52:15.902171
PAY_001370,CUST_00219,43098.94,upi,successful,,,1,2026-05-31 09:27:15.902171
PAY_001371,CUST_01781,32569.25,upi,successful,,,1,2026-07-06 18:28:15.902171
PAY_001372,CUST_00715,47395.32,upi,successful,,,1,2026-06-30 15:31:15.902171
PAY_001373,CUST_00199,12239.91,upi,successful,,,1,2026-08-02 05:02:15.902171
PAY_001374,CUST_01730,48365.35,upi,failed,POLICY_DECLINED,risk_decline,1,2026-06-22 04:18:15.902171
PAY_001375,CUST_00043,36645.6,upi,successful,,,1,2026-06-11 12:26:15.902171
PAY_001376,CUST_00923,36585.22,upi,successful,,,1,2026-06-25 22:00:15.902171
PAY_001377,CUST_00455,9569.08,upi,successful,,,1,2026-08-15 01:22:15.902171
PAY_001378,CUST_01154,2720.19,upi,successful,,,1,2026-06-01 22:07:15.902171
PAY_001379,CUST_00132,6350.64,card,successful,,,1,2026-06-25 10:48:15.902171
PAY_001380,CUST_00871,36017.39,upi,successful,,,1,2026-06-07 20:01:15.902171
PAY_001381,CUST_00645,7580.26,card,failed,FUNDS_NOT_AVAILABLE,insufficient_funds,1,2026-06-12 20:56:15.902171
PAY_001382,CUST_01251,26897.01,upi,failed,LIMIT_EXCEEDED,limit_exceeded,1,2026-06-25 17:43:15.902171
PAY_001383,CUST_00607,11555.88,upi,successful,,,3,2026-06-22 05:31:15.903167
PAY_001384,CUST_00552,77912.91,upi,successful,,,1,2026-08-16 02:00:15.903167
PAY_001385,CUST_01601,88305.76,upi,successful,,,1,2026-08-17 09:47:15.903167
PAY_001386,CUST_01304,10622.42,card,successful,,,1,2026-06-04 01:58:15.903167
PAY_001387,CUST_00897,33145.34,card,successful,,,1,2026-06-16 19:20:15.903167
PAY_001388,CUST_01385,7328.63,upi,successful,,,1,2026-06-12 16:22:15.903167
PAY_001389,CUST_00211,27394.49,upi,successful,,,1,2026-07-18 14:52:15.903167
PAY_001390,CUST_01407,3768.71,upi,failed,AUTHENTICATION_FAILED,authentication_failed,1,2026-07-01 02:24:15.903167
PAY_001391,CUST_00095,9053.16,upi,successful,,,1,2026-07-15 17:53:15.903167
PAY_001392,CUST_01274,17441.08,upi,successful,,,1,2026-06-25 06:46:15.903167
PAY_001393,CUST_00620,24429.91,upi,successful,,,1,2026-06-23 08:00:15.903167
PAY_001394,CUST_00243,54313.13,upi,successful,,,1,2026-08-12 14:23:15.903167
PAY_001395,CUST_01202,8436.33,upi,successful,,,1,2026-08-17 21:22:15.903167
PAY_001396,CUST_01892,26650.33,upi,successful,,,1,2026-06-29 09:10:15.903167
PAY_001397,CUST_00391,23176.31,netbanking,successful,,,1,2026-08-10 05:43:15.903167
PAY_001398,CUST_00593,14102.47,card,successful,,,1,2026-06-09 13:50:15.903167
PAY_001399,CUST_00898,25626.23,card,successful,,,1,2026-07-31 16:09:15.903167
PAY_001400,CUST_00861,38206.57,card,successful,,,1,2026-07-16 19:07:15.903167
PAY_001401,CUST_01844,64856.08,upi,successful,,,1,2026-07-20 03:05:15.903167
PAY_001402,CUST_00293,31785.03,card,failed,POLICY_DECLINED,risk_decline,1,2026-06-21 09:02:15.903167
PAY_001403,CUST_00886,6935.88,upi,successful,,,1,2026-08-15 22:21:15.903167
PAY_001404,CUST_00308,19318.26,card,failed,PROCESSING_TIMEOUT,timeout,1,2026-05-27 01:13:15.903167
PAY_001405,CUST_01922,45161.64,netbanking,successful,,,1,2026-05-27 17:29:15.904164
PAY_001406,CUST_01995,38704.19,upi,failed,UNSPECIFIED_DECLINE,unknown_failure,1,2026-06-10 15:13:15.904164
PAY_001407,CUST_01336,19331.76,upi,successful,,,1,2026-06-03 08:44:15.904164
PAY_001408,CUST_00233,42569.01,upi,successful,,,1,2026-07-16 15:21:15.904164
PAY_001409,CUST_00899,8465.23,upi,failed,PROCESSING_TIMEOUT,timeout,1,2026-07-26 23:10:15.904164
PAY_001410,CUST_00904,36590.05,upi,failed,BANK_TEMPORARY_ERROR,temporary_bank_failure,1,2026-06-18 18:03:15.904164
PAY_001411,CUST_00861,32134.55,upi,successful,,,1,2026-07-29 00:43:15.904164
PAY_001412,CUST_01945,3073.58,upi,successful,,,1,2026-06-11 15:57:15.904164
PAY_001413,CUST_01126,17958.0,upi,successful,,,1,2026-07-26 00:53:15.904164
PAY_001414,CUST_01721,9498.8,upi,successful,,,1,2026-05-27 15:44:15.904164
PAY_001415,CUST_01867,6458.77,upi,successful,,,1,2026-08-15 01:02:15.904164
PAY_001416,CUST_01358,20459.63,upi,successful,,,1,2026-06-06 02:09:15.904164
PAY_001417,CUST_01039,53641.5,card,successful,,,1,2026-06-23 10:40:15.904164
PAY_001418,CUST_01260,35158.08,card,successful,,,1,2026-06-21 22:00:15.904164
PAY_001419,CUST_00752,10481.56,card,successful,,,1,2026-06-28 09:00:15.904164
PAY_001420,CUST_00358,16211.63,card,successful,,,1,2026-05-29 03:09:15.904164
PAY_001421,CUST_01397,45279.09,netbanking,successful,,,1,2026-07-31 23:19:15.904164
PAY_001422,CUST_01931,21765.29,upi,successful,,,1,2026-07-27 17:32:15.904164
PAY_001423,CUST_01855,13372.52,upi,successful,,,1,2026-07-21 20:08:15.904164
PAY_001424,CUST_01035,13442.3,upi,successful,,,1,2026-08-03 08:01:15.904164
PAY_001425,CUST_01164,3246.26,netbanking,failed,CARD_BLOCKED,blocked_instrument,1,2026-06-23 17:18:15.905161
PAY_001426,CUST_00814,8515.74,upi,successful,,,1,2026-08-13 07:44:15.905161
PAY_001427,CUST_00914,35193.85,netbanking,failed,CARD_EXPIRED,expired_instrument,1,2026-06-14 10:37:15.905161
PAY_001428,CUST_01912,10867.93,upi,successful,,,1,2026-06-15 17:38:15.905161
PAY_001429,CUST_01152,5634.97,card,successful,,,1,2026-06-29 22:37:15.905161
PAY_001430,CUST_01187,42428.11,upi,successful,,,1,2026-07-05 14:41:15.905161
PAY_001431,CUST_00247,35224.3,upi,successful,,,1,2026-07-22 00:48:15.905161
PAY_001432,CUST_01140,5390.65,upi,successful,,,1,2026-08-13 19:05:15.905161
PAY_001433,CUST_01164,14255.65,card,successful,,,1,2026-07-15 00:14:15.905161
PAY_001434,CUST_00277,26410.0,card,successful,,,1,2026-07-01 07:12:15.905161
PAY_001435,CUST_01756,26157.5,card,successful,,,1,2026-08-21 10:46:15.905161
PAY_001436,CUST_01628,23797.27,card,successful,,,1,2026-08-07 20:30:15.905161
PAY_001437,CUST_00179,6507.62,card,successful,,,1,2026-08-03 08:43:15.905161
PAY_001438,CUST_00157,1054.52,netbanking,successful,,,1,2026-07-23 17:36:15.905161
PAY_001439,CUST_01734,70057.32,card,successful,,,1,2026-05-28 13:10:15.905161
PAY_001440,CUST_01269,24089.75,upi,successful,,,2,2026-08-22 16:53:15.905161
PAY_001441,CUST_00393,2515.14,upi,successful,,,1,2026-08-05 11:37:15.905161
PAY_001442,CUST_01831,1104.61,card,failed,PROCESSING_TIMEOUT,timeout,1,2026-06-09 05:14:15.905161
PAY_001443,CUST_01262,94521.21,card,successful,,,1,2026-08-14 06:40:15.905161
PAY_001444,CUST_01676,22310.17,upi,successful,,,1,2026-06-02 02:13:15.905161
PAY_001445,CUST_00949,29757.84,netbanking,successful,,,1,2026-06-16 11:16:15.905161
PAY_001446,CUST_01718,9355.17,upi,failed,TRANSACTION_LIMIT_EXCEEDED,limit_exceeded,1,2026-06-23 04:57:15.905161
PAY_001447,CUST_01637,15690.23,card,successful,,,1,2026-06-12 09:14:15.905161
PAY_001448,CUST_00113,13217.48,upi,successful,,,1,2026-08-10 23:56:15.905161
PAY_001449,CUST_00522,4434.84,upi,successful,,,1,2026-06-25 21:51:15.906250
PAY_001450,CUST_00396,30901.78,upi,failed,TRANSACTION_LIMIT_EXCEEDED,limit_exceeded,1,2026-08-06 23:44:15.906250
PAY_001451,CUST_01230,12091.0,upi,successful,,,3,2026-06-11 08:02:15.906250
PAY_001452,CUST_00337,832.79,upi,successful,,,1,2026-08-11 19:07:15.906250
PAY_001453,CUST_00003,1198.5,card,successful,,,1,2026-07-17 20:47:15.906250
PAY_001454,CUST_00535,21767.91,upi,successful,,,1,2026-06-01 10:59:15.906250
PAY_001455,CUST_01800,26376.72,upi,failed,BANK_SERVICE_UNAVAILABLE,temporary_bank_failure,1,2026-07-07 06:27:15.906250
PAY_001456,CUST_01001,17623.01,card,successful,,,1,2026-06-25 05:53:15.906250
PAY_001457,CUST_01550,83907.15,card,successful,,,1,2026-07-13 22:42:15.907247
PAY_001458,CUST_01765,13310.81,netbanking,successful,,,1,2026-06-19 18:06:15.907247
PAY_001459,CUST_01031,8254.17,upi,successful,,,1,2026-06-03 12:50:15.907247
PAY_001460,CUST_00468,29175.85,upi,successful,,,1,2026-08-09 07:09:15.907247
PAY_001461,CUST_01312,7595.51,upi,successful,,,1,2026-05-28 02:01:15.907247
PAY_001462,CUST_01628,21908.28,netbanking,failed,TRANSACTION_LIMIT_EXCEEDED,limit_exceeded,1,2026-07-27 05:57:15.907247
PAY_001463,CUST_00060,22170.57,netbanking,successful,,,1,2026-08-20 23:45:15.907247
PAY_001464,CUST_00743,36625.85,upi,successful,,,1,2026-06-30 06:11:15.907247
PAY_001465,CUST_01588,3375.85,upi,successful,,,2,2026-06-22 05:30:15.907247
PAY_001466,CUST_01415,6500.91,upi,successful,,,2,2026-06-23 20:46:15.908244
PAY_001467,CUST_01613,45655.41,card,successful,,,1,2026-07-12 01:46:15.908244
PAY_001468,CUST_01335,5280.11,card,successful,,,1,2026-06-01 06:17:15.908244
PAY_001469,CUST_00623,20313.22,card,failed,PROCESSING_TIMEOUT,timeout,1,2026-06-09 19:33:15.908244
PAY_001470,CUST_01581,14949.73,upi,successful,,,1,2026-07-23 09:56:15.908244
PAY_001471,CUST_00996,41964.26,card,successful,,,1,2026-07-22 03:58:15.908244
PAY_001472,CUST_00958,41705.42,upi,successful,,,1,2026-06-04 03:03:15.908244
PAY_001473,CUST_01814,6079.64,netbanking,successful,,,1,2026-07-09 16:38:15.908244
PAY_001474,CUST_00920,32571.82,card,successful,,,1,2026-07-07 12:16:15.908244
PAY_001475,CUST_00734,53109.82,card,failed,BANK_TEMPORARY_ERROR,temporary_bank_failure,1,2026-08-06 12:22:15.909241
PAY_001476,CUST_01356,32796.83,card,successful,,,1,2026-06-17 22:38:15.909241
PAY_001477,CUST_01413,43831.74,upi,successful,,,1,2026-06-10 00:46:15.909241
PAY_001478,CUST_01406,18134.34,card,successful,,,1,2026-08-17 20:27:15.909241
PAY_001479,CUST_01345,9015.52,card,successful,,,1,2026-07-25 00:31:15.909241
PAY_001480,CUST_01049,82980.76,upi,successful,,,1,2026-06-29 07:15:15.909241
PAY_001481,CUST_01787,43557.05,card,failed,RISK_DECLINED,risk_decline,1,2026-07-25 14:00:15.910237
PAY_001482,CUST_01106,23956.85,upi,successful,,,1,2026-08-25 13:57:15.910237
PAY_001483,CUST_01707,19942.34,upi,failed,FUNDS_NOT_AVAILABLE,insufficient_funds,1,2026-08-22 12:17:15.910237
PAY_001484,CUST_00057,20656.35,card,successful,,,1,2026-08-15 07:51:15.910237
PAY_001485,CUST_01494,20643.26,upi,failed,AUTHENTICATION_FAILED,authentication_failed,1,2026-05-31 10:55:15.911673
PAY_001486,CUST_01158,11970.87,upi,failed,BANK_SERVICE_UNAVAILABLE,temporary_bank_failure,1,2026-07-05 22:21:15.911673
PAY_001487,CUST_00280,19297.39,card,failed,AUTHENTICATION_FAILED,authentication_failed,1,2026-07-24 00:20:15.911673
PAY_001488,CUST_00478,29696.04,upi,successful,,,1,2026-08-25 17:04:15.911673
PAY_001489,CUST_01993,16673.36,upi,successful,,,1,2026-05-27 23:51:15.911673
PAY_001490,CUST_00166,38692.98,upi,successful,,,1,2026-07-14 02:10:15.912787
PAY_001491,CUST_01112,41909.06,upi,successful,,,1,2026-05-28 11:19:15.912787
PAY_001492,CUST_01662,15980.2,upi,successful,,,1,2026-06-19 09:58:15.912787
PAY_001493,CUST_00918,31713.61,upi,successful,,,1,2026-06-07 02:33:15.912787
PAY_001494,CUST_00899,6265.58,upi,successful,,,2,2026-06-02 23:20:15.912787
PAY_001495,CUST_00046,28557.7,upi,successful,,,1,2026-08-07 23:35:15.912787
PAY_001496,CUST_01819,27584.67,upi,successful,,,1,2026-06-29 00:18:15.912787
PAY_001497,CUST_00184,46459.79,upi,successful,,,1,2026-07-12 18:00:15.912787
PAY_001498,CUST_01574,33571.12,card,failed,RISK_DECLINED,risk_decline,1,2026-07-28 01:52:15.912787
PAY_001499,CUST_01320,1986.65,upi,successful,,,1,2026-05-28 16:29:15.912787
PAY_001500,CUST_01316,14484.89,upi,successful,,,1,2026-07-06 16:33:15.912787
PAY_001501,CUST_01622,3920.29,upi,successful,,,1,2026-06-23 08:50:15.912787
PAY_001502,CUST_00128,3379.78,upi,failed,LIMIT_EXCEEDED,limit_exceeded,1,2026-07-11 14:47:15.912787
PAY_001503,CUST_01811,38236.24,upi,successful,,,1,2026-08-21 11:35:15.913792
PAY_001504,CUST_00624,1986.53,upi,successful,,,1,2026-06-02 00:17:15.913792
PAY_001505,CUST_00690,24300.33,upi,successful,,,1,2026-08-18 16:20:15.913792
PAY_001506,CUST_01116,40504.58,upi,successful,,,1,2026-06-07 06:15:15.913792
PAY_001507,CUST_01692,93138.41,netbanking,successful,,,1,2026-08-19 14:25:15.913792
PAY_001508,CUST_01924,14030.72,netbanking,successful,,,1,2026-08-14 08:41:15.913792
PAY_001509,CUST_00180,12491.57,upi,successful,,,1,2026-07-29 09:30:15.913792
PAY_001510,CUST_00780,38263.1,card,successful,,,1,2026-07-23 05:18:15.913792
PAY_001511,CUST_01130,82519.58,upi,failed,TRANSACTION_LIMIT_EXCEEDED,limit_exceeded,1,2026-08-24 18:01:15.913792
PAY_001512,CUST_00317,49631.75,upi,successful,,,1,2026-06-27 11:18:15.913792
PAY_001513,CUST_00757,601.6,upi,successful,,,1,2026-06-15 12:20:15.913792
PAY_001514,CUST_00915,11908.14,card,failed,INSUFFICIENT_BALANCE,insufficient_funds,1,2026-08-21 16:44:15.913792
PAY_001515,CUST_00629,70250.68,netbanking,successful,,,1,2026-06-26 15:56:15.913792
PAY_001516,CUST_01872,46031.46,card,successful,,,1,2026-06-18 22:52:15.913792
PAY_001517,CUST_01259,6090.99,upi,successful,,,3,2026-08-10 16:47:15.913792
PAY_001518,CUST_01416,24910.31,upi,successful,,,1,2026-08-25 02:07:15.913792
PAY_001519,CUST_01476,41313.37,upi,successful,,,1,2026-07-16 20:59:15.913792
PAY_001520,CUST_00232,35291.05,netbanking,failed,NETWORK_TIMEOUT,timeout,1,2026-08-06 20:49:15.914951
PAY_001521,CUST_00409,21283.1,upi,successful,,,1,2026-06-02 00:36:15.914951
PAY_001522,CUST_00258,24568.35,upi,successful,,,1,2026-08-17 09:32:15.914951
PAY_001523,CUST_00772,11864.96,upi,successful,,,1,2026-07-24 16:45:15.914951
PAY_001524,CUST_00075,24413.33,upi,successful,,,1,2026-07-24 06:52:15.914951
PAY_001525,CUST_00898,22801.32,upi,failed,POLICY_DECLINED,risk_decline,1,2026-05-29 22:23:15.914951
PAY_001526,CUST_00410,35894.12,upi,failed,POLICY_DECLINED,risk_decline,1,2026-08-08 17:19:15.914951
PAY_001527,CUST_00818,8910.44,upi,successful,,,1,2026-06-12 06:15:15.914951
PAY_001528,CUST_00150,41348.44,upi,successful,,,1,2026-07-31 22:01:15.914951
PAY_001529,CUST_01211,29807.85,card,successful,,,1,2026-05-28 08:03:15.916229
PAY_001530,CUST_00248,18889.91,upi,failed,INSUFFICIENT_BALANCE,insufficient_funds,1,2026-06-20 23:16:15.916229
PAY_001531,CUST_01213,42151.14,card,successful,,,2,2026-08-23 11:47:15.917230
PAY_001532,CUST_00205,84080.92,upi,successful,,,1,2026-06-01 22:16:15.917230
PAY_001533,CUST_01492,35167.67,upi,successful,,,1,2026-07-21 11:24:15.917230
PAY_001534,CUST_01763,48947.43,upi,failed,RISK_DECLINED,risk_decline,1,2026-06-17 16:14:15.917230
PAY_001535,CUST_00135,30783.91,upi,successful,,,1,2026-07-19 03:19:15.917230
PAY_001536,CUST_00965,12441.89,upi,successful,,,1,2026-08-01 05:08:15.917230
PAY_001537,CUST_01618,4096.72,upi,successful,,,1,2026-07-29 19:05:15.917230
PAY_001538,CUST_01623,1213.68,upi,successful,,,1,2026-08-02 08:40:15.917230
PAY_001539,CUST_01249,35766.53,upi,successful,,,1,2026-08-16 00:53:15.917230
PAY_001540,CUST_00939,40623.53,card,successful,,,1,2026-07-15 05:35:15.917230
PAY_001541,CUST_01286,17969.81,upi,failed,UNSPECIFIED_DECLINE,blocked_instrument,1,2026-06-18 03:08:15.917230
PAY_001542,CUST_00198,7380.88,upi,successful,,,1,2026-05-27 20:58:15.918246
PAY_001543,CUST_00303,38028.65,upi,successful,,,2,2026-08-22 08:45:15.918246
PAY_001544,CUST_00126,46945.17,upi,failed,PROCESSING_TIMEOUT,timeout,1,2026-06-07 08:01:15.918246
PAY_001545,CUST_00250,12948.74,upi,successful,,,1,2026-08-08 15:36:15.918246
PAY_001546,CUST_01820,8022.73,upi,successful,,,1,2026-07-16 12:18:15.918246
PAY_001547,CUST_00657,59862.31,card,successful,,,1,2026-07-24 22:28:15.918246
PAY_001548,CUST_01757,3237.6,upi,successful,,,1,2026-06-08 09:17:15.918246
PAY_001549,CUST_01356,39102.62,card,successful,,,1,2026-06-12 17:03:15.918246
PAY_001550,CUST_01464,8149.93,card,successful,,,1,2026-08-14 09:47:15.918246
PAY_001551,CUST_01944,43612.2,card,successful,,,1,2026-07-02 17:47:15.918246
PAY_001552,CUST_00366,25119.14,upi,successful,,,1,2026-08-24 07:41:15.918246
PAY_001553,CUST_01583,6559.94,upi,failed,CUSTOMER_AUTH_FAILED,authentication_failed,1,2026-07-20 18:11:15.918246
PAY_001554,CUST_01316,15116.44,upi,successful,,,1,2026-07-02 16:19:15.919294
PAY_001555,CUST_01588,15969.34,upi,failed,PROCESSING_TIMEOUT,timeout,1,2026-07-17 03:17:15.919294
PAY_001556,CUST_00075,6424.43,upi,successful,,,1,2026-07-07 06:09:15.919294
PAY_001557,CUST_01520,49663.3,upi,successful,,,1,2026-06-05 11:13:15.919294
PAY_001558,CUST_01514,37176.35,upi,failed,PROCESSING_TIMEOUT,timeout,1,2026-06-20 11:51:15.919294
PAY_001559,CUST_01317,39106.03,upi,successful,,,1,2026-08-24 01:48:15.919294
PAY_001560,CUST_00456,47989.03,upi,failed,INSTRUMENT_EXPIRED,expired_instrument,1,2026-08-25 02:25:15.919294
PAY_001561,CUST_01405,16216.85,upi,successful,,,2,2026-07-23 12:04:15.919294
PAY_001562,CUST_00979,33516.57,netbanking,successful,,,1,2026-07-30 15:07:15.919294
PAY_001563,CUST_01020,39557.51,netbanking,failed,LIMIT_EXCEEDED,limit_exceeded,1,2026-07-19 21:59:15.919294
PAY_001564,CUST_01166,40791.74,netbanking,successful,,,1,2026-06-12 12:55:15.919294
PAY_001565,CUST_00600,5185.56,card,successful,,,1,2026-07-30 14:35:15.919294
PAY_001566,CUST_00069,14252.61,upi,failed,FUNDS_NOT_AVAILABLE,insufficient_funds,1,2026-06-27 08:13:15.919294
PAY_001567,CUST_00883,7873.03,card,successful,,,1,2026-07-24 21:16:15.920317
PAY_001568,CUST_00480,44758.98,card,failed,UNSPECIFIED_DECLINE,unknown_failure,1,2026-08-12 10:17:15.920317
PAY_001569,CUST_01969,25366.76,upi,successful,,,1,2026-06-20 19:18:15.920317
PAY_001570,CUST_01943,31441.44,netbanking,successful,,,1,2026-07-19 02:43:15.920317
PAY_001571,CUST_00355,47203.55,upi,successful,,,1,2026-08-10 17:37:15.920317
PAY_001572,CUST_00708,39949.33,card,successful,,,1,2026-07-15 08:12:15.920317
PAY_001573,CUST_01031,30583.6,upi,successful,,,1,2026-07-11 04:22:15.920317
PAY_001574,CUST_01580,24425.86,netbanking,successful,,,1,2026-06-22 00:24:15.920317
PAY_001575,CUST_00788,18644.23,upi,successful,,,1,2026-06-04 05:48:15.920317
PAY_001576,CUST_01567,33324.81,upi,failed,CARD_EXPIRED,expired_instrument,1,2026-08-20 17:57:15.920317
PAY_001577,CUST_00494,73587.31,upi,successful,,,1,2026-06-03 17:38:15.921353
PAY_001578,CUST_01548,20735.02,upi,successful,,,1,2026-06-01 01:01:15.921353
PAY_001579,CUST_00140,49120.19,upi,successful,,,1,2026-06-04 08:05:15.921353
PAY_001580,CUST_00788,9818.69,card,successful,,,1,2026-06-22 06:40:15.921353
PAY_001581,CUST_00697,18357.55,card,successful,,,1,2026-06-27 11:30:15.921353
PAY_001582,CUST_00762,4644.62,upi,successful,,,1,2026-08-24 16:29:15.921353
PAY_001583,CUST_01569,48105.5,card,successful,,,1,2026-07-05 12:55:15.921353
PAY_001584,CUST_01961,44571.64,upi,failed,INSUFFICIENT_BALANCE,insufficient_funds,1,2026-08-23 07:46:15.921353
PAY_001585,CUST_01281,19642.66,upi,successful,,,1,2026-06-12 15:20:15.922362
PAY_001586,CUST_00403,5695.93,card,failed,BANK_TEMPORARY_ERROR,temporary_bank_failure,1,2026-06-12 05:51:15.922362
PAY_001587,CUST_01742,32273.28,upi,successful,,,1,2026-07-04 16:35:15.922362
PAY_001588,CUST_01824,30031.77,upi,failed,BANK_SERVICE_UNAVAILABLE,temporary_bank_failure,1,2026-06-11 00:01:15.922362
PAY_001589,CUST_00025,22685.6,card,successful,,,1,2026-08-05 15:15:15.922362
PAY_001590,CUST_00663,8347.2,upi,failed,RISK_DECLINED,risk_decline,1,2026-08-18 12:37:15.922362
PAY_001591,CUST_01519,4391.3,card,failed,PROCESSING_TIMEOUT,timeout,1,2026-07-22 09:58:15.922362
PAY_001592,CUST_01466,7402.01,upi,successful,,,1,2026-07-10 18:09:15.922362
PAY_001593,CUST_00832,40905.25,upi,successful,,,1,2026-06-30 18:08:15.922362
PAY_001594,CUST_00910,31345.86,upi,failed,INSUFFICIENT_BALANCE,insufficient_funds,1,2026-08-09 13:51:15.923528
PAY_001595,CUST_00762,24475.45,upi,successful,,,1,2026-06-21 05:03:15.923528
PAY_001596,CUST_00968,40240.4,upi,successful,,,1,2026-08-21 09:24:15.923528
PAY_001597,CUST_01132,40944.91,card,successful,,,1,2026-08-16 13:43:15.923528
PAY_001598,CUST_01479,62042.65,upi,successful,,,1,2026-06-03 13:19:15.923528
PAY_001599,CUST_00626,81771.51,card,successful,,,1,2026-07-17 14:15:15.923528
PAY_001600,CUST_01186,29598.53,card,successful,,,2,2026-06-07 14:06:15.923528
PAY_001601,CUST_00241,5912.13,upi,successful,,,1,2026-06-04 17:43:15.923528
PAY_001602,CUST_01813,10038.0,card,failed,UNSPECIFIED_DECLINE,unknown_failure,1,2026-07-09 04:36:15.923528
PAY_001603,CUST_01255,43119.08,upi,successful,,,1,2026-08-12 12:29:15.923528
PAY_001604,CUST_00097,8931.03,upi,successful,,,1,2026-07-21 03:36:15.923528
PAY_001605,CUST_01483,19855.34,netbanking,failed,INSUFFICIENT_BALANCE,insufficient_funds,1,2026-07-11 12:25:15.923528
PAY_001606,CUST_01780,8237.85,upi,successful,,,1,2026-08-01 15:20:15.923528
PAY_001607,CUST_01697,75613.68,netbanking,successful,,,1,2026-07-29 11:46:15.923528
PAY_001608,CUST_00775,37352.83,upi,successful,,,1,2026-06-21 12:43:15.923528
PAY_001609,CUST_01123,47072.79,card,successful,,,1,2026-06-28 20:10:15.923528
PAY_001610,CUST_01250,28567.86,upi,successful,,,1,2026-06-20 09:54:15.923528
PAY_001611,CUST_00643,92208.66,upi,successful,,,1,2026-08-25 05:42:15.923528
PAY_001612,CUST_00834,10579.59,upi,failed,CARD_BLOCKED,blocked_instrument,1,2026-06-15 16:55:15.923528
PAY_001613,CUST_00002,11689.05,netbanking,successful,,,1,2026-08-20 07:53:15.924525
PAY_001614,CUST_01387,83297.37,upi,successful,,,1,2026-06-02 14:40:15.924525
PAY_001615,CUST_00737,6774.82,upi,successful,,,1,2026-06-26 13:50:15.924525
PAY_001616,CUST_01448,35917.59,upi,successful,,,1,2026-08-21 04:24:15.924525
PAY_001617,CUST_00775,16930.51,upi,failed,POLICY_DECLINED,risk_decline,1,2026-07-09 06:13:15.924525
PAY_001618,CUST_01170,5196.2,card,successful,,,1,2026-06-24 09:47:15.924525
PAY_001619,CUST_01356,39511.8,netbanking,successful,,,1,2026-07-23 08:37:15.924525
PAY_001620,CUST_00799,40127.79,upi,successful,,,1,2026-08-17 09:13:15.924525
PAY_001621,CUST_00331,16839.41,upi,successful,,,1,2026-06-28 15:30:15.924525
PAY_001622,CUST_01652,6932.73,card,successful,,,1,2026-07-01 12:37:15.924525
PAY_001623,CUST_01278,16427.52,card,successful,,,1,2026-06-18 18:27:15.924525
PAY_001624,CUST_01358,27640.26,upi,successful,,,1,2026-06-26 00:39:15.924525
PAY_001625,CUST_01610,49848.61,card,successful,,,1,2026-06-11 13:10:15.924525
PAY_001626,CUST_01637,48423.81,upi,successful,,,1,2026-07-14 09:55:15.924525
PAY_001627,CUST_01401,46755.93,upi,successful,,,2,2026-06-16 05:06:15.924525
PAY_001628,CUST_01314,3449.36,upi,successful,,,1,2026-08-05 11:28:15.924525
PAY_001629,CUST_01089,41166.19,card,failed,CUSTOMER_AUTH_FAILED,authentication_failed,1,2026-08-09 22:17:15.924525
PAY_001630,CUST_00878,35324.83,upi,successful,,,2,2026-08-24 08:12:15.924525
PAY_001631,CUST_01028,48154.43,upi,successful,,,1,2026-08-21 03:56:15.924525
PAY_001632,CUST_00429,32033.31,upi,successful,,,1,2026-07-13 06:30:15.924525
PAY_001633,CUST_01699,74650.05,card,successful,,,1,2026-06-07 19:19:15.924525
PAY_001634,CUST_00783,28406.94,upi,successful,,,1,2026-06-10 09:13:15.924525
PAY_001635,CUST_00497,36138.79,upi,failed,INSTRUMENT_EXPIRED,expired_instrument,1,2026-07-30 14:33:15.924525
PAY_001636,CUST_00485,4414.63,card,successful,,,1,2026-06-23 09:21:15.925521
PAY_001637,CUST_01841,21261.79,upi,successful,,,1,2026-08-17 14:36:15.925521
PAY_001638,CUST_01845,31708.93,upi,successful,,,1,2026-08-07 14:23:15.925521
PAY_001639,CUST_01196,31607.14,card,failed,UNSPECIFIED_DECLINE,unknown_failure,1,2026-07-25 08:19:15.925521
PAY_001640,CUST_00654,43506.4,upi,successful,,,1,2026-05-31 01:58:15.925521
PAY_001641,CUST_00415,8278.62,upi,failed,BANK_TEMPORARY_ERROR,temporary_bank_failure,1,2026-08-22 03:25:15.925521
PAY_001642,CUST_01570,16750.46,upi,successful,,,1,2026-08-16 06:18:15.925521
PAY_001643,CUST_00655,24157.4,card,successful,,,1,2026-06-11 16:55:15.925521
PAY_001644,CUST_01171,7099.04,card,successful,,,1,2026-08-01 15:21:15.925521
PAY_001645,CUST_00624,32761.58,upi,successful,,,2,2026-07-19 15:03:15.925521
PAY_001646,CUST_01951,20075.65,card,failed,CARD_EXPIRED,expired_instrument,1,2026-06-28 15:18:15.925521
PAY_001647,CUST_00898,32042.86,card,successful,,,1,2026-05-29 16:59:15.925521
PAY_001648,CUST_00048,36939.97,card,successful,,,1,2026-07-09 16:12:15.925521
PAY_001649,CUST_00499,7923.51,netbanking,successful,,,1,2026-06-26 20:06:15.925521
PAY_001650,CUST_01979,4452.73,card,successful,,,1,2026-08-20 21:42:15.925521
PAY_001651,CUST_00582,35336.63,card,successful,,,1,2026-07-25 04:06:15.925521
PAY_001652,CUST_00878,9620.39,upi,successful,,,1,2026-06-14 00:27:15.925521
PAY_001653,CUST_01780,14025.14,card,successful,,,1,2026-07-03 06:04:15.925521
PAY_001654,CUST_00069,18081.95,card,failed,BANK_TEMPORARY_ERROR,temporary_bank_failure,1,2026-06-13 20:28:15.925521
PAY_001655,CUST_01072,8660.52,upi,successful,,,1,2026-05-27 03:31:15.925521
PAY_001656,CUST_00421,7870.7,netbanking,successful,,,1,2026-07-27 20:43:15.925521
PAY_001657,CUST_01806,9660.03,netbanking,successful,,,1,2026-07-01 03:22:15.926518
PAY_001658,CUST_00076,46643.32,card,successful,,,1,2026-08-08 11:00:15.926518
PAY_001659,CUST_00546,48915.45,upi,successful,,,1,2026-06-22 02:32:15.926518
PAY_001660,CUST_00448,28911.87,card,successful,,,1,2026-08-19 07:16:15.926518
PAY_001661,CUST_01609,1768.99,upi,successful,,,1,2026-07-15 00:10:15.926518
PAY_001662,CUST_00632,44804.91,upi,successful,,,1,2026-08-24 04:24:15.926518
PAY_001663,CUST_01623,47566.75,upi,successful,,,1,2026-08-12 03:44:15.926518
PAY_001664,CUST_00261,13995.69,netbanking,successful,,,1,2026-08-05 19:17:15.926518
PAY_001665,CUST_01179,18316.44,upi,successful,,,1,2026-06-10 03:36:15.926518
PAY_001666,CUST_00576,42454.37,card,successful,,,1,2026-07-21 14:58:15.926518
PAY_001667,CUST_00637,47091.65,upi,successful,,,1,2026-06-18 06:06:15.926518
PAY_001668,CUST_01987,46317.12,upi,successful,,,1,2026-06-26 17:12:15.926518
PAY_001669,CUST_01525,49243.32,upi,failed,UNSPECIFIED_DECLINE,insufficient_funds,1,2026-06-06 13:17:15.926518
PAY_001670,CUST_01343,27956.37,card,successful,,,1,2026-08-10 00:05:15.927676
PAY_001671,CUST_00356,2107.46,upi,successful,,,1,2026-08-12 07:37:15.927676
PAY_001672,CUST_01088,7522.77,upi,successful,,,1,2026-08-17 02:41:15.927676
PAY_001673,CUST_01748,21843.99,upi,successful,,,1,2026-07-26 21:01:15.927676
PAY_001674,CUST_00375,16542.34,upi,successful,,,1,2026-06-03 02:19:15.927676
PAY_001675,CUST_00624,49234.7,netbanking,successful,,,1,2026-08-16 04:39:15.927676
PAY_001676,CUST_00818,28478.51,upi,successful,,,1,2026-06-21 23:13:15.927676
PAY_001677,CUST_00813,33628.04,card,successful,,,1,2026-07-06 18:28:15.927676
PAY_001678,CUST_00196,61820.99,card,successful,,,1,2026-08-02 17:28:15.927676
PAY_001679,CUST_01360,40108.2,upi,successful,,,1,2026-07-20 06:29:15.927676
PAY_001680,CUST_00710,41723.12,upi,successful,,,1,2026-08-25 01:21:15.927676
PAY_001681,CUST_00980,74966.18,upi,successful,,,1,2026-05-27 18:32:15.927676
PAY_001682,CUST_00238,45555.5,netbanking,successful,,,1,2026-06-13 09:33:15.927676
PAY_001683,CUST_01247,77087.36,netbanking,successful,,,1,2026-08-02 01:24:15.927676
PAY_001684,CUST_00821,12853.21,card,successful,,,1,2026-06-06 00:02:15.927676
PAY_001685,CUST_01553,49981.68,upi,successful,,,1,2026-08-12 10:08:15.927676
PAY_001686,CUST_01983,36682.39,upi,successful,,,3,2026-06-09 17:35:15.927676
PAY_001687,CUST_01912,13725.0,card,successful,,,1,2026-07-06 07:48:15.928679
PAY_001688,CUST_01561,17785.9,upi,failed,CARD_BLOCKED,blocked_instrument,1,2026-08-01 18:12:15.928679
PAY_001689,CUST_00253,12556.07,card,successful,,,1,2026-08-20 17:12:15.928679
PAY_001690,CUST_01862,21762.16,netbanking,successful,,,1,2026-07-11 07:56:15.928679
PAY_001691,CUST_01442,12376.11,upi,failed,INSUFFICIENT_BALANCE,insufficient_funds,1,2026-08-06 09:18:15.928679
PAY_001692,CUST_00321,9859.63,card,successful,,,1,2026-06-02 21:50:15.928679
PAY_001693,CUST_01193,24684.02,upi,successful,,,1,2026-07-06 08:28:15.928679
PAY_001694,CUST_01003,43580.15,upi,successful,,,1,2026-07-29 20:03:15.928679
PAY_001695,CUST_01332,27820.48,card,successful,,,1,2026-06-29 13:05:15.928679
PAY_001696,CUST_00119,5668.24,upi,successful,,,1,2026-07-02 22:47:15.928679
PAY_001697,CUST_00318,1680.58,card,successful,,,1,2026-07-10 15:56:15.928679
PAY_001698,CUST_01434,19773.27,card,successful,,,1,2026-08-14 01:14:15.928679
PAY_001699,CUST_01154,42570.61,upi,successful,,,1,2026-08-08 10:40:15.928679
PAY_001700,CUST_00160,16206.54,netbanking,failed,INSUFFICIENT_BALANCE,insufficient_funds,1,2026-07-02 22:01:15.928679
PAY_001701,CUST_01298,34538.29,upi,successful,,,1,2026-07-28 12:31:15.928679
PAY_001702,CUST_01950,2237.57,netbanking,successful,,,1,2026-07-23 22:34:15.928679
PAY_001703,CUST_00116,6384.77,card,failed,,expired_instrument,1,2026-06-21 04:48:15.928679
PAY_001704,CUST_01373,47429.34,card,successful,,,1,2026-06-28 13:17:15.928679
PAY_001705,CUST_01774,44869.1,card,successful,,,1,2026-08-02 19:56:15.928679
PAY_001706,CUST_01545,70596.91,upi,successful,,,1,2026-08-05 13:18:15.929677
PAY_001707,CUST_01809,7247.83,card,failed,FUNDS_NOT_AVAILABLE,insufficient_funds,1,2026-06-18 13:16:15.929677
PAY_001708,CUST_01059,20896.04,upi,successful,,,1,2026-08-20 07:01:15.929677
PAY_001709,CUST_01843,36217.65,card,successful,,,1,2026-08-02 16:35:15.929677
PAY_001710,CUST_00107,21197.02,card,successful,,,1,2026-07-03 06:22:15.929677
PAY_001711,CUST_01449,47547.35,card,successful,,,1,2026-06-02 09:02:15.929677
PAY_001712,CUST_00905,10488.41,upi,failed,BANK_TEMPORARY_ERROR,temporary_bank_failure,1,2026-05-30 03:50:15.929677
PAY_001713,CUST_01682,4629.66,netbanking,failed,INSUFFICIENT_BALANCE,insufficient_funds,2,2026-07-30 08:49:15.929677
PAY_001714,CUST_00056,4392.73,upi,successful,,,1,2026-06-28 08:12:15.929677
PAY_001715,CUST_00067,25268.43,card,successful,,,1,2026-08-17 09:34:15.929677
PAY_001716,CUST_00167,49937.95,card,successful,,,1,2026-05-28 03:14:15.929677
PAY_001717,CUST_01769,2903.67,upi,failed,INSUFFICIENT_BALANCE,insufficient_funds,1,2026-06-22 21:57:15.929677
PAY_001718,CUST_01952,9684.98,upi,failed,TRANSACTION_LIMIT_EXCEEDED,limit_exceeded,2,2026-05-31 10:11:15.929677
PAY_001719,CUST_00505,18052.45,netbanking,failed,POLICY_DECLINED,risk_decline,1,2026-06-29 10:42:15.929677
PAY_001720,CUST_00041,4521.23,upi,successful,,,1,2026-07-01 06:13:15.929677
PAY_001721,CUST_01819,9200.04,card,successful,,,1,2026-08-19 04:58:15.929677
PAY_001722,CUST_00314,11576.69,upi,successful,,,1,2026-07-11 21:38:15.929677
PAY_001723,CUST_01997,17129.79,upi,successful,,,1,2026-07-10 18:48:15.929677
PAY_001724,CUST_00620,32721.54,upi,successful,,,1,2026-06-16 07:28:15.929677
PAY_001725,CUST_01592,22209.96,upi,failed,BANK_TEMPORARY_ERROR,temporary_bank_failure,1,2026-06-07 06:45:15.930673
PAY_001726,CUST_00425,20744.77,upi,successful,,,3,2026-05-26 22:23:15.930673
PAY_001727,CUST_00869,3342.81,card,failed,CARD_EXPIRED,expired_instrument,1,2026-06-07 11:53:15.930673
PAY_001728,CUST_00987,47966.72,upi,successful,,,1,2026-07-21 13:30:15.930673
PAY_001729,CUST_00025,39024.51,card,successful,,,1,2026-07-26 22:11:15.930673
PAY_001730,CUST_01269,46633.16,netbanking,successful,,,3,2026-08-07 19:33:15.930673
PAY_001731,CUST_00917,16770.98,upi,successful,,,1,2026-07-20 23:36:15.930673
PAY_001732,CUST_00363,14077.05,upi,failed,BANK_TEMPORARY_ERROR,temporary_bank_failure,1,2026-06-21 21:28:15.930673
PAY_001733,CUST_01595,2901.71,upi,successful,,,1,2026-05-30 16:04:15.930673
PAY_001734,CUST_01255,47838.58,card,successful,,,1,2026-06-26 10:19:15.930673
PAY_001735,CUST_01239,45880.21,upi,successful,,,3,2026-08-07 12:45:15.930673
PAY_001736,CUST_00711,16734.45,upi,successful,,,2,2026-06-09 20:31:15.930673
PAY_001737,CUST_01928,24348.64,upi,failed,CUSTOMER_AUTH_FAILED,authentication_failed,2,2026-07-07 14:30:15.931936
PAY_001738,CUST_01578,42427.77,netbanking,failed,BANK_TEMPORARY_ERROR,temporary_bank_failure,1,2026-07-12 00:18:15.931936
PAY_001739,CUST_01435,9758.97,card,successful,,,1,2026-06-10 03:40:15.931936
PAY_001740,CUST_01634,15070.31,card,failed,AUTHENTICATION_FAILED,authentication_failed,1,2026-07-03 22:30:15.931936
PAY_001741,CUST_00057,21447.7,upi,successful,,,1,2026-08-15 11:47:15.931936
PAY_001742,CUST_00195,97800.91,netbanking,successful,,,1,2026-05-29 16:19:15.931936
PAY_001743,CUST_01929,40982.05,card,successful,,,1,2026-05-28 22:45:15.931936
PAY_001744,CUST_00805,6116.61,card,successful,,,1,2026-05-29 01:36:15.931936
PAY_001745,CUST_01736,23616.3,netbanking,successful,,,1,2026-06-26 01:20:15.931936
PAY_001746,CUST_00474,17960.13,upi,successful,,,1,2026-08-04 15:08:15.931936
PAY_001747,CUST_01705,3826.61,upi,successful,,,1,2026-06-06 11:12:15.931936
PAY_001748,CUST_00900,19866.97,card,successful,,,1,2026-07-26 20:02:15.931936
PAY_001749,CUST_01066,1636.06,card,failed,CUSTOMER_AUTH_FAILED,authentication_failed,1,2026-07-25 14:56:15.931936
PAY_001750,CUST_00509,49705.16,upi,failed,RISK_DECLINED,risk_decline,1,2026-05-29 02:01:15.931936
PAY_001751,CUST_01421,28220.19,netbanking,successful,,,1,2026-07-30 23:18:15.931936
PAY_001752,CUST_01685,16936.48,netbanking,failed,CUSTOMER_AUTH_FAILED,authentication_failed,1,2026-07-16 03:38:15.931936
PAY_001753,CUST_00251,8214.52,netbanking,successful,,,1,2026-06-28 00:58:15.931936
PAY_001754,CUST_00854,5130.52,upi,successful,,,1,2026-08-01 20:47:15.933265
PAY_001755,CUST_01387,28262.8,card,successful,,,1,2026-08-01 02:36:15.933265
PAY_001756,CUST_01387,37594.17,card,successful,,,1,2026-07-03 16:16:15.933265
PAY_001757,CUST_00180,10475.39,upi,successful,,,1,2026-07-01 16:15:15.933265
PAY_001758,CUST_00470,16681.12,card,successful,,,1,2026-06-24 02:19:15.933265
PAY_001759,CUST_01843,8820.97,upi,successful,,,1,2026-06-06 07:10:15.933265
PAY_001760,CUST_00943,35044.88,card,successful,,,1,2026-08-23 16:27:15.933265
PAY_001761,CUST_01199,13825.71,card,successful,,,2,2026-07-29 21:15:15.933265
PAY_001762,CUST_01386,60298.07,upi,failed,UNSPECIFIED_DECLINE,temporary_bank_failure,1,2026-07-25 15:54:15.933265
PAY_001763,CUST_00269,8414.99,netbanking,successful,,,2,2026-06-23 23:09:15.933265
PAY_001764,CUST_00548,9322.14,card,failed,INSUFFICIENT_BALANCE,insufficient_funds,1,2026-08-06 03:43:15.933265
PAY_001765,CUST_00152,28900.04,card,successful,,,1,2026-06-05 13:42:15.933265
PAY_001766,CUST_01466,28400.39,upi,successful,,,1,2026-08-18 02:05:15.933265
PAY_001767,CUST_00952,40432.31,upi,successful,,,1,2026-06-21 22:51:15.933265
PAY_001768,CUST_00802,89416.73,upi,successful,,,1,2026-07-10 13:11:15.933265
PAY_001769,CUST_00153,65314.07,upi,successful,,,1,2026-08-07 20:23:15.933265
PAY_001770,CUST_00672,1014.97,netbanking,successful,,,1,2026-06-25 00:45:15.934330
PAY_001771,CUST_01481,18945.6,card,successful,,,1,2026-07-04 17:46:15.934330
PAY_001772,CUST_01117,11505.38,upi,successful,,,1,2026-07-07 04:27:15.934330
PAY_001773,CUST_01291,19323.91,netbanking,failed,BANK_SERVICE_UNAVAILABLE,temporary_bank_failure,1,2026-08-01 05:11:15.934330
PAY_001774,CUST_01712,20817.77,upi,successful,,,1,2026-07-10 19:12:15.934330
PAY_001775,CUST_01387,37184.52,upi,successful,,,1,2026-07-06 04:11:15.934330
PAY_001776,CUST_00269,38248.55,upi,failed,BANK_SERVICE_UNAVAILABLE,temporary_bank_failure,1,2026-08-09 08:53:15.934330
PAY_001777,CUST_00184,42881.68,card,failed,UNKNOWN_ERROR,unknown_failure,1,2026-07-17 01:14:15.934330
PAY_001778,CUST_00828,81867.1,card,successful,,,1,2026-08-12 16:13:15.934330
PAY_001779,CUST_01973,3698.68,upi,failed,FUNDS_NOT_AVAILABLE,insufficient_funds,1,2026-07-04 09:25:15.934330
PAY_001780,CUST_01098,23129.48,card,successful,,,1,2026-08-09 15:09:15.934330
PAY_001781,CUST_00049,24677.4,netbanking,successful,,,1,2026-06-20 20:14:15.935333
PAY_001782,CUST_01903,4118.05,card,successful,,,1,2026-08-25 14:39:15.935333
PAY_001783,CUST_00632,88138.07,card,successful,,,1,2026-08-25 16:30:15.935333
PAY_001784,CUST_00691,47281.8,netbanking,failed,AUTHENTICATION_FAILED,authentication_failed,1,2026-08-02 19:19:15.935333
PAY_001785,CUST_01836,45474.8,upi,failed,POLICY_DECLINED,risk_decline,1,2026-06-18 05:03:15.935333
PAY_001786,CUST_01724,37214.01,card,successful,,,1,2026-07-19 06:24:15.935333
PAY_001787,CUST_00881,15056.87,card,successful,,,1,2026-06-20 17:32:15.935333
PAY_001788,CUST_01768,8158.14,upi,successful,,,2,2026-08-23 15:52:15.935333
PAY_001789,CUST_00771,12839.95,upi,successful,,,1,2026-06-03 07:49:15.935333
PAY_001790,CUST_01714,21144.24,upi,successful,,,2,2026-06-22 16:40:15.935333
PAY_001791,CUST_00518,40014.13,upi,successful,,,1,2026-06-27 16:17:15.935333
PAY_001792,CUST_01271,45461.2,card,successful,,,1,2026-07-29 21:17:15.935333
PAY_001793,CUST_00421,1995.49,upi,successful,,,1,2026-08-23 09:58:15.935333
PAY_001794,CUST_01566,12558.96,card,failed,TRANSACTION_LIMIT_EXCEEDED,limit_exceeded,1,2026-07-19 13:12:15.935333
PAY_001795,CUST_01420,31369.56,upi,successful,,,1,2026-06-14 14:50:15.935333
PAY_001796,CUST_00682,6499.23,upi,successful,,,1,2026-06-08 05:42:15.935333
PAY_001797,CUST_01072,15608.86,upi,successful,,,1,2026-06-27 21:04:15.936493
PAY_001798,CUST_01274,27772.38,upi,failed,NETWORK_TIMEOUT,timeout,1,2026-05-27 20:00:15.936493
PAY_001799,CUST_01101,17267.95,upi,successful,,,1,2026-06-08 00:27:15.936493
PAY_001800,CUST_01134,28790.3,upi,successful,,,1,2026-07-31 00:58:15.936493
PAY_001801,CUST_00544,41684.76,netbanking,successful,,,1,2026-06-25 07:53:15.936493
PAY_001802,CUST_00832,38685.67,netbanking,successful,,,1,2026-06-24 21:24:15.936493
PAY_001803,CUST_00585,14373.66,upi,successful,,,1,2026-07-21 07:58:15.936493
PAY_001804,CUST_01674,8721.28,upi,successful,,,1,2026-07-03 05:51:15.936493
PAY_001805,CUST_01806,5604.75,card,successful,,,1,2026-06-28 04:59:15.936493
PAY_001806,CUST_00316,28131.57,upi,successful,,,1,2026-07-09 00:15:15.936493
PAY_001807,CUST_01397,30288.81,card,successful,,,1,2026-07-31 05:59:15.936493
PAY_001808,CUST_01838,28167.16,upi,successful,,,1,2026-06-10 15:25:15.936493
PAY_001809,CUST_01248,56983.53,upi,successful,,,1,2026-06-16 06:26:15.936493
PAY_001810,CUST_00512,69340.32,card,successful,,,1,2026-08-07 03:45:15.936493
PAY_001811,CUST_01967,25863.01,upi,successful,,,1,2026-06-01 00:45:15.936493
PAY_001812,CUST_00610,41347.89,upi,failed,INSUFFICIENT_BALANCE,insufficient_funds,1,2026-05-27 13:29:15.936493
PAY_001813,CUST_00350,2544.33,upi,successful,,,1,2026-07-05 14:44:15.936493
PAY_001814,CUST_00443,10257.94,card,failed,INSUFFICIENT_BALANCE,insufficient_funds,1,2026-07-17 19:22:15.936493
PAY_001815,CUST_00758,43001.25,upi,successful,,,1,2026-08-25 02:55:15.936493
PAY_001816,CUST_01694,23969.74,upi,successful,,,1,2026-07-28 05:22:15.937798
PAY_001817,CUST_00904,8957.84,upi,successful,,,2,2026-06-28 22:35:15.937798
PAY_001818,CUST_00528,20915.97,upi,successful,,,1,2026-08-25 08:09:15.937798
PAY_001819,CUST_01742,15957.74,upi,successful,,,1,2026-06-01 11:55:15.937798
PAY_001820,CUST_01332,32399.92,upi,successful,,,2,2026-08-07 21:26:15.937798
PAY_001821,CUST_01646,11682.8,card,successful,,,1,2026-05-28 02:13:15.937798
PAY_001822,CUST_01239,14043.93,upi,successful,,,1,2026-08-18 22:09:15.937798
PAY_001823,CUST_01542,47641.84,card,successful,,,1,2026-06-24 14:59:15.937798
PAY_001824,CUST_00150,5275.94,card,successful,,,1,2026-08-07 16:35:15.937798
PAY_001825,CUST_00990,28968.2,card,successful,,,1,2026-07-27 06:17:15.937798
PAY_001826,CUST_00599,60513.08,upi,successful,,,1,2026-08-20 05:38:15.937798
PAY_001827,CUST_01337,24278.76,upi,successful,,,1,2026-08-25 09:47:15.937798
PAY_001828,CUST_00519,1194.92,card,successful,,,1,2026-08-10 01:29:15.937798
PAY_001829,CUST_01968,3015.63,card,successful,,,1,2026-06-01 20:40:15.937798
PAY_001830,CUST_00851,35441.9,netbanking,successful,,,1,2026-07-07 11:58:15.937798
PAY_001831,CUST_00387,8492.64,netbanking,successful,,,1,2026-07-17 04:47:15.937798
PAY_001832,CUST_00958,16815.21,upi,successful,,,1,2026-08-10 02:10:15.937798
PAY_001833,CUST_01837,29303.45,card,successful,,,1,2026-07-29 05:43:15.937798
PAY_001834,CUST_00846,23856.08,upi,successful,,,1,2026-06-22 10:50:15.937798
PAY_001835,CUST_01583,5043.93,upi,successful,,,1,2026-06-19 21:39:15.939046
PAY_001836,CUST_01783,32309.47,upi,failed,BANK_SERVICE_UNAVAILABLE,temporary_bank_failure,1,2026-07-26 02:57:15.939046
PAY_001837,CUST_01609,17413.42,card,successful,,,1,2026-08-11 17:35:15.939046
PAY_001838,CUST_01528,30585.66,upi,successful,,,2,2026-07-14 17:43:15.939046
PAY_001839,CUST_00756,19184.53,upi,successful,,,1,2026-06-17 11:32:15.939046
PAY_001840,CUST_01173,32498.98,card,successful,,,1,2026-08-03 08:14:15.939046
PAY_001841,CUST_00772,12418.81,upi,successful,,,1,2026-07-19 21:40:15.939046
PAY_001842,CUST_00871,26782.57,netbanking,successful,,,2,2026-08-25 03:19:15.939046
PAY_001843,CUST_01395,9021.68,card,successful,,,1,2026-06-10 19:40:15.939046
PAY_001844,CUST_00781,760.11,upi,successful,,,1,2026-08-15 09:28:15.939046
PAY_001845,CUST_01186,20944.11,card,successful,,,1,2026-07-08 07:40:15.939046
PAY_001846,CUST_00934,24630.39,upi,failed,RISK_DECLINED,risk_decline,1,2026-06-21 22:04:15.939046
PAY_001847,CUST_00335,33692.85,upi,successful,,,1,2026-06-24 11:15:15.939046
PAY_001848,CUST_00132,1647.09,netbanking,successful,,,1,2026-07-14 17:56:15.939046
PAY_001849,CUST_01482,32712.96,card,successful,,,1,2026-08-14 22:17:15.939046
PAY_001850,CUST_01054,7746.24,upi,failed,POLICY_DECLINED,risk_decline,1,2026-06-19 15:41:15.939046
PAY_001851,CUST_01864,41563.9,upi,successful,,,1,2026-07-28 03:56:15.940226
PAY_001852,CUST_01939,94892.35,card,successful,,,1,2026-07-27 07:09:15.940226
PAY_001853,CUST_00917,22219.21,upi,successful,,,1,2026-07-29 18:02:15.940226
PAY_001854,CUST_00684,29611.18,card,successful,,,1,2026-06-25 00:49:15.940226
PAY_001855,CUST_00192,15885.94,netbanking,successful,,,1,2026-07-27 01:03:15.940226
PAY_001856,CUST_00503,43222.98,card,successful,,,1,2026-07-04 11:01:15.940226
PAY_001857,CUST_01882,49891.36,upi,failed,RISK_DECLINED,risk_decline,1,2026-08-09 11:10:15.940226
PAY_001858,CUST_00612,9127.48,netbanking,successful,,,1,2026-06-13 18:55:15.940226
PAY_001859,CUST_01154,47539.18,upi,successful,,,1,2026-08-17 04:44:15.940226
PAY_001860,CUST_00163,15134.73,card,successful,,,1,2026-07-29 18:29:15.940226
PAY_001861,CUST_00460,44031.36,upi,failed,BANK_SERVICE_UNAVAILABLE,temporary_bank_failure,1,2026-06-26 10:50:15.940226
PAY_001862,CUST_00774,23171.42,card,successful,,,1,2026-07-16 20:23:15.940226
PAY_001863,CUST_00514,47210.23,card,failed,INSTRUMENT_BLOCKED,blocked_instrument,1,2026-06-13 03:10:15.940226
PAY_001864,CUST_01444,38199.52,card,failed,BANK_SERVICE_UNAVAILABLE,temporary_bank_failure,1,2026-07-27 16:30:15.940226
PAY_001865,CUST_01779,3087.59,upi,successful,,,1,2026-07-15 18:58:15.940226
PAY_001866,CUST_01763,10538.31,upi,successful,,,1,2026-08-06 14:16:15.940226
PAY_001867,CUST_01597,19920.39,upi,successful,,,1,2026-06-23 14:51:15.940226
PAY_001868,CUST_00089,1624.7,upi,successful,,,1,2026-07-28 11:28:15.940226
PAY_001869,CUST_00391,47104.57,card,failed,CARD_BLOCKED,blocked_instrument,1,2026-06-04 00:01:15.940226
PAY_001870,CUST_00938,25625.88,upi,successful,,,1,2026-08-03 04:27:15.941675
PAY_001871,CUST_00525,42499.81,netbanking,successful,,,1,2026-06-08 10:04:15.941675
PAY_001872,CUST_01643,7114.12,upi,successful,,,1,2026-07-09 05:11:15.941675
PAY_001873,CUST_00520,38208.19,upi,successful,,,1,2026-08-25 05:40:15.941675
PAY_001874,CUST_00007,41521.79,upi,successful,,,1,2026-06-25 03:18:15.941675
PAY_001875,CUST_01602,18141.26,card,successful,,,2,2026-06-24 12:50:15.941675
PAY_001876,CUST_01459,10061.62,upi,successful,,,1,2026-08-09 19:26:15.941675
PAY_001877,CUST_00588,4193.35,netbanking,successful,,,1,2026-07-13 07:55:15.941675
PAY_001878,CUST_00424,43047.05,card,failed,BANK_TEMPORARY_ERROR,temporary_bank_failure,1,2026-07-12 17:11:15.941675
PAY_001879,CUST_01347,21256.79,card,successful,,,1,2026-08-20 00:49:15.941675
PAY_001880,CUST_01174,10174.29,netbanking,successful,,,1,2026-07-21 16:37:15.941675
PAY_001881,CUST_01777,16777.38,upi,successful,,,1,2026-06-02 01:21:15.941675
PAY_001882,CUST_01782,5219.34,card,successful,,,1,2026-08-15 10:14:15.941675
PAY_001883,CUST_01641,14633.43,upi,successful,,,1,2026-07-09 11:26:15.941675
PAY_001884,CUST_01008,3892.12,card,successful,,,1,2026-07-05 07:37:15.941675
PAY_001885,CUST_00726,47804.66,upi,successful,,,1,2026-07-16 18:08:15.941675
PAY_001886,CUST_00856,9395.95,card,failed,UNKNOWN_ERROR,unknown_failure,1,2026-08-11 22:41:15.942675
PAY_001887,CUST_01766,18286.0,upi,successful,,,1,2026-07-22 00:25:15.942675
PAY_001888,CUST_01090,14884.02,card,successful,,,1,2026-07-30 06:51:15.942675
PAY_001889,CUST_00229,28140.82,card,successful,,,1,2026-08-03 02:49:15.942675
PAY_001890,CUST_01676,8140.23,upi,failed,CARD_BLOCKED,blocked_instrument,1,2026-07-16 00:20:15.942675
PAY_001891,CUST_00250,4335.87,upi,successful,,,1,2026-07-29 06:31:15.942675
PAY_001892,CUST_00729,25311.22,upi,successful,,,1,2026-05-29 12:44:15.942675
PAY_001893,CUST_01655,77014.72,netbanking,successful,,,1,2026-07-09 11:07:15.942675
PAY_001894,CUST_00480,28649.21,upi,failed,AUTHENTICATION_FAILED,authentication_failed,1,2026-08-02 16:33:15.942675
PAY_001895,CUST_01254,35683.32,upi,failed,UNSPECIFIED_DECLINE,unknown_failure,1,2026-07-29 00:53:15.942675
PAY_001896,CUST_01204,14960.51,upi,successful,,,1,2026-06-25 00:22:15.943671
PAY_001897,CUST_01979,26400.26,upi,successful,,,1,2026-07-16 05:46:15.943671
PAY_001898,CUST_01895,22579.41,upi,successful,,,1,2026-08-21 15:58:15.943671
PAY_001899,CUST_01723,27045.05,card,successful,,,1,2026-08-20 09:25:15.943671
PAY_001900,CUST_00639,3845.52,upi,failed,INSTRUMENT_EXPIRED,expired_instrument,1,2026-08-14 14:23:15.943671
PAY_001901,CUST_00274,19717.56,upi,successful,,,1,2026-06-25 03:27:15.943671
PAY_001902,CUST_00008,16472.92,upi,successful,,,1,2026-05-30 14:29:15.943671
PAY_001903,CUST_00557,32841.35,card,successful,,,1,2026-07-27 22:28:15.943671
PAY_001904,CUST_00536,12032.32,card,successful,,,1,2026-06-23 00:48:15.943671
PAY_001905,CUST_01366,15969.4,netbanking,successful,,,1,2026-06-13 17:47:15.943671
PAY_001906,CUST_00963,30211.88,netbanking,successful,,,1,2026-08-07 18:04:15.943671
PAY_001907,CUST_00896,32809.04,upi,successful,,,2,2026-07-19 04:50:15.943671
PAY_001908,CUST_00252,4697.15,upi,successful,,,1,2026-08-05 02:53:15.943671
PAY_001909,CUST_01607,34327.87,upi,successful,,,1,2026-08-13 08:45:15.943671
PAY_001910,CUST_01322,33406.71,upi,successful,,,1,2026-08-19 19:54:15.943671
PAY_001911,CUST_00176,43543.46,netbanking,successful,,,1,2026-08-08 10:14:15.944669
PAY_001912,CUST_00529,36840.45,upi,successful,,,1,2026-06-20 09:08:15.944669
PAY_001913,CUST_01352,7293.97,netbanking,failed,INSUFFICIENT_BALANCE,insufficient_funds,1,2026-06-18 20:58:15.944669
PAY_001914,CUST_00652,41264.5,card,failed,UNSPECIFIED_DECLINE,unknown_failure,1,2026-05-30 08:34:15.944669
PAY_001915,CUST_00944,15816.23,card,successful,,,1,2026-06-01 06:05:15.944669
PAY_001916,CUST_01032,64784.75,upi,successful,,,2,2026-06-29 08:27:15.944669
PAY_001917,CUST_01971,44578.59,upi,successful,,,1,2026-06-03 09:57:15.944669
PAY_001918,CUST_00339,92500.32,netbanking,successful,,,1,2026-06-04 12:38:15.944669
PAY_001919,CUST_01521,1913.47,upi,successful,,,1,2026-07-24 14:27:15.944669
PAY_001920,CUST_01852,31285.22,card,failed,BANK_TEMPORARY_ERROR,temporary_bank_failure,1,2026-06-17 11:15:15.944669
PAY_001921,CUST_01558,22927.32,upi,failed,FUNDS_NOT_AVAILABLE,insufficient_funds,1,2026-08-08 05:18:15.944669
PAY_001922,CUST_00865,19854.55,upi,successful,,,1,2026-06-15 01:29:15.944669
PAY_001923,CUST_00585,70263.78,card,successful,,,1,2026-06-24 21:03:15.944669
PAY_001924,CUST_00573,16763.56,card,successful,,,1,2026-08-24 18:22:15.944669
PAY_001925,CUST_01121,30362.62,upi,failed,CARD_BLOCKED,blocked_instrument,1,2026-08-09 18:38:15.944669
PAY_001926,CUST_01975,16832.41,upi,failed,,risk_decline,1,2026-06-22 14:51:15.944669
PAY_001927,CUST_00837,32844.23,upi,successful,,,1,2026-06-24 03:35:15.944669
PAY_001928,CUST_00638,64049.41,card,successful,,,1,2026-07-26 08:38:15.946028
PAY_001929,CUST_00750,9465.96,card,successful,,,1,2026-06-23 05:23:15.946028
PAY_001930,CUST_00708,31683.15,upi,successful,,,1,2026-08-16 20:45:15.946028
PAY_001931,CUST_01367,5653.5,card,successful,,,1,2026-08-21 13:13:15.946028
PAY_001932,CUST_00592,95324.79,card,successful,,,1,2026-08-25 16:14:15.946028
PAY_001933,CUST_00955,13208.92,netbanking,successful,,,1,2026-07-02 23:23:15.946028
PAY_001934,CUST_00788,19178.42,upi,failed,BANK_SERVICE_UNAVAILABLE,temporary_bank_failure,1,2026-06-09 01:04:15.946028
PAY_001935,CUST_01515,5373.64,upi,failed,UNSPECIFIED_DECLINE,temporary_bank_failure,1,2026-06-24 17:05:15.946028
PAY_001936,CUST_00695,33266.28,netbanking,successful,,,1,2026-08-03 08:51:15.946028
PAY_001937,CUST_01282,29500.02,upi,successful,,,1,2026-07-08 10:34:15.946028
PAY_001938,CUST_00112,8895.63,netbanking,successful,,,1,2026-06-15 00:08:15.946028
PAY_001939,CUST_01733,21164.49,upi,successful,,,1,2026-08-23 03:45:15.946028
PAY_001940,CUST_00174,40378.73,card,failed,BANK_TEMPORARY_ERROR,temporary_bank_failure,2,2026-06-21 16:43:15.946028
PAY_001941,CUST_00402,31006.48,netbanking,successful,,,1,2026-07-25 20:32:15.946028
PAY_001942,CUST_01173,38852.03,card,successful,,,1,2026-08-20 11:18:15.946028
PAY_001943,CUST_00729,25656.55,card,successful,,,1,2026-08-11 03:53:15.946028
PAY_001944,CUST_00396,32677.15,upi,successful,,,1,2026-07-25 08:06:15.946028
PAY_001945,CUST_00938,87845.01,netbanking,successful,,,1,2026-06-08 22:29:15.946028
PAY_001946,CUST_00772,42914.53,card,successful,,,2,2026-08-22 13:48:15.946028
PAY_001947,CUST_01086,10498.44,upi,successful,,,1,2026-07-07 15:04:15.946028
PAY_001948,CUST_00304,42350.03,upi,successful,,,1,2026-05-28 02:54:15.946028
PAY_001949,CUST_01661,40419.09,card,successful,,,1,2026-06-12 13:19:15.946028
PAY_001950,CUST_01013,25380.83,card,failed,UNSPECIFIED_DECLINE,temporary_bank_failure,1,2026-07-31 12:34:15.946028
PAY_001951,CUST_01774,22164.07,upi,failed,INSTRUMENT_BLOCKED,blocked_instrument,1,2026-07-03 11:01:15.947023
PAY_001952,CUST_00727,15069.37,netbanking,successful,,,1,2026-07-16 23:27:15.947023
PAY_001953,CUST_01872,27667.03,card,successful,,,1,2026-08-05 18:58:15.947023
PAY_001954,CUST_00608,85491.3,upi,failed,FUNDS_NOT_AVAILABLE,insufficient_funds,1,2026-08-23 11:16:15.947023
PAY_001955,CUST_00277,10619.41,card,successful,,,1,2026-07-07 09:10:15.947023
PAY_001956,CUST_00667,11156.13,upi,failed,UNSPECIFIED_DECLINE,unknown_failure,1,2026-08-22 15:48:15.947023
PAY_001957,CUST_01242,30378.07,card,successful,,,1,2026-07-08 16:18:15.947023
PAY_001958,CUST_00487,21068.32,upi,successful,,,1,2026-06-07 20:09:15.947023
PAY_001959,CUST_01739,38932.13,upi,successful,,,2,2026-08-14 08:24:15.947023
PAY_001960,CUST_01844,49653.06,upi,successful,,,1,2026-07-19 10:54:15.947023
PAY_001961,CUST_01277,7456.28,upi,successful,,,2,2026-08-16 10:42:15.947023
PAY_001962,CUST_01295,16550.07,upi,successful,,,1,2026-07-02 18:05:15.947023
PAY_001963,CUST_00127,25054.06,upi,failed,UNKNOWN_ERROR,unknown_failure,1,2026-06-07 20:38:15.947023
PAY_001964,CUST_00057,15718.32,upi,successful,,,1,2026-08-17 11:42:15.947023
PAY_001965,CUST_01282,17676.45,upi,failed,PROCESSING_TIMEOUT,timeout,1,2026-06-02 00:28:15.947023
PAY_001966,CUST_01869,3465.77,upi,successful,,,1,2026-06-15 12:08:15.947023
PAY_001967,CUST_01602,59209.5,upi,successful,,,1,2026-08-18 08:18:15.947023
PAY_001968,CUST_01265,10086.39,upi,failed,POLICY_DECLINED,risk_decline,1,2026-08-21 05:18:15.947023
PAY_001969,CUST_01863,10650.1,upi,successful,,,1,2026-07-09 13:35:15.947023
PAY_001970,CUST_00632,58625.3,card,successful,,,1,2026-05-28 18:54:15.947023
PAY_001971,CUST_01454,48310.64,upi,successful,,,1,2026-06-24 09:44:15.948020
PAY_001972,CUST_00640,11794.41,netbanking,failed,UNKNOWN_ERROR,unknown_failure,1,2026-07-31 21:27:15.948020
PAY_001973,CUST_00054,49787.87,card,successful,,,1,2026-05-31 21:28:15.948020
PAY_001974,CUST_01548,47524.16,upi,failed,FUNDS_NOT_AVAILABLE,insufficient_funds,1,2026-06-20 23:50:15.948020
PAY_001975,CUST_01324,44369.46,card,failed,PROCESSING_TIMEOUT,timeout,1,2026-08-07 10:20:15.948020
PAY_001976,CUST_00114,10168.64,upi,successful,,,1,2026-07-18 17:54:15.948020
PAY_001977,CUST_00448,5265.7,upi,successful,,,1,2026-08-01 09:16:15.948020
PAY_001978,CUST_01501,748.43,card,successful,,,1,2026-08-04 01:37:15.948020
PAY_001979,CUST_00362,13492.37,card,successful,,,1,2026-07-26 21:31:15.948020
PAY_001980,CUST_00720,84432.98,upi,failed,INSUFFICIENT_BALANCE,insufficient_funds,1,2026-07-04 22:18:15.948020
PAY_001981,CUST_01030,2358.57,upi,successful,,,1,2026-06-18 15:37:15.948020
PAY_001982,CUST_00043,46660.53,card,successful,,,1,2026-07-10 12:13:15.948020
PAY_001983,CUST_01256,9296.8,netbanking,failed,,timeout,1,2026-07-19 05:11:15.948020
PAY_001984,CUST_01198,26469.34,card,successful,,,1,2026-07-08 22:20:15.948020
PAY_001985,CUST_00537,47225.26,upi,failed,FUNDS_NOT_AVAILABLE,insufficient_funds,1,2026-07-24 02:10:15.948020
PAY_001986,CUST_01002,35755.84,upi,successful,,,1,2026-07-16 02:56:15.948020
PAY_001987,CUST_00636,27752.88,upi,successful,,,1,2026-07-13 20:08:15.948020
PAY_001988,CUST_01147,12401.37,upi,successful,,,1,2026-05-30 09:28:15.948020
PAY_001989,CUST_01264,9860.92,card,successful,,,1,2026-07-04 09:56:15.948020
PAY_001990,CUST_01299,45083.94,upi,successful,,,1,2026-06-01 21:05:15.948020
PAY_001991,CUST_01081,10445.54,upi,successful,,,1,2026-05-27 15:38:15.948020
PAY_001992,CUST_01414,46760.08,card,successful,,,1,2026-07-27 23:48:15.949016
PAY_001993,CUST_00783,8365.56,upi,successful,,,1,2026-06-22 11:46:15.949016
PAY_001994,CUST_00217,93864.45,upi,successful,,,1,2026-07-06 05:58:15.949016
PAY_001995,CUST_00094,77812.43,upi,successful,,,1,2026-08-21 04:32:15.949016
PAY_001996,CUST_00871,46441.19,upi,failed,BANK_TEMPORARY_ERROR,temporary_bank_failure,1,2026-06-14 07:58:15.949016
PAY_001997,CUST_00145,8735.36,netbanking,successful,,,2,2026-07-30 10:49:15.949016
PAY_001998,CUST_00723,2941.01,upi,successful,,,1,2026-08-06 12:59:15.949016
PAY_001999,CUST_00502,10287.69,upi,failed,AUTHENTICATION_FAILED,authentication_failed,1,2026-07-12 04:40:15.949016
PAY_002000,CUST_00316,17130.73,card,successful,,,1,2026-06-13 06:15:15.949016
PAY_002001,CUST_00394,25390.11,upi,successful,,,1,2026-05-28 20:33:15.949016
PAY_002002,CUST_01423,18486.79,card,successful,,,1,2026-06-28 02:48:15.949016
PAY_002003,CUST_00812,41300.04,card,successful,,,1,2026-08-05 15:29:15.949016
PAY_002004,CUST_01328,46541.04,upi,successful,,,1,2026-06-01 22:41:15.949016
PAY_002005,CUST_00270,46789.82,upi,successful,,,1,2026-07-30 12:35:15.949016
PAY_002006,CUST_01897,36761.03,upi,successful,,,1,2026-08-25 09:10:15.949016
PAY_002007,CUST_01583,9850.78,card,successful,,,1,2026-08-04 12:11:15.949016
PAY_002008,CUST_01423,45988.6,card,successful,,,1,2026-08-01 01:49:15.949016
PAY_002009,CUST_00023,16261.38,netbanking,successful,,,1,2026-06-26 19:18:15.949016
PAY_002010,CUST_00908,68507.79,card,successful,,,1,2026-05-30 19:35:15.949016
PAY_002011,CUST_01543,13346.69,upi,failed,BANK_SERVICE_UNAVAILABLE,temporary_bank_failure,1,2026-06-16 16:07:15.949016
PAY_002012,CUST_01744,16010.35,upi,successful,,,1,2026-08-10 17:00:15.949016
PAY_002013,CUST_01394,33819.23,upi,successful,,,1,2026-08-18 12:26:15.949016
PAY_002014,CUST_01174,6047.29,upi,successful,,,2,2026-07-29 01:30:15.949016
PAY_002015,CUST_00727,1508.91,card,successful,,,1,2026-06-23 07:14:15.950013
PAY_002016,CUST_01657,9995.23,card,successful,,,1,2026-06-28 09:17:15.950013
PAY_002017,CUST_00038,33806.9,netbanking,successful,,,1,2026-07-28 22:37:15.950013
PAY_002018,CUST_01866,6995.94,card,successful,,,1,2026-07-22 04:44:15.950013
PAY_002019,CUST_01000,59331.76,netbanking,successful,,,1,2026-06-06 23:01:15.950013
PAY_002020,CUST_01027,7557.1,netbanking,successful,,,1,2026-07-02 07:19:15.950013
PAY_002021,CUST_01101,29948.64,card,failed,CARD_EXPIRED,expired_instrument,1,2026-08-12 05:38:15.950013
PAY_002022,CUST_00117,16143.07,upi,successful,,,1,2026-07-16 07:10:15.950013
PAY_002023,CUST_01409,29735.42,upi,successful,,,1,2026-06-01 09:31:15.950013
PAY_002024,CUST_00909,30451.07,upi,successful,,,1,2026-08-10 09:11:15.950013
PAY_002025,CUST_00468,42885.13,card,successful,,,1,2026-07-19 18:09:15.950013
PAY_002026,CUST_01671,44654.12,netbanking,successful,,,1,2026-06-24 08:48:15.950013
PAY_002027,CUST_01423,28154.18,upi,successful,,,1,2026-06-30 16:57:15.950013
PAY_002028,CUST_00277,39792.36,upi,successful,,,1,2026-06-30 17:14:15.950013
PAY_002029,CUST_01132,43111.09,card,successful,,,1,2026-08-25 09:24:15.950013
PAY_002030,CUST_00776,40732.88,upi,successful,,,1,2026-07-02 22:29:15.950013
PAY_002031,CUST_00321,42196.07,card,successful,,,1,2026-07-15 00:16:15.950013
PAY_002032,CUST_00976,31156.47,netbanking,successful,,,1,2026-07-23 02:12:15.950013
PAY_002033,CUST_01455,42378.8,upi,successful,,,1,2026-07-12 08:20:15.950013
PAY_002034,CUST_01036,41388.1,upi,failed,UNSPECIFIED_DECLINE,unknown_failure,1,2026-06-01 15:00:15.950013
PAY_002035,CUST_01821,31669.77,card,successful,,,1,2026-07-18 10:38:15.950013
PAY_002036,CUST_00400,6443.86,upi,successful,,,1,2026-06-10 06:07:15.950013
PAY_002037,CUST_00835,29370.83,upi,successful,,,1,2026-07-27 05:42:15.950013
PAY_002038,CUST_00962,42509.86,upi,successful,,,1,2026-06-20 12:51:15.951010
PAY_002039,CUST_00989,12916.07,upi,failed,FUNDS_NOT_AVAILABLE,insufficient_funds,1,2026-07-31 06:07:15.951010
PAY_002040,CUST_00523,52843.94,upi,successful,,,1,2026-05-29 13:39:15.951010
PAY_002041,CUST_00780,29057.46,upi,successful,,,1,2026-06-16 12:12:15.951010
PAY_002042,CUST_00824,39843.3,upi,successful,,,1,2026-07-15 01:11:15.951010
PAY_002043,CUST_00711,12228.0,upi,successful,,,3,2026-06-18 02:44:15.951010
PAY_002044,CUST_01685,6489.01,upi,failed,POLICY_DECLINED,risk_decline,1,2026-07-09 15:03:15.951010
PAY_002045,CUST_00606,27874.94,card,successful,,,1,2026-08-20 09:27:15.951010
PAY_002046,CUST_01729,26477.93,upi,successful,,,1,2026-06-07 12:46:15.951010
PAY_002047,CUST_01265,800.98,netbanking,failed,UNKNOWN_ERROR,unknown_failure,1,2026-07-30 12:05:15.951010
PAY_002048,CUST_00143,16378.03,card,failed,INSUFFICIENT_BALANCE,insufficient_funds,1,2026-07-22 06:57:15.951010
PAY_002049,CUST_00375,37442.85,upi,successful,,,1,2026-05-27 09:49:15.951010
PAY_002050,CUST_00465,43561.31,card,successful,,,1,2026-06-29 15:40:15.951010
PAY_002051,CUST_01026,4346.14,card,successful,,,1,2026-05-28 15:06:15.951010
PAY_002052,CUST_01738,35994.29,card,successful,,,1,2026-06-01 19:52:15.951010
PAY_002053,CUST_00741,41612.68,card,successful,,,1,2026-07-19 23:24:15.951010
PAY_002054,CUST_00855,66323.44,card,successful,,,1,2026-05-27 18:34:15.951010
PAY_002055,CUST_00288,74066.77,card,successful,,,1,2026-06-30 11:08:15.951010
PAY_002056,CUST_01201,8033.67,netbanking,successful,,,1,2026-08-08 04:29:15.952006
PAY_002057,CUST_00688,30028.9,upi,failed,BANK_SERVICE_UNAVAILABLE,temporary_bank_failure,1,2026-06-27 15:18:15.952006
PAY_002058,CUST_00439,9158.16,upi,successful,,,1,2026-06-04 18:00:15.952006
PAY_002059,CUST_01102,48872.76,upi,failed,BANK_TEMPORARY_ERROR,temporary_bank_failure,1,2026-08-23 07:12:15.952006
PAY_002060,CUST_00940,46823.24,upi,successful,,,1,2026-06-10 19:39:15.952006
PAY_002061,CUST_01617,1722.0,upi,successful,,,1,2026-07-08 09:27:15.952006
PAY_002062,CUST_01752,73645.55,upi,successful,,,1,2026-05-31 16:28:15.952006
PAY_002063,CUST_01796,9010.31,upi,successful,,,1,2026-06-10 16:21:15.952006
PAY_002064,CUST_00578,39923.82,upi,successful,,,1,2026-08-05 10:59:15.952006
PAY_002065,CUST_00814,48799.01,upi,failed,BANK_SERVICE_UNAVAILABLE,temporary_bank_failure,1,2026-06-15 13:49:15.952006
PAY_002066,CUST_01120,19566.2,upi,failed,BANK_SERVICE_UNAVAILABLE,temporary_bank_failure,1,2026-08-25 02:24:15.952006
PAY_002067,CUST_00716,28110.79,upi,successful,,,1,2026-07-29 07:50:15.952006
PAY_002068,CUST_00433,13594.65,upi,successful,,,2,2026-07-05 01:32:15.952006
PAY_002069,CUST_01645,10282.98,upi,successful,,,1,2026-06-21 12:26:15.952006
PAY_002070,CUST_00419,39376.17,netbanking,successful,,,1,2026-06-06 20:06:15.952006
PAY_002071,CUST_00616,48055.37,card,failed,BANK_SERVICE_UNAVAILABLE,temporary_bank_failure,1,2026-07-27 12:44:15.952006
PAY_002072,CUST_01172,15501.41,upi,successful,,,1,2026-07-31 16:02:15.952006
PAY_002073,CUST_01005,10540.98,card,successful,,,1,2026-06-30 18:16:15.952006
PAY_002074,CUST_00230,45409.74,upi,successful,,,1,2026-06-25 00:30:15.952006
PAY_002075,CUST_00527,94814.3,card,successful,,,1,2026-07-01 20:07:15.952006
PAY_002076,CUST_00292,24613.1,card,successful,,,1,2026-06-18 21:48:15.952006
PAY_002077,CUST_00159,56957.46,upi,successful,,,1,2026-08-23 06:36:15.953003
PAY_002078,CUST_01930,22238.27,upi,successful,,,2,2026-06-19 04:44:15.953003
PAY_002079,CUST_00560,11482.27,card,successful,,,1,2026-07-25 12:29:15.953003
PAY_002080,CUST_00905,14977.51,upi,successful,,,1,2026-07-02 02:44:15.953003
PAY_002081,CUST_00919,36691.52,upi,failed,INSUFFICIENT_BALANCE,insufficient_funds,1,2026-08-06 03:51:15.953003
PAY_002082,CUST_00234,37003.95,upi,successful,,,1,2026-08-15 20:58:15.953003
PAY_002083,CUST_01746,18823.67,upi,successful,,,1,2026-08-24 07:01:15.953003
PAY_002084,CUST_00687,46668.43,card,successful,,,1,2026-06-29 09:14:15.953003
PAY_002085,CUST_00748,36726.16,netbanking,successful,,,1,2026-08-07 16:45:15.953003
PAY_002086,CUST_00132,20407.82,netbanking,failed,AUTHENTICATION_FAILED,authentication_failed,1,2026-07-12 04:43:15.953003
PAY_002087,CUST_01810,24267.54,upi,successful,,,1,2026-08-16 01:59:15.953003
PAY_002088,CUST_01568,10327.72,upi,successful,,,1,2026-06-20 12:31:15.953003
PAY_002089,CUST_00793,31459.78,upi,failed,BANK_TEMPORARY_ERROR,temporary_bank_failure,1,2026-08-04 10:16:15.953003
PAY_002090,CUST_00685,47594.35,card,successful,,,1,2026-06-12 17:19:15.953003
PAY_002091,CUST_00251,13233.9,upi,successful,,,2,2026-07-03 04:16:15.953003
PAY_002092,CUST_01494,37774.88,upi,successful,,,1,2026-06-30 11:39:15.953003
PAY_002093,CUST_00733,19537.49,upi,successful,,,1,2026-06-15 08:13:15.953003
PAY_002094,CUST_01187,34803.11,upi,successful,,,1,2026-08-21 20:09:15.953003
PAY_002095,CUST_01276,93006.15,upi,failed,UNSPECIFIED_DECLINE,unknown_failure,1,2026-06-20 14:50:15.953003
PAY_002096,CUST_00770,22525.89,netbanking,successful,,,1,2026-08-25 12:51:15.953003
PAY_002097,CUST_01221,47717.0,card,successful,,,1,2026-06-16 11:02:15.953003
PAY_002098,CUST_00537,49348.49,upi,successful,,,1,2026-06-12 07:29:15.954000
PAY_002099,CUST_00694,13269.0,upi,successful,,,2,2026-08-10 04:35:15.954000
PAY_002100,CUST_00827,3362.66,upi,successful,,,1,2026-08-24 17:05:15.954000
PAY_002101,CUST_01855,38595.02,netbanking,successful,,,1,2026-06-14 06:48:15.954000
PAY_002102,CUST_01046,21304.65,upi,successful,,,1,2026-08-01 11:39:15.954000
PAY_002103,CUST_01882,42433.83,upi,successful,,,1,2026-07-21 15:22:15.954000
PAY_002104,CUST_00894,27000.06,upi,successful,,,1,2026-07-20 21:59:15.954000
PAY_002105,CUST_00614,15381.1,upi,successful,,,1,2026-06-12 12:04:15.954000
PAY_002106,CUST_01442,16963.08,card,successful,,,2,2026-08-06 06:55:15.954000
PAY_002107,CUST_00603,39734.62,card,successful,,,1,2026-06-20 10:44:15.954000
PAY_002108,CUST_00887,20057.06,upi,successful,,,1,2026-06-01 12:57:15.954000
PAY_002109,CUST_00895,13226.69,upi,successful,,,1,2026-07-02 06:55:15.954000
PAY_002110,CUST_01030,8317.18,card,failed,BANK_SERVICE_UNAVAILABLE,temporary_bank_failure,1,2026-08-18 18:48:15.954000
PAY_002111,CUST_00385,9565.57,upi,successful,,,1,2026-07-19 15:02:15.954000
PAY_002112,CUST_01954,6854.95,upi,successful,,,1,2026-07-16 17:40:15.954000
PAY_002113,CUST_00897,37162.85,upi,successful,,,1,2026-06-25 11:18:15.954000
PAY_002114,CUST_01814,17595.26,upi,successful,,,1,2026-08-09 08:50:15.954000
PAY_002115,CUST_00766,30550.02,upi,successful,,,1,2026-07-04 03:18:15.954000
PAY_002116,CUST_00244,20921.87,card,failed,AUTHENTICATION_FAILED,authentication_failed,1,2026-08-03 06:33:15.954000
PAY_002117,CUST_01001,38685.4,card,successful,,,2,2026-05-26 22:49:15.954000
PAY_002118,CUST_01149,16869.45,upi,successful,,,1,2026-06-01 18:06:15.954997
PAY_002119,CUST_00390,80187.62,upi,successful,,,1,2026-06-14 00:28:15.954997
PAY_002120,CUST_00876,85965.04,upi,successful,,,1,2026-07-14 09:46:15.954997
PAY_002121,CUST_00726,5127.09,upi,failed,FUNDS_NOT_AVAILABLE,insufficient_funds,1,2026-06-17 04:09:15.954997
PAY_002122,CUST_00165,66441.56,upi,successful,,,1,2026-06-21 07:09:15.954997
PAY_002123,CUST_01455,24372.44,netbanking,successful,,,2,2026-06-07 21:32:15.954997
PAY_002124,CUST_01747,16212.14,netbanking,successful,,,1,2026-08-18 10:34:15.954997
PAY_002125,CUST_01574,3024.49,card,successful,,,2,2026-08-14 18:18:15.954997
PAY_002126,CUST_00909,22257.61,upi,successful,,,1,2026-06-17 02:26:15.954997
PAY_002127,CUST_01808,35282.02,card,failed,LIMIT_EXCEEDED,limit_exceeded,1,2026-06-05 04:18:15.954997
PAY_002128,CUST_01396,4891.87,upi,successful,,,1,2026-08-02 16:35:15.954997
PAY_002129,CUST_00919,39825.02,upi,successful,,,2,2026-08-25 07:09:15.955994
PAY_002130,CUST_00196,81596.42,upi,successful,,,1,2026-07-12 22:23:15.955994
PAY_002131,CUST_01946,8406.75,card,successful,,,1,2026-07-04 06:31:15.955994
PAY_002132,CUST_01961,48030.7,upi,successful,,,1,2026-07-30 17:58:15.955994
PAY_002133,CUST_00747,18324.4,upi,successful,,,1,2026-07-22 19:16:15.955994
PAY_002134,CUST_00132,8637.78,card,successful,,,1,2026-06-14 04:26:15.955994
PAY_002135,CUST_01288,38596.03,upi,failed,BANK_TEMPORARY_ERROR,temporary_bank_failure,1,2026-08-19 02:39:15.955994
PAY_002136,CUST_01425,21424.56,upi,successful,,,1,2026-06-19 08:23:15.955994
PAY_002137,CUST_00360,25984.21,netbanking,failed,FUNDS_NOT_AVAILABLE,insufficient_funds,1,2026-06-18 02:41:15.955994
PAY_002138,CUST_01716,2229.97,upi,successful,,,1,2026-05-31 05:54:15.955994
PAY_002139,CUST_01047,19537.83,netbanking,successful,,,1,2026-07-27 11:38:15.955994
PAY_002140,CUST_01086,26894.26,upi,successful,,,1,2026-07-19 16:26:15.955994
PAY_002141,CUST_01214,74546.94,netbanking,successful,,,1,2026-08-20 13:10:15.955994
PAY_002142,CUST_01796,32059.05,upi,successful,,,1,2026-08-10 22:32:15.955994
PAY_002143,CUST_00877,49144.3,upi,successful,,,1,2026-07-11 17:18:15.955994
PAY_002144,CUST_01187,44123.94,upi,successful,,,1,2026-07-22 11:05:15.955994
PAY_002145,CUST_00725,48219.73,upi,successful,,,1,2026-06-14 00:57:15.955994
PAY_002146,CUST_00786,10809.82,upi,failed,TRANSACTION_LIMIT_EXCEEDED,limit_exceeded,1,2026-07-04 05:33:15.955994
PAY_002147,CUST_01943,5200.19,netbanking,successful,,,1,2026-07-20 11:05:15.955994
PAY_002148,CUST_01871,69328.28,upi,successful,,,1,2026-08-25 15:02:15.955994
PAY_002149,CUST_00649,36755.85,card,successful,,,1,2026-06-19 19:10:15.955994
PAY_002150,CUST_01461,1673.31,card,successful,,,1,2026-07-17 07:50:15.955994
PAY_002151,CUST_01133,2757.52,upi,successful,,,1,2026-07-05 04:05:15.955994
PAY_002152,CUST_00227,22357.92,netbanking,successful,,,1,2026-08-18 05:47:15.955994
PAY_002153,CUST_01524,54240.64,upi,successful,,,1,2026-08-17 09:18:15.955994
PAY_002154,CUST_01416,30673.67,upi,successful,,,1,2026-07-20 22:20:15.956990
PAY_002155,CUST_00578,49656.49,upi,successful,,,1,2026-07-09 19:36:15.956990
PAY_002156,CUST_01022,3793.01,upi,failed,INSUFFICIENT_BALANCE,insufficient_funds,1,2026-07-31 14:34:15.956990
PAY_002157,CUST_00184,18796.52,upi,successful,,,1,2026-06-18 09:06:15.956990
PAY_002158,CUST_00925,13697.44,upi,successful,,,1,2026-07-03 08:20:15.956990
PAY_002159,CUST_01655,45793.36,netbanking,successful,,,1,2026-05-28 22:47:15.956990
PAY_002160,CUST_00476,8530.71,card,failed,,temporary_bank_failure,1,2026-06-08 11:17:15.956990
PAY_002161,CUST_00197,23572.87,card,successful,,,1,2026-06-27 04:26:15.956990
PAY_002162,CUST_00542,64002.39,card,successful,,,1,2026-07-24 07:59:15.956990
PAY_002163,CUST_01216,80219.54,card,successful,,,1,2026-07-18 19:55:15.956990
PAY_002164,CUST_00292,1007.82,netbanking,successful,,,1,2026-08-01 15:17:15.956990
PAY_002165,CUST_00409,37893.32,netbanking,successful,,,2,2026-06-30 12:05:15.956990
PAY_002166,CUST_01581,29938.56,upi,successful,,,1,2026-08-18 16:35:15.956990
PAY_002167,CUST_01819,46811.77,card,successful,,,1,2026-07-10 01:18:15.956990
PAY_002168,CUST_01734,42315.49,upi,successful,,,1,2026-06-09 22:45:15.956990
PAY_002169,CUST_00560,5071.3,netbanking,successful,,,1,2026-06-19 10:46:15.956990
PAY_002170,CUST_00683,9513.87,card,successful,,,1,2026-07-28 04:04:15.956990
PAY_002171,CUST_01028,30862.21,upi,successful,,,1,2026-08-02 08:38:15.956990
PAY_002172,CUST_00331,19850.48,upi,failed,POLICY_DECLINED,risk_decline,1,2026-07-11 10:18:15.956990
PAY_002173,CUST_01547,21781.45,upi,successful,,,2,2026-08-02 12:17:15.956990
PAY_002174,CUST_00646,1381.78,card,failed,RISK_DECLINED,risk_decline,2,2026-07-04 20:38:15.956990
PAY_002175,CUST_00160,93119.49,upi,successful,,,1,2026-06-18 13:05:15.956990
PAY_002176,CUST_01297,18439.14,netbanking,failed,INSUFFICIENT_BALANCE,insufficient_funds,1,2026-07-25 15:10:15.956990
PAY_002177,CUST_01489,8666.24,upi,successful,,,2,2026-08-24 04:41:15.957986
PAY_002178,CUST_00220,42558.28,upi,successful,,,1,2026-08-08 22:12:15.957986
PAY_002179,CUST_00420,36511.7,upi,successful,,,1,2026-08-14 21:25:15.957986
PAY_002180,CUST_00525,12682.56,card,successful,,,1,2026-05-27 00:07:15.957986
PAY_002181,CUST_00869,10514.62,upi,failed,UNKNOWN_ERROR,unknown_failure,2,2026-08-17 05:24:15.957986
PAY_002182,CUST_01381,40545.11,upi,successful,,,1,2026-06-03 05:02:15.957986
PAY_002183,CUST_00937,33570.55,card,successful,,,1,2026-07-11 17:46:15.957986
PAY_002184,CUST_00738,8860.02,netbanking,successful,,,2,2026-06-17 22:37:15.957986
PAY_002185,CUST_00072,42744.43,upi,successful,,,1,2026-07-18 21:02:15.957986
PAY_002186,CUST_01148,15162.05,upi,successful,,,1,2026-07-30 03:36:15.957986
PAY_002187,CUST_00744,5117.57,upi,successful,,,1,2026-05-28 03:14:15.957986
PAY_002188,CUST_00993,37381.53,netbanking,successful,,,1,2026-06-27 23:12:15.957986
PAY_002189,CUST_01461,7035.54,upi,successful,,,1,2026-08-17 04:31:15.957986
PAY_002190,CUST_01934,31394.46,upi,successful,,,1,2026-06-04 04:48:15.957986
PAY_002191,CUST_00913,21789.8,upi,successful,,,1,2026-06-29 12:45:15.957986
PAY_002192,CUST_00939,49152.87,upi,successful,,,1,2026-06-25 21:55:15.957986
PAY_002193,CUST_00350,13194.96,netbanking,successful,,,2,2026-07-12 00:16:15.957986
PAY_002194,CUST_01044,18369.42,card,successful,,,1,2026-07-10 14:48:15.957986
PAY_002195,CUST_00242,9303.63,netbanking,failed,UNSPECIFIED_DECLINE,expired_instrument,1,2026-06-12 06:45:15.957986
PAY_002196,CUST_01470,28744.83,upi,successful,,,2,2026-06-22 14:33:15.957986
PAY_002197,CUST_00403,14038.14,card,successful,,,1,2026-06-21 15:25:15.957986
PAY_002198,CUST_01833,25614.04,upi,successful,,,1,2026-08-06 22:15:15.957986
PAY_002199,CUST_00599,54283.76,card,successful,,,1,2026-06-19 17:54:15.957986
PAY_002200,CUST_00562,91744.88,netbanking,successful,,,2,2026-08-03 13:40:15.957986
PAY_002201,CUST_01107,29576.43,card,successful,,,1,2026-06-10 04:59:15.958983
PAY_002202,CUST_00637,26734.53,upi,successful,,,1,2026-07-29 04:08:15.958983
PAY_002203,CUST_01294,29904.68,upi,successful,,,1,2026-07-22 14:25:15.958983
PAY_002204,CUST_01270,38794.06,upi,successful,,,1,2026-06-25 15:09:15.958983
PAY_002205,CUST_01947,42717.66,netbanking,successful,,,1,2026-07-04 12:59:15.958983
PAY_002206,CUST_01460,2037.27,upi,successful,,,1,2026-08-21 00:27:15.958983
PAY_002207,CUST_01588,8037.44,netbanking,successful,,,1,2026-08-20 12:25:15.958983
PAY_002208,CUST_00475,99026.13,card,successful,,,1,2026-08-21 08:57:15.958983
PAY_002209,CUST_01230,42377.73,card,successful,,,1,2026-07-30 02:47:15.958983
PAY_002210,CUST_01372,35886.38,card,successful,,,1,2026-06-14 16:34:15.958983
PAY_002211,CUST_00305,23414.16,upi,successful,,,1,2026-06-08 01:06:15.958983
PAY_002212,CUST_01475,3068.81,upi,successful,,,1,2026-07-28 02:16:15.958983
PAY_002213,CUST_00085,1387.86,upi,successful,,,1,2026-07-21 23:55:15.958983
PAY_002214,CUST_00647,18987.05,upi,successful,,,1,2026-07-31 09:01:15.958983
PAY_002215,CUST_01230,1298.84,upi,successful,,,1,2026-06-28 13:37:15.958983
PAY_002216,CUST_01641,38241.14,card,successful,,,1,2026-07-16 17:00:15.958983
PAY_002217,CUST_01120,5888.31,netbanking,successful,,,2,2026-06-08 05:04:15.958983
PAY_002218,CUST_00269,13128.62,upi,successful,,,1,2026-07-02 01:52:15.958983
PAY_002219,CUST_00561,23083.3,upi,successful,,,2,2026-07-25 04:43:15.958983
PAY_002220,CUST_01292,71410.5,netbanking,successful,,,1,2026-08-11 04:02:15.958983
PAY_002221,CUST_00501,28184.52,upi,failed,UNKNOWN_ERROR,unknown_failure,1,2026-06-08 21:06:15.958983
PAY_002222,CUST_00658,29542.72,upi,failed,TRANSACTION_LIMIT_EXCEEDED,limit_exceeded,1,2026-08-25 19:10:15.958983
PAY_002223,CUST_00512,90705.06,upi,successful,,,1,2026-07-14 19:13:15.958983
PAY_002224,CUST_00144,39790.86,netbanking,successful,,,1,2026-08-08 12:13:15.958983
PAY_002225,CUST_00949,2761.86,card,successful,,,1,2026-07-29 19:21:15.958983
PAY_002226,CUST_00679,1257.29,card,successful,,,1,2026-06-19 01:53:15.959980
PAY_002227,CUST_01820,2194.49,netbanking,successful,,,2,2026-07-19 20:16:15.959980
PAY_002228,CUST_00208,59042.54,netbanking,successful,,,1,2026-06-19 04:24:15.959980
PAY_002229,CUST_01466,12680.42,upi,successful,,,1,2026-06-13 08:25:15.959980
PAY_002230,CUST_01823,82351.15,upi,successful,,,1,2026-08-04 12:13:15.959980
PAY_002231,CUST_01339,43378.39,upi,failed,INSUFFICIENT_BALANCE,insufficient_funds,1,2026-06-06 01:25:15.959980
PAY_002232,CUST_00580,8537.67,upi,failed,CARD_EXPIRED,expired_instrument,1,2026-07-10 15:06:15.959980
PAY_002233,CUST_01424,60164.84,card,successful,,,1,2026-08-15 23:25:15.959980
PAY_002234,CUST_00320,8217.28,upi,successful,,,1,2026-05-29 05:43:15.959980
PAY_002235,CUST_01698,14028.42,upi,successful,,,1,2026-05-28 23:14:15.959980
PAY_002236,CUST_00697,32699.65,card,successful,,,1,2026-08-17 02:46:15.959980
PAY_002237,CUST_00965,6876.98,upi,successful,,,2,2026-07-12 10:41:15.959980
PAY_002238,CUST_00138,16848.41,card,successful,,,1,2026-08-15 00:40:15.959980
PAY_002239,CUST_00525,27938.39,card,successful,,,1,2026-07-27 10:46:15.959980
PAY_002240,CUST_00505,18823.57,card,successful,,,1,2026-07-31 20:11:15.959980
PAY_002241,CUST_00246,3984.19,upi,successful,,,1,2026-07-29 17:28:15.959980
PAY_002242,CUST_01818,17760.75,upi,successful,,,1,2026-07-21 18:08:15.959980
PAY_002243,CUST_01656,15885.72,upi,failed,UNSPECIFIED_DECLINE,authentication_failed,1,2026-07-05 05:07:15.959980
PAY_002244,CUST_01771,21412.95,card,successful,,,1,2026-08-02 10:43:15.959980
PAY_002245,CUST_00626,91031.57,upi,successful,,,2,2026-08-21 23:54:15.959980
PAY_002246,CUST_01728,14523.28,upi,successful,,,1,2026-08-09 21:27:15.959980
PAY_002247,CUST_01275,19135.47,upi,successful,,,1,2026-08-15 00:48:15.959980
PAY_002248,CUST_00243,43291.6,netbanking,failed,CARD_BLOCKED,blocked_instrument,2,2026-06-28 19:08:15.959980
PAY_002249,CUST_01963,38717.14,upi,successful,,,2,2026-05-28 08:38:15.960976
PAY_002250,CUST_00642,6521.16,upi,failed,INSUFFICIENT_BALANCE,insufficient_funds,1,2026-05-31 18:10:15.960976
PAY_002251,CUST_01122,35886.71,netbanking,successful,,,1,2026-08-09 11:57:15.960976
PAY_002252,CUST_01919,16594.63,card,failed,AUTHENTICATION_FAILED,authentication_failed,1,2026-06-09 00:43:15.960976
PAY_002253,CUST_01833,25754.9,card,failed,FUNDS_NOT_AVAILABLE,insufficient_funds,1,2026-06-30 20:33:15.960976
PAY_002254,CUST_01098,6639.1,upi,successful,,,1,2026-07-19 11:21:15.960976
PAY_002255,CUST_01649,38002.44,upi,failed,,unknown_failure,1,2026-07-29 09:30:15.960976
PAY_002256,CUST_01589,27773.44,card,successful,,,1,2026-06-15 14:08:15.960976
PAY_002257,CUST_00499,12049.3,card,successful,,,1,2026-08-02 18:58:15.960976
PAY_002258,CUST_00709,17642.04,card,successful,,,1,2026-07-15 16:27:15.960976
PAY_002259,CUST_01464,15820.3,upi,successful,,,1,2026-07-04 10:45:15.960976
PAY_002260,CUST_01767,14489.42,upi,successful,,,2,2026-07-03 03:45:15.960976
PAY_002261,CUST_01893,16264.66,card,successful,,,1,2026-08-14 11:18:15.960976
PAY_002262,CUST_00519,22099.6,upi,successful,,,1,2026-07-10 05:57:15.960976
PAY_002263,CUST_00439,8736.43,upi,successful,,,1,2026-06-11 09:04:15.960976
PAY_002264,CUST_00636,29037.45,card,successful,,,1,2026-07-08 10:53:15.960976
PAY_002265,CUST_00293,25526.5,upi,successful,,,1,2026-08-06 19:00:15.960976
PAY_002266,CUST_00101,25040.16,upi,successful,,,1,2026-07-19 23:43:15.960976
PAY_002267,CUST_01558,17600.55,netbanking,successful,,,1,2026-07-13 16:59:15.960976
PAY_002268,CUST_01555,83902.47,upi,successful,,,1,2026-07-15 15:36:15.960976
PAY_002269,CUST_01822,45644.68,card,successful,,,1,2026-07-19 13:22:15.960976
PAY_002270,CUST_00510,8474.04,upi,failed,INSUFFICIENT_BALANCE,insufficient_funds,1,2026-07-25 18:08:15.960976
PAY_002271,CUST_01978,38858.37,card,successful,,,1,2026-08-17 05:39:15.960976
PAY_002272,CUST_00381,8847.23,upi,successful,,,1,2026-08-05 14:17:15.961973
PAY_002273,CUST_01395,31085.63,upi,successful,,,1,2026-07-16 11:54:15.961973
PAY_002274,CUST_01489,49820.53,card,failed,INSUFFICIENT_BALANCE,insufficient_funds,1,2026-07-07 09:27:15.961973
PAY_002275,CUST_01952,36985.29,upi,successful,,,1,2026-08-08 19:26:15.962529
PAY_002276,CUST_01670,8633.51,upi,successful,,,1,2026-08-24 08:40:15.962529
PAY_002277,CUST_00610,45007.63,upi,successful,,,1,2026-06-14 19:57:15.962529
PAY_002278,CUST_01916,58155.97,upi,successful,,,1,2026-06-24 03:41:15.962529
PAY_002279,CUST_01290,19253.78,card,failed,BANK_TEMPORARY_ERROR,temporary_bank_failure,1,2026-08-01 04:49:15.962529
PAY_002280,CUST_00460,28203.23,netbanking,successful,,,1,2026-06-22 04:00:15.962529
PAY_002281,CUST_01918,8331.21,upi,successful,,,1,2026-06-19 17:17:15.962529
PAY_002282,CUST_01938,34429.52,netbanking,failed,FUNDS_NOT_AVAILABLE,insufficient_funds,1,2026-07-18 08:51:15.962529
PAY_002283,CUST_01819,10274.69,upi,successful,,,1,2026-07-13 13:35:15.962529
PAY_002284,CUST_01335,38414.58,card,successful,,,1,2026-06-02 21:57:15.962529
PAY_002285,CUST_00035,40748.11,netbanking,successful,,,1,2026-08-15 19:00:15.962529
PAY_002286,CUST_01458,2543.02,upi,successful,,,1,2026-08-16 10:25:15.962529
PAY_002287,CUST_00110,45842.64,card,successful,,,1,2026-06-06 11:56:15.962529
PAY_002288,CUST_01818,45631.56,upi,successful,,,1,2026-07-30 08:39:15.963530
PAY_002289,CUST_00632,20321.94,card,successful,,,1,2026-08-23 00:37:15.963530
PAY_002290,CUST_01789,17853.95,card,successful,,,1,2026-06-03 03:00:15.963530
PAY_002291,CUST_00176,4671.62,upi,failed,POLICY_DECLINED,risk_decline,2,2026-06-14 16:38:15.963530
PAY_002292,CUST_01969,39704.18,card,successful,,,1,2026-07-09 11:26:15.963530
PAY_002293,CUST_01168,68388.05,card,successful,,,1,2026-08-19 14:20:15.963530
PAY_002294,CUST_01796,30547.64,card,successful,,,1,2026-07-10 11:37:15.963530
PAY_002295,CUST_00577,13318.8,upi,successful,,,1,2026-08-19 23:38:15.963530
PAY_002296,CUST_00394,17090.52,upi,successful,,,2,2026-07-22 15:10:15.963530
PAY_002297,CUST_01392,13647.28,card,successful,,,1,2026-06-14 23:39:15.963530
PAY_002298,CUST_01692,24327.63,upi,successful,,,1,2026-06-28 06:43:15.963530
PAY_002299,CUST_00637,20672.45,upi,successful,,,1,2026-07-11 03:50:15.963530
PAY_002300,CUST_01769,7140.04,upi,failed,LIMIT_EXCEEDED,limit_exceeded,1,2026-07-24 20:27:15.963530
PAY_002301,CUST_00473,74343.21,card,successful,,,1,2026-06-16 10:51:15.963530
PAY_002302,CUST_00980,60926.39,netbanking,successful,,,1,2026-06-27 01:35:15.964527
PAY_002303,CUST_01995,98296.23,upi,successful,,,1,2026-06-23 18:05:15.964527
PAY_002304,CUST_00279,5283.14,upi,failed,UNSPECIFIED_DECLINE,unknown_failure,1,2026-08-01 20:24:15.964527
PAY_002305,CUST_01714,32508.38,netbanking,successful,,,1,2026-08-07 07:31:15.964527
PAY_002306,CUST_00026,47015.52,upi,successful,,,1,2026-06-14 12:05:15.964527
PAY_002307,CUST_01273,26386.85,card,successful,,,1,2026-08-24 15:52:15.964527
PAY_002308,CUST_00868,23369.93,upi,successful,,,1,2026-08-23 13:59:15.964527
PAY_002309,CUST_01904,37292.41,upi,successful,,,1,2026-08-14 03:09:15.964527
PAY_002310,CUST_01791,28880.21,upi,successful,,,1,2026-07-10 13:22:15.964527
PAY_002311,CUST_01603,49898.51,upi,failed,BANK_TEMPORARY_ERROR,temporary_bank_failure,1,2026-07-15 06:22:15.964527
PAY_002312,CUST_00271,37533.92,upi,successful,,,1,2026-07-20 09:29:15.964527
PAY_002313,CUST_01372,32972.51,upi,failed,INSUFFICIENT_BALANCE,insufficient_funds,2,2026-06-23 09:44:15.964527
PAY_002314,CUST_01836,33681.98,card,successful,,,1,2026-08-18 04:51:15.964527
PAY_002315,CUST_01691,6088.62,upi,successful,,,1,2026-06-09 21:36:15.964527
PAY_002316,CUST_00462,9331.94,upi,failed,TRANSACTION_LIMIT_EXCEEDED,limit_exceeded,1,2026-08-01 16:50:15.964527
PAY_002317,CUST_01314,10799.82,card,successful,,,1,2026-07-16 14:44:15.965715
PAY_002318,CUST_00577,28541.18,upi,successful,,,1,2026-05-29 13:45:15.965715
PAY_002319,CUST_00307,29550.02,upi,successful,,,1,2026-07-31 14:06:15.965715
PAY_002320,CUST_01215,16985.21,card,successful,,,1,2026-07-10 09:41:15.965715
PAY_002321,CUST_01907,31065.49,card,successful,,,1,2026-07-11 20:27:15.965715
PAY_002322,CUST_01233,14471.91,card,successful,,,1,2026-07-07 02:23:15.965715
PAY_002323,CUST_01946,44694.93,netbanking,successful,,,1,2026-07-01 01:51:15.965715
PAY_002324,CUST_01621,92224.51,card,successful,,,1,2026-08-07 12:17:15.965715
PAY_002325,CUST_01927,59676.4,card,successful,,,1,2026-06-06 11:17:15.965715
PAY_002326,CUST_00599,59084.7,upi,successful,,,2,2026-08-01 16:38:15.965715
PAY_002327,CUST_01875,19694.48,card,successful,,,1,2026-06-24 03:58:15.965715
PAY_002328,CUST_01678,10287.28,upi,successful,,,1,2026-07-04 11:22:15.965715
PAY_002329,CUST_01943,34370.66,card,successful,,,2,2026-06-18 06:10:15.965715
PAY_002330,CUST_01915,13161.97,upi,successful,,,1,2026-08-23 07:41:15.965715
PAY_002331,CUST_00230,8022.8,card,successful,,,1,2026-06-13 02:58:15.965715
PAY_002332,CUST_00133,24680.18,upi,failed,FUNDS_NOT_AVAILABLE,insufficient_funds,1,2026-08-17 10:14:15.966732
PAY_002333,CUST_00482,42829.02,card,successful,,,1,2026-06-15 03:31:15.966732
PAY_002334,CUST_01431,7249.84,card,successful,,,1,2026-07-03 14:47:15.966732
PAY_002335,CUST_00772,27662.86,upi,successful,,,1,2026-08-08 00:42:15.966732
PAY_002336,CUST_01893,27016.29,upi,successful,,,1,2026-06-11 17:15:15.966732
PAY_002337,CUST_01838,16070.1,netbanking,successful,,,1,2026-06-02 20:42:15.966732
PAY_002338,CUST_00037,17392.75,upi,failed,BANK_TEMPORARY_ERROR,temporary_bank_failure,2,2026-06-08 17:54:15.966732
PAY_002339,CUST_00641,39721.23,card,failed,NETWORK_TIMEOUT,timeout,1,2026-06-16 04:05:15.966732
PAY_002340,CUST_01747,18639.61,upi,successful,,,1,2026-06-12 18:01:15.966732
PAY_002341,CUST_00443,10498.48,upi,successful,,,1,2026-06-08 02:38:15.966732
PAY_002342,CUST_01654,5805.21,upi,failed,CARD_BLOCKED,blocked_instrument,1,2026-05-27 21:33:15.966732
PAY_002343,CUST_01934,20206.82,card,successful,,,1,2026-07-09 23:12:15.966732
PAY_002344,CUST_00538,19180.86,upi,failed,NETWORK_TIMEOUT,timeout,1,2026-05-29 02:27:15.966732
PAY_002345,CUST_01884,19867.42,upi,failed,UNSPECIFIED_DECLINE,unknown_failure,1,2026-06-09 17:12:15.967740
PAY_002346,CUST_00345,6515.63,netbanking,failed,INSUFFICIENT_BALANCE,insufficient_funds,1,2026-07-04 17:27:15.967740
PAY_002347,CUST_01401,31338.19,upi,successful,,,1,2026-06-07 09:26:15.967740
PAY_002348,CUST_01073,22309.93,card,successful,,,1,2026-06-01 23:50:15.967740
PAY_002349,CUST_00235,26479.73,upi,successful,,,1,2026-07-10 22:34:15.967740
PAY_002350,CUST_01207,18032.54,upi,failed,BANK_SERVICE_UNAVAILABLE,temporary_bank_failure,1,2026-07-25 17:07:15.967740
PAY_002351,CUST_00487,36913.77,upi,successful,,,1,2026-08-05 05:43:15.967740
PAY_002352,CUST_01582,46036.31,upi,successful,,,1,2026-06-11 17:01:15.967740
PAY_002353,CUST_01820,29546.59,upi,successful,,,1,2026-08-05 13:15:15.967740
PAY_002354,CUST_00868,3440.85,upi,successful,,,1,2026-07-22 08:13:15.967740
PAY_002355,CUST_00393,16817.15,upi,successful,,,1,2026-08-07 01:44:15.967740
PAY_002356,CUST_01309,13116.63,card,successful,,,1,2026-07-24 11:42:15.967740
PAY_002357,CUST_01174,9234.6,upi,successful,,,1,2026-06-22 22:00:15.968736
PAY_002358,CUST_01124,42071.5,netbanking,successful,,,2,2026-05-27 12:52:15.968736
PAY_002359,CUST_00881,15015.93,card,successful,,,1,2026-07-24 05:40:15.968736
PAY_002360,CUST_01626,23928.68,card,successful,,,1,2026-07-25 07:57:15.968736
PAY_002361,CUST_01025,44986.04,card,failed,POLICY_DECLINED,risk_decline,1,2026-07-12 14:41:15.968736
PAY_002362,CUST_00581,73501.53,netbanking,successful,,,1,2026-07-17 19:08:15.968736
PAY_002363,CUST_00657,32484.02,card,successful,,,1,2026-07-18 07:55:15.968736
PAY_002364,CUST_00240,45891.68,upi,successful,,,1,2026-06-01 20:24:15.968736
PAY_002365,CUST_00215,30399.54,netbanking,successful,,,1,2026-08-14 15:35:15.968736
PAY_002366,CUST_00880,4798.86,upi,successful,,,1,2026-07-22 23:48:15.968736
PAY_002367,CUST_00972,19458.79,upi,successful,,,1,2026-06-09 01:39:15.968736
PAY_002368,CUST_01103,6797.64,netbanking,successful,,,1,2026-06-22 04:17:15.968736
PAY_002369,CUST_00773,10516.83,card,successful,,,1,2026-06-27 22:18:15.968736
PAY_002370,CUST_00201,28124.53,upi,successful,,,1,2026-07-09 15:37:15.968736
PAY_002371,CUST_00943,28683.08,card,successful,,,1,2026-06-23 08:53:15.968736
PAY_002372,CUST_01951,27542.87,card,successful,,,1,2026-06-22 05:00:15.969733
PAY_002373,CUST_01986,20264.55,upi,successful,,,2,2026-07-26 20:10:15.969733
PAY_002374,CUST_01380,5365.32,upi,successful,,,1,2026-06-10 23:04:15.969733
PAY_002375,CUST_00172,6974.97,card,successful,,,1,2026-08-12 02:05:15.969733
PAY_002376,CUST_01163,32640.8,upi,successful,,,1,2026-06-29 03:54:15.969733
PAY_002377,CUST_01474,18813.59,upi,successful,,,1,2026-06-05 02:16:15.969733
PAY_002378,CUST_00135,18596.9,upi,successful,,,1,2026-08-21 22:09:15.969733
PAY_002379,CUST_01618,2184.65,upi,successful,,,1,2026-07-30 10:33:15.969733
PAY_002380,CUST_01478,42292.21,upi,failed,UNSPECIFIED_DECLINE,unknown_failure,1,2026-08-15 04:38:15.969733
PAY_002381,CUST_01500,20052.08,upi,successful,,,1,2026-06-06 23:44:15.969733
PAY_002382,CUST_01911,8796.2,netbanking,successful,,,2,2026-07-11 00:33:15.969733
PAY_002383,CUST_00296,4303.96,upi,successful,,,1,2026-07-22 16:22:15.969733
PAY_002384,CUST_00009,7097.98,upi,failed,CARD_BLOCKED,blocked_instrument,1,2026-05-29 10:53:15.969733
PAY_002385,CUST_01805,14419.82,upi,successful,,,1,2026-05-29 23:23:15.969733
PAY_002386,CUST_01121,81614.53,upi,successful,,,1,2026-06-04 11:11:15.970729
PAY_002387,CUST_01698,35559.56,upi,successful,,,1,2026-07-13 03:44:15.970729
PAY_002388,CUST_01889,33399.87,card,successful,,,2,2026-08-21 02:32:15.970729
PAY_002389,CUST_01903,29775.29,upi,successful,,,1,2026-07-21 18:14:15.970729
PAY_002390,CUST_01673,19842.17,upi,successful,,,1,2026-07-19 11:49:15.970729
PAY_002391,CUST_01314,46572.73,upi,successful,,,1,2026-08-10 13:20:15.970729
PAY_002392,CUST_01519,6359.34,upi,failed,UNSPECIFIED_DECLINE,temporary_bank_failure,1,2026-06-28 13:14:15.970729
PAY_002393,CUST_01826,8978.87,upi,successful,,,1,2026-05-30 03:39:15.970729
PAY_002394,CUST_01005,1325.06,netbanking,successful,,,1,2026-08-06 18:48:15.970729
PAY_002395,CUST_01579,24939.69,netbanking,successful,,,1,2026-06-20 22:37:15.970729
PAY_002396,CUST_00671,87241.11,netbanking,failed,CARD_EXPIRED,expired_instrument,1,2026-07-27 09:53:15.970729
PAY_002397,CUST_00864,31852.38,netbanking,successful,,,1,2026-08-15 06:11:15.970729
PAY_002398,CUST_01934,27800.47,upi,successful,,,1,2026-07-19 07:21:15.970729
PAY_002399,CUST_01020,4344.15,upi,successful,,,1,2026-07-08 14:35:15.970729
PAY_002400,CUST_00630,31145.36,upi,successful,,,1,2026-08-22 17:04:15.971726
PAY_002401,CUST_00224,19642.21,card,successful,,,1,2026-06-17 12:57:15.971726
PAY_002402,CUST_01756,14526.31,card,successful,,,1,2026-08-12 03:38:15.971726
PAY_002403,CUST_00905,17445.79,upi,successful,,,1,2026-08-05 16:49:15.971726
PAY_002404,CUST_00898,19450.13,card,successful,,,1,2026-08-22 08:59:15.971726
PAY_002405,CUST_01618,44540.99,upi,successful,,,2,2026-07-07 11:41:15.971726
PAY_002406,CUST_00599,11544.1,upi,successful,,,1,2026-08-15 05:29:15.971726
PAY_002407,CUST_01548,21924.29,upi,failed,FUNDS_NOT_AVAILABLE,insufficient_funds,1,2026-06-01 06:41:15.971726
PAY_002408,CUST_01910,18738.15,upi,successful,,,1,2026-07-08 21:11:15.971726
PAY_002409,CUST_01425,40452.72,upi,successful,,,1,2026-06-12 03:18:15.971726
PAY_002410,CUST_00278,37452.69,upi,successful,,,1,2026-07-06 04:08:15.971726
PAY_002411,CUST_00584,38835.86,card,successful,,,1,2026-05-28 11:38:15.971726
PAY_002412,CUST_00593,10781.14,upi,successful,,,1,2026-06-26 08:38:15.971726
PAY_002413,CUST_01164,7327.35,upi,successful,,,1,2026-07-15 04:44:15.971726
PAY_002414,CUST_00836,44354.26,upi,successful,,,1,2026-06-26 17:56:15.971726
PAY_002415,CUST_01900,29562.56,card,successful,,,1,2026-07-31 15:11:15.972722
PAY_002416,CUST_01683,36057.8,upi,successful,,,1,2026-07-09 15:55:15.972722
PAY_002417,CUST_01253,14610.86,netbanking,successful,,,1,2026-07-18 02:38:15.972722
PAY_002418,CUST_01890,29772.09,upi,successful,,,1,2026-06-11 15:31:15.972722
PAY_002419,CUST_00830,15964.37,card,successful,,,1,2026-07-29 14:02:15.972722
PAY_002420,CUST_01246,6804.23,card,successful,,,1,2026-06-16 04:59:15.972722
PAY_002421,CUST_01312,16225.46,upi,successful,,,1,2026-08-07 03:50:15.972722
PAY_002422,CUST_01815,10915.03,upi,successful,,,1,2026-07-06 03:11:15.972722
PAY_002423,CUST_01731,31037.12,card,successful,,,1,2026-06-19 06:44:15.972722
PAY_002424,CUST_01090,6013.34,upi,successful,,,1,2026-06-07 18:46:15.972722
PAY_002425,CUST_00193,34025.63,card,successful,,,1,2026-07-04 05:58:15.972722
PAY_002426,CUST_01983,3309.82,card,successful,,,3,2026-07-27 19:19:15.972722
PAY_002427,CUST_00349,31342.5,upi,successful,,,1,2026-07-27 20:59:15.972722
PAY_002428,CUST_01521,2431.03,upi,successful,,,1,2026-08-18 22:20:15.972722
PAY_002429,CUST_00104,62216.77,card,successful,,,1,2026-06-27 23:37:15.972722
PAY_002430,CUST_01147,8362.08,upi,successful,,,1,2026-06-23 02:22:15.972722
PAY_002431,CUST_01312,44692.33,upi,successful,,,1,2026-06-23 00:17:15.972722
PAY_002432,CUST_00693,25575.33,upi,successful,,,1,2026-07-23 06:12:15.973719
PAY_002433,CUST_01218,47195.2,upi,failed,UNKNOWN_ERROR,unknown_failure,1,2026-07-15 08:57:15.973719
PAY_002434,CUST_01562,44059.33,upi,successful,,,1,2026-07-24 02:59:15.973719
PAY_002435,CUST_01578,37629.16,upi,successful,,,1,2026-08-18 23:06:15.973719
PAY_002436,CUST_00577,37912.02,upi,successful,,,1,2026-08-22 01:43:15.973719
PAY_002437,CUST_01509,5602.56,upi,successful,,,1,2026-06-24 18:56:15.973719
PAY_002438,CUST_01715,19699.88,upi,failed,RISK_DECLINED,risk_decline,1,2026-08-22 08:43:15.973719
PAY_002439,CUST_00468,8926.17,upi,successful,,,1,2026-07-17 12:42:15.973719
PAY_002440,CUST_00898,35106.8,card,failed,CUSTOMER_AUTH_FAILED,authentication_failed,1,2026-06-20 18:30:15.973719
PAY_002441,CUST_01984,25722.73,card,successful,,,1,2026-06-09 13:21:15.973719
PAY_002442,CUST_00392,9960.3,upi,successful,,,1,2026-08-20 02:21:15.973719
PAY_002443,CUST_00193,31460.75,card,successful,,,1,2026-07-13 22:55:15.973719
PAY_002444,CUST_01686,20105.99,upi,successful,,,1,2026-08-22 09:46:15.973719
PAY_002445,CUST_01261,39834.35,upi,successful,,,1,2026-07-18 11:22:15.974716
PAY_002446,CUST_00088,11071.01,card,successful,,,1,2026-06-24 03:02:15.974716
PAY_002447,CUST_01344,38589.25,card,successful,,,1,2026-07-20 12:37:15.974716
PAY_002448,CUST_01009,18180.13,card,successful,,,1,2026-07-16 17:08:15.974716
PAY_002449,CUST_01729,48706.53,upi,successful,,,1,2026-08-11 03:13:15.974716
PAY_002450,CUST_00471,15956.61,upi,successful,,,1,2026-06-23 13:42:15.974716
PAY_002451,CUST_01505,40523.05,card,successful,,,1,2026-06-18 11:12:15.974716
PAY_002452,CUST_00838,11758.36,card,successful,,,1,2026-07-01 23:50:15.974716
PAY_002453,CUST_01604,12177.8,upi,successful,,,1,2026-08-22 18:47:15.974716
PAY_002454,CUST_00953,37808.07,card,failed,UNSPECIFIED_DECLINE,temporary_bank_failure,1,2026-08-10 22:37:15.974716
PAY_002455,CUST_01497,3013.99,card,successful,,,1,2026-08-19 01:17:15.974716
PAY_002456,CUST_01713,21730.28,upi,failed,RISK_DECLINED,risk_decline,1,2026-08-22 09:12:15.974716
PAY_002457,CUST_01573,1162.25,upi,successful,,,1,2026-06-11 20:06:15.974716
PAY_002458,CUST_01873,9526.72,card,successful,,,1,2026-06-13 11:16:15.974716
PAY_002459,CUST_01264,44261.43,upi,successful,,,1,2026-06-22 13:16:15.975713
PAY_002460,CUST_01876,13124.62,upi,successful,,,1,2026-07-02 19:10:15.975713
PAY_002461,CUST_01508,31579.32,upi,successful,,,1,2026-08-04 02:01:15.975713
PAY_002462,CUST_01016,32513.63,upi,successful,,,1,2026-07-18 14:47:15.975713
PAY_002463,CUST_00526,44340.36,upi,successful,,,1,2026-07-07 00:36:15.975713
PAY_002464,CUST_01422,12125.38,upi,successful,,,1,2026-06-29 19:42:15.975713
PAY_002465,CUST_00989,14018.98,upi,successful,,,1,2026-07-25 06:51:15.975713
PAY_002466,CUST_01882,20552.41,upi,successful,,,1,2026-06-02 01:22:15.975713
PAY_002467,CUST_00146,15906.41,upi,failed,INSTRUMENT_EXPIRED,expired_instrument,1,2026-07-20 15:30:15.975713
PAY_002468,CUST_00082,39259.84,card,successful,,,1,2026-07-22 09:25:15.975713
PAY_002469,CUST_00447,14877.85,card,failed,CUSTOMER_AUTH_FAILED,authentication_failed,1,2026-07-09 12:48:15.975713
PAY_002470,CUST_01054,27107.88,netbanking,successful,,,1,2026-06-16 17:11:15.975713
PAY_002471,CUST_00145,17830.78,upi,failed,BANK_SERVICE_UNAVAILABLE,temporary_bank_failure,1,2026-07-14 10:18:15.976709
PAY_002472,CUST_00990,26732.19,upi,successful,,,1,2026-06-27 01:59:15.976709
PAY_002473,CUST_00482,39024.59,upi,successful,,,1,2026-07-14 13:25:15.976709
PAY_002474,CUST_00869,13691.37,upi,successful,,,1,2026-08-11 01:17:15.976709
PAY_002475,CUST_01591,17239.1,upi,successful,,,1,2026-08-08 03:11:15.976709
PAY_002476,CUST_00660,20302.21,upi,successful,,,1,2026-07-16 10:07:15.976709
PAY_002477,CUST_00221,29538.0,upi,failed,NETWORK_TIMEOUT,timeout,2,2026-05-28 14:21:15.976709
PAY_002478,CUST_00922,14626.13,card,successful,,,1,2026-08-22 11:49:15.976709
PAY_002479,CUST_01466,16515.46,netbanking,successful,,,2,2026-06-06 10:36:15.976709
PAY_002480,CUST_01118,30467.01,card,failed,FUNDS_NOT_AVAILABLE,insufficient_funds,1,2026-06-09 11:20:15.976709
PAY_002481,CUST_01553,35899.96,card,successful,,,1,2026-07-25 16:41:15.976709
PAY_002482,CUST_00080,2924.94,netbanking,failed,CUSTOMER_AUTH_FAILED,authentication_failed,1,2026-07-03 17:05:15.976709
PAY_002483,CUST_01365,19751.38,card,successful,,,1,2026-08-24 23:40:15.976709
PAY_002484,CUST_01124,2484.19,upi,successful,,,3,2026-08-02 04:41:15.977706
PAY_002485,CUST_01549,90711.8,upi,successful,,,1,2026-07-19 19:57:15.977706
PAY_002486,CUST_01107,47669.15,upi,successful,,,1,2026-06-07 11:16:15.977706
PAY_002487,CUST_00102,12107.94,card,successful,,,1,2026-06-26 11:10:15.977706
PAY_002488,CUST_00333,2979.73,card,failed,FUNDS_NOT_AVAILABLE,insufficient_funds,1,2026-08-19 03:06:15.977706
PAY_002489,CUST_01584,52416.15,upi,successful,,,2,2026-05-27 10:18:15.977706
PAY_002490,CUST_00293,28818.33,upi,successful,,,1,2026-06-22 00:57:15.977706
PAY_002491,CUST_01998,23199.55,upi,successful,,,1,2026-07-17 04:53:15.977706
PAY_002492,CUST_01140,37809.18,upi,failed,BANK_TEMPORARY_ERROR,temporary_bank_failure,2,2026-07-01 13:24:15.977706
PAY_002493,CUST_00485,10096.08,netbanking,successful,,,1,2026-05-28 12:26:15.978702
PAY_002494,CUST_00866,37648.18,netbanking,failed,UNSPECIFIED_DECLINE,temporary_bank_failure,1,2026-08-13 13:12:15.978702
PAY_002495,CUST_00823,68706.6,netbanking,successful,,,1,2026-07-14 09:20:15.978702
PAY_002496,CUST_00529,44799.98,card,successful,,,1,2026-05-29 09:40:15.978702
PAY_002497,CUST_00125,39810.64,upi,successful,,,1,2026-06-03 17:18:15.978702
PAY_002498,CUST_00835,39285.26,upi,successful,,,1,2026-08-10 06:55:15.978702
PAY_002499,CUST_01723,52434.19,upi,successful,,,1,2026-08-03 15:42:15.978702
PAY_002500,CUST_01070,26086.43,card,failed,BANK_TEMPORARY_ERROR,temporary_bank_failure,1,2026-06-01 11:00:15.978702
PAY_002501,CUST_01796,49159.49,card,successful,,,1,2026-07-21 19:36:15.978702
PAY_002502,CUST_01576,1922.58,card,successful,,,1,2026-07-05 22:29:15.978702
PAY_002503,CUST_00932,25970.18,upi,successful,,,1,2026-08-10 09:12:15.978702
PAY_002504,CUST_00883,5668.32,upi,successful,,,1,2026-07-09 08:57:15.978702
PAY_002505,CUST_01636,49929.92,card,failed,POLICY_DECLINED,risk_decline,1,2026-06-24 07:23:15.978702
PAY_002506,CUST_01757,1084.77,upi,successful,,,1,2026-07-12 03:04:15.978702
PAY_002507,CUST_00112,41217.24,upi,successful,,,1,2026-08-07 20:56:15.979699
PAY_002508,CUST_01571,724.27,netbanking,failed,INSUFFICIENT_BALANCE,insufficient_funds,1,2026-07-05 09:51:15.979699
PAY_002509,CUST_01841,36119.69,card,successful,,,1,2026-06-18 19:01:15.979699
PAY_002510,CUST_01548,48194.32,upi,successful,,,1,2026-08-20 16:48:15.979699
PAY_002511,CUST_01875,47229.46,card,successful,,,1,2026-08-11 10:55:15.979699
PAY_002512,CUST_01573,33536.47,netbanking,failed,UNSPECIFIED_DECLINE,unknown_failure,1,2026-07-29 17:56:15.979699
PAY_002513,CUST_00904,16923.08,upi,successful,,,1,2026-06-01 22:21:15.979699
PAY_002514,CUST_01521,18532.79,upi,successful,,,1,2026-07-27 09:38:15.979699
PAY_002515,CUST_00478,36039.04,upi,successful,,,1,2026-08-07 01:18:15.979699
PAY_002516,CUST_01508,8931.36,upi,successful,,,1,2026-08-16 06:48:15.979699
PAY_002517,CUST_01864,43969.27,upi,successful,,,1,2026-05-31 15:23:15.979699
PAY_002518,CUST_01254,8258.64,netbanking,successful,,,1,2026-07-18 01:00:15.979699
PAY_002519,CUST_01740,32776.46,upi,successful,,,1,2026-08-19 23:36:15.979699
PAY_002520,CUST_01722,17873.63,card,failed,FUNDS_NOT_AVAILABLE,insufficient_funds,2,2026-06-08 05:20:15.979699
PAY_002521,CUST_00552,90339.92,upi,successful,,,1,2026-06-23 19:31:15.979699
PAY_002522,CUST_00507,23612.22,upi,successful,,,1,2026-07-06 04:56:15.980696
PAY_002523,CUST_00067,7397.8,card,successful,,,1,2026-07-23 06:44:15.980696
PAY_002524,CUST_00363,6571.74,netbanking,failed,UNSPECIFIED_DECLINE,timeout,1,2026-06-13 14:41:15.980696
PAY_002525,CUST_00905,15128.17,upi,failed,UNSPECIFIED_DECLINE,unknown_failure,1,2026-08-24 21:43:15.980696
PAY_002526,CUST_01073,82844.58,upi,successful,,,1,2026-07-25 21:28:15.980696
PAY_002527,CUST_00885,48998.69,card,failed,UNSPECIFIED_DECLINE,unknown_failure,2,2026-07-23 18:34:15.980696
PAY_002528,CUST_00485,28857.04,upi,successful,,,1,2026-08-08 23:19:15.980696
PAY_002529,CUST_00760,16460.18,card,successful,,,1,2026-07-17 14:46:15.980696
PAY_002530,CUST_01347,74990.53,upi,successful,,,1,2026-06-21 10:33:15.980696
PAY_002531,CUST_01655,28741.63,upi,successful,,,1,2026-07-31 15:45:15.980696
PAY_002532,CUST_00459,8195.14,netbanking,successful,,,1,2026-06-15 20:02:15.980696
PAY_002533,CUST_00188,35713.15,netbanking,successful,,,1,2026-08-23 02:16:15.980696
PAY_002534,CUST_01693,1198.95,upi,successful,,,1,2026-05-28 22:27:15.980696
PAY_002535,CUST_00733,14862.5,upi,successful,,,1,2026-06-16 07:20:15.980696
PAY_002536,CUST_01865,98210.21,card,successful,,,1,2026-08-05 01:49:15.981693
PAY_002537,CUST_00193,23864.13,netbanking,successful,,,1,2026-08-23 14:54:15.981693
PAY_002538,CUST_00668,53367.96,upi,failed,UNSPECIFIED_DECLINE,authentication_failed,1,2026-08-17 08:31:15.981693
PAY_002539,CUST_01013,6728.15,upi,successful,,,1,2026-07-20 13:46:15.981693
PAY_002540,CUST_00683,19197.61,card,successful,,,1,2026-07-02 04:17:15.981693
PAY_002541,CUST_01045,83080.62,netbanking,successful,,,1,2026-06-17 17:29:15.981693
PAY_002542,CUST_00020,25169.38,netbanking,successful,,,1,2026-06-21 20:54:15.981693
PAY_002543,CUST_00648,32524.34,upi,failed,INSTRUMENT_BLOCKED,blocked_instrument,1,2026-08-21 14:27:15.981693
PAY_002544,CUST_00328,3938.6,card,failed,BANK_TEMPORARY_ERROR,temporary_bank_failure,1,2026-06-11 11:32:15.981693
PAY_002545,CUST_00973,20822.36,upi,failed,CARD_EXPIRED,expired_instrument,1,2026-06-15 18:17:15.981693
PAY_002546,CUST_00025,15561.36,netbanking,successful,,,2,2026-05-27 10:38:15.981693
PAY_002547,CUST_01017,30868.25,upi,successful,,,1,2026-07-14 18:31:15.981693
PAY_002548,CUST_01491,18927.42,upi,successful,,,1,2026-08-04 21:53:15.981693
PAY_002549,CUST_01168,57667.02,card,successful,,,1,2026-05-29 15:59:15.981693
PAY_002550,CUST_01939,73970.1,upi,successful,,,1,2026-07-05 02:25:15.981693
PAY_002551,CUST_01277,40207.26,netbanking,successful,,,3,2026-05-31 17:25:15.982689
PAY_002552,CUST_00753,21265.62,card,successful,,,1,2026-08-06 09:36:15.982689
PAY_002553,CUST_01675,30788.14,card,successful,,,1,2026-07-25 12:47:15.982689
PAY_002554,CUST_01490,3760.91,card,failed,AUTHENTICATION_FAILED,authentication_failed,1,2026-06-28 19:58:15.982689
PAY_002555,CUST_01417,1985.4,card,successful,,,1,2026-06-11 19:25:15.982689
PAY_002556,CUST_00632,12011.5,card,successful,,,1,2026-07-15 06:19:15.982689
PAY_002557,CUST_01931,8607.84,upi,successful,,,1,2026-05-29 21:25:15.982689
PAY_002558,CUST_01778,27255.83,upi,failed,UNSPECIFIED_DECLINE,insufficient_funds,1,2026-05-31 12:40:15.982689
PAY_002559,CUST_01790,20076.39,upi,failed,INSTRUMENT_EXPIRED,expired_instrument,1,2026-06-30 10:35:15.982689
PAY_002560,CUST_00390,91460.27,card,successful,,,1,2026-06-24 15:16:15.982689
PAY_002561,CUST_00364,57341.64,card,failed,INSTRUMENT_EXPIRED,expired_instrument,1,2026-08-15 09:37:15.982689
PAY_002562,CUST_00872,27429.76,upi,successful,,,1,2026-05-28 08:16:15.982689
PAY_002563,CUST_00202,12911.73,card,successful,,,1,2026-07-15 17:56:15.982689
PAY_002564,CUST_00674,10812.59,card,successful,,,1,2026-08-11 13:30:15.982689
PAY_002565,CUST_01885,34135.73,card,successful,,,1,2026-06-09 18:29:15.982689
PAY_002566,CUST_01362,3236.91,card,failed,INSUFFICIENT_BALANCE,insufficient_funds,1,2026-07-29 23:08:15.982689
PAY_002567,CUST_01097,37227.58,upi,failed,BANK_SERVICE_UNAVAILABLE,temporary_bank_failure,1,2026-08-06 02:33:15.982689
PAY_002568,CUST_01207,42182.56,upi,successful,,,1,2026-07-11 13:45:15.982689
PAY_002569,CUST_00661,32536.23,upi,successful,,,1,2026-07-26 15:13:15.982689
PAY_002570,CUST_00959,42215.22,upi,successful,,,1,2026-07-03 12:45:15.982689
PAY_002571,CUST_00798,39997.52,upi,successful,,,1,2026-07-08 15:00:15.983965
PAY_002572,CUST_00273,19855.28,card,failed,BANK_TEMPORARY_ERROR,temporary_bank_failure,1,2026-07-09 07:28:15.983965
PAY_002573,CUST_00194,7020.32,card,successful,,,1,2026-06-22 03:17:15.983965
PAY_002574,CUST_00225,1880.44,upi,successful,,,1,2026-05-30 17:08:15.983965
PAY_002575,CUST_01616,41056.92,upi,failed,FUNDS_NOT_AVAILABLE,insufficient_funds,1,2026-07-08 21:59:15.983965
PAY_002576,CUST_01562,42738.14,upi,successful,,,1,2026-08-12 02:05:15.983965
PAY_002577,CUST_00842,3020.22,netbanking,successful,,,1,2026-08-16 06:37:15.983965
PAY_002578,CUST_00386,27666.0,card,successful,,,1,2026-07-29 23:16:15.983965
PAY_002579,CUST_00366,40008.27,upi,successful,,,1,2026-07-19 02:36:15.983965
PAY_002580,CUST_01874,4309.13,netbanking,successful,,,1,2026-06-19 10:03:15.983965
PAY_002581,CUST_01228,39710.24,card,successful,,,1,2026-08-25 06:34:15.983965
PAY_002582,CUST_00142,23627.78,card,successful,,,1,2026-08-12 07:06:15.983965
PAY_002583,CUST_01984,32095.4,card,successful,,,1,2026-08-16 19:26:15.983965
PAY_002584,CUST_01199,13591.77,card,successful,,,1,2026-06-17 20:41:15.983965
PAY_002585,CUST_00254,6175.83,card,successful,,,1,2026-07-17 11:09:15.983965
PAY_002586,CUST_00204,86220.28,upi,successful,,,1,2026-07-02 02:44:15.983965
PAY_002587,CUST_00619,13468.48,card,successful,,,1,2026-08-05 07:03:15.983965
PAY_002588,CUST_00718,39893.43,upi,successful,,,1,2026-07-01 08:20:15.983965
PAY_002589,CUST_00936,2451.79,upi,failed,NETWORK_TIMEOUT,timeout,1,2026-08-06 05:26:15.983965
PAY_002590,CUST_01757,48256.06,netbanking,failed,INSUFFICIENT_BALANCE,insufficient_funds,1,2026-07-25 14:08:15.983965
PAY_002591,CUST_00172,40460.4,card,successful,,,1,2026-07-23 10:09:15.983965
PAY_002592,CUST_00718,70864.33,upi,successful,,,1,2026-07-29 18:18:15.983965
PAY_002593,CUST_01221,28830.15,upi,successful,,,1,2026-06-08 20:04:15.983965
PAY_002594,CUST_01194,2590.18,card,failed,RISK_DECLINED,risk_decline,1,2026-06-23 11:46:15.983965
PAY_002595,CUST_01129,58995.88,upi,failed,UNSPECIFIED_DECLINE,insufficient_funds,1,2026-07-21 20:05:15.984985
PAY_002596,CUST_00876,68571.09,card,successful,,,1,2026-06-22 00:48:15.984985
PAY_002597,CUST_01997,21676.02,card,successful,,,1,2026-06-07 13:29:15.984985
PAY_002598,CUST_00389,10109.08,upi,successful,,,1,2026-06-27 23:53:15.984985
PAY_002599,CUST_00782,23048.75,netbanking,successful,,,1,2026-06-03 16:03:15.984985
PAY_002600,CUST_01770,34269.77,upi,successful,,,1,2026-08-24 13:33:15.984985
PAY_002601,CUST_01531,82858.25,upi,successful,,,1,2026-07-08 20:11:15.984985
PAY_002602,CUST_00248,21215.27,card,successful,,,1,2026-07-20 13:23:15.984985
PAY_002603,CUST_01565,33415.92,netbanking,successful,,,1,2026-06-12 22:07:15.984985
PAY_002604,CUST_01374,44156.42,upi,successful,,,1,2026-08-25 00:09:15.984985
PAY_002605,CUST_00932,52657.39,card,successful,,,1,2026-05-27 00:53:15.984985
PAY_002606,CUST_01534,21723.85,card,successful,,,1,2026-07-28 11:14:15.984985
PAY_002607,CUST_00536,22690.12,upi,successful,,,1,2026-08-14 07:35:15.984985
PAY_002608,CUST_00866,16723.83,card,failed,FUNDS_NOT_AVAILABLE,insufficient_funds,1,2026-06-11 05:52:15.984985
PAY_002609,CUST_00930,29559.94,card,successful,,,1,2026-06-22 17:37:15.984985
PAY_002610,CUST_01549,56497.19,netbanking,successful,,,1,2026-07-06 16:15:15.984985
PAY_002611,CUST_01921,1342.22,card,successful,,,1,2026-08-12 07:37:15.984985
PAY_002612,CUST_01973,8805.26,netbanking,successful,,,1,2026-08-09 23:02:15.984985
PAY_002613,CUST_01738,45086.66,upi,successful,,,1,2026-06-28 01:11:15.984985
PAY_002614,CUST_00316,5669.47,upi,successful,,,1,2026-06-15 12:33:15.984985
PAY_002615,CUST_00658,23161.17,upi,failed,CUSTOMER_AUTH_FAILED,authentication_failed,1,2026-08-11 02:09:15.984985
PAY_002616,CUST_00717,11460.43,upi,failed,UNKNOWN_ERROR,unknown_failure,1,2026-08-06 08:47:15.984985
PAY_002617,CUST_01753,16755.54,netbanking,successful,,,2,2026-05-31 22:31:15.984985
PAY_002618,CUST_00059,12522.4,card,failed,UNSPECIFIED_DECLINE,temporary_bank_failure,1,2026-07-11 01:33:15.985998
PAY_002619,CUST_00223,25931.64,card,successful,,,1,2026-06-16 01:43:15.985998
PAY_002620,CUST_01282,34279.65,netbanking,successful,,,1,2026-07-22 18:48:15.985998
PAY_002621,CUST_01599,10531.09,upi,successful,,,1,2026-07-21 22:22:15.985998
PAY_002622,CUST_00245,18287.06,card,failed,UNKNOWN_ERROR,unknown_failure,1,2026-05-30 15:26:15.985998
PAY_002623,CUST_00371,4890.88,upi,successful,,,1,2026-07-07 11:08:15.985998
PAY_002624,CUST_01295,1265.66,upi,failed,PROCESSING_TIMEOUT,timeout,1,2026-07-29 12:59:15.985998
PAY_002625,CUST_00630,41658.85,upi,successful,,,1,2026-07-28 03:44:15.985998
PAY_002626,CUST_00501,15652.57,upi,successful,,,1,2026-06-26 11:19:15.985998
PAY_002627,CUST_01989,6415.08,card,failed,INSUFFICIENT_BALANCE,insufficient_funds,1,2026-06-04 02:40:15.985998
PAY_002628,CUST_00777,10821.65,upi,successful,,,1,2026-07-29 20:09:15.985998
PAY_002629,CUST_01231,33381.06,upi,successful,,,1,2026-08-24 12:20:15.985998
PAY_002630,CUST_00208,37261.58,upi,successful,,,1,2026-07-19 22:32:15.985998
PAY_002631,CUST_01718,3736.71,upi,successful,,,1,2026-05-28 03:16:15.985998
PAY_002632,CUST_01606,49544.12,netbanking,successful,,,1,2026-08-05 16:08:15.985998
PAY_002633,CUST_00411,49218.78,netbanking,successful,,,1,2026-07-15 07:26:15.985998
PAY_002634,CUST_00260,8410.12,upi,successful,,,1,2026-06-07 09:44:15.985998
PAY_002635,CUST_00210,24384.87,upi,successful,,,1,2026-06-08 21:22:15.985998
PAY_002636,CUST_01015,40268.37,upi,successful,,,1,2026-06-04 09:41:15.985998
PAY_002637,CUST_00193,11738.8,card,successful,,,2,2026-06-04 02:43:15.985998
PAY_002638,CUST_01009,43639.38,card,successful,,,1,2026-08-16 09:13:15.985998
PAY_002639,CUST_01731,17368.13,upi,successful,,,1,2026-08-16 11:10:15.985998
PAY_002640,CUST_01404,19157.76,card,failed,FUNDS_NOT_AVAILABLE,insufficient_funds,1,2026-06-01 02:56:15.985998
PAY_002641,CUST_00482,16602.06,upi,successful,,,1,2026-07-24 21:12:15.987013
PAY_002642,CUST_00152,30600.94,upi,successful,,,1,2026-07-15 23:59:15.987013
PAY_002643,CUST_00225,13596.61,netbanking,failed,UNSPECIFIED_DECLINE,temporary_bank_failure,1,2026-08-05 05:56:15.987013
PAY_002644,CUST_01189,24124.28,card,successful,,,1,2026-07-28 15:35:15.987013
PAY_002645,CUST_01420,10328.04,upi,successful,,,1,2026-05-26 23:56:15.987013
PAY_002646,CUST_00324,5721.65,card,successful,,,1,2026-06-29 16:22:15.987013
PAY_002647,CUST_00293,45932.73,card,failed,PROCESSING_TIMEOUT,timeout,1,2026-08-22 17:56:15.987013
PAY_002648,CUST_01685,16532.62,upi,failed,INSTRUMENT_EXPIRED,expired_instrument,1,2026-07-10 03:39:15.987013
PAY_002649,CUST_01657,73383.17,upi,successful,,,1,2026-07-07 10:54:15.987013
PAY_002650,CUST_01649,1246.09,upi,successful,,,1,2026-07-11 00:19:15.987013
PAY_002651,CUST_01592,26288.16,netbanking,successful,,,1,2026-06-10 11:32:15.987013
PAY_002652,CUST_00786,17128.48,upi,successful,,,2,2026-06-25 09:26:15.987013
PAY_002653,CUST_00124,42428.8,netbanking,successful,,,1,2026-08-15 15:33:15.987013
PAY_002654,CUST_01440,19267.66,upi,successful,,,1,2026-08-21 23:30:15.987013
PAY_002655,CUST_01577,18689.87,card,successful,,,1,2026-07-23 17:09:15.987013
PAY_002656,CUST_01455,47399.03,card,successful,,,1,2026-06-24 08:50:15.987013
PAY_002657,CUST_00974,98767.77,upi,successful,,,1,2026-06-07 01:32:15.987013
PAY_002658,CUST_01218,13731.58,card,successful,,,1,2026-05-27 09:19:15.987013
PAY_002659,CUST_00435,27516.74,card,failed,UNSPECIFIED_DECLINE,limit_exceeded,1,2026-08-16 08:17:15.987013
PAY_002660,CUST_01141,45394.82,upi,successful,,,1,2026-07-17 04:24:15.987013
PAY_002661,CUST_01036,1219.81,upi,failed,BANK_SERVICE_UNAVAILABLE,temporary_bank_failure,1,2026-06-12 17:58:15.987013
PAY_002662,CUST_01289,26277.82,upi,successful,,,1,2026-06-01 13:04:15.987013
PAY_002663,CUST_01300,13710.96,upi,successful,,,1,2026-06-06 00:42:15.987013
PAY_002664,CUST_00457,42193.14,upi,successful,,,1,2026-07-06 09:14:15.988026
PAY_002665,CUST_00568,3533.46,card,failed,FUNDS_NOT_AVAILABLE,insufficient_funds,1,2026-07-18 15:18:15.988026
PAY_002666,CUST_00260,34562.1,upi,successful,,,1,2026-06-17 17:14:15.988026
PAY_002667,CUST_00233,48232.11,upi,successful,,,2,2026-07-10 17:16:15.988026
PAY_002668,CUST_01194,25391.04,upi,successful,,,1,2026-08-17 07:34:15.988026
PAY_002669,CUST_01136,36632.1,upi,successful,,,1,2026-06-14 17:44:15.988026
PAY_002670,CUST_01947,2197.46,upi,successful,,,1,2026-08-24 17:51:15.988026
PAY_002671,CUST_01591,13810.46,card,failed,BANK_SERVICE_UNAVAILABLE,temporary_bank_failure,1,2026-08-23 09:10:15.988026
PAY_002672,CUST_01589,10683.59,card,successful,,,1,2026-08-20 22:43:15.988026
PAY_002673,CUST_01007,31073.91,upi,successful,,,1,2026-06-25 18:08:15.988026
PAY_002674,CUST_00501,25495.98,card,successful,,,2,2026-08-09 22:55:15.988026
PAY_002675,CUST_00368,3602.65,upi,successful,,,1,2026-06-09 20:54:15.988026
PAY_002676,CUST_01116,30927.98,upi,failed,FUNDS_NOT_AVAILABLE,insufficient_funds,1,2026-06-16 17:36:15.988026
PAY_002677,CUST_00612,11140.46,upi,successful,,,2,2026-07-11 13:47:15.988026
PAY_002678,CUST_01987,10544.24,card,successful,,,1,2026-06-24 18:23:15.988026
PAY_002679,CUST_01736,40461.73,netbanking,failed,LIMIT_EXCEEDED,limit_exceeded,1,2026-08-14 16:53:15.988026
PAY_002680,CUST_01857,7715.62,card,successful,,,2,2026-08-20 03:52:15.988026
PAY_002681,CUST_01580,37577.07,card,successful,,,1,2026-07-09 13:51:15.988026
PAY_002682,CUST_01961,11804.26,card,successful,,,1,2026-07-05 06:29:15.988026
PAY_002683,CUST_00468,23240.45,netbanking,successful,,,1,2026-05-29 14:29:15.988026
PAY_002684,CUST_01233,18679.06,upi,successful,,,1,2026-07-27 20:24:15.988026
PAY_002685,CUST_00395,32947.34,upi,successful,,,1,2026-07-07 00:24:15.988026
PAY_002686,CUST_00549,24680.58,upi,successful,,,1,2026-07-16 00:03:15.988026
PAY_002687,CUST_00654,18877.71,card,successful,,,1,2026-06-16 12:30:15.988026
PAY_002688,CUST_01466,3635.86,upi,successful,,,1,2026-08-09 21:11:15.989040
PAY_002689,CUST_00212,46813.21,card,successful,,,1,2026-08-14 11:36:15.989040
PAY_002690,CUST_00925,34770.3,card,failed,BANK_SERVICE_UNAVAILABLE,temporary_bank_failure,2,2026-07-28 09:44:15.989040
PAY_002691,CUST_01926,17707.4,upi,successful,,,1,2026-07-01 10:57:15.989040
PAY_002692,CUST_00499,16517.87,upi,successful,,,1,2026-05-26 22:38:15.989040
PAY_002693,CUST_00656,2583.89,upi,successful,,,1,2026-07-21 09:13:15.989040
PAY_002694,CUST_00417,38114.52,upi,successful,,,1,2026-06-14 12:32:15.989040
PAY_002695,CUST_00059,15664.03,upi,successful,,,1,2026-06-24 08:27:15.989040
PAY_002696,CUST_00959,8609.19,upi,successful,,,2,2026-07-16 11:55:15.989040
PAY_002697,CUST_01434,21415.22,upi,successful,,,1,2026-08-10 12:27:15.989040
PAY_002698,CUST_01319,24131.61,card,successful,,,1,2026-06-16 06:19:15.989040
PAY_002699,CUST_01415,2298.31,upi,successful,,,1,2026-06-25 06:41:15.989040
PAY_002700,CUST_01912,5807.82,upi,failed,FUNDS_NOT_AVAILABLE,insufficient_funds,1,2026-08-04 17:22:15.989040
PAY_002701,CUST_00193,33336.5,upi,successful,,,1,2026-08-24 21:28:15.989040
PAY_002702,CUST_00558,8454.75,card,successful,,,1,2026-06-01 04:18:15.989040
PAY_002703,CUST_00539,20146.95,upi,successful,,,2,2026-06-09 05:21:15.989040
PAY_002704,CUST_00638,46199.45,card,successful,,,1,2026-08-03 05:17:15.989040
PAY_002705,CUST_01331,13497.79,card,successful,,,1,2026-07-28 10:44:15.989040
PAY_002706,CUST_00872,24409.62,upi,successful,,,1,2026-07-12 00:25:15.990070
PAY_002707,CUST_01306,6233.2,card,successful,,,1,2026-06-10 23:09:15.990070
PAY_002708,CUST_01154,11841.94,upi,successful,,,2,2026-07-19 12:00:15.990070
PAY_002709,CUST_01965,21971.49,upi,successful,,,1,2026-07-06 16:10:15.990070
PAY_002710,CUST_00080,1121.57,card,successful,,,1,2026-06-30 02:41:15.990070
PAY_002711,CUST_01266,19797.57,upi,successful,,,1,2026-06-28 05:21:15.990070
PAY_002712,CUST_01407,6263.26,card,successful,,,1,2026-07-16 08:35:15.990070
PAY_002713,CUST_00357,20097.86,card,successful,,,1,2026-07-09 22:38:15.990070
PAY_002714,CUST_00075,13876.59,upi,successful,,,1,2026-07-01 00:37:15.990070
PAY_002715,CUST_01961,43650.17,upi,successful,,,1,2026-07-21 09:20:15.990070
PAY_002716,CUST_01320,11640.71,upi,successful,,,2,2026-08-22 12:49:15.990070
PAY_002717,CUST_00025,23762.97,upi,successful,,,1,2026-06-09 10:48:15.990070
PAY_002718,CUST_00099,67245.82,netbanking,successful,,,1,2026-07-19 21:22:15.990070
PAY_002719,CUST_01877,12169.11,netbanking,successful,,,1,2026-06-20 06:00:15.990070
PAY_002720,CUST_00744,45275.53,netbanking,successful,,,1,2026-06-09 13:49:15.990070
PAY_002721,CUST_00366,18935.2,upi,successful,,,1,2026-07-26 03:00:15.990070
PAY_002722,CUST_00264,43766.37,upi,successful,,,2,2026-06-30 12:11:15.990070
PAY_002723,CUST_00090,28348.27,netbanking,successful,,,1,2026-07-24 23:28:15.990070
PAY_002724,CUST_01778,35424.17,upi,successful,,,1,2026-06-30 17:54:15.990070
PAY_002725,CUST_00767,85228.65,card,successful,,,1,2026-08-17 18:25:15.991170
PAY_002726,CUST_00787,19431.99,upi,successful,,,1,2026-06-20 08:15:15.991170
PAY_002727,CUST_01998,45482.76,upi,successful,,,2,2026-08-11 09:01:15.991170
PAY_002728,CUST_01707,632.47,upi,successful,,,1,2026-07-15 17:29:15.991170
PAY_002729,CUST_01355,17027.17,upi,successful,,,1,2026-07-13 23:13:15.991170
PAY_002730,CUST_01800,9579.67,upi,successful,,,1,2026-07-15 22:13:15.991170
PAY_002731,CUST_00394,35000.68,upi,successful,,,3,2026-07-05 00:15:15.991170
PAY_002732,CUST_00967,15581.04,netbanking,successful,,,1,2026-07-12 19:34:15.991170
PAY_002733,CUST_01859,24457.64,upi,failed,RISK_DECLINED,risk_decline,1,2026-07-14 07:36:15.991170
PAY_002734,CUST_00672,4123.12,upi,failed,NETWORK_TIMEOUT,timeout,1,2026-06-16 02:26:15.991170
PAY_002735,CUST_01012,15128.08,upi,failed,FUNDS_NOT_AVAILABLE,insufficient_funds,1,2026-08-04 20:40:15.991170
PAY_002736,CUST_01281,48329.41,upi,failed,PROCESSING_TIMEOUT,timeout,1,2026-08-14 04:47:15.991170
PAY_002737,CUST_00256,17413.96,upi,failed,INSUFFICIENT_BALANCE,insufficient_funds,1,2026-08-22 03:46:15.991170
PAY_002738,CUST_01388,34791.45,card,successful,,,1,2026-07-29 11:27:15.992183
PAY_002739,CUST_01592,18233.81,card,successful,,,1,2026-07-01 15:13:15.992183
PAY_002740,CUST_00911,11483.45,card,failed,INSUFFICIENT_BALANCE,insufficient_funds,1,2026-07-24 19:39:15.992183
PAY_002741,CUST_00548,14932.5,upi,successful,,,1,2026-08-20 17:09:15.992183
PAY_002742,CUST_01208,12654.05,card,successful,,,1,2026-07-31 23:49:15.992183
PAY_002743,CUST_01064,48437.32,netbanking,successful,,,1,2026-07-05 21:50:15.992183
PAY_002744,CUST_01133,28057.98,upi,successful,,,1,2026-08-15 18:37:15.992183
PAY_002745,CUST_01550,84957.13,upi,successful,,,1,2026-06-22 09:09:15.992183
PAY_002746,CUST_00773,43932.86,card,failed,BANK_SERVICE_UNAVAILABLE,temporary_bank_failure,1,2026-08-05 20:40:15.992183
PAY_002747,CUST_00392,5395.98,upi,successful,,,1,2026-06-17 13:37:15.992183
PAY_002748,CUST_01944,3438.83,netbanking,successful,,,1,2026-06-27 20:04:15.992183
PAY_002749,CUST_01292,49499.36,upi,successful,,,1,2026-08-12 06:00:15.992183
PAY_002750,CUST_01064,27004.6,upi,failed,,insufficient_funds,1,2026-08-01 14:13:15.992183
PAY_002751,CUST_00021,37606.67,netbanking,successful,,,1,2026-08-11 18:53:15.992183
PAY_002752,CUST_01016,48920.36,card,failed,BANK_TEMPORARY_ERROR,temporary_bank_failure,1,2026-06-12 02:05:15.992183
PAY_002753,CUST_01484,35344.57,netbanking,successful,,,1,2026-07-21 07:57:15.992183
PAY_002754,CUST_00878,10617.51,upi,successful,,,1,2026-08-10 03:04:15.993192
PAY_002755,CUST_01293,14033.88,upi,successful,,,1,2026-06-13 16:58:15.993192
PAY_002756,CUST_00155,12682.4,upi,successful,,,1,2026-08-11 12:22:15.993192
PAY_002757,CUST_01633,41651.56,card,successful,,,1,2026-06-10 17:57:15.993192
PAY_002758,CUST_00861,19653.42,upi,successful,,,1,2026-07-11 16:41:15.993192
PAY_002759,CUST_01350,13118.58,upi,successful,,,1,2026-06-28 06:30:15.993192
PAY_002760,CUST_01372,33539.54,card,successful,,,1,2026-06-10 10:35:15.993192
PAY_002761,CUST_00395,14551.2,upi,failed,FUNDS_NOT_AVAILABLE,insufficient_funds,1,2026-08-01 07:54:15.993192
PAY_002762,CUST_01666,34370.83,upi,successful,,,1,2026-08-01 21:45:15.993192
PAY_002763,CUST_00783,7722.9,netbanking,successful,,,1,2026-08-15 17:08:15.993192
PAY_002764,CUST_01339,1577.11,upi,failed,POLICY_DECLINED,risk_decline,1,2026-06-08 05:54:15.993192
PAY_002765,CUST_00471,47768.98,upi,successful,,,1,2026-08-23 11:31:15.993192
PAY_002766,CUST_01623,22151.42,netbanking,successful,,,1,2026-07-30 15:12:15.993192
PAY_002767,CUST_01508,9870.75,netbanking,failed,BANK_SERVICE_UNAVAILABLE,temporary_bank_failure,2,2026-07-23 02:54:15.993192
PAY_002768,CUST_00246,16552.53,card,failed,INSTRUMENT_BLOCKED,blocked_instrument,1,2026-06-18 05:39:15.993192
PAY_002769,CUST_01994,43267.69,upi,successful,,,1,2026-06-22 13:53:15.994371
PAY_002770,CUST_00094,72624.59,card,successful,,,1,2026-07-20 13:16:15.994371
PAY_002771,CUST_01002,39496.45,card,successful,,,1,2026-07-13 21:45:15.994371
PAY_002772,CUST_01865,37127.6,upi,failed,INSUFFICIENT_BALANCE,insufficient_funds,1,2026-08-16 00:51:15.994371
PAY_002773,CUST_00480,42435.98,upi,successful,,,1,2026-06-20 15:44:15.994371
PAY_002774,CUST_01875,5661.47,upi,successful,,,1,2026-06-03 14:10:15.994371
PAY_002775,CUST_00335,34556.49,upi,successful,,,1,2026-07-03 11:26:15.994371
PAY_002776,CUST_00209,36210.03,upi,failed,NETWORK_TIMEOUT,timeout,1,2026-07-13 22:04:15.994371
PAY_002777,CUST_01693,41036.66,card,successful,,,1,2026-06-22 15:31:15.994371
PAY_002778,CUST_01738,29134.13,card,successful,,,1,2026-08-04 18:30:15.994371
PAY_002779,CUST_00484,17601.45,upi,successful,,,1,2026-06-19 10:26:15.994371
PAY_002780,CUST_01097,13540.71,card,successful,,,1,2026-07-21 23:04:15.994371
PAY_002781,CUST_00597,2347.34,netbanking,successful,,,1,2026-08-12 07:32:15.994371
PAY_002782,CUST_00801,6446.44,upi,successful,,,1,2026-07-22 09:31:15.994371
PAY_002783,CUST_00309,18655.55,netbanking,failed,LIMIT_EXCEEDED,limit_exceeded,1,2026-08-17 03:56:15.995388
PAY_002784,CUST_01490,19320.96,upi,successful,,,1,2026-07-26 07:13:15.995388
PAY_002785,CUST_01664,5908.4,upi,successful,,,1,2026-07-19 13:43:15.995388
PAY_002786,CUST_01779,3157.1,upi,successful,,,1,2026-07-27 01:47:15.995388
PAY_002787,CUST_00526,34747.66,netbanking,successful,,,1,2026-06-11 05:12:15.995388
PAY_002788,CUST_00372,15936.75,upi,successful,,,1,2026-05-27 14:42:15.995388
PAY_002789,CUST_00463,44677.15,netbanking,failed,,temporary_bank_failure,1,2026-07-19 08:38:15.995388
PAY_002790,CUST_01826,8813.88,netbanking,successful,,,1,2026-06-20 12:45:15.995388
PAY_002791,CUST_01488,49822.88,card,successful,,,1,2026-07-27 07:28:15.995388
PAY_002792,CUST_00200,10297.23,upi,successful,,,1,2026-05-29 09:21:15.995388
PAY_002793,CUST_01496,44327.73,netbanking,successful,,,1,2026-06-14 09:18:15.995388
PAY_002794,CUST_00128,8227.68,upi,successful,,,1,2026-08-25 20:32:15.995388
PAY_002795,CUST_01169,30981.25,card,successful,,,1,2026-07-19 10:45:15.995388
PAY_002796,CUST_01936,23525.6,upi,successful,,,1,2026-08-25 07:49:15.995388
PAY_002797,CUST_00231,12598.26,card,successful,,,1,2026-08-18 14:58:15.996401
PAY_002798,CUST_00638,65231.78,upi,successful,,,1,2026-06-21 03:33:15.996401
PAY_002799,CUST_00882,47502.12,card,failed,NETWORK_TIMEOUT,timeout,1,2026-06-13 20:31:15.996401
PAY_002800,CUST_00485,22932.05,upi,successful,,,1,2026-08-01 18:15:15.996401
PAY_002801,CUST_00357,14993.54,netbanking,failed,BANK_TEMPORARY_ERROR,temporary_bank_failure,2,2026-06-20 11:45:15.996401
PAY_002802,CUST_01480,20513.05,netbanking,failed,INSUFFICIENT_BALANCE,insufficient_funds,1,2026-08-12 15:14:15.996401
PAY_002803,CUST_01511,16522.72,upi,failed,INSUFFICIENT_BALANCE,insufficient_funds,1,2026-08-15 07:21:15.996401
PAY_002804,CUST_00176,42094.85,upi,successful,,,1,2026-05-31 02:43:15.996401
PAY_002805,CUST_01783,37056.75,card,failed,BANK_SERVICE_UNAVAILABLE,temporary_bank_failure,1,2026-06-05 16:10:15.996401
PAY_002806,CUST_00160,25244.15,upi,failed,AUTHENTICATION_FAILED,authentication_failed,1,2026-05-28 13:55:15.996401
PAY_002807,CUST_01941,2407.0,card,successful,,,1,2026-08-15 10:30:15.996401
PAY_002808,CUST_01044,42468.38,netbanking,successful,,,1,2026-07-02 17:06:15.996401
PAY_002809,CUST_00102,6284.7,card,successful,,,2,2026-07-15 00:36:15.997413
PAY_002810,CUST_00572,12958.63,upi,successful,,,1,2026-07-14 14:47:15.997413
PAY_002811,CUST_01595,7571.55,card,successful,,,2,2026-08-09 16:40:15.997413
PAY_002812,CUST_00284,11751.09,upi,successful,,,1,2026-06-19 22:42:15.997413
PAY_002813,CUST_00066,3296.39,upi,successful,,,1,2026-07-01 14:52:15.997413
PAY_002814,CUST_00707,18076.26,card,failed,AUTHENTICATION_FAILED,authentication_failed,2,2026-05-27 22:25:15.997413
PAY_002815,CUST_00390,59215.72,netbanking,failed,PROCESSING_TIMEOUT,timeout,1,2026-08-01 17:49:15.997413
PAY_002816,CUST_00554,32942.55,upi,failed,UNSPECIFIED_DECLINE,insufficient_funds,1,2026-06-11 16:08:15.997413
PAY_002817,CUST_01189,32061.83,card,successful,,,1,2026-07-07 08:14:15.997413
PAY_002818,CUST_01719,42140.29,upi,successful,,,1,2026-06-01 05:42:15.997413
PAY_002819,CUST_00675,62336.49,upi,successful,,,1,2026-07-03 05:21:15.997413
PAY_002820,CUST_00978,10400.33,netbanking,successful,,,1,2026-06-03 16:42:15.997413
PAY_002821,CUST_01765,10823.1,card,successful,,,1,2026-06-14 07:38:15.998426
PAY_002822,CUST_00176,22319.69,card,successful,,,1,2026-05-28 19:52:15.998426
PAY_002823,CUST_01088,26819.6,card,successful,,,1,2026-08-07 12:48:15.998426
PAY_002824,CUST_01370,23686.79,netbanking,failed,UNSPECIFIED_DECLINE,unknown_failure,1,2026-07-22 11:22:15.998426
PAY_002825,CUST_00848,30106.4,upi,successful,,,1,2026-07-28 01:49:15.998426
PAY_002826,CUST_00170,46111.04,upi,successful,,,1,2026-07-24 11:50:15.998426
PAY_002827,CUST_00321,44628.28,netbanking,successful,,,1,2026-05-31 01:44:15.998426
PAY_002828,CUST_01082,49141.36,upi,successful,,,1,2026-08-08 23:23:15.998426
PAY_002829,CUST_01350,36555.46,upi,failed,BANK_SERVICE_UNAVAILABLE,temporary_bank_failure,1,2026-08-14 10:23:15.998426
PAY_002830,CUST_00193,36742.75,upi,successful,,,2,2026-06-27 07:37:15.998426
PAY_002831,CUST_00807,879.16,upi,failed,INSTRUMENT_EXPIRED,expired_instrument,1,2026-07-09 12:27:15.998426
PAY_002832,CUST_01379,34991.2,upi,successful,,,1,2026-07-14 06:28:15.998426
PAY_002833,CUST_00475,36524.66,card,successful,,,1,2026-08-03 16:40:15.998426
PAY_002834,CUST_01550,68529.1,card,successful,,,1,2026-08-09 23:57:15.998426
PAY_002835,CUST_01808,5035.97,card,successful,,,1,2026-06-28 06:17:15.999438
PAY_002836,CUST_00648,69450.98,card,successful,,,1,2026-08-08 19:18:15.999438
PAY_002837,CUST_01250,5001.58,upi,successful,,,1,2026-07-04 03:15:15.999438
PAY_002838,CUST_00515,6530.35,card,failed,BANK_SERVICE_UNAVAILABLE,temporary_bank_failure,2,2026-07-31 00:27:15.999438
PAY_002839,CUST_00232,11754.09,card,successful,,,1,2026-08-12 08:45:15.999438
PAY_002840,CUST_01430,28692.66,upi,successful,,,1,2026-06-19 23:48:15.999438
PAY_002841,CUST_01139,89408.91,upi,successful,,,1,2026-06-21 02:57:15.999438
PAY_002842,CUST_00260,26158.42,upi,successful,,,2,2026-07-14 04:29:15.999438
PAY_002843,CUST_01201,12370.12,upi,successful,,,1,2026-06-09 20:11:15.999438
PAY_002844,CUST_00017,16285.78,card,failed,PROCESSING_TIMEOUT,timeout,1,2026-08-01 23:28:15.999438
PAY_002845,CUST_00486,99655.25,upi,successful,,,1,2026-07-08 01:56:15.999438
PAY_002846,CUST_01245,9464.11,netbanking,successful,,,1,2026-06-11 18:48:15.999438
PAY_002847,CUST_00881,2491.55,upi,successful,,,1,2026-07-31 08:22:15.999438
PAY_002848,CUST_00216,29721.23,upi,successful,,,1,2026-07-21 08:47:15.999438
PAY_002849,CUST_01509,33067.03,card,successful,,,1,2026-06-06 14:05:16.000472
PAY_002850,CUST_01745,20358.82,upi,successful,,,1,2026-06-19 05:50:16.000472
PAY_002851,CUST_01706,36201.93,card,successful,,,1,2026-06-02 17:06:16.000472
PAY_002852,CUST_00063,4125.64,card,successful,,,1,2026-07-09 13:18:16.000472
PAY_002853,CUST_01350,28334.87,card,successful,,,2,2026-08-17 14:39:16.000472
PAY_002854,CUST_00333,12049.27,upi,successful,,,1,2026-07-07 01:21:16.000472
PAY_002855,CUST_01383,21284.84,netbanking,successful,,,1,2026-05-27 12:59:16.000472
PAY_002856,CUST_00893,9783.88,card,failed,INSTRUMENT_BLOCKED,blocked_instrument,1,2026-07-11 12:49:16.000472
PAY_002857,CUST_01630,15164.35,card,failed,INSUFFICIENT_BALANCE,insufficient_funds,1,2026-06-29 18:06:16.000472
PAY_002858,CUST_00857,1069.63,card,successful,,,1,2026-06-17 22:15:16.000472
PAY_002859,CUST_01963,4822.49,card,successful,,,1,2026-06-04 00:09:16.000472
PAY_002860,CUST_00337,16303.36,upi,successful,,,1,2026-07-24 18:28:16.000472
PAY_002861,CUST_00083,45444.17,upi,successful,,,1,2026-06-18 16:58:16.000472
PAY_002862,CUST_01099,10494.73,upi,successful,,,1,2026-08-05 17:07:16.000472
PAY_002863,CUST_01412,7942.81,upi,successful,,,1,2026-07-04 03:58:16.000472
PAY_002864,CUST_00747,41185.66,netbanking,successful,,,1,2026-06-29 12:47:16.001494
PAY_002865,CUST_01237,1944.61,card,successful,,,1,2026-08-13 02:49:16.001494
PAY_002866,CUST_01196,48997.24,card,successful,,,1,2026-06-23 03:21:16.001494
PAY_002867,CUST_01836,5091.34,upi,successful,,,1,2026-06-15 06:42:16.001494
PAY_002868,CUST_01614,5082.59,upi,successful,,,1,2026-08-25 06:28:16.001494
PAY_002869,CUST_01639,18865.21,card,successful,,,1,2026-06-04 23:12:16.001494
PAY_002870,CUST_01270,38011.48,upi,successful,,,1,2026-06-07 23:55:16.001494
PAY_002871,CUST_01616,42801.42,card,failed,PROCESSING_TIMEOUT,timeout,1,2026-08-18 05:13:16.001494
PAY_002872,CUST_01049,33234.53,card,failed,INSUFFICIENT_BALANCE,insufficient_funds,2,2026-07-16 12:09:16.001494
PAY_002873,CUST_00614,43712.41,upi,failed,FUNDS_NOT_AVAILABLE,insufficient_funds,1,2026-08-20 16:50:16.001494
PAY_002874,CUST_01492,42528.84,upi,successful,,,1,2026-06-22 22:58:16.001494
PAY_002875,CUST_01384,13494.93,upi,successful,,,1,2026-05-29 03:30:16.001494
PAY_002876,CUST_01536,43910.77,netbanking,successful,,,1,2026-06-25 06:26:16.001494
PAY_002877,CUST_01613,40700.08,upi,failed,BANK_TEMPORARY_ERROR,temporary_bank_failure,1,2026-07-09 01:25:16.002508
PAY_002878,CUST_01956,21130.99,netbanking,successful,,,2,2026-07-02 17:23:16.002508
PAY_002879,CUST_00614,38599.75,card,successful,,,1,2026-07-13 06:57:16.002508
PAY_002880,CUST_00373,41836.59,upi,successful,,,2,2026-08-17 17:12:16.002508
PAY_002881,CUST_00574,40196.53,card,successful,,,2,2026-06-17 11:57:16.002508
PAY_002882,CUST_01838,6143.27,upi,successful,,,1,2026-07-03 03:50:16.002508
PAY_002883,CUST_01916,86508.34,upi,successful,,,1,2026-08-15 21:02:16.002508
PAY_002884,CUST_00686,60062.62,upi,successful,,,1,2026-06-26 13:54:16.002508
PAY_002885,CUST_01137,27883.05,upi,failed,AUTHENTICATION_FAILED,authentication_failed,1,2026-08-14 19:14:16.002508
PAY_002886,CUST_01091,7782.14,upi,successful,,,1,2026-06-30 08:32:16.002508
PAY_002887,CUST_00695,40967.74,upi,successful,,,1,2026-06-21 08:58:16.002508
PAY_002888,CUST_01073,40787.47,upi,successful,,,1,2026-08-06 04:52:16.002508
PAY_002889,CUST_00273,32245.33,card,failed,FUNDS_NOT_AVAILABLE,insufficient_funds,1,2026-06-10 04:41:16.002508
PAY_002890,CUST_00009,18280.5,upi,successful,,,1,2026-06-20 06:56:16.003521
PAY_002891,CUST_00304,24428.73,card,successful,,,1,2026-08-06 02:54:16.003521
PAY_002892,CUST_00534,33564.59,upi,successful,,,1,2026-08-14 17:31:16.003521
PAY_002893,CUST_01484,38498.85,upi,failed,BANK_TEMPORARY_ERROR,temporary_bank_failure,2,2026-07-20 16:12:16.003521
PAY_002894,CUST_00122,48775.5,upi,successful,,,1,2026-07-07 05:38:16.003521
PAY_002895,CUST_00064,79039.11,upi,successful,,,1,2026-06-15 23:30:16.003521
PAY_002896,CUST_00731,5830.72,upi,successful,,,1,2026-06-05 13:35:16.003521
PAY_002897,CUST_00330,32508.49,card,successful,,,1,2026-08-03 22:13:16.003521
PAY_002898,CUST_01418,35240.03,upi,successful,,,1,2026-08-15 03:02:16.003521
PAY_002899,CUST_00449,9757.86,upi,failed,BANK_SERVICE_UNAVAILABLE,temporary_bank_failure,1,2026-06-02 13:14:16.003521
PAY_002900,CUST_00805,13463.79,card,successful,,,1,2026-06-20 16:28:16.003521
PAY_002901,CUST_00378,37779.49,upi,successful,,,1,2026-06-06 06:56:16.003521
PAY_002902,CUST_00586,4147.62,upi,successful,,,1,2026-05-30 05:31:16.003521
PAY_002903,CUST_01468,80312.95,netbanking,successful,,,1,2026-06-26 17:58:16.003521
PAY_002904,CUST_00857,28150.39,upi,successful,,,1,2026-07-19 07:27:16.003521
PAY_002905,CUST_01973,16512.68,card,failed,FUNDS_NOT_AVAILABLE,insufficient_funds,2,2026-06-01 00:01:16.004535
PAY_002906,CUST_01376,49464.43,upi,successful,,,1,2026-07-01 21:10:16.004535
PAY_002907,CUST_00881,7350.8,card,successful,,,1,2026-07-09 23:40:16.004535
PAY_002908,CUST_01223,2393.9,upi,successful,,,1,2026-05-29 02:30:16.004535
PAY_002909,CUST_01100,42718.85,upi,successful,,,1,2026-07-10 06:03:16.004535
PAY_002910,CUST_00843,25431.13,netbanking,successful,,,1,2026-08-21 19:20:16.004535
PAY_002911,CUST_00124,14644.03,upi,failed,INSUFFICIENT_BALANCE,insufficient_funds,1,2026-06-04 02:00:16.004535
PAY_002912,CUST_00037,21902.14,upi,successful,,,1,2026-07-25 01:43:16.004535
PAY_002913,CUST_00498,40454.07,upi,successful,,,1,2026-08-11 16:45:16.004535
PAY_002914,CUST_01238,13946.24,upi,failed,AUTHENTICATION_FAILED,authentication_failed,1,2026-07-11 21:15:16.004535
PAY_002915,CUST_00413,5800.68,upi,successful,,,1,2026-07-20 12:24:16.004535
PAY_002916,CUST_00093,12186.6,card,successful,,,1,2026-08-17 16:36:16.004535
PAY_002917,CUST_00324,20504.37,upi,successful,,,1,2026-06-01 07:23:16.004535
PAY_002918,CUST_00145,4250.91,card,successful,,,2,2026-07-31 14:18:16.005550
PAY_002919,CUST_00163,48397.09,card,successful,,,1,2026-08-07 16:46:16.005550
PAY_002920,CUST_00189,24671.54,netbanking,successful,,,1,2026-07-30 07:35:16.005550
PAY_002921,CUST_00458,45738.5,upi,successful,,,1,2026-06-26 15:25:16.005550
PAY_002922,CUST_00897,34544.9,upi,failed,FUNDS_NOT_AVAILABLE,insufficient_funds,2,2026-07-02 01:29:16.005550
PAY_002923,CUST_00224,21629.18,card,successful,,,1,2026-06-08 00:55:16.005550
PAY_002924,CUST_00193,29364.83,netbanking,successful,,,1,2026-06-14 03:40:16.005550
PAY_002925,CUST_01650,42647.42,card,successful,,,1,2026-06-27 20:53:16.005550
PAY_002926,CUST_01948,2559.42,upi,failed,PROCESSING_TIMEOUT,timeout,1,2026-08-17 07:15:16.005550
PAY_002927,CUST_01346,76485.75,upi,successful,,,1,2026-06-07 23:00:16.005550
PAY_002928,CUST_01973,5054.85,upi,failed,UNSPECIFIED_DECLINE,temporary_bank_failure,1,2026-08-14 20:21:16.005550
PAY_002929,CUST_01134,22749.72,upi,successful,,,1,2026-06-20 11:07:16.005550
PAY_002930,CUST_00831,63174.63,upi,successful,,,1,2026-07-27 03:39:16.005550
PAY_002931,CUST_01011,46767.77,upi,successful,,,1,2026-06-29 10:33:16.005550
PAY_002932,CUST_01024,42177.76,card,successful,,,1,2026-05-27 02:20:16.006577
PAY_002933,CUST_00486,59322.87,upi,successful,,,1,2026-07-02 22:31:16.006577
PAY_002934,CUST_01329,32252.54,card,failed,PROCESSING_TIMEOUT,timeout,2,2026-06-06 22:51:16.006577
PAY_002935,CUST_00708,7646.98,card,successful,,,1,2026-08-16 09:16:16.006577
PAY_002936,CUST_00875,46269.58,card,successful,,,1,2026-07-11 19:25:16.006577
PAY_002937,CUST_01393,38850.26,card,failed,INSTRUMENT_EXPIRED,expired_instrument,1,2026-07-01 07:01:16.006577
PAY_002938,CUST_00286,49135.9,card,successful,,,1,2026-07-14 21:42:16.006577
PAY_002939,CUST_00630,24212.09,upi,successful,,,1,2026-06-06 11:39:16.006577
PAY_002940,CUST_01007,46759.23,upi,successful,,,1,2026-07-24 08:07:16.006577
PAY_002941,CUST_01052,5007.16,netbanking,successful,,,1,2026-06-10 10:53:16.006577
PAY_002942,CUST_00375,31443.71,card,successful,,,1,2026-07-29 11:20:16.006577
PAY_002943,CUST_01114,21461.73,upi,successful,,,1,2026-06-28 09:09:16.006577
PAY_002944,CUST_01472,24186.46,netbanking,failed,BANK_SERVICE_UNAVAILABLE,temporary_bank_failure,1,2026-08-06 03:38:16.006577
PAY_002945,CUST_01554,1669.82,upi,successful,,,1,2026-08-23 09:22:16.006577
PAY_002946,CUST_00200,18644.91,upi,failed,BANK_TEMPORARY_ERROR,temporary_bank_failure,1,2026-08-18 14:15:16.007590
PAY_002947,CUST_01451,74596.86,upi,successful,,,1,2026-06-30 06:13:16.007590
PAY_002948,CUST_01970,49245.88,upi,successful,,,1,2026-05-27 14:24:16.007590
PAY_002949,CUST_01567,34865.1,netbanking,successful,,,1,2026-06-24 13:39:16.007590
PAY_002950,CUST_00138,2046.49,card,successful,,,2,2026-06-15 11:27:16.007590
PAY_002951,CUST_01039,31085.52,card,successful,,,1,2026-07-30 17:19:16.007590
PAY_002952,CUST_00763,14860.67,upi,failed,AUTHENTICATION_FAILED,authentication_failed,1,2026-07-17 18:18:16.007590
PAY_002953,CUST_01221,20920.56,card,successful,,,1,2026-06-09 06:46:16.007590
PAY_002954,CUST_00914,14341.36,card,successful,,,1,2026-06-24 15:57:16.007590
PAY_002955,CUST_01341,6716.46,upi,successful,,,1,2026-08-24 23:37:16.007590
PAY_002956,CUST_01438,19299.41,upi,successful,,,1,2026-08-18 00:45:16.007590
PAY_002957,CUST_01865,26109.81,upi,successful,,,1,2026-08-17 09:38:16.007590
PAY_002958,CUST_00207,6594.54,card,failed,BANK_TEMPORARY_ERROR,temporary_bank_failure,2,2026-08-21 01:28:16.007590
PAY_002959,CUST_01730,23733.02,upi,failed,,unknown_failure,2,2026-08-19 14:37:16.008603
PAY_002960,CUST_00462,8944.46,netbanking,failed,PROCESSING_TIMEOUT,timeout,1,2026-06-30 12:04:16.008603
PAY_002961,CUST_01636,42953.46,upi,successful,,,1,2026-06-09 07:18:16.008603
PAY_002962,CUST_00587,92178.79,upi,successful,,,1,2026-07-29 09:46:16.008603
PAY_002963,CUST_00502,35763.96,upi,failed,INSUFFICIENT_BALANCE,insufficient_funds,1,2026-07-20 11:04:16.009204
PAY_002964,CUST_01265,1916.15,card,successful,,,1,2026-07-04 20:05:16.009204
PAY_002965,CUST_01776,23808.38,netbanking,successful,,,1,2026-06-25 01:31:16.009720
PAY_002966,CUST_00269,42886.21,card,failed,,insufficient_funds,1,2026-08-06 16:12:16.009720
PAY_002967,CUST_00929,88734.48,netbanking,successful,,,1,2026-06-16 13:21:16.009720
PAY_002968,CUST_00858,5609.75,card,failed,AUTHENTICATION_FAILED,authentication_failed,1,2026-08-04 18:30:16.010236
PAY_002969,CUST_01117,19668.46,upi,successful,,,1,2026-06-01 01:02:16.010236
PAY_002970,CUST_00772,23342.08,upi,successful,,,1,2026-08-15 20:37:16.010236
PAY_002971,CUST_01759,41609.15,card,successful,,,1,2026-07-02 07:09:16.010236
PAY_002972,CUST_00983,13531.95,netbanking,failed,BANK_SERVICE_UNAVAILABLE,temporary_bank_failure,1,2026-07-09 09:51:16.010236
PAY_002973,CUST_00800,54018.98,upi,successful,,,1,2026-07-28 07:17:16.010236
PAY_002974,CUST_00841,34270.56,card,failed,NETWORK_TIMEOUT,timeout,1,2026-05-30 12:49:16.010236
PAY_002975,CUST_01896,22979.25,upi,successful,,,1,2026-08-16 14:01:16.010236
PAY_002976,CUST_00029,26682.99,netbanking,successful,,,1,2026-07-08 22:24:16.010236
PAY_002977,CUST_01302,9901.75,netbanking,successful,,,1,2026-06-16 14:32:16.010751
PAY_002978,CUST_00501,30649.46,card,successful,,,1,2026-08-04 07:14:16.010751
PAY_002979,CUST_01687,8007.31,upi,successful,,,1,2026-08-18 00:47:16.010751
PAY_002980,CUST_01714,15276.28,upi,failed,FUNDS_NOT_AVAILABLE,insufficient_funds,2,2026-08-23 05:46:16.010751
PAY_002981,CUST_01370,20733.65,upi,successful,,,1,2026-07-19 00:55:16.010751
PAY_002982,CUST_00622,40760.57,upi,successful,,,1,2026-06-29 12:56:16.010751
PAY_002983,CUST_01297,28350.76,upi,successful,,,1,2026-06-23 20:25:16.010751
PAY_002984,CUST_01607,3689.94,card,successful,,,1,2026-07-23 19:05:16.010751
PAY_002985,CUST_01782,23419.44,upi,failed,POLICY_DECLINED,risk_decline,1,2026-05-27 07:27:16.010751
PAY_002986,CUST_01133,4203.39,upi,successful,,,1,2026-06-25 00:02:16.010751
PAY_002987,CUST_01290,49165.74,card,successful,,,1,2026-07-28 22:45:16.010751
PAY_002988,CUST_00851,28016.52,upi,successful,,,1,2026-08-16 06:16:16.010751
PAY_002989,CUST_00638,95086.82,upi,successful,,,2,2026-06-05 09:35:16.010751
PAY_002990,CUST_00239,10804.27,upi,failed,NETWORK_TIMEOUT,timeout,1,2026-06-06 05:43:16.010751
PAY_002991,CUST_01994,3243.3,upi,failed,INSUFFICIENT_BALANCE,insufficient_funds,1,2026-06-02 22:30:16.010751
PAY_002992,CUST_00428,12936.42,upi,successful,,,1,2026-07-12 11:54:16.010751
PAY_002993,CUST_00879,53040.32,upi,successful,,,1,2026-06-24 11:18:16.010751
PAY_002994,CUST_00149,3300.68,upi,successful,,,1,2026-08-05 16:15:16.010751
PAY_002995,CUST_01242,49629.14,upi,successful,,,1,2026-08-03 20:37:16.010751
PAY_002996,CUST_00123,9490.09,upi,successful,,,1,2026-08-23 00:31:16.010751
PAY_002997,CUST_00663,11988.93,netbanking,failed,FUNDS_NOT_AVAILABLE,insufficient_funds,1,2026-06-13 23:32:16.010751
PAY_002998,CUST_00573,15067.39,netbanking,successful,,,1,2026-07-13 19:44:16.010751
PAY_002999,CUST_00129,27368.47,upi,successful,,,1,2026-08-01 01:14:16.010751
PAY_003000,CUST_00544,15169.47,upi,successful,,,1,2026-08-11 16:03:16.010751
PAY_003001,CUST_00861,25978.8,card,successful,,,1,2026-05-28 17:56:16.011817
PAY_003002,CUST_01268,64853.84,upi,successful,,,1,2026-07-01 12:02:16.011817
PAY_003003,CUST_01728,2428.18,card,failed,CUSTOMER_AUTH_FAILED,authentication_failed,1,2026-07-17 18:02:16.011817
PAY_003004,CUST_00539,26668.21,card,successful,,,1,2026-06-17 03:57:16.011817
PAY_003005,CUST_00366,21248.32,upi,successful,,,1,2026-07-17 12:49:16.011817
PAY_003006,CUST_01732,10352.44,upi,successful,,,1,2026-06-14 04:38:16.011817
PAY_003007,CUST_01958,32717.3,upi,successful,,,1,2026-07-23 11:08:16.011817
PAY_003008,CUST_00888,27980.52,upi,successful,,,1,2026-08-03 06:52:16.011817
PAY_003009,CUST_01371,19478.9,card,successful,,,1,2026-06-14 09:48:16.011817
PAY_003010,CUST_00029,18250.39,upi,successful,,,1,2026-06-06 15:19:16.011817
PAY_003011,CUST_00009,19758.46,netbanking,successful,,,1,2026-07-06 18:03:16.011817
PAY_003012,CUST_00275,22889.9,netbanking,successful,,,1,2026-07-28 20:11:16.011817
PAY_003013,CUST_01514,12882.16,netbanking,successful,,,1,2026-07-06 21:06:16.011817
PAY_003014,CUST_01944,31646.22,upi,successful,,,1,2026-06-17 09:12:16.011817
PAY_003015,CUST_01538,44888.13,upi,successful,,,1,2026-06-08 09:12:16.011817
PAY_003016,CUST_00426,5476.45,upi,successful,,,1,2026-07-26 06:12:16.011817
PAY_003017,CUST_01744,2424.27,netbanking,successful,,,2,2026-07-29 13:09:16.011817
PAY_003018,CUST_01718,11468.84,netbanking,failed,CUSTOMER_AUTH_FAILED,authentication_failed,1,2026-07-14 22:50:16.011817
PAY_003019,CUST_00689,5263.8,netbanking,successful,,,1,2026-08-24 19:01:16.011817
PAY_003020,CUST_00011,13279.78,upi,successful,,,1,2026-07-16 08:03:16.011817
PAY_003021,CUST_00400,45083.71,upi,successful,,,1,2026-06-24 21:18:16.011817
PAY_003022,CUST_00901,44957.3,upi,successful,,,1,2026-07-18 02:34:16.011817
PAY_003023,CUST_00234,23573.09,card,successful,,,2,2026-05-30 19:30:16.011817
PAY_003024,CUST_00930,25352.02,upi,failed,CARD_EXPIRED,expired_instrument,1,2026-07-06 14:55:16.011817
PAY_003025,CUST_00632,50435.24,upi,failed,POLICY_DECLINED,risk_decline,1,2026-06-22 15:05:16.011817
PAY_003026,CUST_01632,29171.59,card,successful,,,1,2026-07-27 00:20:16.012832
PAY_003027,CUST_00498,41053.97,upi,successful,,,1,2026-07-28 11:03:16.012832
PAY_003028,CUST_01113,12873.25,upi,successful,,,1,2026-08-03 02:24:16.012832
PAY_003029,CUST_00027,43255.3,upi,successful,,,1,2026-06-14 17:18:16.012832
PAY_003030,CUST_01471,25353.47,upi,successful,,,1,2026-06-07 22:56:16.012832
PAY_003031,CUST_00762,14670.58,upi,successful,,,1,2026-08-04 01:16:16.012832
PAY_003032,CUST_00111,8881.5,upi,successful,,,1,2026-08-18 02:11:16.012832
PAY_003033,CUST_01013,45719.83,upi,successful,,,2,2026-07-18 22:38:16.012832
PAY_003034,CUST_00677,16397.17,netbanking,successful,,,1,2026-07-14 07:55:16.012832
PAY_003035,CUST_00902,23567.06,upi,successful,,,1,2026-07-29 19:59:16.012832
PAY_003036,CUST_00835,2699.42,upi,failed,UNSPECIFIED_DECLINE,authentication_failed,1,2026-08-24 17:33:16.012832
PAY_003037,CUST_01041,8652.53,netbanking,successful,,,1,2026-07-14 07:13:16.012832
PAY_003038,CUST_00819,90306.24,upi,successful,,,1,2026-07-19 01:46:16.012832
PAY_003039,CUST_00811,48302.72,netbanking,successful,,,1,2026-07-05 17:42:16.012832
PAY_003040,CUST_01204,73263.51,upi,successful,,,1,2026-07-18 08:50:16.012832
PAY_003041,CUST_00853,40127.17,upi,successful,,,1,2026-06-13 21:42:16.012832
PAY_003042,CUST_00992,18631.18,card,successful,,,2,2026-08-17 20:03:16.012832
PAY_003043,CUST_00484,17981.05,card,successful,,,2,2026-07-22 11:10:16.012832
PAY_003044,CUST_00059,2399.76,card,successful,,,1,2026-06-21 04:48:16.012832
PAY_003045,CUST_01499,13455.85,netbanking,failed,INSUFFICIENT_BALANCE,insufficient_funds,1,2026-06-30 10:03:16.012832
PAY_003046,CUST_00784,7239.46,upi,successful,,,1,2026-07-26 09:50:16.012832
PAY_003047,CUST_00024,5679.19,upi,successful,,,1,2026-06-19 07:19:16.012832
PAY_003048,CUST_00004,11784.16,netbanking,successful,,,1,2026-08-24 11:55:16.012832
PAY_003049,CUST_00285,11230.03,upi,successful,,,1,2026-06-16 06:18:16.013893
PAY_003050,CUST_00315,46755.41,card,successful,,,1,2026-07-14 23:12:16.013893
PAY_003051,CUST_00401,3195.06,upi,successful,,,1,2026-05-31 21:08:16.013893
PAY_003052,CUST_00894,42724.82,upi,failed,INSUFFICIENT_BALANCE,insufficient_funds,1,2026-07-11 00:03:16.013893
PAY_003053,CUST_01751,79155.87,upi,successful,,,1,2026-08-20 03:44:16.013893
PAY_003054,CUST_01773,47371.37,upi,successful,,,1,2026-08-18 03:42:16.013893
PAY_003055,CUST_00637,39741.86,card,successful,,,1,2026-08-06 03:51:16.013893
PAY_003056,CUST_00501,25082.84,upi,successful,,,1,2026-06-30 14:46:16.013893
PAY_003057,CUST_01464,15952.53,upi,successful,,,1,2026-06-25 08:11:16.013893
PAY_003058,CUST_00588,32210.57,netbanking,successful,,,2,2026-06-15 17:51:16.013893
PAY_003059,CUST_01820,47196.69,card,successful,,,1,2026-08-19 13:16:16.013893
PAY_003060,CUST_01611,30485.99,netbanking,successful,,,1,2026-06-11 05:10:16.013893
PAY_003061,CUST_00590,40774.26,upi,successful,,,2,2026-08-24 07:39:16.013893
PAY_003062,CUST_00366,34905.8,card,failed,PROCESSING_TIMEOUT,timeout,1,2026-06-30 04:49:16.013893
PAY_003063,CUST_01772,24446.59,upi,successful,,,1,2026-08-24 09:14:16.013893
PAY_003064,CUST_00717,15795.77,upi,successful,,,1,2026-08-21 19:15:16.013893
PAY_003065,CUST_00991,18918.75,upi,successful,,,1,2026-06-17 06:04:16.013893
PAY_003066,CUST_00931,4250.44,upi,successful,,,1,2026-08-05 03:48:16.013893
PAY_003067,CUST_00369,45958.65,card,successful,,,2,2026-06-05 22:41:16.013893
PAY_003068,CUST_01502,28310.54,card,successful,,,1,2026-07-31 15:27:16.013893
PAY_003069,CUST_01619,3256.21,upi,failed,,authentication_failed,1,2026-06-18 22:07:16.013893
PAY_003070,CUST_01676,22499.96,netbanking,successful,,,1,2026-07-22 01:04:16.013893
PAY_003071,CUST_00280,97789.36,upi,successful,,,1,2026-06-26 04:03:16.013893
PAY_003072,CUST_01688,19381.88,netbanking,successful,,,1,2026-08-01 02:04:16.013893
PAY_003073,CUST_00574,29544.65,card,failed,INSUFFICIENT_BALANCE,insufficient_funds,1,2026-07-01 15:12:16.013893
PAY_003074,CUST_01938,22890.99,card,failed,BANK_SERVICE_UNAVAILABLE,temporary_bank_failure,1,2026-06-02 06:54:16.014908
PAY_003075,CUST_01467,47462.87,upi,successful,,,1,2026-08-04 12:18:16.014908
PAY_003076,CUST_01206,48326.51,upi,successful,,,1,2026-06-06 10:21:16.014908
PAY_003077,CUST_00832,35194.76,card,successful,,,1,2026-08-24 14:18:16.014908
PAY_003078,CUST_00198,1691.71,upi,successful,,,1,2026-07-23 01:30:16.014908
PAY_003079,CUST_01833,29259.32,upi,successful,,,1,2026-07-01 13:30:16.014908
PAY_003080,CUST_00046,45671.78,upi,successful,,,1,2026-07-01 20:06:16.014908
PAY_003081,CUST_01272,48564.5,upi,successful,,,1,2026-08-01 09:06:16.014908
PAY_003082,CUST_00509,40067.45,card,successful,,,1,2026-07-30 21:40:16.014908
PAY_003083,CUST_00045,4321.6,card,successful,,,1,2026-06-03 03:48:16.014908
PAY_003084,CUST_00023,33726.94,upi,successful,,,1,2026-06-08 09:30:16.014908
PAY_003085,CUST_01609,9389.36,upi,successful,,,2,2026-06-07 18:17:16.014908
PAY_003086,CUST_00169,5606.2,upi,successful,,,1,2026-08-19 07:01:16.014908
PAY_003087,CUST_00125,21946.87,card,successful,,,1,2026-06-01 17:26:16.014908
PAY_003088,CUST_00756,16216.73,upi,successful,,,1,2026-06-10 05:46:16.014908
PAY_003089,CUST_00584,25725.98,card,failed,UNSPECIFIED_DECLINE,unknown_failure,2,2026-07-12 18:39:16.014908
PAY_003090,CUST_01558,28514.34,card,failed,BANK_TEMPORARY_ERROR,temporary_bank_failure,1,2026-08-09 11:03:16.014908
PAY_003091,CUST_00320,2480.51,netbanking,successful,,,1,2026-05-28 13:08:16.014908
PAY_003092,CUST_00964,8295.49,card,successful,,,1,2026-05-27 22:49:16.014908
PAY_003093,CUST_01436,47495.21,card,successful,,,1,2026-07-14 21:43:16.014908
PAY_003094,CUST_01235,17462.44,upi,failed,UNKNOWN_ERROR,unknown_failure,1,2026-07-12 01:34:16.014908
PAY_003095,CUST_01530,36781.87,upi,successful,,,1,2026-07-24 13:59:16.014908
PAY_003096,CUST_00600,6026.04,card,successful,,,2,2026-07-16 05:13:16.014908
PAY_003097,CUST_00029,18504.64,upi,successful,,,1,2026-07-13 16:07:16.014908
PAY_003098,CUST_01188,3576.02,upi,successful,,,1,2026-07-23 10:40:16.014908
PAY_003099,CUST_00650,18788.77,card,successful,,,1,2026-07-03 19:23:16.016001
PAY_003100,CUST_00967,47973.79,card,failed,UNSPECIFIED_DECLINE,expired_instrument,2,2026-08-08 14:47:16.016001
PAY_003101,CUST_00856,45407.32,upi,failed,FUNDS_NOT_AVAILABLE,insufficient_funds,1,2026-06-27 16:44:16.016001
PAY_003102,CUST_01510,30648.1,card,successful,,,1,2026-08-06 02:55:16.016001
PAY_003103,CUST_01750,8398.33,card,successful,,,1,2026-08-10 10:04:16.016001
PAY_003104,CUST_01352,22117.07,upi,successful,,,1,2026-07-14 18:38:16.016001
PAY_003105,CUST_01678,36360.27,upi,successful,,,1,2026-08-14 21:48:16.016001
PAY_003106,CUST_00506,5014.67,upi,successful,,,1,2026-06-24 00:20:16.016001
PAY_003107,CUST_00737,49573.18,card,successful,,,2,2026-07-21 23:47:16.016001
PAY_003108,CUST_00239,41407.02,upi,successful,,,1,2026-06-21 19:53:16.016001
PAY_003109,CUST_01178,5263.81,netbanking,successful,,,1,2026-07-20 22:53:16.016001
PAY_003110,CUST_00259,18639.64,upi,successful,,,2,2026-07-23 06:07:16.016001
PAY_003111,CUST_00212,44998.2,upi,failed,BANK_SERVICE_UNAVAILABLE,temporary_bank_failure,1,2026-08-18 10:18:16.016001
PAY_003112,CUST_01317,10261.09,upi,successful,,,1,2026-07-11 19:35:16.016001
PAY_003113,CUST_01613,34250.71,card,successful,,,1,2026-06-30 20:56:16.016001
PAY_003114,CUST_01787,35173.36,upi,successful,,,1,2026-06-03 13:48:16.016001
PAY_003115,CUST_00878,41107.44,upi,successful,,,1,2026-07-19 04:47:16.016001
PAY_003116,CUST_00772,40796.83,upi,successful,,,1,2026-05-27 15:31:16.016001
PAY_003117,CUST_00148,37026.53,upi,successful,,,1,2026-08-25 04:16:16.016001
PAY_003118,CUST_01936,49821.88,upi,failed,CARD_EXPIRED,expired_instrument,1,2026-07-21 22:24:16.016001
PAY_003119,CUST_01408,16252.99,upi,successful,,,1,2026-07-18 13:28:16.016001
PAY_003120,CUST_00744,16551.49,card,successful,,,1,2026-08-04 23:13:16.016001
PAY_003121,CUST_01322,18023.69,card,successful,,,1,2026-06-18 01:50:16.016001
PAY_003122,CUST_00523,88197.02,netbanking,successful,,,1,2026-07-09 04:30:16.016001
PAY_003123,CUST_01461,32939.68,upi,successful,,,1,2026-06-25 06:15:16.016001
PAY_003124,CUST_01848,20111.1,card,successful,,,1,2026-07-09 11:12:16.016001
PAY_003125,CUST_01675,38816.62,upi,failed,NETWORK_TIMEOUT,timeout,1,2026-07-15 09:44:16.017114
PAY_003126,CUST_00958,7233.8,upi,successful,,,1,2026-08-12 17:57:16.017114
PAY_003127,CUST_01391,17380.5,upi,failed,BANK_TEMPORARY_ERROR,temporary_bank_failure,1,2026-07-04 06:35:16.017114
PAY_003128,CUST_00521,42747.45,upi,successful,,,1,2026-08-03 17:48:16.017114
PAY_003129,CUST_01868,13155.61,card,successful,,,1,2026-06-16 08:33:16.017114
PAY_003130,CUST_01866,39253.24,upi,successful,,,2,2026-06-01 15:55:16.017114
PAY_003131,CUST_00551,22526.1,netbanking,successful,,,1,2026-06-21 10:26:16.017114
PAY_003132,CUST_00341,38572.64,upi,successful,,,1,2026-06-21 00:44:16.017114
PAY_003133,CUST_01604,14220.9,card,failed,INSUFFICIENT_BALANCE,insufficient_funds,1,2026-06-29 05:43:16.017114
PAY_003134,CUST_00506,5659.04,upi,failed,POLICY_DECLINED,risk_decline,1,2026-06-14 19:10:16.017114
PAY_003135,CUST_00917,2850.16,upi,successful,,,1,2026-06-02 19:45:16.017114
PAY_003136,CUST_01388,9557.92,card,successful,,,1,2026-08-11 16:52:16.017114
PAY_003137,CUST_00607,11485.56,upi,successful,,,1,2026-06-11 14:49:16.017114
PAY_003138,CUST_01418,22179.25,card,successful,,,1,2026-07-17 11:45:16.017114
PAY_003139,CUST_01022,15155.59,upi,successful,,,1,2026-08-02 01:52:16.017114
PAY_003140,CUST_01608,30854.13,upi,successful,,,1,2026-07-18 08:31:16.017114
PAY_003141,CUST_00742,12854.34,card,successful,,,1,2026-07-19 02:55:16.017114
PAY_003142,CUST_01515,4790.16,netbanking,successful,,,1,2026-07-26 16:32:16.017114
PAY_003143,CUST_01542,39986.29,upi,successful,,,1,2026-08-04 23:00:16.017114
PAY_003144,CUST_00768,29050.15,card,successful,,,1,2026-06-02 06:34:16.017114
PAY_003145,CUST_01194,22462.18,card,failed,TRANSACTION_LIMIT_EXCEEDED,limit_exceeded,1,2026-08-10 06:19:16.017114
PAY_003146,CUST_01576,6201.73,netbanking,successful,,,1,2026-06-10 07:05:16.017114
PAY_003147,CUST_00147,11478.68,card,successful,,,1,2026-07-20 13:15:16.017114
PAY_003148,CUST_01017,15205.78,card,successful,,,1,2026-07-14 12:03:16.017114
PAY_003149,CUST_00097,3194.33,netbanking,failed,FUNDS_NOT_AVAILABLE,insufficient_funds,1,2026-06-14 15:40:16.017114
PAY_003150,CUST_00774,19641.26,upi,failed,BANK_TEMPORARY_ERROR,temporary_bank_failure,2,2026-06-17 21:49:16.018219
PAY_003151,CUST_01271,45961.07,card,successful,,,1,2026-06-15 12:17:16.018219
PAY_003152,CUST_01332,41342.45,card,successful,,,3,2026-07-04 10:50:16.018219
PAY_003153,CUST_00995,14001.04,card,successful,,,1,2026-08-21 16:40:16.018219
PAY_003154,CUST_00421,37764.55,netbanking,successful,,,1,2026-06-13 03:01:16.018219
PAY_003155,CUST_01740,39332.47,netbanking,successful,,,1,2026-06-27 23:45:16.018219
PAY_003156,CUST_00977,49832.55,upi,successful,,,1,2026-07-18 19:04:16.018219
PAY_003157,CUST_01382,28996.74,upi,successful,,,1,2026-07-02 13:31:16.018219
PAY_003158,CUST_00060,30346.42,upi,successful,,,1,2026-08-18 12:46:16.018219
PAY_003159,CUST_00946,3051.33,upi,successful,,,1,2026-08-19 15:15:16.018219
PAY_003160,CUST_00908,56684.98,upi,successful,,,1,2026-07-25 09:11:16.018219
PAY_003161,CUST_01237,7121.96,card,failed,BANK_SERVICE_UNAVAILABLE,temporary_bank_failure,1,2026-06-02 03:43:16.018219
PAY_003162,CUST_00334,13167.88,card,successful,,,1,2026-08-03 09:49:16.018219
PAY_003163,CUST_01129,64130.97,netbanking,failed,UNSPECIFIED_DECLINE,risk_decline,1,2026-06-28 13:51:16.018219
PAY_003164,CUST_01329,46446.91,netbanking,failed,UNSPECIFIED_DECLINE,limit_exceeded,1,2026-08-03 21:13:16.018219
PAY_003165,CUST_01914,35792.25,upi,successful,,,1,2026-06-26 18:01:16.018219
PAY_003166,CUST_01696,7203.14,upi,successful,,,1,2026-08-03 14:26:16.018219
PAY_003167,CUST_00710,13692.67,upi,successful,,,1,2026-08-13 01:08:16.018219
PAY_003168,CUST_01234,3606.53,card,failed,UNSPECIFIED_DECLINE,unknown_failure,1,2026-07-07 10:26:16.018219
PAY_003169,CUST_01385,30668.6,upi,successful,,,1,2026-08-17 20:55:16.018219
PAY_003170,CUST_00016,7614.91,upi,successful,,,1,2026-06-23 12:47:16.018219
PAY_003171,CUST_00647,46252.59,upi,successful,,,1,2026-06-05 12:17:16.018219
PAY_003172,CUST_00287,35640.22,upi,successful,,,1,2026-07-22 09:07:16.018219
PAY_003173,CUST_01663,36683.95,card,successful,,,1,2026-06-04 14:33:16.019313
PAY_003174,CUST_00641,18549.13,card,successful,,,1,2026-05-30 00:34:16.019313
PAY_003175,CUST_00931,2088.64,upi,successful,,,1,2026-07-01 17:00:16.019313
PAY_003176,CUST_01163,1366.02,upi,successful,,,1,2026-07-05 23:55:16.019313
PAY_003177,CUST_01489,6463.15,card,successful,,,1,2026-08-13 05:23:16.019313
PAY_003178,CUST_01110,46558.64,upi,successful,,,1,2026-06-11 20:52:16.019313
PAY_003179,CUST_00191,96410.86,netbanking,successful,,,1,2026-08-21 06:26:16.019313
PAY_003180,CUST_01045,79536.21,card,successful,,,1,2026-06-28 17:28:16.019313
PAY_003181,CUST_01494,40773.77,upi,failed,BANK_TEMPORARY_ERROR,temporary_bank_failure,2,2026-07-17 19:38:16.019313
PAY_003182,CUST_01696,35904.28,upi,successful,,,1,2026-08-12 16:31:16.019313
PAY_003183,CUST_00784,14752.71,upi,successful,,,1,2026-07-03 18:25:16.019313
PAY_003184,CUST_01722,18604.44,upi,failed,FUNDS_NOT_AVAILABLE,insufficient_funds,3,2026-07-06 06:36:16.019313
PAY_003185,CUST_00403,12720.23,upi,successful,,,1,2026-07-19 08:14:16.019313
PAY_003186,CUST_00199,9597.81,card,successful,,,1,2026-07-30 09:29:16.019313
PAY_003187,CUST_00866,4764.42,netbanking,successful,,,1,2026-06-19 16:45:16.019313
PAY_003188,CUST_00226,10864.8,upi,successful,,,1,2026-06-24 10:25:16.019313
PAY_003189,CUST_00283,48315.25,upi,successful,,,1,2026-07-18 02:58:16.019313
PAY_003190,CUST_01337,39863.36,upi,successful,,,2,2026-08-02 15:02:16.019313
PAY_003191,CUST_00445,15071.5,upi,successful,,,1,2026-07-08 19:15:16.019313
PAY_003192,CUST_00237,17025.94,upi,successful,,,1,2026-07-03 00:14:16.019313
PAY_003193,CUST_00354,9587.24,upi,successful,,,1,2026-05-28 07:53:16.019313
PAY_003194,CUST_00024,44701.7,card,successful,,,1,2026-05-31 21:34:16.019313
PAY_003195,CUST_01757,30634.55,upi,successful,,,1,2026-06-25 19:07:16.019313
PAY_003196,CUST_00745,45870.71,upi,successful,,,1,2026-07-08 07:52:16.019313
PAY_003197,CUST_00194,36381.61,upi,successful,,,1,2026-06-02 20:44:16.019313
PAY_003198,CUST_01332,8809.86,upi,successful,,,1,2026-08-24 23:09:16.019313
PAY_003199,CUST_00100,36559.63,card,successful,,,1,2026-08-15 17:03:16.019313
PAY_003200,CUST_01957,12565.61,card,successful,,,1,2026-07-25 18:37:16.020411
PAY_003201,CUST_01387,54228.78,upi,successful,,,1,2026-08-21 20:36:16.020411
PAY_003202,CUST_01696,15281.46,upi,successful,,,1,2026-08-23 16:17:16.020411
PAY_003203,CUST_00401,5422.53,card,successful,,,1,2026-06-07 15:08:16.020411
PAY_003204,CUST_00522,26239.83,upi,failed,INSUFFICIENT_BALANCE,insufficient_funds,1,2026-07-13 12:05:16.020411
PAY_003205,CUST_00509,13085.68,netbanking,successful,,,1,2026-06-04 08:52:16.020411
PAY_003206,CUST_00604,11137.58,netbanking,successful,,,1,2026-06-15 11:29:16.020411
PAY_003207,CUST_00577,2332.24,upi,successful,,,1,2026-07-08 18:59:16.020411
PAY_003208,CUST_01387,63046.03,card,failed,UNSPECIFIED_DECLINE,blocked_instrument,1,2026-08-13 15:06:16.020411
PAY_003209,CUST_00317,27928.27,netbanking,successful,,,2,2026-08-18 18:35:16.020411
PAY_003210,CUST_00697,85496.48,upi,successful,,,2,2026-06-09 22:00:16.020411
PAY_003211,CUST_00161,43850.07,upi,successful,,,1,2026-08-13 08:10:16.020411
PAY_003212,CUST_00901,34259.28,upi,successful,,,1,2026-08-15 12:32:16.020411
PAY_003213,CUST_01044,22638.83,card,successful,,,1,2026-07-26 11:52:16.020411
PAY_003214,CUST_01318,31590.41,card,successful,,,1,2026-05-29 07:21:16.020411
PAY_003215,CUST_01743,75364.19,upi,successful,,,1,2026-06-06 16:54:16.020411
PAY_003216,CUST_01396,6237.69,upi,successful,,,1,2026-07-08 14:56:16.020411
PAY_003217,CUST_00192,570.84,upi,successful,,,1,2026-05-27 22:45:16.020411
PAY_003218,CUST_00274,10397.42,card,successful,,,1,2026-06-15 17:29:16.020411
PAY_003219,CUST_01766,26921.37,upi,successful,,,1,2026-06-25 09:29:16.020411
PAY_003220,CUST_00317,40511.49,upi,successful,,,1,2026-06-26 08:20:16.020411
PAY_003221,CUST_01192,4809.44,upi,successful,,,1,2026-06-03 17:59:16.020411
PAY_003222,CUST_01349,90763.39,upi,successful,,,1,2026-06-26 21:46:16.020411
PAY_003223,CUST_00898,29764.16,card,failed,UNSPECIFIED_DECLINE,insufficient_funds,1,2026-08-04 08:45:16.020411
PAY_003224,CUST_00734,35142.39,upi,successful,,,1,2026-08-18 09:58:16.020411
PAY_003225,CUST_01845,94678.72,card,successful,,,1,2026-05-28 06:20:16.020411
PAY_003226,CUST_00235,39712.22,card,successful,,,1,2026-07-07 21:46:16.020411
PAY_003227,CUST_00925,7224.67,upi,failed,PROCESSING_TIMEOUT,timeout,1,2026-08-01 21:25:16.021505
PAY_003228,CUST_01377,29779.84,upi,failed,RISK_DECLINED,risk_decline,1,2026-07-11 22:33:16.021505
PAY_003229,CUST_01035,18184.86,upi,successful,,,1,2026-08-02 10:10:16.021505
PAY_003230,CUST_01173,17831.98,upi,successful,,,1,2026-08-02 00:36:16.021505
PAY_003231,CUST_00042,18141.34,upi,successful,,,1,2026-08-11 12:01:16.021505
PAY_003232,CUST_00006,16662.42,upi,successful,,,1,2026-07-05 02:39:16.021505
PAY_003233,CUST_00276,12576.3,card,successful,,,1,2026-07-21 18:28:16.021505
PAY_003234,CUST_01504,42304.8,upi,successful,,,1,2026-08-13 18:44:16.021505
PAY_003235,CUST_00799,26989.65,upi,successful,,,1,2026-06-06 11:40:16.021505
PAY_003236,CUST_01776,43185.52,upi,successful,,,1,2026-07-18 19:02:16.021505
PAY_003237,CUST_01845,18584.66,upi,successful,,,1,2026-06-09 04:14:16.021505
PAY_003238,CUST_00147,19052.37,upi,successful,,,1,2026-07-27 10:07:16.021505
PAY_003239,CUST_00860,39940.7,upi,successful,,,1,2026-06-18 13:42:16.021505
PAY_003240,CUST_00721,39896.27,netbanking,successful,,,1,2026-08-06 10:10:16.021505
PAY_003241,CUST_00732,43709.46,netbanking,successful,,,1,2026-06-14 15:47:16.021505
PAY_003242,CUST_01343,9879.94,upi,successful,,,1,2026-07-06 21:30:16.021505
PAY_003243,CUST_00175,13097.4,upi,successful,,,1,2026-06-22 03:49:16.021505
PAY_003244,CUST_01261,21973.63,upi,successful,,,1,2026-08-24 07:18:16.021505
PAY_003245,CUST_00007,30108.89,upi,failed,FUNDS_NOT_AVAILABLE,insufficient_funds,1,2026-08-10 20:05:16.021505
PAY_003246,CUST_00675,46594.93,netbanking,successful,,,1,2026-06-14 09:08:16.021505
PAY_003247,CUST_01067,13729.92,card,successful,,,1,2026-06-08 20:58:16.021505
PAY_003248,CUST_01539,42847.99,upi,successful,,,1,2026-06-09 15:09:16.021505
PAY_003249,CUST_00694,25018.92,card,successful,,,1,2026-08-13 18:08:16.021505
PAY_003250,CUST_00706,12841.7,netbanking,successful,,,1,2026-06-17 23:11:16.021505
PAY_003251,CUST_00866,41969.27,card,successful,,,1,2026-06-01 00:48:16.021505
PAY_003252,CUST_01785,9115.44,upi,successful,,,1,2026-08-25 01:13:16.021505
PAY_003253,CUST_01362,11291.38,upi,successful,,,1,2026-07-25 19:04:16.021505
PAY_003254,CUST_01344,42343.5,netbanking,successful,,,1,2026-07-30 22:44:16.022647
PAY_003255,CUST_00702,93241.32,upi,successful,,,1,2026-08-07 02:56:16.022647
PAY_003256,CUST_01050,74488.02,upi,successful,,,1,2026-08-13 11:12:16.022647
PAY_003257,CUST_00208,86371.09,netbanking,successful,,,1,2026-07-01 23:53:16.022647
PAY_003258,CUST_01957,15849.78,upi,failed,INSUFFICIENT_BALANCE,insufficient_funds,1,2026-08-01 12:03:16.022647
PAY_003259,CUST_01971,45857.95,card,failed,UNSPECIFIED_DECLINE,timeout,2,2026-06-12 06:10:16.022647
PAY_003260,CUST_00773,18939.17,card,successful,,,1,2026-07-17 09:56:16.022647
PAY_003261,CUST_00484,15250.35,upi,successful,,,1,2026-08-08 04:22:16.022647
PAY_003262,CUST_00671,22764.38,upi,successful,,,1,2026-06-06 05:37:16.022647
PAY_003263,CUST_01660,90501.12,upi,successful,,,1,2026-07-08 08:58:16.022647
PAY_003264,CUST_00392,31448.08,upi,successful,,,1,2026-08-13 16:57:16.022647
PAY_003265,CUST_00185,4881.78,card,failed,CARD_EXPIRED,expired_instrument,1,2026-06-17 06:53:16.022647
PAY_003266,CUST_01773,23612.72,upi,successful,,,1,2026-06-08 22:35:16.022647
PAY_003267,CUST_00202,6688.12,card,successful,,,1,2026-08-14 06:31:16.022647
PAY_003268,CUST_01096,7982.67,upi,failed,FUNDS_NOT_AVAILABLE,insufficient_funds,1,2026-06-29 04:23:16.022647
PAY_003269,CUST_00843,39169.15,card,successful,,,1,2026-06-30 02:06:16.022647
PAY_003270,CUST_00237,20884.84,card,successful,,,1,2026-06-02 06:49:16.022647
PAY_003271,CUST_01372,8458.53,upi,successful,,,1,2026-07-23 20:47:16.022647
PAY_003272,CUST_00679,44307.16,card,successful,,,1,2026-08-13 10:47:16.022647
PAY_003273,CUST_01742,25038.86,upi,failed,BANK_TEMPORARY_ERROR,temporary_bank_failure,1,2026-06-05 20:25:16.022647
PAY_003274,CUST_01044,16695.03,upi,failed,UNSPECIFIED_DECLINE,timeout,1,2026-07-26 05:40:16.022647
PAY_003275,CUST_00739,27984.65,upi,successful,,,1,2026-06-03 03:20:16.022647
PAY_003276,CUST_00988,11918.43,card,successful,,,1,2026-06-23 14:43:16.022647
PAY_003277,CUST_01071,39424.43,card,successful,,,1,2026-06-11 04:20:16.022647
PAY_003278,CUST_01896,45443.82,upi,successful,,,1,2026-06-01 05:04:16.022647
PAY_003279,CUST_01000,27841.1,card,successful,,,1,2026-07-20 17:45:16.023746
PAY_003280,CUST_00517,33648.36,upi,successful,,,1,2026-08-11 21:45:16.023746
PAY_003281,CUST_01485,10339.59,upi,failed,FUNDS_NOT_AVAILABLE,insufficient_funds,1,2026-08-06 22:13:16.023746
PAY_003282,CUST_00355,44890.82,card,successful,,,1,2026-07-16 16:58:16.023746
PAY_003283,CUST_01550,28055.64,card,successful,,,2,2026-07-30 18:01:16.023746
PAY_003284,CUST_01011,44476.59,upi,successful,,,1,2026-06-01 12:16:16.023746
PAY_003285,CUST_00976,7390.62,upi,successful,,,1,2026-07-09 14:01:16.023746
PAY_003286,CUST_01939,26518.38,card,successful,,,1,2026-07-12 08:56:16.023746
PAY_003287,CUST_01588,14171.89,upi,successful,,,1,2026-07-09 15:55:16.023746
PAY_003288,CUST_00858,3357.61,upi,successful,,,1,2026-06-16 14:17:16.023746
PAY_003289,CUST_01261,23114.8,upi,failed,INSTRUMENT_BLOCKED,blocked_instrument,1,2026-08-20 05:47:16.023746
PAY_003290,CUST_00126,25471.4,upi,successful,,,1,2026-07-02 23:15:16.023746
PAY_003291,CUST_01039,37391.81,card,failed,TRANSACTION_LIMIT_EXCEEDED,limit_exceeded,2,2026-07-28 11:21:16.023746
PAY_003292,CUST_00350,7218.72,upi,successful,,,1,2026-08-08 02:44:16.023746
PAY_003293,CUST_01426,18812.82,card,failed,BANK_SERVICE_UNAVAILABLE,temporary_bank_failure,1,2026-05-30 21:34:16.023746
PAY_003294,CUST_00808,7385.87,netbanking,successful,,,1,2026-07-29 02:37:16.023746
PAY_003295,CUST_01523,3031.82,upi,successful,,,1,2026-05-30 07:32:16.023746
PAY_003296,CUST_01936,2920.1,card,failed,INSTRUMENT_BLOCKED,blocked_instrument,1,2026-07-23 15:30:16.023746
PAY_003297,CUST_01591,6127.51,upi,successful,,,1,2026-07-03 16:24:16.023746
PAY_003298,CUST_01037,34942.52,card,successful,,,1,2026-07-22 00:43:16.023746
PAY_003299,CUST_01902,22990.53,card,successful,,,1,2026-07-07 21:36:16.023746
PAY_003300,CUST_01088,29107.91,upi,successful,,,1,2026-06-09 09:11:16.023746
PAY_003301,CUST_01661,47326.51,upi,successful,,,1,2026-06-27 12:10:16.023746
PAY_003302,CUST_00668,86855.79,upi,successful,,,1,2026-08-14 09:48:16.023746
PAY_003303,CUST_00461,5071.98,upi,successful,,,1,2026-06-22 02:16:16.023746
PAY_003304,CUST_01685,12439.1,card,successful,,,1,2026-05-30 04:53:16.023746
PAY_003305,CUST_01428,30273.92,netbanking,failed,BANK_TEMPORARY_ERROR,temporary_bank_failure,2,2026-06-26 18:01:16.023746
PAY_003306,CUST_00816,19054.21,upi,successful,,,1,2026-06-25 06:39:16.023746
PAY_003307,CUST_00812,10171.59,upi,successful,,,1,2026-06-26 09:21:16.023746
PAY_003308,CUST_01310,15419.22,card,failed,BANK_TEMPORARY_ERROR,temporary_bank_failure,1,2026-07-11 22:16:16.023746
PAY_003309,CUST_01850,3384.02,upi,successful,,,1,2026-07-14 04:35:16.023746
PAY_003310,CUST_00145,15873.91,card,successful,,,1,2026-07-12 19:37:16.023746
PAY_003311,CUST_00485,44326.02,netbanking,successful,,,1,2026-06-05 09:43:16.025148
PAY_003312,CUST_00213,68256.72,upi,failed,UNSPECIFIED_DECLINE,timeout,1,2026-08-02 02:45:16.025148
PAY_003313,CUST_01610,19092.86,card,successful,,,1,2026-06-14 10:20:16.025148
PAY_003314,CUST_00123,11676.07,upi,successful,,,2,2026-07-20 00:04:16.025148
PAY_003315,CUST_01404,15807.64,upi,successful,,,1,2026-06-01 15:54:16.025148
PAY_003316,CUST_00231,1514.73,card,successful,,,1,2026-07-05 23:34:16.025148
PAY_003317,CUST_00865,11194.13,upi,successful,,,1,2026-06-21 19:36:16.025148
PAY_003318,CUST_01241,21999.44,upi,successful,,,1,2026-06-09 10:23:16.025148
PAY_003319,CUST_00204,36909.04,upi,successful,,,1,2026-07-30 06:17:16.025148
PAY_003320,CUST_01506,22649.88,upi,successful,,,1,2026-08-24 20:19:16.025148
PAY_003321,CUST_00247,19539.7,upi,successful,,,1,2026-06-25 14:10:16.025148
PAY_003322,CUST_01680,1041.17,upi,successful,,,1,2026-08-10 23:17:16.025148
PAY_003323,CUST_00363,7462.05,netbanking,failed,BANK_SERVICE_UNAVAILABLE,temporary_bank_failure,2,2026-05-29 07:48:16.025148
PAY_003324,CUST_01330,41705.66,card,successful,,,1,2026-08-02 19:55:16.025148
PAY_003325,CUST_01322,44975.73,card,successful,,,2,2026-07-16 02:22:16.025148
PAY_003326,CUST_00770,61338.47,card,failed,NETWORK_TIMEOUT,timeout,1,2026-05-26 21:24:16.025148
PAY_003327,CUST_01809,11036.15,card,successful,,,1,2026-08-18 20:20:16.025148
PAY_003328,CUST_01617,14004.65,upi,successful,,,1,2026-07-23 07:11:16.025148
PAY_003329,CUST_00833,21655.64,netbanking,successful,,,1,2026-06-20 04:26:16.025148
PAY_003330,CUST_01411,65632.93,upi,successful,,,2,2026-07-24 20:00:16.025148
PAY_003331,CUST_01792,3515.9,card,successful,,,1,2026-07-08 08:11:16.025148
PAY_003332,CUST_00700,17688.94,upi,successful,,,1,2026-06-22 03:56:16.025148
PAY_003333,CUST_00598,44906.28,upi,successful,,,1,2026-07-04 02:30:16.025148
PAY_003334,CUST_00655,49740.02,upi,successful,,,1,2026-07-08 08:22:16.025148
PAY_003335,CUST_00405,13156.21,upi,failed,FUNDS_NOT_AVAILABLE,insufficient_funds,1,2026-06-16 16:04:16.025148
PAY_003336,CUST_00632,10921.62,upi,failed,BANK_TEMPORARY_ERROR,temporary_bank_failure,2,2026-06-26 04:13:16.025148
PAY_003337,CUST_00712,4967.38,upi,failed,NETWORK_TIMEOUT,timeout,1,2026-08-20 21:26:16.026242
PAY_003338,CUST_01312,7382.69,upi,successful,,,1,2026-06-07 21:43:16.026242
PAY_003339,CUST_00459,11141.64,upi,successful,,,1,2026-08-25 08:45:16.026242
PAY_003340,CUST_01696,32956.01,upi,successful,,,1,2026-06-02 02:49:16.026242
PAY_003341,CUST_01258,49285.6,upi,successful,,,1,2026-06-28 19:01:16.026242
PAY_003342,CUST_01823,71310.79,upi,successful,,,1,2026-06-03 19:12:16.026242
PAY_003343,CUST_00846,9596.89,upi,successful,,,1,2026-07-27 16:13:16.026242
PAY_003344,CUST_01199,5754.92,card,successful,,,1,2026-08-18 00:30:16.026242
PAY_003345,CUST_01964,30455.76,card,successful,,,1,2026-08-22 16:41:16.026242
PAY_003346,CUST_01725,24778.7,upi,successful,,,1,2026-05-27 12:26:16.026242
PAY_003347,CUST_00156,17965.0,card,successful,,,1,2026-07-03 06:03:16.026242
PAY_003348,CUST_01488,31622.39,upi,successful,,,1,2026-08-15 01:51:16.026242
PAY_003349,CUST_00420,10272.48,card,successful,,,1,2026-06-07 10:34:16.026242
PAY_003350,CUST_01565,23399.53,card,successful,,,1,2026-08-11 03:27:16.026242
PAY_003351,CUST_01501,8326.85,upi,failed,UNSPECIFIED_DECLINE,temporary_bank_failure,1,2026-05-29 12:38:16.026242
PAY_003352,CUST_01711,6540.99,netbanking,successful,,,1,2026-08-01 00:44:16.026242
PAY_003353,CUST_01879,10251.97,upi,failed,PROCESSING_TIMEOUT,timeout,1,2026-07-06 09:23:16.026242
PAY_003354,CUST_00245,49083.13,upi,successful,,,1,2026-06-13 13:10:16.026242
PAY_003355,CUST_01234,2470.89,upi,failed,BANK_TEMPORARY_ERROR,temporary_bank_failure,1,2026-06-04 20:36:16.026242
PAY_003356,CUST_00464,6002.99,card,failed,PROCESSING_TIMEOUT,timeout,1,2026-06-20 06:21:16.026242
PAY_003357,CUST_00291,99494.17,upi,successful,,,1,2026-07-02 14:56:16.026242
PAY_003358,CUST_00262,39949.52,upi,successful,,,1,2026-06-08 22:34:16.026242
PAY_003359,CUST_01248,77169.26,netbanking,failed,PROCESSING_TIMEOUT,timeout,1,2026-06-29 18:38:16.026242
PAY_003360,CUST_01760,58554.83,card,successful,,,1,2026-06-11 07:21:16.027342
PAY_003361,CUST_01272,23718.67,card,successful,,,2,2026-08-15 09:21:16.027342
PAY_003362,CUST_00685,46164.08,upi,successful,,,1,2026-06-24 18:37:16.027342
PAY_003363,CUST_01345,29659.36,card,failed,AUTHENTICATION_FAILED,authentication_failed,1,2026-06-02 23:04:16.027342
PAY_003364,CUST_01180,39203.57,upi,failed,BANK_SERVICE_UNAVAILABLE,temporary_bank_failure,1,2026-06-04 10:46:16.027342
PAY_003365,CUST_00305,44385.69,upi,successful,,,1,2026-05-27 02:57:16.027342
PAY_003366,CUST_00290,44312.3,upi,successful,,,1,2026-06-12 15:39:16.027342
PAY_003367,CUST_01162,47334.04,card,successful,,,1,2026-06-13 10:30:16.027342
PAY_003368,CUST_00907,23269.12,upi,successful,,,1,2026-08-20 17:48:16.027342
PAY_003369,CUST_00670,4167.88,upi,failed,UNSPECIFIED_DECLINE,risk_decline,1,2026-06-26 06:01:16.027342
PAY_003370,CUST_01268,83492.91,upi,failed,PROCESSING_TIMEOUT,timeout,1,2026-07-16 11:46:16.027342
PAY_003371,CUST_01094,14051.88,upi,successful,,,1,2026-06-06 21:48:16.027342
PAY_003372,CUST_01504,47560.0,card,successful,,,1,2026-07-25 06:16:16.027342
PAY_003373,CUST_01733,32975.86,card,successful,,,2,2026-07-19 04:36:16.027342
PAY_003374,CUST_01642,18832.56,card,successful,,,2,2026-07-06 15:39:16.027342
PAY_003375,CUST_00776,34783.6,card,successful,,,1,2026-08-15 20:52:16.027342
PAY_003376,CUST_00179,42512.53,netbanking,successful,,,1,2026-08-07 02:50:16.027342
PAY_003377,CUST_01297,1691.97,upi,successful,,,2,2026-06-20 17:08:16.027342
PAY_003378,CUST_00757,773.65,netbanking,successful,,,1,2026-07-31 04:22:16.027342
PAY_003379,CUST_01598,48570.47,upi,successful,,,1,2026-07-06 18:15:16.027342
PAY_003380,CUST_01723,31799.19,upi,successful,,,1,2026-07-22 01:32:16.027342
PAY_003381,CUST_00150,12086.38,upi,failed,BANK_SERVICE_UNAVAILABLE,temporary_bank_failure,1,2026-07-14 11:41:16.027342
PAY_003382,CUST_01212,33885.63,upi,successful,,,1,2026-07-13 03:03:16.027342
PAY_003383,CUST_01476,9230.36,upi,successful,,,1,2026-06-03 13:47:16.027342
PAY_003384,CUST_00729,27447.68,upi,successful,,,1,2026-05-31 21:15:16.027342
PAY_003385,CUST_01931,42988.43,netbanking,successful,,,1,2026-07-28 15:04:16.028439
PAY_003386,CUST_00074,11655.67,upi,successful,,,1,2026-07-14 08:47:16.028439
PAY_003387,CUST_01481,37412.62,card,successful,,,1,2026-08-25 04:02:16.028439
PAY_003388,CUST_01015,10485.14,upi,successful,,,1,2026-06-23 00:40:16.028439
PAY_003389,CUST_01347,72971.05,upi,failed,RISK_DECLINED,risk_decline,2,2026-08-18 15:31:16.028439
PAY_003390,CUST_00218,36975.17,upi,successful,,,1,2026-07-01 14:23:16.028439
PAY_003391,CUST_01207,25602.62,card,successful,,,1,2026-08-22 21:36:16.028439
PAY_003392,CUST_00492,19859.17,upi,failed,FUNDS_NOT_AVAILABLE,insufficient_funds,1,2026-06-06 02:18:16.028439
PAY_003393,CUST_01924,7532.79,upi,successful,,,1,2026-06-21 09:06:16.028439
PAY_003394,CUST_01955,20742.97,card,failed,NETWORK_TIMEOUT,timeout,1,2026-06-17 15:23:16.028439
PAY_003395,CUST_01412,44888.29,upi,successful,,,1,2026-07-16 18:54:16.028439
PAY_003396,CUST_01341,25887.65,netbanking,failed,INSUFFICIENT_BALANCE,insufficient_funds,1,2026-07-23 05:35:16.028439
PAY_003397,CUST_00841,45567.5,upi,successful,,,1,2026-05-29 21:33:16.028439
PAY_003398,CUST_00257,13338.08,card,failed,BANK_TEMPORARY_ERROR,temporary_bank_failure,1,2026-06-23 22:52:16.028439
PAY_003399,CUST_00749,30016.09,card,successful,,,1,2026-06-26 07:57:16.028439
PAY_003400,CUST_01366,4337.09,upi,successful,,,1,2026-07-02 18:40:16.028439
PAY_003401,CUST_00315,82603.03,netbanking,failed,CUSTOMER_AUTH_FAILED,authentication_failed,1,2026-05-27 13:32:16.028439
PAY_003402,CUST_01240,48553.14,card,successful,,,1,2026-07-13 09:53:16.028439
PAY_003403,CUST_00993,37689.22,upi,successful,,,1,2026-06-17 04:49:16.028439
PAY_003404,CUST_00810,21458.65,upi,failed,RISK_DECLINED,risk_decline,1,2026-07-18 23:16:16.028439
PAY_003405,CUST_00377,8153.6,netbanking,successful,,,2,2026-08-23 01:22:16.028439
PAY_003406,CUST_00217,80793.91,card,successful,,,1,2026-07-15 00:40:16.028439
PAY_003407,CUST_00313,42708.97,upi,successful,,,1,2026-06-20 12:46:16.028439
PAY_003408,CUST_01687,8277.56,card,failed,FUNDS_NOT_AVAILABLE,insufficient_funds,1,2026-07-11 20:58:16.028439
PAY_003409,CUST_00517,24982.39,upi,successful,,,1,2026-08-15 22:48:16.029538
PAY_003410,CUST_00919,2678.75,netbanking,successful,,,1,2026-08-22 14:00:16.029538
PAY_003411,CUST_00965,15474.78,upi,failed,BANK_SERVICE_UNAVAILABLE,temporary_bank_failure,1,2026-07-30 05:47:16.029538
PAY_003412,CUST_01027,38745.67,upi,successful,,,1,2026-06-11 11:51:16.029538
PAY_003413,CUST_00546,14976.95,upi,successful,,,1,2026-05-30 22:00:16.029538
PAY_003414,CUST_00669,50818.77,card,successful,,,1,2026-07-29 03:28:16.029538
PAY_003415,CUST_01904,28415.58,upi,successful,,,1,2026-06-20 22:14:16.029538
PAY_003416,CUST_01630,37696.88,card,successful,,,1,2026-08-01 08:17:16.029538
PAY_003417,CUST_01679,3418.11,card,successful,,,1,2026-07-19 05:58:16.029538
PAY_003418,CUST_01637,49043.93,upi,successful,,,2,2026-05-29 03:12:16.029538
PAY_003419,CUST_00975,6164.95,netbanking,successful,,,1,2026-08-10 22:05:16.029538
PAY_003420,CUST_00382,7685.12,upi,successful,,,1,2026-07-12 19:34:16.029538
PAY_003421,CUST_01944,8490.29,netbanking,failed,FUNDS_NOT_AVAILABLE,insufficient_funds,1,2026-07-17 23:23:16.029538
PAY_003422,CUST_00598,27857.68,netbanking,successful,,,1,2026-07-06 03:48:16.029538
PAY_003423,CUST_01281,21402.5,upi,failed,UNSPECIFIED_DECLINE,unknown_failure,2,2026-06-27 15:31:16.029538
PAY_003424,CUST_00814,44925.49,upi,successful,,,1,2026-06-17 01:35:16.029538
PAY_003425,CUST_01398,11937.18,card,successful,,,1,2026-06-10 10:02:16.029538
PAY_003426,CUST_00443,13403.24,netbanking,failed,INSUFFICIENT_BALANCE,insufficient_funds,1,2026-08-19 04:09:16.029538
PAY_003427,CUST_01304,17616.49,upi,successful,,,1,2026-06-01 06:02:16.029538
PAY_003428,CUST_01685,2801.64,upi,successful,,,1,2026-06-11 13:00:16.029538
PAY_003429,CUST_01984,31766.89,card,successful,,,1,2026-08-08 13:02:16.029538
PAY_003430,CUST_01549,81039.89,netbanking,successful,,,1,2026-08-20 17:31:16.029538
PAY_003431,CUST_01485,47582.58,card,successful,,,1,2026-08-18 21:28:16.029538
PAY_003432,CUST_00608,98599.13,card,failed,RISK_DECLINED,risk_decline,1,2026-05-31 19:50:16.029538
PAY_003433,CUST_00692,37077.24,upi,successful,,,1,2026-07-13 10:13:16.029538
PAY_003434,CUST_01076,33661.41,card,successful,,,1,2026-06-29 05:48:16.030632
PAY_003435,CUST_00898,8263.37,upi,failed,UNKNOWN_ERROR,unknown_failure,1,2026-08-03 07:59:16.030632
PAY_003436,CUST_00756,18745.76,card,successful,,,1,2026-06-11 22:50:16.030632
PAY_003437,CUST_00146,16322.93,upi,successful,,,1,2026-08-19 02:31:16.030632
PAY_003438,CUST_01458,3694.89,card,successful,,,2,2026-05-31 04:54:16.030632
PAY_003439,CUST_01203,6210.49,upi,failed,,blocked_instrument,1,2026-06-29 15:33:16.030632
PAY_003440,CUST_00526,23706.13,card,successful,,,1,2026-06-24 05:18:16.030632
PAY_003441,CUST_00958,49980.04,card,failed,BANK_TEMPORARY_ERROR,temporary_bank_failure,1,2026-07-17 19:49:16.030632
PAY_003442,CUST_01035,29001.57,upi,successful,,,1,2026-07-24 07:51:16.030632
PAY_003443,CUST_01406,13916.68,upi,failed,BANK_SERVICE_UNAVAILABLE,temporary_bank_failure,1,2026-06-13 21:12:16.030632
PAY_003444,CUST_01002,2846.4,netbanking,successful,,,1,2026-06-20 11:50:16.030632
PAY_003445,CUST_00785,15149.48,netbanking,successful,,,1,2026-05-29 03:30:16.030632
PAY_003446,CUST_00460,4181.25,upi,successful,,,1,2026-06-02 22:59:16.030632
PAY_003447,CUST_01591,48355.32,upi,successful,,,1,2026-06-21 08:46:16.030632
PAY_003448,CUST_01275,22810.86,upi,failed,UNSPECIFIED_DECLINE,unknown_failure,1,2026-07-18 21:26:16.030632
PAY_003449,CUST_01953,97082.32,card,successful,,,1,2026-08-17 23:16:16.030632
PAY_003450,CUST_01198,23132.06,upi,successful,,,1,2026-08-09 22:14:16.030632
PAY_003451,CUST_00950,12882.53,upi,failed,BANK_SERVICE_UNAVAILABLE,temporary_bank_failure,1,2026-07-20 15:30:16.030632
PAY_003452,CUST_01528,19288.78,card,successful,,,3,2026-08-14 15:22:16.030632
PAY_003453,CUST_01953,88693.76,netbanking,successful,,,1,2026-08-08 21:28:16.030632
PAY_003454,CUST_01589,9378.2,upi,successful,,,1,2026-06-24 16:08:16.030632
PAY_003455,CUST_00606,20849.49,card,successful,,,2,2026-07-28 07:27:16.030632
PAY_003456,CUST_00659,37214.86,card,successful,,,1,2026-08-18 18:53:16.030632
PAY_003457,CUST_00059,11686.91,netbanking,failed,,insufficient_funds,2,2026-08-04 10:05:16.030632
PAY_003458,CUST_00676,33592.73,card,successful,,,1,2026-06-13 14:18:16.030632
PAY_003459,CUST_01646,1436.33,upi,successful,,,1,2026-07-06 21:49:16.031728
PAY_003460,CUST_00371,41969.74,upi,failed,RISK_DECLINED,risk_decline,1,2026-08-14 04:22:16.031728
PAY_003461,CUST_01867,86006.43,netbanking,failed,INSUFFICIENT_BALANCE,insufficient_funds,1,2026-07-12 10:06:16.031728
PAY_003462,CUST_00706,27607.33,card,successful,,,1,2026-07-01 21:20:16.031728
PAY_003463,CUST_01201,8675.17,upi,failed,INSUFFICIENT_BALANCE,insufficient_funds,1,2026-05-28 16:44:16.031728
PAY_003464,CUST_00681,39466.1,upi,successful,,,1,2026-08-16 13:39:16.031728
PAY_003465,CUST_01423,14326.75,card,successful,,,1,2026-07-15 22:54:16.031728
PAY_003466,CUST_00416,9829.46,card,failed,UNKNOWN_ERROR,unknown_failure,1,2026-07-23 17:47:16.031728
PAY_003467,CUST_00692,14506.1,card,successful,,,1,2026-07-10 14:41:16.031728
PAY_003468,CUST_00962,35932.38,netbanking,successful,,,1,2026-05-29 23:54:16.031728
PAY_003469,CUST_01348,26980.12,netbanking,successful,,,1,2026-07-31 06:58:16.031728
PAY_003470,CUST_01954,7553.49,upi,failed,BANK_SERVICE_UNAVAILABLE,temporary_bank_failure,1,2026-06-14 19:44:16.031728
PAY_003471,CUST_00070,38908.58,netbanking,successful,,,1,2026-07-28 15:22:16.031728
PAY_003472,CUST_01578,23862.67,upi,successful,,,1,2026-06-04 23:30:16.031728
PAY_003473,CUST_00147,14674.82,card,failed,CARD_BLOCKED,blocked_instrument,2,2026-05-27 13:31:16.031728
PAY_003474,CUST_01498,25373.12,upi,successful,,,1,2026-05-28 10:31:16.031728
PAY_003475,CUST_00039,28245.15,upi,successful,,,1,2026-06-02 18:19:16.031728
PAY_003476,CUST_01344,26416.25,card,successful,,,1,2026-07-13 11:56:16.031728
PAY_003477,CUST_01468,12921.68,netbanking,successful,,,1,2026-07-09 09:22:16.031728
PAY_003478,CUST_00626,8401.45,upi,successful,,,1,2026-07-06 02:23:16.031728
PAY_003479,CUST_01433,25173.59,netbanking,successful,,,1,2026-06-04 20:23:16.031728
PAY_003480,CUST_00654,27469.73,upi,successful,,,1,2026-08-10 09:07:16.031728
PAY_003481,CUST_00345,39417.18,card,successful,,,1,2026-08-15 09:54:16.031728
PAY_003482,CUST_00713,50840.72,card,successful,,,1,2026-08-17 13:19:16.031728
PAY_003483,CUST_00751,17048.86,upi,successful,,,1,2026-08-04 16:27:16.031728
PAY_003484,CUST_00343,24377.95,netbanking,successful,,,1,2026-07-07 11:44:16.032831
PAY_003485,CUST_00099,10611.95,netbanking,successful,,,1,2026-06-10 18:21:16.032831
PAY_003486,CUST_01129,5131.29,card,successful,,,2,2026-06-14 16:48:16.032831
PAY_003487,CUST_00018,28412.49,upi,successful,,,1,2026-08-04 19:50:16.032831
PAY_003488,CUST_00345,36848.05,upi,successful,,,1,2026-06-12 15:43:16.032831
PAY_003489,CUST_00202,28615.06,card,failed,PROCESSING_TIMEOUT,timeout,1,2026-06-22 16:49:16.032831
PAY_003490,CUST_01999,47220.71,upi,successful,,,1,2026-05-27 14:34:16.032831
PAY_003491,CUST_00939,22964.99,upi,successful,,,1,2026-06-13 17:59:16.032831
PAY_003492,CUST_01041,1342.22,netbanking,successful,,,1,2026-06-12 15:31:16.032831
PAY_003493,CUST_01421,42428.85,upi,failed,POLICY_DECLINED,risk_decline,1,2026-06-12 15:41:16.032831
PAY_003494,CUST_00794,13868.93,upi,successful,,,1,2026-07-10 18:05:16.032831
PAY_003495,CUST_00141,28569.67,upi,failed,AUTHENTICATION_FAILED,authentication_failed,1,2026-06-13 06:07:16.032831
PAY_003496,CUST_00922,6055.56,upi,successful,,,2,2026-06-05 16:17:16.032831
PAY_003497,CUST_00349,6967.13,card,successful,,,2,2026-07-08 23:30:16.032831
PAY_003498,CUST_01720,11271.95,card,successful,,,1,2026-08-17 20:46:16.032831
PAY_003499,CUST_00003,16042.94,card,successful,,,1,2026-07-25 16:38:16.032831
PAY_003500,CUST_00756,11851.49,upi,failed,UNSPECIFIED_DECLINE,unknown_failure,1,2026-06-02 21:05:16.032831
PAY_003501,CUST_01313,26014.74,netbanking,successful,,,1,2026-06-08 18:30:16.032831
PAY_003502,CUST_00868,37850.07,upi,successful,,,1,2026-08-05 09:53:16.032831
PAY_003503,CUST_00715,10348.55,card,successful,,,1,2026-05-30 04:28:16.032831
PAY_003504,CUST_01520,37770.64,netbanking,successful,,,1,2026-07-17 19:02:16.032831
PAY_003505,CUST_01551,17368.2,upi,failed,FUNDS_NOT_AVAILABLE,insufficient_funds,1,2026-08-05 09:27:16.032831
PAY_003506,CUST_01931,34357.44,upi,successful,,,1,2026-06-24 21:32:16.032831
PAY_003507,CUST_00026,44561.53,upi,successful,,,1,2026-08-01 13:07:16.032831
PAY_003508,CUST_00503,33910.55,upi,successful,,,1,2026-06-30 02:23:16.032831
PAY_003509,CUST_01464,19018.75,upi,successful,,,1,2026-05-28 10:00:16.032831
PAY_003510,CUST_01596,27078.03,upi,failed,FUNDS_NOT_AVAILABLE,insufficient_funds,1,2026-06-17 23:09:16.033923
PAY_003511,CUST_01326,8605.46,upi,successful,,,1,2026-08-10 00:49:16.033923
PAY_003512,CUST_01483,1066.4,upi,successful,,,1,2026-08-23 18:14:16.033923
PAY_003513,CUST_01673,29020.78,upi,successful,,,1,2026-08-05 18:10:16.033923
PAY_003514,CUST_00785,30959.26,card,failed,UNKNOWN_ERROR,unknown_failure,1,2026-08-20 22:15:16.033923
PAY_003515,CUST_00007,36536.09,upi,successful,,,1,2026-06-03 23:40:16.033923
PAY_003516,CUST_01298,46302.73,card,failed,INSUFFICIENT_BALANCE,insufficient_funds,1,2026-08-23 23:19:16.033923
PAY_003517,CUST_01156,40220.65,card,failed,BANK_SERVICE_UNAVAILABLE,temporary_bank_failure,1,2026-07-19 12:52:16.033923
PAY_003518,CUST_00642,9342.37,upi,successful,,,1,2026-08-19 06:18:16.033923
PAY_003519,CUST_01403,4931.08,upi,successful,,,1,2026-08-25 14:17:16.033923
PAY_003520,CUST_01960,23509.3,upi,successful,,,1,2026-07-16 05:32:16.033923
PAY_003521,CUST_01408,3190.99,card,successful,,,1,2026-07-16 03:38:16.033923
PAY_003522,CUST_01011,11187.42,upi,successful,,,1,2026-06-13 18:22:16.033923
PAY_003523,CUST_01680,11765.14,card,successful,,,2,2026-06-17 22:54:16.033923
PAY_003524,CUST_00179,33946.86,card,successful,,,1,2026-08-22 10:11:16.033923
PAY_003525,CUST_01411,66319.81,netbanking,successful,,,1,2026-07-16 06:01:16.033923
PAY_003526,CUST_00794,30492.05,netbanking,successful,,,1,2026-06-23 00:27:16.033923
PAY_003527,CUST_00858,12912.41,card,successful,,,1,2026-08-23 15:04:16.033923
PAY_003528,CUST_01600,7964.1,netbanking,successful,,,1,2026-08-12 10:23:16.033923
PAY_003529,CUST_00367,34221.88,upi,successful,,,1,2026-07-21 10:47:16.033923
PAY_003530,CUST_00145,3986.78,upi,failed,INSTRUMENT_BLOCKED,blocked_instrument,1,2026-06-13 17:48:16.033923
PAY_003531,CUST_00721,81008.59,upi,successful,,,1,2026-06-14 14:52:16.033923
PAY_003532,CUST_00584,21859.74,upi,successful,,,1,2026-08-02 06:21:16.033923
PAY_003533,CUST_00903,43892.75,card,failed,INSUFFICIENT_BALANCE,insufficient_funds,1,2026-05-29 07:45:16.033923
PAY_003534,CUST_00978,13520.36,upi,successful,,,1,2026-06-14 16:27:16.033923
PAY_003535,CUST_01168,75929.58,card,successful,,,2,2026-06-07 17:16:16.033923
PAY_003536,CUST_01917,33048.66,netbanking,successful,,,2,2026-07-16 07:33:16.035151
PAY_003537,CUST_00249,24194.19,upi,successful,,,1,2026-07-12 07:27:16.035151
PAY_003538,CUST_00963,33146.85,card,successful,,,1,2026-07-20 14:52:16.035151
PAY_003539,CUST_01860,16998.69,upi,successful,,,1,2026-08-18 15:57:16.035151
PAY_003540,CUST_00817,6901.69,upi,successful,,,1,2026-07-12 19:21:16.035151
PAY_003541,CUST_00574,3489.18,upi,failed,CUSTOMER_AUTH_FAILED,authentication_failed,1,2026-05-31 12:12:16.035151
PAY_003542,CUST_00685,12992.05,upi,failed,PROCESSING_TIMEOUT,timeout,1,2026-07-12 00:52:16.035151
PAY_003543,CUST_00119,18671.29,netbanking,failed,INSTRUMENT_EXPIRED,expired_instrument,1,2026-07-23 05:01:16.035151
PAY_003544,CUST_00539,46829.35,upi,failed,BANK_TEMPORARY_ERROR,temporary_bank_failure,2,2026-08-18 14:00:16.035151
PAY_003545,CUST_00109,98749.54,card,successful,,,1,2026-06-09 20:31:16.035151
PAY_003546,CUST_01043,8288.79,upi,successful,,,1,2026-08-21 04:28:16.035151
PAY_003547,CUST_01462,9935.21,card,successful,,,1,2026-07-24 07:56:16.035151
PAY_003548,CUST_01368,15354.14,card,successful,,,1,2026-06-08 15:20:16.035151
PAY_003549,CUST_00687,17184.6,upi,successful,,,1,2026-08-02 17:34:16.035151
PAY_003550,CUST_00735,1922.74,upi,successful,,,1,2026-06-29 20:33:16.035151
PAY_003551,CUST_00553,22001.02,netbanking,successful,,,1,2026-06-16 22:43:16.035151
PAY_003552,CUST_01824,27958.69,upi,failed,CARD_BLOCKED,blocked_instrument,1,2026-08-12 13:18:16.035151
PAY_003553,CUST_01498,9726.72,netbanking,failed,TRANSACTION_LIMIT_EXCEEDED,limit_exceeded,1,2026-07-19 05:22:16.035151
PAY_003554,CUST_00137,17929.42,upi,successful,,,1,2026-07-09 02:35:16.035151
PAY_003555,CUST_00924,26973.0,upi,successful,,,1,2026-06-11 23:57:16.035151
PAY_003556,CUST_00105,91422.52,upi,successful,,,2,2026-07-07 23:05:16.035151
PAY_003557,CUST_00533,23316.43,upi,failed,NETWORK_TIMEOUT,timeout,1,2026-08-18 18:53:16.035151
PAY_003558,CUST_01125,43193.13,upi,successful,,,1,2026-06-22 03:45:16.035151
PAY_003559,CUST_01155,29092.35,card,successful,,,1,2026-08-01 16:13:16.035151
PAY_003560,CUST_00763,11393.49,upi,successful,,,2,2026-08-14 12:42:16.035151
PAY_003561,CUST_01452,21694.46,card,failed,BANK_TEMPORARY_ERROR,temporary_bank_failure,1,2026-06-15 14:15:16.036252
PAY_003562,CUST_00760,25687.01,upi,successful,,,1,2026-08-01 18:25:16.036252
PAY_003563,CUST_01896,2262.6,upi,failed,UNSPECIFIED_DECLINE,expired_instrument,2,2026-07-05 00:59:16.036252
PAY_003564,CUST_01729,22750.67,upi,successful,,,1,2026-08-19 23:53:16.036252
PAY_003565,CUST_01145,5564.93,upi,successful,,,1,2026-08-19 16:02:16.036252
PAY_003566,CUST_00895,35582.25,netbanking,successful,,,1,2026-07-06 17:40:16.036252
PAY_003567,CUST_00228,77577.79,netbanking,successful,,,1,2026-06-11 07:47:16.036252
PAY_003568,CUST_00614,5394.41,upi,successful,,,1,2026-08-04 15:27:16.036252
PAY_003569,CUST_00455,11981.45,upi,failed,CUSTOMER_AUTH_FAILED,authentication_failed,1,2026-07-12 11:08:16.036252
PAY_003570,CUST_01532,16682.06,card,successful,,,1,2026-06-08 04:13:16.036252
PAY_003571,CUST_01230,35014.58,netbanking,successful,,,1,2026-06-27 13:03:16.036252
PAY_003572,CUST_00483,21745.34,card,successful,,,1,2026-07-25 21:35:16.036252
PAY_003573,CUST_01103,19718.98,upi,successful,,,1,2026-08-14 16:25:16.036252
PAY_003574,CUST_01925,33990.54,upi,successful,,,2,2026-06-10 23:32:16.036252
PAY_003575,CUST_00977,47258.42,card,successful,,,1,2026-07-30 19:43:16.036252
PAY_003576,CUST_01084,2605.1,card,successful,,,1,2026-08-03 07:23:16.036252
PAY_003577,CUST_00357,2332.95,upi,successful,,,1,2026-07-19 22:50:16.036252
PAY_003578,CUST_00033,34417.73,upi,successful,,,1,2026-05-29 01:22:16.036252
PAY_003579,CUST_00341,2697.41,upi,successful,,,1,2026-07-11 08:24:16.036252
PAY_003580,CUST_00237,15044.09,upi,successful,,,1,2026-07-19 09:42:16.036252
PAY_003581,CUST_00317,8081.95,netbanking,successful,,,1,2026-08-25 20:30:16.036252
PAY_003582,CUST_00087,19123.32,card,failed,CUSTOMER_AUTH_FAILED,authentication_failed,1,2026-07-16 14:03:16.036252
PAY_003583,CUST_01538,85027.21,card,successful,,,2,2026-06-19 12:56:16.036252
PAY_003584,CUST_00460,43249.74,upi,failed,UNKNOWN_ERROR,unknown_failure,1,2026-08-22 19:44:16.036252
PAY_003585,CUST_01210,14882.52,upi,successful,,,1,2026-06-20 04:29:16.036252
PAY_003586,CUST_01156,35995.36,card,successful,,,1,2026-08-14 16:02:16.037350
PAY_003587,CUST_01855,39665.96,upi,failed,LIMIT_EXCEEDED,limit_exceeded,1,2026-07-23 23:15:16.037350
PAY_003588,CUST_00226,23415.79,netbanking,successful,,,1,2026-08-20 07:33:16.037350
PAY_003589,CUST_01665,39359.97,netbanking,successful,,,2,2026-06-28 01:07:16.037350
PAY_003590,CUST_00267,36172.87,card,successful,,,1,2026-08-23 01:35:16.037350
PAY_003591,CUST_01406,4755.02,upi,successful,,,1,2026-06-26 14:48:16.037350
PAY_003592,CUST_01821,26388.84,card,successful,,,1,2026-07-09 01:06:16.037350
PAY_003593,CUST_00439,15300.36,upi,successful,,,1,2026-06-27 10:48:16.037350
PAY_003594,CUST_01916,96231.34,card,failed,BANK_SERVICE_UNAVAILABLE,temporary_bank_failure,1,2026-07-20 15:56:16.037350
PAY_003595,CUST_01367,14248.51,card,successful,,,1,2026-08-04 14:36:16.037350
PAY_003596,CUST_01064,31566.01,upi,failed,FUNDS_NOT_AVAILABLE,insufficient_funds,2,2026-08-19 16:51:16.037350
PAY_003597,CUST_00494,83746.45,netbanking,successful,,,1,2026-08-15 02:17:16.037350
PAY_003598,CUST_01166,28258.3,upi,failed,UNSPECIFIED_DECLINE,insufficient_funds,1,2026-06-18 14:29:16.037350
PAY_003599,CUST_00595,35520.9,upi,successful,,,1,2026-07-10 21:10:16.037350
PAY_003600,CUST_00245,29096.4,card,successful,,,1,2026-07-17 14:31:16.037350
PAY_003601,CUST_00996,24546.4,upi,successful,,,1,2026-07-09 01:00:16.037350
PAY_003602,CUST_00586,2328.08,card,successful,,,1,2026-08-14 02:05:16.037350
PAY_003603,CUST_00971,15415.02,upi,successful,,,1,2026-08-17 07:14:16.037350
PAY_003604,CUST_00749,4821.89,upi,successful,,,1,2026-07-16 14:03:16.037350
PAY_003605,CUST_00554,26521.82,upi,successful,,,1,2026-06-24 02:05:16.037350
PAY_003606,CUST_01467,13052.2,card,successful,,,1,2026-06-18 20:18:16.037350
PAY_003607,CUST_01898,31262.55,card,successful,,,1,2026-06-25 10:38:16.037350
PAY_003608,CUST_00691,37933.38,card,successful,,,1,2026-06-19 04:52:16.037350
PAY_003609,CUST_01299,2466.57,upi,successful,,,1,2026-07-19 05:24:16.037350
PAY_003610,CUST_00594,9394.01,upi,successful,,,1,2026-06-25 06:24:16.037350
PAY_003611,CUST_01762,27485.78,upi,successful,,,2,2026-06-29 23:27:16.037350
PAY_003612,CUST_01774,17955.42,card,failed,CUSTOMER_AUTH_FAILED,authentication_failed,2,2026-07-03 03:11:16.038451
PAY_003613,CUST_01501,637.95,upi,successful,,,1,2026-07-29 03:17:16.038451
PAY_003614,CUST_01041,15125.34,netbanking,successful,,,1,2026-05-27 18:39:16.038451
PAY_003615,CUST_01128,42912.86,upi,successful,,,1,2026-06-02 01:51:16.038451
PAY_003616,CUST_01923,41810.88,upi,successful,,,1,2026-06-08 09:21:16.038451
PAY_003617,CUST_01702,47985.49,card,successful,,,1,2026-08-07 10:48:16.038451
PAY_003618,CUST_00364,74690.88,card,successful,,,2,2026-06-01 19:54:16.038451
PAY_003619,CUST_00894,1419.44,card,successful,,,1,2026-05-30 15:10:16.038451
PAY_003620,CUST_01892,24258.32,upi,successful,,,1,2026-08-03 03:43:16.038451
PAY_003621,CUST_01920,18006.8,upi,successful,,,1,2026-07-10 23:36:16.038451
PAY_003622,CUST_00349,10325.88,upi,failed,PROCESSING_TIMEOUT,timeout,1,2026-07-16 02:53:16.038451
PAY_003623,CUST_01772,45750.27,card,successful,,,1,2026-06-03 05:51:16.038451
PAY_003624,CUST_01770,36009.75,upi,successful,,,1,2026-07-24 00:47:16.038451
PAY_003625,CUST_01082,44255.23,netbanking,successful,,,1,2026-08-07 07:39:16.038451
PAY_003626,CUST_01030,26458.06,card,successful,,,1,2026-08-21 17:27:16.038451
PAY_003627,CUST_00486,29894.22,upi,successful,,,1,2026-08-05 09:22:16.038451
PAY_003628,CUST_00829,30462.49,upi,successful,,,2,2026-08-14 16:17:16.038451
PAY_003629,CUST_00524,23422.06,upi,failed,POLICY_DECLINED,risk_decline,1,2026-06-05 05:42:16.038451
PAY_003630,CUST_01292,26554.86,netbanking,successful,,,1,2026-07-13 17:44:16.038451
PAY_003631,CUST_01703,63204.49,card,successful,,,1,2026-08-13 09:06:16.038451
PAY_003632,CUST_01276,82998.47,upi,successful,,,1,2026-06-28 15:45:16.038451
PAY_003633,CUST_01608,2462.04,card,successful,,,1,2026-07-24 13:57:16.038451
PAY_003634,CUST_01965,14710.21,upi,failed,BANK_TEMPORARY_ERROR,temporary_bank_failure,1,2026-08-07 05:38:16.038451
PAY_003635,CUST_01889,1220.68,upi,successful,,,1,2026-07-17 00:04:16.038451
PAY_003636,CUST_01693,30732.65,netbanking,successful,,,1,2026-05-27 21:49:16.038451
PAY_003637,CUST_01270,47277.72,upi,successful,,,2,2026-06-23 09:28:16.038451
PAY_003638,CUST_00350,8554.15,card,successful,,,1,2026-06-19 23:26:16.039598
PAY_003639,CUST_01663,5082.55,upi,successful,,,1,2026-06-17 14:59:16.039598
PAY_003640,CUST_01875,86461.25,upi,successful,,,1,2026-06-07 04:47:16.039598
PAY_003641,CUST_01262,6633.13,upi,successful,,,2,2026-08-04 01:32:16.039598
PAY_003642,CUST_01317,47232.81,upi,successful,,,1,2026-06-26 01:29:16.039598
PAY_003643,CUST_00179,42013.19,upi,failed,INSTRUMENT_EXPIRED,expired_instrument,1,2026-05-30 11:42:16.039598
PAY_003644,CUST_01944,32737.7,upi,successful,,,1,2026-07-26 08:35:16.039598
PAY_003645,CUST_00788,18531.65,card,successful,,,1,2026-06-29 07:58:16.039598
PAY_003646,CUST_01669,8961.29,upi,failed,LIMIT_EXCEEDED,limit_exceeded,1,2026-07-22 03:28:16.039598
PAY_003647,CUST_00832,70524.66,netbanking,successful,,,1,2026-08-06 13:27:16.039598
PAY_003648,CUST_00282,2612.92,netbanking,successful,,,1,2026-06-21 00:59:16.039598
PAY_003649,CUST_01935,40180.23,netbanking,successful,,,1,2026-06-11 15:39:16.039598
PAY_003650,CUST_00143,16604.78,upi,successful,,,1,2026-07-06 01:26:16.039598
PAY_003651,CUST_00297,26921.28,netbanking,successful,,,1,2026-06-04 22:19:16.039598
PAY_003652,CUST_01161,20836.1,upi,successful,,,1,2026-08-02 16:31:16.039598
PAY_003653,CUST_00985,24983.04,upi,successful,,,2,2026-08-10 01:59:16.039598
PAY_003654,CUST_01608,37618.4,card,successful,,,1,2026-06-07 21:55:16.039598
PAY_003655,CUST_01571,14061.1,card,successful,,,1,2026-06-03 06:12:16.039598
PAY_003656,CUST_01154,22688.37,netbanking,successful,,,1,2026-08-07 12:25:16.039598
PAY_003657,CUST_00481,71313.07,upi,successful,,,1,2026-06-10 14:28:16.039598
PAY_003658,CUST_01116,48229.73,netbanking,successful,,,1,2026-06-20 15:22:16.039598
PAY_003659,CUST_00704,30800.51,netbanking,successful,,,1,2026-05-29 13:46:16.039598
PAY_003660,CUST_01198,11478.89,upi,successful,,,1,2026-06-27 12:19:16.039598
PAY_003661,CUST_00263,46722.28,upi,successful,,,2,2026-06-20 20:26:16.039598
PAY_003662,CUST_00095,7659.79,netbanking,successful,,,1,2026-06-09 06:53:16.039598
PAY_003663,CUST_00130,16620.0,card,successful,,,1,2026-06-15 01:51:16.039598
PAY_003664,CUST_00759,62507.65,upi,successful,,,1,2026-06-05 12:32:16.040691
PAY_003665,CUST_01513,6323.37,upi,successful,,,1,2026-08-07 01:32:16.040691
PAY_003666,CUST_01907,23827.23,upi,successful,,,1,2026-06-09 10:46:16.040691
PAY_003667,CUST_00418,9449.25,card,successful,,,1,2026-07-05 13:11:16.040691
PAY_003668,CUST_00365,43939.44,netbanking,successful,,,1,2026-07-01 07:26:16.040691
PAY_003669,CUST_00787,33478.07,upi,successful,,,1,2026-07-16 17:42:16.040691
PAY_003670,CUST_00396,36968.54,card,successful,,,1,2026-08-25 00:06:16.040691
PAY_003671,CUST_00807,11015.48,upi,successful,,,1,2026-06-11 04:55:16.040691
PAY_003672,CUST_00679,4078.76,upi,successful,,,2,2026-05-31 10:14:16.040691
PAY_003673,CUST_01298,17631.9,card,successful,,,1,2026-06-27 14:14:16.040691
PAY_003674,CUST_01465,31459.75,netbanking,failed,INSUFFICIENT_BALANCE,insufficient_funds,1,2026-07-27 06:11:16.040691
PAY_003675,CUST_00185,12801.63,upi,failed,FUNDS_NOT_AVAILABLE,insufficient_funds,1,2026-05-29 06:41:16.040691
PAY_003676,CUST_01059,43339.85,upi,successful,,,2,2026-08-03 17:13:16.040691
PAY_003677,CUST_01704,7247.0,netbanking,successful,,,1,2026-06-21 01:20:16.040691
PAY_003678,CUST_01695,19375.77,card,failed,INSUFFICIENT_BALANCE,insufficient_funds,1,2026-06-28 21:11:16.040691
PAY_003679,CUST_00564,10333.24,netbanking,successful,,,1,2026-05-31 20:28:16.040691
PAY_003680,CUST_01498,24764.69,card,successful,,,1,2026-07-31 14:28:16.040691
PAY_003681,CUST_01547,4354.3,upi,successful,,,3,2026-06-10 02:03:16.040691
PAY_003682,CUST_00618,27372.51,netbanking,failed,UNSPECIFIED_DECLINE,unknown_failure,1,2026-06-19 20:24:16.040691
PAY_003683,CUST_00674,10565.09,upi,successful,,,1,2026-07-04 02:21:16.040691
PAY_003684,CUST_01596,41524.27,netbanking,failed,TRANSACTION_LIMIT_EXCEEDED,limit_exceeded,1,2026-07-02 10:49:16.040691
PAY_003685,CUST_01384,18529.59,upi,successful,,,1,2026-07-19 22:56:16.040691
PAY_003686,CUST_00540,47762.17,card,failed,PROCESSING_TIMEOUT,timeout,1,2026-05-31 16:42:16.040691
PAY_003687,CUST_01436,17482.29,netbanking,successful,,,1,2026-06-01 06:18:16.040691
PAY_003688,CUST_00900,35770.93,upi,successful,,,2,2026-06-08 17:20:16.041793
PAY_003689,CUST_01988,27145.22,upi,successful,,,1,2026-05-30 00:02:16.041793
PAY_003690,CUST_01162,36867.09,upi,successful,,,1,2026-08-10 06:15:16.041793
PAY_003691,CUST_01465,48957.34,upi,successful,,,2,2026-06-04 19:36:16.041793
PAY_003692,CUST_01864,45577.91,upi,successful,,,2,2026-06-13 08:41:16.041793
PAY_003693,CUST_00739,22245.07,upi,successful,,,1,2026-06-10 05:54:16.041793
PAY_003694,CUST_00993,15484.1,upi,successful,,,1,2026-06-04 17:15:16.041793
PAY_003695,CUST_00113,41057.99,card,successful,,,1,2026-07-05 22:33:16.041793
PAY_003696,CUST_00117,37469.0,upi,failed,BANK_TEMPORARY_ERROR,temporary_bank_failure,1,2026-08-13 03:42:16.041793
PAY_003697,CUST_00989,18734.02,upi,failed,FUNDS_NOT_AVAILABLE,insufficient_funds,1,2026-06-16 12:09:16.041793
PAY_003698,CUST_01259,29616.47,card,successful,,,1,2026-08-17 09:18:16.041793
PAY_003699,CUST_00718,76768.07,card,successful,,,1,2026-08-08 05:52:16.041793
PAY_003700,CUST_01975,31701.2,upi,successful,,,1,2026-07-14 18:27:16.041793
PAY_003701,CUST_00868,22937.83,card,successful,,,1,2026-06-14 05:28:16.041793
PAY_003702,CUST_01652,45743.0,card,successful,,,2,2026-07-06 21:26:16.041793
PAY_003703,CUST_01853,31172.31,netbanking,failed,RISK_DECLINED,risk_decline,1,2026-07-12 23:48:16.041793
PAY_003704,CUST_01841,22941.27,card,successful,,,1,2026-06-10 13:47:16.041793
PAY_003705,CUST_00593,9946.79,upi,failed,UNSPECIFIED_DECLINE,timeout,1,2026-06-20 14:07:16.041793
PAY_003706,CUST_00275,41289.16,upi,successful,,,1,2026-08-01 08:07:16.041793
PAY_003707,CUST_01716,27414.49,upi,successful,,,1,2026-05-28 23:56:16.041793
PAY_003708,CUST_01633,89757.33,upi,successful,,,1,2026-07-22 11:59:16.041793
PAY_003709,CUST_00876,46861.46,card,successful,,,2,2026-07-13 07:21:16.041793
PAY_003710,CUST_01580,49535.95,upi,failed,TRANSACTION_LIMIT_EXCEEDED,limit_exceeded,1,2026-08-19 09:06:16.041793
PAY_003711,CUST_00029,41797.49,netbanking,successful,,,1,2026-07-22 18:46:16.041793
PAY_003712,CUST_01845,33223.8,upi,successful,,,1,2026-07-06 03:17:16.041793
PAY_003713,CUST_00441,37093.69,card,successful,,,1,2026-08-19 13:10:16.042895
PAY_003714,CUST_01196,15409.05,card,successful,,,1,2026-06-22 06:46:16.042895
PAY_003715,CUST_00459,18593.47,upi,successful,,,1,2026-07-07 01:55:16.042895
PAY_003716,CUST_01872,2276.84,upi,successful,,,1,2026-08-08 17:10:16.042895
PAY_003717,CUST_00630,8876.89,upi,successful,,,1,2026-08-24 14:29:16.042895
PAY_003718,CUST_01359,35695.08,upi,successful,,,1,2026-06-11 20:22:16.042895
PAY_003719,CUST_00867,16236.67,netbanking,successful,,,1,2026-08-12 17:57:16.042895
PAY_003720,CUST_00126,29844.27,netbanking,successful,,,2,2026-05-31 10:41:16.042895
PAY_003721,CUST_01398,33941.95,netbanking,successful,,,1,2026-08-09 00:38:16.042895
PAY_003722,CUST_01731,2888.93,upi,successful,,,1,2026-07-04 15:30:16.042895
PAY_003723,CUST_00837,21396.68,upi,successful,,,1,2026-07-07 19:05:16.042895
PAY_003724,CUST_00355,37242.31,upi,successful,,,2,2026-08-18 02:02:16.042895
PAY_003725,CUST_00413,37330.02,netbanking,successful,,,2,2026-06-25 23:00:16.042895
PAY_003726,CUST_00998,31605.47,upi,failed,BANK_SERVICE_UNAVAILABLE,temporary_bank_failure,1,2026-08-13 08:11:16.042895
PAY_003727,CUST_00121,600.05,netbanking,successful,,,1,2026-06-02 23:20:16.042895
PAY_003728,CUST_00957,27825.3,card,failed,BANK_SERVICE_UNAVAILABLE,temporary_bank_failure,1,2026-05-31 15:19:16.042895
PAY_003729,CUST_01514,45278.38,upi,successful,,,1,2026-08-19 04:58:16.042895
PAY_003730,CUST_01254,6385.64,upi,successful,,,1,2026-06-30 14:18:16.042895
PAY_003731,CUST_01332,20460.49,netbanking,successful,,,1,2026-08-17 19:49:16.042895
PAY_003732,CUST_01237,18069.25,upi,failed,RISK_DECLINED,risk_decline,1,2026-06-23 08:50:16.042895
PAY_003733,CUST_00554,20140.56,upi,failed,BANK_TEMPORARY_ERROR,temporary_bank_failure,1,2026-06-09 08:38:16.042895
PAY_003734,CUST_01925,43215.59,upi,successful,,,1,2026-07-11 04:11:16.042895
PAY_003735,CUST_01467,28282.34,card,successful,,,1,2026-07-26 12:30:16.042895
PAY_003736,CUST_00013,30102.71,card,successful,,,1,2026-06-07 04:20:16.042895
PAY_003737,CUST_00432,12286.26,upi,failed,BANK_TEMPORARY_ERROR,temporary_bank_failure,1,2026-07-13 05:30:16.044031
PAY_003738,CUST_01209,5587.72,upi,successful,,,1,2026-08-15 10:15:16.044031
PAY_003739,CUST_00034,13072.57,upi,successful,,,1,2026-07-08 05:13:16.044031
PAY_003740,CUST_00534,21890.79,upi,successful,,,1,2026-06-18 19:50:16.044031
PAY_003741,CUST_01679,681.06,card,successful,,,1,2026-07-19 02:52:16.044031
PAY_003742,CUST_01304,10952.6,netbanking,failed,BANK_SERVICE_UNAVAILABLE,temporary_bank_failure,1,2026-08-04 07:04:16.044031
PAY_003743,CUST_01822,38749.75,netbanking,failed,CARD_EXPIRED,expired_instrument,1,2026-07-17 01:10:16.044031
PAY_003744,CUST_00157,42893.67,netbanking,successful,,,1,2026-07-31 05:01:16.044031
PAY_003745,CUST_00652,41791.61,card,successful,,,1,2026-07-31 07:24:16.044031
PAY_003746,CUST_00962,45454.47,card,successful,,,1,2026-06-20 14:09:16.044031
PAY_003747,CUST_01110,36818.42,upi,failed,UNSPECIFIED_DECLINE,unknown_failure,1,2026-06-19 18:06:16.044031
PAY_003748,CUST_00129,2612.47,upi,successful,,,2,2026-07-12 10:22:16.044031
PAY_003749,CUST_00013,66204.88,upi,failed,INSTRUMENT_EXPIRED,expired_instrument,2,2026-08-20 03:02:16.044031
PAY_003750,CUST_01045,23128.71,card,successful,,,1,2026-05-31 18:57:16.044031
PAY_003751,CUST_00184,36458.8,upi,successful,,,1,2026-08-24 21:31:16.044031
PAY_003752,CUST_00386,17179.12,upi,successful,,,1,2026-07-31 18:40:16.044031
PAY_003753,CUST_00492,1554.95,upi,successful,,,1,2026-08-19 23:53:16.044031
PAY_003754,CUST_01780,24340.32,card,successful,,,2,2026-06-06 12:13:16.044031
PAY_003755,CUST_01224,82657.97,upi,successful,,,1,2026-07-25 09:19:16.044031
PAY_003756,CUST_01219,37038.39,upi,successful,,,1,2026-08-07 07:10:16.044031
PAY_003757,CUST_00628,23001.64,upi,successful,,,1,2026-05-30 00:28:16.044031
PAY_003758,CUST_00279,17168.98,card,successful,,,1,2026-06-12 07:03:16.044031
PAY_003759,CUST_00788,1030.66,card,successful,,,1,2026-08-20 22:17:16.044031
PAY_003760,CUST_01343,36890.83,card,successful,,,2,2026-06-09 02:13:16.045043
PAY_003761,CUST_01384,3616.57,upi,successful,,,1,2026-05-27 11:29:16.045043
PAY_003762,CUST_00308,4618.78,card,failed,UNSPECIFIED_DECLINE,risk_decline,1,2026-07-21 11:52:16.045043
PAY_003763,CUST_00536,82590.73,upi,failed,CARD_EXPIRED,expired_instrument,1,2026-06-18 11:51:16.045043
PAY_003764,CUST_00493,23038.97,upi,failed,AUTHENTICATION_FAILED,authentication_failed,1,2026-07-31 10:05:16.045043
PAY_003765,CUST_00301,6136.4,upi,failed,FUNDS_NOT_AVAILABLE,insufficient_funds,1,2026-08-19 16:30:16.045043
PAY_003766,CUST_00328,10809.33,card,failed,BANK_TEMPORARY_ERROR,temporary_bank_failure,2,2026-06-19 12:20:16.045043
PAY_003767,CUST_00209,7889.3,card,successful,,,1,2026-06-06 19:53:16.045043
PAY_003768,CUST_01349,69338.19,card,successful,,,1,2026-07-08 12:05:16.045043
PAY_003769,CUST_01910,19918.41,upi,successful,,,1,2026-06-19 20:12:16.045043
PAY_003770,CUST_00927,16517.38,upi,successful,,,1,2026-06-18 05:23:16.045043
PAY_003771,CUST_00768,39634.14,netbanking,successful,,,2,2026-06-04 13:17:16.045043
PAY_003772,CUST_00585,58949.27,upi,successful,,,1,2026-08-23 13:24:16.045043
PAY_003773,CUST_01723,62967.91,upi,failed,INSTRUMENT_EXPIRED,expired_instrument,1,2026-07-09 15:04:16.045043
PAY_003774,CUST_01765,12442.71,card,successful,,,2,2026-07-23 01:14:16.045043
PAY_003775,CUST_00571,35646.52,upi,successful,,,1,2026-08-02 05:55:16.045043
PAY_003776,CUST_00952,48880.66,upi,successful,,,1,2026-06-14 00:40:16.045043
PAY_003777,CUST_01386,8704.31,upi,successful,,,1,2026-06-22 04:55:16.045043
PAY_003778,CUST_01958,18978.9,upi,successful,,,1,2026-07-05 22:15:16.045043
PAY_003779,CUST_00845,14141.99,upi,failed,UNSPECIFIED_DECLINE,temporary_bank_failure,1,2026-06-06 20:37:16.045043
PAY_003780,CUST_00349,13815.3,upi,successful,,,1,2026-07-27 12:32:16.045043
PAY_003781,CUST_01819,9677.77,upi,successful,,,1,2026-06-08 13:32:16.045043
PAY_003782,CUST_00726,28220.62,card,successful,,,1,2026-07-07 23:25:16.045043
PAY_003783,CUST_00040,33858.84,upi,successful,,,1,2026-08-01 04:13:16.045043
PAY_003784,CUST_01392,15185.24,netbanking,successful,,,1,2026-07-12 23:06:16.045043
PAY_003785,CUST_00114,13131.34,card,successful,,,1,2026-06-29 19:52:16.045043
PAY_003786,CUST_01776,44471.87,netbanking,failed,NETWORK_TIMEOUT,timeout,1,2026-07-22 06:21:16.045043
PAY_003787,CUST_00628,3659.88,netbanking,failed,BANK_TEMPORARY_ERROR,temporary_bank_failure,1,2026-06-08 19:06:16.045043
PAY_003788,CUST_00636,26519.7,upi,successful,,,1,2026-07-29 11:16:16.045043
PAY_003789,CUST_01077,579.71,card,successful,,,2,2026-08-06 07:18:16.045043
PAY_003790,CUST_00613,36411.37,upi,successful,,,1,2026-08-02 16:12:16.046439
PAY_003791,CUST_00733,13320.28,upi,failed,PROCESSING_TIMEOUT,timeout,1,2026-07-22 03:40:16.046439
PAY_003792,CUST_00222,8262.48,card,successful,,,1,2026-07-17 20:11:16.046439
PAY_003793,CUST_00640,45904.36,upi,successful,,,1,2026-08-18 02:49:16.046439
PAY_003794,CUST_01365,5642.3,card,successful,,,1,2026-07-31 01:42:16.046439
PAY_003795,CUST_01365,7906.34,upi,successful,,,1,2026-08-10 01:45:16.046439
PAY_003796,CUST_01794,2524.66,upi,successful,,,1,2026-07-16 07:53:16.046439
PAY_003797,CUST_01285,49514.1,upi,successful,,,1,2026-08-12 13:28:16.046439
PAY_003798,CUST_01539,41408.01,upi,successful,,,1,2026-06-23 23:32:16.046439
PAY_003799,CUST_00536,42570.35,upi,successful,,,1,2026-06-07 15:07:16.046439
PAY_003800,CUST_01698,25943.27,card,successful,,,2,2026-07-07 07:39:16.046439
PAY_003801,CUST_01073,90295.61,upi,successful,,,1,2026-06-18 10:31:16.046439
PAY_003802,CUST_00708,42082.24,netbanking,successful,,,1,2026-07-01 10:59:16.046439
PAY_003803,CUST_01789,21047.57,card,failed,BANK_SERVICE_UNAVAILABLE,temporary_bank_failure,2,2026-06-04 00:17:16.046439
PAY_003804,CUST_00549,39365.21,netbanking,failed,BANK_SERVICE_UNAVAILABLE,temporary_bank_failure,1,2026-08-17 15:34:16.046439
PAY_003805,CUST_00413,39795.78,card,successful,,,1,2026-07-14 19:55:16.046439
PAY_003806,CUST_01650,38605.53,upi,successful,,,1,2026-08-06 18:24:16.046439
PAY_003807,CUST_00763,1150.7,upi,successful,,,1,2026-08-12 11:33:16.046439
PAY_003808,CUST_01769,8848.11,netbanking,failed,FUNDS_NOT_AVAILABLE,insufficient_funds,1,2026-06-09 05:36:16.046439
PAY_003809,CUST_01830,36965.61,netbanking,successful,,,2,2026-08-03 23:08:16.046439
PAY_003810,CUST_01348,75546.07,upi,successful,,,1,2026-08-08 09:41:16.046439
PAY_003811,CUST_01709,13927.35,upi,successful,,,1,2026-07-26 17:37:16.046439
PAY_003812,CUST_00049,12354.3,upi,successful,,,1,2026-06-29 16:02:16.046439
PAY_003813,CUST_00323,44681.55,netbanking,successful,,,1,2026-08-02 14:20:16.046439
PAY_003814,CUST_00350,17729.38,netbanking,failed,BANK_SERVICE_UNAVAILABLE,temporary_bank_failure,1,2026-07-12 18:41:16.046439
PAY_003815,CUST_01384,15183.56,netbanking,successful,,,1,2026-08-03 22:29:16.047537
PAY_003816,CUST_01053,16016.65,card,failed,,authentication_failed,1,2026-07-27 02:27:16.047537
PAY_003817,CUST_01674,30184.93,netbanking,successful,,,1,2026-06-21 17:25:16.047537
PAY_003818,CUST_00877,36471.29,card,successful,,,2,2026-08-13 16:17:16.047537
PAY_003819,CUST_01625,38184.43,upi,successful,,,1,2026-06-22 09:12:16.047537
PAY_003820,CUST_00416,36437.33,upi,successful,,,1,2026-07-01 07:16:16.047537
PAY_003821,CUST_01795,11646.61,upi,failed,FUNDS_NOT_AVAILABLE,insufficient_funds,1,2026-08-02 02:03:16.047537
PAY_003822,CUST_01158,6795.33,card,failed,INSUFFICIENT_BALANCE,insufficient_funds,1,2026-06-29 03:02:16.047537
PAY_003823,CUST_01337,20991.44,upi,successful,,,1,2026-06-25 16:58:16.047537
PAY_003824,CUST_01097,22681.42,upi,successful,,,1,2026-07-28 19:10:16.047537
PAY_003825,CUST_00182,16041.87,upi,failed,NETWORK_TIMEOUT,timeout,1,2026-05-27 05:02:16.047537
PAY_003826,CUST_00880,8984.58,upi,successful,,,1,2026-06-17 14:15:16.047537
PAY_003827,CUST_01005,44242.13,card,failed,PROCESSING_TIMEOUT,timeout,1,2026-07-20 05:08:16.047537
PAY_003828,CUST_01409,4930.93,upi,successful,,,1,2026-06-02 11:18:16.047537
PAY_003829,CUST_01496,25976.14,upi,successful,,,1,2026-07-06 12:35:16.047537
PAY_003830,CUST_00760,12301.02,card,successful,,,2,2026-07-20 23:08:16.047537
PAY_003831,CUST_01301,7408.55,upi,failed,CARD_EXPIRED,expired_instrument,1,2026-08-11 03:14:16.047537
PAY_003832,CUST_01541,2067.05,upi,failed,POLICY_DECLINED,risk_decline,1,2026-08-18 10:55:16.047537
PAY_003833,CUST_00615,3929.36,card,failed,LIMIT_EXCEEDED,limit_exceeded,2,2026-07-30 03:45:16.047537
PAY_003834,CUST_00872,40582.62,upi,successful,,,1,2026-07-01 12:06:16.047537
PAY_003835,CUST_00961,23491.73,upi,successful,,,1,2026-06-05 03:23:16.047537
PAY_003836,CUST_00032,34879.02,netbanking,successful,,,1,2026-07-17 00:55:16.047537
PAY_003837,CUST_00151,48112.66,upi,successful,,,2,2026-06-13 09:38:16.047537
PAY_003838,CUST_01550,40639.07,card,successful,,,1,2026-06-14 21:17:16.047537
PAY_003839,CUST_01938,16592.23,upi,successful,,,2,2026-06-07 19:57:16.048637
PAY_003840,CUST_01818,29359.22,upi,successful,,,1,2026-07-08 09:27:16.048637
PAY_003841,CUST_00176,28344.87,card,successful,,,1,2026-07-19 15:28:16.048637
PAY_003842,CUST_00010,43288.25,card,failed,FUNDS_NOT_AVAILABLE,insufficient_funds,1,2026-07-29 08:11:16.048637
PAY_003843,CUST_01942,37150.84,netbanking,successful,,,1,2026-08-12 12:20:16.048637
PAY_003844,CUST_01965,14168.98,upi,failed,UNKNOWN_ERROR,unknown_failure,1,2026-08-08 03:44:16.048637
PAY_003845,CUST_01576,5818.62,upi,successful,,,1,2026-05-27 14:14:16.048637
PAY_003846,CUST_00301,2307.79,upi,successful,,,1,2026-06-19 22:47:16.048637
PAY_003847,CUST_01656,9667.58,upi,successful,,,1,2026-06-03 02:29:16.048637
PAY_003848,CUST_01178,37192.41,card,failed,UNSPECIFIED_DECLINE,limit_exceeded,2,2026-07-04 12:54:16.048637
PAY_003849,CUST_00963,2967.12,netbanking,successful,,,1,2026-07-24 16:13:16.048637
PAY_003850,CUST_01630,8957.56,card,failed,BANK_TEMPORARY_ERROR,temporary_bank_failure,1,2026-06-02 12:49:16.048637
PAY_003851,CUST_00565,37210.71,card,successful,,,1,2026-06-05 08:36:16.048637
PAY_003852,CUST_00472,13899.72,card,successful,,,1,2026-07-01 05:34:16.048637
PAY_003853,CUST_00379,5974.55,upi,successful,,,1,2026-07-14 08:59:16.048637
PAY_003854,CUST_00481,81366.66,upi,successful,,,1,2026-07-23 05:15:16.048637
PAY_003855,CUST_01613,40622.58,upi,successful,,,1,2026-08-21 15:01:16.048637
PAY_003856,CUST_01778,25603.52,card,successful,,,1,2026-08-22 07:32:16.048637
PAY_003857,CUST_00447,42690.82,netbanking,successful,,,1,2026-08-20 05:19:16.048637
PAY_003858,CUST_01723,60483.1,netbanking,successful,,,1,2026-07-03 17:28:16.048637
PAY_003859,CUST_01989,32997.03,upi,successful,,,1,2026-06-21 16:56:16.048637
PAY_003860,CUST_01289,14733.29,upi,failed,UNSPECIFIED_DECLINE,unknown_failure,1,2026-08-08 19:20:16.048637
PAY_003861,CUST_00659,47113.69,upi,failed,CARD_EXPIRED,expired_instrument,1,2026-08-02 16:52:16.048637
PAY_003862,CUST_01484,26312.1,upi,successful,,,1,2026-07-21 06:00:16.049734
PAY_003863,CUST_00465,2732.63,card,successful,,,1,2026-06-14 11:08:16.049734
PAY_003864,CUST_00141,76850.09,upi,successful,,,1,2026-07-03 15:15:16.049734
PAY_003865,CUST_01225,13941.68,upi,successful,,,1,2026-08-11 13:47:16.049734
PAY_003866,CUST_01693,3952.57,upi,failed,UNSPECIFIED_DECLINE,authentication_failed,1,2026-06-28 19:03:16.049734
PAY_003867,CUST_00471,43320.33,card,successful,,,1,2026-07-25 00:19:16.049734
PAY_003868,CUST_01445,27471.34,card,failed,AUTHENTICATION_FAILED,authentication_failed,1,2026-07-09 23:10:16.049734
PAY_003869,CUST_00470,20699.34,card,successful,,,1,2026-06-30 11:29:16.049734
PAY_003870,CUST_00167,1955.12,upi,successful,,,1,2026-06-21 06:41:16.049734
PAY_003871,CUST_01000,32368.69,upi,successful,,,1,2026-06-21 04:40:16.049734
PAY_003872,CUST_01546,4948.3,upi,successful,,,1,2026-06-30 20:20:16.049734
PAY_003873,CUST_00679,34702.87,upi,successful,,,1,2026-07-07 13:59:16.049734
PAY_003874,CUST_00414,12317.21,card,successful,,,1,2026-08-21 18:07:16.049734
PAY_003875,CUST_00576,29585.06,upi,successful,,,1,2026-07-29 01:02:16.049734
PAY_003876,CUST_00773,27004.3,card,successful,,,1,2026-07-07 13:42:16.049734
PAY_003877,CUST_00500,43109.03,upi,successful,,,1,2026-07-25 16:16:16.049734
PAY_003878,CUST_00490,22586.7,upi,failed,TRANSACTION_LIMIT_EXCEEDED,limit_exceeded,1,2026-08-21 22:20:16.049734
PAY_003879,CUST_01504,26199.95,upi,successful,,,1,2026-06-13 11:36:16.049734
PAY_003880,CUST_01260,35277.64,upi,successful,,,1,2026-06-03 18:52:16.049734
PAY_003881,CUST_00825,36577.34,card,successful,,,1,2026-06-16 22:05:16.049734
PAY_003882,CUST_01480,18049.5,upi,successful,,,1,2026-07-29 15:26:16.049734
PAY_003883,CUST_00426,3520.66,netbanking,failed,NETWORK_TIMEOUT,timeout,1,2026-08-16 17:08:16.049734
PAY_003884,CUST_01644,34711.15,upi,failed,UNSPECIFIED_DECLINE,unknown_failure,1,2026-07-12 23:53:16.049734
PAY_003885,CUST_00677,15213.55,card,successful,,,1,2026-06-02 12:20:16.050771
PAY_003886,CUST_00232,40109.89,card,successful,,,2,2026-07-31 06:27:16.050771
PAY_003887,CUST_00717,3399.82,upi,failed,BANK_SERVICE_UNAVAILABLE,temporary_bank_failure,1,2026-08-14 17:41:16.050771
PAY_003888,CUST_00436,37610.75,card,failed,NETWORK_TIMEOUT,timeout,1,2026-06-06 07:42:16.050771
PAY_003889,CUST_01496,62690.77,card,successful,,,1,2026-07-20 19:05:16.050771
PAY_003890,CUST_01613,38755.21,netbanking,failed,BANK_TEMPORARY_ERROR,temporary_bank_failure,1,2026-08-08 23:06:16.050771
PAY_003891,CUST_00376,9713.88,netbanking,successful,,,1,2026-06-07 08:30:16.050771
PAY_003892,CUST_00913,23672.75,card,failed,FUNDS_NOT_AVAILABLE,insufficient_funds,2,2026-06-24 14:00:16.050771
PAY_003893,CUST_00412,90575.49,upi,failed,BANK_TEMPORARY_ERROR,temporary_bank_failure,1,2026-07-29 09:00:16.050771
PAY_003894,CUST_00186,15168.23,card,successful,,,1,2026-08-05 00:24:16.050771
PAY_003895,CUST_01035,48425.17,upi,successful,,,1,2026-06-24 10:12:16.050771
PAY_003896,CUST_01416,38012.8,upi,successful,,,1,2026-06-23 10:27:16.050771
PAY_003897,CUST_00556,43815.04,card,successful,,,1,2026-06-25 07:25:16.050771
PAY_003898,CUST_00412,72586.3,upi,successful,,,1,2026-07-15 05:28:16.050771
PAY_003899,CUST_00761,17602.22,upi,successful,,,1,2026-06-15 04:11:16.050771
PAY_003900,CUST_00900,31485.76,netbanking,successful,,,1,2026-08-13 04:06:16.050771
PAY_003901,CUST_00187,23540.47,upi,successful,,,1,2026-07-17 04:56:16.050771
PAY_003902,CUST_00564,9643.37,card,successful,,,1,2026-07-06 16:52:16.050771
PAY_003903,CUST_01461,7582.24,upi,successful,,,1,2026-07-16 18:03:16.050771
PAY_003904,CUST_00622,30242.46,card,successful,,,1,2026-08-17 05:59:16.050771
PAY_003905,CUST_00373,5551.02,upi,successful,,,1,2026-08-03 16:53:16.050771
PAY_003906,CUST_01581,38016.88,upi,failed,BANK_SERVICE_UNAVAILABLE,temporary_bank_failure,1,2026-07-16 06:13:16.050771
PAY_003907,CUST_00184,6833.79,upi,successful,,,1,2026-08-10 09:51:16.050771
PAY_003908,CUST_00977,30429.22,upi,failed,AUTHENTICATION_FAILED,authentication_failed,1,2026-07-29 12:04:16.050771
PAY_003909,CUST_01164,7366.72,card,successful,,,2,2026-08-05 11:58:16.050771
PAY_003910,CUST_01007,34358.8,upi,successful,,,1,2026-07-10 17:29:16.050771
PAY_003911,CUST_00325,23807.05,card,successful,,,1,2026-06-07 20:56:16.050771
PAY_003912,CUST_00698,29995.22,card,successful,,,1,2026-06-13 01:20:16.050771
PAY_003913,CUST_00711,12908.33,upi,failed,INSUFFICIENT_BALANCE,insufficient_funds,1,2026-08-25 06:16:16.050771
PAY_003914,CUST_01444,37373.78,netbanking,successful,,,2,2026-08-11 09:32:16.050771
PAY_003915,CUST_00083,30630.47,upi,successful,,,1,2026-07-04 16:56:16.050771
PAY_003916,CUST_01541,4960.49,upi,successful,,,1,2026-07-27 12:22:16.050771
PAY_003917,CUST_00313,2414.26,card,successful,,,1,2026-06-16 04:49:16.050771
PAY_003918,CUST_01721,17527.46,netbanking,successful,,,1,2026-07-21 21:00:16.052224
PAY_003919,CUST_01821,7542.42,card,successful,,,1,2026-08-23 11:49:16.052224
PAY_003920,CUST_00230,49282.72,upi,successful,,,1,2026-08-24 10:11:16.052224
PAY_003921,CUST_01939,8963.27,upi,successful,,,1,2026-08-05 00:19:16.052224
PAY_003922,CUST_01507,12397.48,netbanking,successful,,,1,2026-08-21 14:09:16.052224
PAY_003923,CUST_00806,5318.1,upi,successful,,,1,2026-08-17 21:20:16.052224
PAY_003924,CUST_01664,27341.12,card,successful,,,1,2026-08-11 18:52:16.052224
PAY_003925,CUST_01000,41895.69,upi,successful,,,1,2026-08-11 14:56:16.052224
PAY_003926,CUST_00511,28268.69,upi,successful,,,1,2026-07-10 23:03:16.052224
PAY_003927,CUST_01907,20628.25,netbanking,successful,,,1,2026-08-13 00:08:16.052224
PAY_003928,CUST_01441,33835.33,card,successful,,,1,2026-08-14 19:30:16.052224
PAY_003929,CUST_00103,33467.74,card,successful,,,1,2026-05-31 04:21:16.052224
PAY_003930,CUST_00046,2936.53,card,successful,,,1,2026-08-05 20:07:16.052224
PAY_003931,CUST_01273,49747.02,upi,failed,FUNDS_NOT_AVAILABLE,insufficient_funds,1,2026-08-10 19:33:16.052224
PAY_003932,CUST_01792,16351.99,card,failed,INSUFFICIENT_BALANCE,insufficient_funds,1,2026-06-01 04:45:16.052224
PAY_003933,CUST_00724,11771.63,card,successful,,,1,2026-08-11 02:11:16.052224
PAY_003934,CUST_01609,6945.32,card,successful,,,1,2026-08-18 12:45:16.052224
PAY_003935,CUST_01022,3475.61,netbanking,successful,,,1,2026-06-27 11:30:16.052224
PAY_003936,CUST_01480,11042.9,card,failed,CARD_BLOCKED,blocked_instrument,1,2026-08-11 14:19:16.052224
PAY_003937,CUST_00401,9765.36,card,failed,BANK_SERVICE_UNAVAILABLE,temporary_bank_failure,1,2026-08-23 01:42:16.052224
PAY_003938,CUST_00298,37475.44,upi,successful,,,1,2026-08-02 23:14:16.052224
PAY_003939,CUST_01810,15907.61,card,successful,,,1,2026-06-02 14:27:16.052224
PAY_003940,CUST_01620,4867.27,card,successful,,,1,2026-06-24 20:46:16.052224
PAY_003941,CUST_00638,30194.95,netbanking,successful,,,1,2026-06-13 07:10:16.052224
PAY_003942,CUST_01922,7491.48,upi,successful,,,1,2026-07-06 14:26:16.052224
PAY_003943,CUST_01064,6777.2,card,failed,NETWORK_TIMEOUT,timeout,1,2026-05-27 09:36:16.052224
PAY_003944,CUST_01347,83019.65,upi,successful,,,1,2026-06-15 22:33:16.052224
PAY_003945,CUST_00786,13856.73,netbanking,successful,,,1,2026-06-20 00:26:16.052224
PAY_003946,CUST_00739,26975.5,netbanking,successful,,,1,2026-05-26 21:02:16.052224
PAY_003947,CUST_01074,20687.16,upi,successful,,,1,2026-08-09 04:58:16.052224
PAY_003948,CUST_00430,37964.45,netbanking,successful,,,1,2026-07-17 12:07:16.052224
PAY_003949,CUST_00921,29458.48,card,successful,,,1,2026-07-11 03:02:16.052224
PAY_003950,CUST_00708,6900.2,card,successful,,,1,2026-06-14 07:01:16.052224
PAY_003951,CUST_00462,8238.96,upi,successful,,,1,2026-08-19 11:23:16.052224
PAY_003952,CUST_01227,16733.06,card,successful,,,1,2026-07-07 01:58:16.052224
PAY_003953,CUST_00933,12392.64,upi,successful,,,1,2026-06-16 19:18:16.052224
PAY_003954,CUST_00012,48575.09,card,successful,,,1,2026-06-05 13:25:16.053736
PAY_003955,CUST_01451,5466.15,netbanking,successful,,,1,2026-06-07 13:14:16.053736
PAY_003956,CUST_00582,6216.39,netbanking,successful,,,1,2026-05-30 13:12:16.053736
PAY_003957,CUST_01532,52455.53,upi,successful,,,1,2026-08-10 23:27:16.053736
PAY_003958,CUST_01066,33757.22,upi,failed,INSUFFICIENT_BALANCE,insufficient_funds,1,2026-06-17 13:04:16.053736
PAY_003959,CUST_01817,7708.25,upi,successful,,,1,2026-06-29 17:12:16.053736
PAY_003960,CUST_01580,24763.56,upi,successful,,,1,2026-06-10 17:14:16.053736
PAY_003961,CUST_00699,37631.74,upi,failed,UNKNOWN_ERROR,unknown_failure,1,2026-07-15 18:17:16.053736
PAY_003962,CUST_00458,37251.63,card,successful,,,1,2026-06-27 13:33:16.053736
PAY_003963,CUST_01242,10093.69,card,successful,,,1,2026-08-16 05:36:16.053736
PAY_003964,CUST_01384,19279.79,netbanking,failed,FUNDS_NOT_AVAILABLE,insufficient_funds,1,2026-08-13 12:49:16.053736
PAY_003965,CUST_00650,39521.12,upi,successful,,,2,2026-07-17 20:24:16.053736
PAY_003966,CUST_01648,38601.73,upi,successful,,,1,2026-08-20 16:14:16.053736
PAY_003967,CUST_01927,36501.05,upi,successful,,,1,2026-07-30 20:09:16.053736
PAY_003968,CUST_00610,48745.07,netbanking,successful,,,1,2026-07-04 05:41:16.053736
PAY_003969,CUST_01308,11790.2,netbanking,successful,,,1,2026-06-11 05:09:16.053736
PAY_003970,CUST_00577,30802.91,card,failed,PROCESSING_TIMEOUT,timeout,1,2026-07-12 06:12:16.053736
PAY_003971,CUST_00009,8672.46,card,failed,INSTRUMENT_BLOCKED,blocked_instrument,1,2026-07-01 08:06:16.053736
PAY_003972,CUST_01320,27252.53,upi,successful,,,1,2026-07-04 06:14:16.053736
PAY_003973,CUST_01371,8365.01,upi,successful,,,1,2026-05-31 12:22:16.053736
PAY_003974,CUST_00447,4452.36,upi,successful,,,1,2026-08-01 09:56:16.053736
PAY_003975,CUST_00442,23527.21,upi,successful,,,1,2026-06-01 03:59:16.053736
PAY_003976,CUST_01174,12030.38,card,successful,,,1,2026-07-16 06:59:16.053736
PAY_003977,CUST_01162,12052.92,upi,failed,PROCESSING_TIMEOUT,timeout,2,2026-07-14 17:16:16.053736
PAY_003978,CUST_01943,31586.75,netbanking,failed,INSTRUMENT_BLOCKED,blocked_instrument,1,2026-07-30 05:32:16.054832
PAY_003979,CUST_00719,41379.0,upi,successful,,,1,2026-07-29 05:45:16.054832
PAY_003980,CUST_01409,45918.11,card,failed,PROCESSING_TIMEOUT,timeout,1,2026-06-19 12:25:16.054832
PAY_003981,CUST_01125,3769.89,upi,successful,,,1,2026-08-06 14:35:16.054832
PAY_003982,CUST_01441,18467.83,card,successful,,,1,2026-06-09 23:22:16.054832
PAY_003983,CUST_01847,96718.02,upi,successful,,,1,2026-06-09 16:09:16.054832
PAY_003984,CUST_01890,42914.73,card,successful,,,1,2026-05-28 20:25:16.054832
PAY_003985,CUST_00574,5260.38,upi,successful,,,1,2026-06-04 18:55:16.054832
PAY_003986,CUST_00613,40490.39,card,failed,NETWORK_TIMEOUT,timeout,1,2026-08-10 09:57:16.054832
PAY_003987,CUST_01236,17798.76,netbanking,failed,LIMIT_EXCEEDED,limit_exceeded,1,2026-06-03 18:09:16.054832
PAY_003988,CUST_01055,40599.4,card,successful,,,1,2026-06-09 23:29:16.054832
PAY_003989,CUST_01879,9301.77,upi,failed,UNKNOWN_ERROR,unknown_failure,1,2026-08-10 19:42:16.054832
PAY_003990,CUST_00685,27180.83,upi,successful,,,1,2026-07-22 21:38:16.054832
PAY_003991,CUST_01656,84706.85,upi,successful,,,1,2026-08-23 11:34:16.054832
PAY_003992,CUST_00689,1320.91,card,successful,,,1,2026-07-14 10:52:16.054832
PAY_003993,CUST_00853,26351.75,netbanking,successful,,,1,2026-08-07 20:59:16.054832
PAY_003994,CUST_01071,24656.49,upi,failed,BANK_TEMPORARY_ERROR,temporary_bank_failure,1,2026-06-23 10:03:16.054832
PAY_003995,CUST_01287,16147.38,netbanking,successful,,,2,2026-06-07 01:44:16.054832
PAY_003996,CUST_01580,25431.59,upi,successful,,,1,2026-08-06 02:22:16.054832
PAY_003997,CUST_01362,17534.78,card,successful,,,1,2026-06-11 23:02:16.054832
PAY_003998,CUST_01622,22813.8,card,failed,CARD_EXPIRED,expired_instrument,1,2026-08-05 05:46:16.054832
PAY_003999,CUST_01498,27744.02,upi,failed,FUNDS_NOT_AVAILABLE,insufficient_funds,1,2026-08-16 18:53:16.054832
PAY_004000,CUST_00322,8003.4,upi,successful,,,1,2026-08-05 20:16:16.054832
PAY_004001,CUST_01943,48044.68,upi,successful,,,2,2026-07-17 06:26:16.054832
PAY_004002,CUST_00445,4170.91,upi,failed,NETWORK_TIMEOUT,timeout,1,2026-07-12 15:01:16.054832
PAY_004003,CUST_01866,20691.86,card,failed,UNSPECIFIED_DECLINE,unknown_failure,1,2026-08-04 17:38:16.055991
PAY_004004,CUST_01253,5402.62,upi,successful,,,1,2026-06-14 19:02:16.055991
PAY_004005,CUST_01230,18918.0,upi,failed,INSUFFICIENT_BALANCE,insufficient_funds,1,2026-07-08 20:51:16.055991
PAY_004006,CUST_00486,28436.45,card,successful,,,1,2026-08-01 05:16:16.055991
PAY_004007,CUST_01050,19954.43,upi,successful,,,1,2026-06-20 05:13:16.055991
PAY_004008,CUST_00957,25014.58,upi,successful,,,1,2026-06-20 08:57:16.055991
PAY_004009,CUST_00236,31372.17,upi,successful,,,2,2026-06-08 14:35:16.055991
PAY_004010,CUST_01101,5835.49,upi,failed,PROCESSING_TIMEOUT,timeout,1,2026-06-03 09:53:16.055991
PAY_004011,CUST_01506,77707.48,upi,successful,,,1,2026-08-08 14:56:16.055991
PAY_004012,CUST_00618,49787.57,card,successful,,,1,2026-08-17 01:29:16.055991
PAY_004013,CUST_00129,14347.46,card,successful,,,3,2026-06-14 23:25:16.055991
PAY_004014,CUST_00084,11134.86,upi,successful,,,1,2026-08-19 05:11:16.055991
PAY_004015,CUST_01191,46378.75,upi,successful,,,1,2026-08-02 02:16:16.055991
PAY_004016,CUST_01393,20315.06,upi,failed,BANK_TEMPORARY_ERROR,temporary_bank_failure,2,2026-08-02 00:54:16.055991
PAY_004017,CUST_00632,80743.81,card,successful,,,3,2026-08-18 23:45:16.055991
PAY_004018,CUST_00317,24723.47,upi,successful,,,1,2026-06-03 11:20:16.055991
PAY_004019,CUST_00246,4711.13,upi,failed,NETWORK_TIMEOUT,timeout,1,2026-06-28 07:17:16.055991
PAY_004020,CUST_00675,15501.81,card,failed,BANK_TEMPORARY_ERROR,temporary_bank_failure,1,2026-08-09 12:27:16.055991
PAY_004021,CUST_00454,78323.13,upi,successful,,,1,2026-08-09 02:46:16.055991
PAY_004022,CUST_00170,29033.68,upi,successful,,,1,2026-06-15 23:04:16.055991
PAY_004023,CUST_00288,72597.47,upi,successful,,,1,2026-07-23 18:36:16.055991
PAY_004024,CUST_01818,24380.19,upi,successful,,,1,2026-06-20 08:08:16.055991
PAY_004025,CUST_01823,67558.81,upi,failed,UNSPECIFIED_DECLINE,unknown_failure,1,2026-07-25 23:06:16.055991
PAY_004026,CUST_00726,22319.99,netbanking,successful,,,1,2026-08-06 13:34:16.055991
PAY_004027,CUST_00586,29442.73,card,failed,BANK_SERVICE_UNAVAILABLE,temporary_bank_failure,2,2026-05-29 02:59:16.057089
PAY_004028,CUST_01319,7442.74,upi,successful,,,1,2026-07-20 06:48:16.057089
PAY_004029,CUST_01355,90440.5,upi,successful,,,1,2026-07-07 21:54:16.057089
PAY_004030,CUST_00003,25184.55,upi,successful,,,1,2026-06-16 14:02:16.057089
PAY_004031,CUST_01618,35402.54,netbanking,successful,,,1,2026-07-30 23:59:16.057089
PAY_004032,CUST_01137,33913.17,upi,failed,INSUFFICIENT_BALANCE,insufficient_funds,1,2026-08-01 13:32:16.057089
PAY_004033,CUST_01183,47291.57,upi,successful,,,1,2026-08-13 16:15:16.057089
PAY_004034,CUST_00573,6748.55,upi,successful,,,2,2026-08-01 14:51:16.057089
PAY_004035,CUST_01349,12450.47,netbanking,successful,,,1,2026-06-22 22:06:16.057089
PAY_004036,CUST_00069,14044.34,upi,successful,,,1,2026-07-17 21:12:16.057089
PAY_004037,CUST_01401,39158.76,card,successful,,,1,2026-08-06 06:34:16.057089
PAY_004038,CUST_01008,5582.03,upi,successful,,,2,2026-06-26 09:14:16.057089
PAY_004039,CUST_00374,3239.79,upi,successful,,,1,2026-06-12 11:49:16.057089
PAY_004040,CUST_01223,49961.1,card,successful,,,1,2026-06-05 02:24:16.057089
PAY_004041,CUST_01170,40339.75,netbanking,successful,,,1,2026-08-15 05:53:16.057089
PAY_004042,CUST_00513,34703.37,upi,successful,,,1,2026-08-03 03:54:16.057089
PAY_004043,CUST_00535,25710.6,card,successful,,,1,2026-06-05 12:45:16.057089
PAY_004044,CUST_00351,35487.5,upi,successful,,,1,2026-07-24 15:48:16.057089
PAY_004045,CUST_00869,8250.46,card,successful,,,1,2026-07-18 04:21:16.057089
PAY_004046,CUST_01878,1773.57,card,failed,BANK_SERVICE_UNAVAILABLE,temporary_bank_failure,1,2026-07-26 16:48:16.057089
PAY_004047,CUST_00958,47437.82,upi,successful,,,1,2026-08-19 05:50:16.057089
PAY_004048,CUST_00202,16828.6,upi,failed,UNSPECIFIED_DECLINE,temporary_bank_failure,1,2026-06-03 01:13:16.057089
PAY_004049,CUST_00795,35153.15,upi,successful,,,1,2026-06-23 21:14:16.057089
PAY_004050,CUST_01993,9716.85,upi,successful,,,1,2026-08-03 07:51:16.057089
PAY_004051,CUST_00542,80523.89,netbanking,successful,,,2,2026-07-29 22:18:16.057089
PAY_004052,CUST_01604,11410.0,card,successful,,,1,2026-06-10 14:48:16.057089
PAY_004053,CUST_00032,12981.98,card,successful,,,1,2026-06-30 04:34:16.058182
PAY_004054,CUST_00241,12953.99,netbanking,failed,NETWORK_TIMEOUT,timeout,1,2026-07-23 07:11:16.058182
PAY_004055,CUST_00744,26332.18,upi,failed,,insufficient_funds,1,2026-07-07 08:41:16.058182
PAY_004056,CUST_01031,46431.62,upi,successful,,,1,2026-08-13 09:35:16.058182
PAY_004057,CUST_00681,27975.32,netbanking,successful,,,1,2026-06-28 05:40:16.058182
PAY_004058,CUST_00613,11129.34,upi,successful,,,1,2026-06-27 14:23:16.058182
PAY_004059,CUST_00845,6824.75,upi,successful,,,1,2026-08-14 02:18:16.058182
PAY_004060,CUST_01585,45270.96,upi,successful,,,1,2026-07-04 20:27:16.058182
PAY_004061,CUST_00697,79606.22,card,successful,,,1,2026-07-11 22:00:16.058182
PAY_004062,CUST_01480,14359.63,upi,successful,,,1,2026-07-25 13:19:16.058182
PAY_004063,CUST_01043,16291.48,upi,successful,,,1,2026-08-22 15:22:16.058182
PAY_004064,CUST_01504,26203.51,upi,successful,,,1,2026-05-31 11:40:16.058182
PAY_004065,CUST_00835,39057.73,card,successful,,,1,2026-05-27 14:10:16.058182
PAY_004066,CUST_01126,30269.86,upi,successful,,,1,2026-06-03 21:07:16.058182
PAY_004067,CUST_00444,19610.03,upi,successful,,,1,2026-07-10 11:11:16.058182
PAY_004068,CUST_01999,22067.98,card,successful,,,1,2026-06-24 21:15:16.058182
PAY_004069,CUST_01658,10811.87,card,successful,,,1,2026-06-14 01:51:16.058182
PAY_004070,CUST_00943,87439.6,upi,successful,,,1,2026-05-26 22:23:16.058182
PAY_004071,CUST_01665,43511.43,upi,successful,,,1,2026-08-24 13:19:16.058182
PAY_004072,CUST_01739,6943.41,upi,successful,,,1,2026-05-28 22:57:16.058182
PAY_004073,CUST_01066,42470.57,upi,successful,,,1,2026-06-17 23:38:16.058182
PAY_004074,CUST_00329,1179.18,card,successful,,,1,2026-05-30 01:13:16.058182
PAY_004075,CUST_01431,37737.06,upi,successful,,,2,2026-07-13 20:52:16.058182
PAY_004076,CUST_00923,7673.56,card,successful,,,1,2026-08-19 14:56:16.058182
PAY_004077,CUST_01066,42759.39,card,successful,,,1,2026-06-28 09:43:16.058182
PAY_004078,CUST_00955,799.45,upi,successful,,,2,2026-06-08 17:32:16.058182
PAY_004079,CUST_00911,49689.5,upi,successful,,,1,2026-06-04 08:24:16.058182
PAY_004080,CUST_00337,13160.32,card,successful,,,1,2026-06-02 15:31:16.059278
PAY_004081,CUST_00963,39853.17,upi,successful,,,2,2026-07-22 03:10:16.059278
PAY_004082,CUST_01357,85160.51,card,successful,,,1,2026-08-03 16:45:16.059278
PAY_004083,CUST_00099,68653.07,upi,successful,,,1,2026-07-24 20:39:16.059278
PAY_004084,CUST_01199,9808.63,upi,successful,,,1,2026-07-04 15:31:16.059278
PAY_004085,CUST_00100,4326.53,upi,successful,,,1,2026-06-10 09:49:16.059278
PAY_004086,CUST_01049,19422.43,upi,successful,,,1,2026-05-27 06:13:16.059278
PAY_004087,CUST_01343,13269.5,netbanking,successful,,,1,2026-08-02 18:41:16.059278
PAY_004088,CUST_01735,5903.92,card,failed,NETWORK_TIMEOUT,timeout,1,2026-06-03 20:46:16.059278
PAY_004089,CUST_01800,32547.23,card,successful,,,1,2026-07-09 02:03:16.059278
PAY_004090,CUST_01257,39083.17,netbanking,successful,,,1,2026-07-02 19:57:16.059278
PAY_004091,CUST_01124,24350.15,card,successful,,,1,2026-06-27 20:28:16.059278
PAY_004092,CUST_01540,46114.28,upi,successful,,,1,2026-08-18 08:29:16.059278
PAY_004093,CUST_01889,3897.41,upi,failed,BANK_TEMPORARY_ERROR,temporary_bank_failure,1,2026-07-02 05:51:16.059278
PAY_004094,CUST_00532,36554.65,upi,successful,,,1,2026-06-05 20:58:16.059278
PAY_004095,CUST_01077,3451.12,upi,successful,,,1,2026-06-05 04:14:16.059278
PAY_004096,CUST_01335,38088.51,upi,successful,,,1,2026-08-02 08:16:16.059278
PAY_004097,CUST_00325,29025.08,upi,successful,,,2,2026-06-30 06:56:16.059278
PAY_004098,CUST_01790,49701.05,upi,successful,,,1,2026-05-28 04:16:16.059278
PAY_004099,CUST_00748,36945.84,upi,failed,FUNDS_NOT_AVAILABLE,insufficient_funds,1,2026-06-15 20:10:16.059278
PAY_004100,CUST_01495,32337.79,netbanking,successful,,,1,2026-08-12 10:35:16.059278
PAY_004101,CUST_01361,17092.02,netbanking,successful,,,1,2026-06-28 13:39:16.059278
PAY_004102,CUST_00652,43204.57,upi,successful,,,1,2026-07-25 06:29:16.059278
PAY_004103,CUST_01387,29487.15,upi,successful,,,1,2026-07-05 13:04:16.059278
PAY_004104,CUST_00046,24906.84,card,failed,BANK_TEMPORARY_ERROR,temporary_bank_failure,1,2026-08-10 06:35:16.059278
PAY_004105,CUST_00822,18466.82,card,successful,,,1,2026-06-05 01:31:16.060374
PAY_004106,CUST_00529,43610.31,upi,successful,,,1,2026-06-28 08:31:16.060374
PAY_004107,CUST_00203,6757.9,card,successful,,,2,2026-06-18 14:58:16.060374
PAY_004108,CUST_00499,15660.45,upi,failed,BANK_TEMPORARY_ERROR,temporary_bank_failure,1,2026-07-13 08:05:16.060374
PAY_004109,CUST_00289,49249.04,upi,successful,,,1,2026-08-24 15:02:16.060374
PAY_004110,CUST_00132,9754.03,card,failed,NETWORK_TIMEOUT,timeout,1,2026-07-03 07:30:16.060374
PAY_004111,CUST_00176,45918.13,upi,successful,,,1,2026-08-18 07:23:16.060374
PAY_004112,CUST_00545,36192.74,card,successful,,,1,2026-06-12 00:26:16.060374
PAY_004113,CUST_00225,585.68,upi,successful,,,1,2026-06-27 12:37:16.060374
PAY_004114,CUST_01019,17485.62,card,failed,BANK_SERVICE_UNAVAILABLE,temporary_bank_failure,1,2026-08-15 19:34:16.060374
PAY_004115,CUST_01455,24335.68,netbanking,successful,,,1,2026-08-08 07:18:16.060374
PAY_004116,CUST_00359,14102.88,netbanking,successful,,,1,2026-06-01 23:40:16.060374
PAY_004117,CUST_00566,2350.94,upi,successful,,,1,2026-06-22 03:46:16.060374
PAY_004118,CUST_01775,18942.46,netbanking,successful,,,1,2026-07-07 14:50:16.060374
PAY_004119,CUST_00303,22579.36,netbanking,failed,CUSTOMER_AUTH_FAILED,authentication_failed,1,2026-05-27 00:58:16.060374
PAY_004120,CUST_00060,25141.79,upi,successful,,,1,2026-08-11 13:40:16.060374
PAY_004121,CUST_01014,13671.75,netbanking,successful,,,1,2026-07-23 17:42:16.060374
PAY_004122,CUST_01748,32542.14,card,successful,,,1,2026-05-30 07:07:16.060374
PAY_004123,CUST_00811,23332.15,netbanking,successful,,,1,2026-07-01 13:22:16.060374
PAY_004124,CUST_01988,25079.18,upi,successful,,,1,2026-06-15 03:53:16.060374
PAY_004125,CUST_00991,35667.93,netbanking,successful,,,1,2026-08-06 07:38:16.060374
PAY_004126,CUST_01927,28783.96,upi,successful,,,1,2026-07-10 01:05:16.060374
PAY_004127,CUST_01196,35032.93,upi,successful,,,1,2026-06-15 12:37:16.060374
PAY_004128,CUST_00936,33951.25,upi,successful,,,1,2026-07-13 20:31:16.060374
PAY_004129,CUST_01516,31173.86,upi,successful,,,1,2026-08-07 07:56:16.060374
PAY_004130,CUST_00476,14795.24,card,failed,BANK_TEMPORARY_ERROR,temporary_bank_failure,2,2026-07-31 20:50:16.060374
PAY_004131,CUST_00325,48965.38,upi,failed,NETWORK_TIMEOUT,timeout,1,2026-08-22 05:12:16.061473
PAY_004132,CUST_01717,14398.71,upi,successful,,,1,2026-07-17 22:52:16.061473
PAY_004133,CUST_01760,43961.07,card,successful,,,1,2026-07-19 00:07:16.061473
PAY_004134,CUST_00990,33761.85,netbanking,successful,,,1,2026-06-06 10:09:16.061473
PAY_004135,CUST_00273,42958.05,upi,successful,,,2,2026-08-03 22:32:16.061473
PAY_004136,CUST_00222,19196.13,card,successful,,,1,2026-06-08 11:31:16.061473
PAY_004137,CUST_01646,1915.94,netbanking,successful,,,1,2026-08-13 04:42:16.061473
PAY_004138,CUST_00146,78779.49,upi,successful,,,1,2026-07-15 22:20:16.061473
PAY_004139,CUST_01369,3886.26,upi,successful,,,1,2026-06-04 13:34:16.061473
PAY_004140,CUST_00969,18825.62,card,successful,,,1,2026-08-24 06:15:16.061473
PAY_004141,CUST_00902,28878.03,upi,successful,,,2,2026-07-15 23:47:16.061473
PAY_004142,CUST_00088,47395.99,upi,successful,,,1,2026-06-18 22:27:16.061473
PAY_004143,CUST_01461,10008.38,netbanking,successful,,,1,2026-08-22 03:01:16.061473
PAY_004144,CUST_01553,3728.87,card,successful,,,1,2026-06-02 05:24:16.061473
PAY_004145,CUST_01391,2354.46,card,failed,FUNDS_NOT_AVAILABLE,insufficient_funds,1,2026-07-16 09:28:16.061473
PAY_004146,CUST_00290,1547.43,upi,successful,,,1,2026-08-20 02:27:16.061473
PAY_004147,CUST_01138,56696.36,netbanking,successful,,,1,2026-07-11 03:09:16.061473
PAY_004148,CUST_00625,17593.48,upi,failed,AUTHENTICATION_FAILED,authentication_failed,1,2026-07-23 13:05:16.061473
PAY_004149,CUST_01353,88118.92,netbanking,successful,,,1,2026-07-07 23:25:16.061473
PAY_004150,CUST_01056,18124.22,card,failed,BANK_SERVICE_UNAVAILABLE,temporary_bank_failure,2,2026-07-27 20:58:16.061473
PAY_004151,CUST_01947,38439.61,upi,successful,,,1,2026-07-19 05:52:16.061473
PAY_004152,CUST_00006,10721.48,card,successful,,,1,2026-07-30 18:39:16.061473
PAY_004153,CUST_01685,18643.11,card,successful,,,1,2026-07-17 20:56:16.061473
PAY_004154,CUST_00288,58748.87,netbanking,successful,,,1,2026-08-24 14:05:16.061473
PAY_004155,CUST_00678,35719.68,upi,successful,,,1,2026-06-29 04:25:16.061473
PAY_004156,CUST_00398,20330.24,upi,failed,BANK_TEMPORARY_ERROR,temporary_bank_failure,1,2026-07-28 02:21:16.062562
PAY_004157,CUST_01633,53668.49,netbanking,failed,BANK_SERVICE_UNAVAILABLE,temporary_bank_failure,1,2026-06-28 17:09:16.062562
PAY_004158,CUST_00058,5603.7,upi,failed,FUNDS_NOT_AVAILABLE,insufficient_funds,1,2026-07-07 03:37:16.062562
PAY_004159,CUST_00339,59814.08,netbanking,successful,,,1,2026-06-17 17:25:16.062562
PAY_004160,CUST_00186,12794.44,upi,successful,,,1,2026-08-05 14:16:16.062562
PAY_004161,CUST_01168,35071.45,netbanking,successful,,,1,2026-08-25 04:09:16.062562
PAY_004162,CUST_01885,47943.89,netbanking,successful,,,1,2026-07-27 14:39:16.062562
PAY_004163,CUST_01407,7398.82,upi,successful,,,1,2026-07-06 00:28:16.062562
PAY_004164,CUST_01219,41757.92,upi,successful,,,1,2026-08-08 15:04:16.062562
PAY_004165,CUST_01513,2568.75,card,successful,,,1,2026-08-19 04:50:16.062562
PAY_004166,CUST_01102,18619.21,netbanking,successful,,,1,2026-08-22 07:51:16.062562
PAY_004167,CUST_00347,87987.01,netbanking,successful,,,1,2026-07-14 06:21:16.062562
PAY_004168,CUST_01763,2863.15,card,successful,,,1,2026-08-23 18:12:16.062562
PAY_004169,CUST_00126,1418.88,card,successful,,,1,2026-07-22 21:16:16.062562
PAY_004170,CUST_00575,18347.81,card,successful,,,1,2026-05-27 02:12:16.062562
PAY_004171,CUST_01780,8051.85,upi,successful,,,1,2026-06-19 09:09:16.062562
PAY_004172,CUST_00588,34980.0,card,successful,,,1,2026-08-22 02:56:16.062562
PAY_004173,CUST_00248,1321.11,card,failed,UNSPECIFIED_DECLINE,authentication_failed,1,2026-05-28 02:57:16.062562
PAY_004174,CUST_01273,45452.0,upi,successful,,,2,2026-08-23 02:29:16.062562
PAY_004175,CUST_00427,32601.45,card,successful,,,1,2026-08-12 20:14:16.062562
PAY_004176,CUST_00498,19626.91,card,failed,UNKNOWN_ERROR,unknown_failure,1,2026-08-22 11:27:16.062562
PAY_004177,CUST_00544,3947.8,upi,failed,INSTRUMENT_EXPIRED,expired_instrument,1,2026-07-08 01:29:16.062562
PAY_004178,CUST_01405,6692.99,upi,successful,,,3,2026-08-14 08:20:16.062562
PAY_004179,CUST_00902,35072.95,card,successful,,,1,2026-08-04 00:32:16.062562
PAY_004180,CUST_01662,4512.69,card,failed,BANK_TEMPORARY_ERROR,temporary_bank_failure,2,2026-06-18 06:50:16.062562
PAY_004181,CUST_00394,39587.35,card,successful,,,1,2026-06-30 15:34:16.063651
PAY_004182,CUST_00192,18372.78,upi,failed,CUSTOMER_AUTH_FAILED,authentication_failed,1,2026-07-28 19:10:16.063651
PAY_004183,CUST_00716,33885.76,upi,successful,,,2,2026-07-02 04:23:16.063651
PAY_004184,CUST_00087,13488.7,upi,successful,,,1,2026-06-14 15:51:16.063651
PAY_004185,CUST_00256,28904.9,upi,successful,,,1,2026-08-13 16:26:16.063651
PAY_004186,CUST_01159,17111.52,netbanking,successful,,,1,2026-08-13 19:21:16.063651
PAY_004187,CUST_01599,43002.55,upi,failed,AUTHENTICATION_FAILED,authentication_failed,1,2026-08-19 10:56:16.063651
PAY_004188,CUST_00144,7979.55,upi,successful,,,1,2026-08-09 21:43:16.063651
PAY_004189,CUST_00790,47084.03,netbanking,successful,,,1,2026-06-28 15:19:16.063651
PAY_004190,CUST_01153,8133.42,upi,successful,,,1,2026-08-06 15:01:16.063651
PAY_004191,CUST_01697,33596.85,upi,successful,,,1,2026-07-12 18:03:16.063651
PAY_004192,CUST_00697,38857.25,netbanking,successful,,,1,2026-05-26 22:04:16.063651
PAY_004193,CUST_00267,38016.61,netbanking,successful,,,1,2026-06-21 03:08:16.063651
PAY_004194,CUST_00676,24558.2,card,successful,,,2,2026-06-29 21:08:16.063651
PAY_004195,CUST_00464,33163.15,upi,successful,,,1,2026-07-13 05:04:16.063651
PAY_004196,CUST_00861,26473.65,card,successful,,,1,2026-06-12 08:12:16.063651
PAY_004197,CUST_01131,6308.82,upi,successful,,,1,2026-08-11 05:06:16.063651
PAY_004198,CUST_00574,7746.96,upi,failed,RISK_DECLINED,risk_decline,1,2026-05-28 05:51:16.063651
PAY_004199,CUST_01066,8461.09,netbanking,successful,,,1,2026-07-29 08:58:16.063651
PAY_004200,CUST_00090,47329.99,upi,successful,,,1,2026-07-07 20:14:16.063651
PAY_004201,CUST_00759,37053.27,upi,successful,,,1,2026-06-25 01:06:16.063651
PAY_004202,CUST_00137,12386.35,netbanking,failed,BANK_SERVICE_UNAVAILABLE,temporary_bank_failure,1,2026-06-14 19:38:16.063651
PAY_004203,CUST_00824,5264.94,upi,successful,,,1,2026-08-25 06:17:16.063651
PAY_004204,CUST_01626,4636.5,upi,successful,,,1,2026-07-16 04:59:16.063651
PAY_004205,CUST_00700,1633.46,card,successful,,,1,2026-07-30 14:49:16.063651
PAY_004206,CUST_00678,32471.06,upi,successful,,,1,2026-08-12 12:30:16.064741
PAY_004207,CUST_00600,45304.19,upi,failed,TRANSACTION_LIMIT_EXCEEDED,limit_exceeded,1,2026-08-13 02:26:16.064741
PAY_004208,CUST_01809,24385.63,upi,successful,,,2,2026-07-18 05:24:16.064741
PAY_004209,CUST_00748,46621.14,upi,successful,,,1,2026-08-20 00:18:16.064741
PAY_004210,CUST_01133,5696.8,card,successful,,,1,2026-07-15 16:57:16.064741
PAY_004211,CUST_01438,47397.57,upi,successful,,,1,2026-07-08 16:44:16.064741
PAY_004212,CUST_00519,11225.18,card,successful,,,1,2026-08-03 19:03:16.064741
PAY_004213,CUST_00403,34646.25,upi,successful,,,1,2026-06-12 18:12:16.064741
PAY_004214,CUST_00894,2673.74,upi,successful,,,1,2026-06-14 21:59:16.064741
PAY_004215,CUST_00938,66056.34,upi,successful,,,1,2026-07-21 14:08:16.064741
PAY_004216,CUST_01961,9343.27,upi,successful,,,1,2026-06-04 09:39:16.064741
PAY_004217,CUST_01750,35816.51,upi,successful,,,1,2026-07-16 17:20:16.064741
PAY_004218,CUST_00710,9752.93,upi,successful,,,1,2026-08-03 15:05:16.064741
PAY_004219,CUST_00668,21065.7,card,successful,,,1,2026-07-27 10:01:16.064741
PAY_004220,CUST_01663,22944.42,upi,successful,,,1,2026-06-08 16:43:16.064741
PAY_004221,CUST_01130,42238.89,card,successful,,,1,2026-06-06 23:06:16.064741
PAY_004222,CUST_00425,12548.86,card,failed,PROCESSING_TIMEOUT,timeout,3,2026-07-02 14:32:16.064741
PAY_004223,CUST_01401,48555.92,card,failed,BANK_TEMPORARY_ERROR,temporary_bank_failure,2,2026-07-20 23:27:16.064741
PAY_004224,CUST_00390,27250.86,card,successful,,,1,2026-06-12 18:40:16.064741
PAY_004225,CUST_01161,43146.21,card,successful,,,1,2026-08-03 07:35:16.064741
PAY_004226,CUST_00485,33861.96,netbanking,successful,,,1,2026-08-22 04:45:16.064741
PAY_004227,CUST_00250,2198.72,upi,successful,,,1,2026-07-22 21:55:16.064741
PAY_004228,CUST_00834,15249.31,card,failed,UNSPECIFIED_DECLINE,temporary_bank_failure,2,2026-06-21 19:13:16.064741
PAY_004229,CUST_01025,93680.08,upi,failed,RISK_DECLINED,risk_decline,1,2026-05-28 16:37:16.064741
PAY_004230,CUST_00126,19076.4,card,successful,,,1,2026-06-21 23:57:16.065831
PAY_004231,CUST_01276,10961.19,upi,successful,,,1,2026-06-24 20:01:16.065831
PAY_004232,CUST_01198,38867.94,netbanking,successful,,,2,2026-07-14 02:49:16.065831
PAY_004233,CUST_01077,1920.11,netbanking,successful,,,1,2026-08-02 12:11:16.065831
PAY_004234,CUST_00512,67665.57,upi,successful,,,1,2026-06-23 03:01:16.065831
PAY_004235,CUST_00895,4167.35,upi,failed,NETWORK_TIMEOUT,timeout,1,2026-05-30 17:44:16.065831
PAY_004236,CUST_01783,39954.68,card,failed,RISK_DECLINED,risk_decline,2,2026-08-11 10:22:16.065831
PAY_004237,CUST_01112,34822.62,card,failed,CUSTOMER_AUTH_FAILED,authentication_failed,1,2026-08-09 21:32:16.065831
PAY_004238,CUST_00666,21375.41,upi,successful,,,1,2026-07-18 06:52:16.065831
PAY_004239,CUST_01270,30398.41,upi,successful,,,1,2026-08-10 10:10:16.065831
PAY_004240,CUST_00547,10212.9,upi,successful,,,1,2026-07-13 10:26:16.065831
PAY_004241,CUST_00393,11479.12,upi,successful,,,1,2026-05-31 06:52:16.065831
PAY_004242,CUST_00844,15604.43,card,successful,,,1,2026-08-02 07:30:16.065831
PAY_004243,CUST_01973,2946.72,card,failed,UNKNOWN_ERROR,unknown_failure,1,2026-07-11 16:10:16.065831
PAY_004244,CUST_00221,27138.6,netbanking,successful,,,1,2026-08-11 12:36:16.065831
PAY_004245,CUST_00213,40984.16,card,successful,,,1,2026-06-27 06:20:16.065831
PAY_004246,CUST_00835,2441.8,upi,failed,UNSPECIFIED_DECLINE,unknown_failure,1,2026-07-16 14:36:16.065831
PAY_004247,CUST_00827,11896.13,card,successful,,,1,2026-08-16 10:53:16.065831
PAY_004248,CUST_00449,6779.37,upi,successful,,,1,2026-07-10 14:44:16.065831
PAY_004249,CUST_00645,7485.61,upi,successful,,,1,2026-07-15 14:30:16.065831
PAY_004250,CUST_01168,56879.94,upi,successful,,,1,2026-07-22 02:53:16.065831
PAY_004251,CUST_01224,68256.31,upi,successful,,,1,2026-06-26 17:43:16.065831
PAY_004252,CUST_00769,10198.65,netbanking,successful,,,1,2026-06-07 13:09:16.065831
PAY_004253,CUST_01838,20299.1,upi,successful,,,1,2026-06-03 08:53:16.065831
PAY_004254,CUST_01234,13050.44,netbanking,successful,,,1,2026-06-10 19:15:16.065831
PAY_004255,CUST_00165,85782.37,card,successful,,,1,2026-05-28 06:50:16.066930
PAY_004256,CUST_00887,24830.55,upi,successful,,,1,2026-06-12 08:18:16.066930
PAY_004257,CUST_01145,16027.44,netbanking,successful,,,1,2026-07-19 16:44:16.066930
PAY_004258,CUST_01376,28020.17,card,successful,,,1,2026-08-01 02:28:16.066930
PAY_004259,CUST_01010,45135.21,upi,failed,INSTRUMENT_EXPIRED,expired_instrument,1,2026-08-03 21:32:16.066930
PAY_004260,CUST_01725,37186.36,upi,failed,PROCESSING_TIMEOUT,timeout,1,2026-07-29 20:57:16.066930
PAY_004261,CUST_00115,2744.26,netbanking,successful,,,1,2026-08-04 13:38:16.066930
PAY_004262,CUST_00659,47015.68,card,successful,,,1,2026-07-11 08:07:16.066930
PAY_004263,CUST_00114,25574.92,upi,successful,,,1,2026-07-05 01:41:16.066930
PAY_004264,CUST_00310,98778.22,card,successful,,,1,2026-06-09 14:36:16.066930
PAY_004265,CUST_00113,38776.83,netbanking,successful,,,1,2026-06-23 12:21:16.066930
PAY_004266,CUST_01766,12732.49,netbanking,successful,,,1,2026-06-25 09:11:16.066930
PAY_004267,CUST_01573,21721.86,upi,failed,,unknown_failure,2,2026-07-19 09:37:16.066930
PAY_004268,CUST_00581,8440.62,upi,successful,,,1,2026-07-23 22:26:16.066930
PAY_004269,CUST_01111,4459.88,upi,successful,,,1,2026-06-09 05:26:16.066930
PAY_004270,CUST_00467,14266.32,netbanking,successful,,,1,2026-07-31 16:22:16.066930
PAY_004271,CUST_00645,16715.65,upi,successful,,,1,2026-06-01 09:29:16.066930
PAY_004272,CUST_01082,5423.98,netbanking,successful,,,1,2026-07-04 23:28:16.066930
PAY_004273,CUST_00395,38017.94,upi,successful,,,1,2026-05-30 04:47:16.066930
PAY_004274,CUST_00960,6908.8,card,failed,INSUFFICIENT_BALANCE,insufficient_funds,1,2026-07-15 14:32:16.066930
PAY_004275,CUST_00210,33978.23,card,successful,,,1,2026-07-25 15:06:16.066930
PAY_004276,CUST_00187,2082.8,upi,successful,,,1,2026-07-16 19:25:16.066930
PAY_004277,CUST_01823,32030.21,upi,successful,,,1,2026-07-13 21:15:16.066930
PAY_004278,CUST_01038,8288.76,netbanking,successful,,,1,2026-07-15 16:17:16.066930
PAY_004279,CUST_00691,66739.28,upi,successful,,,1,2026-07-04 12:43:16.066930
PAY_004280,CUST_00360,30107.4,card,successful,,,1,2026-07-27 20:26:16.066930
PAY_004281,CUST_01966,12201.71,upi,successful,,,1,2026-08-13 20:07:16.068024
PAY_004282,CUST_00051,33408.29,netbanking,successful,,,2,2026-08-07 16:14:16.068024
PAY_004283,CUST_00257,12734.57,netbanking,successful,,,1,2026-06-04 10:05:16.068024
PAY_004284,CUST_00955,5341.8,upi,successful,,,1,2026-06-13 06:12:16.068024
PAY_004285,CUST_01142,5400.73,card,successful,,,1,2026-08-03 04:32:16.068024
PAY_004286,CUST_01132,6952.22,upi,successful,,,1,2026-08-23 18:32:16.068024
PAY_004287,CUST_00323,33454.83,card,successful,,,1,2026-07-29 21:32:16.068024
PAY_004288,CUST_00280,53471.77,netbanking,successful,,,2,2026-07-22 00:17:16.068024
PAY_004289,CUST_00225,13897.53,card,failed,FUNDS_NOT_AVAILABLE,insufficient_funds,1,2026-07-18 07:49:16.068024
PAY_004290,CUST_00835,22457.06,upi,successful,,,2,2026-08-25 12:31:16.068024
PAY_004291,CUST_00907,26668.21,upi,failed,FUNDS_NOT_AVAILABLE,insufficient_funds,2,2026-05-28 06:36:16.068024
PAY_004292,CUST_01900,30706.08,card,successful,,,1,2026-05-31 19:13:16.068024
PAY_004293,CUST_01476,1838.25,card,successful,,,1,2026-06-05 21:18:16.068024
PAY_004294,CUST_00379,12523.18,upi,successful,,,1,2026-07-03 20:25:16.068024
PAY_004295,CUST_01133,43745.34,upi,successful,,,1,2026-06-13 11:30:16.068024
PAY_004296,CUST_01737,66127.07,upi,failed,BANK_TEMPORARY_ERROR,temporary_bank_failure,1,2026-06-26 19:30:16.068024
PAY_004297,CUST_01604,10386.52,upi,failed,BANK_TEMPORARY_ERROR,temporary_bank_failure,1,2026-08-21 11:50:16.068024
PAY_004298,CUST_01692,11627.81,card,successful,,,1,2026-08-08 09:07:16.068024
PAY_004299,CUST_01821,22662.22,card,failed,UNSPECIFIED_DECLINE,insufficient_funds,1,2026-07-04 00:34:16.068024
PAY_004300,CUST_01499,4599.25,card,failed,NETWORK_TIMEOUT,timeout,1,2026-08-21 20:51:16.068024
PAY_004301,CUST_00371,36201.11,netbanking,successful,,,1,2026-07-25 23:27:16.068024
PAY_004302,CUST_00025,28329.51,card,successful,,,1,2026-07-30 20:02:16.068024
PAY_004303,CUST_01623,35091.24,netbanking,failed,INSTRUMENT_BLOCKED,blocked_instrument,1,2026-08-21 03:58:16.068024
PAY_004304,CUST_00342,26670.89,card,successful,,,1,2026-06-20 07:36:16.068024
PAY_004305,CUST_01219,33679.37,netbanking,failed,INSUFFICIENT_BALANCE,insufficient_funds,1,2026-08-19 22:10:16.068024
PAY_004306,CUST_00155,41603.33,card,successful,,,1,2026-06-20 00:47:16.069125
PAY_004307,CUST_00995,44153.31,upi,successful,,,1,2026-07-14 23:06:16.069125
PAY_004308,CUST_00202,14659.78,card,failed,INSUFFICIENT_BALANCE,insufficient_funds,1,2026-07-12 06:12:16.069125
PAY_004309,CUST_00538,49120.65,upi,successful,,,1,2026-06-16 00:53:16.069125
PAY_004310,CUST_01545,42431.88,card,successful,,,1,2026-06-10 18:29:16.069125
PAY_004311,CUST_01100,43116.29,card,successful,,,1,2026-06-22 08:40:16.069125
PAY_004312,CUST_01865,37322.92,card,successful,,,1,2026-05-28 09:01:16.069125
PAY_004313,CUST_00134,7251.96,netbanking,successful,,,1,2026-06-03 08:18:16.069125
PAY_004314,CUST_00467,19955.35,card,failed,UNSPECIFIED_DECLINE,unknown_failure,1,2026-06-26 19:13:16.069125
PAY_004315,CUST_00237,35354.85,netbanking,successful,,,1,2026-07-21 19:22:16.069125
PAY_004316,CUST_01157,19156.34,card,successful,,,1,2026-06-25 01:55:16.069125
PAY_004317,CUST_00074,40585.38,card,successful,,,1,2026-07-08 23:09:16.069125
PAY_004318,CUST_00968,90583.7,upi,successful,,,2,2026-08-13 00:12:16.069125
PAY_004319,CUST_00334,8470.65,card,successful,,,1,2026-06-28 04:53:16.069125
PAY_004320,CUST_00040,49395.07,card,successful,,,1,2026-07-02 09:28:16.069125
PAY_004321,CUST_00336,47932.22,upi,successful,,,1,2026-07-17 01:44:16.069125
PAY_004322,CUST_01743,73970.75,upi,successful,,,1,2026-08-11 16:11:16.069125
PAY_004323,CUST_01586,5049.92,upi,successful,,,1,2026-08-01 02:00:16.069125
PAY_004324,CUST_01274,41640.53,upi,failed,PROCESSING_TIMEOUT,timeout,1,2026-06-13 05:51:16.069125
PAY_004325,CUST_01991,42008.35,upi,successful,,,1,2026-06-07 09:23:16.069125
PAY_004326,CUST_01531,24393.21,card,successful,,,1,2026-07-26 17:17:16.069125
PAY_004327,CUST_00407,21869.21,upi,failed,INSUFFICIENT_BALANCE,insufficient_funds,2,2026-06-04 00:54:16.069125
PAY_004328,CUST_01506,33413.38,upi,successful,,,1,2026-07-22 05:43:16.069125
PAY_004329,CUST_00697,48424.75,netbanking,successful,,,1,2026-07-22 19:24:16.069125
PAY_004330,CUST_01814,37347.9,upi,successful,,,1,2026-08-16 23:47:16.069125
PAY_004331,CUST_01156,20617.14,card,successful,,,2,2026-06-28 15:58:16.070229
PAY_004332,CUST_00234,37889.38,card,successful,,,1,2026-08-16 09:55:16.070229
PAY_004333,CUST_01687,17278.37,netbanking,failed,INSUFFICIENT_BALANCE,insufficient_funds,1,2026-07-06 07:57:16.070229
PAY_004334,CUST_00142,5236.41,upi,successful,,,1,2026-08-09 08:16:16.070229
PAY_004335,CUST_01323,7813.67,netbanking,successful,,,1,2026-08-17 20:52:16.070229
PAY_004336,CUST_00663,11501.73,card,failed,UNSPECIFIED_DECLINE,unknown_failure,1,2026-08-10 13:05:16.070229
PAY_004337,CUST_00162,20341.18,upi,successful,,,1,2026-06-06 11:55:16.070229
PAY_004338,CUST_00811,11242.88,card,successful,,,1,2026-06-21 09:24:16.070229
PAY_004339,CUST_01570,5824.02,netbanking,successful,,,1,2026-07-29 12:48:16.070229
PAY_004340,CUST_00350,4866.52,netbanking,successful,,,1,2026-08-02 20:35:16.070229
PAY_004341,CUST_00449,6753.48,upi,successful,,,1,2026-07-25 17:51:16.070229
PAY_004342,CUST_01194,48239.77,upi,failed,BANK_TEMPORARY_ERROR,temporary_bank_failure,1,2026-08-17 16:02:16.070229
PAY_004343,CUST_01265,9869.44,upi,failed,RISK_DECLINED,risk_decline,1,2026-07-27 13:15:16.070229
PAY_004344,CUST_00655,15217.3,card,failed,FUNDS_NOT_AVAILABLE,insufficient_funds,2,2026-07-06 19:34:16.070229
PAY_004345,CUST_00544,18847.74,upi,successful,,,1,2026-07-24 23:44:16.070229
PAY_004346,CUST_00458,1323.91,netbanking,successful,,,1,2026-06-18 06:26:16.070229
PAY_004347,CUST_00477,39937.16,upi,successful,,,1,2026-07-11 01:13:16.070229
PAY_004348,CUST_01818,72469.66,netbanking,successful,,,1,2026-06-13 05:50:16.070229
PAY_004349,CUST_01380,15851.71,upi,successful,,,1,2026-07-10 02:16:16.070229
PAY_004350,CUST_00494,59228.44,netbanking,successful,,,1,2026-08-23 08:13:16.070229
PAY_004351,CUST_00634,49085.55,netbanking,failed,BANK_TEMPORARY_ERROR,temporary_bank_failure,1,2026-06-18 18:00:16.070229
PAY_004352,CUST_01434,2458.77,upi,successful,,,1,2026-06-14 20:58:16.070229
PAY_004353,CUST_00732,29236.4,upi,successful,,,1,2026-06-15 19:35:16.070229
PAY_004354,CUST_01285,8655.65,upi,failed,FUNDS_NOT_AVAILABLE,insufficient_funds,1,2026-07-25 01:51:16.070229
PAY_004355,CUST_01163,18709.63,netbanking,successful,,,1,2026-06-13 13:06:16.070229
PAY_004356,CUST_01728,7968.45,card,successful,,,1,2026-06-12 05:10:16.071320
PAY_004357,CUST_00644,47030.38,card,successful,,,1,2026-08-09 11:01:16.071320
PAY_004358,CUST_01413,31755.5,upi,successful,,,1,2026-07-01 11:50:16.071320
PAY_004359,CUST_01034,5961.26,upi,failed,INSUFFICIENT_BALANCE,insufficient_funds,1,2026-06-21 08:04:16.071320
PAY_004360,CUST_01082,20578.48,card,successful,,,2,2026-05-27 02:45:16.071320
PAY_004361,CUST_00430,40197.69,card,successful,,,1,2026-07-15 18:44:16.071320
PAY_004362,CUST_00252,16758.42,netbanking,failed,,insufficient_funds,1,2026-06-10 17:57:16.071320
PAY_004363,CUST_01410,1603.99,upi,successful,,,1,2026-06-07 07:55:16.071320
PAY_004364,CUST_00358,27522.77,upi,failed,INSTRUMENT_EXPIRED,expired_instrument,1,2026-08-25 07:17:16.071320
PAY_004365,CUST_00288,77767.28,card,successful,,,1,2026-07-26 09:30:16.071320
PAY_004366,CUST_01093,33581.99,upi,successful,,,1,2026-06-22 06:51:16.071320
PAY_004367,CUST_01185,36601.85,card,failed,POLICY_DECLINED,risk_decline,1,2026-07-09 23:03:16.071320
PAY_004368,CUST_01633,25988.16,card,successful,,,1,2026-05-31 21:31:16.071320
PAY_004369,CUST_00089,4383.84,card,failed,INSUFFICIENT_BALANCE,insufficient_funds,1,2026-06-22 15:50:16.071320
PAY_004370,CUST_00163,8162.87,upi,successful,,,1,2026-07-03 19:02:16.071320
PAY_004371,CUST_00261,49244.67,upi,successful,,,1,2026-07-04 01:58:16.071320
PAY_004372,CUST_01378,38699.94,upi,successful,,,1,2026-08-06 16:29:16.071320
PAY_004373,CUST_01788,1095.73,netbanking,successful,,,1,2026-06-03 15:31:16.071320
PAY_004374,CUST_00985,5171.65,upi,successful,,,1,2026-07-03 19:42:16.071320
PAY_004375,CUST_01022,6798.02,upi,failed,UNKNOWN_ERROR,unknown_failure,1,2026-06-13 21:45:16.071320
PAY_004376,CUST_00648,9679.97,upi,successful,,,1,2026-08-02 05:26:16.071320
PAY_004377,CUST_00906,11532.89,upi,successful,,,1,2026-06-27 18:27:16.071320
PAY_004378,CUST_00733,13659.65,upi,failed,CUSTOMER_AUTH_FAILED,authentication_failed,1,2026-08-02 08:17:16.071320
PAY_004379,CUST_00757,5551.34,upi,successful,,,1,2026-08-09 00:25:16.071320
PAY_004380,CUST_00958,36212.69,card,successful,,,2,2026-08-13 07:49:16.072413
PAY_004381,CUST_00507,39672.88,upi,successful,,,1,2026-06-03 18:31:16.072413
PAY_004382,CUST_00687,39855.21,card,failed,UNSPECIFIED_DECLINE,limit_exceeded,1,2026-06-07 00:16:16.072413
PAY_004383,CUST_00229,15853.73,upi,successful,,,1,2026-08-20 19:36:16.072413
PAY_004384,CUST_00238,13068.65,upi,successful,,,1,2026-08-12 18:42:16.072413
PAY_004385,CUST_01545,93553.82,card,failed,POLICY_DECLINED,risk_decline,1,2026-06-19 07:24:16.072413
PAY_004386,CUST_00548,32151.9,card,successful,,,1,2026-07-05 00:23:16.072413
PAY_004387,CUST_00461,12802.31,card,successful,,,1,2026-06-19 12:39:16.072413
PAY_004388,CUST_00570,27104.77,upi,successful,,,1,2026-07-09 10:49:16.072413
PAY_004389,CUST_01446,12956.97,netbanking,failed,FUNDS_NOT_AVAILABLE,insufficient_funds,2,2026-07-23 17:21:16.072413
PAY_004390,CUST_01332,21281.21,card,successful,,,1,2026-06-08 07:46:16.072413
PAY_004391,CUST_00558,1440.35,upi,successful,,,1,2026-08-06 02:44:16.072413
PAY_004392,CUST_00279,6104.31,upi,successful,,,1,2026-06-22 20:18:16.072413
PAY_004393,CUST_00490,5761.86,card,successful,,,1,2026-07-22 10:50:16.072413
PAY_004394,CUST_00289,18086.72,card,successful,,,1,2026-07-12 00:34:16.072413
PAY_004395,CUST_01381,7006.14,upi,successful,,,1,2026-08-06 20:28:16.072413
PAY_004396,CUST_01310,13182.84,upi,successful,,,2,2026-08-11 02:26:16.072413
PAY_004397,CUST_01637,36896.15,upi,successful,,,1,2026-07-08 21:44:16.072413
PAY_004398,CUST_01382,36502.69,card,failed,UNKNOWN_ERROR,unknown_failure,1,2026-08-23 01:01:16.072413
PAY_004399,CUST_01126,23519.0,card,successful,,,1,2026-07-14 10:28:16.072413
PAY_004400,CUST_00588,5049.93,card,successful,,,1,2026-07-14 22:07:16.072413
PAY_004401,CUST_01448,28297.66,card,successful,,,1,2026-06-30 11:11:16.072413
PAY_004402,CUST_01388,46154.35,card,successful,,,1,2026-05-30 02:00:16.072413
PAY_004403,CUST_01047,40780.15,upi,failed,BANK_TEMPORARY_ERROR,temporary_bank_failure,1,2026-07-28 12:47:16.072413
PAY_004404,CUST_00772,30110.99,card,successful,,,1,2026-06-14 19:32:16.072413
PAY_004405,CUST_01809,30786.06,upi,successful,,,1,2026-07-04 02:04:16.073506
PAY_004406,CUST_01207,29953.96,upi,successful,,,2,2026-06-09 06:57:16.073506
PAY_004407,CUST_01153,9103.65,upi,successful,,,2,2026-06-29 06:23:16.073506
PAY_004408,CUST_00947,27048.08,upi,successful,,,1,2026-06-25 03:32:16.073506
PAY_004409,CUST_01497,8795.13,upi,successful,,,1,2026-06-12 18:27:16.073506
PAY_004410,CUST_00953,34438.32,upi,successful,,,1,2026-06-09 20:55:16.073506
PAY_004411,CUST_01828,13485.8,netbanking,failed,POLICY_DECLINED,risk_decline,1,2026-07-29 18:19:16.073506
PAY_004412,CUST_00012,28740.79,upi,failed,INSUFFICIENT_BALANCE,insufficient_funds,1,2026-06-23 18:55:16.073506
PAY_004413,CUST_00328,18116.58,card,successful,,,3,2026-08-14 16:28:16.073506
PAY_004414,CUST_01010,20084.28,upi,successful,,,1,2026-08-02 07:15:16.073506
PAY_004415,CUST_01961,23997.55,upi,successful,,,1,2026-07-16 09:22:16.073506
PAY_004416,CUST_01962,43190.02,card,successful,,,1,2026-07-29 15:40:16.073506
PAY_004417,CUST_00932,58926.26,card,successful,,,1,2026-07-19 13:26:16.073506
PAY_004418,CUST_00088,1566.06,card,successful,,,1,2026-06-12 12:54:16.073506
PAY_004419,CUST_00199,22910.44,upi,successful,,,1,2026-08-04 20:39:16.073506
PAY_004420,CUST_01739,21249.56,card,successful,,,1,2026-07-10 20:16:16.073506
PAY_004421,CUST_01192,36918.18,card,successful,,,1,2026-08-12 07:15:16.073506
PAY_004422,CUST_01871,90226.67,upi,successful,,,1,2026-07-11 15:35:16.073506
PAY_004423,CUST_00152,32255.09,upi,successful,,,1,2026-07-04 21:07:16.073506
PAY_004424,CUST_01594,612.19,upi,successful,,,1,2026-08-01 06:08:16.073506
PAY_004425,CUST_00256,13584.77,netbanking,successful,,,1,2026-07-14 07:30:16.073506
PAY_004426,CUST_00408,24970.88,card,successful,,,1,2026-07-14 03:57:16.073506
PAY_004427,CUST_00880,2976.23,upi,successful,,,1,2026-08-04 09:52:16.073506
PAY_004428,CUST_01786,7172.93,card,failed,PROCESSING_TIMEOUT,timeout,1,2026-06-24 01:18:16.073506
PAY_004429,CUST_00925,10694.33,upi,failed,INSUFFICIENT_BALANCE,insufficient_funds,1,2026-08-01 12:02:16.073506
PAY_004430,CUST_01443,6955.4,upi,successful,,,1,2026-08-24 23:53:16.074624
PAY_004431,CUST_01150,48980.43,netbanking,successful,,,1,2026-06-11 06:04:16.074624
PAY_004432,CUST_00110,29560.53,upi,successful,,,1,2026-07-01 02:04:16.074624
PAY_004433,CUST_00229,4047.79,upi,successful,,,2,2026-07-01 07:55:16.074624
PAY_004434,CUST_01307,15655.06,upi,successful,,,1,2026-07-09 01:52:16.074624
PAY_004435,CUST_00471,27016.77,card,successful,,,1,2026-08-17 06:26:16.074624
PAY_004436,CUST_00604,7678.64,card,failed,UNSPECIFIED_DECLINE,insufficient_funds,1,2026-08-18 19:22:16.074624
PAY_004437,CUST_00896,29838.24,card,successful,,,3,2026-06-22 07:04:16.074624
PAY_004438,CUST_00050,18635.45,upi,successful,,,1,2026-06-08 03:10:16.074624
PAY_004439,CUST_01159,9506.59,upi,successful,,,1,2026-07-03 06:12:16.074624
PAY_004440,CUST_01357,21310.79,upi,successful,,,1,2026-06-21 10:46:16.074624
PAY_004441,CUST_01972,10542.29,upi,failed,CUSTOMER_AUTH_FAILED,authentication_failed,1,2026-07-28 21:04:16.074624
PAY_004442,CUST_00613,48184.5,upi,successful,,,1,2026-06-01 19:09:16.074624
PAY_004443,CUST_01620,39786.41,upi,failed,NETWORK_TIMEOUT,timeout,1,2026-07-13 12:42:16.074624
PAY_004444,CUST_01180,49872.38,card,successful,,,2,2026-07-25 11:51:16.074624
PAY_004445,CUST_00112,17393.23,card,successful,,,1,2026-08-09 09:09:16.074624
PAY_004446,CUST_01909,30552.67,card,successful,,,1,2026-06-24 14:39:16.074624
PAY_004447,CUST_01283,23307.64,netbanking,successful,,,2,2026-07-08 23:12:16.074624
PAY_004448,CUST_01804,36070.61,upi,successful,,,2,2026-07-01 01:32:16.074624
PAY_004449,CUST_00492,7159.1,upi,successful,,,1,2026-06-11 12:04:16.074624
PAY_004450,CUST_00245,21916.56,upi,successful,,,1,2026-06-18 21:14:16.074624
PAY_004451,CUST_00700,19266.31,card,failed,INSUFFICIENT_BALANCE,insufficient_funds,1,2026-07-27 17:36:16.074624
PAY_004452,CUST_01924,19350.13,card,successful,,,1,2026-06-26 23:23:16.074624
PAY_004453,CUST_01101,5975.4,upi,successful,,,1,2026-08-05 16:04:16.074624
PAY_004454,CUST_00196,55331.34,upi,successful,,,1,2026-06-29 02:56:16.074624
PAY_004455,CUST_01319,3770.54,card,failed,FUNDS_NOT_AVAILABLE,insufficient_funds,1,2026-06-08 01:46:16.074624
PAY_004456,CUST_00390,78383.23,upi,successful,,,1,2026-06-24 18:47:16.075713
PAY_004457,CUST_01722,10106.45,netbanking,successful,,,1,2026-06-08 20:08:16.075713
PAY_004458,CUST_01776,46630.55,upi,failed,CARD_EXPIRED,expired_instrument,1,2026-08-08 23:47:16.075713
PAY_004459,CUST_01614,34394.96,upi,successful,,,1,2026-06-18 05:49:16.075713
PAY_004460,CUST_00161,3611.12,card,successful,,,1,2026-06-29 08:10:16.075713
PAY_004461,CUST_01746,47960.07,netbanking,successful,,,1,2026-05-31 05:51:16.075713
PAY_004462,CUST_01717,30644.04,card,failed,INSUFFICIENT_BALANCE,insufficient_funds,1,2026-07-06 12:27:16.075713
PAY_004463,CUST_01712,29630.26,upi,successful,,,1,2026-07-17 05:43:16.075713
PAY_004464,CUST_00486,68781.45,upi,successful,,,1,2026-08-23 17:36:16.075713
PAY_004465,CUST_01095,10562.99,upi,successful,,,1,2026-07-25 01:43:16.075713
PAY_004466,CUST_00630,49914.22,upi,successful,,,1,2026-06-07 15:45:16.075713
PAY_004467,CUST_00997,46479.01,upi,successful,,,1,2026-07-22 10:59:16.075713
PAY_004468,CUST_01855,4484.8,upi,successful,,,1,2026-07-12 11:01:16.075713
PAY_004469,CUST_01899,24431.64,upi,successful,,,1,2026-08-02 07:45:16.075713
PAY_004470,CUST_01524,56584.22,upi,successful,,,1,2026-07-21 22:34:16.075713
PAY_004471,CUST_00687,27114.27,upi,successful,,,1,2026-06-07 05:21:16.075713
PAY_004472,CUST_00981,15953.52,upi,successful,,,1,2026-06-22 20:30:16.075713
PAY_004473,CUST_00951,17415.19,upi,failed,CUSTOMER_AUTH_FAILED,authentication_failed,2,2026-06-04 17:31:16.075713
PAY_004474,CUST_01156,22527.87,netbanking,successful,,,1,2026-06-26 00:49:16.075713
PAY_004475,CUST_00314,19537.7,upi,failed,BANK_TEMPORARY_ERROR,temporary_bank_failure,1,2026-06-15 07:40:16.075713
PAY_004476,CUST_01503,45854.88,card,successful,,,1,2026-07-16 17:58:16.075713
PAY_004477,CUST_01944,22359.87,card,failed,CARD_BLOCKED,blocked_instrument,1,2026-08-01 12:57:16.075713
PAY_004478,CUST_00967,16393.63,card,successful,,,1,2026-06-26 05:36:16.076723
PAY_004479,CUST_01455,4537.83,card,successful,,,1,2026-08-02 21:46:16.076723
PAY_004480,CUST_00804,42052.29,upi,successful,,,1,2026-07-25 01:55:16.076723
PAY_004481,CUST_01368,40645.72,upi,successful,,,1,2026-08-20 10:22:16.076723
PAY_004482,CUST_00178,86148.0,upi,successful,,,1,2026-07-15 19:06:16.076723
PAY_004483,CUST_00148,46022.36,upi,successful,,,1,2026-06-19 22:47:16.076723
PAY_004484,CUST_01550,68072.24,upi,successful,,,1,2026-08-01 08:40:16.076723
PAY_004485,CUST_00760,32911.99,netbanking,successful,,,1,2026-07-31 12:39:16.076723
PAY_004486,CUST_01638,1490.94,upi,successful,,,1,2026-08-21 22:51:16.076723
PAY_004487,CUST_01497,17857.47,card,failed,AUTHENTICATION_FAILED,authentication_failed,1,2026-07-08 14:24:16.076723
PAY_004488,CUST_01258,5138.34,card,failed,AUTHENTICATION_FAILED,authentication_failed,1,2026-07-22 04:11:16.076723
PAY_004489,CUST_01909,49130.61,upi,successful,,,1,2026-07-22 18:12:16.076723
PAY_004490,CUST_01102,27327.59,card,successful,,,1,2026-05-30 11:38:16.076723
PAY_004491,CUST_01493,16426.04,netbanking,successful,,,1,2026-07-07 00:59:16.076723
PAY_004492,CUST_00737,14219.66,netbanking,successful,,,1,2026-07-14 10:15:16.076723
PAY_004493,CUST_00446,6727.71,card,successful,,,1,2026-07-28 14:19:16.076723
PAY_004494,CUST_01474,38488.73,upi,successful,,,1,2026-08-16 20:55:16.076723
PAY_004495,CUST_00082,16621.49,upi,successful,,,2,2026-07-09 12:21:16.076723
PAY_004496,CUST_01399,14095.34,netbanking,successful,,,1,2026-06-05 05:15:16.076723
PAY_004497,CUST_01570,11828.62,card,failed,BANK_SERVICE_UNAVAILABLE,temporary_bank_failure,1,2026-08-08 11:45:16.076723
PAY_004498,CUST_00084,24267.66,upi,successful,,,1,2026-06-02 03:41:16.076723
PAY_004499,CUST_01440,40177.58,card,successful,,,1,2026-08-20 07:51:16.076723
PAY_004500,CUST_00448,6789.79,card,successful,,,1,2026-07-02 18:31:16.076723
PAY_004501,CUST_00594,17809.84,upi,successful,,,2,2026-07-05 06:48:16.076723
PAY_004502,CUST_00315,5915.79,upi,successful,,,1,2026-08-08 23:41:16.076723
PAY_004503,CUST_00945,45035.75,card,successful,,,2,2026-08-01 14:20:16.076723
PAY_004504,CUST_00550,56010.75,card,failed,POLICY_DECLINED,risk_decline,1,2026-07-25 05:59:16.076723
PAY_004505,CUST_00496,15501.3,upi,successful,,,1,2026-06-27 10:34:16.076723
PAY_004506,CUST_01553,38037.19,netbanking,successful,,,1,2026-07-17 05:04:16.076723
PAY_004507,CUST_00830,19003.13,card,failed,POLICY_DECLINED,risk_decline,2,2026-08-21 16:05:16.076723
PAY_004508,CUST_01865,74871.27,card,successful,,,1,2026-06-16 11:13:16.076723
PAY_004509,CUST_00768,46984.04,upi,successful,,,1,2026-08-03 18:55:16.078040
PAY_004510,CUST_01220,50887.9,netbanking,successful,,,1,2026-07-05 00:45:16.078040
PAY_004511,CUST_00776,23085.53,upi,failed,PROCESSING_TIMEOUT,timeout,1,2026-06-22 12:28:16.078040
PAY_004512,CUST_00112,7062.27,upi,successful,,,1,2026-07-08 06:35:16.078040
PAY_004513,CUST_00118,37681.47,upi,successful,,,1,2026-06-20 17:12:16.078040
PAY_004514,CUST_00492,4247.91,upi,successful,,,1,2026-08-01 20:05:16.078040
PAY_004515,CUST_00218,11611.27,card,successful,,,1,2026-08-12 22:55:16.078040
PAY_004516,CUST_00619,2983.09,upi,failed,FUNDS_NOT_AVAILABLE,insufficient_funds,1,2026-06-16 00:34:16.078040
PAY_004517,CUST_01781,17894.74,upi,successful,,,1,2026-07-10 05:09:16.078040
PAY_004518,CUST_01835,19501.52,upi,successful,,,1,2026-07-03 22:41:16.078040
PAY_004519,CUST_00264,1171.62,upi,successful,,,1,2026-08-11 19:18:16.078040
PAY_004520,CUST_01703,18884.81,upi,successful,,,1,2026-07-09 14:37:16.078040
PAY_004521,CUST_01374,34007.51,card,successful,,,1,2026-07-22 14:50:16.078040
PAY_004522,CUST_01437,41986.03,upi,successful,,,1,2026-08-18 12:23:16.078040
PAY_004523,CUST_01832,10338.74,upi,successful,,,1,2026-06-20 09:00:16.078040
PAY_004524,CUST_01876,1161.49,card,successful,,,1,2026-06-05 02:28:16.078040
PAY_004525,CUST_01281,31867.98,card,successful,,,1,2026-07-28 04:59:16.078040
PAY_004526,CUST_00736,28532.76,upi,successful,,,1,2026-05-30 15:21:16.078040
PAY_004527,CUST_00892,11720.98,upi,successful,,,1,2026-08-17 01:05:16.078040
PAY_004528,CUST_01954,10399.0,card,successful,,,1,2026-08-25 03:43:16.078040
PAY_004529,CUST_01023,31623.03,upi,successful,,,1,2026-06-28 16:31:16.078040
PAY_004530,CUST_00913,26558.67,upi,successful,,,1,2026-07-16 22:22:16.078040
PAY_004531,CUST_01488,30506.6,card,failed,BANK_SERVICE_UNAVAILABLE,temporary_bank_failure,1,2026-07-29 20:40:16.078040
PAY_004532,CUST_01884,14438.33,netbanking,successful,,,1,2026-06-17 08:15:16.078040
PAY_004533,CUST_01003,3385.6,upi,successful,,,1,2026-07-30 20:36:16.078040
PAY_004534,CUST_01675,12095.64,upi,successful,,,1,2026-05-27 12:08:16.078040
PAY_004535,CUST_00597,8148.41,card,successful,,,1,2026-07-08 22:49:16.078040
PAY_004536,CUST_01932,34665.53,upi,successful,,,1,2026-07-20 17:48:16.079147
PAY_004537,CUST_01202,11945.26,netbanking,successful,,,1,2026-07-10 18:50:16.079147
PAY_004538,CUST_01005,35642.64,card,successful,,,1,2026-08-23 18:22:16.079147
PAY_004539,CUST_00706,25323.21,upi,successful,,,1,2026-08-17 12:17:16.079147
PAY_004540,CUST_01094,4432.86,upi,failed,CUSTOMER_AUTH_FAILED,authentication_failed,1,2026-07-31 06:51:16.079147
PAY_004541,CUST_00141,23406.86,upi,successful,,,1,2026-06-14 03:47:16.079147
PAY_004542,CUST_00469,964.19,upi,successful,,,1,2026-06-22 22:39:16.079147
PAY_004543,CUST_00874,2652.93,upi,successful,,,1,2026-07-01 13:37:16.079147
PAY_004544,CUST_00080,19213.24,upi,successful,,,1,2026-06-29 03:44:16.079147
PAY_004545,CUST_01838,15077.25,card,successful,,,1,2026-07-28 12:39:16.079147
PAY_004546,CUST_01808,42621.65,upi,successful,,,2,2026-06-25 12:03:16.079147
PAY_004547,CUST_01532,6348.2,upi,successful,,,1,2026-06-14 20:55:16.079147
PAY_004548,CUST_01881,29659.09,upi,failed,BANK_TEMPORARY_ERROR,temporary_bank_failure,1,2026-06-18 19:13:16.079147
PAY_004549,CUST_01065,20407.69,upi,successful,,,2,2026-06-17 07:27:16.079147
PAY_004550,CUST_00737,7267.44,upi,successful,,,1,2026-08-07 20:08:16.079147
PAY_004551,CUST_00999,11127.59,upi,successful,,,1,2026-07-31 01:55:16.079147
PAY_004552,CUST_00297,15577.59,upi,successful,,,1,2026-06-25 00:54:16.079147
PAY_004553,CUST_00286,9623.16,upi,successful,,,1,2026-08-16 15:56:16.079147
PAY_004554,CUST_00649,33285.39,upi,successful,,,1,2026-06-17 22:49:16.079147
PAY_004555,CUST_01403,40073.95,card,successful,,,1,2026-06-15 17:38:16.079147
PAY_004556,CUST_01536,46052.17,card,successful,,,2,2026-07-09 23:55:16.079147
PAY_004557,CUST_01570,34858.25,upi,successful,,,1,2026-07-09 20:19:16.079147
PAY_004558,CUST_01214,33554.73,card,successful,,,1,2026-08-25 15:39:16.079147
PAY_004559,CUST_00402,22589.26,upi,successful,,,1,2026-05-27 01:15:16.079147
PAY_004560,CUST_00723,12469.21,card,successful,,,1,2026-07-05 02:20:16.079147
PAY_004561,CUST_01103,41578.99,upi,successful,,,2,2026-08-06 10:32:16.079147
PAY_004562,CUST_00406,17744.41,upi,successful,,,1,2026-07-07 16:07:16.080239
PAY_004563,CUST_00681,34505.21,upi,failed,INSUFFICIENT_BALANCE,insufficient_funds,1,2026-06-22 13:52:16.080239
PAY_004564,CUST_01751,22566.78,netbanking,successful,,,1,2026-08-17 01:08:16.080239
PAY_004565,CUST_01272,14660.58,upi,successful,,,1,2026-08-03 17:09:16.080239
PAY_004566,CUST_00580,16923.19,upi,successful,,,1,2026-05-29 10:13:16.080239
PAY_004567,CUST_01400,28077.97,upi,successful,,,2,2026-06-28 20:47:16.080239
PAY_004568,CUST_00746,14943.26,card,successful,,,1,2026-08-08 16:22:16.080239
PAY_004569,CUST_01253,18699.56,card,successful,,,2,2026-06-09 16:10:16.080239
PAY_004570,CUST_00894,48893.66,upi,successful,,,1,2026-07-01 05:58:16.080239
PAY_004571,CUST_01602,15260.56,netbanking,successful,,,1,2026-06-03 12:41:16.080239
PAY_004572,CUST_01786,12948.93,upi,successful,,,1,2026-05-31 07:00:16.080239
PAY_004573,CUST_01537,41707.26,upi,successful,,,1,2026-07-03 11:20:16.080239
PAY_004574,CUST_01368,2720.99,netbanking,successful,,,1,2026-06-19 08:28:16.080239
PAY_004575,CUST_00093,93692.77,upi,successful,,,2,2026-07-14 22:55:16.080239
PAY_004576,CUST_01475,47061.31,upi,successful,,,1,2026-07-09 04:51:16.080239
PAY_004577,CUST_00448,36351.64,upi,successful,,,1,2026-07-09 08:06:16.080239
PAY_004578,CUST_01889,46464.22,upi,successful,,,1,2026-06-02 15:14:16.080239
PAY_004579,CUST_01002,6605.98,upi,successful,,,1,2026-06-21 07:49:16.080239
PAY_004580,CUST_01908,68112.41,card,successful,,,1,2026-08-17 22:57:16.080239
PAY_004581,CUST_01116,32962.56,upi,successful,,,1,2026-06-06 05:19:16.080239
PAY_004582,CUST_01582,37707.29,upi,failed,AUTHENTICATION_FAILED,authentication_failed,1,2026-07-25 08:23:16.080239
PAY_004583,CUST_00443,5403.9,netbanking,failed,NETWORK_TIMEOUT,timeout,1,2026-08-25 01:55:16.080239
PAY_004584,CUST_00542,14702.92,upi,successful,,,1,2026-07-02 18:14:16.080239
PAY_004585,CUST_00747,9308.04,netbanking,successful,,,2,2026-07-30 19:01:16.080239
PAY_004586,CUST_00088,28965.36,upi,successful,,,1,2026-08-06 02:57:16.080239
PAY_004587,CUST_01159,13196.19,card,failed,BANK_TEMPORARY_ERROR,temporary_bank_failure,1,2026-07-27 06:10:16.080239
PAY_004588,CUST_00410,23354.13,upi,failed,CUSTOMER_AUTH_FAILED,authentication_failed,1,2026-06-17 08:49:16.081333
PAY_004589,CUST_00893,37451.06,card,failed,FUNDS_NOT_AVAILABLE,insufficient_funds,1,2026-07-07 15:13:16.081333
PAY_004590,CUST_01707,1101.72,card,successful,,,1,2026-07-30 20:12:16.081333
PAY_004591,CUST_00613,20713.27,upi,successful,,,2,2026-06-07 05:47:16.081333
PAY_004592,CUST_01460,11910.33,card,successful,,,1,2026-06-30 12:08:16.081333
PAY_004593,CUST_00942,3350.56,upi,successful,,,1,2026-05-30 17:01:16.081333
PAY_004594,CUST_00285,40076.13,netbanking,successful,,,1,2026-07-27 05:40:16.081333
PAY_004595,CUST_01787,2775.26,upi,successful,,,1,2026-08-25 08:47:16.081333
PAY_004596,CUST_00388,34079.86,card,successful,,,1,2026-07-14 18:00:16.081333
PAY_004597,CUST_00379,10130.78,upi,successful,,,1,2026-08-04 01:17:16.081333
PAY_004598,CUST_01464,10572.85,upi,failed,BANK_SERVICE_UNAVAILABLE,temporary_bank_failure,1,2026-06-09 04:48:16.081333
PAY_004599,CUST_00497,25674.26,card,failed,INSTRUMENT_EXPIRED,expired_instrument,1,2026-08-14 03:41:16.081333
PAY_004600,CUST_00148,3705.29,card,failed,FUNDS_NOT_AVAILABLE,insufficient_funds,1,2026-07-14 15:46:16.081333
PAY_004601,CUST_00183,32639.33,card,successful,,,1,2026-08-17 09:22:16.081333
PAY_004602,CUST_01186,39790.68,upi,successful,,,1,2026-08-17 13:17:16.081333
PAY_004603,CUST_00671,50942.91,upi,successful,,,1,2026-08-11 19:02:16.081333
PAY_004604,CUST_00236,23263.91,card,successful,,,1,2026-06-16 13:44:16.081333
PAY_004605,CUST_01687,12074.84,netbanking,successful,,,1,2026-06-02 10:00:16.081333
PAY_004606,CUST_00682,6968.55,card,successful,,,1,2026-08-11 08:53:16.081333
PAY_004607,CUST_00037,10139.09,card,successful,,,1,2026-06-28 15:17:16.081333
PAY_004608,CUST_00477,49121.3,card,successful,,,1,2026-05-29 11:44:16.081333
PAY_004609,CUST_00656,39041.88,netbanking,successful,,,1,2026-06-30 03:15:16.081333
PAY_004610,CUST_01251,41471.98,upi,successful,,,1,2026-07-15 19:23:16.081333
PAY_004611,CUST_01046,13842.1,upi,successful,,,1,2026-06-11 08:12:16.081333
PAY_004612,CUST_00164,8286.33,upi,successful,,,1,2026-05-30 08:28:16.081333
PAY_004613,CUST_00357,2505.38,upi,failed,NETWORK_TIMEOUT,timeout,1,2026-07-01 02:18:16.081333
PAY_004614,CUST_01406,1118.29,upi,successful,,,1,2026-08-21 20:22:16.082425
PAY_004615,CUST_00513,13976.06,netbanking,successful,,,1,2026-06-05 19:34:16.082425
PAY_004616,CUST_00067,33225.93,upi,failed,INSUFFICIENT_BALANCE,insufficient_funds,1,2026-07-14 11:01:16.082425
PAY_004617,CUST_00441,40717.57,card,successful,,,1,2026-07-09 16:01:16.082425
PAY_004618,CUST_01412,13909.72,upi,successful,,,1,2026-05-30 23:20:16.082425
PAY_004619,CUST_01061,24794.4,upi,successful,,,1,2026-08-24 13:10:16.082425
PAY_004620,CUST_01565,1620.13,upi,successful,,,1,2026-08-13 13:29:16.082425
PAY_004621,CUST_00445,12971.1,upi,failed,FUNDS_NOT_AVAILABLE,insufficient_funds,1,2026-08-03 02:47:16.082425
PAY_004622,CUST_00118,1662.43,netbanking,successful,,,1,2026-06-14 11:29:16.082425
PAY_004623,CUST_00249,23082.69,upi,successful,,,1,2026-05-30 00:40:16.082425
PAY_004624,CUST_00648,42754.09,upi,successful,,,1,2026-07-13 17:08:16.082425
PAY_004625,CUST_00239,21657.16,card,successful,,,1,2026-07-16 11:49:16.082425
PAY_004626,CUST_00279,1049.41,upi,failed,BANK_TEMPORARY_ERROR,temporary_bank_failure,2,2026-06-27 08:25:16.082425
PAY_004627,CUST_00675,11014.31,upi,successful,,,2,2026-08-24 17:16:16.082425
PAY_004628,CUST_01327,89126.44,upi,failed,CUSTOMER_AUTH_FAILED,authentication_failed,1,2026-06-02 09:47:16.082425
PAY_004629,CUST_01805,16335.09,upi,successful,,,1,2026-06-02 08:40:16.082425
PAY_004630,CUST_00980,13491.08,netbanking,failed,FUNDS_NOT_AVAILABLE,insufficient_funds,1,2026-08-15 05:38:16.082425
PAY_004631,CUST_01505,38237.33,card,successful,,,2,2026-07-29 21:49:16.082425
PAY_004632,CUST_00274,13503.56,card,successful,,,1,2026-06-02 14:21:16.082425
PAY_004633,CUST_01959,34858.46,upi,successful,,,1,2026-08-23 19:03:16.082425
PAY_004634,CUST_00890,6973.59,netbanking,successful,,,1,2026-07-23 23:09:16.082425
PAY_004635,CUST_01349,95529.61,upi,successful,,,1,2026-07-13 20:36:16.082425
PAY_004636,CUST_01939,88350.6,upi,successful,,,1,2026-06-24 08:53:16.082425
PAY_004637,CUST_01824,7556.91,upi,successful,,,2,2026-07-06 13:57:16.082425
PAY_004638,CUST_00478,19666.86,card,successful,,,1,2026-05-30 05:10:16.082425
PAY_004639,CUST_01860,44035.3,card,successful,,,1,2026-08-12 22:36:16.083515
PAY_004640,CUST_00406,16553.79,upi,successful,,,1,2026-08-10 09:54:16.083515
PAY_004641,CUST_00080,13024.37,card,failed,FUNDS_NOT_AVAILABLE,insufficient_funds,1,2026-08-10 16:29:16.083515
PAY_004642,CUST_01402,19570.0,netbanking,failed,PROCESSING_TIMEOUT,timeout,1,2026-08-11 10:59:16.083515
PAY_004643,CUST_01358,35189.64,upi,successful,,,1,2026-07-13 07:58:16.083515
PAY_004644,CUST_01499,11349.34,card,failed,INSUFFICIENT_BALANCE,insufficient_funds,1,2026-07-21 18:13:16.083515
PAY_004645,CUST_01529,19579.19,upi,successful,,,1,2026-07-06 03:05:16.083515
PAY_004646,CUST_01721,6124.34,card,successful,,,1,2026-07-17 00:10:16.083515
PAY_004647,CUST_00689,7260.47,card,successful,,,1,2026-06-11 02:55:16.083515
PAY_004648,CUST_01996,46625.82,netbanking,successful,,,1,2026-06-30 10:41:16.083515
PAY_004649,CUST_01794,14158.1,upi,successful,,,1,2026-07-29 15:26:16.083515
PAY_004650,CUST_00943,56173.87,card,failed,RISK_DECLINED,risk_decline,1,2026-08-25 09:26:16.083515
PAY_004651,CUST_00254,34868.92,card,successful,,,1,2026-07-30 08:31:16.083515
PAY_004652,CUST_00090,23280.83,upi,successful,,,1,2026-07-25 15:52:16.083515
PAY_004653,CUST_00671,63614.04,card,successful,,,1,2026-07-30 21:20:16.083515
PAY_004654,CUST_00721,6872.08,card,failed,UNKNOWN_ERROR,unknown_failure,1,2026-08-13 16:11:16.083515
PAY_004655,CUST_01385,8804.16,card,failed,LIMIT_EXCEEDED,limit_exceeded,1,2026-06-01 07:02:16.083515
PAY_004656,CUST_00132,37046.82,upi,successful,,,1,2026-08-23 00:22:16.083515
PAY_004657,CUST_00454,42976.32,upi,successful,,,1,2026-07-19 04:13:16.083515
PAY_004658,CUST_00984,2028.87,upi,successful,,,1,2026-08-25 03:07:16.083515
PAY_004659,CUST_01573,23421.67,card,successful,,,3,2026-08-19 02:15:16.083515
PAY_004660,CUST_00464,11151.66,upi,successful,,,1,2026-08-08 16:17:16.083515
PAY_004661,CUST_01549,26865.78,card,failed,INSUFFICIENT_BALANCE,insufficient_funds,1,2026-06-28 15:24:16.083515
PAY_004662,CUST_00600,38019.18,upi,failed,FUNDS_NOT_AVAILABLE,insufficient_funds,1,2026-08-25 13:16:16.084614
PAY_004663,CUST_01367,2694.89,upi,successful,,,1,2026-07-30 15:59:16.084614
PAY_004664,CUST_00288,50021.81,upi,successful,,,1,2026-06-09 09:48:16.084614
PAY_004665,CUST_00342,54225.56,netbanking,failed,CARD_BLOCKED,blocked_instrument,2,2026-06-09 23:25:16.084614
PAY_004666,CUST_01720,14768.49,upi,successful,,,1,2026-08-23 20:41:16.084614
PAY_004667,CUST_01109,33922.19,card,successful,,,1,2026-06-10 09:10:16.084614
PAY_004668,CUST_01918,32308.74,upi,failed,PROCESSING_TIMEOUT,timeout,1,2026-06-24 18:54:16.084614
PAY_004669,CUST_00846,48858.45,upi,successful,,,1,2026-07-16 08:23:16.084614
PAY_004670,CUST_01777,5694.92,card,successful,,,1,2026-06-16 05:01:16.084614
PAY_004671,CUST_01132,12963.74,card,failed,BANK_TEMPORARY_ERROR,temporary_bank_failure,1,2026-05-31 12:05:16.084614
PAY_004672,CUST_00593,3784.75,netbanking,successful,,,1,2026-06-18 21:41:16.084614
PAY_004673,CUST_00510,18753.72,upi,successful,,,1,2026-06-16 01:48:16.084614
PAY_004674,CUST_00178,34909.67,upi,successful,,,1,2026-07-31 08:23:16.084614
PAY_004675,CUST_00309,9528.56,upi,successful,,,1,2026-07-17 19:41:16.084614
PAY_004676,CUST_01232,39554.35,upi,failed,INSUFFICIENT_BALANCE,insufficient_funds,1,2026-06-12 15:18:16.084614
PAY_004677,CUST_00352,10196.45,netbanking,successful,,,1,2026-06-12 06:43:16.084614
PAY_004678,CUST_01989,49220.78,upi,successful,,,1,2026-06-30 07:45:16.084614
PAY_004679,CUST_00979,19013.85,netbanking,successful,,,1,2026-06-20 08:07:16.084614
PAY_004680,CUST_01832,31212.11,card,failed,FUNDS_NOT_AVAILABLE,insufficient_funds,1,2026-06-14 18:58:16.084614
PAY_004681,CUST_00550,64200.1,card,successful,,,1,2026-06-28 03:06:16.084614
PAY_004682,CUST_01209,15046.67,card,successful,,,1,2026-08-14 18:50:16.084614
PAY_004683,CUST_00716,82736.16,card,successful,,,1,2026-06-07 17:04:16.084614
PAY_004684,CUST_00816,33868.0,card,failed,LIMIT_EXCEEDED,limit_exceeded,1,2026-08-14 20:22:16.084614
PAY_004685,CUST_01669,10160.72,upi,successful,,,2,2026-07-04 07:23:16.084614
PAY_004686,CUST_01810,17889.05,upi,successful,,,1,2026-08-10 19:09:16.084614
PAY_004687,CUST_00406,9673.31,upi,successful,,,1,2026-07-30 17:06:16.084614
PAY_004688,CUST_00927,3810.78,upi,successful,,,1,2026-07-16 17:03:16.084614
PAY_004689,CUST_00397,14312.66,upi,successful,,,1,2026-08-08 23:21:16.084614
PAY_004690,CUST_01004,9794.89,upi,successful,,,1,2026-07-02 02:29:16.084614
PAY_004691,CUST_01785,18073.65,upi,successful,,,1,2026-07-22 21:56:16.085903
PAY_004692,CUST_01414,30211.35,upi,successful,,,1,2026-06-10 05:37:16.085903
PAY_004693,CUST_01408,24045.96,upi,successful,,,1,2026-07-09 09:50:16.085903
PAY_004694,CUST_00244,36773.39,upi,failed,POLICY_DECLINED,risk_decline,2,2026-07-25 05:58:16.085903
PAY_004695,CUST_00840,6919.56,card,successful,,,1,2026-07-30 20:51:16.085903
PAY_004696,CUST_01207,1028.37,card,successful,,,1,2026-05-29 21:55:16.085903
PAY_004697,CUST_00547,5871.22,card,successful,,,1,2026-08-05 16:23:16.085903
PAY_004698,CUST_00087,13045.79,upi,failed,AUTHENTICATION_FAILED,authentication_failed,2,2026-05-29 22:39:16.085903
PAY_004699,CUST_00044,18910.84,upi,failed,TRANSACTION_LIMIT_EXCEEDED,limit_exceeded,1,2026-06-29 00:14:16.085903
PAY_004700,CUST_00444,16809.7,upi,successful,,,1,2026-08-16 05:40:16.085903
PAY_004701,CUST_00790,35231.66,upi,successful,,,1,2026-07-16 01:48:16.085903
PAY_004702,CUST_01079,6554.75,upi,failed,BANK_SERVICE_UNAVAILABLE,temporary_bank_failure,1,2026-06-08 07:57:16.085903
PAY_004703,CUST_01461,24431.21,card,failed,,expired_instrument,2,2026-07-20 01:46:16.085903
PAY_004704,CUST_01124,47496.54,upi,successful,,,1,2026-06-17 23:49:16.085903
PAY_004705,CUST_01544,5013.94,card,successful,,,1,2026-06-06 15:02:16.085903
PAY_004706,CUST_01895,68111.54,netbanking,failed,RISK_DECLINED,risk_decline,1,2026-08-18 04:57:16.085903
PAY_004707,CUST_01153,8035.47,upi,successful,,,1,2026-07-05 18:28:16.085903
PAY_004708,CUST_01703,25612.85,netbanking,successful,,,1,2026-07-27 00:43:16.085903
PAY_004709,CUST_01401,30571.14,card,successful,,,1,2026-06-30 23:26:16.085903
PAY_004710,CUST_01051,95690.78,netbanking,successful,,,1,2026-07-14 17:51:16.085903
PAY_004711,CUST_01954,18404.96,netbanking,successful,,,2,2026-08-17 21:11:16.085903
PAY_004712,CUST_00437,2595.87,card,successful,,,1,2026-06-14 23:53:16.085903
PAY_004713,CUST_00158,21927.8,upi,successful,,,1,2026-07-19 17:24:16.085903
PAY_004714,CUST_01180,28899.85,upi,successful,,,1,2026-06-05 04:23:16.085903
PAY_004715,CUST_01614,7576.08,card,successful,,,2,2026-06-07 02:35:16.086999
PAY_004716,CUST_00368,14955.77,card,failed,,timeout,1,2026-08-20 20:16:16.086999
PAY_004717,CUST_00681,2820.89,upi,successful,,,2,2026-08-10 01:01:16.086999
PAY_004718,CUST_01127,21408.78,netbanking,successful,,,1,2026-06-10 17:07:16.086999
PAY_004719,CUST_00747,39907.33,upi,successful,,,1,2026-07-19 10:02:16.086999
PAY_004720,CUST_01412,48582.53,card,successful,,,1,2026-05-28 08:19:16.086999
PAY_004721,CUST_00966,94852.51,card,successful,,,1,2026-05-29 21:22:16.086999
PAY_004722,CUST_00925,2822.65,upi,successful,,,1,2026-06-30 04:48:16.086999
PAY_004723,CUST_01505,24503.23,upi,failed,CARD_EXPIRED,expired_instrument,1,2026-08-12 02:06:16.086999
PAY_004724,CUST_01857,5046.68,card,failed,CUSTOMER_AUTH_FAILED,authentication_failed,3,2026-06-28 23:23:16.086999
PAY_004725,CUST_01768,20854.72,upi,successful,,,1,2026-07-08 08:51:16.086999
PAY_004726,CUST_00466,45591.63,upi,successful,,,1,2026-06-29 04:16:16.086999
PAY_004727,CUST_00878,49158.86,card,failed,PROCESSING_TIMEOUT,timeout,1,2026-07-15 05:07:16.086999
PAY_004728,CUST_01853,5463.68,card,successful,,,2,2026-07-21 20:38:16.086999
PAY_004729,CUST_00511,46620.44,upi,successful,,,1,2026-07-06 19:10:16.086999
PAY_004730,CUST_00711,5623.18,upi,successful,,,1,2026-07-20 13:21:16.086999
PAY_004731,CUST_01536,26129.16,netbanking,successful,,,1,2026-05-31 04:49:16.086999
PAY_004732,CUST_01076,54830.63,upi,successful,,,1,2026-06-20 23:34:16.086999
PAY_004733,CUST_01006,40004.41,netbanking,failed,AUTHENTICATION_FAILED,authentication_failed,1,2026-06-14 00:33:16.086999
PAY_004734,CUST_01943,33175.13,upi,successful,,,3,2026-06-15 03:25:16.086999
PAY_004735,CUST_01125,18618.38,upi,successful,,,1,2026-06-29 18:47:16.086999
PAY_004736,CUST_00813,20315.9,card,successful,,,2,2026-08-22 14:58:16.086999
PAY_004737,CUST_00844,33376.64,netbanking,successful,,,1,2026-06-17 21:19:16.086999
PAY_004738,CUST_01854,6327.81,netbanking,successful,,,1,2026-08-05 11:28:16.086999
PAY_004739,CUST_00697,58086.9,upi,failed,BANK_SERVICE_UNAVAILABLE,temporary_bank_failure,1,2026-08-04 02:56:16.086999
PAY_004740,CUST_00186,5501.9,card,successful,,,1,2026-07-10 21:52:16.088099
PAY_004741,CUST_00235,14456.88,card,successful,,,1,2026-07-30 05:57:16.088099
PAY_004742,CUST_00274,9368.2,card,successful,,,1,2026-08-16 19:11:16.088099
PAY_004743,CUST_01232,33252.83,card,successful,,,1,2026-07-30 06:23:16.088099
PAY_004744,CUST_00239,15403.38,netbanking,successful,,,1,2026-06-30 21:12:16.088099
PAY_004745,CUST_00769,14544.53,upi,successful,,,1,2026-07-14 20:22:16.088099
PAY_004746,CUST_00434,17275.15,card,failed,BANK_SERVICE_UNAVAILABLE,temporary_bank_failure,1,2026-06-25 00:47:16.088099
PAY_004747,CUST_00720,22244.54,card,successful,,,1,2026-06-19 04:12:16.088099
PAY_004748,CUST_01319,15195.91,card,successful,,,1,2026-08-03 17:30:16.088099
PAY_004749,CUST_01574,36541.53,card,successful,,,1,2026-05-30 07:43:16.088099
PAY_004750,CUST_01003,29942.4,netbanking,successful,,,1,2026-08-01 15:30:16.088099
PAY_004751,CUST_01758,9404.71,upi,successful,,,1,2026-06-19 15:28:16.088099
PAY_004752,CUST_00079,2796.89,upi,successful,,,1,2026-07-05 08:50:16.088099
PAY_004753,CUST_01799,49435.07,card,successful,,,1,2026-07-04 04:30:16.088099
PAY_004754,CUST_00425,44075.36,card,successful,,,1,2026-08-09 18:01:16.088099
PAY_004755,CUST_01958,48623.64,upi,successful,,,1,2026-06-21 14:41:16.088099
PAY_004756,CUST_01465,46234.38,upi,successful,,,1,2026-07-15 13:22:16.088099
PAY_004757,CUST_01579,5362.17,card,successful,,,1,2026-07-31 19:40:16.088099
PAY_004758,CUST_00767,66999.52,upi,successful,,,1,2026-07-06 14:36:16.088099
PAY_004759,CUST_01566,15375.86,netbanking,successful,,,1,2026-07-25 12:10:16.088099
PAY_004760,CUST_01869,24516.75,upi,successful,,,2,2026-08-25 00:41:16.088099
PAY_004761,CUST_00280,49607.34,upi,successful,,,1,2026-07-18 05:35:16.088099
PAY_004762,CUST_01298,25353.12,card,failed,INSUFFICIENT_BALANCE,insufficient_funds,1,2026-07-20 00:09:16.088099
PAY_004763,CUST_01858,20738.96,upi,successful,,,1,2026-07-17 15:57:16.088099
PAY_004764,CUST_01951,16244.9,card,failed,NETWORK_TIMEOUT,timeout,1,2026-06-30 03:53:16.088099
PAY_004765,CUST_00567,11891.4,upi,successful,,,1,2026-08-24 15:25:16.088099
PAY_004766,CUST_01522,1177.79,card,successful,,,1,2026-06-14 15:43:16.088099
PAY_004767,CUST_00182,6343.83,upi,successful,,,1,2026-06-19 16:08:16.089201
PAY_004768,CUST_00730,94080.27,netbanking,failed,PROCESSING_TIMEOUT,timeout,2,2026-06-10 14:22:16.089201
PAY_004769,CUST_01673,35697.26,upi,successful,,,1,2026-07-22 01:48:16.089201
PAY_004770,CUST_01290,31501.13,netbanking,successful,,,1,2026-08-23 03:11:16.089201
PAY_004771,CUST_00530,21917.9,card,successful,,,1,2026-06-22 06:06:16.089201
PAY_004772,CUST_01034,30118.13,upi,failed,RISK_DECLINED,risk_decline,2,2026-08-08 18:18:16.089201
PAY_004773,CUST_01460,30317.32,upi,successful,,,1,2026-07-25 02:22:16.089201
PAY_004774,CUST_00305,10187.66,netbanking,failed,FUNDS_NOT_AVAILABLE,insufficient_funds,1,2026-06-20 08:46:16.089201
PAY_004775,CUST_00916,47966.1,netbanking,successful,,,1,2026-05-29 22:09:16.089201
PAY_004776,CUST_01212,13503.13,netbanking,successful,,,1,2026-07-14 11:08:16.089201
PAY_004777,CUST_00460,29993.89,upi,successful,,,1,2026-06-27 19:39:16.089201
PAY_004778,CUST_01851,12524.27,card,successful,,,1,2026-06-03 21:50:16.089201
PAY_004779,CUST_01659,70447.63,card,failed,AUTHENTICATION_FAILED,authentication_failed,1,2026-06-11 02:38:16.089201
PAY_004780,CUST_00416,30276.57,upi,successful,,,2,2026-07-25 16:44:16.089201
PAY_004781,CUST_00589,44796.15,upi,successful,,,1,2026-07-08 06:35:16.089201
PAY_004782,CUST_01609,2501.81,upi,failed,UNSPECIFIED_DECLINE,risk_decline,1,2026-08-05 06:58:16.089201
PAY_004783,CUST_01611,4920.25,card,successful,,,1,2026-08-02 08:18:16.089201
PAY_004784,CUST_01457,44191.25,netbanking,failed,BANK_SERVICE_UNAVAILABLE,temporary_bank_failure,1,2026-05-31 16:59:16.089201
PAY_004785,CUST_01555,39816.83,upi,successful,,,1,2026-06-02 12:02:16.089201
PAY_004786,CUST_01254,40916.98,card,successful,,,1,2026-08-08 14:26:16.089201
PAY_004787,CUST_01913,19171.28,netbanking,successful,,,1,2026-08-22 19:24:16.089201
PAY_004788,CUST_01336,3861.71,upi,successful,,,1,2026-08-09 10:36:16.089201
PAY_004789,CUST_01282,24552.85,card,successful,,,1,2026-06-04 04:35:16.089201
PAY_004790,CUST_00361,1890.57,upi,successful,,,1,2026-07-24 22:18:16.089201
PAY_004791,CUST_01899,49852.08,card,successful,,,1,2026-08-14 05:56:16.089201
PAY_004792,CUST_01375,17459.83,upi,successful,,,1,2026-06-20 01:49:16.090299
PAY_004793,CUST_01039,21418.35,card,successful,,,1,2026-07-31 20:06:16.090299
PAY_004794,CUST_00751,11478.56,upi,successful,,,1,2026-06-09 18:18:16.090299
PAY_004795,CUST_00340,46460.13,card,failed,BANK_SERVICE_UNAVAILABLE,temporary_bank_failure,1,2026-08-01 14:36:16.090299
PAY_004796,CUST_01855,44523.74,card,successful,,,1,2026-08-04 19:29:16.090299
PAY_004797,CUST_00771,15903.65,card,failed,INSUFFICIENT_BALANCE,insufficient_funds,1,2026-06-30 02:09:16.090299
PAY_004798,CUST_01814,13814.3,card,successful,,,1,2026-07-09 03:35:16.090299
PAY_004799,CUST_01889,30002.75,upi,failed,INSUFFICIENT_BALANCE,insufficient_funds,1,2026-07-06 21:24:16.090299
PAY_004800,CUST_01833,10447.61,card,successful,,,1,2026-07-23 18:00:16.090299
PAY_004801,CUST_00089,3984.44,upi,successful,,,1,2026-06-24 13:35:16.090299
PAY_004802,CUST_01415,13484.34,upi,successful,,,1,2026-07-30 22:53:16.090299
PAY_004803,CUST_00354,4975.94,upi,successful,,,1,2026-07-04 01:38:16.090299
PAY_004804,CUST_01814,29925.16,upi,successful,,,1,2026-06-10 04:00:16.090299
PAY_004805,CUST_01601,69550.71,upi,successful,,,1,2026-06-08 09:39:16.090299
PAY_004806,CUST_00483,33533.42,card,failed,BANK_SERVICE_UNAVAILABLE,temporary_bank_failure,1,2026-07-30 14:37:16.090299
PAY_004807,CUST_01709,53938.54,card,successful,,,1,2026-06-09 00:19:16.090299
PAY_004808,CUST_00549,22268.02,upi,successful,,,1,2026-08-18 21:48:16.090299
PAY_004809,CUST_01295,39644.85,upi,successful,,,1,2026-07-11 05:28:16.090299
PAY_004810,CUST_00154,42569.93,card,successful,,,1,2026-08-23 15:40:16.090299
PAY_004811,CUST_00583,6951.84,upi,successful,,,1,2026-07-15 20:59:16.090299
PAY_004812,CUST_01310,47883.4,card,successful,,,1,2026-06-15 18:50:16.090299
PAY_004813,CUST_00238,21294.76,card,successful,,,1,2026-07-03 13:46:16.090299
PAY_004814,CUST_00640,13722.29,upi,successful,,,2,2026-07-24 15:07:16.090299
PAY_004815,CUST_01613,4068.49,card,successful,,,1,2026-07-14 03:20:16.090299
PAY_004816,CUST_00714,72180.25,upi,successful,,,1,2026-07-03 04:13:16.090299
PAY_004817,CUST_01882,16045.28,upi,failed,INSTRUMENT_EXPIRED,expired_instrument,2,2026-06-26 01:19:16.090299
PAY_004818,CUST_00400,30078.73,card,successful,,,1,2026-08-07 21:52:16.091395
PAY_004819,CUST_01520,16057.82,card,successful,,,1,2026-07-24 06:08:16.091395
PAY_004820,CUST_01008,12931.12,card,successful,,,1,2026-07-12 08:56:16.091395
PAY_004821,CUST_01313,46763.26,card,successful,,,1,2026-06-17 15:21:16.091395
PAY_004822,CUST_00807,17366.16,card,failed,BANK_SERVICE_UNAVAILABLE,temporary_bank_failure,1,2026-06-24 09:50:16.091395
PAY_004823,CUST_01428,11591.89,card,successful,,,3,2026-07-01 07:16:16.091395
PAY_004824,CUST_01069,28485.43,upi,successful,,,1,2026-08-06 09:01:16.091395
PAY_004825,CUST_01671,42095.88,upi,successful,,,2,2026-07-27 06:39:16.091395
PAY_004826,CUST_01115,34861.3,card,successful,,,1,2026-08-18 17:56:16.091395
PAY_004827,CUST_00064,60883.91,card,successful,,,1,2026-07-22 12:35:16.091395
PAY_004828,CUST_01649,2026.14,upi,successful,,,1,2026-08-13 11:13:16.091395
PAY_004829,CUST_00584,34812.3,upi,failed,PROCESSING_TIMEOUT,timeout,1,2026-07-25 17:31:16.091395
PAY_004830,CUST_00222,11360.0,netbanking,failed,UNSPECIFIED_DECLINE,unknown_failure,1,2026-06-11 03:22:16.091395
PAY_004831,CUST_00931,18237.3,card,successful,,,1,2026-05-27 02:36:16.091395
PAY_004832,CUST_00989,5976.51,upi,successful,,,1,2026-07-20 08:55:16.091395
PAY_004833,CUST_01358,34166.7,netbanking,failed,FUNDS_NOT_AVAILABLE,insufficient_funds,2,2026-08-17 03:05:16.091395
PAY_004834,CUST_01142,4419.24,upi,successful,,,1,2026-08-19 13:57:16.091395
PAY_004835,CUST_00637,31018.9,card,successful,,,1,2026-08-17 03:36:16.091395
PAY_004836,CUST_00027,48993.46,card,successful,,,1,2026-07-01 23:27:16.091395
PAY_004837,CUST_00783,18908.75,upi,successful,,,1,2026-05-28 01:32:16.091395
PAY_004838,CUST_00850,83728.31,card,successful,,,1,2026-06-11 23:11:16.091395
PAY_004839,CUST_00841,16085.51,upi,successful,,,1,2026-07-16 20:04:16.091395
PAY_004840,CUST_00888,37658.15,card,successful,,,1,2026-05-28 19:27:16.091395
PAY_004841,CUST_00089,24882.06,upi,successful,,,1,2026-05-31 10:54:16.091395
PAY_004842,CUST_01778,7829.95,upi,successful,,,1,2026-07-16 01:38:16.091395
PAY_004843,CUST_01147,7402.15,card,successful,,,1,2026-06-17 10:57:16.091395
PAY_004844,CUST_00069,8753.44,upi,failed,UNSPECIFIED_DECLINE,authentication_failed,1,2026-07-15 20:12:16.092492
PAY_004845,CUST_00899,3398.75,upi,failed,INSTRUMENT_BLOCKED,blocked_instrument,1,2026-06-14 15:34:16.092492
PAY_004846,CUST_01697,44521.5,netbanking,successful,,,1,2026-06-13 00:51:16.092492
PAY_004847,CUST_00474,33832.77,upi,successful,,,1,2026-06-13 01:54:16.092492
PAY_004848,CUST_01404,33716.66,upi,successful,,,1,2026-06-24 07:53:16.092492
PAY_004849,CUST_00430,25741.37,upi,successful,,,1,2026-08-13 04:27:16.092492
PAY_004850,CUST_01620,23198.9,upi,successful,,,1,2026-07-16 05:41:16.092492
PAY_004851,CUST_00030,28708.76,upi,successful,,,1,2026-05-31 02:57:16.092492
PAY_004852,CUST_00454,17010.8,upi,successful,,,1,2026-05-27 20:34:16.092492
PAY_004853,CUST_00567,10782.71,upi,successful,,,1,2026-07-21 20:55:16.092492
PAY_004854,CUST_00636,33948.89,upi,successful,,,1,2026-08-17 13:56:16.092492
PAY_004855,CUST_01696,35588.99,upi,successful,,,1,2026-07-06 02:17:16.092492
PAY_004856,CUST_01327,77894.64,upi,successful,,,2,2026-08-03 06:44:16.092492
PAY_004857,CUST_01742,34104.84,upi,failed,BANK_SERVICE_UNAVAILABLE,temporary_bank_failure,1,2026-08-23 19:03:16.092492
PAY_004858,CUST_00125,25806.48,upi,successful,,,1,2026-08-25 06:37:16.092492
PAY_004859,CUST_00827,6898.7,upi,successful,,,1,2026-07-29 02:50:16.092492
PAY_004860,CUST_00764,31601.99,netbanking,successful,,,1,2026-07-12 18:25:16.092492
PAY_004861,CUST_00172,22233.53,netbanking,successful,,,1,2026-08-08 03:48:16.092492
PAY_004862,CUST_01655,48980.21,upi,successful,,,2,2026-08-14 05:49:16.092492
PAY_004863,CUST_00810,33691.49,card,successful,,,1,2026-07-01 19:00:16.092492
PAY_004864,CUST_00204,38643.84,upi,successful,,,1,2026-08-19 21:59:16.092492
PAY_004865,CUST_00800,68279.38,card,successful,,,2,2026-07-14 08:08:16.092492
PAY_004866,CUST_01431,21448.75,upi,successful,,,1,2026-08-02 10:47:16.092492
PAY_004867,CUST_00914,34224.36,upi,successful,,,1,2026-07-29 10:12:16.092492
PAY_004868,CUST_01588,4828.9,upi,successful,,,1,2026-08-14 21:52:16.092492
PAY_004869,CUST_00741,39450.97,card,failed,INSUFFICIENT_BALANCE,insufficient_funds,1,2026-07-05 01:02:16.092492
PAY_004870,CUST_01470,30514.76,upi,successful,,,3,2026-06-06 15:54:16.093587
PAY_004871,CUST_01119,49584.69,upi,successful,,,1,2026-07-27 00:15:16.093587
PAY_004872,CUST_00576,21511.9,upi,successful,,,1,2026-07-08 11:27:16.093587
PAY_004873,CUST_00143,4979.77,card,successful,,,1,2026-07-25 12:45:16.093587
PAY_004874,CUST_01832,8534.42,upi,successful,,,1,2026-06-13 04:08:16.093587
PAY_004875,CUST_00881,18788.78,card,successful,,,2,2026-06-02 07:40:16.093587
PAY_004876,CUST_00061,21325.23,card,successful,,,1,2026-06-10 06:07:16.093587
PAY_004877,CUST_00048,49501.44,upi,successful,,,1,2026-08-02 00:03:16.093587
PAY_004878,CUST_01820,44137.92,upi,successful,,,1,2026-08-08 17:58:16.093587
PAY_004879,CUST_01087,38010.42,card,failed,CARD_BLOCKED,blocked_instrument,2,2026-07-30 03:17:16.093587
PAY_004880,CUST_00773,12205.82,upi,successful,,,1,2026-08-17 15:25:16.093587
PAY_004881,CUST_01022,11003.62,card,failed,RISK_DECLINED,risk_decline,1,2026-08-25 18:22:16.093587
PAY_004882,CUST_01082,16280.96,netbanking,successful,,,1,2026-08-11 21:00:16.093587
PAY_004883,CUST_00120,96840.57,card,successful,,,1,2026-07-27 06:33:16.093587
PAY_004884,CUST_01640,15987.2,upi,successful,,,1,2026-08-16 09:47:16.093587
PAY_004885,CUST_01118,11927.08,upi,successful,,,1,2026-06-08 08:22:16.093587
PAY_004886,CUST_01988,13442.17,card,successful,,,2,2026-07-29 09:16:16.093587
PAY_004887,CUST_01803,6253.16,upi,failed,AUTHENTICATION_FAILED,authentication_failed,1,2026-05-31 20:53:16.093587
PAY_004888,CUST_00791,24518.95,upi,successful,,,1,2026-06-24 03:39:16.093587
PAY_004889,CUST_00844,12079.05,upi,successful,,,1,2026-08-21 14:45:16.093587
PAY_004890,CUST_01018,10197.12,card,successful,,,1,2026-07-23 02:50:16.093587
PAY_004891,CUST_01063,25280.54,upi,successful,,,1,2026-08-25 19:28:16.093587
PAY_004892,CUST_00596,17199.41,card,failed,NETWORK_TIMEOUT,timeout,1,2026-08-14 10:36:16.093587
PAY_004893,CUST_00387,36972.17,upi,successful,,,1,2026-08-11 09:11:16.093587
PAY_004894,CUST_00730,40853.0,upi,successful,,,1,2026-07-21 08:18:16.093587
PAY_004895,CUST_01060,7292.63,netbanking,successful,,,1,2026-07-14 05:33:16.094679
PAY_004896,CUST_00114,47627.42,netbanking,successful,,,1,2026-08-23 00:58:16.094679
PAY_004897,CUST_00152,17262.4,upi,successful,,,1,2026-08-22 21:04:16.094679
PAY_004898,CUST_01823,48331.78,upi,successful,,,1,2026-08-23 00:01:16.094679
PAY_004899,CUST_01011,12683.99,upi,successful,,,1,2026-08-22 01:31:16.094679
PAY_004900,CUST_01892,6905.82,upi,successful,,,1,2026-07-06 03:27:16.094679
PAY_004901,CUST_00336,32658.38,netbanking,failed,PROCESSING_TIMEOUT,timeout,1,2026-07-08 02:33:16.094679
PAY_004902,CUST_01124,35814.97,upi,successful,,,1,2026-08-16 12:23:16.094679
PAY_004903,CUST_00376,15325.54,card,successful,,,1,2026-08-11 16:45:16.094679
PAY_004904,CUST_01744,14848.65,upi,failed,LIMIT_EXCEEDED,limit_exceeded,3,2026-06-18 11:25:16.094679
PAY_004905,CUST_01920,15463.89,upi,failed,FUNDS_NOT_AVAILABLE,insufficient_funds,1,2026-05-27 00:12:16.094679
PAY_004906,CUST_01003,16609.77,upi,successful,,,1,2026-06-10 21:09:16.094679
PAY_004907,CUST_01423,43587.83,upi,successful,,,1,2026-07-07 06:34:16.094679
PAY_004908,CUST_00101,38515.43,upi,successful,,,1,2026-08-06 16:22:16.094679
PAY_004909,CUST_01811,2995.67,card,successful,,,1,2026-07-18 17:37:16.094679
PAY_004910,CUST_00155,30160.39,upi,failed,UNSPECIFIED_DECLINE,unknown_failure,2,2026-08-12 23:30:16.094679
PAY_004911,CUST_00522,34013.71,card,successful,,,1,2026-06-02 21:13:16.094679
PAY_004912,CUST_01684,7386.63,upi,successful,,,1,2026-06-23 06:13:16.094679
PAY_004913,CUST_01251,43096.17,upi,successful,,,1,2026-08-13 12:24:16.094679
PAY_004914,CUST_01214,45677.72,netbanking,successful,,,1,2026-06-19 05:33:16.094679
PAY_004915,CUST_00562,32287.77,upi,successful,,,1,2026-06-17 11:22:16.094679
PAY_004916,CUST_00074,40123.56,upi,successful,,,1,2026-08-20 00:51:16.094679
PAY_004917,CUST_01490,37233.96,upi,successful,,,1,2026-06-05 10:49:16.094679
PAY_004918,CUST_01842,9638.36,netbanking,successful,,,1,2026-08-15 19:56:16.094679
PAY_004919,CUST_00105,54476.22,card,successful,,,1,2026-06-14 09:15:16.094679
PAY_004920,CUST_01893,38549.8,upi,successful,,,1,2026-08-03 11:00:16.095770
PAY_004921,CUST_00023,10944.83,upi,successful,,,1,2026-06-30 21:51:16.095770
PAY_004922,CUST_01969,46306.75,upi,successful,,,1,2026-08-17 05:09:16.095770
PAY_004923,CUST_00201,15535.59,netbanking,successful,,,1,2026-08-14 06:37:16.095770
PAY_004924,CUST_01982,15854.66,card,successful,,,1,2026-07-11 13:32:16.095770
PAY_004925,CUST_01365,24736.91,upi,successful,,,1,2026-06-10 16:30:16.095770
PAY_004926,CUST_01527,10719.92,netbanking,successful,,,1,2026-06-15 05:46:16.095770
PAY_004927,CUST_00871,27908.05,upi,successful,,,1,2026-06-30 21:51:16.095770
PAY_004928,CUST_01782,34792.22,card,successful,,,1,2026-06-26 22:20:16.095770
PAY_004929,CUST_01944,40696.9,upi,successful,,,1,2026-06-03 12:56:16.095770
PAY_004930,CUST_00041,34331.37,upi,successful,,,2,2026-07-25 04:13:16.095770
PAY_004931,CUST_01183,45381.99,card,successful,,,1,2026-06-21 07:09:16.095770
PAY_004932,CUST_01720,11257.05,upi,successful,,,1,2026-07-26 11:34:16.095770
PAY_004933,CUST_01119,17597.47,upi,failed,FUNDS_NOT_AVAILABLE,insufficient_funds,1,2026-06-11 02:35:16.095770
PAY_004934,CUST_00220,20172.82,card,successful,,,1,2026-07-25 07:58:16.095770
PAY_004935,CUST_00112,18737.61,netbanking,successful,,,1,2026-08-09 21:35:16.095770
PAY_004936,CUST_00459,19939.0,upi,successful,,,1,2026-07-15 16:28:16.095770
PAY_004937,CUST_01632,3918.28,upi,successful,,,1,2026-06-29 11:14:16.095770
PAY_004938,CUST_00857,45086.25,upi,successful,,,2,2026-06-02 14:08:16.095770
PAY_004939,CUST_00840,13443.09,upi,failed,BANK_SERVICE_UNAVAILABLE,temporary_bank_failure,1,2026-08-16 06:27:16.095770
PAY_004940,CUST_00196,83273.57,upi,successful,,,1,2026-07-02 19:23:16.095770
PAY_004941,CUST_01096,18986.39,upi,successful,,,1,2026-06-07 06:34:16.095770
PAY_004942,CUST_01239,31053.98,netbanking,failed,RISK_DECLINED,risk_decline,2,2026-07-27 09:46:16.095770
PAY_004943,CUST_01290,10614.39,upi,failed,CUSTOMER_AUTH_FAILED,authentication_failed,1,2026-05-29 17:00:16.095770
PAY_004944,CUST_00252,1726.23,netbanking,successful,,,1,2026-06-21 23:06:16.095770
PAY_004945,CUST_00364,99217.47,upi,successful,,,1,2026-08-09 12:50:16.095770
PAY_004946,CUST_00440,9517.34,upi,failed,CUSTOMER_AUTH_FAILED,authentication_failed,1,2026-08-09 22:44:16.096861
PAY_004947,CUST_01352,79148.28,card,successful,,,1,2026-08-07 01:02:16.096861
PAY_004948,CUST_02000,13980.22,upi,successful,,,1,2026-08-18 03:16:16.096861
PAY_004949,CUST_00716,78988.37,netbanking,successful,,,2,2026-06-26 12:07:16.096861
PAY_004950,CUST_01943,23314.24,card,successful,,,1,2026-08-06 01:12:16.096861
PAY_004951,CUST_00669,27593.26,card,successful,,,2,2026-08-17 21:20:16.096861
PAY_004952,CUST_00900,18907.94,card,successful,,,2,2026-06-01 17:14:16.096861
PAY_004953,CUST_00879,12987.83,card,successful,,,1,2026-06-22 08:44:16.096861
PAY_004954,CUST_01232,30671.51,card,successful,,,2,2026-07-31 07:22:16.096861
PAY_004955,CUST_00871,2440.33,card,successful,,,1,2026-08-18 15:25:16.096861
PAY_004956,CUST_01192,22500.58,upi,successful,,,1,2026-05-30 23:11:16.096861
PAY_004957,CUST_00954,43333.66,upi,successful,,,1,2026-06-01 21:39:16.096861
PAY_004958,CUST_01772,38618.05,netbanking,successful,,,1,2026-07-15 08:44:16.096861
PAY_004959,CUST_01298,40614.14,upi,successful,,,1,2026-07-01 00:57:16.096861
PAY_004960,CUST_01879,5719.72,card,successful,,,1,2026-07-04 19:01:16.096861
PAY_004961,CUST_01743,86952.82,upi,successful,,,2,2026-06-08 06:59:16.096861
PAY_004962,CUST_01096,6494.13,upi,failed,POLICY_DECLINED,risk_decline,2,2026-06-10 10:16:16.096861
PAY_004963,CUST_00261,41968.73,card,successful,,,1,2026-07-02 20:26:16.096861
PAY_004964,CUST_01739,43587.99,upi,successful,,,1,2026-05-31 04:23:16.096861
PAY_004965,CUST_01891,42815.16,card,successful,,,1,2026-07-17 11:15:16.096861
PAY_004966,CUST_00329,35886.2,netbanking,successful,,,2,2026-08-15 22:40:16.096861
PAY_004967,CUST_00411,23856.63,upi,failed,CUSTOMER_AUTH_FAILED,authentication_failed,1,2026-08-19 16:21:16.096861
PAY_004968,CUST_01730,49164.12,upi,successful,,,1,2026-08-09 09:32:16.096861
PAY_004969,CUST_01227,22023.52,card,successful,,,1,2026-07-26 09:20:16.096861
PAY_004970,CUST_01196,5631.38,upi,successful,,,1,2026-06-18 11:04:16.096861
PAY_004971,CUST_01593,44862.82,upi,successful,,,1,2026-07-12 22:30:16.096861
PAY_004972,CUST_01685,5488.14,card,failed,BANK_SERVICE_UNAVAILABLE,temporary_bank_failure,1,2026-05-31 22:33:16.096861
PAY_004973,CUST_01166,45847.66,card,successful,,,1,2026-05-31 20:17:16.097955
PAY_004974,CUST_00512,6015.22,upi,successful,,,1,2026-08-01 22:58:16.097955
PAY_004975,CUST_00199,47869.87,netbanking,successful,,,1,2026-06-26 20:27:16.097955
PAY_004976,CUST_01302,15189.59,netbanking,successful,,,1,2026-06-27 12:43:16.097955
PAY_004977,CUST_00696,23825.93,card,successful,,,1,2026-07-10 07:27:16.097955
PAY_004978,CUST_00625,2111.06,upi,failed,CARD_EXPIRED,expired_instrument,1,2026-07-03 18:03:16.097955
PAY_004979,CUST_01196,39250.12,upi,failed,BANK_TEMPORARY_ERROR,temporary_bank_failure,2,2026-06-19 10:02:16.097955
PAY_004980,CUST_01845,57519.42,upi,successful,,,1,2026-07-17 09:46:16.097955
PAY_004981,CUST_01170,19028.98,netbanking,successful,,,1,2026-06-27 01:32:16.097955
PAY_004982,CUST_01957,19689.72,upi,successful,,,1,2026-08-18 11:17:16.097955
PAY_004983,CUST_01357,17687.53,upi,successful,,,1,2026-08-14 13:57:16.097955
PAY_004984,CUST_01424,83908.74,card,successful,,,1,2026-06-20 18:33:16.097955
PAY_004985,CUST_01612,6130.45,upi,successful,,,1,2026-07-07 04:42:16.097955
PAY_004986,CUST_00475,42065.07,card,successful,,,1,2026-08-03 17:00:16.097955
PAY_004987,CUST_01390,19742.46,card,successful,,,1,2026-07-27 00:17:16.097955
PAY_004988,CUST_00845,35761.61,upi,successful,,,2,2026-08-16 22:12:16.097955
PAY_004989,CUST_00535,46399.49,card,successful,,,1,2026-06-07 21:04:16.097955
PAY_004990,CUST_01886,36999.4,upi,successful,,,1,2026-06-14 22:02:16.097955
PAY_004991,CUST_01817,15866.66,upi,successful,,,1,2026-07-02 01:27:16.097955
PAY_004992,CUST_00606,86855.8,card,successful,,,1,2026-07-22 12:31:16.097955
PAY_004993,CUST_00849,27889.65,netbanking,failed,CUSTOMER_AUTH_FAILED,authentication_failed,1,2026-07-28 16:12:16.097955
PAY_004994,CUST_00403,12815.77,card,failed,NETWORK_TIMEOUT,timeout,1,2026-07-04 21:34:16.097955
PAY_004995,CUST_01002,10699.18,upi,failed,CARD_EXPIRED,expired_instrument,1,2026-07-28 16:15:16.097955
PAY_004996,CUST_01185,38953.67,upi,successful,,,2,2026-08-15 00:32:16.097955
PAY_004997,CUST_00215,1919.27,card,successful,,,2,2026-06-30 22:07:16.097955
PAY_004998,CUST_01550,69367.93,upi,successful,,,1,2026-07-01 12:53:16.099054
PAY_004999,CUST_00977,47465.46,card,failed,INSTRUMENT_EXPIRED,expired_instrument,2,2026-08-02 08:24:16.099054
PAY_005000,CUST_00193,29107.77,upi,successful,,,1,2026-08-05 09:53:16.099054
PAY_005001,CUST_00719,42651.75,upi,successful,,,1,2026-06-25 15:50:16.099054
PAY_005002,CUST_00521,17294.64,upi,failed,NETWORK_TIMEOUT,timeout,1,2026-07-22 14:40:16.099054
PAY_005003,CUST_01444,16237.61,upi,successful,,,1,2026-05-26 21:07:16.099054
PAY_005004,CUST_00058,12296.72,card,successful,,,1,2026-08-04 19:47:16.099054
PAY_005005,CUST_01996,94198.68,upi,successful,,,1,2026-06-23 15:47:16.099054
PAY_005006,CUST_01928,22276.76,netbanking,successful,,,1,2026-06-01 09:07:16.099054
PAY_005007,CUST_00357,1265.39,card,successful,,,1,2026-07-01 04:53:16.099054
PAY_005008,CUST_00877,27405.14,card,failed,BANK_TEMPORARY_ERROR,temporary_bank_failure,1,2026-06-30 09:41:16.099054
PAY_005009,CUST_00824,25917.62,upi,successful,,,1,2026-08-02 10:50:16.099054
PAY_005010,CUST_01972,20015.21,upi,successful,,,2,2026-06-24 06:26:16.099054
PAY_005011,CUST_00366,26944.6,card,successful,,,1,2026-06-23 06:23:16.099054
PAY_005012,CUST_01296,7578.11,card,successful,,,1,2026-06-17 17:09:16.099054
PAY_005013,CUST_00155,26375.8,card,successful,,,1,2026-08-02 11:57:16.099054
PAY_005014,CUST_00423,12974.96,upi,successful,,,1,2026-08-09 18:15:16.099054
PAY_005015,CUST_00169,16477.59,upi,successful,,,1,2026-08-08 09:06:16.099054
PAY_005016,CUST_01177,32010.12,upi,successful,,,1,2026-06-28 19:41:16.099054
PAY_005017,CUST_01281,25432.28,upi,successful,,,1,2026-08-19 15:43:16.099054
PAY_005018,CUST_00012,8590.01,netbanking,successful,,,1,2026-07-04 01:29:16.099054
PAY_005019,CUST_01496,68257.51,upi,failed,BANK_TEMPORARY_ERROR,temporary_bank_failure,2,2026-05-29 22:55:16.099054
PAY_005020,CUST_01713,38408.59,upi,successful,,,1,2026-07-21 04:54:16.099054
PAY_005021,CUST_01106,5715.54,upi,successful,,,1,2026-08-20 03:22:16.099054
PAY_005022,CUST_00612,1290.91,upi,successful,,,1,2026-06-14 02:22:16.099054
PAY_005023,CUST_01987,37478.91,upi,successful,,,1,2026-07-08 08:03:16.099054
PAY_005024,CUST_01345,26281.52,netbanking,successful,,,1,2026-06-28 00:43:16.100154
PAY_005025,CUST_00491,11262.86,card,failed,PROCESSING_TIMEOUT,timeout,2,2026-07-23 17:15:16.100154
PAY_005026,CUST_01507,40403.95,upi,successful,,,1,2026-06-21 10:03:16.100154
PAY_005027,CUST_00130,6699.0,upi,successful,,,1,2026-06-23 10:51:16.100154
PAY_005028,CUST_00183,5994.18,card,successful,,,1,2026-08-07 08:27:16.100154
PAY_005029,CUST_01795,11774.85,upi,successful,,,1,2026-08-19 07:53:16.100154
PAY_005030,CUST_01992,26999.74,upi,successful,,,1,2026-08-16 09:25:16.100154
PAY_005031,CUST_01538,92557.63,netbanking,successful,,,1,2026-08-07 07:32:16.100154
PAY_005032,CUST_00527,68754.54,upi,successful,,,1,2026-06-22 02:28:16.100154
PAY_005033,CUST_01320,16364.56,card,successful,,,1,2026-06-02 12:54:16.100154
PAY_005034,CUST_00344,6021.19,upi,successful,,,1,2026-08-22 05:58:16.100154
PAY_005035,CUST_01137,2619.59,card,successful,,,1,2026-05-31 05:04:16.100154
PAY_005036,CUST_01101,30951.22,upi,successful,,,1,2026-08-14 20:24:16.100154
PAY_005037,CUST_00224,5385.79,card,successful,,,1,2026-07-17 05:55:16.100154
PAY_005038,CUST_01136,45553.42,upi,failed,RISK_DECLINED,risk_decline,1,2026-06-24 22:45:16.100154
PAY_005039,CUST_01964,36724.91,card,successful,,,1,2026-06-15 11:55:16.100154
PAY_005040,CUST_01330,20758.35,card,successful,,,1,2026-08-16 15:18:16.100154
PAY_005041,CUST_00879,91529.38,upi,successful,,,1,2026-05-31 12:12:16.100154
PAY_005042,CUST_01151,3727.59,card,failed,POLICY_DECLINED,risk_decline,1,2026-08-15 13:30:16.100154
PAY_005043,CUST_01999,22872.88,upi,successful,,,1,2026-08-23 23:43:16.100154
PAY_005044,CUST_00290,44029.7,upi,successful,,,1,2026-06-14 19:09:16.100154
PAY_005045,CUST_00393,15378.46,netbanking,successful,,,1,2026-06-10 06:37:16.100154
PAY_005046,CUST_01553,32567.6,upi,successful,,,2,2026-06-17 22:06:16.100154
PAY_005047,CUST_00195,69347.09,card,successful,,,1,2026-07-06 22:37:16.100154
PAY_005048,CUST_01933,32118.68,upi,successful,,,1,2026-07-11 12:35:16.101256
PAY_005049,CUST_01711,13804.17,card,successful,,,1,2026-05-30 02:01:16.101256
PAY_005050,CUST_00170,1991.31,upi,successful,,,1,2026-08-25 14:44:16.101256
PAY_005051,CUST_01327,55744.5,card,successful,,,1,2026-06-27 11:52:16.101256
PAY_005052,CUST_00927,11790.86,card,successful,,,1,2026-06-10 03:31:16.101256
PAY_005053,CUST_01268,70225.46,card,successful,,,1,2026-06-08 10:00:16.101256
PAY_005054,CUST_01344,27650.84,upi,successful,,,2,2026-06-21 18:25:16.101256
PAY_005055,CUST_00828,46273.75,card,successful,,,1,2026-07-30 05:54:16.101256
PAY_005056,CUST_00791,58659.47,upi,successful,,,1,2026-08-01 19:59:16.101256
PAY_005057,CUST_00507,15720.79,upi,successful,,,1,2026-08-05 20:43:16.101256
PAY_005058,CUST_00056,15019.46,netbanking,failed,INSTRUMENT_EXPIRED,expired_instrument,1,2026-06-15 03:13:16.101256
PAY_005059,CUST_00414,20241.54,card,successful,,,1,2026-07-12 02:54:16.101256
PAY_005060,CUST_01107,37465.58,netbanking,successful,,,1,2026-06-27 18:53:16.101256
PAY_005061,CUST_01475,26374.53,upi,successful,,,1,2026-05-29 11:53:16.101256
PAY_005062,CUST_00669,73714.27,upi,failed,BANK_SERVICE_UNAVAILABLE,temporary_bank_failure,1,2026-08-25 01:32:16.101256
PAY_005063,CUST_00845,5424.4,card,successful,,,1,2026-06-18 08:13:16.101256
PAY_005064,CUST_00760,32048.8,upi,successful,,,2,2026-07-29 21:52:16.101256
PAY_005065,CUST_00597,17335.94,upi,failed,BANK_TEMPORARY_ERROR,temporary_bank_failure,1,2026-08-11 23:28:16.101256
PAY_005066,CUST_00455,35439.64,card,successful,,,1,2026-08-24 10:12:16.101256
PAY_005067,CUST_01366,44161.32,netbanking,failed,PROCESSING_TIMEOUT,timeout,2,2026-06-06 20:08:16.101256
PAY_005068,CUST_00148,14224.98,upi,successful,,,1,2026-07-30 17:50:16.101256
PAY_005069,CUST_00558,12278.91,upi,failed,CARD_EXPIRED,expired_instrument,1,2026-06-12 06:10:16.101256
PAY_005070,CUST_01016,46663.47,card,successful,,,1,2026-07-01 05:53:16.101256
PAY_005071,CUST_01966,11868.88,upi,successful,,,1,2026-08-17 07:47:16.101256
PAY_005072,CUST_00882,36339.83,card,successful,,,1,2026-06-14 20:12:16.101256
PAY_005073,CUST_00454,37510.23,upi,successful,,,1,2026-07-28 05:36:16.102352
PAY_005074,CUST_00952,35866.37,upi,failed,INSUFFICIENT_BALANCE,insufficient_funds,1,2026-06-19 16:35:16.102352
PAY_005075,CUST_01971,48284.16,upi,successful,,,1,2026-08-10 08:41:16.102352
PAY_005076,CUST_01750,26980.26,upi,failed,LIMIT_EXCEEDED,limit_exceeded,1,2026-06-06 11:36:16.102352
PAY_005077,CUST_00584,40894.92,card,successful,,,1,2026-07-26 15:23:16.102352
PAY_005078,CUST_01677,49694.44,upi,successful,,,1,2026-08-23 11:56:16.102352
PAY_005079,CUST_00679,13103.27,upi,successful,,,1,2026-06-27 20:12:16.102352
PAY_005080,CUST_01172,11466.29,upi,failed,PROCESSING_TIMEOUT,timeout,2,2026-07-11 16:14:16.102352
PAY_005081,CUST_00224,26338.55,upi,failed,BANK_TEMPORARY_ERROR,temporary_bank_failure,1,2026-06-23 03:00:16.102352
PAY_005082,CUST_01634,2923.54,netbanking,successful,,,1,2026-08-07 16:38:16.102352
PAY_005083,CUST_00819,48304.64,netbanking,successful,,,1,2026-07-19 15:56:16.102352
PAY_005084,CUST_00490,30838.27,card,successful,,,1,2026-08-06 04:53:16.102352
PAY_005085,CUST_00236,38497.3,upi,successful,,,1,2026-07-21 22:55:16.102352
PAY_005086,CUST_01913,4379.85,card,successful,,,1,2026-08-22 01:15:16.102352
PAY_005087,CUST_00321,33240.99,upi,successful,,,2,2026-06-08 11:48:16.102352
PAY_005088,CUST_00919,18427.19,netbanking,successful,,,1,2026-06-29 08:54:16.102352
PAY_005089,CUST_01287,19797.28,upi,successful,,,1,2026-06-27 07:32:16.102352
PAY_005090,CUST_01700,12096.43,upi,successful,,,1,2026-08-13 13:34:16.102352
PAY_005091,CUST_00540,19069.95,upi,failed,INSUFFICIENT_BALANCE,insufficient_funds,1,2026-08-18 06:57:16.102352
PAY_005092,CUST_01952,13452.77,upi,failed,FUNDS_NOT_AVAILABLE,insufficient_funds,1,2026-08-14 13:06:16.102352
PAY_005093,CUST_00371,37687.87,netbanking,successful,,,2,2026-05-29 23:30:16.102352
PAY_005094,CUST_00736,25782.36,card,successful,,,1,2026-07-22 08:34:16.102352
PAY_005095,CUST_01308,2205.23,upi,successful,,,1,2026-07-26 00:35:16.102352
PAY_005096,CUST_00477,5450.52,upi,successful,,,1,2026-05-30 16:01:16.102352
PAY_005097,CUST_00337,2761.24,card,successful,,,1,2026-08-03 00:09:16.102352
PAY_005098,CUST_01494,46909.5,upi,successful,,,1,2026-08-19 18:36:16.103451
PAY_005099,CUST_00993,35031.49,upi,successful,,,1,2026-07-27 20:05:16.103451
PAY_005100,CUST_00524,34452.38,netbanking,successful,,,1,2026-06-26 17:21:16.103451
PAY_005101,CUST_00862,17546.7,card,successful,,,1,2026-07-19 16:21:16.103451
PAY_005102,CUST_01384,11497.83,upi,successful,,,1,2026-07-31 08:33:16.103451
PAY_005103,CUST_00613,35877.18,card,successful,,,1,2026-06-16 03:38:16.103451
PAY_005104,CUST_01971,46018.5,upi,successful,,,1,2026-08-06 17:51:16.103451
PAY_005105,CUST_01234,16167.26,upi,successful,,,1,2026-08-02 11:58:16.103451
PAY_005106,CUST_01346,67152.38,upi,successful,,,1,2026-06-12 06:29:16.103451
PAY_005107,CUST_00769,6304.17,card,successful,,,1,2026-08-02 02:45:16.103451
PAY_005108,CUST_00352,10054.22,card,successful,,,1,2026-07-10 03:41:16.103451
PAY_005109,CUST_00590,73684.35,upi,successful,,,1,2026-07-25 02:37:16.103451
PAY_005110,CUST_01779,19834.38,upi,successful,,,2,2026-07-04 19:25:16.103451
PAY_005111,CUST_00100,35656.19,card,successful,,,1,2026-07-04 05:07:16.103451
PAY_005112,CUST_00172,34690.11,card,successful,,,1,2026-07-30 03:55:16.103451
PAY_005113,CUST_01325,39986.3,netbanking,successful,,,1,2026-07-22 07:59:16.103451
PAY_005114,CUST_00004,34937.05,upi,successful,,,2,2026-08-03 00:29:16.103451
PAY_005115,CUST_01709,65261.28,upi,successful,,,1,2026-05-31 22:14:16.103451
PAY_005116,CUST_01762,13285.97,card,successful,,,1,2026-08-17 12:46:16.103451
PAY_005117,CUST_01430,45750.99,upi,successful,,,1,2026-05-27 18:27:16.103451
PAY_005118,CUST_00119,4179.17,upi,failed,NETWORK_TIMEOUT,timeout,1,2026-06-30 21:21:16.103451
PAY_005119,CUST_01712,29892.14,card,successful,,,2,2026-07-30 12:40:16.103451
PAY_005120,CUST_00459,11981.64,netbanking,failed,PROCESSING_TIMEOUT,timeout,1,2026-06-15 07:26:16.103451
PAY_005121,CUST_00801,710.53,card,successful,,,2,2026-07-04 14:10:16.103451
PAY_005122,CUST_00077,34475.49,upi,failed,INSUFFICIENT_BALANCE,insufficient_funds,1,2026-07-27 14:20:16.103451
PAY_005123,CUST_01997,3758.25,upi,failed,INSUFFICIENT_BALANCE,insufficient_funds,1,2026-06-15 06:52:16.103451
PAY_005124,CUST_00360,42491.32,upi,successful,,,1,2026-06-02 01:55:16.104574
PAY_005125,CUST_00567,4924.59,upi,successful,,,2,2026-06-09 15:55:16.104574
PAY_005126,CUST_00593,16022.96,upi,successful,,,1,2026-08-25 03:54:16.104574
PAY_005127,CUST_01573,24041.0,upi,successful,,,1,2026-06-13 08:03:16.104574
PAY_005128,CUST_01578,9404.92,upi,successful,,,1,2026-08-06 19:31:16.104574
PAY_005129,CUST_00357,29517.48,card,successful,,,1,2026-05-27 08:30:16.104574
PAY_005130,CUST_00431,6055.17,upi,successful,,,1,2026-07-20 04:36:16.104574
PAY_005131,CUST_00153,97278.26,netbanking,failed,CUSTOMER_AUTH_FAILED,authentication_failed,1,2026-06-02 23:48:16.104574
PAY_005132,CUST_01430,36991.74,upi,successful,,,1,2026-06-14 16:00:16.104574
PAY_005133,CUST_01445,43758.34,upi,successful,,,1,2026-07-16 03:07:16.104574
PAY_005134,CUST_00383,19051.72,card,successful,,,1,2026-08-01 05:24:16.104574
PAY_005135,CUST_00183,43076.35,card,failed,UNKNOWN_ERROR,unknown_failure,1,2026-08-18 02:19:16.104574
PAY_005136,CUST_00870,44845.18,upi,successful,,,1,2026-08-05 14:12:16.104574
PAY_005137,CUST_00867,21982.35,upi,successful,,,1,2026-07-22 10:59:16.104574
PAY_005138,CUST_01564,64530.91,upi,successful,,,1,2026-08-05 08:31:16.104574
PAY_005139,CUST_01379,18200.26,upi,successful,,,1,2026-06-30 02:09:16.104574
PAY_005140,CUST_01814,28043.44,card,successful,,,1,2026-08-07 13:51:16.104574
PAY_005141,CUST_00503,76940.07,upi,successful,,,2,2026-06-20 00:58:16.104574
PAY_005142,CUST_00693,38285.18,card,successful,,,1,2026-08-10 19:51:16.104574
PAY_005143,CUST_01611,42271.84,upi,successful,,,1,2026-08-13 12:37:16.104574
PAY_005144,CUST_01571,7639.16,upi,successful,,,1,2026-06-08 02:42:16.104574
PAY_005145,CUST_00717,13162.75,card,successful,,,2,2026-06-01 06:05:16.104574
PAY_005146,CUST_00980,13917.4,upi,failed,BANK_TEMPORARY_ERROR,temporary_bank_failure,1,2026-06-21 23:20:16.104574
PAY_005147,CUST_00150,9975.08,card,successful,,,1,2026-07-19 16:46:16.104574
PAY_005148,CUST_01516,27818.33,upi,successful,,,1,2026-08-08 07:17:16.104574
PAY_005149,CUST_01321,24937.68,upi,successful,,,1,2026-06-03 00:47:16.104574
PAY_005150,CUST_01521,17274.19,upi,successful,,,1,2026-06-23 01:17:16.105667
PAY_005151,CUST_01695,78308.14,upi,successful,,,1,2026-07-19 12:16:16.105667
PAY_005152,CUST_01993,1404.71,netbanking,successful,,,1,2026-05-29 05:01:16.105667
PAY_005153,CUST_00008,4068.57,upi,successful,,,1,2026-07-29 12:43:16.105667
PAY_005154,CUST_00323,19012.49,upi,successful,,,1,2026-06-14 22:10:16.105667
PAY_005155,CUST_01321,38477.32,upi,successful,,,1,2026-08-10 14:13:16.105667
PAY_005156,CUST_00548,21241.28,upi,successful,,,1,2026-06-16 17:52:16.105667
PAY_005157,CUST_00205,47282.49,card,successful,,,1,2026-08-06 06:57:16.105667
PAY_005158,CUST_01938,26679.17,upi,failed,BANK_SERVICE_UNAVAILABLE,temporary_bank_failure,1,2026-06-02 10:17:16.105667
PAY_005159,CUST_00514,28810.8,upi,successful,,,1,2026-08-17 04:24:16.105667
PAY_005160,CUST_01135,32369.87,upi,successful,,,1,2026-07-17 18:18:16.105667
PAY_005161,CUST_00267,10818.15,upi,successful,,,1,2026-07-11 15:59:16.105667
PAY_005162,CUST_01813,14709.54,upi,successful,,,1,2026-07-02 11:11:16.105667
PAY_005163,CUST_00980,47334.43,upi,successful,,,1,2026-07-02 03:56:16.105667
PAY_005164,CUST_00783,4201.55,upi,successful,,,1,2026-07-31 01:01:16.105667
PAY_005165,CUST_01351,4190.14,upi,successful,,,1,2026-06-10 23:43:16.105667
PAY_005166,CUST_00590,77792.01,upi,failed,FUNDS_NOT_AVAILABLE,insufficient_funds,1,2026-07-22 20:41:16.105667
PAY_005167,CUST_01938,4797.46,upi,successful,,,1,2026-07-10 11:33:16.105667
PAY_005168,CUST_01777,4491.96,upi,successful,,,1,2026-06-26 08:07:16.105667
PAY_005169,CUST_00180,41216.71,card,failed,,insufficient_funds,1,2026-08-19 18:47:16.105667
PAY_005170,CUST_01109,12242.59,netbanking,successful,,,1,2026-08-14 18:40:16.105667
PAY_005171,CUST_01089,36030.15,card,successful,,,1,2026-06-05 09:34:16.105667
PAY_005172,CUST_00047,13174.11,upi,successful,,,1,2026-07-11 07:36:16.105667
PAY_005173,CUST_00394,14669.26,upi,successful,,,2,2026-06-09 04:59:16.105667
PAY_005174,CUST_01833,29509.97,card,successful,,,1,2026-06-20 13:40:16.105667
PAY_005175,CUST_01015,31628.02,upi,successful,,,1,2026-07-01 01:16:16.105667
PAY_005176,CUST_00015,42388.66,upi,successful,,,1,2026-08-15 16:27:16.106760
PAY_005177,CUST_01454,11565.08,netbanking,failed,UNSPECIFIED_DECLINE,unknown_failure,2,2026-08-15 13:50:16.106760
PAY_005178,CUST_01484,19962.85,upi,successful,,,1,2026-07-01 02:16:16.106760
PAY_005179,CUST_00358,57516.37,card,successful,,,1,2026-06-06 14:43:16.106760
PAY_005180,CUST_01878,22706.53,card,failed,LIMIT_EXCEEDED,limit_exceeded,1,2026-05-27 06:51:16.106760
PAY_005181,CUST_01527,15089.44,upi,successful,,,1,2026-06-17 04:02:16.106760
PAY_005182,CUST_01291,15562.14,netbanking,failed,INSUFFICIENT_BALANCE,insufficient_funds,1,2026-07-05 02:50:16.106760
PAY_005183,CUST_01017,43302.74,card,successful,,,1,2026-06-01 16:09:16.106760
PAY_005184,CUST_01747,4840.79,upi,successful,,,1,2026-06-05 09:41:16.106760
PAY_005185,CUST_00883,45675.96,upi,successful,,,1,2026-06-08 00:23:16.106760
PAY_005186,CUST_00194,14181.88,upi,successful,,,1,2026-08-09 12:18:16.106760
PAY_005187,CUST_01011,19426.57,upi,failed,UNSPECIFIED_DECLINE,insufficient_funds,1,2026-08-03 14:07:16.106760
PAY_005188,CUST_00108,14744.66,card,failed,LIMIT_EXCEEDED,limit_exceeded,1,2026-06-01 01:13:16.106760
PAY_005189,CUST_00558,1909.03,upi,successful,,,1,2026-07-15 03:15:16.106760
PAY_005190,CUST_00924,14526.86,card,successful,,,1,2026-06-20 02:10:16.106760
PAY_005191,CUST_00269,3407.44,upi,successful,,,1,2026-06-06 18:39:16.106760
PAY_005192,CUST_01697,46368.12,upi,successful,,,1,2026-06-26 19:05:16.106760
PAY_005193,CUST_00993,42782.33,upi,successful,,,1,2026-08-03 14:29:16.106760
PAY_005194,CUST_00306,43543.26,netbanking,successful,,,1,2026-06-21 19:53:16.106760
PAY_005195,CUST_01369,21248.51,upi,successful,,,2,2026-07-15 11:13:16.106760
PAY_005196,CUST_00828,67078.36,netbanking,successful,,,1,2026-07-11 23:40:16.106760
PAY_005197,CUST_00977,17793.35,upi,successful,,,1,2026-08-02 14:19:16.106760
PAY_005198,CUST_01498,19264.24,upi,successful,,,1,2026-07-03 02:54:16.106760
PAY_005199,CUST_01199,3663.2,upi,successful,,,1,2026-08-24 17:45:16.106760
PAY_005200,CUST_00770,80308.35,upi,successful,,,1,2026-07-09 17:10:16.106760
PAY_005201,CUST_00912,35584.75,upi,successful,,,1,2026-07-08 04:56:16.107855
PAY_005202,CUST_01476,7416.43,netbanking,successful,,,1,2026-07-29 03:55:16.107855
PAY_005203,CUST_01653,6061.34,upi,successful,,,1,2026-05-28 20:24:16.107855
PAY_005204,CUST_00737,24490.91,card,successful,,,1,2026-06-28 06:46:16.107855
PAY_005205,CUST_01509,5127.74,upi,failed,BANK_TEMPORARY_ERROR,temporary_bank_failure,1,2026-07-25 00:38:16.107855
PAY_005206,CUST_00563,33587.44,netbanking,successful,,,1,2026-07-27 03:37:16.107855
PAY_005207,CUST_01273,29799.73,card,successful,,,1,2026-06-16 06:58:16.107855
PAY_005208,CUST_00924,1043.75,card,successful,,,1,2026-07-16 15:42:16.107855
PAY_005209,CUST_01907,46743.57,netbanking,successful,,,2,2026-07-03 10:27:16.107855
PAY_005210,CUST_01916,56520.48,netbanking,successful,,,1,2026-06-20 08:54:16.107855
PAY_005211,CUST_00842,6999.95,card,successful,,,1,2026-08-17 08:37:16.107855
PAY_005212,CUST_01194,21447.01,upi,failed,UNSPECIFIED_DECLINE,unknown_failure,1,2026-08-02 01:51:16.107855
PAY_005213,CUST_00342,53939.25,upi,successful,,,1,2026-07-26 12:48:16.107855
PAY_005214,CUST_00488,24593.81,card,successful,,,1,2026-05-29 05:56:16.107855
PAY_005215,CUST_01211,28795.62,netbanking,successful,,,1,2026-07-02 10:59:16.107855
PAY_005216,CUST_01319,20244.71,card,failed,INSUFFICIENT_BALANCE,insufficient_funds,1,2026-08-18 00:25:16.107855
PAY_005217,CUST_00079,15279.73,upi,successful,,,1,2026-07-06 19:41:16.107855
PAY_005218,CUST_01206,47547.93,upi,successful,,,1,2026-06-28 09:10:16.107855
PAY_005219,CUST_00079,19603.47,upi,successful,,,1,2026-06-22 06:40:16.107855
PAY_005220,CUST_01916,10314.69,upi,failed,INSUFFICIENT_BALANCE,insufficient_funds,2,2026-06-11 01:52:16.107855
PAY_005221,CUST_00132,38461.15,upi,failed,POLICY_DECLINED,risk_decline,1,2026-08-01 19:01:16.107855
PAY_005222,CUST_01466,42944.07,netbanking,successful,,,1,2026-06-09 05:31:16.107855
PAY_005223,CUST_01557,41256.35,netbanking,successful,,,1,2026-07-09 02:14:16.107855
PAY_005224,CUST_00026,43887.14,card,successful,,,1,2026-06-14 19:29:16.107855
PAY_005225,CUST_00647,31122.07,upi,successful,,,2,2026-07-06 09:04:16.107855
PAY_005226,CUST_00744,38929.05,upi,successful,,,1,2026-08-23 22:03:16.107855
PAY_005227,CUST_00682,8465.85,upi,successful,,,1,2026-07-01 05:09:16.108952
PAY_005228,CUST_00618,5793.58,upi,successful,,,1,2026-06-12 01:24:16.108952
PAY_005229,CUST_01759,1514.52,card,successful,,,1,2026-07-20 15:15:16.108952
PAY_005230,CUST_01979,2898.4,card,failed,PROCESSING_TIMEOUT,timeout,1,2026-08-23 20:54:16.108952
PAY_005231,CUST_00912,83738.16,card,successful,,,1,2026-08-10 03:30:16.108952
PAY_005232,CUST_01585,14704.71,card,failed,FUNDS_NOT_AVAILABLE,insufficient_funds,1,2026-08-01 01:21:16.108952
PAY_005233,CUST_01100,20896.67,upi,successful,,,1,2026-08-23 12:39:16.108952
PAY_005234,CUST_00595,49810.9,card,successful,,,1,2026-06-18 20:07:16.108952
PAY_005235,CUST_00355,96771.03,upi,successful,,,1,2026-06-24 04:21:16.108952
PAY_005236,CUST_00008,49847.99,upi,successful,,,1,2026-08-24 23:25:16.108952
PAY_005237,CUST_01854,13026.09,upi,successful,,,1,2026-07-15 16:25:16.108952
PAY_005238,CUST_01340,11744.7,netbanking,successful,,,1,2026-07-31 17:22:16.108952
PAY_005239,CUST_01237,19501.54,upi,successful,,,1,2026-07-09 11:10:16.108952
PAY_005240,CUST_01883,1942.91,card,successful,,,1,2026-08-04 10:24:16.108952
PAY_005241,CUST_01731,22396.16,card,successful,,,1,2026-08-09 23:21:16.108952
PAY_005242,CUST_00523,16265.27,card,successful,,,1,2026-07-13 04:03:16.108952
PAY_005243,CUST_00225,2299.69,upi,successful,,,1,2026-08-10 03:17:16.108952
PAY_005244,CUST_00077,15877.86,card,successful,,,1,2026-06-04 13:54:16.108952
PAY_005245,CUST_00842,29894.96,netbanking,successful,,,1,2026-07-09 16:49:16.108952
PAY_005246,CUST_00589,2620.69,upi,successful,,,1,2026-05-31 01:46:16.108952
PAY_005247,CUST_00633,16035.28,card,failed,UNSPECIFIED_DECLINE,insufficient_funds,1,2026-05-30 15:01:16.108952
PAY_005248,CUST_01835,9089.23,upi,failed,BANK_SERVICE_UNAVAILABLE,temporary_bank_failure,2,2026-06-10 21:23:16.108952
PAY_005249,CUST_00134,41018.31,upi,successful,,,1,2026-07-11 00:29:16.108952
PAY_005250,CUST_00887,17794.81,card,successful,,,2,2026-06-01 17:18:16.110047
PAY_005251,CUST_00806,8517.47,netbanking,successful,,,1,2026-08-16 21:27:16.110047
PAY_005252,CUST_00757,6305.38,upi,failed,PROCESSING_TIMEOUT,timeout,1,2026-06-16 18:37:16.110047
PAY_005253,CUST_00785,43510.18,upi,successful,,,1,2026-07-05 01:45:16.110047
PAY_005254,CUST_01197,18775.65,upi,successful,,,1,2026-06-05 15:29:16.110047
PAY_005255,CUST_00528,39380.67,upi,failed,RISK_DECLINED,risk_decline,1,2026-05-27 07:34:16.110047
PAY_005256,CUST_00520,10596.92,upi,failed,LIMIT_EXCEEDED,limit_exceeded,1,2026-08-15 05:17:16.110047
PAY_005257,CUST_01650,16312.95,upi,successful,,,1,2026-06-08 11:34:16.110047
PAY_005258,CUST_00215,5164.96,upi,successful,,,1,2026-05-30 02:51:16.110047
PAY_005259,CUST_00377,42893.06,upi,successful,,,1,2026-06-04 21:50:16.110047
PAY_005260,CUST_00384,40643.14,upi,failed,FUNDS_NOT_AVAILABLE,insufficient_funds,1,2026-06-30 16:53:16.110047
PAY_005261,CUST_00626,40038.54,card,successful,,,1,2026-07-23 16:45:16.110047
PAY_005262,CUST_00725,8689.05,card,failed,BANK_TEMPORARY_ERROR,temporary_bank_failure,1,2026-06-11 04:19:16.110047
PAY_005263,CUST_00433,6503.59,card,failed,INSUFFICIENT_BALANCE,insufficient_funds,3,2026-07-16 10:08:16.110047
PAY_005264,CUST_01301,41151.17,card,successful,,,1,2026-07-14 00:43:16.110047
PAY_005265,CUST_01804,30327.42,upi,successful,,,1,2026-06-19 17:13:16.110047
PAY_005266,CUST_00636,14111.49,upi,failed,NETWORK_TIMEOUT,timeout,2,2026-07-03 14:30:16.110047
PAY_005267,CUST_00935,35404.43,netbanking,failed,RISK_DECLINED,risk_decline,1,2026-06-10 11:38:16.110047
PAY_005268,CUST_01999,32137.37,card,successful,,,1,2026-07-19 13:17:16.110047
PAY_005269,CUST_01033,34054.42,upi,successful,,,1,2026-08-01 21:38:16.110047
PAY_005270,CUST_00593,957.16,netbanking,successful,,,1,2026-07-31 22:30:16.110047
PAY_005271,CUST_01367,3512.08,netbanking,successful,,,2,2026-08-01 09:22:16.110047
PAY_005272,CUST_01449,15624.74,upi,successful,,,1,2026-08-05 01:49:16.110047
PAY_005273,CUST_01848,47839.78,upi,successful,,,1,2026-07-12 22:27:16.110047
PAY_005274,CUST_00647,25727.59,upi,failed,UNSPECIFIED_DECLINE,unknown_failure,1,2026-06-25 07:53:16.111146
PAY_005275,CUST_01421,8227.22,upi,successful,,,1,2026-06-02 20:35:16.111146
PAY_005276,CUST_00494,96924.17,upi,successful,,,1,2026-07-26 03:28:16.111146
PAY_005277,CUST_01298,44175.9,card,successful,,,1,2026-06-04 00:02:16.111146
PAY_005278,CUST_01777,9816.93,upi,failed,INSUFFICIENT_BALANCE,insufficient_funds,1,2026-05-30 02:51:16.111146
PAY_005279,CUST_01933,84778.92,upi,successful,,,2,2026-08-15 07:04:16.111146
PAY_005280,CUST_00728,28049.6,card,successful,,,1,2026-06-12 04:10:16.111146
PAY_005281,CUST_01862,19767.78,netbanking,successful,,,1,2026-08-18 16:12:16.111146
PAY_005282,CUST_01782,31588.68,netbanking,failed,INSTRUMENT_EXPIRED,expired_instrument,1,2026-07-19 23:40:16.111146
PAY_005283,CUST_00705,3623.18,card,successful,,,1,2026-08-13 09:36:16.111146
PAY_005284,CUST_01950,7974.67,upi,successful,,,1,2026-07-11 23:16:16.111146
PAY_005285,CUST_00556,12307.71,upi,failed,RISK_DECLINED,risk_decline,1,2026-08-13 15:13:16.111146
PAY_005286,CUST_00935,25143.92,card,successful,,,1,2026-08-10 09:01:16.111146
PAY_005287,CUST_01700,13367.4,upi,failed,CARD_BLOCKED,blocked_instrument,1,2026-08-08 04:57:16.111146
PAY_005288,CUST_01194,37781.3,card,successful,,,2,2026-05-30 14:06:16.111146
PAY_005289,CUST_00242,17987.08,upi,successful,,,1,2026-06-17 09:04:16.111146
PAY_005290,CUST_01872,20244.56,upi,successful,,,1,2026-07-17 12:13:16.111146
PAY_005291,CUST_01483,12485.95,card,failed,INSUFFICIENT_BALANCE,insufficient_funds,2,2026-07-31 14:42:16.111146
PAY_005292,CUST_00790,13866.72,netbanking,failed,INSTRUMENT_BLOCKED,blocked_instrument,1,2026-06-29 12:09:16.111146
PAY_005293,CUST_01778,47364.44,upi,successful,,,1,2026-06-08 06:28:16.111146
PAY_005294,CUST_01401,45887.74,netbanking,failed,UNKNOWN_ERROR,unknown_failure,1,2026-07-10 00:35:16.111146
PAY_005295,CUST_01014,12466.2,upi,successful,,,1,2026-08-03 15:03:16.111146
PAY_005296,CUST_00068,18354.53,netbanking,successful,,,2,2026-07-08 09:31:16.111146
PAY_005297,CUST_00881,980.87,upi,successful,,,1,2026-07-13 01:47:16.112234
PAY_005298,CUST_00899,17142.47,card,failed,INSUFFICIENT_BALANCE,insufficient_funds,1,2026-07-06 05:50:16.112234
PAY_005299,CUST_01774,41123.6,upi,successful,,,1,2026-08-22 22:05:16.112234
PAY_005300,CUST_00824,21913.6,card,failed,POLICY_DECLINED,risk_decline,1,2026-07-20 01:11:16.112234
PAY_005301,CUST_01047,7934.71,upi,successful,,,1,2026-07-16 12:12:16.112234
PAY_005302,CUST_00086,9383.04,upi,successful,,,1,2026-06-07 16:55:16.112234
PAY_005303,CUST_01087,1994.94,netbanking,successful,,,1,2026-05-31 04:39:16.112234
PAY_005304,CUST_00713,51915.86,upi,successful,,,1,2026-08-15 03:27:16.112234
PAY_005305,CUST_00694,35109.94,upi,successful,,,1,2026-07-16 03:31:16.112234
PAY_005306,CUST_00109,79987.06,upi,failed,RISK_DECLINED,risk_decline,1,2026-07-20 10:42:16.112234
PAY_005307,CUST_01837,49995.32,upi,failed,NETWORK_TIMEOUT,timeout,1,2026-07-31 19:52:16.112234
PAY_005308,CUST_01567,17575.58,upi,successful,,,1,2026-06-11 16:42:16.112234
PAY_005309,CUST_00459,1103.48,upi,successful,,,1,2026-08-17 07:08:16.112234
PAY_005310,CUST_00135,44387.51,upi,successful,,,1,2026-07-14 15:08:16.112234
PAY_005311,CUST_01530,49667.31,netbanking,successful,,,1,2026-07-09 17:54:16.112234
PAY_005312,CUST_01418,36890.68,card,failed,FUNDS_NOT_AVAILABLE,insufficient_funds,1,2026-07-26 17:57:16.112234
PAY_005313,CUST_00694,11847.83,netbanking,successful,,,1,2026-08-13 12:15:16.112234
PAY_005314,CUST_00242,17340.4,upi,successful,,,1,2026-08-19 14:12:16.112234
PAY_005315,CUST_01975,33866.45,upi,successful,,,1,2026-06-29 05:36:16.112234
PAY_005316,CUST_01631,35838.39,card,successful,,,1,2026-08-15 14:54:16.112234
PAY_005317,CUST_00061,19790.03,card,successful,,,1,2026-08-20 22:50:16.112234
PAY_005318,CUST_01510,34197.42,card,successful,,,1,2026-07-30 23:28:16.112234
PAY_005319,CUST_01014,38338.57,netbanking,successful,,,1,2026-08-10 06:14:16.112234
PAY_005320,CUST_00134,33084.11,upi,successful,,,1,2026-08-17 15:11:16.112234
PAY_005321,CUST_01952,31868.21,upi,successful,,,1,2026-06-18 12:57:16.112234
PAY_005322,CUST_01980,7972.26,upi,successful,,,1,2026-08-05 09:14:16.112234
PAY_005323,CUST_01147,23617.62,upi,successful,,,1,2026-08-24 10:38:16.113335
PAY_005324,CUST_01350,32247.1,card,successful,,,1,2026-07-04 18:40:16.113335
PAY_005325,CUST_01726,14105.42,netbanking,successful,,,1,2026-05-29 09:36:16.113335
PAY_005326,CUST_01771,43042.0,upi,successful,,,1,2026-08-16 06:55:16.113335
PAY_005327,CUST_01293,12638.12,card,successful,,,1,2026-07-28 00:26:16.113335
PAY_005328,CUST_00095,44333.84,netbanking,successful,,,1,2026-08-03 10:57:16.113335
PAY_005329,CUST_01086,28700.9,upi,successful,,,2,2026-07-28 08:49:16.113335
PAY_005330,CUST_01100,29537.68,netbanking,successful,,,2,2026-08-19 11:51:16.113335
PAY_005331,CUST_00040,42918.96,upi,successful,,,1,2026-06-14 00:29:16.113335
PAY_005332,CUST_01359,2529.13,card,successful,,,1,2026-08-23 13:01:16.113335
PAY_005333,CUST_01778,3231.56,card,failed,LIMIT_EXCEEDED,limit_exceeded,1,2026-06-02 21:44:16.113335
PAY_005334,CUST_00117,38073.08,upi,failed,TRANSACTION_LIMIT_EXCEEDED,limit_exceeded,1,2026-06-26 21:17:16.113335
PAY_005335,CUST_01405,17916.44,card,failed,UNSPECIFIED_DECLINE,timeout,1,2026-07-10 21:45:16.113335
PAY_005336,CUST_01500,22342.84,upi,failed,INSUFFICIENT_BALANCE,insufficient_funds,2,2026-05-27 01:54:16.113335
PAY_005337,CUST_01861,37351.23,upi,failed,CUSTOMER_AUTH_FAILED,authentication_failed,1,2026-06-28 04:31:16.113335
PAY_005338,CUST_00933,47720.81,card,successful,,,1,2026-06-07 16:25:16.113335
PAY_005339,CUST_01085,6390.93,card,successful,,,1,2026-08-04 18:17:16.113335
PAY_005340,CUST_00272,9087.74,upi,successful,,,1,2026-06-04 19:10:16.113335
PAY_005341,CUST_00881,17438.23,card,failed,FUNDS_NOT_AVAILABLE,insufficient_funds,1,2026-06-28 07:46:16.113335
PAY_005342,CUST_00279,7597.43,card,successful,,,1,2026-08-23 12:53:16.113335
PAY_005343,CUST_00083,7441.46,upi,successful,,,1,2026-07-16 19:11:16.113335
PAY_005344,CUST_01017,40295.96,upi,successful,,,1,2026-07-12 05:04:16.113335
PAY_005345,CUST_01826,15062.02,card,successful,,,1,2026-06-15 04:53:16.113335
PAY_005346,CUST_00941,19061.0,upi,successful,,,1,2026-07-03 18:58:16.113335
PAY_005347,CUST_01067,32447.55,upi,successful,,,1,2026-07-20 16:04:16.113335
PAY_005348,CUST_01576,33445.74,card,successful,,,1,2026-06-08 16:39:16.114423
PAY_005349,CUST_00093,53966.6,upi,successful,,,1,2026-07-01 06:35:16.114423
PAY_005350,CUST_01793,4556.94,netbanking,successful,,,1,2026-06-21 18:01:16.114423
PAY_005351,CUST_01875,91621.07,upi,successful,,,1,2026-07-05 23:22:16.114423
PAY_005352,CUST_00560,6687.05,upi,successful,,,1,2026-07-27 14:25:16.114423
PAY_005353,CUST_00211,29823.67,upi,successful,,,1,2026-07-31 08:49:16.114423
PAY_005354,CUST_01645,45928.65,upi,successful,,,1,2026-08-05 05:25:16.114423
PAY_005355,CUST_00852,11664.96,card,successful,,,1,2026-07-13 08:35:16.114423
PAY_005356,CUST_00389,19985.99,upi,successful,,,1,2026-08-06 02:53:16.114423
PAY_005357,CUST_01013,49829.61,upi,successful,,,1,2026-08-24 17:01:16.114423
PAY_005358,CUST_00695,48212.34,netbanking,failed,LIMIT_EXCEEDED,limit_exceeded,1,2026-07-08 00:31:16.114423
PAY_005359,CUST_01410,6654.25,upi,successful,,,1,2026-07-25 03:35:16.114423
PAY_005360,CUST_01928,23509.01,upi,successful,,,1,2026-07-30 01:37:16.114423
PAY_005361,CUST_01966,26677.56,upi,successful,,,1,2026-08-21 05:27:16.114423
PAY_005362,CUST_01737,77910.13,upi,successful,,,1,2026-08-12 05:48:16.114423
PAY_005363,CUST_00744,9716.23,upi,successful,,,1,2026-07-01 08:21:16.114423
PAY_005364,CUST_01489,48290.6,card,successful,,,1,2026-07-24 06:46:16.114423
PAY_005365,CUST_01909,11308.02,card,successful,,,1,2026-07-25 08:43:16.114423
PAY_005366,CUST_01615,1672.98,upi,successful,,,1,2026-08-19 07:13:16.114423
PAY_005367,CUST_01062,39914.2,upi,successful,,,1,2026-07-17 07:05:16.114423
PAY_005368,CUST_01629,64724.68,netbanking,successful,,,1,2026-07-04 02:11:16.114423
PAY_005369,CUST_01634,12210.75,upi,successful,,,1,2026-08-01 18:47:16.114423
PAY_005370,CUST_00070,25534.21,netbanking,successful,,,1,2026-07-23 19:19:16.114423
PAY_005371,CUST_00225,9287.84,upi,successful,,,1,2026-08-04 15:05:16.114423
PAY_005372,CUST_00601,71540.87,upi,successful,,,1,2026-05-29 10:25:16.114423
PAY_005373,CUST_01284,24145.45,upi,successful,,,1,2026-08-24 15:28:16.114423
PAY_005374,CUST_01135,37258.26,netbanking,successful,,,2,2026-05-26 21:12:16.114423
PAY_005375,CUST_00555,42975.52,netbanking,successful,,,1,2026-06-29 17:33:16.114423
PAY_005376,CUST_01934,8194.74,card,successful,,,1,2026-08-09 05:33:16.115522
PAY_005377,CUST_01224,99098.79,upi,failed,CARD_BLOCKED,blocked_instrument,1,2026-08-24 18:45:16.115522
PAY_005378,CUST_01812,24687.06,card,failed,UNSPECIFIED_DECLINE,temporary_bank_failure,1,2026-07-15 07:09:16.115522
PAY_005379,CUST_01266,41602.75,netbanking,successful,,,1,2026-06-29 05:42:16.115522
PAY_005380,CUST_01322,25013.17,netbanking,successful,,,1,2026-06-30 10:45:16.115522
PAY_005381,CUST_00640,24833.39,netbanking,successful,,,1,2026-07-19 03:30:16.115522
PAY_005382,CUST_01833,35091.4,card,successful,,,1,2026-06-06 17:18:16.115522
PAY_005383,CUST_00768,8837.56,upi,failed,UNSPECIFIED_DECLINE,risk_decline,1,2026-07-23 22:21:16.115522
PAY_005384,CUST_01161,37521.99,card,failed,BANK_SERVICE_UNAVAILABLE,temporary_bank_failure,1,2026-07-10 06:45:16.115522
PAY_005385,CUST_00450,21011.34,upi,successful,,,1,2026-07-09 01:03:16.115522
PAY_005386,CUST_00157,43624.32,upi,successful,,,1,2026-08-25 11:03:16.115522
PAY_005387,CUST_00007,21725.01,upi,failed,PROCESSING_TIMEOUT,timeout,1,2026-07-18 23:40:16.115522
PAY_005388,CUST_01870,35795.59,upi,failed,UNSPECIFIED_DECLINE,expired_instrument,1,2026-05-30 22:57:16.115522
PAY_005389,CUST_01727,46051.07,card,successful,,,1,2026-08-09 04:59:16.115522
PAY_005390,CUST_00506,13451.18,netbanking,successful,,,1,2026-07-17 02:35:16.115522
PAY_005391,CUST_00691,22060.38,card,successful,,,1,2026-07-14 08:39:16.115522
PAY_005392,CUST_01742,9315.53,card,successful,,,1,2026-08-22 09:00:16.115522
PAY_005393,CUST_01614,23111.67,upi,successful,,,3,2026-08-09 14:43:16.115522
PAY_005394,CUST_01187,82851.12,netbanking,successful,,,1,2026-06-12 11:29:16.115522
PAY_005395,CUST_01600,48034.77,upi,successful,,,1,2026-07-19 20:48:16.115522
PAY_005396,CUST_00228,84593.02,netbanking,successful,,,1,2026-06-29 10:59:16.116432
PAY_005397,CUST_01031,31124.72,upi,successful,,,1,2026-07-20 04:04:16.116432
PAY_005398,CUST_00765,43447.52,upi,successful,,,2,2026-06-01 06:13:16.116432
PAY_005399,CUST_01980,26730.36,netbanking,failed,TRANSACTION_LIMIT_EXCEEDED,limit_exceeded,1,2026-06-09 07:11:16.116432
PAY_005400,CUST_00162,27632.71,upi,successful,,,1,2026-08-01 15:18:16.116432
PAY_005401,CUST_00932,60837.23,upi,successful,,,2,2026-07-02 05:53:16.116432
PAY_005402,CUST_00340,38689.79,upi,successful,,,1,2026-08-01 13:16:16.116432
PAY_005403,CUST_01141,46421.18,upi,failed,BANK_TEMPORARY_ERROR,temporary_bank_failure,1,2026-07-29 06:01:16.116432
PAY_005404,CUST_00065,27587.97,upi,successful,,,1,2026-07-03 03:26:16.116432
PAY_005405,CUST_00276,15637.65,card,successful,,,1,2026-06-08 15:51:16.116432
PAY_005406,CUST_01321,37855.45,upi,successful,,,1,2026-06-01 04:14:16.116432
PAY_005407,CUST_00092,12728.98,upi,successful,,,1,2026-07-14 14:27:16.116432
PAY_005408,CUST_01248,70843.78,upi,successful,,,1,2026-06-29 18:44:16.116432
PAY_005409,CUST_00376,19876.76,card,successful,,,1,2026-08-13 09:43:16.116432
PAY_005410,CUST_01761,44670.08,netbanking,failed,FUNDS_NOT_AVAILABLE,insufficient_funds,1,2026-08-22 17:52:16.116432
PAY_005411,CUST_01877,11738.39,netbanking,successful,,,1,2026-08-19 22:11:16.116432
PAY_005412,CUST_01955,27847.21,card,successful,,,1,2026-08-18 06:24:16.116432
PAY_005413,CUST_00144,28630.49,card,successful,,,1,2026-06-29 08:04:16.116432
PAY_005414,CUST_01775,3647.35,card,failed,RISK_DECLINED,risk_decline,1,2026-05-28 12:17:16.116432
PAY_005415,CUST_01997,26236.1,upi,successful,,,2,2026-06-09 21:40:16.116432
PAY_005416,CUST_00215,5709.19,card,successful,,,1,2026-07-04 00:56:16.116432
PAY_005417,CUST_01595,31535.83,card,successful,,,3,2026-07-14 12:58:16.116432
PAY_005418,CUST_00301,34559.34,upi,successful,,,1,2026-08-19 12:23:16.116432
PAY_005419,CUST_01090,84192.66,netbanking,failed,NETWORK_TIMEOUT,timeout,1,2026-08-05 17:11:16.116432
PAY_005420,CUST_01737,12353.16,upi,successful,,,1,2026-07-27 05:49:16.116432
PAY_005421,CUST_00553,35946.52,upi,successful,,,1,2026-06-01 12:17:16.116432
PAY_005422,CUST_01123,33444.62,upi,successful,,,1,2026-06-11 07:31:16.116432
PAY_005423,CUST_00962,10566.92,upi,failed,PROCESSING_TIMEOUT,timeout,1,2026-08-25 02:10:16.116432
PAY_005424,CUST_00452,9624.32,card,failed,LIMIT_EXCEEDED,limit_exceeded,1,2026-06-01 15:46:16.116432
PAY_005425,CUST_01191,32626.86,card,successful,,,1,2026-06-13 09:06:16.116432
PAY_005426,CUST_00499,14122.06,card,failed,TRANSACTION_LIMIT_EXCEEDED,limit_exceeded,1,2026-07-01 02:32:16.116432
PAY_005427,CUST_00279,10976.89,upi,successful,,,1,2026-06-23 04:35:16.116432
PAY_005428,CUST_01877,10662.85,upi,successful,,,1,2026-07-15 19:26:16.117856
PAY_005429,CUST_01894,5546.57,card,successful,,,1,2026-06-22 22:16:16.117856
PAY_005430,CUST_00837,19194.34,netbanking,successful,,,1,2026-07-09 20:27:16.117856
PAY_005431,CUST_00651,17987.62,upi,successful,,,1,2026-08-23 07:27:16.117856
PAY_005432,CUST_00094,54836.41,card,successful,,,1,2026-07-15 02:41:16.117856
PAY_005433,CUST_01346,65301.53,card,successful,,,1,2026-07-25 09:25:16.117856
PAY_005434,CUST_01910,49675.65,upi,failed,UNKNOWN_ERROR,unknown_failure,1,2026-06-07 09:24:16.117856
PAY_005435,CUST_01743,97645.02,netbanking,successful,,,3,2026-08-01 11:13:16.117856
PAY_005436,CUST_00121,4876.48,card,successful,,,1,2026-05-30 09:41:16.117856
PAY_005437,CUST_00352,27501.42,card,successful,,,1,2026-07-19 02:02:16.117856
PAY_005438,CUST_01675,31882.14,upi,successful,,,1,2026-08-18 11:06:16.117856
PAY_005439,CUST_01846,29353.72,upi,successful,,,3,2026-06-27 04:56:16.117856
PAY_005440,CUST_01662,4694.13,netbanking,successful,,,1,2026-07-23 23:13:16.117856
PAY_005441,CUST_01561,29221.04,upi,successful,,,1,2026-07-18 08:51:16.117856
PAY_005442,CUST_00927,2795.31,upi,failed,INSUFFICIENT_BALANCE,insufficient_funds,1,2026-07-29 18:38:16.117856
PAY_005443,CUST_00897,45067.95,card,successful,,,1,2026-06-12 16:53:16.117856
PAY_005444,CUST_00372,34071.91,netbanking,successful,,,1,2026-07-25 15:15:16.117856
PAY_005445,CUST_01393,1207.58,upi,successful,,,1,2026-06-25 02:00:16.117856
PAY_005446,CUST_00576,25314.19,upi,successful,,,1,2026-07-30 08:28:16.117856
PAY_005447,CUST_01443,18724.08,upi,failed,TRANSACTION_LIMIT_EXCEEDED,limit_exceeded,1,2026-07-19 16:30:16.117856
PAY_005448,CUST_01356,24612.86,upi,successful,,,1,2026-06-02 03:36:16.117856
PAY_005449,CUST_00079,8261.26,netbanking,successful,,,1,2026-07-09 13:03:16.117856
PAY_005450,CUST_00061,44357.73,upi,successful,,,1,2026-08-04 18:29:16.117856
PAY_005451,CUST_01636,32451.29,netbanking,failed,FUNDS_NOT_AVAILABLE,insufficient_funds,1,2026-08-14 02:12:16.117856
PAY_005452,CUST_01632,34060.33,card,successful,,,1,2026-06-18 09:50:16.117856
PAY_005453,CUST_01176,13334.87,card,successful,,,1,2026-07-03 17:19:16.117856
PAY_005454,CUST_01104,11364.52,upi,successful,,,1,2026-06-10 14:40:16.117856
PAY_005455,CUST_01941,19446.79,card,failed,LIMIT_EXCEEDED,limit_exceeded,1,2026-06-28 04:13:16.118986
PAY_005456,CUST_00841,25839.24,upi,successful,,,1,2026-06-19 04:02:16.118986
PAY_005457,CUST_00648,38194.4,card,successful,,,1,2026-06-26 18:26:16.118986
PAY_005458,CUST_01579,44837.23,upi,failed,BANK_SERVICE_UNAVAILABLE,temporary_bank_failure,1,2026-07-02 14:45:16.118986
PAY_005459,CUST_00563,40533.61,card,failed,INSTRUMENT_EXPIRED,expired_instrument,1,2026-08-17 20:07:16.118986
PAY_005460,CUST_00257,723.62,upi,successful,,,1,2026-05-31 06:29:16.118986
PAY_005461,CUST_01797,43699.34,upi,successful,,,1,2026-07-17 23:48:16.118986
PAY_005462,CUST_01172,20162.4,netbanking,successful,,,1,2026-07-15 09:45:16.118986
PAY_005463,CUST_00406,24459.61,card,successful,,,1,2026-08-17 03:00:16.118986
PAY_005464,CUST_00480,13561.94,card,failed,INSTRUMENT_BLOCKED,blocked_instrument,1,2026-06-22 00:08:16.118986
PAY_005465,CUST_00678,35200.03,card,successful,,,1,2026-06-11 14:48:16.118986
PAY_005466,CUST_01312,25336.37,netbanking,successful,,,1,2026-06-29 06:44:16.118986
PAY_005467,CUST_00974,25102.75,netbanking,successful,,,1,2026-06-01 21:16:16.118986
PAY_005468,CUST_00148,23383.44,upi,successful,,,1,2026-07-10 11:04:16.118986
PAY_005469,CUST_00299,13094.7,upi,successful,,,1,2026-07-01 06:11:16.118986
PAY_005470,CUST_00021,19239.89,upi,successful,,,1,2026-07-04 17:12:16.118986
PAY_005471,CUST_00218,5711.0,upi,failed,FUNDS_NOT_AVAILABLE,insufficient_funds,1,2026-06-06 01:39:16.118986
PAY_005472,CUST_00698,19427.48,upi,successful,,,1,2026-08-09 22:06:16.118986
PAY_005473,CUST_01182,3463.34,upi,failed,RISK_DECLINED,risk_decline,1,2026-05-30 03:00:16.118986
PAY_005474,CUST_00729,42495.37,upi,successful,,,2,2026-07-03 07:07:16.118986
PAY_005475,CUST_01540,60855.53,upi,successful,,,1,2026-08-01 17:30:16.118986
PAY_005476,CUST_00845,19698.38,card,successful,,,1,2026-08-02 01:16:16.118986
PAY_005477,CUST_01434,10609.65,upi,successful,,,1,2026-07-15 12:12:16.118986
PAY_005478,CUST_01920,58821.08,upi,successful,,,1,2026-08-06 21:37:16.120005
PAY_005479,CUST_01861,36080.98,netbanking,failed,TRANSACTION_LIMIT_EXCEEDED,limit_exceeded,1,2026-07-13 10:11:16.120005
PAY_005480,CUST_01480,15311.46,netbanking,successful,,,1,2026-07-13 14:03:16.120005
PAY_005481,CUST_00850,15543.26,netbanking,successful,,,1,2026-07-31 23:13:16.120005
PAY_005482,CUST_00835,43309.7,upi,successful,,,1,2026-08-04 14:27:16.120005
PAY_005483,CUST_00250,14653.31,card,failed,CARD_EXPIRED,expired_instrument,1,2026-07-09 07:00:16.120005
PAY_005484,CUST_00850,50123.15,card,successful,,,1,2026-06-20 11:18:16.120005
PAY_005485,CUST_00565,64450.18,card,successful,,,2,2026-07-30 17:26:16.120005
PAY_005486,CUST_00868,18602.26,card,successful,,,2,2026-07-04 17:32:16.120005
PAY_005487,CUST_00713,39646.31,upi,successful,,,1,2026-06-10 05:59:16.120005
PAY_005488,CUST_00894,45060.21,netbanking,successful,,,1,2026-08-08 11:17:16.120005
PAY_005489,CUST_00287,28266.88,upi,successful,,,1,2026-07-25 23:10:16.120005
PAY_005490,CUST_01616,10790.68,upi,successful,,,2,2026-07-16 07:47:16.120005
PAY_005491,CUST_01944,35868.54,upi,failed,PROCESSING_TIMEOUT,timeout,1,2026-06-21 06:37:16.120005
PAY_005492,CUST_01425,23096.15,upi,successful,,,1,2026-07-18 09:08:16.120005
PAY_005493,CUST_00073,14162.35,netbanking,successful,,,1,2026-08-01 10:29:16.120005
PAY_005494,CUST_00165,83365.76,netbanking,successful,,,1,2026-07-13 07:41:16.120005
PAY_005495,CUST_00728,42215.88,upi,successful,,,1,2026-05-31 12:07:16.120005
PAY_005496,CUST_01556,33286.18,upi,successful,,,1,2026-06-04 19:35:16.120005
PAY_005497,CUST_01662,24812.63,card,successful,,,1,2026-06-15 05:47:16.120005
PAY_005498,CUST_01681,9918.02,upi,successful,,,1,2026-07-06 14:30:16.120005
PAY_005499,CUST_00414,33211.95,netbanking,successful,,,1,2026-07-24 11:11:16.120005
PAY_005500,CUST_00754,3573.01,upi,failed,BANK_TEMPORARY_ERROR,temporary_bank_failure,1,2026-07-19 03:48:16.120005
PAY_005501,CUST_01515,18166.69,card,successful,,,1,2026-06-01 22:04:16.120005
PAY_005502,CUST_01997,29451.12,netbanking,successful,,,3,2026-07-17 04:10:16.120005
PAY_005503,CUST_01237,3852.0,upi,successful,,,1,2026-07-29 03:58:16.120005
PAY_005504,CUST_00147,896.13,card,successful,,,1,2026-07-04 16:38:16.121098
PAY_005505,CUST_00307,4801.36,card,successful,,,1,2026-07-17 11:12:16.121098
PAY_005506,CUST_00487,48359.73,card,successful,,,1,2026-06-11 08:12:16.121098
PAY_005507,CUST_00502,21442.6,upi,successful,,,1,2026-06-29 15:41:16.121098
PAY_005508,CUST_01397,26713.66,upi,successful,,,1,2026-07-20 06:46:16.121098
PAY_005509,CUST_00821,43353.34,card,successful,,,2,2026-08-13 22:56:16.121098
PAY_005510,CUST_00894,29792.46,upi,successful,,,1,2026-06-25 05:11:16.121098
PAY_005511,CUST_01485,3566.15,card,successful,,,1,2026-08-03 13:12:16.121098
PAY_005512,CUST_01017,23814.83,upi,failed,,authentication_failed,1,2026-08-15 23:40:16.121098
PAY_005513,CUST_00439,15309.58,upi,successful,,,1,2026-08-02 17:41:16.121098
PAY_005514,CUST_00842,22876.47,upi,failed,FUNDS_NOT_AVAILABLE,insufficient_funds,1,2026-06-27 09:11:16.121098
PAY_005515,CUST_00375,37908.78,upi,successful,,,1,2026-07-26 07:45:16.121098
PAY_005516,CUST_00991,8264.27,upi,failed,CARD_BLOCKED,blocked_instrument,1,2026-06-10 18:20:16.121098
PAY_005517,CUST_00164,11245.29,upi,successful,,,1,2026-07-31 12:35:16.121098
PAY_005518,CUST_00044,6741.13,upi,successful,,,1,2026-08-25 05:03:16.121098
PAY_005519,CUST_01152,23801.47,upi,successful,,,2,2026-07-20 08:45:16.121098
PAY_005520,CUST_00804,47180.49,card,successful,,,1,2026-07-14 09:19:16.121098
PAY_005521,CUST_01927,41514.37,card,successful,,,1,2026-07-29 18:16:16.121098
PAY_005522,CUST_00915,10956.24,upi,failed,TRANSACTION_LIMIT_EXCEEDED,limit_exceeded,1,2026-07-17 18:17:16.121098
PAY_005523,CUST_01492,14335.65,card,failed,CUSTOMER_AUTH_FAILED,authentication_failed,1,2026-07-15 00:40:16.121098
PAY_005524,CUST_01582,3229.66,netbanking,successful,,,1,2026-08-24 19:19:16.121098
PAY_005525,CUST_00206,4012.23,card,successful,,,1,2026-07-07 23:25:16.121098
PAY_005526,CUST_01623,42958.65,card,successful,,,1,2026-08-17 23:27:16.121098
PAY_005527,CUST_01067,9952.23,upi,successful,,,1,2026-08-03 16:43:16.121098
PAY_005528,CUST_01875,92847.88,card,successful,,,1,2026-07-17 20:37:16.121098
PAY_005529,CUST_00586,23186.9,upi,successful,,,1,2026-05-27 03:41:16.122191
PAY_005530,CUST_01240,45572.25,upi,successful,,,1,2026-07-13 12:15:16.122191
PAY_005531,CUST_00054,38353.6,card,successful,,,2,2026-08-19 01:15:16.122191
PAY_005532,CUST_01986,18477.54,upi,successful,,,1,2026-08-08 04:32:16.122191
PAY_005533,CUST_01103,25869.36,card,successful,,,1,2026-07-08 21:37:16.122191
PAY_005534,CUST_00467,3351.72,netbanking,successful,,,1,2026-06-03 23:25:16.122191
PAY_005535,CUST_01476,12531.03,upi,successful,,,1,2026-06-20 05:50:16.122191
PAY_005536,CUST_00928,42782.95,card,successful,,,1,2026-06-15 23:16:16.122191
PAY_005537,CUST_01114,14980.66,card,successful,,,1,2026-06-20 13:05:16.122191
PAY_005538,CUST_00401,25558.66,upi,successful,,,1,2026-08-05 14:42:16.122191
PAY_005539,CUST_01495,30983.53,upi,successful,,,1,2026-06-01 14:04:16.122191
PAY_005540,CUST_01494,13255.02,upi,successful,,,1,2026-06-12 03:47:16.122191
PAY_005541,CUST_01661,11928.46,upi,successful,,,1,2026-07-25 20:24:16.122191
PAY_005542,CUST_01527,19661.39,card,successful,,,1,2026-07-31 18:26:16.122191
PAY_005543,CUST_00571,94261.9,upi,successful,,,1,2026-08-02 00:35:16.122191
PAY_005544,CUST_00830,8946.58,upi,successful,,,1,2026-07-05 11:14:16.122191
PAY_005545,CUST_00715,45645.59,card,failed,BANK_TEMPORARY_ERROR,temporary_bank_failure,1,2026-06-05 08:08:16.122191
PAY_005546,CUST_00987,38277.99,upi,successful,,,1,2026-08-16 01:19:16.122191
PAY_005547,CUST_01398,31211.65,upi,successful,,,1,2026-07-18 10:43:16.122191
PAY_005548,CUST_01167,14196.09,card,successful,,,1,2026-06-14 12:01:16.122191
PAY_005549,CUST_00836,49473.56,upi,successful,,,1,2026-08-23 03:15:16.122191
PAY_005550,CUST_01009,35681.71,card,successful,,,1,2026-08-17 16:58:16.122191
PAY_005551,CUST_01513,47770.28,upi,successful,,,2,2026-08-04 21:29:16.122191
PAY_005552,CUST_00234,2364.01,card,successful,,,1,2026-07-12 21:56:16.122191
PAY_005553,CUST_00446,3893.7,netbanking,successful,,,1,2026-06-03 19:41:16.122191
PAY_005554,CUST_00295,34060.61,card,successful,,,1,2026-08-09 18:48:16.122191
PAY_005555,CUST_01433,46980.85,upi,successful,,,1,2026-08-16 20:43:16.122191
PAY_005556,CUST_00371,28133.68,upi,successful,,,3,2026-07-19 13:14:16.122191
PAY_005557,CUST_00315,78995.37,upi,successful,,,1,2026-08-12 17:00:16.123281
PAY_005558,CUST_01324,5316.14,netbanking,successful,,,1,2026-08-24 09:26:16.123281
PAY_005559,CUST_01310,20401.34,card,successful,,,1,2026-06-10 14:21:16.123281
PAY_005560,CUST_00652,1538.73,card,failed,CUSTOMER_AUTH_FAILED,authentication_failed,1,2026-07-02 03:44:16.123281
PAY_005561,CUST_01796,33565.24,upi,successful,,,1,2026-06-17 18:45:16.123281
PAY_005562,CUST_01940,49267.41,card,successful,,,1,2026-06-28 21:54:16.123281
PAY_005563,CUST_01324,42559.36,upi,successful,,,1,2026-06-21 10:48:16.123281
PAY_005564,CUST_00694,9152.14,upi,successful,,,1,2026-07-06 02:54:16.123281
PAY_005565,CUST_01059,15394.64,card,successful,,,3,2026-08-12 07:36:16.123281
PAY_005566,CUST_01089,18389.47,card,successful,,,1,2026-07-02 09:27:16.123281
PAY_005567,CUST_00926,32011.58,upi,failed,INSUFFICIENT_BALANCE,insufficient_funds,1,2026-05-29 20:36:16.123281
PAY_005568,CUST_01872,38307.45,upi,successful,,,2,2026-06-24 18:35:16.123281
PAY_005569,CUST_01444,39837.86,upi,failed,NETWORK_TIMEOUT,timeout,1,2026-08-18 21:26:16.123281
PAY_005570,CUST_01519,3328.8,upi,successful,,,1,2026-06-27 06:53:16.123281
PAY_005571,CUST_00253,21749.38,upi,successful,,,1,2026-06-05 08:31:16.123281
PAY_005572,CUST_00727,10963.09,upi,successful,,,1,2026-07-09 02:22:16.123281
PAY_005573,CUST_00940,46248.66,upi,successful,,,1,2026-08-03 15:25:16.123281
PAY_005574,CUST_00958,20342.09,netbanking,successful,,,1,2026-07-27 00:01:16.123281
PAY_005575,CUST_01540,35462.64,netbanking,successful,,,1,2026-06-25 05:32:16.123281
PAY_005576,CUST_00847,3590.6,card,failed,BANK_SERVICE_UNAVAILABLE,temporary_bank_failure,1,2026-07-08 14:11:16.123281
PAY_005577,CUST_00838,48305.78,upi,successful,,,1,2026-06-13 07:31:16.123281
PAY_005578,CUST_01794,2382.01,upi,successful,,,1,2026-07-06 14:40:16.123281
PAY_005579,CUST_01929,18087.16,upi,failed,,timeout,1,2026-06-01 07:12:16.123281
PAY_005580,CUST_01487,42378.6,netbanking,successful,,,1,2026-06-23 17:10:16.123281
PAY_005581,CUST_01186,8567.38,upi,successful,,,1,2026-07-17 18:51:16.123281
PAY_005582,CUST_00220,42500.02,card,successful,,,1,2026-08-01 07:45:16.123281
PAY_005583,CUST_00168,45476.6,upi,successful,,,1,2026-08-19 08:15:16.124375
PAY_005584,CUST_01255,30404.38,netbanking,failed,PROCESSING_TIMEOUT,timeout,1,2026-05-30 16:37:16.124375
PAY_005585,CUST_01689,29547.37,upi,failed,NETWORK_TIMEOUT,timeout,1,2026-05-29 17:48:16.124375
PAY_005586,CUST_01902,25305.57,upi,failed,LIMIT_EXCEEDED,limit_exceeded,1,2026-05-29 18:29:16.124375
PAY_005587,CUST_01164,17356.42,upi,successful,,,1,2026-06-15 01:53:16.124375
PAY_005588,CUST_00270,79728.68,card,successful,,,1,2026-07-03 07:40:16.124375
PAY_005589,CUST_01650,29046.68,card,failed,BANK_TEMPORARY_ERROR,temporary_bank_failure,1,2026-06-07 12:10:16.124375
PAY_005590,CUST_00844,18492.69,card,successful,,,1,2026-06-09 06:20:16.124375
PAY_005591,CUST_01124,36506.87,netbanking,successful,,,1,2026-06-17 00:49:16.124375
PAY_005592,CUST_01913,5445.58,card,successful,,,1,2026-07-07 20:40:16.124375
PAY_005593,CUST_00162,42273.3,card,successful,,,1,2026-07-08 05:59:16.124375
PAY_005594,CUST_00763,36173.23,upi,failed,BANK_TEMPORARY_ERROR,temporary_bank_failure,2,2026-07-14 20:15:16.124375
PAY_005595,CUST_00188,24791.21,upi,successful,,,1,2026-06-27 15:30:16.124375
PAY_005596,CUST_01210,47241.4,card,failed,CARD_EXPIRED,expired_instrument,1,2026-06-11 22:59:16.124375
PAY_005597,CUST_00543,83952.87,card,successful,,,1,2026-08-17 07:17:16.124375
PAY_005598,CUST_00830,14994.77,card,successful,,,2,2026-08-12 01:48:16.124375
PAY_005599,CUST_00240,4674.73,card,successful,,,1,2026-07-02 20:12:16.124375
PAY_005600,CUST_01551,24501.2,card,successful,,,1,2026-05-30 11:37:16.124375
PAY_005601,CUST_01096,16425.72,upi,failed,BANK_SERVICE_UNAVAILABLE,temporary_bank_failure,1,2026-07-01 06:32:16.124375
PAY_005602,CUST_01097,40433.67,upi,successful,,,1,2026-08-02 00:29:16.124375
PAY_005603,CUST_01186,3312.53,upi,successful,,,1,2026-08-02 21:07:16.124375
PAY_005604,CUST_01473,25594.42,card,successful,,,1,2026-07-21 21:21:16.124375
PAY_005605,CUST_00502,20627.32,upi,successful,,,1,2026-06-19 09:43:16.124375
PAY_005606,CUST_01134,10112.99,upi,successful,,,1,2026-06-04 04:09:16.125467
PAY_005607,CUST_01016,7658.96,netbanking,successful,,,1,2026-08-25 16:27:16.125467
PAY_005608,CUST_01858,33522.18,card,successful,,,1,2026-08-23 15:29:16.125467
PAY_005609,CUST_00080,10140.02,card,successful,,,1,2026-08-22 09:33:16.125467
PAY_005610,CUST_01192,48353.47,card,successful,,,1,2026-07-12 18:51:16.125467
PAY_005611,CUST_00432,18070.82,netbanking,successful,,,1,2026-06-06 08:56:16.125467
PAY_005612,CUST_01703,70561.81,upi,successful,,,1,2026-07-24 09:35:16.125467
PAY_005613,CUST_00502,45397.81,upi,successful,,,1,2026-08-21 03:32:16.125467
PAY_005614,CUST_01362,2799.92,netbanking,successful,,,1,2026-06-08 03:16:16.125467
PAY_005615,CUST_00271,26009.6,netbanking,successful,,,1,2026-06-22 21:34:16.125467
PAY_005616,CUST_01954,4933.82,upi,successful,,,1,2026-07-18 03:29:16.125467
PAY_005617,CUST_01341,13032.88,upi,successful,,,1,2026-08-22 05:30:16.125467
PAY_005618,CUST_01674,8046.14,card,successful,,,1,2026-06-25 22:33:16.125467
PAY_005619,CUST_00416,4860.67,card,successful,,,1,2026-08-20 15:48:16.125467
PAY_005620,CUST_01727,12741.98,upi,successful,,,2,2026-08-20 04:56:16.125467
PAY_005621,CUST_01628,82258.02,card,successful,,,1,2026-06-18 04:37:16.125467
PAY_005622,CUST_01230,33339.6,upi,successful,,,1,2026-07-21 06:14:16.125467
PAY_005623,CUST_01035,10801.52,upi,successful,,,1,2026-07-01 22:18:16.125467
PAY_005624,CUST_01054,48644.74,card,successful,,,2,2026-08-21 23:45:16.125467
PAY_005625,CUST_00116,16194.18,upi,failed,CARD_EXPIRED,expired_instrument,1,2026-08-10 05:05:16.125467
PAY_005626,CUST_00300,47309.81,upi,successful,,,1,2026-08-02 07:41:16.125467
PAY_005627,CUST_01863,21481.16,upi,successful,,,1,2026-07-21 00:12:16.125467
PAY_005628,CUST_00203,8886.75,netbanking,successful,,,1,2026-07-20 11:45:16.125467
PAY_005629,CUST_01526,27873.38,upi,successful,,,1,2026-07-24 17:37:16.125467
PAY_005630,CUST_00200,12550.44,upi,successful,,,1,2026-07-05 20:42:16.125467
PAY_005631,CUST_00918,29411.13,upi,successful,,,2,2026-07-10 14:16:16.125467
PAY_005632,CUST_00858,49246.67,upi,successful,,,1,2026-06-07 18:23:16.125467
PAY_005633,CUST_01891,34258.48,upi,successful,,,2,2026-07-20 09:03:16.126564
PAY_005634,CUST_00463,33927.63,upi,successful,,,1,2026-06-24 15:31:16.126564
PAY_005635,CUST_00689,4381.2,upi,successful,,,2,2026-05-27 14:13:16.126564
PAY_005636,CUST_01324,26907.0,upi,successful,,,1,2026-07-27 07:26:16.126564
PAY_005637,CUST_01474,46974.83,upi,successful,,,1,2026-06-11 22:31:16.126564
PAY_005638,CUST_01601,29804.91,upi,successful,,,1,2026-07-29 06:01:16.126564
PAY_005639,CUST_00186,7328.49,upi,successful,,,1,2026-07-26 06:26:16.126564
PAY_005640,CUST_01086,28016.69,netbanking,successful,,,3,2026-07-26 22:01:16.126564
PAY_005641,CUST_01329,41735.44,upi,successful,,,1,2026-06-28 00:48:16.126564
PAY_005642,CUST_00599,63170.28,card,successful,,,1,2026-06-16 20:32:16.126564
PAY_005643,CUST_00526,2166.7,upi,failed,PROCESSING_TIMEOUT,timeout,1,2026-07-06 21:07:16.126564
PAY_005644,CUST_00961,4171.83,card,successful,,,2,2026-08-03 10:50:16.126564
PAY_005645,CUST_01772,14481.39,card,successful,,,1,2026-07-16 02:10:16.126564
PAY_005646,CUST_01870,28675.84,card,successful,,,1,2026-08-23 13:25:16.126564
PAY_005647,CUST_00350,18351.43,card,successful,,,1,2026-06-30 22:56:16.126564
PAY_005648,CUST_00853,39635.39,netbanking,successful,,,1,2026-08-06 20:14:16.126564
PAY_005649,CUST_01931,32465.43,upi,successful,,,1,2026-08-13 04:09:16.126564
PAY_005650,CUST_01343,4549.22,upi,successful,,,1,2026-08-13 01:09:16.126564
PAY_005651,CUST_00258,28225.27,netbanking,successful,,,1,2026-06-09 16:07:16.126564
PAY_005652,CUST_01553,15357.26,card,failed,BANK_SERVICE_UNAVAILABLE,temporary_bank_failure,3,2026-08-07 09:46:16.126564
PAY_005653,CUST_00661,47196.22,netbanking,successful,,,1,2026-07-22 23:01:16.126564
PAY_005654,CUST_01117,530.4,netbanking,successful,,,1,2026-08-06 06:26:16.126564
PAY_005655,CUST_00821,32668.27,card,successful,,,3,2026-08-21 08:38:16.126564
PAY_005656,CUST_00052,4881.85,upi,successful,,,1,2026-07-14 09:07:16.126564
PAY_005657,CUST_01677,44814.29,upi,successful,,,1,2026-06-29 23:51:16.126564
PAY_005658,CUST_01015,49865.63,upi,successful,,,1,2026-06-13 13:22:16.126564
PAY_005659,CUST_00281,40416.69,upi,successful,,,1,2026-07-09 06:18:16.127657
PAY_005660,CUST_00152,25559.16,upi,failed,LIMIT_EXCEEDED,limit_exceeded,2,2026-08-11 07:31:16.127657
PAY_005661,CUST_00924,1133.09,card,successful,,,1,2026-06-11 15:35:16.127657
PAY_005662,CUST_00493,39017.14,upi,successful,,,2,2026-08-21 08:17:16.127657
PAY_005663,CUST_01954,8252.07,netbanking,failed,,unknown_failure,1,2026-08-07 07:34:16.127657
PAY_005664,CUST_01005,48163.4,upi,successful,,,1,2026-06-30 02:20:16.127657
PAY_005665,CUST_01196,23253.0,upi,successful,,,1,2026-06-16 20:05:16.127657
PAY_005666,CUST_01667,49399.6,upi,successful,,,1,2026-06-07 04:03:16.127657
PAY_005667,CUST_00090,37059.07,upi,successful,,,2,2026-07-03 08:27:16.127657
PAY_005668,CUST_01877,681.45,upi,successful,,,2,2026-07-22 02:18:16.127657
PAY_005669,CUST_01500,3727.05,netbanking,successful,,,1,2026-06-22 02:29:16.127657
PAY_005670,CUST_00747,33211.59,upi,successful,,,1,2026-08-16 07:24:16.127657
PAY_005671,CUST_00405,1407.99,card,failed,PROCESSING_TIMEOUT,timeout,1,2026-06-09 19:24:16.127657
PAY_005672,CUST_01693,40441.77,upi,successful,,,1,2026-08-23 09:11:16.127657
PAY_005673,CUST_01174,6044.62,upi,successful,,,1,2026-08-20 16:49:16.127657
PAY_005674,CUST_01370,12093.09,netbanking,successful,,,1,2026-06-25 22:24:16.127657
PAY_005675,CUST_00307,20680.88,card,successful,,,1,2026-07-23 09:08:16.127657
PAY_005676,CUST_01869,12748.32,upi,successful,,,1,2026-08-14 19:09:16.127657
PAY_005677,CUST_00564,12668.6,netbanking,successful,,,1,2026-07-22 07:14:16.127657
PAY_005678,CUST_01356,30979.72,upi,failed,BANK_TEMPORARY_ERROR,temporary_bank_failure,1,2026-07-11 06:27:16.127657
PAY_005679,CUST_01565,46429.22,card,successful,,,1,2026-06-22 10:56:16.127657
PAY_005680,CUST_00558,19324.02,upi,successful,,,1,2026-06-02 17:01:16.127657
PAY_005681,CUST_00300,25571.68,card,successful,,,1,2026-07-15 09:42:16.127657
PAY_005682,CUST_01134,43934.34,upi,successful,,,1,2026-06-28 18:42:16.127657
PAY_005683,CUST_00483,63669.06,upi,successful,,,1,2026-08-18 09:39:16.127657
PAY_005684,CUST_00678,25818.85,upi,successful,,,1,2026-07-01 00:49:16.127657
PAY_005685,CUST_00631,28854.89,card,successful,,,1,2026-07-27 05:39:16.128754
PAY_005686,CUST_01137,12419.8,upi,successful,,,1,2026-07-23 17:52:16.128754
PAY_005687,CUST_01182,41152.03,netbanking,failed,AUTHENTICATION_FAILED,authentication_failed,1,2026-06-29 20:04:16.128754
PAY_005688,CUST_01470,11018.5,card,failed,BANK_SERVICE_UNAVAILABLE,temporary_bank_failure,1,2026-07-27 18:38:16.128754
PAY_005689,CUST_01583,19935.37,upi,failed,INSUFFICIENT_BALANCE,insufficient_funds,1,2026-06-17 02:26:16.128754
PAY_005690,CUST_01476,9398.34,upi,successful,,,1,2026-06-15 10:28:16.128754
PAY_005691,CUST_00975,13431.6,upi,successful,,,1,2026-06-04 05:46:16.128754
PAY_005692,CUST_01301,26235.56,card,successful,,,2,2026-08-15 09:02:16.128754
PAY_005693,CUST_01546,16632.73,upi,successful,,,1,2026-06-20 04:30:16.128754
PAY_005694,CUST_01472,38220.97,card,successful,,,1,2026-07-08 12:24:16.128754
PAY_005695,CUST_01767,21800.03,card,successful,,,3,2026-07-29 14:53:16.128754
PAY_005696,CUST_00118,17433.15,card,failed,UNSPECIFIED_DECLINE,unknown_failure,1,2026-08-05 11:17:16.128754
PAY_005697,CUST_00742,62663.05,upi,successful,,,1,2026-07-16 18:02:16.128754
PAY_005698,CUST_01749,30580.64,upi,successful,,,1,2026-07-12 16:12:16.128754
PAY_005699,CUST_00749,11263.3,upi,successful,,,1,2026-07-08 09:37:16.128754
PAY_005700,CUST_00821,27658.75,card,successful,,,1,2026-06-23 21:15:16.128754
PAY_005701,CUST_01536,2353.61,upi,failed,INSUFFICIENT_BALANCE,insufficient_funds,1,2026-07-04 23:41:16.128754
PAY_005702,CUST_01676,21356.76,upi,successful,,,2,2026-07-09 23:30:16.128754
PAY_005703,CUST_01995,25117.43,upi,successful,,,1,2026-08-12 18:03:16.128754
PAY_005704,CUST_01117,4721.35,netbanking,successful,,,1,2026-08-23 23:22:16.128754
PAY_005705,CUST_00498,32218.63,card,successful,,,1,2026-08-09 16:29:16.128754
PAY_005706,CUST_00306,34184.81,card,successful,,,1,2026-07-19 23:54:16.128754
PAY_005707,CUST_00808,81067.51,card,successful,,,1,2026-08-25 12:57:16.128754
PAY_005708,CUST_00086,16247.49,upi,successful,,,1,2026-07-05 18:08:16.128754
PAY_005709,CUST_01390,34076.59,upi,successful,,,1,2026-06-14 07:23:16.128754
PAY_005710,CUST_01424,21584.4,upi,successful,,,1,2026-06-22 01:36:16.128754
PAY_005711,CUST_01071,39552.12,upi,failed,AUTHENTICATION_FAILED,authentication_failed,1,2026-08-23 16:11:16.129856
PAY_005712,CUST_00967,44723.64,upi,successful,,,1,2026-08-04 10:43:16.129856
PAY_005713,CUST_00236,30917.96,netbanking,successful,,,2,2026-06-07 06:59:16.129856
PAY_005714,CUST_01990,25406.92,upi,successful,,,1,2026-05-29 21:50:16.129856
PAY_005715,CUST_00701,45829.42,upi,successful,,,1,2026-06-09 20:03:16.129856
PAY_005716,CUST_01347,93673.57,upi,successful,,,1,2026-07-16 21:34:16.129856
PAY_005717,CUST_00430,17357.95,upi,successful,,,1,2026-07-14 12:46:16.129856
PAY_005718,CUST_00687,21631.76,card,failed,AUTHENTICATION_FAILED,authentication_failed,1,2026-07-20 03:59:16.129856
PAY_005719,CUST_01141,39519.31,upi,successful,,,1,2026-06-19 09:01:16.129856
PAY_005720,CUST_00323,24727.29,card,successful,,,1,2026-08-02 11:16:16.129856
PAY_005721,CUST_01577,12466.51,upi,successful,,,1,2026-07-16 02:14:16.129856
PAY_005722,CUST_00780,31099.82,upi,failed,BANK_TEMPORARY_ERROR,temporary_bank_failure,1,2026-07-24 09:23:16.129856
PAY_005723,CUST_01158,6111.19,netbanking,failed,PROCESSING_TIMEOUT,timeout,1,2026-06-25 08:24:16.129856
PAY_005724,CUST_00749,25627.02,upi,successful,,,1,2026-07-06 21:19:16.129856
PAY_005725,CUST_01556,1790.03,upi,successful,,,1,2026-06-14 22:59:16.129856
PAY_005726,CUST_00229,24303.46,upi,successful,,,1,2026-08-05 22:01:16.129856
PAY_005727,CUST_00569,9307.5,card,successful,,,1,2026-07-17 09:29:16.129856
PAY_005728,CUST_01923,18002.64,upi,successful,,,1,2026-06-06 04:54:16.129856
PAY_005729,CUST_01224,58853.12,card,successful,,,1,2026-07-09 15:26:16.129856
PAY_005730,CUST_01639,1676.78,upi,successful,,,1,2026-06-06 14:35:16.129856
PAY_005731,CUST_01701,79451.63,upi,failed,RISK_DECLINED,risk_decline,1,2026-05-28 16:09:16.129856
PAY_005732,CUST_00862,30303.22,card,successful,,,1,2026-07-17 05:01:16.129856
PAY_005733,CUST_00229,3875.55,netbanking,successful,,,1,2026-05-30 20:19:16.129856
PAY_005734,CUST_00394,7673.24,netbanking,successful,,,1,2026-07-02 11:36:16.129856
PAY_005735,CUST_01762,28139.38,netbanking,successful,,,1,2026-07-20 06:34:16.129856
PAY_005736,CUST_01786,8759.27,upi,successful,,,1,2026-07-21 14:29:16.130946
PAY_005737,CUST_00067,48677.42,upi,successful,,,1,2026-06-10 18:01:16.130946
PAY_005738,CUST_00776,6101.35,upi,successful,,,2,2026-05-27 19:07:16.130946
PAY_005739,CUST_01429,2891.02,upi,failed,LIMIT_EXCEEDED,limit_exceeded,1,2026-06-26 19:15:16.130946
PAY_005740,CUST_00942,6324.54,card,failed,BANK_SERVICE_UNAVAILABLE,temporary_bank_failure,2,2026-07-22 02:15:16.130946
PAY_005741,CUST_00935,16782.39,netbanking,successful,,,1,2026-08-20 13:14:16.130946
PAY_005742,CUST_00559,33881.35,card,failed,LIMIT_EXCEEDED,limit_exceeded,1,2026-07-21 18:05:16.130946
PAY_005743,CUST_01559,46780.73,netbanking,successful,,,1,2026-06-26 21:37:16.130946
PAY_005744,CUST_01400,46163.5,upi,successful,,,1,2026-08-23 19:35:16.130946
PAY_005745,CUST_00309,5165.83,upi,failed,CARD_BLOCKED,blocked_instrument,1,2026-07-23 20:59:16.130946
PAY_005746,CUST_00394,30067.05,netbanking,failed,BANK_SERVICE_UNAVAILABLE,temporary_bank_failure,1,2026-06-11 16:28:16.130946
PAY_005747,CUST_01548,24547.06,card,successful,,,1,2026-06-03 16:36:16.130946
PAY_005748,CUST_00719,19094.47,netbanking,successful,,,1,2026-07-21 06:11:16.130946
PAY_005749,CUST_00816,19033.29,upi,failed,PROCESSING_TIMEOUT,timeout,1,2026-06-13 18:33:16.130946
PAY_005750,CUST_01167,38459.98,netbanking,failed,CUSTOMER_AUTH_FAILED,authentication_failed,1,2026-07-26 11:12:16.130946
PAY_005751,CUST_01462,3391.26,netbanking,successful,,,1,2026-07-12 16:29:16.130946
PAY_005752,CUST_00467,9089.97,upi,successful,,,2,2026-07-02 06:38:16.130946
PAY_005753,CUST_01144,13322.33,upi,failed,INSTRUMENT_BLOCKED,blocked_instrument,1,2026-07-13 11:07:16.130946
PAY_005754,CUST_01945,9001.67,upi,failed,BANK_TEMPORARY_ERROR,temporary_bank_failure,2,2026-07-13 11:10:16.130946
PAY_005755,CUST_01936,15806.68,netbanking,successful,,,1,2026-06-26 14:07:16.130946
PAY_005756,CUST_01588,503.0,card,successful,,,2,2026-07-24 04:33:16.130946
PAY_005757,CUST_01087,35568.18,upi,successful,,,1,2026-07-27 12:21:16.130946
PAY_005758,CUST_00636,27503.73,upi,successful,,,1,2026-06-01 09:20:16.130946
PAY_005759,CUST_00713,77689.89,upi,successful,,,1,2026-08-24 06:43:16.130946
PAY_005760,CUST_01328,43772.97,upi,successful,,,1,2026-07-20 17:51:16.130946
PAY_005761,CUST_00244,40145.29,upi,successful,,,1,2026-07-08 17:10:16.130946
PAY_005762,CUST_01429,2743.51,upi,successful,,,1,2026-05-29 06:46:16.130946
PAY_005763,CUST_00848,42805.79,upi,failed,NETWORK_TIMEOUT,timeout,1,2026-07-21 02:47:16.130946
PAY_005764,CUST_00078,42736.61,upi,successful,,,1,2026-08-02 00:42:16.132362
PAY_005765,CUST_01232,37308.96,card,successful,,,1,2026-08-01 12:22:16.132362
PAY_005766,CUST_00070,29894.31,netbanking,successful,,,1,2026-06-11 19:07:16.132362
PAY_005767,CUST_01691,49599.36,card,failed,BANK_TEMPORARY_ERROR,temporary_bank_failure,1,2026-06-07 14:33:16.132362
PAY_005768,CUST_00502,6766.02,upi,successful,,,1,2026-07-22 22:28:16.132362
PAY_005769,CUST_00464,45945.38,upi,failed,UNSPECIFIED_DECLINE,unknown_failure,1,2026-07-10 21:53:16.132362
PAY_005770,CUST_00838,78080.39,card,successful,,,1,2026-06-15 05:36:16.132362
PAY_005771,CUST_00425,12391.79,upi,failed,INSUFFICIENT_BALANCE,insufficient_funds,2,2026-07-16 22:09:16.132362
PAY_005772,CUST_01199,8128.33,netbanking,successful,,,1,2026-08-10 05:42:16.132362
PAY_005773,CUST_01643,48255.45,card,successful,,,1,2026-08-05 21:52:16.132362
PAY_005774,CUST_00628,48818.28,card,successful,,,1,2026-06-03 00:25:16.132362
PAY_005775,CUST_01502,72543.1,upi,successful,,,2,2026-06-08 22:08:16.132362
PAY_005776,CUST_00469,8354.29,card,failed,BANK_TEMPORARY_ERROR,temporary_bank_failure,1,2026-07-05 04:52:16.132362
PAY_005777,CUST_00872,22155.38,card,successful,,,1,2026-07-11 23:07:16.132362
PAY_005778,CUST_00541,15116.76,upi,successful,,,1,2026-06-17 11:50:16.132362
PAY_005779,CUST_01084,7766.43,card,failed,INSUFFICIENT_BALANCE,insufficient_funds,1,2026-06-20 17:33:16.132362
PAY_005780,CUST_01460,8930.59,upi,failed,LIMIT_EXCEEDED,limit_exceeded,1,2026-06-18 13:51:16.132362
PAY_005781,CUST_00775,14080.93,upi,successful,,,1,2026-07-07 04:41:16.132362
PAY_005782,CUST_01612,36501.14,upi,successful,,,1,2026-07-13 07:09:16.132362
PAY_005783,CUST_00941,14879.56,upi,successful,,,1,2026-08-04 13:16:16.132362
PAY_005784,CUST_01796,4071.23,netbanking,successful,,,1,2026-07-14 18:35:16.132362
PAY_005785,CUST_00142,20854.78,upi,successful,,,1,2026-07-18 23:53:16.132362
PAY_005786,CUST_01552,37035.85,netbanking,successful,,,1,2026-06-24 06:53:16.132362
PAY_005787,CUST_01061,27898.42,upi,successful,,,1,2026-08-02 01:21:16.132362
PAY_005788,CUST_00222,7910.2,card,successful,,,1,2026-06-02 19:08:16.133445
PAY_005789,CUST_01929,35423.65,card,successful,,,1,2026-08-24 16:19:16.133445
PAY_005790,CUST_01746,28988.12,card,successful,,,1,2026-06-27 11:08:16.133445
PAY_005791,CUST_00800,27823.78,card,successful,,,1,2026-08-19 08:48:16.133445
PAY_005792,CUST_01847,99614.9,upi,successful,,,1,2026-07-01 23:10:16.133445
PAY_005793,CUST_00809,16823.27,netbanking,successful,,,1,2026-06-07 08:16:16.133445
PAY_005794,CUST_00794,17447.38,upi,successful,,,1,2026-08-08 07:23:16.133445
PAY_005795,CUST_00864,43901.21,upi,successful,,,1,2026-05-28 15:01:16.133445
PAY_005796,CUST_01521,9144.65,card,successful,,,1,2026-08-22 08:32:16.133445
PAY_005797,CUST_01143,57784.24,card,successful,,,2,2026-07-29 10:05:16.133445
PAY_005798,CUST_00398,8194.95,upi,successful,,,2,2026-05-27 03:01:16.133445
PAY_005799,CUST_01303,44050.9,netbanking,successful,,,1,2026-07-15 04:07:16.133445
PAY_005800,CUST_00825,54006.26,netbanking,failed,UNKNOWN_ERROR,unknown_failure,1,2026-08-25 05:46:16.133445
PAY_005801,CUST_00174,10945.92,card,failed,INSTRUMENT_EXPIRED,expired_instrument,1,2026-07-23 16:13:16.133445
PAY_005802,CUST_01408,49552.74,card,successful,,,1,2026-08-09 23:58:16.133445
PAY_005803,CUST_00561,7161.65,upi,successful,,,1,2026-07-06 03:27:16.133445
PAY_005804,CUST_00234,11943.67,upi,successful,,,2,2026-07-20 03:03:16.133445
PAY_005805,CUST_00928,39595.53,card,successful,,,2,2026-06-01 02:04:16.133445
PAY_005806,CUST_00086,19787.74,upi,failed,POLICY_DECLINED,risk_decline,1,2026-06-21 08:01:16.133445
PAY_005807,CUST_00099,73241.44,card,successful,,,2,2026-07-20 08:35:16.133445
PAY_005808,CUST_00075,6374.53,netbanking,failed,UNKNOWN_ERROR,unknown_failure,1,2026-06-13 14:40:16.133445
PAY_005809,CUST_00211,29033.37,upi,successful,,,1,2026-06-24 01:13:16.133445
PAY_005810,CUST_00969,9693.61,upi,successful,,,1,2026-07-13 02:38:16.133445
PAY_005811,CUST_00122,12238.13,upi,successful,,,1,2026-06-16 19:24:16.133445
PAY_005812,CUST_01976,48022.25,card,successful,,,2,2026-05-29 10:32:16.133445
PAY_005813,CUST_00334,44423.71,upi,failed,,temporary_bank_failure,1,2026-08-12 04:41:16.134573
PAY_005814,CUST_01640,13902.04,card,successful,,,1,2026-06-08 23:50:16.134573
PAY_005815,CUST_01056,98802.13,upi,successful,,,1,2026-06-30 14:26:16.134573
PAY_005816,CUST_00951,33374.0,card,successful,,,1,2026-07-14 05:21:16.134573
PAY_005817,CUST_01878,9768.33,card,failed,NETWORK_TIMEOUT,timeout,1,2026-07-02 17:53:16.134573
PAY_005818,CUST_00424,43194.64,card,successful,,,1,2026-07-24 11:25:16.134573
PAY_005819,CUST_01292,81960.75,upi,successful,,,1,2026-07-10 23:38:16.134573
PAY_005820,CUST_01051,58521.32,upi,failed,TRANSACTION_LIMIT_EXCEEDED,limit_exceeded,1,2026-08-15 22:12:16.134573
PAY_005821,CUST_00221,8633.39,card,successful,,,1,2026-08-02 11:20:16.134573
PAY_005822,CUST_00212,18351.15,upi,successful,,,1,2026-07-17 01:12:16.134573
PAY_005823,CUST_00451,46094.68,upi,successful,,,1,2026-06-08 19:40:16.134573
PAY_005824,CUST_01987,12767.32,upi,successful,,,2,2026-06-26 10:43:16.134573
PAY_005825,CUST_01775,17812.74,card,failed,INSUFFICIENT_BALANCE,insufficient_funds,1,2026-08-24 05:59:16.134573
PAY_005826,CUST_00116,13339.84,upi,failed,TRANSACTION_LIMIT_EXCEEDED,limit_exceeded,1,2026-08-02 09:42:16.134573
PAY_005827,CUST_01965,29580.63,upi,failed,POLICY_DECLINED,risk_decline,1,2026-08-17 07:45:16.134573
PAY_005828,CUST_01913,9650.36,upi,failed,UNSPECIFIED_DECLINE,temporary_bank_failure,1,2026-07-09 16:16:16.134573
PAY_005829,CUST_01741,14168.02,card,successful,,,1,2026-08-05 09:44:16.134573
PAY_005830,CUST_00121,1778.32,card,successful,,,1,2026-08-02 09:39:16.134573
PAY_005831,CUST_01908,51412.75,upi,successful,,,1,2026-08-05 11:20:16.134573
PAY_005832,CUST_01396,16750.14,card,successful,,,1,2026-08-14 14:02:16.134573
PAY_005833,CUST_01848,49986.52,upi,failed,POLICY_DECLINED,risk_decline,1,2026-07-08 17:09:16.134573
PAY_005834,CUST_01916,94402.07,netbanking,successful,,,1,2026-07-28 18:38:16.134573
PAY_005835,CUST_00643,26539.78,upi,failed,UNSPECIFIED_DECLINE,insufficient_funds,1,2026-08-10 01:36:16.134573
PAY_005836,CUST_00314,6507.77,upi,successful,,,1,2026-08-19 22:05:16.135675
PAY_005837,CUST_00283,12589.72,upi,successful,,,1,2026-06-06 23:04:16.135675
PAY_005838,CUST_01639,7393.54,upi,successful,,,1,2026-07-06 10:30:16.135675
PAY_005839,CUST_01107,13752.03,upi,failed,LIMIT_EXCEEDED,limit_exceeded,1,2026-08-10 00:30:16.135675
PAY_005840,CUST_01321,22104.33,upi,successful,,,1,2026-06-25 20:08:16.135675
PAY_005841,CUST_00630,28668.09,upi,successful,,,1,2026-06-21 15:04:16.135675
PAY_005842,CUST_00574,29102.58,netbanking,successful,,,1,2026-08-09 20:02:16.135675
PAY_005843,CUST_01530,24480.6,upi,successful,,,1,2026-08-04 20:39:16.135675
PAY_005844,CUST_01063,23861.2,upi,successful,,,1,2026-08-09 08:19:16.135675
PAY_005845,CUST_01402,11717.16,netbanking,successful,,,2,2026-05-31 08:24:16.135675
PAY_005846,CUST_00609,66174.74,upi,successful,,,1,2026-08-13 03:10:16.135675
PAY_005847,CUST_01959,36576.79,upi,successful,,,1,2026-06-27 04:48:16.135675
PAY_005848,CUST_01678,18360.84,upi,successful,,,1,2026-07-23 16:16:16.135675
PAY_005849,CUST_00465,16811.0,card,successful,,,2,2026-07-16 18:02:16.135675
PAY_005850,CUST_01368,49241.07,card,failed,UNSPECIFIED_DECLINE,insufficient_funds,1,2026-08-19 01:38:16.135675
PAY_005851,CUST_01653,8604.83,upi,successful,,,1,2026-08-13 12:14:16.135675
PAY_005852,CUST_01076,8368.87,upi,successful,,,1,2026-08-23 06:07:16.135675
PAY_005853,CUST_00079,8477.56,upi,failed,BANK_SERVICE_UNAVAILABLE,temporary_bank_failure,1,2026-06-08 03:14:16.135675
PAY_005854,CUST_01408,36614.26,upi,failed,POLICY_DECLINED,risk_decline,1,2026-08-05 03:24:16.135675
PAY_005855,CUST_00283,1730.15,netbanking,failed,PROCESSING_TIMEOUT,timeout,1,2026-08-09 18:04:16.135675
PAY_005856,CUST_01968,42227.7,upi,failed,POLICY_DECLINED,risk_decline,1,2026-07-10 03:54:16.135675
PAY_005857,CUST_01307,14101.05,card,successful,,,1,2026-06-14 06:48:16.135675
PAY_005858,CUST_01537,16401.99,card,successful,,,1,2026-08-23 06:55:16.135675
PAY_005859,CUST_01803,42457.52,card,failed,AUTHENTICATION_FAILED,authentication_failed,1,2026-08-21 22:05:16.135675
PAY_005860,CUST_01740,8667.69,card,successful,,,1,2026-06-24 10:24:16.136763
PAY_005861,CUST_00723,27176.46,upi,successful,,,1,2026-07-30 07:07:16.136763
PAY_005862,CUST_00418,34745.74,netbanking,successful,,,1,2026-08-11 02:57:16.136763
PAY_005863,CUST_00376,42702.61,card,successful,,,2,2026-08-13 00:08:16.136763
PAY_005864,CUST_00882,21403.83,card,successful,,,1,2026-08-04 10:19:16.136763
PAY_005865,CUST_00121,2380.56,card,successful,,,1,2026-06-25 06:36:16.136763
PAY_005866,CUST_00102,47766.28,upi,successful,,,1,2026-07-28 04:41:16.136763
PAY_005867,CUST_00671,18176.82,upi,successful,,,1,2026-06-06 22:48:16.136763
PAY_005868,CUST_01489,23433.97,card,successful,,,1,2026-07-21 10:19:16.136763
PAY_005869,CUST_00839,15331.16,upi,successful,,,1,2026-06-05 03:42:16.136763
PAY_005870,CUST_00494,87027.44,card,successful,,,1,2026-07-14 00:58:16.136763
PAY_005871,CUST_01052,29588.32,upi,successful,,,1,2026-08-17 19:50:16.136763
PAY_005872,CUST_00153,67500.85,upi,successful,,,1,2026-08-21 07:58:16.136763
PAY_005873,CUST_00508,1466.78,upi,successful,,,1,2026-07-11 00:15:16.136763
PAY_005874,CUST_00468,48571.03,card,successful,,,1,2026-07-14 01:05:16.136763
PAY_005875,CUST_00895,31351.02,card,successful,,,1,2026-06-14 01:50:16.136763
PAY_005876,CUST_01055,48433.08,netbanking,successful,,,1,2026-08-17 20:19:16.136763
PAY_005877,CUST_01647,40606.75,card,successful,,,1,2026-08-19 21:38:16.136763
PAY_005878,CUST_01772,19472.33,card,successful,,,1,2026-06-15 19:25:16.136763
PAY_005879,CUST_01088,17918.87,upi,failed,,temporary_bank_failure,1,2026-06-25 18:08:16.136763
PAY_005880,CUST_00148,42739.66,card,successful,,,1,2026-08-09 08:23:16.136763
PAY_005881,CUST_00060,22931.79,card,successful,,,1,2026-08-10 00:02:16.136763
PAY_005882,CUST_00570,7656.44,card,failed,INSUFFICIENT_BALANCE,insufficient_funds,1,2026-06-10 06:39:16.136763
PAY_005883,CUST_01408,36603.3,card,successful,,,2,2026-06-16 09:44:16.136763
PAY_005884,CUST_01177,11568.08,upi,failed,TRANSACTION_LIMIT_EXCEEDED,limit_exceeded,1,2026-07-21 11:15:16.136763
PAY_005885,CUST_00062,4461.21,card,failed,NETWORK_TIMEOUT,timeout,1,2026-07-08 12:02:16.136763
PAY_005886,CUST_00583,29508.99,card,successful,,,1,2026-06-20 13:02:16.137864
PAY_005887,CUST_00787,10116.5,upi,successful,,,1,2026-08-07 21:05:16.137864
PAY_005888,CUST_00758,37368.61,card,successful,,,1,2026-06-21 19:46:16.137864
PAY_005889,CUST_00006,43296.0,upi,successful,,,1,2026-07-13 04:13:16.137864
PAY_005890,CUST_00318,19800.85,upi,successful,,,1,2026-07-05 01:25:16.137864
PAY_005891,CUST_00522,3702.22,card,successful,,,1,2026-06-11 21:49:16.137864
PAY_005892,CUST_01359,37575.13,netbanking,successful,,,1,2026-08-09 00:49:16.137864
PAY_005893,CUST_01669,15369.25,upi,successful,,,1,2026-06-01 21:02:16.137864
PAY_005894,CUST_00407,25948.5,upi,successful,,,1,2026-07-21 19:51:16.137864
PAY_005895,CUST_01405,33492.8,card,failed,CARD_EXPIRED,expired_instrument,2,2026-07-03 18:55:16.137864
PAY_005896,CUST_00795,14605.68,upi,successful,,,2,2026-07-02 22:47:16.137864
PAY_005897,CUST_01370,8770.57,upi,failed,INSUFFICIENT_BALANCE,insufficient_funds,1,2026-05-28 05:16:16.137864
PAY_005898,CUST_01144,6140.03,upi,failed,CUSTOMER_AUTH_FAILED,authentication_failed,1,2026-05-29 06:26:16.137864
PAY_005899,CUST_00449,8991.86,upi,failed,,expired_instrument,1,2026-06-06 19:32:16.137864
PAY_005900,CUST_01334,40692.29,card,successful,,,1,2026-06-03 20:22:16.137864
PAY_005901,CUST_00719,4470.1,card,successful,,,1,2026-06-10 23:23:16.137864
PAY_005902,CUST_00573,10975.53,netbanking,failed,POLICY_DECLINED,risk_decline,1,2026-07-15 16:09:16.137864
PAY_005903,CUST_00348,6888.26,upi,successful,,,1,2026-06-18 22:37:16.137864
PAY_005904,CUST_00442,47305.89,card,successful,,,1,2026-07-09 16:11:16.137864
PAY_005905,CUST_01093,5844.12,card,successful,,,1,2026-08-10 18:43:16.137864
PAY_005906,CUST_00464,15021.67,upi,successful,,,1,2026-08-03 09:07:16.137864
PAY_005907,CUST_01953,25680.68,upi,successful,,,1,2026-07-28 14:38:16.137864
PAY_005908,CUST_01320,42088.37,card,successful,,,1,2026-06-08 18:24:16.137864
PAY_005909,CUST_00038,39303.86,upi,failed,BANK_TEMPORARY_ERROR,temporary_bank_failure,1,2026-06-18 02:51:16.137864
PAY_005910,CUST_01329,42508.49,upi,successful,,,1,2026-07-19 13:51:16.137864
PAY_005911,CUST_00880,15641.36,upi,failed,UNKNOWN_ERROR,unknown_failure,1,2026-06-13 07:41:16.138958
PAY_005912,CUST_01737,20134.12,upi,successful,,,1,2026-06-29 17:13:16.138958
PAY_005913,CUST_01205,32753.78,netbanking,successful,,,1,2026-07-07 05:11:16.138958
PAY_005914,CUST_01061,12468.66,upi,successful,,,1,2026-07-15 16:28:16.138958
PAY_005915,CUST_00427,8670.11,upi,successful,,,1,2026-07-29 04:02:16.138958
PAY_005916,CUST_01649,10788.6,card,successful,,,1,2026-05-31 08:27:16.138958
PAY_005917,CUST_01089,6169.29,upi,successful,,,1,2026-06-11 05:23:16.138958
PAY_005918,CUST_00878,29273.3,card,successful,,,2,2026-07-04 03:36:16.138958
PAY_005919,CUST_01172,32915.54,upi,successful,,,1,2026-06-05 05:12:16.138958
PAY_005920,CUST_01410,33809.48,upi,successful,,,1,2026-08-16 14:35:16.138958
PAY_005921,CUST_01241,45025.89,card,successful,,,1,2026-08-01 05:23:16.138958
PAY_005922,CUST_01090,90493.11,upi,successful,,,1,2026-07-27 17:19:16.138958
PAY_005923,CUST_00765,21674.39,upi,successful,,,1,2026-08-06 11:16:16.138958
PAY_005924,CUST_01328,26393.56,netbanking,successful,,,1,2026-05-28 06:31:16.138958
PAY_005925,CUST_01535,5876.2,upi,successful,,,1,2026-07-20 22:21:16.138958
PAY_005926,CUST_01674,29063.01,upi,failed,,limit_exceeded,2,2026-06-29 19:43:16.138958
PAY_005927,CUST_01262,58243.48,netbanking,successful,,,3,2026-08-06 22:15:16.138958
PAY_005928,CUST_01970,28942.55,card,successful,,,1,2026-06-15 20:26:16.138958
PAY_005929,CUST_00620,37300.56,upi,successful,,,1,2026-08-24 10:00:16.138958
PAY_005930,CUST_01938,2655.89,upi,successful,,,1,2026-07-19 01:50:16.138958
PAY_005931,CUST_01333,17720.8,upi,failed,INSUFFICIENT_BALANCE,insufficient_funds,2,2026-07-06 17:42:16.138958
PAY_005932,CUST_01267,21373.76,netbanking,successful,,,1,2026-07-10 20:22:16.138958
PAY_005933,CUST_00352,24113.39,card,successful,,,1,2026-08-07 16:34:16.138958
PAY_005934,CUST_01958,19501.43,upi,successful,,,1,2026-06-29 02:12:16.138958
PAY_005935,CUST_00340,46890.69,upi,successful,,,1,2026-06-13 20:41:16.138958
PAY_005936,CUST_01541,881.54,netbanking,failed,INSTRUMENT_BLOCKED,blocked_instrument,1,2026-08-07 04:57:16.138958
PAY_005937,CUST_00195,85614.08,upi,failed,RISK_DECLINED,risk_decline,1,2026-07-10 07:08:16.140058
PAY_005938,CUST_00781,10302.84,card,failed,BANK_TEMPORARY_ERROR,temporary_bank_failure,1,2026-07-26 08:30:16.140058
PAY_005939,CUST_00254,36370.46,upi,successful,,,1,2026-07-24 02:14:16.140058
PAY_005940,CUST_00981,27837.55,netbanking,successful,,,1,2026-07-16 15:58:16.140058
PAY_005941,CUST_00868,19359.68,upi,successful,,,1,2026-06-09 23:38:16.140058
PAY_005942,CUST_00671,53911.84,upi,successful,,,1,2026-07-15 02:40:16.140058
PAY_005943,CUST_00198,5997.67,upi,successful,,,1,2026-08-10 14:52:16.140058
PAY_005944,CUST_01172,8172.72,upi,successful,,,2,2026-08-23 23:58:16.140058
PAY_005945,CUST_01799,29149.47,upi,failed,PROCESSING_TIMEOUT,timeout,1,2026-08-08 20:36:16.140058
PAY_005946,CUST_00586,45485.3,upi,failed,UNKNOWN_ERROR,unknown_failure,1,2026-05-27 11:30:16.140058
PAY_005947,CUST_00812,41801.24,card,successful,,,1,2026-06-21 06:01:16.140058
PAY_005948,CUST_00479,45961.04,card,successful,,,1,2026-06-21 23:11:16.140058
PAY_005949,CUST_01561,39259.49,netbanking,successful,,,1,2026-08-21 11:40:16.140058
PAY_005950,CUST_01386,97154.09,upi,successful,,,1,2026-05-27 21:24:16.140058
PAY_005951,CUST_01913,3336.02,card,successful,,,2,2026-07-04 22:56:16.140058
PAY_005952,CUST_00633,13466.56,card,successful,,,1,2026-08-21 02:32:16.140058
PAY_005953,CUST_00062,8840.88,card,successful,,,1,2026-07-08 12:53:16.140058
PAY_005954,CUST_00474,2497.76,upi,successful,,,1,2026-07-28 20:20:16.140058
PAY_005955,CUST_00540,29162.9,upi,failed,NETWORK_TIMEOUT,timeout,2,2026-08-19 10:29:16.140058
PAY_005956,CUST_01489,43074.99,upi,successful,,,1,2026-06-24 02:24:16.140058
PAY_005957,CUST_00319,6360.06,upi,failed,AUTHENTICATION_FAILED,authentication_failed,1,2026-07-13 01:27:16.140058
PAY_005958,CUST_00833,3044.4,netbanking,successful,,,1,2026-06-03 14:41:16.140058
PAY_005959,CUST_01425,27932.12,card,successful,,,1,2026-07-11 20:20:16.140058
PAY_005960,CUST_01572,12252.74,upi,successful,,,1,2026-06-19 20:58:16.141149
PAY_005961,CUST_00844,42305.73,upi,failed,BANK_TEMPORARY_ERROR,temporary_bank_failure,1,2026-06-21 06:06:16.141149
PAY_005962,CUST_00338,12326.22,upi,successful,,,1,2026-07-15 07:00:16.141149
PAY_005963,CUST_01579,5205.37,upi,failed,BANK_SERVICE_UNAVAILABLE,temporary_bank_failure,1,2026-06-18 08:44:16.141149
PAY_005964,CUST_00284,18578.36,card,successful,,,1,2026-07-21 08:32:16.141149
PAY_005965,CUST_01091,6113.48,upi,successful,,,1,2026-06-20 17:28:16.141149
PAY_005966,CUST_00222,24453.68,upi,failed,INSUFFICIENT_BALANCE,insufficient_funds,1,2026-07-10 23:56:16.141149
PAY_005967,CUST_01054,34213.61,card,successful,,,3,2026-06-18 09:05:16.141149
PAY_005968,CUST_00297,45103.24,upi,failed,CARD_EXPIRED,expired_instrument,1,2026-08-23 08:26:16.141149
PAY_005969,CUST_01487,86714.19,card,successful,,,1,2026-08-16 17:53:16.141149
PAY_005970,CUST_00221,15431.48,upi,failed,FUNDS_NOT_AVAILABLE,insufficient_funds,1,2026-06-10 14:46:16.141149
PAY_005971,CUST_00259,22945.59,card,successful,,,1,2026-08-13 04:11:16.141149
PAY_005972,CUST_00526,45773.2,card,successful,,,1,2026-07-04 05:28:16.141149
PAY_005973,CUST_00107,1369.25,netbanking,successful,,,2,2026-07-14 03:01:16.141149
PAY_005974,CUST_01052,43415.21,upi,failed,INSUFFICIENT_BALANCE,insufficient_funds,2,2026-07-25 13:42:16.141149
PAY_005975,CUST_00412,52968.36,upi,successful,,,1,2026-06-01 01:10:16.141149
PAY_005976,CUST_01590,2738.63,upi,successful,,,1,2026-06-07 11:22:16.141149
PAY_005977,CUST_01389,23615.1,upi,successful,,,1,2026-08-22 19:48:16.141149
PAY_005978,CUST_00990,33724.7,card,successful,,,1,2026-06-03 02:13:16.141149
PAY_005979,CUST_00337,7912.41,netbanking,successful,,,1,2026-07-16 23:54:16.141149
PAY_005980,CUST_00054,43601.84,card,successful,,,1,2026-08-10 08:52:16.141149
PAY_005981,CUST_00399,43020.28,upi,successful,,,1,2026-06-08 19:28:16.141149
PAY_005982,CUST_00649,7568.89,card,successful,,,1,2026-05-31 16:27:16.141149
PAY_005983,CUST_00979,30798.38,card,failed,INSTRUMENT_BLOCKED,blocked_instrument,1,2026-08-07 12:20:16.141149
PAY_005984,CUST_01253,17504.0,upi,failed,PROCESSING_TIMEOUT,timeout,1,2026-07-10 18:38:16.141149
PAY_005985,CUST_01617,6141.89,card,successful,,,1,2026-06-15 05:09:16.142241
PAY_005986,CUST_00650,45680.73,netbanking,failed,INSUFFICIENT_BALANCE,insufficient_funds,1,2026-06-10 17:53:16.142241
PAY_005987,CUST_00715,35231.26,upi,successful,,,1,2026-08-16 12:08:16.142241
PAY_005988,CUST_00011,5475.34,card,successful,,,1,2026-08-23 10:18:16.142241
PAY_005989,CUST_01477,46041.93,upi,successful,,,1,2026-07-01 13:45:16.142241
PAY_005990,CUST_01251,20975.16,upi,successful,,,1,2026-06-07 11:10:16.142241
PAY_005991,CUST_01867,24641.71,upi,failed,LIMIT_EXCEEDED,limit_exceeded,1,2026-07-06 09:21:16.142241
PAY_005992,CUST_00060,31669.88,upi,successful,,,1,2026-08-06 08:57:16.142241
PAY_005993,CUST_00935,29092.49,card,successful,,,2,2026-07-07 14:11:16.142241
PAY_005994,CUST_00962,13077.57,upi,successful,,,1,2026-08-17 15:01:16.142241
PAY_005995,CUST_01703,10195.3,upi,successful,,,1,2026-07-18 19:54:16.142241
PAY_005996,CUST_01813,7241.57,upi,failed,INSUFFICIENT_BALANCE,insufficient_funds,1,2026-05-31 21:57:16.142241
PAY_005997,CUST_00128,1734.21,card,failed,BANK_SERVICE_UNAVAILABLE,temporary_bank_failure,1,2026-06-20 02:51:16.142241
PAY_005998,CUST_01873,9461.45,card,successful,,,1,2026-06-13 07:04:16.142241
PAY_005999,CUST_01230,22284.15,card,successful,,,1,2026-07-20 09:47:16.142241
PAY_006000,CUST_00270,5674.91,card,successful,,,1,2026-08-11 20:52:16.142241
PAY_006001,CUST_01372,21680.19,card,successful,,,2,2026-06-22 09:32:16.142241
PAY_006002,CUST_01983,21540.15,card,successful,,,1,2026-08-20 06:34:16.142241
PAY_006003,CUST_00164,41368.18,card,successful,,,1,2026-06-24 02:12:16.142241
PAY_006004,CUST_01062,43789.86,card,successful,,,1,2026-07-13 19:51:16.142241
PAY_006005,CUST_00793,28296.03,upi,successful,,,1,2026-08-23 18:58:16.142241
PAY_006006,CUST_01169,12499.77,card,failed,BANK_TEMPORARY_ERROR,temporary_bank_failure,1,2026-06-23 21:56:16.142241
PAY_006007,CUST_00149,16691.42,netbanking,failed,RISK_DECLINED,risk_decline,1,2026-08-02 07:53:16.142241
PAY_006008,CUST_00288,91556.33,upi,successful,,,1,2026-08-14 11:15:16.143340
PAY_006009,CUST_01324,32857.3,netbanking,successful,,,1,2026-07-15 16:01:16.143340
PAY_006010,CUST_01108,24423.64,upi,successful,,,1,2026-06-04 05:16:16.143340
PAY_006011,CUST_01832,30611.78,card,successful,,,1,2026-05-29 08:50:16.143340
PAY_006012,CUST_00204,18780.08,upi,successful,,,1,2026-08-21 06:45:16.143340
PAY_006013,CUST_01345,9101.47,netbanking,successful,,,2,2026-07-05 19:53:16.143340
PAY_006014,CUST_00734,92197.28,netbanking,failed,AUTHENTICATION_FAILED,authentication_failed,1,2026-08-11 06:04:16.143340
PAY_006015,CUST_00343,4697.0,card,successful,,,1,2026-08-10 13:02:16.143340
PAY_006016,CUST_01175,7187.72,card,successful,,,1,2026-05-28 22:02:16.143340
PAY_006017,CUST_00431,18819.79,netbanking,failed,AUTHENTICATION_FAILED,authentication_failed,1,2026-06-12 06:43:16.143340
PAY_006018,CUST_01278,16427.37,upi,successful,,,1,2026-08-20 09:24:16.143340
PAY_006019,CUST_01382,25080.94,upi,successful,,,1,2026-06-23 02:52:16.143340
PAY_006020,CUST_00214,80697.18,upi,failed,UNKNOWN_ERROR,unknown_failure,1,2026-08-13 22:28:16.143340
PAY_006021,CUST_00910,21453.9,card,successful,,,1,2026-08-14 13:17:16.143340
PAY_006022,CUST_01635,92651.09,netbanking,successful,,,1,2026-07-05 14:59:16.143340
PAY_006023,CUST_00371,1604.17,upi,successful,,,3,2026-07-03 20:37:16.143340
PAY_006024,CUST_01982,79125.73,upi,successful,,,1,2026-08-09 00:03:16.143340
PAY_006025,CUST_01488,10230.08,card,successful,,,1,2026-08-08 10:37:16.143340
PAY_006026,CUST_01133,4340.67,upi,successful,,,1,2026-07-31 13:15:16.143340
PAY_006027,CUST_00345,35719.92,upi,successful,,,1,2026-07-20 10:01:16.143340
PAY_006028,CUST_01271,44477.04,upi,successful,,,2,2026-07-29 18:32:16.143340
PAY_006029,CUST_00540,4652.55,card,successful,,,1,2026-07-03 05:34:16.143340
PAY_006030,CUST_01221,25059.97,upi,successful,,,1,2026-08-09 20:17:16.143340
PAY_006031,CUST_00855,40583.32,card,successful,,,2,2026-08-04 03:43:16.143340
PAY_006032,CUST_00740,13712.24,card,successful,,,1,2026-08-01 13:39:16.143340
PAY_006033,CUST_01067,71850.68,upi,successful,,,2,2026-06-14 15:59:16.143340
PAY_006034,CUST_01955,13680.28,card,failed,UNSPECIFIED_DECLINE,unknown_failure,1,2026-06-24 11:17:16.144429
PAY_006035,CUST_00632,72422.63,upi,successful,,,1,2026-08-09 22:52:16.144429
PAY_006036,CUST_00911,17679.52,card,successful,,,1,2026-08-17 00:31:16.144429
PAY_006037,CUST_00280,91833.35,card,failed,BANK_TEMPORARY_ERROR,temporary_bank_failure,1,2026-08-08 05:49:16.144429
PAY_006038,CUST_00651,39101.31,upi,successful,,,1,2026-08-03 07:08:16.144429
PAY_006039,CUST_01276,23132.25,upi,successful,,,1,2026-07-02 00:25:16.144429
PAY_006040,CUST_00849,31404.81,card,successful,,,1,2026-06-30 06:26:16.144429
PAY_006041,CUST_00782,13905.53,card,successful,,,1,2026-05-28 04:44:16.144429
PAY_006042,CUST_00940,11265.01,netbanking,successful,,,1,2026-07-26 20:47:16.144429
PAY_006043,CUST_00429,44552.62,upi,successful,,,1,2026-06-05 11:56:16.144429
PAY_006044,CUST_01735,7644.05,card,failed,FUNDS_NOT_AVAILABLE,insufficient_funds,1,2026-07-18 06:58:16.144429
PAY_006045,CUST_01687,11144.37,card,failed,NETWORK_TIMEOUT,timeout,1,2026-06-25 08:46:16.144429
PAY_006046,CUST_01045,78953.24,upi,successful,,,1,2026-08-22 15:35:16.144429
PAY_006047,CUST_00271,8209.96,upi,successful,,,1,2026-06-04 17:52:16.144429
PAY_006048,CUST_00749,30196.66,upi,successful,,,1,2026-07-16 14:23:16.144429
PAY_006049,CUST_01735,18526.95,netbanking,failed,,expired_instrument,1,2026-06-08 18:54:16.144429
PAY_006050,CUST_01927,75454.84,card,successful,,,1,2026-05-30 17:49:16.144429
PAY_006051,CUST_00178,93817.18,upi,failed,UNSPECIFIED_DECLINE,risk_decline,1,2026-07-25 14:45:16.144429
PAY_006052,CUST_01477,33275.36,upi,successful,,,1,2026-06-17 21:29:16.144429
PAY_006053,CUST_00077,29744.91,upi,successful,,,1,2026-07-18 22:39:16.144429
PAY_006054,CUST_00721,49147.95,upi,successful,,,1,2026-08-20 08:24:16.144429
PAY_006055,CUST_00957,54383.05,upi,successful,,,1,2026-08-18 09:14:16.144429
PAY_006056,CUST_00603,84050.93,upi,successful,,,2,2026-07-26 12:09:16.144429
PAY_006057,CUST_01681,10839.69,upi,successful,,,1,2026-07-10 12:07:16.144429
PAY_006058,CUST_00822,10209.03,upi,failed,CUSTOMER_AUTH_FAILED,authentication_failed,1,2026-08-11 16:50:16.144429
PAY_006059,CUST_01303,23403.06,card,successful,,,1,2026-07-25 06:17:16.145524
PAY_006060,CUST_01166,47984.51,upi,successful,,,1,2026-07-07 07:58:16.145524
PAY_006061,CUST_00022,1588.23,card,successful,,,1,2026-07-17 16:41:16.145524
PAY_006062,CUST_00351,1697.71,upi,successful,,,1,2026-07-11 11:12:16.145524
PAY_006063,CUST_00760,5415.97,upi,failed,,expired_instrument,1,2026-07-31 12:33:16.145524
PAY_006064,CUST_01907,39515.37,card,successful,,,1,2026-08-09 04:49:16.145524
PAY_006065,CUST_00422,7289.72,upi,successful,,,1,2026-07-06 08:28:16.145524
PAY_006066,CUST_00204,73378.2,upi,failed,NETWORK_TIMEOUT,timeout,1,2026-07-01 10:56:16.145524
PAY_006067,CUST_00248,27091.53,upi,successful,,,1,2026-08-15 01:24:16.145524
PAY_006068,CUST_01556,48253.4,card,successful,,,1,2026-07-06 09:26:16.145524
PAY_006069,CUST_01762,35255.94,upi,successful,,,1,2026-07-24 17:50:16.145524
PAY_006070,CUST_00711,17430.88,netbanking,successful,,,1,2026-06-23 14:31:16.145524
PAY_006071,CUST_00078,38223.49,upi,failed,CARD_BLOCKED,blocked_instrument,1,2026-08-07 23:42:16.145524
PAY_006072,CUST_00342,99085.94,card,successful,,,1,2026-06-10 11:26:16.145524
PAY_006073,CUST_00094,64421.81,card,successful,,,1,2026-07-07 06:56:16.145524
PAY_006074,CUST_01921,18917.48,upi,successful,,,1,2026-07-16 02:25:16.145524
PAY_006075,CUST_00875,29166.11,upi,successful,,,1,2026-07-29 12:56:16.145524
PAY_006076,CUST_00446,25001.6,upi,successful,,,1,2026-06-06 20:40:16.145524
PAY_006077,CUST_01677,15184.93,card,failed,INSUFFICIENT_BALANCE,insufficient_funds,1,2026-08-06 12:27:16.145524
PAY_006078,CUST_01979,47290.87,card,failed,CUSTOMER_AUTH_FAILED,authentication_failed,1,2026-07-22 03:29:16.145524
PAY_006079,CUST_00884,17732.0,card,successful,,,1,2026-06-04 06:02:16.145524
PAY_006080,CUST_00656,13187.1,upi,successful,,,1,2026-07-11 19:22:16.145524
PAY_006081,CUST_01651,49915.35,upi,successful,,,1,2026-06-05 13:11:16.145524
PAY_006082,CUST_00755,31148.78,upi,successful,,,1,2026-06-18 05:34:16.145524
PAY_006083,CUST_01023,1971.87,card,successful,,,1,2026-08-17 09:17:16.145524
PAY_006084,CUST_00384,38974.54,card,successful,,,1,2026-08-08 10:37:16.146615
PAY_006085,CUST_00740,31700.17,card,successful,,,1,2026-08-14 12:01:16.146615
PAY_006086,CUST_01096,3750.02,card,successful,,,2,2026-06-02 12:22:16.146615
PAY_006087,CUST_01143,24374.77,upi,successful,,,3,2026-06-27 16:00:16.146615
PAY_006088,CUST_01241,25293.6,card,successful,,,1,2026-08-19 10:04:16.146615
PAY_006089,CUST_01441,36639.4,netbanking,successful,,,1,2026-08-11 03:58:16.146615
PAY_006090,CUST_00922,25330.19,upi,successful,,,1,2026-07-30 21:09:16.146615
PAY_006091,CUST_01965,27929.9,upi,successful,,,1,2026-08-11 17:55:16.146615
PAY_006092,CUST_01576,9250.3,card,successful,,,1,2026-06-21 21:52:16.146615
PAY_006093,CUST_01175,92836.94,upi,failed,UNSPECIFIED_DECLINE,unknown_failure,2,2026-06-01 23:21:16.146615
PAY_006094,CUST_01220,46804.04,upi,successful,,,1,2026-05-28 03:42:16.146615
PAY_006095,CUST_00933,32882.92,upi,successful,,,1,2026-07-05 18:09:16.146615
PAY_006096,CUST_00296,47488.56,netbanking,successful,,,1,2026-07-04 15:07:16.146615
PAY_006097,CUST_00820,5547.38,card,successful,,,1,2026-07-10 23:29:16.146615
PAY_006098,CUST_01144,15983.88,upi,successful,,,1,2026-08-02 03:06:16.146615
PAY_006099,CUST_00620,28928.47,upi,successful,,,1,2026-08-02 15:43:16.146615
PAY_006100,CUST_00100,31982.41,netbanking,successful,,,1,2026-08-24 10:39:16.147793
PAY_006101,CUST_00339,8193.07,upi,successful,,,1,2026-07-20 22:43:16.147793
PAY_006102,CUST_01889,42990.7,upi,successful,,,1,2026-07-11 08:09:16.147793
PAY_006103,CUST_00075,43033.91,upi,successful,,,1,2026-07-25 15:23:16.147793
PAY_006104,CUST_01018,38386.29,netbanking,successful,,,1,2026-08-07 02:48:16.147793
PAY_006105,CUST_00092,5592.82,upi,successful,,,1,2026-05-30 02:32:16.147793
PAY_006106,CUST_00494,8949.66,upi,successful,,,1,2026-08-11 06:36:16.147793
PAY_006107,CUST_01968,30338.01,netbanking,successful,,,1,2026-07-15 00:15:16.147793
PAY_006108,CUST_01176,3193.53,upi,successful,,,2,2026-06-20 22:54:16.147793
PAY_006109,CUST_00659,32620.46,upi,successful,,,1,2026-08-22 08:45:16.147793
PAY_006110,CUST_00201,29047.38,card,successful,,,1,2026-06-16 11:29:16.147793
PAY_006111,CUST_01512,4390.35,netbanking,successful,,,2,2026-07-13 11:59:16.147793
PAY_006112,CUST_00254,33023.53,upi,successful,,,1,2026-05-29 16:27:16.147793
PAY_006113,CUST_00226,37166.08,card,successful,,,1,2026-06-09 08:32:16.147793
PAY_006114,CUST_00507,33272.2,upi,successful,,,1,2026-07-06 12:11:16.147793
PAY_006115,CUST_01207,30928.91,upi,successful,,,1,2026-07-19 12:31:16.147793
PAY_006116,CUST_01052,24010.06,netbanking,successful,,,1,2026-06-18 11:37:16.148882
PAY_006117,CUST_01645,47854.94,upi,failed,RISK_DECLINED,risk_decline,2,2026-06-27 09:39:16.148882
PAY_006118,CUST_01111,34010.25,upi,successful,,,2,2026-06-17 13:08:16.148882
PAY_006119,CUST_00128,11153.0,upi,successful,,,2,2026-07-22 16:36:16.148882
PAY_006120,CUST_00696,26786.63,upi,successful,,,1,2026-07-07 10:59:16.148882
PAY_006121,CUST_00741,16377.92,card,successful,,,2,2026-07-30 22:56:16.148882
PAY_006122,CUST_01578,47454.22,netbanking,successful,,,1,2026-06-07 13:24:16.148882
PAY_006123,CUST_00925,45112.34,card,successful,,,1,2026-07-18 18:07:16.148882
PAY_006124,CUST_00247,30290.17,card,failed,UNSPECIFIED_DECLINE,risk_decline,2,2026-08-20 16:01:16.148882
PAY_006125,CUST_01458,27409.25,card,successful,,,1,2026-08-03 09:06:16.148882
PAY_006126,CUST_00720,62809.11,card,successful,,,1,2026-07-24 06:16:16.148882
PAY_006127,CUST_01392,18142.89,card,successful,,,1,2026-08-14 23:45:16.148882
PAY_006128,CUST_00910,3764.32,netbanking,successful,,,1,2026-06-13 06:22:16.148882
PAY_006129,CUST_00505,743.25,card,successful,,,1,2026-08-13 10:49:16.149901
PAY_006130,CUST_00799,40613.96,upi,successful,,,1,2026-06-19 01:51:16.149901
PAY_006131,CUST_01693,7850.92,upi,successful,,,1,2026-08-15 00:46:16.149901
PAY_006132,CUST_00093,85453.86,upi,failed,LIMIT_EXCEEDED,limit_exceeded,1,2026-07-08 12:12:16.149901
PAY_006133,CUST_01579,47603.06,netbanking,failed,BANK_TEMPORARY_ERROR,temporary_bank_failure,1,2026-07-11 13:29:16.149901
PAY_006134,CUST_00962,36355.26,netbanking,successful,,,1,2026-08-23 06:26:16.149901
PAY_006135,CUST_00835,15823.58,upi,successful,,,1,2026-08-09 20:23:16.149901
PAY_006136,CUST_00275,4273.42,netbanking,successful,,,1,2026-06-24 13:05:16.149901
PAY_006137,CUST_00541,605.27,netbanking,successful,,,1,2026-08-17 02:03:16.149901
PAY_006138,CUST_00414,25380.13,upi,successful,,,1,2026-08-10 13:43:16.149901
PAY_006139,CUST_01906,6211.48,upi,successful,,,1,2026-08-22 08:54:16.149901
PAY_006140,CUST_01269,26907.27,upi,successful,,,1,2026-07-27 02:26:16.149901
PAY_006141,CUST_01254,20425.04,upi,successful,,,1,2026-07-06 21:39:16.149901
PAY_006142,CUST_01372,4054.48,card,successful,,,1,2026-07-02 03:02:16.149901
PAY_006143,CUST_01488,46852.6,upi,successful,,,1,2026-06-01 20:32:16.149901
PAY_006144,CUST_00577,8907.32,card,failed,NETWORK_TIMEOUT,timeout,1,2026-06-03 19:17:16.149901
PAY_006145,CUST_00680,24059.01,card,successful,,,1,2026-07-20 14:02:16.150982
PAY_006146,CUST_01119,41641.31,upi,successful,,,2,2026-08-19 16:07:16.150982
PAY_006147,CUST_01985,29989.22,upi,failed,UNSPECIFIED_DECLINE,expired_instrument,1,2026-06-22 17:55:16.150982
PAY_006148,CUST_00551,32362.39,card,successful,,,1,2026-07-21 08:19:16.150982
PAY_006149,CUST_00673,7779.39,upi,successful,,,1,2026-05-30 08:06:16.150982
PAY_006150,CUST_00001,48613.18,upi,successful,,,2,2026-07-29 15:33:16.150982
PAY_006151,CUST_00281,35335.48,upi,successful,,,1,2026-08-07 16:52:16.150982
PAY_006152,CUST_00935,49449.04,upi,successful,,,1,2026-07-04 09:45:16.150982
PAY_006153,CUST_00808,84956.19,upi,failed,FUNDS_NOT_AVAILABLE,insufficient_funds,1,2026-06-19 04:35:16.150982
PAY_006154,CUST_00177,15657.85,netbanking,successful,,,1,2026-07-27 19:57:16.150982
PAY_006155,CUST_01372,23687.47,upi,successful,,,1,2026-07-17 19:46:16.150982
PAY_006156,CUST_00870,73725.51,card,successful,,,1,2026-06-03 03:43:16.150982
PAY_006157,CUST_01290,46257.96,upi,successful,,,1,2026-07-17 01:12:16.150982
PAY_006158,CUST_01620,27938.26,upi,successful,,,1,2026-07-04 12:17:16.150982
PAY_006159,CUST_01298,30125.77,upi,successful,,,1,2026-08-03 00:56:16.150982
PAY_006160,CUST_01491,1515.17,upi,successful,,,2,2026-07-24 20:31:16.150982
PAY_006161,CUST_01834,1290.36,card,failed,CUSTOMER_AUTH_FAILED,authentication_failed,1,2026-07-25 17:39:16.152079
PAY_006162,CUST_01432,18327.33,netbanking,failed,BANK_SERVICE_UNAVAILABLE,temporary_bank_failure,1,2026-08-19 03:48:16.152079
PAY_006163,CUST_00709,3373.58,card,failed,INSUFFICIENT_BALANCE,insufficient_funds,2,2026-08-01 19:12:16.152079
PAY_006164,CUST_01753,18145.48,netbanking,successful,,,1,2026-08-24 20:58:16.152079
PAY_006165,CUST_01919,12558.23,upi,successful,,,1,2026-08-04 19:51:16.152079
PAY_006166,CUST_01695,62030.92,upi,successful,,,1,2026-06-14 04:28:16.152079
PAY_006167,CUST_01182,18637.48,upi,successful,,,1,2026-08-02 10:09:16.152079
PAY_006168,CUST_00200,16535.66,upi,successful,,,2,2026-06-02 02:11:16.152079
PAY_006169,CUST_01090,98972.02,card,failed,CARD_EXPIRED,expired_instrument,1,2026-06-19 02:17:16.152079
PAY_006170,CUST_01196,12074.46,upi,successful,,,1,2026-07-26 18:51:16.152079
PAY_006171,CUST_00734,18037.55,netbanking,successful,,,1,2026-06-14 07:50:16.152079
PAY_006172,CUST_00140,81873.4,upi,successful,,,1,2026-07-07 10:17:16.152079
PAY_006173,CUST_00807,9236.01,card,successful,,,1,2026-06-30 05:34:16.152079
PAY_006174,CUST_00749,2892.25,card,successful,,,1,2026-06-24 23:00:16.152079
PAY_006175,CUST_00683,4059.02,upi,successful,,,1,2026-07-13 05:26:16.152079
PAY_006176,CUST_01667,42362.71,upi,successful,,,1,2026-06-05 12:20:16.153175
PAY_006177,CUST_00658,25984.23,upi,successful,,,1,2026-07-22 10:53:16.153175
PAY_006178,CUST_00039,29460.73,upi,successful,,,1,2026-06-25 01:47:16.153175
PAY_006179,CUST_00899,28098.03,card,successful,,,1,2026-06-20 18:42:16.153175
PAY_006180,CUST_00846,14682.94,card,successful,,,1,2026-07-28 12:02:16.153175
PAY_006181,CUST_00499,18284.69,upi,successful,,,1,2026-06-21 13:24:16.153175
PAY_006182,CUST_01093,26952.3,netbanking,successful,,,1,2026-07-19 08:52:16.153175
PAY_006183,CUST_01000,14700.76,card,successful,,,1,2026-07-08 12:24:16.153175
PAY_006184,CUST_00289,24849.97,upi,successful,,,2,2026-06-22 09:20:16.153175
PAY_006185,CUST_00804,30400.86,card,failed,BANK_SERVICE_UNAVAILABLE,temporary_bank_failure,1,2026-07-19 22:17:16.153175
PAY_006186,CUST_00827,857.48,upi,failed,AUTHENTICATION_FAILED,authentication_failed,1,2026-08-20 08:48:16.153175
PAY_006187,CUST_00770,37778.31,netbanking,successful,,,1,2026-07-15 18:10:16.153175
PAY_006188,CUST_00302,26050.07,upi,successful,,,1,2026-06-03 14:41:16.153175
PAY_006189,CUST_00054,2719.19,netbanking,successful,,,1,2026-07-24 06:03:16.153175
PAY_006190,CUST_01049,42052.93,card,successful,,,1,2026-07-12 07:30:16.153175
PAY_006191,CUST_00891,34143.5,upi,successful,,,1,2026-06-03 17:52:16.153175
PAY_006192,CUST_00873,45969.14,upi,successful,,,1,2026-07-06 18:24:16.154267
PAY_006193,CUST_00594,3962.31,upi,failed,CARD_EXPIRED,expired_instrument,1,2026-06-29 19:46:16.154267
PAY_006194,CUST_00915,14951.58,upi,successful,,,1,2026-07-28 23:06:16.154267
PAY_006195,CUST_00032,43804.96,netbanking,successful,,,1,2026-07-24 22:17:16.154267
PAY_006196,CUST_01094,39394.45,card,successful,,,1,2026-07-01 14:09:16.154267
PAY_006197,CUST_01474,44058.0,card,successful,,,1,2026-08-25 19:25:16.154267
PAY_006198,CUST_00337,2706.9,upi,failed,PROCESSING_TIMEOUT,timeout,1,2026-07-24 03:26:16.154267
PAY_006199,CUST_01507,49445.88,card,successful,,,1,2026-07-18 22:15:16.154267
PAY_006200,CUST_01148,48078.7,upi,successful,,,1,2026-05-30 09:03:16.154267
PAY_006201,CUST_00983,33021.93,card,successful,,,2,2026-07-23 15:57:16.154267
PAY_006202,CUST_00715,22970.99,upi,successful,,,1,2026-06-24 17:55:16.154267
PAY_006203,CUST_00871,26669.5,upi,failed,LIMIT_EXCEEDED,limit_exceeded,1,2026-07-12 01:43:16.154267
PAY_006204,CUST_00461,6040.86,upi,successful,,,1,2026-06-19 22:17:16.154267
PAY_006205,CUST_01691,32978.27,card,successful,,,2,2026-08-11 20:48:16.155366
PAY_006206,CUST_00886,14396.43,card,failed,FUNDS_NOT_AVAILABLE,insufficient_funds,1,2026-08-15 01:36:16.155366
PAY_006207,CUST_00195,7353.48,netbanking,successful,,,1,2026-07-27 02:12:16.155366
PAY_006208,CUST_00918,11078.07,card,failed,INSUFFICIENT_BALANCE,insufficient_funds,3,2026-07-01 01:03:16.155366
PAY_006209,CUST_01518,72080.38,card,failed,UNSPECIFIED_DECLINE,insufficient_funds,1,2026-06-09 05:33:16.155366
PAY_006210,CUST_01544,36447.62,upi,successful,,,1,2026-06-03 23:16:16.155366
PAY_006211,CUST_01546,19440.49,card,successful,,,1,2026-07-05 09:40:16.155366
PAY_006212,CUST_00371,30633.05,upi,successful,,,1,2026-06-23 04:05:16.155366
PAY_006213,CUST_01959,36557.76,netbanking,successful,,,1,2026-08-02 22:31:16.155366
PAY_006214,CUST_01133,33764.77,upi,successful,,,1,2026-06-03 13:57:16.155366
PAY_006215,CUST_01632,24377.58,netbanking,successful,,,1,2026-07-27 20:33:16.155366
PAY_006216,CUST_01035,5917.38,card,successful,,,1,2026-06-28 12:47:16.155366
PAY_006217,CUST_01083,17654.84,card,successful,,,1,2026-06-14 19:35:16.155366
PAY_006218,CUST_01210,11869.09,card,successful,,,1,2026-05-28 15:19:16.155366
PAY_006219,CUST_00711,17511.98,upi,successful,,,1,2026-07-29 22:52:16.156461
PAY_006220,CUST_01100,35476.96,upi,failed,CARD_BLOCKED,blocked_instrument,1,2026-07-07 07:56:16.156461
PAY_006221,CUST_01919,21492.7,card,successful,,,1,2026-06-25 08:33:16.156461
PAY_006222,CUST_01138,12676.25,netbanking,successful,,,1,2026-07-26 09:30:16.156461
PAY_006223,CUST_01300,40371.29,card,successful,,,1,2026-08-14 02:38:16.156461
PAY_006224,CUST_01324,16254.11,card,failed,BANK_TEMPORARY_ERROR,temporary_bank_failure,1,2026-06-29 02:54:16.156461
PAY_006225,CUST_00215,47253.44,card,successful,,,1,2026-07-25 03:23:16.156461
PAY_006226,CUST_01722,9827.3,upi,successful,,,2,2026-07-30 15:09:16.156461
PAY_006227,CUST_00317,2349.78,card,successful,,,1,2026-07-01 23:44:16.156461
PAY_006228,CUST_00222,35432.12,upi,successful,,,1,2026-07-08 06:29:16.156461
PAY_006229,CUST_00371,36834.05,upi,successful,,,1,2026-06-30 17:15:16.156461
PAY_006230,CUST_01057,25857.04,upi,successful,,,1,2026-07-21 22:22:16.156461
PAY_006231,CUST_00247,27052.99,card,successful,,,1,2026-06-03 14:06:16.156461
PAY_006232,CUST_00451,17578.51,upi,successful,,,1,2026-08-25 00:15:16.156461
PAY_006233,CUST_01742,42466.62,upi,successful,,,1,2026-08-25 15:19:16.156461
PAY_006234,CUST_00453,29753.47,card,successful,,,1,2026-08-13 11:17:16.157551
PAY_006235,CUST_01934,19946.68,netbanking,successful,,,1,2026-06-05 13:37:16.157551
PAY_006236,CUST_01163,23898.01,netbanking,successful,,,2,2026-06-12 03:22:16.157551
PAY_006237,CUST_00683,3645.45,upi,successful,,,1,2026-06-26 23:18:16.157551
PAY_006238,CUST_01970,19324.58,upi,successful,,,1,2026-06-19 08:12:16.157551
PAY_006239,CUST_00792,34017.87,upi,failed,BANK_TEMPORARY_ERROR,temporary_bank_failure,1,2026-08-01 00:53:16.157551
PAY_006240,CUST_00823,97443.2,card,successful,,,1,2026-07-11 13:33:16.157551
PAY_006241,CUST_00568,11262.07,card,successful,,,1,2026-07-22 22:48:16.157551
PAY_006242,CUST_01645,1393.35,upi,successful,,,1,2026-06-08 12:50:16.157551
PAY_006243,CUST_01613,47709.95,upi,successful,,,1,2026-06-29 17:07:16.157551
PAY_006244,CUST_01246,68011.07,card,successful,,,1,2026-08-14 17:25:16.157551
PAY_006245,CUST_01312,15511.76,netbanking,successful,,,1,2026-06-12 09:40:16.157551
PAY_006246,CUST_00470,42288.5,upi,successful,,,2,2026-08-12 14:25:16.157551
PAY_006247,CUST_01132,41151.48,upi,successful,,,1,2026-06-27 09:49:16.157551
PAY_006248,CUST_01554,47471.2,card,failed,NETWORK_TIMEOUT,timeout,1,2026-06-28 06:12:16.157551
PAY_006249,CUST_01711,47073.65,upi,failed,UNSPECIFIED_DECLINE,timeout,1,2026-08-13 10:38:16.158641
PAY_006250,CUST_00380,27916.34,card,successful,,,1,2026-07-24 02:59:16.158641
PAY_006251,CUST_00310,98013.25,upi,successful,,,1,2026-07-24 07:52:16.158641
PAY_006252,CUST_00169,42125.52,card,successful,,,1,2026-05-31 17:34:16.158641
PAY_006253,CUST_00059,9669.67,card,failed,POLICY_DECLINED,risk_decline,3,2026-07-09 14:38:16.158641
PAY_006254,CUST_01571,690.19,upi,successful,,,1,2026-06-06 16:32:16.158641
PAY_006255,CUST_00854,23206.53,netbanking,successful,,,2,2026-06-26 15:57:16.158641
PAY_006256,CUST_00156,69017.9,netbanking,successful,,,1,2026-07-20 17:48:16.158641
PAY_006257,CUST_01403,38975.94,netbanking,successful,,,1,2026-08-05 09:33:16.158641
PAY_006258,CUST_00206,5145.35,card,failed,INSUFFICIENT_BALANCE,insufficient_funds,1,2026-06-06 10:21:16.158641
PAY_006259,CUST_01451,33532.8,card,successful,,,1,2026-07-01 18:41:16.158641
PAY_006260,CUST_00315,45500.27,card,successful,,,1,2026-08-16 11:24:16.158641
PAY_006261,CUST_00044,19973.14,upi,failed,CUSTOMER_AUTH_FAILED,authentication_failed,1,2026-08-08 09:47:16.158641
PAY_006262,CUST_01477,22540.35,upi,successful,,,1,2026-07-03 06:43:16.158641
PAY_006263,CUST_00136,40607.93,upi,successful,,,2,2026-06-25 02:23:16.158641
PAY_006264,CUST_00184,38060.7,card,successful,,,1,2026-06-05 16:49:16.159652
PAY_006265,CUST_01975,43253.15,card,successful,,,1,2026-08-19 08:05:16.159652
PAY_006266,CUST_01211,40190.17,netbanking,successful,,,1,2026-08-25 04:16:16.159652
PAY_006267,CUST_00024,14060.41,card,successful,,,1,2026-06-06 07:51:16.159652
PAY_006268,CUST_00387,32728.72,card,failed,POLICY_DECLINED,risk_decline,1,2026-07-03 17:25:16.159652
PAY_006269,CUST_01498,20816.58,netbanking,successful,,,1,2026-06-29 18:17:16.159652
PAY_006270,CUST_01168,94743.83,netbanking,successful,,,1,2026-07-17 00:09:16.159652
PAY_006271,CUST_00761,26732.4,netbanking,failed,INSTRUMENT_EXPIRED,expired_instrument,1,2026-08-13 23:18:16.159652
PAY_006272,CUST_01809,46598.6,card,failed,TRANSACTION_LIMIT_EXCEEDED,limit_exceeded,1,2026-06-27 00:57:16.159652
PAY_006273,CUST_00380,48418.19,upi,successful,,,1,2026-07-12 21:05:16.159652
PAY_006274,CUST_00042,11900.1,upi,successful,,,1,2026-06-30 16:33:16.159652
PAY_006275,CUST_01135,6152.38,upi,successful,,,1,2026-07-10 06:52:16.159652
PAY_006276,CUST_01468,85144.93,upi,failed,INSUFFICIENT_BALANCE,insufficient_funds,2,2026-07-23 19:00:16.159652
PAY_006277,CUST_01015,41210.92,card,successful,,,1,2026-06-30 09:03:16.159652
PAY_006278,CUST_01661,22189.18,upi,failed,POLICY_DECLINED,risk_decline,2,2026-07-22 18:58:16.159652
PAY_006279,CUST_01078,95655.36,upi,successful,,,1,2026-08-14 23:35:16.159652
PAY_006280,CUST_01252,3895.33,upi,successful,,,1,2026-06-27 14:44:16.159652
PAY_006281,CUST_01356,22398.93,card,successful,,,1,2026-07-18 05:04:16.159652
PAY_006282,CUST_01383,43429.26,upi,successful,,,1,2026-08-22 07:23:16.159652
PAY_006283,CUST_01612,21904.65,upi,successful,,,2,2026-07-17 21:59:16.159652
PAY_006284,CUST_00244,29041.45,card,successful,,,1,2026-07-30 00:20:16.159652
PAY_006285,CUST_01203,7027.75,upi,successful,,,1,2026-08-10 21:55:16.159652
PAY_006286,CUST_01709,69625.49,upi,failed,INSTRUMENT_BLOCKED,blocked_instrument,1,2026-07-17 18:46:16.160647
PAY_006287,CUST_00242,9518.75,upi,successful,,,1,2026-06-05 21:59:16.160647
PAY_006288,CUST_01072,36907.02,card,successful,,,1,2026-08-20 11:04:16.160647
PAY_006289,CUST_01669,11675.37,upi,successful,,,1,2026-07-13 17:21:16.160647
PAY_006290,CUST_01945,7113.61,upi,failed,PROCESSING_TIMEOUT,timeout,3,2026-08-07 21:21:16.160647
PAY_006291,CUST_01977,28074.8,upi,successful,,,1,2026-06-03 00:00:16.160647
PAY_006292,CUST_00019,78908.78,upi,successful,,,1,2026-06-13 09:56:16.160647
PAY_006293,CUST_01572,34716.6,netbanking,successful,,,1,2026-07-09 23:58:16.160647
PAY_006294,CUST_01036,17766.96,netbanking,successful,,,1,2026-07-23 21:35:16.161644
PAY_006295,CUST_00845,22003.14,upi,failed,BANK_SERVICE_UNAVAILABLE,temporary_bank_failure,1,2026-08-02 10:36:16.161644
PAY_006296,CUST_00941,11571.95,netbanking,successful,,,1,2026-05-31 02:17:16.161644
PAY_006297,CUST_00979,36285.84,card,successful,,,1,2026-06-18 22:13:16.161644
PAY_006298,CUST_00893,11924.47,card,successful,,,1,2026-08-02 19:19:16.161644
PAY_006299,CUST_00458,13640.83,upi,successful,,,1,2026-08-15 23:52:16.161644
PAY_006300,CUST_01479,83416.79,netbanking,failed,BANK_SERVICE_UNAVAILABLE,temporary_bank_failure,1,2026-06-12 07:35:16.161644
PAY_006301,CUST_01784,10268.14,netbanking,successful,,,1,2026-07-04 23:32:16.161644
PAY_006302,CUST_01966,13234.8,upi,successful,,,1,2026-07-24 19:17:16.161644
PAY_006303,CUST_01866,1561.76,upi,successful,,,1,2026-05-27 16:18:16.161644
PAY_006304,CUST_00227,16054.38,upi,successful,,,1,2026-07-30 13:13:16.161644
PAY_006305,CUST_01114,20814.39,netbanking,successful,,,1,2026-08-02 20:41:16.161644
PAY_006306,CUST_00914,32817.89,upi,successful,,,1,2026-07-31 05:44:16.161644
PAY_006307,CUST_00825,28775.18,upi,successful,,,1,2026-07-17 15:37:16.161644
PAY_006308,CUST_00575,76038.64,card,successful,,,1,2026-07-12 20:46:16.161644
PAY_006309,CUST_01676,15254.52,card,successful,,,1,2026-06-18 07:51:16.161644
PAY_006310,CUST_01329,11583.46,upi,successful,,,1,2026-06-22 16:05:16.161644
PAY_006311,CUST_01008,6258.37,upi,successful,,,1,2026-07-29 15:05:16.161644
PAY_006312,CUST_01993,4444.08,upi,failed,FUNDS_NOT_AVAILABLE,insufficient_funds,1,2026-08-21 04:41:16.161644
PAY_006313,CUST_00472,16359.92,upi,successful,,,1,2026-06-11 05:17:16.161644
PAY_006314,CUST_00895,34825.41,card,successful,,,1,2026-06-03 17:56:16.161644
PAY_006315,CUST_00592,84970.73,upi,successful,,,1,2026-08-20 05:12:16.161644
PAY_006316,CUST_01410,1883.01,upi,successful,,,1,2026-06-22 04:52:16.161644
PAY_006317,CUST_00936,2479.99,card,successful,,,1,2026-08-21 22:21:16.161644
PAY_006318,CUST_00211,34716.22,netbanking,successful,,,1,2026-06-16 00:04:16.161644
PAY_006319,CUST_00033,21031.47,upi,successful,,,1,2026-06-04 19:10:16.161644
PAY_006320,CUST_01792,11180.28,upi,failed,POLICY_DECLINED,risk_decline,1,2026-07-18 13:50:16.161644
PAY_006321,CUST_01559,39923.57,netbanking,successful,,,1,2026-07-19 00:58:16.161644
PAY_006322,CUST_01906,19298.02,netbanking,successful,,,1,2026-06-08 09:22:16.161644
PAY_006323,CUST_01168,33431.05,card,successful,,,1,2026-06-28 16:27:16.161644
PAY_006324,CUST_00151,29621.53,card,failed,RISK_DECLINED,risk_decline,1,2026-08-12 23:24:16.161644
PAY_006325,CUST_00595,36738.86,card,failed,INSTRUMENT_BLOCKED,blocked_instrument,1,2026-08-24 19:30:16.161644
PAY_006326,CUST_01327,40809.79,card,successful,,,1,2026-08-25 09:43:16.163150
PAY_006327,CUST_01231,34863.12,upi,successful,,,1,2026-05-27 06:00:16.163150
PAY_006328,CUST_01989,10753.24,upi,successful,,,1,2026-05-28 13:44:16.163150
PAY_006329,CUST_01564,80662.47,upi,successful,,,1,2026-08-24 12:45:16.163150
PAY_006330,CUST_01347,81739.71,netbanking,successful,,,1,2026-07-04 07:10:16.163150
PAY_006331,CUST_00564,17346.63,card,failed,FUNDS_NOT_AVAILABLE,insufficient_funds,1,2026-06-20 20:20:16.163150
PAY_006332,CUST_00927,9761.19,upi,failed,,timeout,1,2026-07-26 16:50:16.163150
PAY_006333,CUST_01968,4017.74,card,failed,UNSPECIFIED_DECLINE,unknown_failure,1,2026-07-06 07:37:16.163150
PAY_006334,CUST_00936,26482.78,card,failed,CUSTOMER_AUTH_FAILED,authentication_failed,1,2026-06-07 08:44:16.163150
PAY_006335,CUST_01346,13581.69,upi,successful,,,1,2026-06-01 22:26:16.163150
PAY_006336,CUST_00396,34249.51,upi,failed,FUNDS_NOT_AVAILABLE,insufficient_funds,1,2026-06-15 16:00:16.163150
PAY_006337,CUST_01648,28941.29,card,successful,,,2,2026-06-20 14:44:16.163150
PAY_006338,CUST_01704,41688.0,upi,successful,,,1,2026-08-05 01:40:16.163150
PAY_006339,CUST_00539,25285.68,upi,successful,,,1,2026-07-11 08:18:16.163150
PAY_006340,CUST_00820,14695.94,upi,successful,,,2,2026-07-16 05:30:16.163150
PAY_006341,CUST_01027,49527.88,upi,successful,,,1,2026-07-10 13:03:16.163150
PAY_006342,CUST_00993,27387.87,card,successful,,,1,2026-07-05 18:37:16.163150
PAY_006343,CUST_01947,43332.51,card,successful,,,1,2026-07-27 09:11:16.163150
PAY_006344,CUST_01011,36005.31,card,successful,,,1,2026-06-19 04:13:16.163150
PAY_006345,CUST_00767,95745.58,netbanking,successful,,,1,2026-06-17 02:16:16.163150
PAY_006346,CUST_01474,66304.18,upi,failed,PROCESSING_TIMEOUT,timeout,1,2026-06-14 03:32:16.163150
PAY_006347,CUST_01622,26106.67,card,successful,,,1,2026-07-06 21:05:16.164348
PAY_006348,CUST_00954,21134.67,card,successful,,,1,2026-06-27 01:13:16.164348
PAY_006349,CUST_01932,13304.2,card,successful,,,1,2026-06-10 12:29:16.164348
PAY_006350,CUST_01150,29744.94,card,failed,UNKNOWN_ERROR,unknown_failure,1,2026-07-31 09:40:16.164348
PAY_006351,CUST_00905,15972.09,upi,successful,,,1,2026-07-29 13:31:16.164348
PAY_006352,CUST_01598,40231.4,upi,successful,,,1,2026-06-23 07:04:16.164348
PAY_006353,CUST_00162,23837.7,card,successful,,,1,2026-06-25 20:30:16.164348
PAY_006354,CUST_01064,13722.3,upi,successful,,,1,2026-07-08 06:20:16.164348
PAY_006355,CUST_00743,22986.31,netbanking,successful,,,1,2026-06-09 08:15:16.164348
PAY_006356,CUST_01333,38016.41,upi,successful,,,1,2026-07-13 07:51:16.164348
PAY_006357,CUST_00610,39952.9,card,successful,,,2,2026-07-31 02:13:16.164348
PAY_006358,CUST_00876,86495.52,upi,failed,INSUFFICIENT_BALANCE,insufficient_funds,1,2026-06-16 09:06:16.164348
PAY_006359,CUST_00265,41253.55,upi,successful,,,1,2026-07-10 11:46:16.164348
PAY_006360,CUST_00612,15817.1,upi,successful,,,1,2026-06-24 15:59:16.164348
PAY_006361,CUST_00639,18305.12,card,successful,,,1,2026-06-02 04:08:16.164348
PAY_006362,CUST_01769,15559.21,card,successful,,,2,2026-06-11 13:20:16.164348
PAY_006363,CUST_01731,28208.76,upi,successful,,,2,2026-08-02 23:45:16.164348
PAY_006364,CUST_00665,33671.45,card,failed,UNKNOWN_ERROR,unknown_failure,1,2026-08-25 04:42:16.164348
PAY_006365,CUST_00578,76704.63,netbanking,successful,,,1,2026-06-01 05:53:16.164348
PAY_006366,CUST_01191,30494.93,upi,failed,CARD_BLOCKED,blocked_instrument,1,2026-07-20 11:09:16.164348
PAY_006367,CUST_00830,14873.99,netbanking,successful,,,1,2026-06-26 16:14:16.164348
PAY_006368,CUST_01467,11143.09,upi,successful,,,2,2026-08-10 10:12:16.164348
PAY_006369,CUST_00633,9296.67,upi,successful,,,1,2026-06-24 18:32:16.164348
PAY_006370,CUST_01550,44123.54,netbanking,successful,,,2,2026-07-09 11:46:16.164348
PAY_006371,CUST_01056,78602.39,card,successful,,,1,2026-06-14 04:07:16.165448
PAY_006372,CUST_01200,3765.44,upi,successful,,,1,2026-08-22 00:34:16.165448
PAY_006373,CUST_01147,48599.8,card,failed,INSTRUMENT_BLOCKED,blocked_instrument,1,2026-05-31 13:44:16.165448
PAY_006374,CUST_00591,31669.3,netbanking,successful,,,1,2026-07-22 13:32:16.165448
PAY_006375,CUST_00207,4739.35,card,successful,,,1,2026-07-22 06:46:16.165448
PAY_006376,CUST_00594,48263.83,card,successful,,,1,2026-06-09 22:09:16.165448
PAY_006377,CUST_00531,17824.47,card,successful,,,1,2026-06-01 14:19:16.165448
PAY_006378,CUST_00404,34146.41,card,failed,CARD_EXPIRED,expired_instrument,2,2026-07-10 18:47:16.165448
PAY_006379,CUST_01727,26384.72,upi,successful,,,1,2026-07-13 13:22:16.165448
PAY_006380,CUST_00041,13354.13,card,failed,CUSTOMER_AUTH_FAILED,authentication_failed,1,2026-07-06 23:04:16.165448
PAY_006381,CUST_01350,16332.06,upi,failed,POLICY_DECLINED,risk_decline,1,2026-06-09 04:54:16.165448
PAY_006382,CUST_01804,30496.19,card,successful,,,1,2026-08-14 04:15:16.165448
PAY_006383,CUST_01662,48934.22,card,successful,,,1,2026-07-18 04:15:16.165448
PAY_006384,CUST_00484,19108.54,card,failed,BANK_TEMPORARY_ERROR,temporary_bank_failure,1,2026-06-08 09:17:16.165448
PAY_006385,CUST_00276,3001.4,upi,successful,,,1,2026-05-28 05:35:16.165448
PAY_006386,CUST_01401,40172.25,card,failed,PROCESSING_TIMEOUT,timeout,1,2026-07-28 15:37:16.165448
PAY_006387,CUST_00090,23187.9,upi,failed,LIMIT_EXCEEDED,limit_exceeded,1,2026-07-27 23:07:16.165448
PAY_006388,CUST_00003,4240.23,upi,successful,,,1,2026-08-08 18:34:16.165448
PAY_006389,CUST_01905,9561.13,card,successful,,,1,2026-08-16 07:13:16.165448
PAY_006390,CUST_01807,9644.5,netbanking,successful,,,1,2026-06-07 11:20:16.165448
PAY_006391,CUST_01817,6240.02,card,successful,,,1,2026-06-07 05:40:16.165448
PAY_006392,CUST_01142,19565.81,card,successful,,,1,2026-08-16 02:24:16.165448
PAY_006393,CUST_00853,43234.13,upi,successful,,,1,2026-06-02 14:09:16.165448
PAY_006394,CUST_00293,43350.37,upi,successful,,,1,2026-07-06 02:06:16.165448
PAY_006395,CUST_00014,39622.32,card,failed,INSUFFICIENT_BALANCE,insufficient_funds,2,2026-06-05 20:21:16.165448
PAY_006396,CUST_01668,92356.17,card,successful,,,1,2026-08-13 10:21:16.166543
PAY_006397,CUST_00043,33526.2,upi,successful,,,1,2026-08-01 04:53:16.166543
PAY_006398,CUST_01180,44222.27,upi,successful,,,1,2026-06-01 10:21:16.166543
PAY_006399,CUST_01118,49049.5,card,successful,,,2,2026-06-26 00:50:16.166543
PAY_006400,CUST_01981,35819.81,upi,failed,UNKNOWN_ERROR,unknown_failure,1,2026-06-20 16:25:16.166543
PAY_006401,CUST_01193,32280.11,card,successful,,,1,2026-06-29 16:37:16.166543
PAY_006402,CUST_00175,20097.3,card,successful,,,1,2026-06-26 16:54:16.166543
PAY_006403,CUST_00511,35767.59,upi,failed,FUNDS_NOT_AVAILABLE,insufficient_funds,1,2026-06-02 20:34:16.166543
PAY_006404,CUST_00015,21673.96,upi,successful,,,1,2026-08-23 15:59:16.166543
PAY_006405,CUST_00316,2773.47,upi,failed,AUTHENTICATION_FAILED,authentication_failed,1,2026-06-24 04:28:16.166543
PAY_006406,CUST_00940,19391.51,upi,successful,,,1,2026-07-27 21:31:16.166543
PAY_006407,CUST_00649,9045.06,upi,successful,,,1,2026-08-18 14:46:16.166543
PAY_006408,CUST_01154,5734.34,upi,successful,,,1,2026-06-02 18:31:16.166543
PAY_006409,CUST_00401,48455.78,upi,successful,,,2,2026-06-29 17:22:16.166543
PAY_006410,CUST_00423,10887.69,upi,successful,,,1,2026-07-04 12:26:16.166543
PAY_006411,CUST_00813,27064.7,upi,successful,,,1,2026-05-29 05:28:16.166543
PAY_006412,CUST_00420,4518.65,upi,successful,,,1,2026-06-11 05:02:16.166543
PAY_006413,CUST_00181,48505.17,card,successful,,,1,2026-07-16 04:55:16.166543
PAY_006414,CUST_01988,49741.22,upi,successful,,,1,2026-05-30 22:41:16.166543
PAY_006415,CUST_00971,15551.82,upi,successful,,,2,2026-07-20 08:45:16.166543
PAY_006416,CUST_01514,37765.12,netbanking,successful,,,1,2026-06-11 07:14:16.166543
PAY_006417,CUST_01881,17426.89,netbanking,successful,,,1,2026-07-29 00:51:16.166543
PAY_006418,CUST_01781,40445.12,upi,successful,,,1,2026-06-08 08:16:16.166543
PAY_006419,CUST_00988,61967.67,upi,successful,,,1,2026-05-27 05:31:16.166543
PAY_006420,CUST_00464,41483.25,upi,failed,UNSPECIFIED_DECLINE,timeout,1,2026-06-16 18:28:16.166543
PAY_006421,CUST_01535,18167.97,netbanking,successful,,,1,2026-06-25 00:39:16.167635
PAY_006422,CUST_01484,46500.84,upi,successful,,,1,2026-07-28 19:10:16.167635
PAY_006423,CUST_01244,16561.16,upi,successful,,,1,2026-06-23 15:26:16.167635
PAY_006424,CUST_01803,22615.09,upi,successful,,,1,2026-08-13 15:51:16.167635
PAY_006425,CUST_00133,25850.69,upi,failed,INSTRUMENT_EXPIRED,expired_instrument,2,2026-07-21 12:53:16.167635
PAY_006426,CUST_00446,38662.34,upi,successful,,,1,2026-06-27 16:49:16.167635
PAY_006427,CUST_00855,96079.55,netbanking,successful,,,1,2026-07-19 04:33:16.167635
PAY_006428,CUST_01311,5321.1,upi,failed,UNSPECIFIED_DECLINE,temporary_bank_failure,1,2026-07-20 19:02:16.167635
PAY_006429,CUST_00482,38205.28,upi,successful,,,1,2026-08-04 09:32:16.167635
PAY_006430,CUST_00729,21876.52,card,successful,,,3,2026-07-22 00:39:16.167635
PAY_006431,CUST_00142,6609.05,card,failed,INSUFFICIENT_BALANCE,insufficient_funds,1,2026-06-11 22:50:16.167635
PAY_006432,CUST_01697,53463.87,upi,successful,,,1,2026-06-10 17:51:16.167635
PAY_006433,CUST_00355,48952.57,card,successful,,,1,2026-06-03 08:00:16.167635
PAY_006434,CUST_01776,34147.43,upi,failed,BANK_TEMPORARY_ERROR,temporary_bank_failure,1,2026-08-08 07:15:16.167635
PAY_006435,CUST_01806,17793.44,upi,successful,,,1,2026-06-26 10:36:16.167635
PAY_006436,CUST_00671,32291.07,card,successful,,,1,2026-08-02 04:45:16.167635
PAY_006437,CUST_00010,49236.91,card,failed,NETWORK_TIMEOUT,timeout,1,2026-07-25 08:25:16.167635
PAY_006438,CUST_00600,16372.01,upi,successful,,,1,2026-07-29 21:34:16.167635
PAY_006439,CUST_00987,11436.61,upi,successful,,,2,2026-08-13 06:37:16.167635
PAY_006440,CUST_01978,37226.52,card,successful,,,2,2026-06-25 14:33:16.167635
PAY_006441,CUST_00320,7048.54,card,successful,,,1,2026-07-11 21:28:16.167635
PAY_006442,CUST_00091,87895.46,upi,failed,UNSPECIFIED_DECLINE,timeout,1,2026-06-05 20:19:16.167635
PAY_006443,CUST_01407,16673.73,upi,successful,,,1,2026-06-30 04:53:16.167635
PAY_006444,CUST_01009,13204.77,upi,successful,,,1,2026-06-18 02:58:16.167635
PAY_006445,CUST_00547,17354.12,netbanking,failed,CARD_EXPIRED,expired_instrument,1,2026-08-08 03:15:16.167635
PAY_006446,CUST_00406,40142.81,upi,successful,,,1,2026-07-25 11:26:16.168737
PAY_006447,CUST_00770,63895.21,upi,successful,,,1,2026-06-28 19:09:16.168737
PAY_006448,CUST_01209,14999.78,upi,failed,BANK_SERVICE_UNAVAILABLE,temporary_bank_failure,2,2026-08-08 09:38:16.168737
PAY_006449,CUST_00174,28727.99,upi,failed,TRANSACTION_LIMIT_EXCEEDED,limit_exceeded,1,2026-07-14 21:07:16.168737
PAY_006450,CUST_01436,28677.89,upi,failed,BANK_SERVICE_UNAVAILABLE,temporary_bank_failure,1,2026-06-04 00:36:16.168737
PAY_006451,CUST_01374,18879.33,upi,successful,,,1,2026-07-05 06:28:16.168737
PAY_006452,CUST_00575,63380.01,card,successful,,,1,2026-07-01 03:22:16.168737
PAY_006453,CUST_01801,19326.24,card,successful,,,1,2026-06-03 00:25:16.168737
PAY_006454,CUST_00885,15012.8,netbanking,failed,UNSPECIFIED_DECLINE,unknown_failure,1,2026-06-09 19:33:16.168737
PAY_006455,CUST_00195,87530.79,card,successful,,,1,2026-07-14 20:31:16.168737
PAY_006456,CUST_01985,44016.9,card,successful,,,1,2026-08-13 13:20:16.168737
PAY_006457,CUST_00887,12626.65,netbanking,successful,,,1,2026-07-18 09:44:16.168737
PAY_006458,CUST_00353,16138.46,card,successful,,,1,2026-08-16 22:28:16.168737
PAY_006459,CUST_00999,43183.84,card,successful,,,1,2026-07-21 19:56:16.168737
PAY_006460,CUST_00039,12094.07,upi,successful,,,2,2026-08-14 19:20:16.168737
PAY_006461,CUST_01420,30320.06,card,successful,,,1,2026-08-05 21:02:16.168737
PAY_006462,CUST_01240,10338.05,upi,successful,,,1,2026-06-29 23:01:16.168737
PAY_006463,CUST_00076,38268.73,upi,successful,,,1,2026-07-13 14:35:16.168737
PAY_006464,CUST_01081,35789.78,upi,successful,,,1,2026-07-29 15:02:16.168737
PAY_006465,CUST_01970,13659.86,netbanking,successful,,,1,2026-05-29 09:44:16.168737
PAY_006466,CUST_01055,44093.62,card,successful,,,1,2026-05-30 11:53:16.168737
PAY_006467,CUST_01761,46008.21,upi,successful,,,1,2026-07-21 22:31:16.168737
PAY_006468,CUST_01020,3891.67,upi,successful,,,1,2026-08-23 21:06:16.168737
PAY_006469,CUST_00532,36196.56,upi,successful,,,1,2026-08-11 15:24:16.168737
PAY_006470,CUST_00572,4038.14,upi,successful,,,1,2026-06-03 00:54:16.168737
PAY_006471,CUST_00859,7546.7,card,successful,,,1,2026-06-03 10:52:16.169826
PAY_006472,CUST_00751,15798.49,upi,successful,,,2,2026-08-24 21:02:16.169826
PAY_006473,CUST_01746,35017.34,upi,failed,UNKNOWN_ERROR,unknown_failure,1,2026-07-03 11:18:16.169826
PAY_006474,CUST_00464,30177.51,upi,successful,,,1,2026-07-08 01:31:16.169826
PAY_006475,CUST_01103,4434.86,upi,successful,,,1,2026-06-28 19:26:16.169826
PAY_006476,CUST_01564,24167.85,card,successful,,,1,2026-07-10 11:40:16.169826
PAY_006477,CUST_01176,9642.69,netbanking,successful,,,1,2026-06-11 02:34:16.169826
PAY_006478,CUST_01607,7899.69,upi,failed,RISK_DECLINED,risk_decline,1,2026-06-02 23:47:16.169826
PAY_006479,CUST_00954,11889.99,upi,successful,,,1,2026-07-24 01:09:16.169826
PAY_006480,CUST_00828,66702.75,netbanking,successful,,,2,2026-07-01 15:55:16.169826
PAY_006481,CUST_00151,41258.86,upi,successful,,,1,2026-07-12 00:21:16.169826
PAY_006482,CUST_00435,5308.09,upi,failed,BANK_SERVICE_UNAVAILABLE,temporary_bank_failure,1,2026-08-18 12:17:16.169826
PAY_006483,CUST_00231,16876.36,card,successful,,,2,2026-08-07 12:59:16.169826
PAY_006484,CUST_01072,25485.91,upi,successful,,,1,2026-08-21 06:03:16.169826
PAY_006485,CUST_01764,82960.27,card,successful,,,1,2026-07-18 05:09:16.169826
PAY_006486,CUST_01701,78983.37,card,failed,BANK_TEMPORARY_ERROR,temporary_bank_failure,2,2026-06-05 11:20:16.169826
PAY_006487,CUST_01051,43635.81,card,successful,,,1,2026-06-26 02:19:16.169826
PAY_006488,CUST_01809,40086.69,upi,failed,UNSPECIFIED_DECLINE,insufficient_funds,1,2026-06-12 06:25:16.169826
PAY_006489,CUST_00248,9909.19,card,successful,,,1,2026-06-29 13:36:16.169826
PAY_006490,CUST_01052,49520.87,upi,successful,,,1,2026-07-25 16:32:16.169826
PAY_006491,CUST_01970,24699.39,card,successful,,,1,2026-06-05 05:41:16.169826
PAY_006492,CUST_01827,14194.94,upi,failed,RISK_DECLINED,risk_decline,2,2026-06-16 07:48:16.169826
PAY_006493,CUST_00660,27978.64,upi,successful,,,1,2026-07-10 17:56:16.169826
PAY_006494,CUST_00711,13858.43,upi,successful,,,1,2026-08-02 11:07:16.169826
PAY_006495,CUST_00110,9792.98,card,successful,,,1,2026-08-13 23:39:16.170924
PAY_006496,CUST_01995,12157.32,card,successful,,,1,2026-07-13 07:23:16.170924
PAY_006497,CUST_01842,5413.74,card,failed,FUNDS_NOT_AVAILABLE,insufficient_funds,1,2026-06-05 11:41:16.170924
PAY_006498,CUST_00886,16922.21,upi,successful,,,1,2026-08-01 04:31:16.170924
PAY_006499,CUST_01164,16578.77,upi,successful,,,1,2026-08-24 05:11:16.170924
PAY_006500,CUST_01192,41554.88,upi,successful,,,1,2026-06-15 04:49:16.170924
PAY_006501,CUST_01623,29050.55,netbanking,successful,,,2,2026-06-26 11:45:16.170924
PAY_006502,CUST_01037,15759.73,upi,successful,,,1,2026-06-30 08:11:16.170924
PAY_006503,CUST_00027,57200.89,card,failed,BANK_SERVICE_UNAVAILABLE,temporary_bank_failure,1,2026-06-03 17:58:16.170924
PAY_006504,CUST_01968,26284.34,upi,successful,,,2,2026-08-21 02:46:16.170924
PAY_006505,CUST_00043,49388.57,card,failed,CUSTOMER_AUTH_FAILED,authentication_failed,1,2026-08-03 01:09:16.170924
PAY_006506,CUST_01085,21791.22,netbanking,successful,,,1,2026-06-26 19:46:16.170924
PAY_006507,CUST_00372,14959.34,upi,successful,,,1,2026-07-23 17:27:16.170924
PAY_006508,CUST_00812,28834.88,upi,successful,,,1,2026-06-02 15:24:16.170924
PAY_006509,CUST_00673,6740.45,upi,failed,BANK_SERVICE_UNAVAILABLE,temporary_bank_failure,1,2026-07-04 12:35:16.170924
PAY_006510,CUST_00216,12157.95,card,successful,,,1,2026-06-17 07:39:16.170924
PAY_006511,CUST_01831,14761.12,upi,successful,,,1,2026-06-26 09:01:16.170924
PAY_006512,CUST_01466,31953.13,upi,failed,CARD_EXPIRED,expired_instrument,1,2026-07-04 22:48:16.170924
PAY_006513,CUST_00860,28651.55,upi,failed,INSTRUMENT_EXPIRED,expired_instrument,1,2026-08-08 19:19:16.170924
PAY_006514,CUST_00006,39847.28,upi,successful,,,1,2026-06-25 03:08:16.170924
PAY_006515,CUST_00275,37129.08,upi,successful,,,1,2026-06-15 04:35:16.170924
PAY_006516,CUST_01092,13800.72,upi,successful,,,1,2026-06-21 21:31:16.170924
PAY_006517,CUST_01931,28733.5,netbanking,successful,,,1,2026-08-06 13:12:16.170924
PAY_006518,CUST_01345,35389.29,upi,successful,,,1,2026-07-24 21:05:16.170924
PAY_006519,CUST_01304,8878.21,card,successful,,,1,2026-08-09 06:43:16.170924
PAY_006520,CUST_00932,38185.4,upi,failed,PROCESSING_TIMEOUT,timeout,1,2026-06-13 09:26:16.172026
PAY_006521,CUST_00588,38314.11,upi,failed,FUNDS_NOT_AVAILABLE,insufficient_funds,1,2026-08-07 20:32:16.172026
PAY_006522,CUST_01219,23112.86,card,successful,,,1,2026-05-30 07:58:16.172026
PAY_006523,CUST_01391,14806.24,upi,successful,,,1,2026-08-01 17:13:16.172026
PAY_006524,CUST_01953,49749.28,card,successful,,,1,2026-06-01 09:54:16.172026
PAY_006525,CUST_01408,22881.05,card,failed,BANK_TEMPORARY_ERROR,temporary_bank_failure,1,2026-08-13 02:14:16.172026
PAY_006526,CUST_00812,32014.86,card,failed,PROCESSING_TIMEOUT,timeout,2,2026-06-06 23:29:16.172026
PAY_006527,CUST_01809,47386.2,card,successful,,,1,2026-07-22 21:27:16.172026
PAY_006528,CUST_00465,19718.38,upi,successful,,,1,2026-07-21 16:59:16.172026
PAY_006529,CUST_01061,9355.86,netbanking,successful,,,2,2026-06-03 08:53:16.172026
PAY_006530,CUST_01341,19604.53,upi,successful,,,1,2026-05-27 22:53:16.172026
PAY_006531,CUST_01262,16030.59,upi,failed,AUTHENTICATION_FAILED,authentication_failed,1,2026-07-15 05:25:16.172026
PAY_006532,CUST_01396,9236.17,upi,successful,,,1,2026-06-29 15:46:16.172026
PAY_006533,CUST_00538,31701.41,upi,successful,,,1,2026-08-13 15:52:16.172026
PAY_006534,CUST_01747,17472.33,card,successful,,,2,2026-06-14 15:46:16.172026
PAY_006535,CUST_01065,12942.62,card,successful,,,1,2026-08-25 01:28:16.172026
PAY_006536,CUST_00209,18274.72,card,successful,,,1,2026-06-03 17:27:16.172026
PAY_006537,CUST_01239,3655.78,upi,failed,BANK_TEMPORARY_ERROR,temporary_bank_failure,1,2026-07-12 13:43:16.172026
PAY_006538,CUST_00027,18732.14,netbanking,successful,,,1,2026-07-01 22:29:16.172026
PAY_006539,CUST_00359,3171.34,upi,failed,FUNDS_NOT_AVAILABLE,insufficient_funds,1,2026-07-08 11:10:16.172026
PAY_006540,CUST_00820,10887.35,card,failed,INSTRUMENT_BLOCKED,blocked_instrument,1,2026-07-06 07:35:16.172026
PAY_006541,CUST_01467,32798.53,card,failed,TRANSACTION_LIMIT_EXCEEDED,limit_exceeded,1,2026-07-20 09:32:16.172026
PAY_006542,CUST_00471,41126.42,netbanking,successful,,,1,2026-06-22 05:29:16.172026
PAY_006543,CUST_01086,8557.7,card,successful,,,3,2026-08-03 07:22:16.173128
PAY_006544,CUST_01962,15610.26,upi,successful,,,1,2026-07-23 23:14:16.173128
PAY_006545,CUST_01518,20711.71,upi,successful,,,1,2026-08-21 10:45:16.173128
PAY_006546,CUST_00315,48594.5,upi,successful,,,1,2026-06-07 21:09:16.173128
PAY_006547,CUST_00667,1673.46,upi,successful,,,1,2026-07-18 07:04:16.173128
PAY_006548,CUST_00180,44274.74,card,successful,,,1,2026-06-21 04:24:16.173128
PAY_006549,CUST_00990,21435.73,upi,failed,BANK_TEMPORARY_ERROR,temporary_bank_failure,1,2026-08-06 11:20:16.173128
PAY_006550,CUST_01545,59367.82,upi,successful,,,1,2026-07-10 07:59:16.173128
PAY_006551,CUST_01647,30554.78,upi,failed,UNSPECIFIED_DECLINE,temporary_bank_failure,1,2026-08-14 15:07:16.173128
PAY_006552,CUST_01032,89448.6,upi,successful,,,3,2026-07-25 00:43:16.173128
PAY_006553,CUST_00011,8103.05,upi,successful,,,1,2026-06-17 10:00:16.173128
PAY_006554,CUST_00452,43793.0,card,successful,,,1,2026-07-15 18:55:16.173128
PAY_006555,CUST_00748,24888.69,upi,successful,,,1,2026-08-12 17:39:16.173128
PAY_006556,CUST_00151,44674.65,card,successful,,,1,2026-07-21 21:15:16.173128
PAY_006557,CUST_00159,33650.68,upi,successful,,,1,2026-08-25 13:16:16.173128
PAY_006558,CUST_00204,72169.29,card,successful,,,1,2026-08-13 02:49:16.173128
PAY_006559,CUST_01883,17915.14,upi,successful,,,1,2026-08-23 15:19:16.173128
PAY_006560,CUST_00829,32540.78,upi,successful,,,1,2026-08-05 19:44:16.173128
PAY_006561,CUST_00602,15931.63,card,successful,,,1,2026-08-12 14:45:16.173128
PAY_006562,CUST_01883,3621.36,upi,successful,,,1,2026-06-09 04:56:16.173128
PAY_006563,CUST_00033,32547.16,upi,successful,,,1,2026-06-14 02:55:16.173128
PAY_006564,CUST_01611,12573.07,netbanking,failed,,expired_instrument,1,2026-06-08 02:48:16.173128
PAY_006565,CUST_00187,31240.75,upi,successful,,,1,2026-05-27 19:15:16.173128
PAY_006566,CUST_01034,38640.18,upi,successful,,,1,2026-05-28 05:02:16.173128
PAY_006567,CUST_01191,32400.13,card,failed,BANK_TEMPORARY_ERROR,temporary_bank_failure,1,2026-08-11 23:29:16.173128
PAY_006568,CUST_01194,39646.81,upi,successful,,,3,2026-08-13 10:23:16.173128
PAY_006569,CUST_00166,12027.68,upi,successful,,,1,2026-07-13 15:15:16.174222
PAY_006570,CUST_00194,42250.03,netbanking,successful,,,1,2026-07-30 14:40:16.174222
PAY_006571,CUST_01330,34302.11,netbanking,successful,,,1,2026-06-27 03:52:16.174222
PAY_006572,CUST_01285,34911.04,upi,successful,,,1,2026-06-20 19:54:16.174222
PAY_006573,CUST_01754,28931.88,upi,successful,,,1,2026-07-13 11:14:16.174222
PAY_006574,CUST_01834,12172.35,netbanking,successful,,,1,2026-07-02 21:49:16.174222
PAY_006575,CUST_00138,1059.4,upi,successful,,,1,2026-08-23 13:00:16.174222
PAY_006576,CUST_00543,76696.77,upi,successful,,,1,2026-07-14 15:41:16.174222
PAY_006577,CUST_00253,55670.88,card,successful,,,1,2026-06-19 06:11:16.174222
PAY_006578,CUST_01461,8163.21,card,successful,,,1,2026-07-05 17:44:16.174222
PAY_006579,CUST_00236,42716.57,card,successful,,,1,2026-07-23 19:20:16.174222
PAY_006580,CUST_01647,15313.15,card,successful,,,1,2026-07-26 00:36:16.174222
PAY_006581,CUST_01454,43462.96,card,successful,,,1,2026-07-08 15:22:16.174222
PAY_006582,CUST_00392,35494.05,card,successful,,,1,2026-08-12 03:51:16.174222
PAY_006583,CUST_00446,2511.89,card,failed,PROCESSING_TIMEOUT,timeout,1,2026-07-16 17:13:16.174222
PAY_006584,CUST_01607,27594.97,netbanking,successful,,,1,2026-08-22 14:51:16.174222
PAY_006585,CUST_01670,18550.61,upi,failed,BANK_SERVICE_UNAVAILABLE,temporary_bank_failure,1,2026-08-12 20:51:16.174222
PAY_006586,CUST_01305,22991.44,netbanking,successful,,,1,2026-08-05 06:47:16.174222
PAY_006587,CUST_01919,26159.65,upi,successful,,,1,2026-08-09 13:57:16.174222
PAY_006588,CUST_01362,10722.8,upi,successful,,,1,2026-07-08 22:17:16.174222
PAY_006589,CUST_00297,18191.28,card,successful,,,1,2026-08-10 04:17:16.174222
PAY_006590,CUST_01304,12695.21,netbanking,successful,,,1,2026-07-18 04:38:16.174222
PAY_006591,CUST_01114,27531.63,upi,successful,,,2,2026-08-10 14:02:16.174222
PAY_006592,CUST_00283,26677.79,upi,successful,,,1,2026-06-21 19:05:16.174222
PAY_006593,CUST_01735,16364.54,upi,successful,,,1,2026-06-08 04:39:16.174222
PAY_006594,CUST_01325,21587.91,netbanking,successful,,,1,2026-07-01 05:12:16.174222
PAY_006595,CUST_01885,6849.9,card,successful,,,1,2026-06-29 18:59:16.174222
PAY_006596,CUST_01895,57234.89,netbanking,successful,,,1,2026-06-03 14:57:16.175315
PAY_006597,CUST_01172,16836.54,upi,successful,,,1,2026-08-25 08:38:16.175315
PAY_006598,CUST_00118,1964.48,upi,failed,UNSPECIFIED_DECLINE,timeout,1,2026-07-03 05:02:16.175315
PAY_006599,CUST_00517,17759.81,netbanking,failed,FUNDS_NOT_AVAILABLE,insufficient_funds,1,2026-06-09 05:09:16.175315
PAY_006600,CUST_01480,20211.26,upi,successful,,,1,2026-07-25 22:07:16.175315
PAY_006601,CUST_00462,1114.85,upi,failed,RISK_DECLINED,risk_decline,1,2026-07-24 08:57:16.175315
PAY_006602,CUST_00974,92549.82,upi,successful,,,2,2026-07-22 08:49:16.175315
PAY_006603,CUST_01550,52079.45,card,successful,,,1,2026-06-23 11:44:16.175315
PAY_006604,CUST_00645,11162.53,upi,failed,,insufficient_funds,1,2026-08-02 17:34:16.175315
PAY_006605,CUST_00059,15936.84,upi,successful,,,1,2026-06-17 21:19:16.175315
PAY_006606,CUST_00525,5234.06,upi,successful,,,1,2026-06-15 06:22:16.175315
PAY_006607,CUST_00682,11384.19,card,successful,,,2,2026-08-23 10:21:16.175315
PAY_006608,CUST_01934,6644.4,upi,successful,,,1,2026-07-14 12:40:16.175315
PAY_006609,CUST_01562,7010.67,upi,successful,,,1,2026-08-05 09:27:16.175315
PAY_006610,CUST_01073,38512.45,upi,successful,,,2,2026-07-09 17:51:16.175315
PAY_006611,CUST_00309,17633.37,card,successful,,,1,2026-06-06 01:54:16.175315
PAY_006612,CUST_00433,10902.78,card,successful,,,1,2026-06-26 14:09:16.175315
PAY_006613,CUST_01812,5461.15,netbanking,successful,,,1,2026-08-07 18:30:16.175315
PAY_006614,CUST_01833,46333.08,card,successful,,,1,2026-07-25 19:36:16.175315
PAY_006615,CUST_01935,9172.63,netbanking,successful,,,1,2026-06-28 21:31:16.175315
PAY_006616,CUST_00892,6002.12,upi,successful,,,1,2026-06-25 11:58:16.175315
PAY_006617,CUST_01679,8471.08,upi,successful,,,1,2026-08-13 09:27:16.175315
PAY_006618,CUST_00308,16969.67,upi,successful,,,1,2026-06-13 23:56:16.175315
PAY_006619,CUST_00454,95885.6,netbanking,failed,UNSPECIFIED_DECLINE,unknown_failure,1,2026-07-04 18:01:16.175315
PAY_006620,CUST_01921,5646.24,netbanking,failed,UNSPECIFIED_DECLINE,insufficient_funds,2,2026-07-08 21:57:16.175315
PAY_006621,CUST_00215,3849.56,card,failed,NETWORK_TIMEOUT,timeout,1,2026-07-20 17:41:16.176411
PAY_006622,CUST_00961,35648.01,upi,failed,FUNDS_NOT_AVAILABLE,insufficient_funds,1,2026-08-13 16:13:16.176411
PAY_006623,CUST_00673,32594.02,upi,successful,,,2,2026-06-17 09:47:16.176411
PAY_006624,CUST_00516,7536.06,upi,failed,AUTHENTICATION_FAILED,authentication_failed,1,2026-08-20 10:17:16.176411
PAY_006625,CUST_00943,64831.94,upi,successful,,,1,2026-08-16 18:17:16.176411
PAY_006626,CUST_01898,7656.97,upi,failed,PROCESSING_TIMEOUT,timeout,1,2026-07-27 04:18:16.176411
PAY_006627,CUST_01090,63539.42,netbanking,successful,,,1,2026-07-28 15:20:16.176411
PAY_006628,CUST_00458,39021.34,upi,successful,,,1,2026-06-03 03:19:16.176411
PAY_006629,CUST_00855,5102.62,upi,successful,,,1,2026-06-02 17:17:16.176411
PAY_006630,CUST_01312,11822.87,upi,successful,,,2,2026-07-23 18:49:16.176411
PAY_006631,CUST_00075,7494.83,upi,successful,,,1,2026-06-15 04:48:16.176411
PAY_006632,CUST_01490,48045.72,netbanking,successful,,,1,2026-06-09 12:14:16.176411
PAY_006633,CUST_00150,5078.2,upi,successful,,,1,2026-08-15 20:36:16.176411
PAY_006634,CUST_00868,22568.78,upi,failed,TRANSACTION_LIMIT_EXCEEDED,limit_exceeded,1,2026-06-04 07:27:16.176411
PAY_006635,CUST_01706,27668.25,netbanking,successful,,,1,2026-07-14 20:58:16.176411
PAY_006636,CUST_00779,25606.47,card,successful,,,1,2026-05-27 23:40:16.176411
PAY_006637,CUST_00939,37936.88,upi,successful,,,1,2026-06-30 00:35:16.176411
PAY_006638,CUST_01561,34161.77,netbanking,successful,,,1,2026-08-12 02:46:16.176411
PAY_006639,CUST_00031,26448.9,card,successful,,,1,2026-06-21 22:28:16.176411
PAY_006640,CUST_00517,9136.33,upi,successful,,,1,2026-07-27 19:38:16.176411
PAY_006641,CUST_01577,7043.02,card,successful,,,1,2026-08-16 03:22:16.176411
PAY_006642,CUST_00470,5139.27,upi,successful,,,1,2026-07-07 04:37:16.176411
PAY_006643,CUST_00579,11704.03,card,successful,,,1,2026-08-23 23:52:16.176411
PAY_006644,CUST_01774,17056.34,netbanking,successful,,,1,2026-07-20 16:51:16.177504
PAY_006645,CUST_01414,7474.6,card,successful,,,2,2026-06-24 12:28:16.177504
PAY_006646,CUST_01279,43667.66,upi,successful,,,1,2026-07-03 17:19:16.177504
PAY_006647,CUST_01291,4230.53,card,successful,,,1,2026-07-31 09:18:16.177504
PAY_006648,CUST_01830,29546.54,upi,failed,INSUFFICIENT_BALANCE,insufficient_funds,1,2026-06-29 16:23:16.177504
PAY_006649,CUST_00015,9071.74,card,successful,,,1,2026-07-03 18:37:16.177504
PAY_006650,CUST_01525,17829.16,card,successful,,,1,2026-06-27 09:12:16.177504
PAY_006651,CUST_01343,39881.92,upi,successful,,,1,2026-07-16 07:47:16.177504
PAY_006652,CUST_00658,17126.58,upi,successful,,,1,2026-08-06 04:49:16.177504
PAY_006653,CUST_01581,35189.54,card,successful,,,1,2026-06-17 18:07:16.177504
PAY_006654,CUST_00320,16680.93,card,successful,,,1,2026-07-25 13:39:16.177504
PAY_006655,CUST_00889,4480.17,upi,failed,BANK_SERVICE_UNAVAILABLE,temporary_bank_failure,1,2026-06-01 15:42:16.177504
PAY_006656,CUST_01239,24690.23,upi,failed,FUNDS_NOT_AVAILABLE,insufficient_funds,2,2026-08-12 17:28:16.177504
PAY_006657,CUST_01175,20061.26,netbanking,successful,,,1,2026-08-13 15:12:16.177504
PAY_006658,CUST_00374,12628.35,card,failed,,temporary_bank_failure,1,2026-06-04 17:23:16.177504
PAY_006659,CUST_00479,44931.76,upi,failed,INSUFFICIENT_BALANCE,insufficient_funds,1,2026-06-27 18:57:16.177504
PAY_006660,CUST_01824,47320.38,netbanking,successful,,,1,2026-07-20 18:05:16.177504
PAY_006661,CUST_00595,20566.24,card,successful,,,1,2026-06-08 13:23:16.177504
PAY_006662,CUST_01678,11591.95,card,failed,NETWORK_TIMEOUT,timeout,1,2026-08-16 05:20:16.177504
PAY_006663,CUST_00738,19232.2,upi,successful,,,1,2026-08-12 13:43:16.177504
PAY_006664,CUST_01288,9094.44,upi,successful,,,1,2026-08-09 06:48:16.177504
PAY_006665,CUST_01991,36027.0,netbanking,successful,,,1,2026-07-14 01:29:16.177504
PAY_006666,CUST_01747,6774.28,card,successful,,,1,2026-06-15 19:12:16.177504
PAY_006667,CUST_00428,57289.57,upi,successful,,,1,2026-08-20 01:01:16.177504
PAY_006668,CUST_01741,13921.82,upi,successful,,,1,2026-06-03 16:16:16.178598
PAY_006669,CUST_00897,29066.52,upi,successful,,,1,2026-07-24 01:01:16.178598
PAY_006670,CUST_01943,39177.19,upi,successful,,,1,2026-08-19 18:21:16.178598
PAY_006671,CUST_00334,43579.78,upi,successful,,,2,2026-06-18 09:29:16.178598
PAY_006672,CUST_00313,42044.5,upi,successful,,,1,2026-07-12 05:30:16.178598
PAY_006673,CUST_01557,23337.84,upi,successful,,,1,2026-06-28 05:57:16.178598
PAY_006674,CUST_01999,8686.08,upi,failed,FUNDS_NOT_AVAILABLE,insufficient_funds,2,2026-07-09 02:39:16.178598
PAY_006675,CUST_01617,3587.7,upi,failed,PROCESSING_TIMEOUT,timeout,1,2026-06-29 10:50:16.178598
PAY_006676,CUST_01519,12521.68,upi,successful,,,1,2026-07-14 08:55:16.178598
PAY_006677,CUST_01902,30386.83,upi,successful,,,1,2026-07-17 15:18:16.178598
PAY_006678,CUST_01803,24620.21,card,successful,,,1,2026-08-11 07:08:16.178598
PAY_006679,CUST_01640,4508.3,upi,failed,UNSPECIFIED_DECLINE,authentication_failed,1,2026-08-04 07:53:16.178598
PAY_006680,CUST_00301,39589.71,upi,successful,,,1,2026-06-05 04:06:16.178598
PAY_006681,CUST_00809,8902.52,upi,successful,,,1,2026-07-27 10:29:16.178598
PAY_006682,CUST_00236,15593.41,netbanking,failed,INSUFFICIENT_BALANCE,insufficient_funds,1,2026-07-25 08:28:16.178598
PAY_006683,CUST_00245,48910.69,upi,successful,,,1,2026-07-12 04:30:16.178598
PAY_006684,CUST_01142,7296.22,netbanking,successful,,,1,2026-08-02 14:08:16.178598
PAY_006685,CUST_00013,33642.33,upi,successful,,,1,2026-08-05 14:12:16.178598
PAY_006686,CUST_00774,24871.18,upi,successful,,,1,2026-07-01 19:55:16.178598
PAY_006687,CUST_01887,49628.45,upi,successful,,,1,2026-06-30 17:28:16.178598
PAY_006688,CUST_00716,97559.67,upi,successful,,,3,2026-07-31 18:46:16.178598
PAY_006689,CUST_00103,12617.54,upi,successful,,,1,2026-08-25 09:05:16.178598
PAY_006690,CUST_01057,24323.37,upi,successful,,,1,2026-08-02 02:54:16.178598
PAY_006691,CUST_01769,16025.5,netbanking,successful,,,3,2026-07-17 11:25:16.178598
PAY_006692,CUST_01374,41915.76,netbanking,successful,,,1,2026-06-07 11:07:16.178598
PAY_006693,CUST_01864,45200.43,netbanking,successful,,,1,2026-08-24 14:27:16.178598
PAY_006694,CUST_00098,18271.92,card,successful,,,1,2026-06-16 12:48:16.178598
PAY_006695,CUST_01822,28574.62,card,failed,TRANSACTION_LIMIT_EXCEEDED,limit_exceeded,2,2026-08-11 03:27:16.178598
PAY_006696,CUST_00413,28740.62,card,failed,BANK_TEMPORARY_ERROR,temporary_bank_failure,1,2026-06-17 21:14:16.178598
PAY_006697,CUST_01697,56866.94,upi,successful,,,1,2026-07-01 16:23:16.178598
PAY_006698,CUST_00205,36003.57,upi,successful,,,1,2026-06-03 07:06:16.178598
PAY_006699,CUST_01067,6753.41,upi,failed,UNSPECIFIED_DECLINE,expired_instrument,1,2026-07-12 07:13:16.180011
PAY_006700,CUST_01475,38603.76,upi,successful,,,1,2026-08-02 06:12:16.180011
PAY_006701,CUST_01414,7844.68,upi,failed,UNSPECIFIED_DECLINE,temporary_bank_failure,1,2026-05-30 14:57:16.180011
PAY_006702,CUST_01670,10141.86,upi,successful,,,1,2026-05-30 23:53:16.180011
PAY_006703,CUST_00969,4124.57,netbanking,successful,,,1,2026-06-30 13:42:16.180011
PAY_006704,CUST_00042,28925.29,upi,failed,CARD_BLOCKED,blocked_instrument,1,2026-06-25 12:49:16.180011
PAY_006705,CUST_00505,4509.01,netbanking,failed,FUNDS_NOT_AVAILABLE,insufficient_funds,1,2026-06-11 07:23:16.180011
PAY_006706,CUST_00053,22227.29,card,successful,,,1,2026-08-01 18:02:16.180011
PAY_006707,CUST_00020,10696.89,card,successful,,,1,2026-06-11 21:16:16.180011
PAY_006708,CUST_01750,28733.79,netbanking,successful,,,1,2026-06-01 12:23:16.180011
PAY_006709,CUST_01966,1029.18,upi,successful,,,1,2026-06-28 10:40:16.180011
PAY_006710,CUST_01901,2617.08,card,successful,,,2,2026-08-18 18:02:16.180011
PAY_006711,CUST_01245,13292.78,upi,successful,,,1,2026-07-09 02:58:16.180011
PAY_006712,CUST_01215,47771.84,upi,successful,,,2,2026-06-14 01:08:16.180011
PAY_006713,CUST_01973,18746.39,card,failed,BANK_SERVICE_UNAVAILABLE,temporary_bank_failure,1,2026-06-20 20:41:16.180011
PAY_006714,CUST_01878,46501.7,upi,successful,,,1,2026-05-29 02:14:16.180011
PAY_006715,CUST_00206,11208.36,netbanking,successful,,,1,2026-07-13 18:45:16.180011
PAY_006716,CUST_00648,49759.81,netbanking,successful,,,1,2026-06-22 07:03:16.180011
PAY_006717,CUST_00954,18093.6,upi,successful,,,1,2026-07-13 04:54:16.180011
PAY_006718,CUST_01589,5231.46,card,successful,,,1,2026-08-20 10:53:16.180011
PAY_006719,CUST_01287,19489.58,upi,successful,,,1,2026-08-06 05:54:16.180011
PAY_006720,CUST_01690,12275.02,card,failed,CARD_BLOCKED,blocked_instrument,1,2026-08-20 08:24:16.180011
PAY_006721,CUST_01712,40952.46,upi,successful,,,1,2026-07-16 05:42:16.180011
PAY_006722,CUST_00983,2178.48,card,successful,,,1,2026-06-11 23:49:16.180011
PAY_006723,CUST_00018,38261.31,upi,successful,,,2,2026-08-17 07:51:16.181112
PAY_006724,CUST_00464,1280.93,upi,successful,,,1,2026-07-20 18:17:16.181112
PAY_006725,CUST_01368,15477.59,upi,successful,,,1,2026-06-17 07:21:16.181112
PAY_006726,CUST_00787,45066.85,netbanking,successful,,,2,2026-08-16 23:41:16.181112
PAY_006727,CUST_01787,10393.64,netbanking,failed,PROCESSING_TIMEOUT,timeout,1,2026-06-13 17:38:16.181112
PAY_006728,CUST_01150,24245.31,upi,failed,UNSPECIFIED_DECLINE,authentication_failed,1,2026-06-08 05:15:16.181112
PAY_006729,CUST_01717,9348.63,upi,successful,,,1,2026-07-13 20:43:16.181112
PAY_006730,CUST_00899,30140.4,card,successful,,,2,2026-06-04 10:47:16.181112
PAY_006731,CUST_00482,43742.97,card,failed,BANK_TEMPORARY_ERROR,temporary_bank_failure,1,2026-08-07 10:55:16.181112
PAY_006732,CUST_01853,79406.51,upi,successful,,,1,2026-06-06 07:51:16.181112
PAY_006733,CUST_00491,17771.32,upi,successful,,,1,2026-07-18 19:40:16.181112
PAY_006734,CUST_00432,1261.09,upi,successful,,,1,2026-07-25 21:36:16.181112
PAY_006735,CUST_01435,7340.12,netbanking,successful,,,1,2026-07-30 18:58:16.181112
PAY_006736,CUST_00693,16375.56,upi,successful,,,1,2026-07-08 00:25:16.181112
PAY_006737,CUST_01998,52509.5,card,successful,,,3,2026-08-09 14:43:16.181112
PAY_006738,CUST_01855,42110.55,upi,successful,,,1,2026-07-09 11:28:16.181112
PAY_006739,CUST_00232,8986.1,card,successful,,,3,2026-06-16 06:39:16.181112
PAY_006740,CUST_00784,13824.86,card,successful,,,1,2026-07-20 04:45:16.181112
PAY_006741,CUST_01987,30352.19,upi,successful,,,1,2026-07-14 19:23:16.181112
PAY_006742,CUST_00685,21462.74,upi,successful,,,1,2026-06-13 00:14:16.181112
PAY_006743,CUST_00719,13726.02,netbanking,failed,NETWORK_TIMEOUT,timeout,1,2026-07-21 22:40:16.181112
PAY_006744,CUST_01707,1583.92,card,successful,,,2,2026-07-11 10:27:16.181112
PAY_006745,CUST_01716,46573.33,card,successful,,,1,2026-08-18 00:57:16.181112
PAY_006746,CUST_00099,96154.62,upi,successful,,,1,2026-06-06 20:02:16.181112
PAY_006747,CUST_00605,41819.39,upi,successful,,,1,2026-06-16 18:54:16.181112
PAY_006748,CUST_01769,12812.58,upi,successful,,,1,2026-08-02 16:19:16.181112
PAY_006749,CUST_00037,33557.1,upi,failed,AUTHENTICATION_FAILED,authentication_failed,1,2026-07-31 14:09:16.182203
PAY_006750,CUST_00556,10857.06,upi,successful,,,1,2026-07-17 05:33:16.182203
PAY_006751,CUST_00163,33843.88,card,successful,,,2,2026-06-30 21:44:16.182203
PAY_006752,CUST_00774,44855.24,upi,failed,FUNDS_NOT_AVAILABLE,insufficient_funds,1,2026-08-12 10:55:16.182203
PAY_006753,CUST_01613,28088.53,upi,successful,,,1,2026-06-20 15:54:16.182203
PAY_006754,CUST_00929,13341.2,card,successful,,,1,2026-05-31 07:53:16.182203
PAY_006755,CUST_00248,32329.17,card,failed,TRANSACTION_LIMIT_EXCEEDED,limit_exceeded,2,2026-06-02 10:14:16.182203
PAY_006756,CUST_01052,16872.87,upi,failed,AUTHENTICATION_FAILED,authentication_failed,1,2026-07-09 08:26:16.182203
PAY_006757,CUST_00789,34758.3,netbanking,successful,,,1,2026-06-13 05:09:16.182203
PAY_006758,CUST_01574,15534.7,card,failed,NETWORK_TIMEOUT,timeout,1,2026-06-28 16:17:16.182203
PAY_006759,CUST_01939,98741.4,card,successful,,,1,2026-08-24 20:26:16.182203
PAY_006760,CUST_01117,15516.69,upi,failed,INSTRUMENT_BLOCKED,blocked_instrument,1,2026-06-25 13:00:16.182203
PAY_006761,CUST_00163,7930.96,upi,successful,,,1,2026-06-05 20:18:16.182203
PAY_006762,CUST_01945,14673.08,card,failed,BANK_TEMPORARY_ERROR,temporary_bank_failure,1,2026-07-09 02:56:16.182203
PAY_006763,CUST_00690,33372.87,upi,successful,,,1,2026-06-14 10:12:16.182203
PAY_006764,CUST_01821,20405.61,upi,successful,,,1,2026-05-27 13:49:16.182203
PAY_006765,CUST_01888,20319.65,upi,successful,,,1,2026-05-29 08:17:16.182203
PAY_006766,CUST_00553,28827.96,upi,failed,PROCESSING_TIMEOUT,timeout,1,2026-07-19 23:20:16.182203
PAY_006767,CUST_00617,2504.76,card,successful,,,1,2026-07-04 02:41:16.182203
PAY_006768,CUST_00075,46335.09,upi,successful,,,1,2026-08-18 13:20:16.182203
PAY_006769,CUST_01197,58617.02,upi,successful,,,1,2026-08-18 19:26:16.182203
PAY_006770,CUST_01603,11606.45,upi,successful,,,1,2026-07-16 10:22:16.182203
PAY_006771,CUST_01333,38197.06,upi,successful,,,1,2026-08-01 11:38:16.182203
PAY_006772,CUST_00863,23242.35,upi,successful,,,1,2026-05-28 21:42:16.182203
PAY_006773,CUST_01942,13252.12,card,failed,PROCESSING_TIMEOUT,timeout,1,2026-07-30 17:21:16.183300
PAY_006774,CUST_01531,37091.74,upi,successful,,,1,2026-07-02 05:06:16.183300
PAY_006775,CUST_01815,8039.89,card,successful,,,1,2026-08-06 08:54:16.183300
PAY_006776,CUST_01684,18720.64,card,successful,,,1,2026-08-16 12:28:16.183300
PAY_006777,CUST_01151,18640.98,card,successful,,,1,2026-06-04 17:16:16.183300
PAY_006778,CUST_01754,26110.3,upi,successful,,,1,2026-07-22 16:15:16.183300
PAY_006779,CUST_01034,4592.13,upi,successful,,,2,2026-06-15 02:07:16.183300
PAY_006780,CUST_01034,30269.42,netbanking,successful,,,1,2026-08-18 12:28:16.183300
PAY_006781,CUST_01290,39273.99,card,successful,,,1,2026-06-10 21:22:16.183300
PAY_006782,CUST_01818,92381.01,upi,successful,,,1,2026-05-26 23:27:16.183300
PAY_006783,CUST_01224,93669.29,upi,successful,,,1,2026-08-22 02:53:16.183300
PAY_006784,CUST_00254,35168.22,upi,successful,,,1,2026-08-04 11:27:16.183300
PAY_006785,CUST_00092,4540.8,upi,failed,CARD_BLOCKED,blocked_instrument,1,2026-06-03 07:23:16.183300
PAY_006786,CUST_00845,19625.9,netbanking,successful,,,1,2026-08-15 17:00:16.183300
PAY_006787,CUST_00009,4260.39,upi,successful,,,1,2026-07-09 12:07:16.183300
PAY_006788,CUST_00279,11118.57,card,successful,,,1,2026-06-10 12:23:16.183300
PAY_006789,CUST_00120,30075.71,netbanking,successful,,,1,2026-06-01 16:09:16.183300
PAY_006790,CUST_01741,21764.86,netbanking,successful,,,1,2026-06-17 14:10:16.183300
PAY_006791,CUST_01243,46317.79,upi,successful,,,1,2026-06-08 02:38:16.183300
PAY_006792,CUST_01414,35086.69,upi,failed,UNKNOWN_ERROR,unknown_failure,1,2026-05-28 18:51:16.183300
PAY_006793,CUST_00426,18651.64,upi,successful,,,1,2026-08-05 18:09:16.183300
PAY_006794,CUST_01828,19585.05,upi,failed,NETWORK_TIMEOUT,timeout,1,2026-08-04 22:42:16.183300
PAY_006795,CUST_00782,6801.61,upi,successful,,,1,2026-07-09 10:47:16.183300
PAY_006796,CUST_00737,44020.78,upi,successful,,,1,2026-07-30 18:45:16.183300
PAY_006797,CUST_01014,20306.91,upi,successful,,,1,2026-06-29 16:04:16.183300
PAY_006798,CUST_01333,31408.68,card,successful,,,1,2026-06-05 18:15:16.183300
PAY_006799,CUST_00430,3570.35,upi,successful,,,1,2026-07-06 02:22:16.184396
PAY_006800,CUST_00852,11851.39,card,successful,,,1,2026-06-17 11:52:16.184396
PAY_006801,CUST_01520,5745.48,card,successful,,,1,2026-07-21 06:59:16.184396
PAY_006802,CUST_00885,14705.38,netbanking,failed,FUNDS_NOT_AVAILABLE,insufficient_funds,1,2026-08-25 13:22:16.184396
PAY_006803,CUST_00345,40518.97,upi,failed,CARD_EXPIRED,expired_instrument,1,2026-08-18 13:18:16.184396
PAY_006804,CUST_01533,11670.44,card,successful,,,1,2026-07-06 03:29:16.184396
PAY_006805,CUST_01643,43835.19,card,successful,,,1,2026-08-10 20:45:16.184396
PAY_006806,CUST_00961,6669.72,upi,successful,,,1,2026-07-01 01:35:16.184396
PAY_006807,CUST_01534,29487.56,upi,successful,,,1,2026-07-26 18:41:16.184396
PAY_006808,CUST_00750,6310.78,card,successful,,,1,2026-06-02 21:10:16.184396
PAY_006809,CUST_00488,13567.52,upi,failed,FUNDS_NOT_AVAILABLE,insufficient_funds,1,2026-08-12 02:00:16.184396
PAY_006810,CUST_00144,18127.22,upi,failed,UNSPECIFIED_DECLINE,insufficient_funds,1,2026-06-07 06:50:16.184396
PAY_006811,CUST_01989,35487.64,upi,failed,BANK_SERVICE_UNAVAILABLE,temporary_bank_failure,1,2026-06-01 15:23:16.184396
PAY_006812,CUST_00209,41582.98,card,failed,FUNDS_NOT_AVAILABLE,insufficient_funds,1,2026-05-30 09:09:16.184396
PAY_006813,CUST_01030,48317.08,upi,successful,,,1,2026-07-18 14:04:16.184396
PAY_006814,CUST_01542,22847.08,upi,successful,,,1,2026-06-22 05:47:16.184396
PAY_006815,CUST_01396,14247.17,netbanking,successful,,,1,2026-08-16 18:23:16.184396
PAY_006816,CUST_00280,22662.32,card,successful,,,1,2026-06-05 18:17:16.184396
PAY_006817,CUST_01976,35166.53,card,successful,,,1,2026-06-07 12:00:16.184396
PAY_006818,CUST_01727,29025.12,upi,successful,,,2,2026-06-28 08:45:16.184396
PAY_006819,CUST_01529,11432.19,netbanking,failed,INSUFFICIENT_BALANCE,insufficient_funds,1,2026-08-01 14:19:16.184396
PAY_006820,CUST_00558,9989.78,upi,successful,,,1,2026-08-13 09:57:16.184396
PAY_006821,CUST_01053,18933.73,card,successful,,,1,2026-07-24 00:13:16.184396
PAY_006822,CUST_01516,33640.02,card,successful,,,1,2026-06-12 14:47:16.184396
PAY_006823,CUST_01922,43288.99,upi,successful,,,1,2026-05-28 22:05:16.185492
PAY_006824,CUST_01784,12493.68,upi,failed,BANK_SERVICE_UNAVAILABLE,temporary_bank_failure,1,2026-06-29 17:26:16.185492
PAY_006825,CUST_01128,20941.1,netbanking,successful,,,1,2026-08-06 04:08:16.185492
PAY_006826,CUST_01565,40329.05,card,successful,,,1,2026-08-12 23:06:16.185492
PAY_006827,CUST_00471,32444.74,card,successful,,,1,2026-06-26 06:49:16.185492
PAY_006828,CUST_00625,3665.19,netbanking,successful,,,2,2026-06-19 15:05:16.185492
PAY_006829,CUST_01799,20178.63,upi,successful,,,1,2026-08-17 19:44:16.185492
PAY_006830,CUST_01012,45105.94,netbanking,failed,AUTHENTICATION_FAILED,authentication_failed,1,2026-05-31 18:52:16.185492
PAY_006831,CUST_00313,25527.35,upi,successful,,,1,2026-06-20 13:17:16.185492
PAY_006832,CUST_01254,23790.36,upi,successful,,,1,2026-07-30 19:48:16.185492
PAY_006833,CUST_01100,1209.62,netbanking,successful,,,1,2026-06-21 10:41:16.185492
PAY_006834,CUST_01993,47338.59,upi,successful,,,1,2026-06-30 13:22:16.185492
PAY_006835,CUST_00054,10798.51,card,failed,INSUFFICIENT_BALANCE,insufficient_funds,1,2026-08-12 20:41:16.185492
PAY_006836,CUST_00539,13966.7,netbanking,failed,BANK_TEMPORARY_ERROR,temporary_bank_failure,1,2026-08-24 17:39:16.185492
PAY_006837,CUST_01392,12940.22,upi,failed,AUTHENTICATION_FAILED,authentication_failed,1,2026-08-08 07:07:16.185492
PAY_006838,CUST_00474,2434.38,upi,successful,,,1,2026-07-13 18:27:16.185492
PAY_006839,CUST_00231,5850.74,upi,successful,,,1,2026-08-17 15:55:16.185492
PAY_006840,CUST_01183,47535.04,upi,failed,CUSTOMER_AUTH_FAILED,authentication_failed,1,2026-07-19 10:05:16.185492
PAY_006841,CUST_01124,29377.78,upi,successful,,,1,2026-06-29 22:36:16.185492
PAY_006842,CUST_01347,37182.65,upi,successful,,,2,2026-06-14 16:45:16.185492
PAY_006843,CUST_01353,86203.39,card,successful,,,2,2026-06-05 04:27:16.185492
PAY_006844,CUST_00891,37470.7,upi,failed,FUNDS_NOT_AVAILABLE,insufficient_funds,1,2026-05-30 05:47:16.185492
PAY_006845,CUST_01020,20628.82,upi,successful,,,1,2026-06-15 09:05:16.185492
PAY_006846,CUST_01695,45650.57,upi,failed,INSUFFICIENT_BALANCE,insufficient_funds,2,2026-06-30 00:35:16.185492
PAY_006847,CUST_00836,41058.37,netbanking,successful,,,1,2026-06-21 18:56:16.186589
PAY_006848,CUST_01220,25855.57,card,successful,,,1,2026-07-23 11:10:16.186589
PAY_006849,CUST_01061,7476.0,card,successful,,,1,2026-05-27 16:17:16.186589
PAY_006850,CUST_00374,40677.85,upi,successful,,,1,2026-06-08 19:09:16.186589
PAY_006851,CUST_01847,12911.95,card,successful,,,1,2026-05-30 21:25:16.186589
PAY_006852,CUST_01891,1264.31,card,failed,UNSPECIFIED_DECLINE,authentication_failed,1,2026-05-30 15:25:16.186589
PAY_006853,CUST_01901,20902.17,upi,successful,,,1,2026-08-12 04:19:16.186589
PAY_006854,CUST_01794,17967.29,upi,successful,,,1,2026-07-24 16:57:16.186589
PAY_006855,CUST_00904,24154.37,upi,successful,,,1,2026-06-15 13:35:16.186589
PAY_006856,CUST_01755,26574.19,upi,successful,,,1,2026-06-05 22:14:16.186589
PAY_006857,CUST_01216,17658.87,card,successful,,,1,2026-06-04 09:08:16.186589
PAY_006858,CUST_01231,28490.02,upi,successful,,,1,2026-08-25 16:47:16.186589
PAY_006859,CUST_01086,36814.35,netbanking,successful,,,1,2026-05-30 13:14:16.186589
PAY_006860,CUST_01513,32265.22,netbanking,successful,,,1,2026-06-27 22:23:16.186589
PAY_006861,CUST_01566,19171.33,upi,failed,LIMIT_EXCEEDED,limit_exceeded,1,2026-06-23 17:50:16.186589
PAY_006862,CUST_00118,24965.92,card,successful,,,1,2026-08-07 06:43:16.186589
PAY_006863,CUST_00151,30898.43,upi,successful,,,1,2026-07-25 00:54:16.186589
PAY_006864,CUST_01034,6010.25,upi,successful,,,1,2026-06-02 22:05:16.186589
PAY_006865,CUST_01498,42015.01,upi,successful,,,1,2026-07-19 00:53:16.186589
PAY_006866,CUST_00707,5035.88,upi,successful,,,1,2026-06-12 20:03:16.186589
PAY_006867,CUST_00589,40405.29,netbanking,failed,INSTRUMENT_EXPIRED,expired_instrument,1,2026-08-03 08:57:16.186589
PAY_006868,CUST_01183,22309.29,card,successful,,,1,2026-06-22 14:18:16.186589
PAY_006869,CUST_00502,24079.63,card,failed,FUNDS_NOT_AVAILABLE,insufficient_funds,2,2026-07-18 04:55:16.186589
PAY_006870,CUST_01095,3455.1,card,failed,POLICY_DECLINED,risk_decline,1,2026-06-22 16:32:16.186589
PAY_006871,CUST_00503,24623.6,card,successful,,,1,2026-07-28 14:33:16.186589
PAY_006872,CUST_00117,22768.18,upi,successful,,,1,2026-07-10 11:37:16.187677
PAY_006873,CUST_01214,45868.3,card,successful,,,1,2026-06-27 12:55:16.187677
PAY_006874,CUST_00836,45957.92,upi,successful,,,1,2026-08-18 19:39:16.187677
PAY_006875,CUST_00031,26756.87,upi,successful,,,1,2026-07-06 23:24:16.187677
PAY_006876,CUST_00015,5774.72,card,successful,,,1,2026-08-19 14:09:16.187677
PAY_006877,CUST_00496,35876.97,card,failed,RISK_DECLINED,risk_decline,1,2026-06-23 10:00:16.187677
PAY_006878,CUST_01182,44254.15,upi,successful,,,1,2026-07-13 02:37:16.187677
PAY_006879,CUST_01728,14293.52,upi,failed,FUNDS_NOT_AVAILABLE,insufficient_funds,1,2026-08-25 02:06:16.187677
PAY_006880,CUST_00241,4878.24,upi,failed,CUSTOMER_AUTH_FAILED,authentication_failed,2,2026-08-13 09:37:16.187677
PAY_006881,CUST_01412,6268.05,upi,successful,,,2,2026-06-04 09:55:16.187677
PAY_006882,CUST_00154,32983.78,card,failed,UNSPECIFIED_DECLINE,insufficient_funds,1,2026-06-30 17:00:16.187677
PAY_006883,CUST_00479,30195.28,upi,successful,,,1,2026-06-02 09:14:16.187677
PAY_006884,CUST_01659,24369.06,upi,successful,,,1,2026-06-30 23:01:16.187677
PAY_006885,CUST_01330,26062.94,card,successful,,,1,2026-07-14 21:27:16.187677
PAY_006886,CUST_01153,6258.29,upi,successful,,,1,2026-06-05 10:21:16.187677
PAY_006887,CUST_01238,15907.12,upi,successful,,,1,2026-06-05 14:02:16.187677
PAY_006888,CUST_00198,19141.03,upi,successful,,,1,2026-06-06 15:45:16.187677
PAY_006889,CUST_00640,2205.76,netbanking,failed,PROCESSING_TIMEOUT,timeout,1,2026-06-30 07:25:16.187677
PAY_006890,CUST_01703,31585.05,card,successful,,,1,2026-06-08 06:51:16.187677
PAY_006891,CUST_01178,39586.81,card,successful,,,1,2026-06-10 11:58:16.187677
PAY_006892,CUST_00395,30570.01,card,successful,,,1,2026-05-30 01:42:16.187677
PAY_006893,CUST_01810,99878.7,upi,successful,,,1,2026-07-01 02:36:16.187677
PAY_006894,CUST_01024,4589.44,upi,successful,,,1,2026-06-07 16:46:16.187677
PAY_006895,CUST_00688,27471.44,netbanking,successful,,,1,2026-06-09 04:56:16.187677
PAY_006896,CUST_00287,36465.82,upi,successful,,,1,2026-05-28 09:28:16.187677
PAY_006897,CUST_00510,26880.19,upi,successful,,,1,2026-06-07 04:05:16.188773
PAY_006898,CUST_01529,17523.23,upi,successful,,,1,2026-08-18 09:37:16.188773
PAY_006899,CUST_01030,2200.64,card,successful,,,1,2026-07-24 18:25:16.188773
PAY_006900,CUST_00995,43096.14,upi,successful,,,1,2026-06-13 23:46:16.188773
PAY_006901,CUST_00113,27079.34,netbanking,successful,,,1,2026-07-06 15:27:16.188773
PAY_006902,CUST_00498,8873.11,upi,successful,,,1,2026-05-31 17:01:16.188773
PAY_006903,CUST_00613,40010.83,upi,successful,,,1,2026-08-01 18:04:16.188773
PAY_006904,CUST_00018,22322.18,upi,successful,,,1,2026-07-21 05:20:16.188773
PAY_006905,CUST_01041,15059.73,card,successful,,,1,2026-05-30 10:30:16.188773
PAY_006906,CUST_01352,71683.86,netbanking,successful,,,1,2026-07-24 04:46:16.188773
PAY_006907,CUST_00305,10976.41,upi,failed,CARD_BLOCKED,blocked_instrument,2,2026-07-11 22:57:16.188773
PAY_006908,CUST_00663,13202.8,upi,failed,CARD_EXPIRED,expired_instrument,1,2026-06-26 09:38:16.188773
PAY_006909,CUST_00767,19909.45,netbanking,successful,,,2,2026-06-21 09:47:16.188773
PAY_006910,CUST_01343,3778.92,card,successful,,,1,2026-08-13 13:07:16.188773
PAY_006911,CUST_00468,15377.85,card,successful,,,1,2026-08-18 13:13:16.188773
PAY_006912,CUST_01362,14291.98,netbanking,successful,,,1,2026-06-16 11:31:16.188773
PAY_006913,CUST_00238,18489.92,upi,successful,,,1,2026-05-30 18:11:16.188773
PAY_006914,CUST_00015,49149.54,upi,successful,,,1,2026-07-01 07:16:16.188773
PAY_006915,CUST_01373,7590.15,upi,successful,,,1,2026-05-29 09:37:16.188773
PAY_006916,CUST_00567,4234.69,card,successful,,,1,2026-08-08 16:18:16.188773
PAY_006917,CUST_01046,27205.5,card,successful,,,2,2026-06-22 23:34:16.188773
PAY_006918,CUST_01177,42791.7,upi,successful,,,1,2026-07-18 21:02:16.188773
PAY_006919,CUST_00332,29107.39,upi,successful,,,1,2026-06-12 14:51:16.188773
PAY_006920,CUST_01810,97243.46,upi,failed,BANK_SERVICE_UNAVAILABLE,temporary_bank_failure,1,2026-06-21 13:13:16.188773
PAY_006921,CUST_00689,13570.74,upi,successful,,,1,2026-06-26 15:55:16.188773
PAY_006922,CUST_01672,53663.56,card,successful,,,1,2026-07-23 19:18:16.188773
PAY_006923,CUST_00932,97811.27,upi,successful,,,1,2026-08-24 15:25:16.188773
PAY_006924,CUST_01462,10564.1,card,successful,,,1,2026-05-31 17:18:16.189879
PAY_006925,CUST_01716,37656.5,upi,successful,,,1,2026-07-12 22:21:16.189879
PAY_006926,CUST_00229,48937.44,upi,failed,POLICY_DECLINED,risk_decline,2,2026-06-03 00:53:16.189879
PAY_006927,CUST_01983,46601.09,upi,successful,,,1,2026-07-28 19:01:16.189879
PAY_006928,CUST_00146,90972.69,card,failed,INSTRUMENT_EXPIRED,expired_instrument,2,2026-05-26 21:40:16.189879
PAY_006929,CUST_01246,12335.23,card,successful,,,1,2026-07-02 13:10:16.189879
PAY_006930,CUST_01144,7480.3,upi,successful,,,1,2026-08-09 18:41:16.189879
PAY_006931,CUST_00391,15142.27,upi,successful,,,2,2026-06-05 21:36:16.189879
PAY_006932,CUST_01705,44046.42,upi,successful,,,1,2026-08-12 11:11:16.189879
PAY_006933,CUST_00815,12976.43,netbanking,successful,,,1,2026-08-10 21:21:16.189879
PAY_006934,CUST_00112,34004.93,card,failed,NETWORK_TIMEOUT,timeout,1,2026-08-02 01:08:16.189879
PAY_006935,CUST_01905,8041.97,card,failed,BANK_TEMPORARY_ERROR,temporary_bank_failure,1,2026-06-14 06:13:16.189879
PAY_006936,CUST_01578,44410.06,upi,successful,,,1,2026-06-08 00:29:16.189879
PAY_006937,CUST_01436,37358.79,upi,successful,,,1,2026-07-09 14:23:16.189879
PAY_006938,CUST_01845,85657.67,upi,successful,,,1,2026-07-17 00:53:16.189879
PAY_006939,CUST_00121,14897.45,upi,failed,INSUFFICIENT_BALANCE,insufficient_funds,1,2026-07-14 20:28:16.189879
PAY_006940,CUST_00088,8838.52,card,successful,,,1,2026-06-18 03:45:16.189879
PAY_006941,CUST_01680,4698.97,upi,failed,AUTHENTICATION_FAILED,authentication_failed,1,2026-07-22 08:09:16.189879
PAY_006942,CUST_00316,13027.73,card,successful,,,1,2026-06-19 01:37:16.189879
PAY_006943,CUST_00127,18103.15,upi,successful,,,2,2026-06-04 21:20:16.189879
PAY_006944,CUST_00358,17153.7,card,successful,,,1,2026-06-02 12:48:16.189879
PAY_006945,CUST_00847,42821.94,upi,failed,INSTRUMENT_BLOCKED,blocked_instrument,1,2026-06-02 21:24:16.189879
PAY_006946,CUST_00941,15622.03,netbanking,successful,,,1,2026-06-16 13:55:16.189879
PAY_006947,CUST_01366,11041.74,upi,successful,,,1,2026-08-21 11:23:16.189879
PAY_006948,CUST_01413,48367.86,upi,successful,,,1,2026-08-06 00:56:16.190976
PAY_006949,CUST_01808,12688.53,card,successful,,,3,2026-06-22 18:07:16.190976
PAY_006950,CUST_00405,17542.31,upi,failed,PROCESSING_TIMEOUT,timeout,1,2026-05-29 21:46:16.190976
PAY_006951,CUST_00110,11484.5,card,successful,,,1,2026-06-27 17:30:16.190976
PAY_006952,CUST_00502,42282.88,upi,successful,,,1,2026-06-30 21:40:16.190976
PAY_006953,CUST_00120,35664.83,upi,successful,,,1,2026-08-19 01:47:16.190976
PAY_006954,CUST_00300,33007.68,upi,successful,,,1,2026-06-09 09:15:16.190976
PAY_006955,CUST_01683,14017.17,upi,successful,,,1,2026-06-07 15:58:16.190976
PAY_006956,CUST_00247,10795.69,upi,successful,,,1,2026-06-28 00:37:16.190976
PAY_006957,CUST_00928,20435.56,upi,failed,CUSTOMER_AUTH_FAILED,authentication_failed,1,2026-06-17 15:56:16.190976
PAY_006958,CUST_01601,69683.82,card,successful,,,1,2026-08-23 11:44:16.190976
PAY_006959,CUST_00176,35638.61,upi,successful,,,1,2026-07-19 10:26:16.190976
PAY_006960,CUST_01301,30064.22,upi,failed,FUNDS_NOT_AVAILABLE,insufficient_funds,1,2026-07-24 21:14:16.190976
PAY_006961,CUST_00993,27935.09,card,failed,INSUFFICIENT_BALANCE,insufficient_funds,2,2026-07-16 10:06:16.190976
PAY_006962,CUST_01677,39308.68,card,successful,,,1,2026-06-20 12:12:16.190976
PAY_006963,CUST_00374,44773.45,card,successful,,,1,2026-08-05 11:30:16.190976
PAY_006964,CUST_00082,30959.56,card,successful,,,1,2026-07-20 12:00:16.190976
PAY_006965,CUST_01396,7228.65,card,successful,,,2,2026-07-09 07:41:16.190976
PAY_006966,CUST_01287,11487.37,netbanking,successful,,,2,2026-07-09 16:56:16.190976
PAY_006967,CUST_01368,41354.03,card,successful,,,1,2026-07-30 16:44:16.190976
PAY_006968,CUST_01700,8349.51,netbanking,successful,,,1,2026-06-04 17:32:16.190976
PAY_006969,CUST_01183,1889.92,upi,successful,,,2,2026-06-27 10:00:16.190976
PAY_006970,CUST_01283,34029.64,upi,successful,,,3,2026-07-12 11:26:16.190976
PAY_006971,CUST_01990,43331.22,upi,failed,UNKNOWN_ERROR,unknown_failure,1,2026-07-22 14:05:16.190976
PAY_006972,CUST_01476,39441.61,upi,successful,,,2,2026-08-06 08:56:16.190976
PAY_006973,CUST_00473,53673.35,card,successful,,,1,2026-08-06 16:59:16.192076
PAY_006974,CUST_00314,34120.66,upi,successful,,,1,2026-06-05 06:54:16.192076
PAY_006975,CUST_01016,33009.96,card,successful,,,2,2026-05-31 02:07:16.192076
PAY_006976,CUST_01594,10234.13,netbanking,successful,,,1,2026-05-27 17:45:16.192076
PAY_006977,CUST_01974,22648.24,upi,successful,,,1,2026-08-14 21:11:16.192076
PAY_006978,CUST_01068,24674.12,card,failed,BANK_TEMPORARY_ERROR,temporary_bank_failure,1,2026-08-05 18:27:16.192076
PAY_006979,CUST_00184,6297.95,upi,successful,,,1,2026-08-04 05:03:16.192076
PAY_006980,CUST_01659,39080.88,upi,failed,,expired_instrument,1,2026-08-10 05:21:16.192076
PAY_006981,CUST_00024,21922.84,netbanking,successful,,,1,2026-08-25 17:16:16.192076
PAY_006982,CUST_01471,36948.22,upi,successful,,,1,2026-06-08 06:37:16.192076
PAY_006983,CUST_00850,26477.68,upi,successful,,,1,2026-06-02 07:03:16.192076
PAY_006984,CUST_01085,8695.18,upi,failed,UNKNOWN_ERROR,unknown_failure,1,2026-06-21 02:29:16.192076
PAY_006985,CUST_01605,13980.67,card,successful,,,1,2026-06-30 04:06:16.192076
PAY_006986,CUST_01035,6779.59,upi,successful,,,1,2026-08-22 19:59:16.192076
PAY_006987,CUST_01005,7629.81,upi,successful,,,1,2026-07-12 07:23:16.192076
PAY_006988,CUST_01443,20236.44,upi,successful,,,1,2026-06-10 18:01:16.192076
PAY_006989,CUST_01947,4436.62,card,successful,,,1,2026-08-04 19:04:16.192076
PAY_006990,CUST_01964,27361.08,card,failed,NETWORK_TIMEOUT,timeout,1,2026-08-05 21:00:16.192076
PAY_006991,CUST_01309,33127.89,upi,failed,NETWORK_TIMEOUT,timeout,2,2026-06-10 04:18:16.192076
PAY_006992,CUST_00605,42763.76,netbanking,successful,,,1,2026-08-02 02:44:16.192076
PAY_006993,CUST_00278,33171.73,upi,successful,,,1,2026-07-28 16:42:16.192076
PAY_006994,CUST_01238,14418.54,upi,successful,,,2,2026-05-28 03:17:16.192076
PAY_006995,CUST_01021,10239.79,upi,successful,,,2,2026-07-11 16:33:16.192076
PAY_006996,CUST_00980,9449.31,upi,successful,,,1,2026-07-15 02:57:16.192076
PAY_006997,CUST_00747,21998.41,netbanking,failed,BANK_SERVICE_UNAVAILABLE,temporary_bank_failure,1,2026-08-10 14:27:16.193165
PAY_006998,CUST_00959,65996.93,upi,successful,,,1,2026-06-04 21:42:16.193165
PAY_006999,CUST_00132,44798.69,card,successful,,,1,2026-06-22 13:27:16.193165
PAY_007000,CUST_01385,16851.0,upi,failed,FUNDS_NOT_AVAILABLE,insufficient_funds,1,2026-08-13 00:52:16.193165
